event,series,method,window,CAR,t,sig
ukraine,AUD,const_mean,"(-1,1)",0.0023419641773076514,0.24971858198628993,
ukraine,AUD,const_mean,"(0,1)",0.00022368605102550052,0.029211586495967393,
ukraine,AUD,const_mean,"(0,5)",0.013786225371119004,1.0394437407168235,
ukraine,AUD,const_mean,"(0,10)",0.01822629643331646,1.0149235421021978,
ukraine,AUD,const_mean,"(0,20)",0.04019142339288466,1.6197760733957711,
ukraine,AUD,market_model,"(-1,1)",0.00971258657552886,1.5724779465078051,
ukraine,AUD,market_model,"(0,1)",0.007309098511214784,1.44930271283373,
ukraine,AUD,market_model,"(0,5)",0.029523968135003877,3.379943109594389,***
ukraine,AUD,market_model,"(0,10)",0.04007328936754177,3.388199215142045,***
ukraine,AUD,market_model,"(0,20)",0.048511104455908824,2.968532463309077,***
ukraine,BRL,const_mean,"(-1,1)",-0.02025006863394089,-1.2750944997276266,
ukraine,BRL,const_mean,"(0,1)",-0.029930178761218895,-2.308186056114035,**
ukraine,BRL,const_mean,"(0,5)",-0.004211944328982822,-0.18753550285870424,
ukraine,BRL,const_mean,"(0,10)",0.00014236414594219352,0.004681454262526596,
ukraine,BRL,const_mean,"(0,20)",0.0380073943934099,0.9045549411213588,
ukraine,BRL,market_model,"(-1,1)",-0.013114420452594413,-0.9147597041189619,
ukraine,BRL,market_model,"(0,1)",-0.02307064807248886,-1.9708943570653583,**
ukraine,BRL,market_model,"(0,5)",0.011024081811593247,0.543732574419243,
ukraine,BRL,market_model,"(0,10)",0.021292878576937416,0.7756335469159975,
ukraine,BRL,market_model,"(0,20)",0.04606184540708254,1.2143677791916705,
ukraine,CAD,const_mean,"(-1,1)",0.005066613756839872,0.7035833810471633,
ukraine,CAD,const_mean,"(0,1)",0.002111554286586448,0.35912501367373145,
ukraine,CAD,const_mean,"(0,5)",0.004412866441161345,0.4333148374154631,
ukraine,CAD,const_mean,"(0,10)",-0.0023138032650027334,-0.16779866027497323,
ukraine,CAD,const_mean,"(0,20)",0.01747284667123011,0.9170909770086912,
ukraine,CAD,market_model,"(-1,1)",0.009816633038370527,1.7582475613681054,*
ukraine,CAD,market_model,"(0,1)",0.006677769184750135,1.464854536280126,
ukraine,CAD,market_model,"(0,5)",0.014555101050041002,1.8433919819633364,*
ukraine,CAD,market_model,"(0,10)",0.01176555558345469,1.1005105030865319,
ukraine,CAD,market_model,"(0,20)",0.02283448960047411,1.5458229676444173,
ukraine,CHF,const_mean,"(-1,1)",-0.003716337207228977,-0.5281338824726405,
ukraine,CHF,const_mean,"(0,1)",-0.0072377298799485516,-1.2597283911505337,
ukraine,CHF,const_mean,"(0,5)",0.0016716281887670468,0.16797846385609363,
ukraine,CHF,const_mean,"(0,10)",-0.011808361014869281,-0.876360559991728,
ukraine,CHF,const_mean,"(0,20)",-0.011106974170608033,-0.5965895735559276,
ukraine,CHF,market_model,"(-1,1)",0.00035775860685294085,0.061087119210803204,
ukraine,CHF,market_model,"(0,1)",-0.003321283250954565,-0.6945621279553741,
ukraine,CHF,market_model,"(0,5)",0.010370631943580899,1.2521310282254088,
ukraine,CHF,market_model,"(0,10)",0.0002675177447162189,0.02385483590504161,
ukraine,CHF,market_model,"(0,20)",-0.006508288203254259,-0.4200270987062383,
ukraine,CLP,const_mean,"(-1,1)",-0.010963492934032502,-0.7414915743940204,
ukraine,CLP,const_mean,"(0,1)",-0.013214150455324168,-1.0945665105981366,
ukraine,CLP,const_mean,"(0,5)",-0.004400561912518704,-0.2104507206135526,
ukraine,CLP,const_mean,"(0,10)",-0.010222573968312477,-0.36106203529235154,
ukraine,CLP,const_mean,"(0,20)",0.009041080024830284,0.23111523385573585,
ukraine,CLP,market_model,"(-1,1)",-0.005052575831056335,-0.3698895733273625,
ukraine,CLP,market_model,"(0,1)",-0.007531959260360672,-0.6753250211403978,
ukraine,CLP,market_model,"(0,5)",0.008220420121201628,0.42553791838870914,
ukraine,CLP,market_model,"(0,10)",0.007297759757463103,0.2790057129889291,
ukraine,CLP,market_model,"(0,20)",0.015713100707724657,0.43478256766663714,
ukraine,CNY,const_mean,"(-1,1)",0.0009902480935833494,0.3488141496133233,
ukraine,CNY,const_mean,"(0,1)",-0.000689974815226267,-0.2976658050865791,
ukraine,CNY,const_mean,"(0,5)",-0.0016976972642813017,-0.42285875787728733,
ukraine,CNY,const_mean,"(0,10)",-0.002709976942762358,-0.49851698449130705,
ukraine,CNY,const_mean,"(0,20)",-0.011407221718430694,-1.5187312932517363,
ukraine,CNY,market_model,"(-1,1)",0.002249895887463562,0.8754585768092329,
ukraine,CNY,market_model,"(0,1)",0.0005209302741950481,0.24825523022841267,
ukraine,CNY,market_model,"(0,5)",0.0009919009653018747,0.2729144274871001,
ukraine,CNY,market_model,"(0,10)",0.0010236991249676828,0.2080222535189052,
ukraine,CNY,market_model,"(0,20)",-0.009985378713780973,-1.4685498758045956,
ukraine,COP,const_mean,"(-1,1)",0.004659887929802504,0.45971719289492935,
ukraine,COP,const_mean,"(0,1)",0.00017054325759643593,0.020606083624463544,
ukraine,COP,const_mean,"(0,5)",0.0409598861754,2.8573208968577055,***
ukraine,COP,const_mean,"(0,10)",0.025227409999757436,1.2997272498810277,
ukraine,COP,const_mean,"(0,20)",0.03596977027397241,1.3412320361245351,
ukraine,COP,market_model,"(-1,1)",0.007979180777239008,0.8289797193149268,
ukraine,COP,market_model,"(0,1)",0.0033613944000887752,0.4277112789557116,
ukraine,COP,market_model,"(0,5)",0.048047235678416955,3.529709872579193,***
ukraine,COP,market_model,"(0,10)",0.03506600482481194,1.9025504168081084,*
ukraine,COP,market_model,"(0,20)",0.03971646307051476,1.5595781674931468,
ukraine,CZK,const_mean,"(-1,1)",-0.013405813809744978,-1.715713816869945,*
ukraine,CZK,const_mean,"(0,1)",-0.009240357311149552,-1.4483918087378718,
ukraine,CZK,const_mean,"(0,5)",-0.06890017260883437,-6.235294600243217,***
ukraine,CZK,const_mean,"(0,10)",-0.053494508490346995,-3.5754042477141974,***
ukraine,CZK,const_mean,"(0,20)",-0.03614523733217826,-1.7484520480524066,*
ukraine,CZK,market_model,"(-1,1)",-0.0075735967539870995,-1.385793150713051,
ukraine,CZK,market_model,"(0,1)",-0.003633820825524105,-0.8143392573525703,
ukraine,CZK,market_model,"(0,5)",-0.056447230807228736,-7.303379629187324,***
ukraine,CZK,market_model,"(0,10)",-0.03620744670316863,-3.459859136086134,***
ukraine,CZK,market_model,"(0,20)",-0.029562050299568172,-2.044474810720922,**
ukraine,DKK,const_mean,"(-1,1)",-0.004204494343151909,-0.6439169185164736,
ukraine,DKK,const_mean,"(0,1)",-0.0027191913001133727,-0.5100367329028573,
ukraine,DKK,const_mean,"(0,5)",-0.01995404883193892,-2.1608871972994286,**
ukraine,DKK,const_mean,"(0,10)",-0.0260451915165753,-2.08308937416481,**
ukraine,DKK,const_mean,"(0,20)",-0.022426002609254474,-1.298132167791672,
ukraine,DKK,market_model,"(-1,1)",0.0003075333558788362,0.06281249025871107,
ukraine,DKK,market_model,"(0,1)",0.0016182412194452218,0.4048020219553963,
ukraine,DKK,market_model,"(0,5)",-0.010319973521283166,-1.4904498563527029,
ukraine,DKK,market_model,"(0,10)",-0.01267125483470932,-1.351567357554685,
ukraine,DKK,market_model,"(0,20)",-0.01733299561807745,-1.3380686375735082,
ukraine,EUR,const_mean,"(-1,1)",-0.00433933433989056,-0.6658923438843417,
ukraine,EUR,const_mean,"(0,1)",-0.003219986832798307,-0.6051745190179677,
ukraine,EUR,const_mean,"(0,5)",-0.02039798783462602,-2.2133660235278874,**
ukraine,EUR,const_mean,"(0,10)",-0.026494317108386983,-2.123234308690697,**
ukraine,EUR,const_mean,"(0,20)",-0.022901895884996727,-1.3283218738497273,
ukraine,EUR,market_model,"(-1,1)",0.00016937805737215973,0.0346977682680895,
ukraine,EUR,market_model,"(0,1)",0.0011142586722603827,0.27956065354378695,
ukraine,EUR,market_model,"(0,5)",-0.010770991351726036,-1.56021724570553,
ukraine,EUR,market_model,"(0,10)",-0.01313020719153319,-1.404689249517439,
ukraine,EUR,market_model,"(0,20)",-0.01781263108163607,-1.379187930650109,
ukraine,GBP,const_mean,"(-1,1)",-0.012883857401561914,-1.9486191947338212,*
ukraine,GBP,const_mean,"(0,1)",-0.009889461770191676,-1.8318898328517854,*
ukraine,GBP,const_mean,"(0,5)",-0.013595586660920225,-1.4539987108954997,
ukraine,GBP,const_mean,"(0,10)",-0.03291416345929318,-2.599729565369829,***
ukraine,GBP,const_mean,"(0,20)",-0.023801292372477658,-1.3606066398253847,
ukraine,GBP,market_model,"(-1,1)",-0.008298674916702796,-1.6785796651123246,*
ukraine,GBP,market_model,"(0,1)",-0.005481705226008523,-1.3579835615550424,
ukraine,GBP,market_model,"(0,5)",-0.0038053113526100176,-0.5442624899811072,
ukraine,GBP,market_model,"(0,10)",-0.019323391345797573,-2.041177815409159,**
ukraine,GBP,market_model,"(0,20)",-0.018625711013297085,-1.4239575599657304,
ukraine,HKD,const_mean,"(-1,1)",-0.000798793498277935,-1.3763230808052205,
ukraine,HKD,const_mean,"(0,1)",-0.0004085935889033608,-0.8622298408153035,
ukraine,HKD,const_mean,"(0,5)",-0.0013659928240848575,-1.6642527826393982,*
ukraine,HKD,const_mean,"(0,10)",-0.0022258823733228737,-2.0028681797330874,**
ukraine,HKD,const_mean,"(0,20)",-0.0021616455288948305,-1.407736368533511,
ukraine,HKD,market_model,"(-1,1)",-0.0006721806412245708,-1.1842922205583766,
ukraine,HKD,market_model,"(0,1)",-0.0002868800799868582,-0.6190402655218387,
ukraine,HKD,market_model,"(0,5)",-0.0010956492265906679,-1.3649898264216118,
ukraine,HKD,market_model,"(0,10)",-0.0018505938231870686,-1.7027397274040796,*
ukraine,HKD,market_model,"(0,20)",-0.002018729702761005,-1.3443180469758205,
ukraine,HUF,const_mean,"(-1,1)",-0.03057112180864022,-2.8440319396553626,***
ukraine,HUF,const_mean,"(0,1)",-0.01238815870290028,-1.411482454018955,
ukraine,HUF,const_mean,"(0,5)",-0.07160063889632085,-4.7100443191884285,***
ukraine,HUF,const_mean,"(0,10)",-0.07682677342411963,-3.7325013436919514,***
ukraine,HUF,const_mean,"(0,20)",-0.05792051251666595,-2.0366034260793078,**
ukraine,HUF,market_model,"(-1,1)",-0.02298414165039646,-2.9009195615957037,***
ukraine,HUF,market_model,"(0,1)",-0.005094760554949755,-0.7875475854159961,
ukraine,HUF,market_model,"(0,5)",-0.055400929342083634,-4.944352769863495,***
ukraine,HUF,market_model,"(0,10)",-0.0543384823472004,-3.5816173602089485,***
ukraine,HUF,market_model,"(0,20)",-0.049356614959885144,-2.354527372834623,**
ukraine,IDR,const_mean,"(-1,1)",-0.0003131966819962229,-0.08906656798287756,
ukraine,IDR,const_mean,"(0,1)",-0.0021017963504649487,-0.7320383416822659,
ukraine,IDR,const_mean,"(0,5)",-0.003550890730608046,-0.7140356175260204,
ukraine,IDR,const_mean,"(0,10)",0.003763497268499815,0.5589248968582294,
ukraine,IDR,const_mean,"(0,20)",-0.0012886430731958265,-0.1385100190618204,
ukraine,IDR,market_model,"(-1,1)",0.0008487711025977644,0.2544434998591623,
ukraine,IDR,market_model,"(0,1)",-0.0009847914932784383,-0.36156858826767846,
ukraine,IDR,market_model,"(0,5)",-0.0010698587219306493,-0.2267838946362293,
ukraine,IDR,market_model,"(0,10)",0.007207643584548881,1.128387751077294,
ukraine,IDR,market_model,"(0,20)",2.29424145729906e-05,0.0025995063270778324,
ukraine,ILS,const_mean,"(-1,1)",-0.0009448695940199271,-0.11765627370875523,
ukraine,ILS,const_mean,"(0,1)",0.0019703342395043155,0.3004891187494437,
ukraine,ILS,const_mean,"(0,5)",-0.00445856520299045,-0.39257563383550076,
ukraine,ILS,const_mean,"(0,10)",-0.010257784346101558,-0.6670541115483303,
ukraine,ILS,const_mean,"(0,20)",0.0035501515829429206,0.16708639653619578,
ukraine,ILS,market_model,"(-1,1)",0.0024158689062161497,0.3283366714351872,
ukraine,ILS,market_model,"(0,1)",0.005201027274431362,0.8657266518640506,
ukraine,ILS,market_model,"(0,5)",0.0027172790006366344,0.26113510661266837,
ukraine,ILS,market_model,"(0,10)",-0.000296341973723905,-0.02103310940313269,
ukraine,ILS,market_model,"(0,20)",0.007343626671958212,0.37723119333166377,
ukraine,INR,const_mean,"(-1,1)",-0.00571405698319815,-1.2397945922998932,
ukraine,INR,const_mean,"(0,1)",-0.005657066835038967,-1.503287720304414,
ukraine,INR,const_mean,"(0,5)",-0.0172065790139313,-2.639883162160914,***
ukraine,INR,const_mean,"(0,10)",-0.021280487038488317,-2.4112987373108346,**
ukraine,INR,const_mean,"(0,20)",-0.02044501020345205,-1.6766541271258413,*
ukraine,INR,market_model,"(-1,1)",-0.003025837458437825,-0.791444992752276,
ukraine,INR,market_model,"(0,1)",-0.0030728693158365624,-0.9843847140698294,
ukraine,INR,market_model,"(0,5)",-0.01146669639781181,-2.120793857723736,**
ukraine,INR,market_model,"(0,10)",-0.013312433624537975,-1.8184312283907502,*
ukraine,INR,market_model,"(0,20)",-0.01741064921396522,-1.721238637608329,*
ukraine,JPY,const_mean,"(-1,1)",-0.0030289841045497462,-0.4802012829162763,
ukraine,JPY,const_mean,"(0,1)",-0.004304851471616064,-0.8358534185997376,
ukraine,JPY,const_mean,"(0,5)",-0.0017263686744076923,-0.19352847343442592,
ukraine,JPY,const_mean,"(0,10)",-0.005479389142658603,-0.4536519179838762,
ukraine,JPY,const_mean,"(0,20)",-0.05350533765478362,-3.2060804126594338,***
ukraine,JPY,market_model,"(-1,1)",-0.0014465436890649407,-0.2362451629615153,
ukraine,JPY,market_model,"(0,1)",-0.002783644383312496,-0.5567891353362046,
ukraine,JPY,market_model,"(0,5)",0.001652455914962835,0.19082982608158885,
ukraine,JPY,market_model,"(0,10)",-0.0007889352422834495,-0.06728790577929851,
ukraine,JPY,market_model,"(0,20)",-0.05171913849184044,-3.1925200420313637,***
ukraine,KRW,const_mean,"(-1,1)",-0.0034558616538607374,-0.5684949769133156,
ukraine,KRW,const_mean,"(0,1)",-0.004025082209382025,-0.8109436320494722,
ukraine,KRW,const_mean,"(0,5)",-0.010703912931701679,-1.2450817095769109,
ukraine,KRW,const_mean,"(0,10)",-0.027625270039955338,-2.3732369428964564,**
ukraine,KRW,const_mean,"(0,20)",-0.019116315426135178,-1.1885718801870644,
ukraine,KRW,market_model,"(-1,1)",0.0007640149362464846,0.1682154214033844,
ukraine,KRW,market_model,"(0,1)",3.1504135242358886e-05,0.008495269320401747,
ukraine,KRW,market_model,"(0,5)",-0.001693638265280758,-0.2636754029985996,
ukraine,KRW,market_model,"(0,10)",-0.01511728780094871,-1.7382095228408765,*
ukraine,KRW,market_model,"(0,20)",-0.014353077607374195,-1.1944279899834922,
ukraine,KWD,const_mean,"(-1,1)",-0.0014444980758304626,-1.5205179948240513,
ukraine,KWD,const_mean,"(0,1)",-0.0018109961870801418,-2.334735904078711,**
ukraine,KWD,const_mean,"(0,5)",-0.0022611616402369826,-1.683027483383385,*
ukraine,KWD,const_mean,"(0,10)",-0.0035646322363911877,-1.959537646941557,*
ukraine,KWD,const_mean,"(0,20)",-0.004883592674499098,-1.9429651465511695,*
ukraine,KWD,market_model,"(-1,1)",-0.0011530470759356947,-1.2697445084423409,
ukraine,KWD,market_model,"(0,1)",-0.0015308230301039573,-2.0646190071841035,**
ukraine,KWD,market_model,"(0,5)",-0.0016388558678333055,-1.2761304366323465,
ukraine,KWD,market_model,"(0,10)",-0.0027007529611605694,-1.553168057114364,
ukraine,KWD,market_model,"(0,20)",-0.004554613758795976,-1.8957097256607378,*
ukraine,MXN,const_mean,"(-1,1)",-0.002011106126981523,-0.2004442725762595,
ukraine,MXN,const_mean,"(0,1)",-0.005367137811996915,-0.6551594936785191,
ukraine,MXN,const_mean,"(0,5)",-0.018961946137839244,-1.3363695550325767,
ukraine,MXN,const_mean,"(0,10)",-0.03289863978705779,-1.7123829273488123,*
ukraine,MXN,const_mean,"(0,20)",0.009421035279780741,0.35490185751454734,
ukraine,MXN,market_model,"(-1,1)",0.004399386523163283,0.5543051336446272,
ukraine,MXN,market_model,"(0,1)",0.0007952976032604871,0.12272472959802926,
ukraine,MXN,market_model,"(0,5)",-0.005274271085851625,-0.46989868610169633,
ukraine,MXN,market_model,"(0,10)",-0.013897532408878172,-0.9144474663780323,
ukraine,MXN,market_model,"(0,20)",0.016656958031560358,0.793237892842699,
ukraine,MYR,const_mean,"(-1,1)",-0.0035790373819566826,-0.9351059748572896,
ukraine,MYR,const_mean,"(0,1)",-0.003538809645087355,-1.132393660151398,
ukraine,MYR,const_mean,"(0,5)",-0.0004802579655917658,-0.08872666879858367,
ukraine,MYR,const_mean,"(0,10)",-0.0009202311387734026,-0.12556130102046148,
ukraine,MYR,const_mean,"(0,20)",-0.010533686396240478,-1.040221826279476,
ukraine,MYR,market_model,"(-1,1)",-0.002357660229960777,-0.6469304483103361,
ukraine,MYR,market_model,"(0,1)",-0.002364694295828547,-0.7946886450901628,
ukraine,MYR,market_model,"(0,5)",0.00212762484230201,0.41281591221492475,
ukraine,MYR,market_model,"(0,10)",0.002700008315647494,0.3869062638894845,
ukraine,MYR,market_model,"(0,20)",-0.009155041851280065,-0.9494840822011094,
ukraine,NOK,const_mean,"(-1,1)",0.007564400517178726,0.646814743074014,
ukraine,NOK,const_mean,"(0,1)",0.006519511040435284,0.6827568237781458,
ukraine,NOK,const_mean,"(0,5)",-0.0021970322856244458,-0.13283937874853122,
ukraine,NOK,const_mean,"(0,10)",-0.006921077490007437,-0.3090604205557677,
ukraine,NOK,const_mean,"(0,20)",0.025114234101284084,0.8116640540478551,
ukraine,NOK,market_model,"(-1,1)",0.016908425233305224,2.244973522859151,**
ukraine,NOK,market_model,"(0,1)",0.015501964024044542,2.520811759057214,**
ukraine,NOK,market_model,"(0,5)",0.017754316381656424,1.66685191666974,*
ukraine,NOK,market_model,"(0,10)",0.020775205255355866,1.4405146183933768,
ukraine,NOK,market_model,"(0,20)",0.03566141740319201,1.7896068876654787,*
ukraine,NZD,const_mean,"(-1,1)",0.0015128868574447738,0.1671294949428364,
ukraine,NZD,const_mean,"(0,1)",-0.004913864468512251,-0.6648374177020703,
ukraine,NZD,const_mean,"(0,5)",0.006259771150549947,0.48897888851031013,
ukraine,NZD,const_mean,"(0,10)",0.01711247921881237,0.9872425591388188,
ukraine,NZD,const_mean,"(0,20)",0.03534957413250401,1.4759845676587617,
ukraine,NZD,market_model,"(-1,1)",0.00867986915897493,1.4702787989446215,
ukraine,NZD,market_model,"(0,1)",0.001975787850873027,0.40989484489025624,
ukraine,NZD,market_model,"(0,5)",0.02156270186126142,2.582704364883902,***
ukraine,NZD,market_model,"(0,10)",0.03835586997222212,3.392990461068264,***
ukraine,NZD,market_model,"(0,20)",0.0434393939213267,2.7811297670107917,***
ukraine,PEN,const_mean,"(-1,1)",-0.02309432736577275,-3.3078456079032845,***
ukraine,PEN,const_mean,"(0,1)",-0.018925058275293533,-3.3198829211492096,***
ukraine,PEN,const_mean,"(0,5)",-0.003072775345704098,-0.31121156315008874,
ukraine,PEN,const_mean,"(0,10)",-0.0006262887774067796,-0.04684668101466685,
ukraine,PEN,const_mean,"(0,20)",-0.013734884932327548,-0.7435598283672369,
ukraine,PEN,market_model,"(-1,1)",-0.021112152585062247,-3.142263012121055,***
ukraine,PEN,market_model,"(0,1)",-0.017019584743925464,-3.1024486817587285,***
ukraine,PEN,market_model,"(0,5)",0.0011595615081564674,0.12203623763175106,
ukraine,PEN,market_model,"(0,10)",0.005249003170669797,0.4079915206589807,
ukraine,PEN,market_model,"(0,20)",-0.011497480667707895,-0.6467905787786002,
ukraine,PLN,const_mean,"(-1,1)",-0.02357467661726646,-2.660411005835616,***
ukraine,PLN,const_mean,"(0,1)",-0.01353777854155424,-1.871095811731122,*
ukraine,PLN,const_mean,"(0,5)",-0.06944985366587832,-5.54190821708184,***
ukraine,PLN,const_mean,"(0,10)",-0.0712940624363952,-4.201657411338764,***
ukraine,PLN,const_mean,"(0,20)",-0.0657673390010802,-2.8052026599489794,***
ukraine,PLN,market_model,"(-1,1)",-0.017177348072831677,-2.6825452837245454,***
ukraine,PLN,market_model,"(0,1)",-0.007387997840320384,-1.4130688904763378,
ukraine,PLN,market_model,"(0,5)",-0.055790286594219585,-6.160763543850758,***
ukraine,PLN,market_model,"(0,10)",-0.05233197430365975,-4.267979749772285,***
ukraine,PLN,market_model,"(0,20)",-0.05854627539620436,-3.455741092007793,***
ukraine,SAR,const_mean,"(-1,1)",0.00011528257388931064,0.6774238661401232,
ukraine,SAR,const_mean,"(0,1)",0.0001390473008423485,1.0007025838544699,
ukraine,SAR,const_mean,"(0,5)",4.398128874037392e-05,0.18274680038128416,
ukraine,SAR,const_mean,"(0,10)",0.000165040023140352,0.5064661093103939,
ukraine,SAR,const_mean,"(0,20)",0.0003005505274981063,0.6675215691446126,
ukraine,SAR,market_model,"(-1,1)",0.00011404072934825635,0.6701428927844856,
ukraine,SAR,market_model,"(0,1)",0.00013785351009993745,0.9921352684074025,
ukraine,SAR,market_model,"(0,5)",4.132970399163361e-05,0.1717333836361357,
ukraine,SAR,market_model,"(0,10)",0.00016135911704477358,0.49518242622020764,
ukraine,SAR,market_model,"(0,20)",0.0002991487801349633,0.6644245119467724,
ukraine,SEK,const_mean,"(-1,1)",-0.004291212071930405,-0.4278471108558573,
ukraine,SEK,const_mean,"(0,1)",-1.6382302133202686e-05,-0.002000456842743669,
ukraine,SEK,const_mean,"(0,5)",-0.033905066085641505,-2.390331986702774,**
ukraine,SEK,const_mean,"(0,10)",-0.027520399175092816,-1.4329387904676403,
ukraine,SEK,const_mean,"(0,20)",0.00564464284034346,0.21271399944521607,
ukraine,SEK,market_model,"(-1,1)",0.0035635185343835894,0.5370060622585386,
ukraine,SEK,market_model,"(0,1)",0.007534405555733261,1.3905761913591768,
ukraine,SEK,market_model,"(0,5)",-0.01713365614451958,-1.8257243819897948,*
ukraine,SEK,market_model,"(0,10)",-0.0042384787638940465,-0.33356038223619927,
ukraine,SEK,market_model,"(0,20)",0.014510767022241279,0.8264974459424547,
ukraine,SGD,const_mean,"(-1,1)",-0.00636565217355114,-1.7416024932469296,*
ukraine,SGD,const_mean,"(0,1)",-0.00540235296765046,-1.8102340037688662,*
ukraine,SGD,const_mean,"(0,5)",-0.00775564038708338,-1.500406023114703,
ukraine,SGD,const_mean,"(0,10)",-0.010139616726282882,-1.4487450232867134,
ukraine,SGD,const_mean,"(0,20)",-0.00956862075795088,-0.9894787124880587,
ukraine,SGD,market_model,"(-1,1)",-0.003180292147635704,-1.5788431575000508,
ukraine,SGD,market_model,"(0,1)",-0.0023402520488383757,-1.4229191885078947,
ukraine,SGD,market_model,"(0,5)",-0.0009542640595812373,-0.3349851398056305,
ukraine,SGD,market_model,"(0,10)",-0.0006980072909748161,-0.18096567878892933,
ukraine,SGD,market_model,"(0,20)",-0.005973106287840669,-1.1207872844947409,
ukraine,THB,const_mean,"(-1,1)",-0.0009971442983822054,-0.13939629944383014,
ukraine,THB,const_mean,"(0,1)",-0.005918891043350304,-1.0133960550195178,
ukraine,THB,const_mean,"(0,5)",-0.010012491847927109,-0.9897383809095183,
ukraine,THB,const_mean,"(0,10)",-0.026567052862200617,-1.9395496392209468,*
ukraine,THB,const_mean,"(0,20)",-0.038511787268157245,-2.0348757129421804,**
ukraine,THB,market_model,"(-1,1)",0.0025036319667086906,0.3961836994606278,
ukraine,THB,market_model,"(0,1)",-0.002553579075259777,-0.49490410425171,
ukraine,THB,market_model,"(0,5)",-0.002537639202211549,-0.2839494239253767,
ukraine,THB,market_model,"(0,10)",-0.01619052966027914,-1.3379856521803308,
ukraine,THB,market_model,"(0,20)",-0.034560242822522604,-2.067063794291045,**
ukraine,TRY,const_mean,"(-1,1)",0.009678653523214923,0.18332817254082565,
ukraine,TRY,const_mean,"(0,1)",0.007981788804572149,0.18516552374205925,
ukraine,TRY,const_mean,"(0,5)",0.0028731207720863487,0.03848160259355405,
ukraine,TRY,const_mean,"(0,10)",-0.027094772250467577,-0.26801805775879806,
ukraine,TRY,const_mean,"(0,20)",0.014131590370935112,0.10117105672831735,
ukraine,TRY,market_model,"(-1,1)",0.03248471158914353,0.6758270725218647,
ukraine,TRY,market_model,"(0,1)",0.02990535499175443,0.7619933149014383,
ukraine,TRY,market_model,"(0,5)",0.051568584453203066,0.7586243564115469,
ukraine,TRY,market_model,"(0,10)",0.04050383238624784,0.44006514457939616,
ukraine,TRY,market_model,"(0,20)",0.03987421007956737,0.31354482863089606,
ukraine,TWD,const_mean,"(-1,1)",-0.0032354415202193,-0.899219986526523,
ukraine,TWD,const_mean,"(0,1)",-0.0031233649109862574,-1.0631652013904886,
ukraine,TWD,const_mean,"(0,5)",-0.006710132876971771,-1.3187076306654815,
ukraine,TWD,const_mean,"(0,10)",-0.017082723449092466,-2.4794410757443623,**
ukraine,TWD,const_mean,"(0,20)",-0.028566521017732348,-3.000825416982143,***
ukraine,TWD,market_model,"(-1,1)",-0.0015591801247845354,-0.48417957942981726,
ukraine,TWD,market_model,"(0,1)",-0.0015119672927045103,-0.5750401977470333,
ukraine,TWD,market_model,"(0,5)",-0.0031309818608039114,-0.6875047965655191,
ukraine,TWD,market_model,"(0,10)",-0.012114178205095704,-1.964574133320833,**
ukraine,TWD,market_model,"(0,20)",-0.0266744202649326,-3.1308059326548365,***
ukraine,ZAR,const_mean,"(-1,1)",-0.005024956355831578,-0.3251113616210078,
ukraine,ZAR,const_mean,"(0,1)",-0.0017663749593894527,-0.13996787909690994,
ukraine,ZAR,const_mean,"(0,5)",-0.005115592025211655,-0.23403497070746324,
ukraine,ZAR,const_mean,"(0,10)",0.006471794984399514,0.21866984082762286,
ukraine,ZAR,const_mean,"(0,20)",0.04319705559026035,1.0563430474435558,
ukraine,ZAR,market_model,"(-1,1)",0.005432446650881953,0.46137756113743905,
ukraine,ZAR,market_model,"(0,1)",0.008286373582290105,0.8619282946561317,
ukraine,ZAR,market_model,"(0,5)",0.017213040430258023,1.0337215972651927,
ukraine,ZAR,market_model,"(0,10)",0.03746820169940817,1.661835886916779,*
ukraine,ZAR,market_model,"(0,20)",0.05500097838847114,1.765559646224121,*
ukraine,r_DTWEXBGS,const_mean,"(-1,1)",0.004588057181004082,1.1522323724714516,
ukraine,r_DTWEXBGS,const_mean,"(0,1)",0.004966182142273655,1.5274940397986383,
ukraine,r_DTWEXBGS,const_mean,"(0,5)",0.010602888131719865,1.8828704184700078,*
ukraine,r_DTWEXBGS,const_mean,"(0,10)",0.016963789804646506,2.2248381259531675,**
ukraine,r_DTWEXBGS,const_mean,"(0,20)",0.009389248675570777,0.8912367216199452,
ukraine,r_DTWEXAFEGS,const_mean,"(-1,1)",0.005215566345258584,1.0329453299094935,
ukraine,r_DTWEXAFEGS,const_mean,"(0,1)",0.004561882222317056,1.106536031817175,
ukraine,r_DTWEXAFEGS,const_mean,"(0,5)",0.01036706289476217,1.4518327795236603,
ukraine,r_DTWEXAFEGS,const_mean,"(0,10)",0.015646358942923815,1.61827914056215,
ukraine,r_DTWEXAFEGS,const_mean,"(0,20)",0.012889310927754093,0.9648427603019389,
ukraine,r_DTWEXEMEGS,const_mean,"(-1,1)",0.003986515793454445,0.989452174853722,
ukraine,r_DTWEXEMEGS,const_mean,"(0,1)",0.005340019812797663,1.6232664638008187,
ukraine,r_DTWEXEMEGS,const_mean,"(0,5)",0.010805610924583884,1.8964248894951508,*
ukraine,r_DTWEXEMEGS,const_mean,"(0,10)",0.01817104804721309,2.3552964633890285,**
ukraine,r_DTWEXEMEGS,const_mean,"(0,20)",0.006024694848109164,0.5651807392661684,
ukraine,r_SP500,const_mean,"(-1,1)",0.017887540764598895,1.1064072690677664,
ukraine,r_SP500,const_mean,"(0,1)",0.036638289998051264,2.7755254203806925,***
ukraine,r_SP500,const_mean,"(0,5)",0.03113284464320029,1.3616584658847917,
ukraine,r_SP500,const_mean,"(0,10)",0.006182331443799353,0.19970132813745992,
ukraine,r_SP500,const_mean,"(0,20)",0.06390365462381019,1.493967190494832,
ukraine,r_DCOILBRENTEU,const_mean,"(-1,1)",-0.008598827811227554,-0.24259872981594216,
ukraine,r_DCOILBRENTEU,const_mean,"(0,1)",-0.011963011909012635,-0.4133666496037963,
ukraine,r_DCOILBRENTEU,const_mean,"(0,5)",0.136261860544977,2.7183701147863495,***
ukraine,r_DCOILBRENTEU,const_mean,"(0,10)",0.11766916735225032,1.7337091263961266,*
ukraine,r_DCOILBRENTEU,const_mean,"(0,20)",0.17394706941671426,1.8548866118535094,*
ukraine,r_DCOILWTICO,const_mean,"(-1,1)",-0.011369335184730208,-0.3204316279189843,
ukraine,r_DCOILWTICO,const_mean,"(0,1)",-0.009464955308685106,-0.3267115612930393,
ukraine,r_DCOILWTICO,const_mean,"(0,5)",0.14256742353098628,2.8412248808262817,***
ukraine,r_DCOILWTICO,const_mean,"(0,10)",0.11493907088024174,1.6917347598940689,*
ukraine,r_DCOILWTICO,const_mean,"(0,20)",0.167811625657027,1.787612284409843,*
ukraine,r_DHHNGSP,const_mean,"(-1,1)",0.03232104589589015,0.30768472147841797,
ukraine,r_DHHNGSP,const_mean,"(0,1)",0.008268326842116598,0.09640149978595472,
ukraine,r_DHHNGSP,const_mean,"(0,5)",0.007451292474971713,0.05015764507764595,
ukraine,r_DHHNGSP,const_mean,"(0,10)",0.010740351017162562,0.053395331284548445,
ukraine,r_DHHNGSP,const_mean,"(0,20)",0.11856424267783229,0.42660430816299694,
ukraine,r_Gold,const_mean,"(-1,1)",-0.006227186561776945,-0.4851490849174985,
ukraine,r_Gold,const_mean,"(0,1)",-0.010966057291958663,-1.0463560254758024,
ukraine,r_Gold,const_mean,"(0,5)",0.013422184272255609,0.7394205879076966,
ukraine,r_Gold,const_mean,"(0,10)",0.04238398050348391,1.724445071749362,*
ukraine,r_Gold,const_mean,"(0,20)",0.02115092053307199,0.6228214955566567,
ukraine,r_EuroStoxx50_EUR,const_mean,"(-1,1)",-0.0038523321410836447,-0.1931230514362394,
ukraine,r_EuroStoxx50_EUR,const_mean,"(0,1)",-0.0007760967571250263,-0.04765098572249504,
ukraine,r_EuroStoxx50_EUR,const_mean,"(0,5)",-0.06033716943807469,-2.1388499868672577,**
ukraine,r_EuroStoxx50_EUR,const_mean,"(0,10)",-0.08501896594299718,-2.225822324553392,**
ukraine,r_EuroStoxx50_EUR,const_mean,"(0,20)",-0.02903840554605052,-0.5502171676660976,
ukraine,d_DGS10,const_mean,"(-1,1)",0.015250000000000024,0.191254152546327,
ukraine,d_DGS10,const_mean,"(0,1)",-0.02983333333333332,-0.4582351923602076,
ukraine,d_DGS10,const_mean,"(0,5)",-0.15949999999999984,-1.41444713161949,
ukraine,d_DGS10,const_mean,"(0,10)",-0.06408333333333346,-0.4197110547879944,
ukraine,d_DGS10,const_mean,"(0,20)",0.24674999999999958,1.1696318098899117,
ukraine,d_DGS5,const_mean,"(-1,1)",-0.014499999999999989,-0.18279380158863176,
ukraine,d_DGS5,const_mean,"(0,1)",-0.04633333333333313,-0.7153731533673751,
ukraine,d_DGS5,const_mean,"(0,5)",-0.19899999999999987,-1.773909834191433,*
ukraine,d_DGS5,const_mean,"(0,10)",-0.05983333333333335,-0.39391357327093124,
ukraine,d_DGS5,const_mean,"(0,20)",0.3085,1.4699400103846865,
ukraine,d_DFII5,const_mean,"(-1,1)",-0.1377499999999998,-1.5975986622404665,
ukraine,d_DFII5,const_mean,"(0,1)",-0.051833333333333134,-0.73625939369105,
ukraine,d_DFII5,const_mean,"(0,5)",-0.3454999999999999,-2.8334081225052317,***
ukraine,d_DFII5,const_mean,"(0,10)",-0.4450833333333332,-2.6957629327216748,***
ukraine,d_DFII5,const_mean,"(0,20)",-0.20424999999999988,-0.895342347155879,
ukraine,d_T5YIE,const_mean,"(-1,1)",0.12324999999999978,1.6126636371108856,
ukraine,d_T5YIE,const_mean,"(0,1)",0.005500000000000199,0.08813840449145932,
ukraine,d_T5YIE,const_mean,"(0,5)",0.1465,1.3554374860738447,
ukraine,d_T5YIE,const_mean,"(0,10)",0.38524999999999987,2.632472224913206,***
ukraine,d_T5YIE,const_mean,"(0,20)",0.5127499999999998,2.5357913410392503,**
ukraine,d_VIXCLS,const_mean,"(-1,1)",-1.2992499999999985,-0.3739185511644165,
ukraine,d_VIXCLS,const_mean,"(0,1)",-3.482833333333333,-1.227616193666013,
ukraine,d_VIXCLS,const_mean,"(0,5)",-0.6984999999999986,-0.1421463457249611,
ukraine,d_VIXCLS,const_mean,"(0,10)",-1.0805833333333328,-0.16240778241751275,
ukraine,d_VIXCLS,const_mean,"(0,20)",-9.90475,-1.0774044997014156,
ukraine,d_GPRD,const_mean,"(-1,1)",234.71594562530515,2.7783066234322527,***
ukraine,d_GPRD,const_mean,"(0,1)",83.70956637064614,1.213551751090713,
ukraine,d_GPRD,const_mean,"(0,5)",2.3182743072509737,0.019403827440515876,
ukraine,d_GPRD,const_mean,"(0,10)",-85.00526765187587,-0.5254697301724479,
ukraine,d_GPRD,const_mean,"(0,20)",-126.196418952942,-0.5645931318029584,
ukraine,d_GPRD_ACT,const_mean,"(-1,1)",41.13791809082033,0.5067960592509078,
ukraine,d_GPRD_ACT,const_mean,"(0,1)",-20.862766520182262,-0.31478095413693974,
ukraine,d_GPRD_ACT,const_mean,"(0,5)",170.93220825195317,1.4890175809669388,
ukraine,d_GPRD_ACT,const_mean,"(0,10)",201.68878224690758,1.2975883828415928,
ukraine,d_GPRD_ACT,const_mean,"(0,20)",84.19155426025395,0.392021988445256,
ukraine,d_GPRD_THREAT,const_mean,"(-1,1)",355.6547676086426,2.780124944298252,***
ukraine,d_GPRD_THREAT,const_mean,"(0,1)",103.28009897867838,0.9887760866359067,
ukraine,d_GPRD_THREAT,const_mean,"(0,5)",-145.6967514038086,-0.8053238296919959,
ukraine,d_GPRD_THREAT,const_mean,"(0,10)",-358.834730275472,-1.4648543142574366,
ukraine,d_GPRD_THREAT,const_mean,"(0,20)",-291.51263504028327,-0.861279365802074,
ukraine,USD_EW,const_mean,"(-1,1)",0.004883699923517374,1.0444113741043082,
ukraine,USD_EW,const_mean,"(0,1)",0.0046947227005234154,1.2296406066288061,
ukraine,USD_EW,const_mean,"(0,5)",0.010427669331001043,1.5768663112200407,
ukraine,USD_EW,const_mean,"(0,10)",0.014475596762046832,1.6166774596573632,
ukraine,USD_EW,const_mean,"(0,20)",0.00551253660491218,0.44557938329858804,
ukraine,SAFE,const_mean,"(-1,1)",-0.003364871913721537,-0.7670935715792014,
ukraine,SAFE,const_mean,"(0,1)",-0.0034066531461223615,-0.9511595069455203,
ukraine,SAFE,const_mean,"(0,5)",-0.010411828090109885,-1.67838580247196,*
ukraine,SAFE,const_mean,"(0,10)",-0.016918705478085386,-2.014240023066001,**
ukraine,SAFE,const_mean,"(0,20)",-0.019370792791367497,-1.6690839526261785,*
ukraine,SAFE,market_model,"(-1,1)",0.0003530175137560339,0.1377312145893224,
ukraine,SAFE,market_model,"(0,1)",0.0001673706814193975,0.0799762688810104,
ukraine,SAFE,market_model,"(0,5)",-0.0024733957199575274,-0.6823618413913342,
ukraine,SAFE,market_model,"(0,10)",-0.0058986450728832586,-1.2018566621982802,
ukraine,SAFE,market_model,"(0,20)",-0.01517417918222809,-2.2376508023532247,**
ukraine,RISKY,const_mean,"(-1,1)",-0.00972256621057991,-1.0368564177260693,
ukraine,RISKY,const_mean,"(0,1)",-0.007845837894748908,-1.0247611940886814,
ukraine,RISKY,const_mean,"(0,5)",-0.023403040503335623,-1.764797976631484,*
ukraine,RISKY,const_mean,"(0,10)",-0.02737713481721074,-1.52471962476098,
ukraine,RISKY,const_mean,"(0,20)",-0.005083053645000876,-0.20488651899576235,
ukraine,RISKY,market_model,"(-1,1)",-0.001642053971059142,-0.3099442173376162,
ukraine,RISKY,market_model,"(0,1)",-7.800513744610129e-05,-0.018032873935126707,
ukraine,RISKY,market_model,"(0,5)",-0.00614954193085529,-0.8207745467194556,
ukraine,RISKY,market_model,"(0,10)",-0.0034259833046416535,-0.337711335065721,
ukraine,RISKY,market_model,"(0,20)",0.004037924343900057,0.28807479946576914,
ukraine,CARRY_HML,const_mean,"(-1,1)",-0.006357694296858463,-0.7518754804773431,
ukraine,CARRY_HML,const_mean,"(0,1)",-0.004439184748626641,-0.6429765439895707,
ukraine,CARRY_HML,const_mean,"(0,5)",-0.012991212413225624,-1.086378011139806,
ukraine,CARRY_HML,const_mean,"(0,10)",-0.010458429339125124,-0.6459174715480476,
ukraine,CARRY_HML,const_mean,"(0,20)",0.014287739146366767,0.6386468484006061,
ukraine,CARRY_HML,market_model,"(-1,1)",-0.0019950714848152844,-0.2713642932625388,
ukraine,CARRY_HML,market_model,"(0,1)",-0.00024537581886561457,-0.040876305066272,
ukraine,CARRY_HML,market_model,"(0,5)",-0.003676146210897697,-0.35356724018951785,
ukraine,CARRY_HML,market_model,"(0,10)",0.002472661768241762,0.17563992336483403,
ukraine,CARRY_HML,market_model,"(0,20)",0.01921210352612827,0.987688821309398,
ukraine,HAVEN_SAFE,const_mean,"(-1,1)",-0.003694885217223171,-0.6579277476946473,
ukraine,HAVEN_SAFE,const_mean,"(0,1)",-0.004920856061454347,-1.073157691958887,
ukraine,HAVEN_SAFE,const_mean,"(0,5)",-0.0068175761067555424,-0.8584050193487145,
ukraine,HAVEN_SAFE,const_mean,"(0,10)",-0.014594022421971664,-1.357114670828347,
ukraine,HAVEN_SAFE,const_mean,"(0,20)",-0.029171402570129405,-1.9632949164520153,**
ukraine,HAVEN_SAFE,market_model,"(-1,1)",-0.00030646900828004047,-0.06685610662704264,
ukraine,HAVEN_SAFE,market_model,"(0,1)",-0.001663556320668949,-0.4444650916454581,
ukraine,HAVEN_SAFE,market_model,"(0,5)",0.00041736550227254024,0.0643807557106344,
ukraine,HAVEN_SAFE,market_model,"(0,10)",-0.004550541563033568,-0.5184201686519679,
ukraine,HAVEN_SAFE,market_model,"(0,20)",-0.025346685925576883,-2.0899056605493205,**
ukraine,HAVEN_RISKY,const_mean,"(-1,1)",-0.0022101310576222643,-0.19509107131245662,
ukraine,HAVEN_RISKY,const_mean,"(0,1)",-0.005168859303483676,-0.5588042576644446,
ukraine,HAVEN_RISKY,const_mean,"(0,5)",0.001998772287473973,0.12475779424239096,
ukraine,HAVEN_RISKY,const_mean,"(0,10)",-0.004064724273154566,-0.18737633575913568,
ukraine,HAVEN_RISKY,const_mean,"(0,20)",0.023239700472526804,0.7753555008673311,
ukraine,HAVEN_RISKY,market_model,"(-1,1)",0.006338346031738378,0.8092500856104771,
ukraine,HAVEN_RISKY,market_model,"(0,1)",0.003048830168604335,0.4767444782169241,
ukraine,HAVEN_RISKY,market_model,"(0,5)",0.02025146876094802,1.8283036971356064,*
ukraine,HAVEN_RISKY,market_model,"(0,10)",0.021273504777179146,1.4184372857968814,
ukraine,HAVEN_RISKY,market_model,"(0,20)",0.03288889956529454,1.5871103781181841,
ukraine,OIL_EXP,const_mean,"(-1,1)",-0.0008999268655774939,-0.17021133167899677,
ukraine,OIL_EXP,const_mean,"(0,1)",-0.004023950982119329,-0.9321366064183979,
ukraine,OIL_EXP,const_mean,"(0,5)",0.0025406642160883132,0.33979229399540917,
ukraine,OIL_EXP,const_mean,"(0,10)",-0.0028804769442312087,-0.2845181267554374,
ukraine,OIL_EXP,const_mean,"(0,20)",0.017343176938953844,1.2398264219164068,
ukraine,OIL_EXP,market_model,"(-1,1)",0.003564314110413719,1.1454355870206505,
ukraine,OIL_EXP,market_model,"(0,1)",0.00026754394566443334,0.1053017185798709,
ukraine,OIL_EXP,market_model,"(0,5)",0.01207270538171628,2.7433695036766355,***
ukraine,OIL_EXP,market_model,"(0,10)",0.010351816855366595,1.7373029880761843,*
ukraine,OIL_EXP,market_model,"(0,20)",0.022382244076309035,2.7186250192953065,***
ukraine,OIL_IMP,const_mean,"(-1,1)",-0.0011254725061659613,-0.11818369550254651,
ukraine,OIL_IMP,const_mean,"(0,1)",-0.0025079112776336407,-0.3225376917473635,
ukraine,OIL_IMP,const_mean,"(0,5)",-0.0072477274288088225,-0.5381576645105064,
ukraine,OIL_IMP,const_mean,"(0,10)",-0.020854949130477123,-1.1436577973111897,
ukraine,OIL_IMP,const_mean,"(0,20)",-0.02433556353322093,-0.9658619628388604,
ukraine,OIL_IMP,market_model,"(-1,1)",0.004953466203301816,0.6571905997793772,
ukraine,OIL_IMP,market_model,"(0,1)",0.0033357998433138506,0.5420355261798698,
ukraine,OIL_IMP,market_model,"(0,5)",0.005732014107009704,0.537742536424528,
ukraine,OIL_IMP,market_model,"(0,10)",-0.0028365886911494746,-0.19653630667732383,
ukraine,OIL_IMP,market_model,"(0,20)",-0.017473886386844648,-0.8762390952619881,
liberation_day,AUD,const_mean,"(-1,1)",0.014851617643785524,1.6089438327370713,
liberation_day,AUD,const_mean,"(0,1)",0.00932495624419748,1.2372559636515323,
liberation_day,AUD,const_mean,"(0,5)",-0.016172170420628358,-1.2388548775710404,
liberation_day,AUD,const_mean,"(0,10)",0.021848954794300355,1.236124102432441,
liberation_day,AUD,const_mean,"(0,20)",0.03342540151451256,1.3686573577441525,
liberation_day,AUD,market_model,"(-1,1)",2.5488473321083442e-05,0.00525926734550173,
liberation_day,AUD,market_model,"(0,1)",-0.0041561885226901255,-1.0503215901490799,
liberation_day,AUD,market_model,"(0,5)",-0.012382901105203542,-1.8067115928413677,*
liberation_day,AUD,market_model,"(0,10)",-0.004071158453880862,-0.43869604113542787,
liberation_day,AUD,market_model,"(0,20)",-0.003305955624630004,-0.2578276109192062,
liberation_day,BRL,const_mean,"(-1,1)",0.01440889356061341,1.0152103108707673,
liberation_day,BRL,const_mean,"(0,1)",0.00998362577886514,0.8615079908374428,
liberation_day,BRL,const_mean,"(0,5)",-0.022278298975090184,-1.1099218903448977,
liberation_day,BRL,const_mean,"(0,10)",-0.028078896373986934,-1.033165048160597,
liberation_day,BRL,const_mean,"(0,20)",0.00868527113043717,0.23129153971137723,
liberation_day,BRL,market_model,"(-1,1)",0.0024932102499314055,0.19614154564225844,
liberation_day,BRL,market_model,"(0,1)",-0.0008511005249971261,-0.08200440419649523,
liberation_day,BRL,market_model,"(0,5)",-0.01923288283023189,-1.069892338734694,
liberation_day,BRL,market_model,"(0,10)",-0.04891075729272363,-2.0094599812153477,**
liberation_day,BRL,market_model,"(0,20)",-0.02083553057102748,-0.6195355525519873,
liberation_day,CAD,const_mean,"(-1,1)",0.021820016540414915,3.5415985601315767,***
liberation_day,CAD,const_mean,"(0,1)",0.015478598658147512,3.076957701546307,***
liberation_day,CAD,const_mean,"(0,5)",0.018344799005469134,2.105436835767973,**
liberation_day,CAD,const_mean,"(0,10)",0.036950470135416455,3.132048728377509,***
liberation_day,CAD,const_mean,"(0,20)",0.0461121711348176,2.8288557860149868,***
liberation_day,CAD,market_model,"(-1,1)",0.013582029818723994,3.1238088607088583,***
liberation_day,CAD,market_model,"(0,1)",0.007987938735660527,2.2500912339957657,**
liberation_day,CAD,market_model,"(0,5)",0.020450267664650024,3.3258585279193955,***
liberation_day,CAD,market_model,"(0,10)",0.02254822486234679,2.708297786608476,***
liberation_day,CAD,market_model,"(0,20)",0.025702768997357038,2.234347230382695,**
liberation_day,CHF,const_mean,"(-1,1)",0.029779944985495407,3.9506410527112954,***
liberation_day,CHF,const_mean,"(0,1)",0.028697902574683205,4.662721407978678,***
liberation_day,CHF,const_mean,"(0,5)",0.030848490906525812,2.893760650677352,***
liberation_day,CHF,const_mean,"(0,10)",0.08627603370558704,5.977204812617731,***
liberation_day,CHF,const_mean,"(0,20)",0.07331811215527137,3.676257598406366,***
liberation_day,CHF,market_model,"(-1,1)",0.01933677874176613,3.777709559497932,***
liberation_day,CHF,market_model,"(0,1)",0.019202110764312916,4.594508266813691,***
liberation_day,CHF,market_model,"(0,5)",0.033517560422126426,4.630222279472338,***
liberation_day,CHF,market_model,"(0,10)",0.06801853381503625,6.93962476513812,***
liberation_day,CHF,market_model,"(0,20)",0.047445433956431554,3.5034009262699377,***
liberation_day,CLP,const_mean,"(-1,1)",0.00022003065701370773,0.018982924233815684,
liberation_day,CLP,const_mean,"(0,1)",-0.001560848413761395,-0.16492491756349792,
liberation_day,CLP,const_mean,"(0,5)",-0.034424520471611486,-2.100065402750542,**
liberation_day,CLP,const_mean,"(0,10)",-0.023841133834593825,-1.0741652765271845,
liberation_day,CLP,const_mean,"(0,20)",0.0023773592040406038,0.07752213138066429,
liberation_day,CLP,market_model,"(-1,1)",-0.013737569017295297,-1.5392553617755893,
liberation_day,CLP,market_model,"(0,1)",-0.014252254217945995,-1.955824929847463,*
liberation_day,CLP,market_model,"(0,5)",-0.03085723034788827,-2.444796597209913,**
liberation_day,CLP,market_model,"(0,10)",-0.048242820887987654,-2.8229147747468173,***
liberation_day,CLP,market_model,"(0,20)",-0.03220223824500577,-1.3637596180229414,
liberation_day,CNY,const_mean,"(-1,1)",-0.0026816316725942384,-0.7149371272112678,
liberation_day,CNY,const_mean,"(0,1)",-0.0011443553795264924,-0.37365884715579,
liberation_day,CNY,const_mean,"(0,5)",-0.009449979577411277,-1.781494954082313,*
liberation_day,CNY,const_mean,"(0,10)",-0.002258814708868906,-0.3144949066939481,
liberation_day,CNY,const_mean,"(0,20)",0.004991888649235729,0.5030192365412068,
liberation_day,CNY,market_model,"(-1,1)",-0.007093925411436371,-2.4186123513892177,**
liberation_day,CNY,market_model,"(0,1)",-0.005156378340034614,-2.1531290156350806,**
liberation_day,CNY,market_model,"(0,5)",-0.008322283394341278,-2.0063521019636745,**
liberation_day,CNY,market_model,"(0,10)",-0.009972706317399006,-1.7756483544813408,*
liberation_day,CNY,market_model,"(0,20)",-0.00593945663049355,-0.7653804132943299,
liberation_day,COP,const_mean,"(-1,1)",0.0011155520525269929,0.09536445066101026,
liberation_day,COP,const_mean,"(0,1)",-0.0030247784452048718,-0.31669110900228087,
liberation_day,COP,const_mean,"(0,5)",-0.03674879903114242,-2.221390062273677,**
liberation_day,COP,const_mean,"(0,10)",-0.03919846954753339,-1.7499678397886933,*
liberation_day,COP,const_mean,"(0,20)",-0.02560525255976315,-0.82732608145896,
liberation_day,COP,market_model,"(-1,1)",-0.01140871017471308,-1.1843219777927867,
liberation_day,COP,market_model,"(0,1)",-0.014412875111746767,-1.8324388642130618,*
liberation_day,COP,market_model,"(0,5)",-0.033547841990341984,-2.462537383322496,**
liberation_day,COP,market_model,"(0,10)",-0.06109429222299519,-3.3120597568803425,***
liberation_day,COP,market_model,"(0,20)",-0.05663379301585696,-2.2220809204272483,**
liberation_day,CZK,const_mean,"(-1,1)",0.0166565121280543,1.6430292033161167,
liberation_day,CZK,const_mean,"(0,1)",0.0185312491072887,2.238780631251885,**
liberation_day,CZK,const_mean,"(0,5)",0.0093765983559185,0.6540207585438795,
liberation_day,CZK,const_mean,"(0,10)",0.0517217456109962,2.664395405014524,***
liberation_day,CZK,const_mean,"(0,20)",0.0492632823633634,1.836688650618186,*
liberation_day,CZK,market_model,"(-1,1)",-0.0003940363202266971,-0.08568776538811966,
liberation_day,CZK,market_model,"(0,1)",0.003027478072835585,0.8063232791966463,
liberation_day,CZK,market_model,"(0,5)",0.013734385833916804,2.1119168165757896,**
liberation_day,CZK,market_model,"(0,10)",0.021912741410259194,2.4885338984057968,**
liberation_day,CZK,market_model,"(0,20)",0.007020983158274023,0.5770739549796488,
liberation_day,DKK,const_mean,"(-1,1)",0.021740623691950855,2.51329626557867,**
liberation_day,DKK,const_mean,"(0,1)",0.02404339666430947,3.4041848764559615,***
liberation_day,DKK,const_mean,"(0,5)",0.014506392601248008,1.185812751673876,
liberation_day,DKK,const_mean,"(0,10)",0.055094386310225334,3.3261614184265103,***
liberation_day,DKK,const_mean,"(0,20)",0.04998846072879637,2.1842001417450274,**
liberation_day,DKK,market_model,"(-1,1)",0.007119694172097616,1.8503223150831145,*
liberation_day,DKK,market_model,"(0,1)",0.010748836417507877,3.4213155459777442,***
liberation_day,DKK,market_model,"(0,5)",0.01824321689001367,3.35252844395798,***
liberation_day,DKK,market_model,"(0,10)",0.029533017959055073,4.008281017107132,***
liberation_day,DKK,market_model,"(0,20)",0.013765480494020892,1.3521609921111815,
liberation_day,EUR,const_mean,"(-1,1)",0.021725609910594263,2.5033023920530892,**
liberation_day,EUR,const_mean,"(0,1)",0.02380724684227024,3.359666286880101,***
liberation_day,EUR,const_mean,"(0,5)",0.015044800918316224,1.2257807150528697,
liberation_day,EUR,const_mean,"(0,10)",0.05551579547589403,3.3405824014234606,***
liberation_day,EUR,const_mean,"(0,20)",0.050287021963210846,2.1900207720413247,**
liberation_day,EUR,market_model,"(-1,1)",0.007053322284741836,1.8286256676608785,*
liberation_day,EUR,market_model,"(0,1)",0.010465987551236153,3.3232034227737244,***
liberation_day,EUR,market_model,"(0,5)",0.0187947513368305,3.445503294235831,***
liberation_day,EUR,market_model,"(0,10)",0.02986463916264647,4.043455237722023,***
liberation_day,EUR,market_model,"(0,20)",0.013936803329811127,1.3656683188359262,
liberation_day,GBP,const_mean,"(-1,1)",0.014531178308319353,1.768492070715365,*
liberation_day,GBP,const_mean,"(0,1)",0.014041201618862036,2.092917888599607,**
liberation_day,GBP,const_mean,"(0,5)",-0.007232255388164295,-0.6223877567721828,
liberation_day,GBP,const_mean,"(0,10)",0.026370161645918995,1.6760206367420203,*
liberation_day,GBP,const_mean,"(0,20)",0.03487287881367107,1.6041355576026266,
liberation_day,GBP,market_model,"(-1,1)",0.002169707516848096,0.43736072195313863,
liberation_day,GBP,market_model,"(0,1)",0.002801128410579283,0.6915398830055157,
liberation_day,GBP,market_model,"(0,5)",-0.004072904661815893,-0.5805342280434094,
liberation_day,GBP,market_model,"(0,10)",0.004758942753578651,0.5009718804192638,
liberation_day,GBP,market_model,"(0,20)",0.00424764999055091,0.3236221863175717,
liberation_day,HKD,const_mean,"(-1,1)",0.0002691363845942899,0.38548463360863394,
liberation_day,HKD,const_mean,"(0,1)",0.00034866375998140466,0.6116276287823922,
liberation_day,HKD,const_mean,"(0,5)",0.0025398840057106143,2.572370627509223,**
liberation_day,HKD,const_mean,"(0,10)",0.0023603310260324755,1.76551680807231,*
liberation_day,HKD,const_mean,"(0,20)",0.0032126027258215046,1.7391725016115283,*
liberation_day,HKD,market_model,"(-1,1)",-0.0001417510537767692,-0.21368600144777974,
liberation_day,HKD,market_model,"(0,1)",-2.494913492111136e-05,-0.04606285980124313,
liberation_day,HKD,market_model,"(0,5)",0.0026448988173591345,2.819316551392082,***
liberation_day,HKD,market_model,"(0,10)",0.0016419878352791127,1.292659066105771,
liberation_day,HKD,market_model,"(0,20)",0.002194639569742916,1.2504431785391774,
liberation_day,HUF,const_mean,"(-1,1)",0.021371233938570114,1.7417735049111451,*
liberation_day,HUF,const_mean,"(0,1)",0.021614633872721507,2.157523797407336,**
liberation_day,HUF,const_mean,"(0,5)",0.01199755787392482,0.6914168152794492,
liberation_day,HUF,const_mean,"(0,10)",0.04224375003235604,1.7979964526589678,*
liberation_day,HUF,const_mean,"(0,20)",0.044284468525118977,1.36415744816496,
liberation_day,HUF,market_model,"(-1,1)",0.00091319353899508,0.15887885935915613,
liberation_day,HUF,market_model,"(0,1)",0.003012488895937483,0.6419103340562144,
liberation_day,HUF,market_model,"(0,5)",0.017226233804677048,2.1192325835938632,**
liberation_day,HUF,market_model,"(0,10)",0.0064775215113455215,0.5885406056084895,
liberation_day,HUF,market_model,"(0,20)",-0.006399805140915559,-0.42084387813876206,
liberation_day,IDR,const_mean,"(-1,1)",0.0019377284129610901,0.29573038646494837,
liberation_day,IDR,const_mean,"(0,1)",0.00129181894197406,0.2414628494250654,
liberation_day,IDR,const_mean,"(0,5)",-0.014374862730578218,-1.551285566706555,
liberation_day,IDR,const_mean,"(0,10)",-0.008770722392819766,-0.6990410719605181,
liberation_day,IDR,const_mean,"(0,20)",0.011151552485343132,0.6432641617711471,
liberation_day,IDR,market_model,"(-1,1)",-0.003145115686263901,-0.5265354530535589,
liberation_day,IDR,market_model,"(0,1)",-0.00332992395135499,-0.682764510558067,
liberation_day,IDR,market_model,"(0,5)",-0.013075786959766083,-1.5479033222405045,
liberation_day,IDR,market_model,"(0,10)",-0.017656918726332103,-1.5437259220611346,
liberation_day,IDR,market_model,"(0,20)",-0.0014410642215952185,-0.09118540047513635,
liberation_day,ILS,const_mean,"(-1,1)",0.005745776429322515,0.5986357626525247,
liberation_day,ILS,const_mean,"(0,1)",-0.0015750942026986235,-0.20098613435302232,
liberation_day,ILS,const_mean,"(0,5)",-0.01472951016139087,-1.0851436697607904,
liberation_day,ILS,const_mean,"(0,10)",-0.00045949397566948005,-0.02500103806540097,
liberation_day,ILS,const_mean,"(0,20)",0.012327366715716104,0.4854396325236724,
liberation_day,ILS,market_model,"(-1,1)",0.0006561741857400308,0.07123465788059569,
liberation_day,ILS,market_model,"(0,1)",-0.006202982160689621,-0.824742478502165,
liberation_day,ILS,market_model,"(0,5)",-0.013428707140751851,-1.0308403427387263,
liberation_day,ILS,market_model,"(0,10)",-0.009357505386811297,-0.5305136619074035,
liberation_day,ILS,market_model,"(0,20)",-0.00028199312161985776,-0.01157075497544319,
liberation_day,INR,const_mean,"(-1,1)",0.0029387354416028962,0.9564595475323044,
liberation_day,INR,const_mean,"(0,1)",0.0040866595043709975,1.6289966826756215,
liberation_day,INR,const_mean,"(0,5)",-0.011009265062948206,-2.5336664828328552,**
liberation_day,INR,const_mean,"(0,10)",0.002404773473167086,0.4087375839104369,
liberation_day,INR,const_mean,"(0,20)",0.01689546594063791,2.078391077123681,**
liberation_day,INR,market_model,"(-1,1)",0.00066524828966318,0.23536110746520555,
liberation_day,INR,market_model,"(0,1)",0.002019416661106453,0.8750291013402511,
liberation_day,INR,market_model,"(0,5)",-0.010428206109204596,-2.608828562467603,***
liberation_day,INR,market_model,"(0,10)",-0.0015699014921607924,-0.2900598508209398,
liberation_day,INR,market_model,"(0,20)",0.011262959467167478,1.5061021671312473,
liberation_day,JPY,const_mean,"(-1,1)",0.027255983642630134,2.49053329116184,**
liberation_day,JPY,const_mean,"(0,1)",0.02462826945599122,2.7561954884037756,***
liberation_day,JPY,const_mean,"(0,5)",0.014591900879120068,0.9428169126709827,
liberation_day,JPY,const_mean,"(0,10)",0.05689936809994763,2.7152024668705637,***
liberation_day,JPY,const_mean,"(0,20)",0.05150981406192274,1.7789815893923036,*
liberation_day,JPY,market_model,"(-1,1)",0.017543328172159783,1.8164191542292178,*
liberation_day,JPY,market_model,"(0,1)",0.015796718552660467,2.0031644092566814,**
liberation_day,JPY,market_model,"(0,5)",0.017074266095448033,1.2500607896663676,
liberation_day,JPY,market_model,"(0,10)",0.03991900007262173,2.158479977014931,**
liberation_day,JPY,market_model,"(0,20)",0.027446957684952606,1.074111281717252,
liberation_day,KRW,const_mean,"(-1,1)",0.016864553494433776,1.9549579462226443,*
liberation_day,KRW,const_mean,"(0,1)",0.014680810021139816,2.084290362723224,**
liberation_day,KRW,const_mean,"(0,5)",0.02104588938056935,1.7251023143372095,*
liberation_day,KRW,const_mean,"(0,10)",0.046873728382874146,2.8376338498914917,***
liberation_day,KRW,const_mean,"(0,20)",0.04770050793360974,2.0899531746472335,**
liberation_day,KRW,market_model,"(-1,1)",0.0043469388200984265,0.7881004418071582,
liberation_day,KRW,market_model,"(0,1)",0.0032987578603501494,0.7324771997712413,
liberation_day,KRW,market_model,"(0,5)",0.024245147436560272,3.108192260561918,***
liberation_day,KRW,market_model,"(0,10)",0.024989527441051148,2.3660306783316867,**
liberation_day,KRW,market_model,"(0,20)",0.016688436620408014,1.1435750638180966,
liberation_day,KWD,const_mean,"(-1,1)",0.0026946056352359976,2.016452387326197,**
liberation_day,KWD,const_mean,"(0,1)",0.002532392047071562,2.3209689402148763,**
liberation_day,KWD,const_mean,"(0,5)",0.002987187209583986,1.5806663262964986,
liberation_day,KWD,const_mean,"(0,10)",0.0065031155154426906,2.5414321022787147,**
liberation_day,KWD,const_mean,"(0,20)",0.007543939024353494,2.1337420087857977,**
liberation_day,KWD,market_model,"(-1,1)",0.0010422912131349876,1.03243851785452,
liberation_day,KWD,market_model,"(0,1)",0.0010299709047322117,1.249527182563551,
liberation_day,KWD,market_model,"(0,5)",0.003409486534452549,2.3880812781227525,**
liberation_day,KWD,market_model,"(0,10)",0.0036144197237062666,1.8697260996741083,*
liberation_day,KWD,market_model,"(0,20)",0.003450372156930408,1.2917903701846776,
liberation_day,MXN,const_mean,"(-1,1)",0.02693419414605655,2.167323053605775,**
liberation_day,MXN,const_mean,"(0,1)",0.0212240802079099,2.091674837991487,**
liberation_day,MXN,const_mean,"(0,5)",0.005802717750732499,0.33016886218449015,
liberation_day,MXN,const_mean,"(0,10)",0.022582339393249256,0.94897086546266,
liberation_day,MXN,const_mean,"(0,20)",0.03982280588025336,1.211162737975025,
liberation_day,MXN,market_model,"(-1,1)",0.014454253691658767,1.3737302399235647,
liberation_day,MXN,market_model,"(0,1)",0.009876284568638314,1.1495953806008452,
liberation_day,MXN,market_model,"(0,5)",0.008992347011240081,0.6043156558487297,
liberation_day,MXN,market_model,"(0,10)",0.0007640032524198945,0.03791973361393767,
liberation_day,MXN,market_model,"(0,20)",0.008904071486725994,0.3198492993163122,
liberation_day,MYR,const_mean,"(-1,1)",0.0006160205436135154,0.08581473447245429,
liberation_day,MYR,const_mean,"(0,1)",7.282347217511028e-05,0.01242463613292108,
liberation_day,MYR,const_mean,"(0,5)",-0.00983777536122527,-0.969055322116512,
liberation_day,MYR,const_mean,"(0,10)",0.012078260870671754,0.8786893397612106,
liberation_day,MYR,const_mean,"(0,20)",0.039400968766349104,2.0745530619498482,**
liberation_day,MYR,market_model,"(-1,1)",-0.005364982821217158,-0.8329384139465833,
liberation_day,MYR,market_model,"(0,1)",-0.0053656002246284425,-1.0202544482638496,
liberation_day,MYR,market_model,"(0,5)",-0.008309147607802327,-0.9121915232436977,
liberation_day,MYR,market_model,"(0,10)",0.0016218374325837944,0.1314970955909886,
liberation_day,MYR,market_model,"(0,20)",0.024583185370689747,1.4425593562492358,
liberation_day,NOK,const_mean,"(-1,1)",0.01761787368936562,1.7704501814316953,*
liberation_day,NOK,const_mean,"(0,1)",0.013947549024963545,1.7166183269190658,*
liberation_day,NOK,const_mean,"(0,5)",-0.03041750298119006,-2.1614180808495607,**
liberation_day,NOK,const_mean,"(0,10)",-0.009252730508460701,-0.48558405414115446,
liberation_day,NOK,const_mean,"(0,20)",0.005531120371028032,0.2100846437517095,
liberation_day,NOK,market_model,"(-1,1)",0.0020467553694661416,0.36791724158401523,
liberation_day,NOK,market_model,"(0,1)",-0.00021100158790183328,-0.0464531913201822,
liberation_day,NOK,market_model,"(0,5)",-0.02643782897605687,-3.3604310828137347,***
liberation_day,NOK,market_model,"(0,10)",-0.036475287766133666,-3.424106103373317,***
liberation_day,NOK,market_model,"(0,20)",-0.033045928397943174,-2.245190208901801,**
liberation_day,NZD,const_mean,"(-1,1)",0.022041509540817017,2.216751897979498,**
liberation_day,NZD,const_mean,"(0,1)",0.017451783659861782,2.1496175777796784,**
liberation_day,NZD,const_mean,"(0,5)",-0.006148531243535458,-0.43725233863121776,
liberation_day,NZD,const_mean,"(0,10)",0.04712883345679324,2.4752936601122717,**
liberation_day,NZD,const_mean,"(0,20)",0.053481245267534734,2.032957246656454,**
liberation_day,NZD,market_model,"(-1,1)",0.005880506530041985,1.1637174409615316,
liberation_day,NZD,market_model,"(0,1)",0.0027568610228468887,0.6681797497123437,
liberation_day,NZD,market_model,"(0,5)",-0.0020180942217663134,-0.2823964596729866,
liberation_day,NZD,market_model,"(0,10)",0.018874997042229988,1.9506708033291669,*
liberation_day,NZD,market_model,"(0,20)",0.013442772211594088,1.0054781241491462,
liberation_day,PEN,const_mean,"(-1,1)",0.0011286066329415669,0.22627604652761654,
liberation_day,PEN,const_mean,"(0,1)",0.0007890445236836779,0.19375063001162196,
liberation_day,PEN,const_mean,"(0,5)",-0.013029735628108666,-1.8472113569609003,*
liberation_day,PEN,const_mean,"(0,10)",-0.016700665402564922,-1.7486143723848502,*
liberation_day,PEN,const_mean,"(0,20)",-0.001315440889728432,-0.09968235768726544,
liberation_day,PEN,market_model,"(-1,1)",-0.003382012899584651,-0.7725382060674403,
liberation_day,PEN,market_model,"(0,1)",-0.0033123843932769837,-0.9266827233278123,
liberation_day,PEN,market_model,"(0,5)",-0.011876909290792869,-1.918373421538594,*
liberation_day,PEN,market_model,"(0,10)",-0.024586457287843318,-2.9329519406529925,***
liberation_day,PEN,market_model,"(0,20)",-0.012490385817233248,-1.0783792945407515,
liberation_day,PLN,const_mean,"(-1,1)",0.012693829851705144,1.132621947250746,
liberation_day,PLN,const_mean,"(0,1)",0.014195289795278196,1.5512514222670737,
liberation_day,PLN,const_mean,"(0,5)",0.001556882168935689,0.0982274900636318,
liberation_day,PLN,const_mean,"(0,10)",0.03145923932307043,1.4659015437289395,
liberation_day,PLN,const_mean,"(0,20)",0.024096319760910707,0.8126321454923058,
liberation_day,PLN,market_model,"(-1,1)",-0.005969631724382283,-1.1320493714765243,
liberation_day,PLN,market_model,"(0,1)",-0.0027750754609282714,-0.6445227551366339,
liberation_day,PLN,market_model,"(0,5)",0.006326898769813766,0.8483864356770839,
liberation_day,PLN,market_model,"(0,10)",-0.0011695764718826565,-0.11582724754348038,
liberation_day,PLN,market_model,"(0,20)",-0.022141930609226663,-1.5870269203143508,
liberation_day,SAR,const_mean,"(-1,1)",-0.00015394399404917937,-0.4676609700966795,
liberation_day,SAR,const_mean,"(0,1)",-7.152695672519641e-05,-0.2661238226354442,
liberation_day,SAR,const_mean,"(0,5)",-0.0007874082551638645,-1.6914273233828454,*
liberation_day,SAR,const_mean,"(0,10)",-0.00029341227123863686,-0.4654906200732229,
liberation_day,SAR,const_mean,"(0,20)",6.864481561636563e-05,0.07881830643406552,
liberation_day,SAR,market_model,"(-1,1)",-0.0002628158180484807,-0.8109492338584152,
liberation_day,SAR,market_model,"(0,1)",-0.00017052223752266648,-0.644419716536876,
liberation_day,SAR,market_model,"(0,5)",-0.0007595827413529688,-1.6573043032038435,*
liberation_day,SAR,market_model,"(0,10)",-0.00048374988230030704,-0.7795201116862941,
liberation_day,SAR,market_model,"(0,20)",-0.0002010823534733758,-0.2345130996417371,
liberation_day,SEK,const_mean,"(-1,1)",0.026352940687499136,2.3104152441435497,**
liberation_day,SEK,const_mean,"(0,1)",0.024269843857989592,2.6059949429937377,***
liberation_day,SEK,const_mean,"(0,5)",0.0027396838833395696,0.1698425156805273,
liberation_day,SEK,const_mean,"(0,10)",0.0249844008329106,1.1439161208287962,
liberation_day,SEK,const_mean,"(0,20)",0.03227404666458185,1.069462003780862,
liberation_day,SEK,market_model,"(-1,1)",0.008192225906661424,1.3378127951816627,
liberation_day,SEK,market_model,"(0,1)",0.007756617633146216,1.5513558876943983,
liberation_day,SEK,market_model,"(0,5)",0.0073812082133919606,0.8523262891955632,
liberation_day,SEK,market_model,"(0,10)",-0.006765476587892028,-0.5769738176027879,
liberation_day,SEK,market_model,"(0,20)",-0.012718661334073664,-0.7850291959507366,
liberation_day,SGD,const_mean,"(-1,1)",0.007650548621781866,1.2468591775200646,
liberation_day,SGD,const_mean,"(0,1)",0.008571120784346178,1.7108347834620847,*
liberation_day,SGD,const_mean,"(0,5)",0.005798207305807032,0.6681955325127564,
liberation_day,SGD,const_mean,"(0,10)",0.027833934418450876,2.3689926380145216,**
liberation_day,SGD,const_mean,"(0,20)",0.033939049305982065,2.090621822892988,**
liberation_day,SGD,market_model,"(-1,1)",-0.002972073584531063,-1.216754901571597,
liberation_day,SGD,market_model,"(0,1)",-0.0010878472524724044,-0.5454526994092341,
liberation_day,SGD,market_model,"(0,5)",0.008513142263740548,2.464441081890516,**
liberation_day,SGD,market_model,"(0,10)",0.009262696611566815,1.9803651309495776,**
liberation_day,SGD,market_model,"(0,20)",0.007621773533721687,1.1793713327158493,
liberation_day,THB,const_mean,"(-1,1)",-0.005661463932884253,-0.6087374007909416,
liberation_day,THB,const_mean,"(0,1)",-0.0003485297002852341,-0.0458972497978507,
liberation_day,THB,const_mean,"(0,5)",0.0029061137446481956,0.22095246515461014,
liberation_day,THB,const_mean,"(0,10)",0.034735424654901814,1.950464894811875,*
liberation_day,THB,const_mean,"(0,20)",0.028356617785635738,1.1524090232798576,
liberation_day,THB,market_model,"(-1,1)",-0.018596360789895468,-2.9581481374408023,***
liberation_day,THB,market_model,"(0,1)",-0.012110009387209155,-2.3592940076137263,**
liberation_day,THB,market_model,"(0,5)",0.00621202098415204,0.6987307746493391,
liberation_day,THB,market_model,"(0,10)",0.012121700766998351,1.0069775748545473,
liberation_day,THB,market_model,"(0,20)",-0.0036892594996738087,-0.22181051978955482,
liberation_day,TRY,const_mean,"(-1,1)",0.001913004594845796,0.6238414191496715,
liberation_day,TRY,const_mean,"(0,1)",0.0012019842314447645,0.4800678169405723,
liberation_day,TRY,const_mean,"(0,5)",0.0026403595394590904,0.6088443271114045,
liberation_day,TRY,const_mean,"(0,10)",0.0012350990736484482,0.21034116423834565,
liberation_day,TRY,const_mean,"(0,20)",-0.002147589709697537,-0.26470398958594765,
liberation_day,TRY,market_model,"(-1,1)",0.0023235161168594295,0.7596250444029345,
liberation_day,TRY,market_model,"(0,1)",0.0015752553120560097,0.6307397008818977,
liberation_day,TRY,market_model,"(0,5)",0.0025354408046963156,0.5861274527176811,
liberation_day,TRY,market_model,"(0,10)",0.0019527850601886092,0.33340515779184227,
liberation_day,TRY,market_model,"(0,20)",-0.0011305578768133098,-0.1397003086442269,
liberation_day,TWD,const_mean,"(-1,1)",0.007378118519936735,1.4673818529375804,
liberation_day,TWD,const_mean,"(0,1)",0.0060174556908392865,1.4657369869138295,
liberation_day,TWD,const_mean,"(0,5)",0.02079241597572318,2.9240680390433464,***
liberation_day,TWD,const_mean,"(0,10)",0.028953060455430526,3.007158217377777,***
liberation_day,TWD,const_mean,"(0,20)",0.042084787528544304,3.1635422244284546,***
liberation_day,TWD,market_model,"(-1,1)",0.0008300456720804408,0.22809222850449745,
liberation_day,TWD,market_model,"(0,1)",6.340544676526941e-05,0.02133932586563348,
liberation_day,TWD,market_model,"(0,5)",0.022465975623846154,4.365347131216816,***
liberation_day,TWD,market_model,"(0,10)",0.017505245059899414,2.5121234560961354,**
liberation_day,TWD,market_model,"(0,20)",0.025862103941861548,2.686107142915944,***
liberation_day,ZAR,const_mean,"(-1,1)",-0.0214489720831968,-1.78533360847624,*
liberation_day,ZAR,const_mean,"(0,1)",-0.012763537899340633,-1.301156688117208,
liberation_day,ZAR,const_mean,"(0,5)",-0.04129963980962639,-2.4307716512777975,**
liberation_day,ZAR,const_mean,"(0,10)",-0.01572984611868543,-0.6837567952204228,
liberation_day,ZAR,const_mean,"(0,20)",0.0003956749444728033,0.012448081603100604,
liberation_day,ZAR,market_model,"(-1,1)",-0.038205723462619016,-4.720776900362564,***
liberation_day,ZAR,market_model,"(0,1)",-0.028000164302053807,-4.237319951473577,***
liberation_day,ZAR,market_model,"(0,5)",-0.03701694112960014,-3.2342276011490165,***
liberation_day,ZAR,market_model,"(0,10)",-0.045025212996474114,-2.9053944956942543,***
liberation_day,ZAR,market_model,"(0,20)",-0.04111874951066608,-1.920330267860462,*
liberation_day,r_DTWEXBGS,const_mean,"(-1,1)",-0.016485774827833935,-2.8632051891111874,***
liberation_day,r_DTWEXBGS,const_mean,"(0,1)",-0.01406710431128489,-2.9922194814593026,***
liberation_day,r_DTWEXBGS,const_mean,"(0,5)",-2.6428719157732712e-06,-0.0003245668995611364,
liberation_day,r_DTWEXBGS,const_mean,"(0,10)",-0.028140961444849403,-2.552385828892288,**
liberation_day,r_DTWEXBGS,const_mean,"(0,20)",-0.03623732826817766,-2.378757984099424,**
liberation_day,r_DTWEXAFEGS,const_mean,"(-1,1)",-0.02377714582855414,-3.4405837997552715,***
liberation_day,r_DTWEXAFEGS,const_mean,"(0,1)",-0.021257132905842562,-3.7672352065327614,***
liberation_day,r_DTWEXAFEGS,const_mean,"(0,5)",-0.01666334969887938,-1.7049817294193057,*
liberation_day,r_DTWEXAFEGS,const_mean,"(0,10)",-0.046537705973736576,-3.5167514476018136,***
liberation_day,r_DTWEXAFEGS,const_mean,"(0,20)",-0.04960309593677507,-2.7128899842409764,***
liberation_day,r_DTWEXEMEGS,const_mean,"(-1,1)",-0.009421153912425298,-1.6136112353460452,
liberation_day,r_DTWEXEMEGS,const_mean,"(0,1)",-0.007100352978237366,-1.4894309668225545,
liberation_day,r_DTWEXEMEGS,const_mean,"(0,5)",0.0161410279709256,1.9548390347160698,*
liberation_day,r_DTWEXEMEGS,const_mean,"(0,10)",-0.010315847004472363,-0.9227073657478411,
liberation_day,r_DTWEXEMEGS,const_mean,"(0,20)",-0.023286153269623792,-1.507452172214859,
liberation_day,r_SP500,const_mean,"(-1,1)",-0.038710655780423237,-2.534932206238064,**
liberation_day,r_SP500,const_mean,"(0,1)",-0.04262330103643173,-3.418444485357262,***
liberation_day,r_SP500,const_mean,"(0,5)",-0.030942771094404575,-1.432781704501356,
liberation_day,r_SP500,const_mean,"(0,10)",-0.06401980159481334,-2.1893461369472824,**
liberation_day,r_SP500,const_mean,"(0,20)",-0.008519974160382068,-0.21087499154201478,
liberation_day,r_DCOILBRENTEU,const_mean,"(-1,1)",-0.061505180953252025,-2.0922647953036626,**
liberation_day,r_DCOILBRENTEU,const_mean,"(0,1)",-0.06898308302406882,-2.8740424388017294,***
liberation_day,r_DCOILBRENTEU,const_mean,"(0,5)",-0.1424347565305903,-3.426146480915106,***
liberation_day,r_DCOILBRENTEU,const_mean,"(0,10)",-0.13106225082689346,-2.3283424379628745,**
liberation_day,r_DCOILBRENTEU,const_mean,"(0,20)",-0.19688109098002335,-2.5313950953864204,**
liberation_day,r_DCOILWTICO,const_mean,"(-1,1)",-0.06271001223946783,-1.9401544240950013,*
liberation_day,r_DCOILWTICO,const_mean,"(0,1)",-0.059438775276095986,-2.252241179204116,**
liberation_day,r_DCOILWTICO,const_mean,"(0,5)",-0.13187253949274105,-2.884953281169991,***
liberation_day,r_DCOILWTICO,const_mean,"(0,10)",-0.12612396041845597,-2.037798776856135,**
liberation_day,r_DCOILWTICO,const_mean,"(0,20)",-0.177006157756787,-2.0698494957215647,**
liberation_day,r_DHHNGSP,const_mean,"(-1,1)",0.012893680101182914,0.05034342645245402,
liberation_day,r_DHHNGSP,const_mean,"(0,1)",0.053787996371258175,0.25721534632022364,
liberation_day,r_DHHNGSP,const_mean,"(0,5)",-0.16889535236180286,-0.4663033989417754,
liberation_day,r_DHHNGSP,const_mean,"(0,10)",-0.23845747223627686,-0.48622927202374217,
liberation_day,r_DHHNGSP,const_mean,"(0,20)",-0.3164325970397443,-0.4669797793726413,
liberation_day,r_Gold,const_mean,"(-1,1)",-0.006602747188645717,-0.42001229249729527,
liberation_day,r_Gold,const_mean,"(0,1)",-0.001479033110751678,-0.11522875198864778,
liberation_day,r_Gold,const_mean,"(0,5)",-0.015592813575989933,-0.7013694108533304,
liberation_day,r_Gold,const_mean,"(0,10)",0.05988706827231217,1.9894575183427745,**
liberation_day,r_Gold,const_mean,"(0,20)",0.03269710522223139,0.7861358775665546,
liberation_day,r_EuroStoxx50_EUR,const_mean,"(-1,1)",-0.028625118628843288,-1.872749630867715,*
liberation_day,r_EuroStoxx50_EUR,const_mean,"(0,1)",-0.04138517090066643,-3.316063264164599,***
liberation_day,r_EuroStoxx50_EUR,const_mean,"(0,5)",-0.1457615568152425,-6.743112809522724,***
liberation_day,r_EuroStoxx50_EUR,const_mean,"(0,10)",-0.07814537927438149,-2.669930847651378,***
liberation_day,r_EuroStoxx50_EUR,const_mean,"(0,20)",-0.04836430734647668,-1.1959372065417424,
liberation_day,d_DGS10,const_mean,"(-1,1)",-0.1837500000000008,-1.9709231619073821,**
liberation_day,d_DGS10,const_mean,"(0,1)",-0.11916666666666698,-1.5654628522756135,
liberation_day,d_DGS10,const_mean,"(0,5)",0.14249999999999985,1.0807922255781368,
liberation_day,d_DGS10,const_mean,"(0,10)",0.06958333333333336,0.3897730968954822,
liberation_day,d_DGS10,const_mean,"(0,20)",-0.09624999999999967,-0.3902061084072369,
liberation_day,d_DGS5,const_mean,"(-1,1)",-0.22399999999999987,-2.321869826249998,**
liberation_day,d_DGS5,const_mean,"(0,1)",-0.1693333333333334,-2.149700396076179,**
liberation_day,d_DGS5,const_mean,"(0,5)",0.12199999999999946,0.8942000343714437,
liberation_day,d_DGS5,const_mean,"(0,10)",-0.05133333333333309,-0.27787763904165474,
liberation_day,d_DGS5,const_mean,"(0,20)",-0.2879999999999996,-1.1283226782102076,
liberation_day,d_DFII5,const_mean,"(-1,1)",-0.10425000000000009,-1.289501514680073,
liberation_day,d_DFII5,const_mean,"(0,1)",-0.12283333333333343,-1.8608341171850507,*
liberation_day,d_DFII5,const_mean,"(0,5)",0.23149999999999987,2.024798407056206,**
liberation_day,d_DFII5,const_mean,"(0,10)",0.23441666666666652,1.5142534222745059,
liberation_day,d_DFII5,const_mean,"(0,20)",0.03024999999999977,0.14142368588325813,
liberation_day,d_T5YIE,const_mean,"(-1,1)",-0.11974999999999969,-2.2988819031161833,**
liberation_day,d_T5YIE,const_mean,"(0,1)",-0.04649999999999989,-1.0933009408443124,
liberation_day,d_T5YIE,const_mean,"(0,5)",-0.10949999999999979,-1.486415621052473,
liberation_day,d_T5YIE,const_mean,"(0,10)",-0.28574999999999984,-2.8647825542026815,***
liberation_day,d_T5YIE,const_mean,"(0,20)",-0.3182499999999997,-2.3091945920223367,**
liberation_day,d_VIXCLS,const_mean,"(-1,1)",7.6789999999999985,2.4596266617575666,**
liberation_day,d_VIXCLS,const_mean,"(0,1)",8.209333333333333,3.2204609999668516,***
liberation_day,d_VIXCLS,const_mean,"(0,5)",11.728000000000002,2.656277746639579,***
liberation_day,d_VIXCLS,const_mean,"(0,10)",10.646333333333338,1.7808562668426304,*
liberation_day,d_VIXCLS,const_mean,"(0,20)",2.5030000000000037,0.30302353066957216,
liberation_day,d_GPRD,const_mean,"(-1,1)",-92.05624008178712,-1.1163672212798261,
liberation_day,d_GPRD,const_mean,"(0,1)",5.93828074137371,0.08819829684520009,
liberation_day,d_GPRD,const_mean,"(0,5)",95.28000640869142,0.8170349289636049,
liberation_day,d_GPRD,const_mean,"(0,10)",59.417418162028014,0.37629799560458693,
liberation_day,d_GPRD,const_mean,"(0,20)",37.884258270263686,0.17364553163432178,
liberation_day,d_GPRD_ACT,const_mean,"(-1,1)",23.23504753112794,0.17957746931520166,
liberation_day,d_GPRD_ACT,const_mean,"(0,1)",34.911713409423825,0.3304646998532716,
liberation_day,d_GPRD_ACT,const_mean,"(0,5)",124.78485336303712,0.6819541191137107,
liberation_day,d_GPRD_ACT,const_mean,"(0,10)",108.90577354431151,0.4395653703011899,
liberation_day,d_GPRD_ACT,const_mean,"(0,20)",53.643738174438525,0.15670335540535238,
liberation_day,d_GPRD_THREAT,const_mean,"(-1,1)",-176.3012264251709,-1.7086142250889889,*
liberation_day,d_GPRD_THREAT,const_mean,"(0,1)",-10.454004160563155,-0.12408434211683862,
liberation_day,d_GPRD_THREAT,const_mean,"(0,5)",51.70517959594726,0.354329847620535,
liberation_day,d_GPRD_THREAT,const_mean,"(0,10)",63.44222806294758,0.3210934126232089,
liberation_day,d_GPRD_THREAT,const_mean,"(0,20)",18.558628463745066,0.06798068584158726,
liberation_day,USD_EW,const_mean,"(-1,1)",-0.010322136500123643,-1.8872230008089013,*
liberation_day,USD_EW,const_mean,"(0,1)",-0.009385741541963262,-2.1016860583121346,**
liberation_day,USD_EW,const_mean,"(0,5)",0.0026381366747744127,0.3410640278636283,
liberation_day,USD_EW,const_mean,"(0,10)",-0.01804590692352699,-1.7230450039944365,*
liberation_day,USD_EW,const_mean,"(0,20)",-0.025572830093800104,-1.7671906140198244,*
liberation_day,SAFE,const_mean,"(-1,1)",0.015028432358046882,2.384784339568428,**
liberation_day,SAFE,const_mean,"(0,1)",0.01425852691289192,2.771122466800623,***
liberation_day,SAFE,const_mean,"(0,5)",0.00974901293151106,1.0939087061604915,
liberation_day,SAFE,const_mean,"(0,10)",0.039342315458431365,3.2603155197759044,***
liberation_day,SAFE,const_mean,"(0,20)",0.04051210202260796,2.429803693324067,**
liberation_day,SAFE,market_model,"(-1,1)",0.0040054300735903265,1.6930494064699981,*
liberation_day,SAFE,market_model,"(0,1)",0.004235500143468697,2.192657545881498,**
liberation_day,SAFE,market_model,"(0,5)",0.012566277224847874,3.7558835290388655,***
liberation_day,SAFE,market_model,"(0,10)",0.020071104189258004,4.430533531147198,***
liberation_day,SAFE,market_model,"(0,20)",0.013202894811426318,2.1093110161065027,**
liberation_day,RISKY,const_mean,"(-1,1)",0.007593580982894789,1.2109776132710441,
liberation_day,RISKY,const_mean,"(0,1)",0.00760431930415296,1.4852359741091523,
liberation_day,RISKY,const_mean,"(0,5)",-0.008370568655648919,-0.9439075301435986,
liberation_day,RISKY,const_mean,"(0,10)",0.005918217051249627,0.49288393089224913,
liberation_day,RISKY,const_mean,"(0,20)",0.01789799611968403,1.078809780984918,
liberation_day,RISKY,market_model,"(-1,1)",-0.0033088811232695964,-1.3568390346061074,
liberation_day,RISKY,market_model,"(0,1)",-0.002309102350199473,-1.159674152116059,
liberation_day,RISKY,market_model,"(0,5)",-0.005584112079797006,-1.6191470509129156,
liberation_day,RISKY,market_model,"(0,10)",-0.013142257144452572,-2.81437140601975,***
liberation_day,RISKY,market_model,"(0,20)",-0.009112575872044249,-1.4123401382217038,
liberation_day,CARRY_HML,const_mean,"(-1,1)",-0.007434851375152174,-1.689885004835854,*
liberation_day,CARRY_HML,const_mean,"(0,1)",-0.0066542076087389435,-1.8523661540991798,*
liberation_day,CARRY_HML,const_mean,"(0,5)",-0.01811958158715987,-2.9121787464955804,***
liberation_day,CARRY_HML,const_mean,"(0,10)",-0.03342409840718162,-3.967426109402071,***
liberation_day,CARRY_HML,const_mean,"(0,20)",-0.022614105902923523,-1.9427425966991343,*
liberation_day,CARRY_HML,market_model,"(-1,1)",-0.007314311196859983,-1.6626623618733798,*
liberation_day,CARRY_HML,market_model,"(0,1)",-0.006544602493668132,-1.8220468287508793,*
liberation_day,CARRY_HML,market_model,"(0,5)",-0.018150389304644778,-2.917437617050385,***
liberation_day,CARRY_HML,market_model,"(0,10)",-0.03321336133371042,-3.9428272252237133,***
liberation_day,CARRY_HML,market_model,"(0,20)",-0.022315470683470104,-1.9172893644017994,*
liberation_day,HAVEN_SAFE,const_mean,"(-1,1)",0.02625384617957323,3.449155785247504,***
liberation_day,HAVEN_SAFE,const_mean,"(0,1)",0.02571113962431492,4.137012471920868,***
liberation_day,HAVEN_SAFE,const_mean,"(0,5)",0.020161730901320757,1.8729780592747844,*
liberation_day,HAVEN_SAFE,const_mean,"(0,10)",0.06623039909380951,4.54403356488627,***
liberation_day,HAVEN_SAFE,const_mean,"(0,20)",0.0583716493934684,2.898496758858247,***
liberation_day,HAVEN_SAFE,market_model,"(-1,1)",0.014644476399555885,3.266785905171231,***
liberation_day,HAVEN_SAFE,market_model,"(0,1)",0.015154938956069883,4.140441429824105,***
liberation_day,HAVEN_SAFE,market_model,"(0,5)",0.023128859284801705,3.648262176972922,***
liberation_day,HAVEN_SAFE,market_model,"(0,10)",0.045934057683434774,5.3511351632600475,***
liberation_day,HAVEN_SAFE,market_model,"(0,20)",0.029609731657065194,2.4965040571652093,**
liberation_day,HAVEN_RISKY,const_mean,"(-1,1)",0.004143400113967884,0.632010626965174,
liberation_day,HAVEN_RISKY,const_mean,"(0,1)",0.0029855321359414226,0.5577439742037259,
liberation_day,HAVEN_RISKY,const_mean,"(0,5)",-0.01770975387604094,-1.9101392773290746,*
liberation_day,HAVEN_RISKY,const_mean,"(0,10)",-0.011326749327688127,-0.9022711709687385,
liberation_day,HAVEN_RISKY,const_mean,"(0,20)",0.005383743695173887,0.31038652829682534,
liberation_day,HAVEN_RISKY,market_model,"(-1,1)",-0.005581428210857641,-1.377118112995862,
liberation_day,HAVEN_RISKY,market_model,"(0,1)",-0.005857087334909655,-1.7699181250940652,*
liberation_day,HAVEN_RISKY,market_model,"(0,5)",-0.015224277515667291,-2.6561190791578104,***
liberation_day,HAVEN_RISKY,market_model,"(0,10)",-0.028328398820986173,-3.650162173067054,***
liberation_day,HAVEN_RISKY,market_model,"(0,20)",-0.018709270618205806,-1.7447519171506622,*
liberation_day,OIL_EXP,const_mean,"(-1,1)",0.012062455947166243,2.0750334346371715,**
liberation_day,OIL_EXP,const_mean,"(0,1)",0.008581420045003861,1.8079821918679997,*
liberation_day,OIL_EXP,const_mean,"(0,5)",-0.009013900753828817,-1.0964457101725331,
liberation_day,OIL_EXP,const_mean,"(0,10)",-0.0015410833795875128,-0.1384457983346724,
liberation_day,OIL_EXP,const_mean,"(0,20)",0.011736957113820095,0.7631253073803145,
liberation_day,OIL_EXP,market_model,"(-1,1)",0.0031352877643076316,0.9279147175543152,
liberation_day,OIL_EXP,market_model,"(0,1)",0.0004640992495517674,0.16822368850661165,
liberation_day,OIL_EXP,market_model,"(0,5)",-0.006732290761091709,-1.408894656905691,
liberation_day,OIL_EXP,market_model,"(0,10)",-0.017148205617954382,-2.650413424448938,***
liberation_day,OIL_EXP,market_model,"(0,20)",-0.010379874528184145,-1.1611109995198838,
liberation_day,OIL_IMP,const_mean,"(-1,1)",0.008448155293427599,1.8502128832137883,*
liberation_day,OIL_IMP,const_mean,"(0,1)",0.008377774867250167,2.247160680916048,**
liberation_day,OIL_IMP,const_mean,"(0,5)",0.008494569076095398,1.3154858067537791,
liberation_day,OIL_IMP,const_mean,"(0,10)",0.028516909023328464,3.2615688232635214,***
liberation_day,OIL_IMP,const_mean,"(0,20)",0.030733267256775696,2.5440141632540354,**
liberation_day,OIL_IMP,market_model,"(-1,1)",0.0011854527134944142,0.48239632494593637,
liberation_day,OIL_IMP,market_model,"(0,1)",0.001773924074288251,0.8840980092138027,
liberation_day,OIL_IMP,market_model,"(0,5)",0.01035077413924981,2.9783627372249075,***
liberation_day,OIL_IMP,market_model,"(0,10)",0.015819726151433317,3.3618861466509005,***
liberation_day,OIL_IMP,market_model,"(0,20)",0.012740106722984038,1.9594933841920448,*
tariff_pause,AUD,const_mean,"(-1,1)",0.04085627104005653,4.420651863546165,***
tariff_pause,AUD,const_mean,"(0,1)",0.04506294206807995,5.971628205504493,***
tariff_pause,AUD,const_mean,"(0,5)",0.07059454552982426,5.401118894271267,***
tariff_pause,AUD,const_mean,"(0,10)",0.07185661532782524,4.060304739915663,***
tariff_pause,AUD,const_mean,"(0,20)",0.08753450870143661,3.579792609921638,***
tariff_pause,AUD,market_model,"(-1,1)",0.01991477420757886,4.052669322008977,***
tariff_pause,AUD,market_model,"(0,1)",0.022216196469509092,5.537084090432051,***
tariff_pause,AUD,market_model,"(0,5)",0.027180301479017985,3.911155237146118,***
tariff_pause,AUD,market_model,"(0,10)",0.02680682108689541,2.8488880445444047,***
tariff_pause,AUD,market_model,"(0,20)",0.027152187649880213,2.0884380083467287,**
tariff_pause,BRL,const_mean,"(-1,1)",0.005553496122460569,0.3880487231382271,
tariff_pause,BRL,const_mean,"(0,1)",0.02171893251068431,1.8586768555516937,*
tariff_pause,BRL,const_mean,"(0,5)",0.02596167757089443,1.2827367575339468,
tariff_pause,BRL,const_mean,"(0,10)",0.05431567165444762,1.9820254414989749,**
tariff_pause,BRL,const_mean,"(0,20)",0.05042516582022509,1.3317358800507246,
tariff_pause,BRL,market_model,"(-1,1)",-0.011606798648277995,-0.9072441039888421,
tariff_pause,BRL,market_model,"(0,1)",0.0029974011817719415,0.2869473429978047,
tariff_pause,BRL,market_model,"(0,5)",-0.009613679392377363,-0.531356919988648,
tariff_pause,BRL,market_model,"(0,10)",0.017400079864631317,0.7102761475071799,
tariff_pause,BRL,market_model,"(0,20)",0.0009454922097362518,0.027933196653953513,
tariff_pause,CAD,const_mean,"(-1,1)",0.020010104492516632,3.250768967851142,***
tariff_pause,CAD,const_mean,"(0,1)",0.020720667775515622,4.1227416980190705,***
tariff_pause,CAD,const_mean,"(0,5)",0.031135017215643566,3.5766040263908185,***
tariff_pause,CAD,const_mean,"(0,10)",0.03125191561386873,2.651414802146072,***
tariff_pause,CAD,const_mean,"(0,20)",0.03822883416183625,2.3473550428101797,**
tariff_pause,CAD,market_model,"(-1,1)",0.008431617619726578,1.9262372052077594,*
tariff_pause,CAD,market_model,"(0,1)",0.008088774930646372,2.2632224641893277,**
tariff_pause,CAD,market_model,"(0,5)",0.0071314200107492455,1.1520196363150943,
tariff_pause,CAD,market_model,"(0,10)",0.006344027920208307,0.756882100433306,
tariff_pause,CAD,market_model,"(0,20)",0.004843641248607275,0.41823638609457486,
tariff_pause,CHF,const_mean,"(-1,1)",0.043860044739058995,5.894678656365099,***
tariff_pause,CHF,const_mean,"(0,1)",0.029209785090670064,4.808006606475297,***
tariff_pause,CHF,const_mean,"(0,5)",0.04295369120886827,4.082033433032225,***
tariff_pause,CHF,const_mean,"(0,10)",0.02252010995685983,1.5806141152798068,
tariff_pause,CHF,const_mean,"(0,20)",0.03372108269408722,1.7129455366599298,*
tariff_pause,CHF,market_model,"(-1,1)",0.029177849070984224,5.807105593174574,***
tariff_pause,CHF,market_model,"(0,1)",0.013191809301245264,3.2155587124759166,***
tariff_pause,CHF,market_model,"(0,5)",0.012515732020252173,1.76135828877287,*
tariff_pause,CHF,market_model,"(0,10)",-0.009064542236007491,-0.9421425347939452,
tariff_pause,CHF,market_model,"(0,20)",-0.008613286222490878,-0.6479273443970598,
tariff_pause,CLP,const_mean,"(-1,1)",0.0015927682870005228,0.13793101387286646,
tariff_pause,CLP,const_mean,"(0,1)",0.01273504262291408,1.350688993419126,
tariff_pause,CLP,const_mean,"(0,5)",0.02786898565532189,1.7065361508354553,*
tariff_pause,CLP,const_mean,"(0,10)",0.05857634675981839,2.64908501359016,***
tariff_pause,CLP,const_mean,"(0,20)",0.05386485032307062,1.7630546150947966,*
tariff_pause,CLP,market_model,"(-1,1)",-0.017990020152313074,-2.0142530738512274,**
tariff_pause,CLP,market_model,"(0,1)",-0.008629379851880826,-1.183334703331307,
tariff_pause,CLP,market_model,"(0,5)",-0.012728492323480303,-1.0077303822315786,
tariff_pause,CLP,market_model,"(0,10)",0.01644943496779439,0.9618285291442322,
tariff_pause,CLP,market_model,"(0,20)",-0.002599796310664781,-0.11002026542171067,
tariff_pause,CNY,const_mean,"(-1,1)",-0.00010931354971921263,-0.02988249423326222,
tariff_pause,CNY,const_mean,"(0,1)",0.003790813334405458,1.2691731511726039,
tariff_pause,CNY,const_mean,"(0,5)",0.005833553369435274,1.1276154680982782,
tariff_pause,CNY,const_mean,"(0,10)",0.009629917189306367,1.374768853722298,
tariff_pause,CNY,const_mean,"(0,20)",0.020442646075960504,2.112180052491432,**
tariff_pause,CNY,market_model,"(-1,1)",-0.006446751427798613,-2.3126762574423223,**
tariff_pause,CNY,market_model,"(0,1)",-0.003123202034480481,-1.3722069831888437,
tariff_pause,CNY,market_model,"(0,5)",-0.00730471830697434,-1.8529444160415818,*
tariff_pause,CNY,market_model,"(0,10)",-0.004003314222279094,-0.7499941587391039,
tariff_pause,CNY,market_model,"(0,20)",0.002169395999346485,0.29414653147584696,
tariff_pause,COP,const_mean,"(-1,1)",0.005906916883846147,0.5037002344690747,
tariff_pause,COP,const_mean,"(0,1)",0.01498918673154653,1.5654348306442623,
tariff_pause,COP,const_mean,"(0,5)",0.025298879994553797,1.5254486405370562,
tariff_pause,COP,const_mean,"(0,10)",0.023351561806623573,1.0398998375140829,
tariff_pause,COP,const_mean,"(0,20)",0.02654787247661214,0.8556418063577882,
tariff_pause,COP,market_model,"(-1,1)",-0.012632655890614242,-1.3352928373367319,
tariff_pause,COP,market_model,"(0,1)",-0.005237108746405365,-0.6779834219205649,
tariff_pause,COP,market_model,"(0,5)",-0.013135886319754514,-0.9818072542637262,
tariff_pause,COP,market_model,"(0,10)",-0.016531162216660532,-0.9125349890408616,
tariff_pause,COP,market_model,"(0,20)",-0.0269087855828067,-1.0750457119378984,
tariff_pause,CZK,const_mean,"(-1,1)",0.03355270282304165,3.3140192980412184,***
tariff_pause,CZK,const_mean,"(0,1)",0.026176511400512498,3.166539566507701,***
tariff_pause,CZK,const_mean,"(0,5)",0.0458909835050261,3.205087498577171,***
tariff_pause,CZK,const_mean,"(0,10)",0.039361621951751045,2.0303214054938037,**
tariff_pause,CZK,const_mean,"(0,20)",0.04277941257933446,1.5970309015432211,
tariff_pause,CZK,market_model,"(-1,1)",0.009293019983130877,2.063563958085757,**
tariff_pause,CZK,market_model,"(0,1)",-0.0002903074032836045,-0.07895230316366729,
tariff_pause,CZK,market_model,"(0,5)",-0.004402259610892724,-0.6912286259593651,
tariff_pause,CZK,market_model,"(0,10)",-0.012826324737582731,-1.4873993210275223,
tariff_pause,CZK,market_model,"(0,20)",-0.027170504065430676,-2.280393205810764,**
tariff_pause,DKK,const_mean,"(-1,1)",0.026859680343327523,3.091814892970225,***
tariff_pause,DKK,const_mean,"(0,1)",0.02207661754412565,3.11236704715664,***
tariff_pause,DKK,const_mean,"(0,5)",0.040376899856906845,3.286477155708345,***
tariff_pause,DKK,const_mean,"(0,10)",0.03381443736488162,2.032727185367188,**
tariff_pause,DKK,const_mean,"(0,20)",0.03467019567255665,1.508411788076041,
tariff_pause,DKK,market_model,"(-1,1)",0.006004589522935752,1.5658620352207127,
tariff_pause,DKK,market_model,"(0,1)",-0.0006758608589287982,-0.2158604588724968,
tariff_pause,DKK,market_model,"(0,5)",-0.0028582141285482116,-0.527047714439729,
tariff_pause,DKK,market_model,"(0,10)",-0.011049478421571553,-1.5047911674074388,
tariff_pause,DKK,market_model,"(0,20)",-0.02546298389669348,-2.509749901622581,**
tariff_pause,EUR,const_mean,"(-1,1)",0.02704062397413924,3.106324040465266,***
tariff_pause,EUR,const_mean,"(0,1)",0.022092206863061795,3.108241677906712,***
tariff_pause,EUR,const_mean,"(0,5)",0.04037590895034508,3.279724494797557,***
tariff_pause,EUR,const_mean,"(0,10)",0.03375063905485772,2.0247729679914883,**
tariff_pause,EUR,const_mean,"(0,20)",0.03387852331730061,1.470975709105833,
tariff_pause,EUR,market_model,"(-1,1)",0.006122095599954648,1.5999285456073167,
tariff_pause,EUR,market_model,"(0,1)",-0.0007294806163301443,-0.2334854735833884,
tariff_pause,EUR,market_model,"(0,5)",-0.002990718721279554,-0.5526638415797344,
tariff_pause,EUR,market_model,"(0,10)",-0.011249744949143412,-1.535350169058852,
tariff_pause,EUR,market_model,"(0,20)",-0.026437570910366078,-2.611397653709291,***
tariff_pause,GBP,const_mean,"(-1,1)",0.01977228117968733,2.4540878629921727,**
tariff_pause,GBP,const_mean,"(0,1)",0.016020448956153954,2.435306577726796,**
tariff_pause,GBP,const_mean,"(0,5)",0.03718661642692286,3.2636606559152654,***
tariff_pause,GBP,const_mean,"(0,10)",0.03883224923044384,2.5170402524540596,**
tariff_pause,GBP,const_mean,"(0,20)",0.042834432691316614,2.0094505770309685,**
tariff_pause,GBP,market_model,"(-1,1)",0.0025802920276863884,0.5309243737882324,
tariff_pause,GBP,market_model,"(0,1)",-0.0027356602957883816,-0.6894005090722034,
tariff_pause,GBP,market_model,"(0,5)",0.0015455531956525817,0.2248706434155348,
tariff_pause,GBP,market_model,"(0,10)",0.0018484758122613637,0.1986286357893732,
tariff_pause,GBP,market_model,"(0,20)",-0.006736627906464687,-0.5239107900791049,
tariff_pause,HKD,const_mean,"(-1,1)",0.001151271236681079,1.774403319103701,*
tariff_pause,HKD,const_mean,"(0,1)",0.0015701215952056528,2.963832139423578,***
tariff_pause,HKD,const_mean,"(0,5)",0.001091207645236958,1.1892333754170148,
tariff_pause,HKD,const_mean,"(0,10)",0.001391315389678689,1.1198621352704465,
tariff_pause,HKD,const_mean,"(0,20)",0.0012120035467660917,0.7060404084274827,
tariff_pause,HKD,market_model,"(-1,1)",0.0005554476399672088,0.9114629026382007,
tariff_pause,HKD,market_model,"(0,1)",0.0009200902127957874,1.8491490209504386,*
tariff_pause,HKD,market_model,"(0,5)",-0.00014400640110801303,-0.1670946982916604,
tariff_pause,HKD,market_model,"(0,10)",0.0001095669716657797,0.09389442666491227,
tariff_pause,HKD,market_model,"(0,20)",-0.0005059830897513979,-0.31382161570640044,
tariff_pause,HUF,const_mean,"(-1,1)",0.028907535490775828,2.3693040831559493,**
tariff_pause,HUF,const_mean,"(0,1)",0.02333649847351972,2.342561804030151,**
tariff_pause,HUF,const_mean,"(0,5)",0.03995855046865236,2.3158182012416195,**
tariff_pause,HUF,const_mean,"(0,10)",0.031746352157750714,1.358838520041601,
tariff_pause,HUF,const_mean,"(0,20)",0.04161849914778311,1.289279656275064,
tariff_pause,HUF,market_model,"(-1,1)",-1.5877134558483358e-05,-0.0028074282411226364,
tariff_pause,HUF,market_model,"(0,1)",-0.008218354332831617,-1.7797829020772804,*
tariff_pause,HUF,market_model,"(0,5)",-0.020003165952258803,-2.5010379353153387,**
tariff_pause,HUF,market_model,"(0,10)",-0.030474309428198634,-2.814068706227421,***
tariff_pause,HUF,market_model,"(0,20)",-0.041778728902364136,-2.792175689689762,***
tariff_pause,IDR,const_mean,"(-1,1)",-0.012914985750822375,-2.1073942694758903,**
tariff_pause,IDR,const_mean,"(0,1)",0.0048440832385855835,0.9680751902429114,
tariff_pause,IDR,const_mean,"(0,5)",0.00532209638537795,0.6140724325643887,
tariff_pause,IDR,const_mean,"(0,10)",0.005403756238016861,0.46048119370461826,
tariff_pause,IDR,const_mean,"(0,20)",0.030077383988799476,1.854995685188052,*
tariff_pause,IDR,market_model,"(-1,1)",-0.019329821399814262,-3.4273414504396817,***
tariff_pause,IDR,market_model,"(0,1)",-0.0021543715185675626,-0.4678382867183565,
tariff_pause,IDR,market_model,"(0,5)",-0.007976630187941033,-1.0000782725088277,
tariff_pause,IDR,market_model,"(0,10)",-0.008395974907671022,-0.7774365398331514,
tariff_pause,IDR,market_model,"(0,20)",0.011580966624321655,0.7761136505715911,
tariff_pause,ILS,const_mean,"(-1,1)",0.004889793367712057,0.5021235743553043,
tariff_pause,ILS,const_mean,"(0,1)",0.006540645544432171,0.8225955356843583,
tariff_pause,ILS,const_mean,"(0,5)",0.023072105108276814,1.6752989960381273,*
tariff_pause,ILS,const_mean,"(0,10)",0.03267871177308964,1.7524648553024385,*
tariff_pause,ILS,const_mean,"(0,20)",0.0486779216434098,1.889309515088649,*
tariff_pause,ILS,market_model,"(-1,1)",-0.002327027691984656,-0.24868936264143185,
tariff_pause,ILS,market_model,"(0,1)",-0.0013327589261398444,-0.1744427350341115,
tariff_pause,ILS,market_model,"(0,5)",0.008110766228681444,0.6129182376551457,
tariff_pause,ILS,market_model,"(0,10)",0.01715373252190589,0.9573672710484328,
tariff_pause,ILS,market_model,"(0,20)",0.027869074516378392,1.1257168962023472,
tariff_pause,INR,const_mean,"(-1,1)",-0.0032187742074863343,-0.9853004468506539,
tariff_pause,INR,const_mean,"(0,1)",0.0009018544899300103,0.33811175381495834,
tariff_pause,INR,const_mean,"(0,5)",0.00836132333002403,1.8098316846436877,*
tariff_pause,INR,const_mean,"(0,10)",0.012260476035610802,1.9599716282046131,*
tariff_pause,INR,const_mean,"(0,20)",0.021261399997748787,2.45992012318152,**
tariff_pause,INR,market_model,"(-1,1)",-0.0062605163706219245,-2.0442059976778224,**
tariff_pause,INR,market_model,"(0,1)",-0.002416624123777727,-0.9664274092528244,
tariff_pause,INR,market_model,"(0,5)",0.0020554256348222686,0.47457108475875553,
tariff_pause,INR,market_model,"(0,10)",0.005717015475967195,0.9748732534439157,
tariff_pause,INR,market_model,"(0,20)",0.012490897424806467,1.5415553562996849,
tariff_pause,JPY,const_mean,"(-1,1)",0.023484040799377083,2.2463228205068506,**
tariff_pause,JPY,const_mean,"(0,1)",0.012848859724307523,1.5052532038551187,
tariff_pause,JPY,const_mean,"(0,5)",0.031465525956559964,2.128233821419499,**
tariff_pause,JPY,const_mean,"(0,10)",0.02065846341479446,1.0319570992855023,
tariff_pause,JPY,const_mean,"(0,20)",0.019041422829258466,0.6884140413552302,
tariff_pause,JPY,market_model,"(-1,1)",0.010460479678785235,1.1306254441403127,
tariff_pause,JPY,market_model,"(0,1)",-0.001359579628897805,-0.1799771759589245,
tariff_pause,JPY,market_model,"(0,5)",0.004466115865534922,0.3413360376551453,
tariff_pause,JPY,market_model,"(0,10)",-0.007358098794690183,-0.4153335882181518,
tariff_pause,JPY,market_model,"(0,20)",-0.01851047019486131,-0.7561981060879509,
tariff_pause,KRW,const_mean,"(-1,1)",0.013801916946743575,1.6111615075157424,
tariff_pause,KRW,const_mean,"(0,1)",0.024020645845035785,3.434234742870687,***
tariff_pause,KRW,const_mean,"(0,5)",0.05389402256741185,4.44861958906,***
tariff_pause,KRW,const_mean,"(0,10)",0.04892616700449712,2.9826695876778517,***
tariff_pause,KRW,const_mean,"(0,20)",0.07672602900451084,3.3852704436830074,***
tariff_pause,KRW,market_model,"(-1,1)",-0.003834535994755136,-0.7009347976172434,
tariff_pause,KRW,market_model,"(0,1)",0.004779635670887933,1.070052843022606,
tariff_pause,KRW,market_model,"(0,5)",0.017331532392147932,2.240199868434251,**
tariff_pause,KRW,market_model,"(0,10)",0.01098625361100182,1.0487662597360012,
tariff_pause,KRW,market_model,"(0,20)",0.025873409812903335,1.787596309807066,*
tariff_pause,KWD,const_mean,"(-1,1)",0.003690082219305069,2.8311929560983717,***
tariff_pause,KWD,const_mean,"(0,1)",0.003836318519229412,3.60490408568087,***
tariff_pause,KWD,const_mean,"(0,5)",0.005236422978222838,2.8408816946010953,***
tariff_pause,KWD,const_mean,"(0,10)",0.00603360505798091,2.4175451304190734,**
tariff_pause,KWD,const_mean,"(0,20)",0.005377190923903174,1.559336566334949,
tariff_pause,KWD,market_model,"(-1,1)",0.0013764215857791906,1.4115199360103183,
tariff_pause,KWD,market_model,"(0,1)",0.0013121619931488456,1.6480433279010032,
tariff_pause,KWD,market_model,"(0,5)",0.0004399259466039472,0.31900693242760064,
tariff_pause,KWD,market_model,"(0,10)",0.001056408999959286,0.5657595829081568,
tariff_pause,KWD,market_model,"(0,20)",-0.0012939749576704408,-0.5015478731154471,
tariff_pause,MXN,const_mean,"(-1,1)",0.01324747318148397,1.0613561056115577,
tariff_pause,MXN,const_mean,"(0,1)",0.01921093212533228,1.8850468166180503,*
tariff_pause,MXN,const_mean,"(0,5)",0.046714885663817735,2.646478474870448,***
tariff_pause,MXN,const_mean,"(0,10)",0.06320070716486577,2.644321743523766,***
tariff_pause,MXN,const_mean,"(0,20)",0.06848999434201686,2.073987735808063,**
tariff_pause,MXN,market_model,"(-1,1)",-0.005371388129029039,-0.5184027943632916,
tariff_pause,MXN,market_model,"(0,1)",-0.0011018655270615095,-0.13024318988594114,
tariff_pause,MXN,market_model,"(0,5)",0.008115744668838028,0.5538525711141935,
tariff_pause,MXN,market_model,"(0,10)",0.02314741595321835,1.166668842244281,
tariff_pause,MXN,market_model,"(0,20)",0.0148047171978241,0.5400474187939439,
tariff_pause,MYR,const_mean,"(-1,1)",0.0035392282287258553,0.5354298293233847,
tariff_pause,MYR,const_mean,"(0,1)",0.00570588823783747,1.0572139465420727,
tariff_pause,MYR,const_mean,"(0,5)",0.019801458406488313,2.1182449188611896,**
tariff_pause,MYR,const_mean,"(0,10)",0.025660966891569638,2.027361964472033,**
tariff_pause,MYR,const_mean,"(0,20)",0.06374744279660359,3.64508568037627,***
tariff_pause,MYR,market_model,"(-1,1)",-0.004021224737694035,-0.6729476526283343,
tariff_pause,MYR,market_model,"(0,1)",-0.002542411628954768,-0.5210920324829207,
tariff_pause,MYR,market_model,"(0,5)",0.004127729214898281,0.4884489027597607,
tariff_pause,MYR,market_model,"(0,10)",0.00939675935998478,0.8212309851436682,
tariff_pause,MYR,market_model,"(0,20)",0.04194777384430809,2.6532784817220896,***
tariff_pause,NOK,const_mean,"(-1,1)",0.013473909269928176,1.3686044861990376,
tariff_pause,NOK,const_mean,"(0,1)",0.011909880089257118,1.4816217990385543,
tariff_pause,NOK,const_mean,"(0,5)",0.03552808019390786,2.5517673909657064,**
tariff_pause,NOK,const_mean,"(0,10)",0.037409737140340855,1.984418568213784,**
tariff_pause,NOK,const_mean,"(0,20)",0.053503837919421655,2.0540937277686497,**
tariff_pause,NOK,market_model,"(-1,1)",-0.008361536372537792,-1.5187342849274434,
tariff_pause,NOK,market_model,"(0,1)",-0.011912145414247427,-2.6499112545417103,***
tariff_pause,NOK,market_model,"(0,5)",-0.009739427361232563,-1.250875651187666,
tariff_pause,NOK,market_model,"(0,10)",-0.009563138830326653,-0.9071110538540172,
tariff_pause,NOK,market_model,"(0,20)",-0.009456078443500278,-0.6491689812671776,
tariff_pause,NZD,const_mean,"(-1,1)",0.03754589269553782,3.8040988368946707,***
tariff_pause,NZD,const_mean,"(0,1)",0.03751770722453468,4.655553020132933,***
tariff_pause,NZD,const_mean,"(0,5)",0.07338339721767524,5.257413945778713,***
tariff_pause,NZD,const_mean,"(0,10)",0.07808620412037864,4.1316921398184405,***
tariff_pause,NZD,const_mean,"(0,20)",0.08303095164174586,3.1796575803355056,***
tariff_pause,NZD,market_model,"(-1,1)",0.014905220784300332,2.9345740157552482,***
tariff_pause,NZD,market_model,"(0,1)",0.012817196297611012,3.090617928002988,***
tariff_pause,NZD,market_model,"(0,5)",0.02644655866732387,3.681805349498198,***
tariff_pause,NZD,market_model,"(0,10)",0.029381108241280804,3.0209192196283063,***
tariff_pause,NZD,market_model,"(0,20)",0.01774926088661798,1.320802575872739,
tariff_pause,PEN,const_mean,"(-1,1)",-0.0055046725260175485,-1.0946606709405469,
tariff_pause,PEN,const_mean,"(0,1)",0.0026991777187538686,0.6573930932296315,
tariff_pause,PEN,const_mean,"(0,5)",0.003461696733185404,0.4867680308021923,
tariff_pause,PEN,const_mean,"(0,10)",0.011853350492310425,1.2309869197683811,
tariff_pause,PEN,const_mean,"(0,20)",0.021570573866020962,1.6212900090920699,
tariff_pause,PEN,market_model,"(-1,1)",-0.011859610002896747,-2.675734830747089,***
tariff_pause,PEN,market_model,"(0,1)",-0.00423392935523101,-1.1699354514545328,
tariff_pause,PEN,market_model,"(0,5)",-0.00971285371828805,-1.5495461470480956,
tariff_pause,PEN,market_model,"(0,10)",-0.0018175264291225995,-0.21414980527826297,
tariff_pause,PEN,market_model,"(0,20)",0.003246865772892862,0.27687770042776655,
tariff_pause,PLN,const_mean,"(-1,1)",0.03432593278083819,3.069947505054543,***
tariff_pause,PLN,const_mean,"(0,1)",0.027210067108424628,2.9804637494440893,***
tariff_pause,PLN,const_mean,"(0,5)",0.03932042793054409,2.4866338392506027,**
tariff_pause,PLN,const_mean,"(0,10)",0.03087871861353651,1.4422221335005596,
tariff_pause,PLN,const_mean,"(0,20)",0.03087936808024728,1.0438257011121275,
tariff_pause,PLN,market_model,"(-1,1)",0.007869892036936046,1.508039911210947,
tariff_pause,PLN,market_model,"(0,1)",-0.001652933337845039,-0.3879225532235243,
tariff_pause,PLN,market_model,"(0,5)",-0.01552612953675948,-2.1037409873167676,**
tariff_pause,PLN,market_model,"(0,10)",-0.026034080002370112,-2.605257056604703,***
tariff_pause,PLN,market_model,"(0,20)",-0.045403485945443335,-3.2883969672464253,***
tariff_pause,SAR,const_mean,"(-1,1)",0.0002470436180583228,0.816969300897579,
tariff_pause,SAR,const_mean,"(0,1)",1.3760901883581872e-05,0.05573456631768759,
tariff_pause,SAR,const_mean,"(0,5)",0.0003610290420651836,0.8442270036792857,
tariff_pause,SAR,const_mean,"(0,10)",0.0007019971742588865,1.212360413219835,
tariff_pause,SAR,const_mean,"(0,20)",0.0006642650116530742,0.8302797694703761,
tariff_pause,SAR,market_model,"(-1,1)",0.00012697088687272151,0.4245933052527432,
tariff_pause,SAR,market_model,"(0,1)",-0.0001172359969851057,-0.48014852568606375,
tariff_pause,SAR,market_model,"(0,5)",0.00011210381493175154,0.26507842609376997,
tariff_pause,SAR,market_model,"(0,10)",0.0004436941562306462,0.7748488318831683,
tariff_pause,SAR,market_model,"(0,20)",0.00031804953995183784,0.4019895290469154,
tariff_pause,SEK,const_mean,"(-1,1)",0.020050010519145303,1.7494867064200823,*
tariff_pause,SEK,const_mean,"(0,1)",0.015840353561624006,1.692803477379185,*
tariff_pause,SEK,const_mean,"(0,5)",0.02587262490756601,1.5963258134788154,
tariff_pause,SEK,const_mean,"(0,10)",0.03003889788279742,1.368813630764239,
tariff_pause,SEK,const_mean,"(0,20)",0.03096803109769035,1.0213171306428697,
tariff_pause,SEK,market_model,"(-1,1)",-0.005843669590114776,-0.9521192707982289,
tariff_pause,SEK,market_model,"(0,1)",-0.012409122910829603,-2.4762381986548236,**
tariff_pause,SEK,market_model,"(0,5)",-0.027808091262325956,-3.203774093599049,***
tariff_pause,SEK,market_model,"(0,10)",-0.02566413855218748,-2.18371862906294,**
tariff_pause,SEK,market_model,"(0,20)",-0.04369332277166707,-2.6907401308417156,***
tariff_pause,SGD,const_mean,"(-1,1)",0.01638650871012986,2.701912702645607,***
tariff_pause,SGD,const_mean,"(0,1)",0.016521816099532342,3.3364782129710138,***
tariff_pause,SGD,const_mean,"(0,5)",0.03286318505648602,3.8315944408239084,***
tariff_pause,SGD,const_mean,"(0,10)",0.030271160976096723,2.6066231156400574,***
tariff_pause,SGD,const_mean,"(0,20)",0.048409682695696836,3.016949883974053,***
tariff_pause,SGD,market_model,"(-1,1)",0.001533676782018092,0.6281993434415594,
tariff_pause,SGD,market_model,"(0,1)",0.0003176796333353429,0.15936708814090117,
tariff_pause,SGD,market_model,"(0,5)",0.002071476358156065,0.5999687336190616,
tariff_pause,SGD,market_model,"(0,10)",-0.0016805675755524956,-0.35948758799769936,
tariff_pause,SGD,market_model,"(0,20)",0.005583304372197471,0.8643824073083128,
tariff_pause,THB,const_mean,"(-1,1)",0.024532839568233045,2.705600970249382,***
tariff_pause,THB,const_mean,"(0,1)",0.029065576136763728,3.92591138612663,***
tariff_pause,THB,const_mean,"(0,5)",0.0532116885512505,4.149616576400996,***
tariff_pause,THB,const_mean,"(0,10)",0.03838712502396788,2.21088319772153,**
tariff_pause,THB,const_mean,"(0,20)",0.058567988852917426,2.4413341061276346,**
tariff_pause,THB,market_model,"(-1,1)",0.006747396444118867,1.094219200995408,
tariff_pause,THB,market_model,"(0,1)",0.00966202071448342,1.9190297045166058,*
tariff_pause,THB,market_model,"(0,5)",0.016340323790708093,1.873759137040613,*
tariff_pause,THB,market_model,"(0,10)",0.00012670077470910632,0.01073029491906585,
tariff_pause,THB,market_model,"(0,20)",0.007285774149958277,0.44657539182032846,
tariff_pause,TRY,const_mean,"(-1,1)",0.004352477071590803,0.6026147442185184,
tariff_pause,TRY,const_mean,"(0,1)",0.002505945409198102,0.4249330365894009,
tariff_pause,TRY,const_mean,"(0,5)",0.0001931928493917052,0.018913822608328638,
tariff_pause,TRY,const_mean,"(0,10)",0.00018353797058850963,0.013270688998649678,
tariff_pause,TRY,const_mean,"(0,20)",-0.0002983456229354701,-0.015612552509399651,
tariff_pause,TRY,market_model,"(-1,1)",0.004097825275555304,0.5674066403817257,
tariff_pause,TRY,market_model,"(0,1)",0.0022281254975278315,0.3778559412062101,
tariff_pause,TRY,market_model,"(0,5)",-0.0003347309809581644,-0.03277342950803127,
tariff_pause,TRY,market_model,"(0,10)",-0.00036427439957076096,-0.026341100359125194,
tariff_pause,TRY,market_model,"(0,20)",-0.0010326038580356451,-0.05404128914831086,
tariff_pause,TWD,const_mean,"(-1,1)",0.006138071408341133,1.2811450186432982,
tariff_pause,TWD,const_mean,"(0,1)",0.009570559260507955,2.44652299457939,**
tariff_pause,TWD,const_mean,"(0,5)",0.02378034985764057,3.5096967827844017,***
tariff_pause,TWD,const_mean,"(0,10)",0.019100396800148956,2.081963110185714,**
tariff_pause,TWD,const_mean,"(0,20)",0.08994951157825903,7.096041475237673,***
tariff_pause,TWD,market_model,"(-1,1)",-0.0027796116587967025,-0.8076741438434065,
tariff_pause,TWD,market_model,"(0,1)",-0.00015845094317555944,-0.056388755986947606,
tariff_pause,TWD,market_model,"(0,5)",0.005292919272256817,1.0875076676796531,
tariff_pause,TWD,market_model,"(0,10)",-8.351304612979086e-05,-0.012672744091276507,
tariff_pause,TWD,market_model,"(0,20)",0.06423643068898639,7.054795620637299,***
tariff_pause,ZAR,const_mean,"(-1,1)",0.01313474525681367,1.1146787669820717,
tariff_pause,ZAR,const_mean,"(0,1)",0.018302743491377182,1.9023476972603444,*
tariff_pause,ZAR,const_mean,"(0,5)",0.050027304040704254,3.0020655854805063,***
tariff_pause,ZAR,const_mean,"(0,10)",0.060671807336328605,2.688928729269074,***
tariff_pause,ZAR,const_mean,"(0,20)",0.08570258923605482,2.7489889697867325,***
tariff_pause,ZAR,market_model,"(-1,1)",-0.010516523944525166,-1.349855481899665,
tariff_pause,ZAR,market_model,"(0,1)",-0.007500308451322525,-1.1790706078618294,
tariff_pause,ZAR,market_model,"(0,5)",0.0009953756435994304,0.09034145301790897,
tariff_pause,ZAR,market_model,"(0,10)",0.009792693031341547,0.6564195172401046,
tariff_pause,ZAR,market_model,"(0,20)",0.017506961119482238,0.8493306695013658,
tariff_pause,r_DTWEXBGS,const_mean,"(-1,1)",-0.01448967426413805,-2.527779968454587,**
tariff_pause,r_DTWEXBGS,const_mean,"(0,1)",-0.014566728856235733,-3.1123491521781834,***
tariff_pause,r_DTWEXBGS,const_mean,"(0,5)",-0.0301046632580987,-3.7136367541372737,***
tariff_pause,r_DTWEXBGS,const_mean,"(0,10)",-0.03324823075585888,-3.0290990193053062,***
tariff_pause,r_DTWEXBGS,const_mean,"(0,20)",-0.04293031983439715,-2.8307124143264457,***
tariff_pause,r_DTWEXAFEGS,const_mean,"(-1,1)",-0.023267278951095732,-3.393375828733345,***
tariff_pause,r_DTWEXAFEGS,const_mean,"(0,1)",-0.02109005267868609,-3.767121775932624,***
tariff_pause,r_DTWEXAFEGS,const_mean,"(0,5)",-0.03731634502599347,-3.848313705239096,***
tariff_pause,r_DTWEXAFEGS,const_mean,"(0,10)",-0.036020263937245396,-2.743453104473617,***
tariff_pause,r_DTWEXAFEGS,const_mean,"(0,20)",-0.041177366439611944,-2.2698434888837773,**
tariff_pause,r_DTWEXEMEGS,const_mean,"(-1,1)",-0.005985709615035714,-1.0459040681793312,
tariff_pause,r_DTWEXEMEGS,const_mean,"(0,1)",-0.008246275991244542,-1.7647358309570595,*
tariff_pause,r_DTWEXEMEGS,const_mean,"(0,5)",-0.023117053564071524,-2.8562333754998903,***
tariff_pause,r_DTWEXEMEGS,const_mean,"(0,10)",-0.03056190971769848,-2.7888231920541653,***
tariff_pause,r_DTWEXEMEGS,const_mean,"(0,20)",-0.04462871780718648,-2.947417093076438,***
tariff_pause,r_SP500,const_mean,"(-1,1)",0.039738537290671054,2.5796067053925067,**
tariff_pause,r_SP500,const_mean,"(0,1)",0.05560052092618797,4.420446205735154,***
tariff_pause,r_SP500,const_mean,"(0,5)",0.0569040320472223,2.611978887270383,***
tariff_pause,r_SP500,const_mean,"(0,10)",0.0755267390889165,2.5603930444209437,**
tariff_pause,r_SP500,const_mean,"(0,20)",0.12157598326108875,2.982911650706079,***
tariff_pause,r_DCOILBRENTEU,const_mean,"(-1,1)",-0.01010771231273537,-0.3674642744549107,
tariff_pause,r_DCOILBRENTEU,const_mean,"(0,1)",0.00879990457826492,0.3918193163622626,
tariff_pause,r_DCOILBRENTEU,const_mean,"(0,5)",0.049296565351660666,1.267254709678563,
tariff_pause,r_DCOILBRENTEU,const_mean,"(0,10)",0.05641446567977912,1.0710679255862603,
tariff_pause,r_DCOILBRENTEU,const_mean,"(0,20)",-0.06257371117189488,-0.8598152493459351,
tariff_pause,r_DCOILWTICO,const_mean,"(-1,1)",-0.006230141879456454,-0.2072071319925746,
tariff_pause,r_DCOILWTICO,const_mean,"(0,1)",0.009897606017195797,0.4031647510665045,
tariff_pause,r_DCOILWTICO,const_mean,"(0,5)",0.04954381672449159,1.1651483519002892,
tariff_pause,r_DCOILWTICO,const_mean,"(0,10)",0.04849194976008994,0.8422493682829593,
tariff_pause,r_DCOILWTICO,const_mean,"(0,20)",0.0012632270600063215,0.015879585531884514,
tariff_pause,r_DHHNGSP,const_mean,"(-1,1)",-0.08170572430307395,-0.31930909358201265,
tariff_pause,r_DHHNGSP,const_mean,"(0,1)",-0.047255294818949745,-0.22618036950390508,
tariff_pause,r_DHHNGSP,const_mean,"(0,5)",-0.19196305046635412,-0.5304707566878686,
tariff_pause,r_DHHNGSP,const_mean,"(0,10)",-0.25157246041019865,-0.5134358443964002,
tariff_pause,r_DHHNGSP,const_mean,"(0,20)",-0.2700990962866834,-0.39896326905895263,
tariff_pause,r_Gold,const_mean,"(-1,1)",0.05893043670588974,3.7519310933017405,***
tariff_pause,r_Gold,const_mean,"(0,1)",0.06027507584237213,4.700007914422563,***
tariff_pause,r_Gold,const_mean,"(0,5)",0.10690572570389528,4.8128370997721,***
tariff_pause,r_Gold,const_mean,"(0,10)",0.08478892884069864,2.819152879065091,***
tariff_pause,r_Gold,const_mean,"(0,20)",0.09573309949981876,2.303712582022537,**
tariff_pause,r_EuroStoxx50_EUR,const_mean,"(-1,1)",0.03177953780692298,2.0656360664210633,**
tariff_pause,r_EuroStoxx50_EUR,const_mean,"(0,1)",0.007754935928147889,0.6173480415174601,
tariff_pause,r_EuroStoxx50_EUR,const_mean,"(0,5)",0.03455308765230267,1.588100912264209,
tariff_pause,r_EuroStoxx50_EUR,const_mean,"(0,10)",0.05662194838263016,1.9220085952446748,*
tariff_pause,r_EuroStoxx50_EUR,const_mean,"(0,20)",0.07365765833060164,1.8095688811937551,*
tariff_pause,d_DGS10,const_mean,"(-1,1)",0.24324999999999988,2.6592978536229395,***
tariff_pause,d_DGS10,const_mean,"(0,1)",0.1355000000000005,1.8142580503476196,*
tariff_pause,d_DGS10,const_mean,"(0,5)",0.016500000000000195,0.12755076875893923,
tariff_pause,d_DGS10,const_mean,"(0,10)",0.11525000000000062,0.6579900902970086,
tariff_pause,d_DGS10,const_mean,"(0,20)",-0.04724999999999984,-0.19523915841091605,
tariff_pause,d_DGS5,const_mean,"(-1,1)",0.2147500000000002,2.3301000738787105,**
tariff_pause,d_DGS5,const_mean,"(0,1)",0.1565000000000002,2.0797032598200045,**
tariff_pause,d_DGS5,const_mean,"(0,5)",0.01950000000000049,0.14961013494816092,
tariff_pause,d_DGS5,const_mean,"(0,10)",0.1007500000000002,0.5708877718680242,
tariff_pause,d_DGS5,const_mean,"(0,20)",-0.04674999999999957,-0.1917229030176877,
tariff_pause,d_DFII5,const_mean,"(-1,1)",0.2144999999999998,2.745464603484307,***
tariff_pause,d_DFII5,const_mean,"(0,1)",0.1929999999999998,3.025460525370525,***
tariff_pause,d_DFII5,const_mean,"(0,5)",0.09899999999999992,0.8960015255221799,
tariff_pause,d_DFII5,const_mean,"(0,10)",0.1564999999999997,1.0460854920283684,
tariff_pause,d_DFII5,const_mean,"(0,20)",0.04149999999999994,0.2007648270577597,
tariff_pause,d_T5YIE,const_mean,"(-1,1)",0.0002499999999996949,0.004794883116694055,
tariff_pause,d_T5YIE,const_mean,"(0,1)",-0.03650000000000031,-0.8573862418906552,
tariff_pause,d_T5YIE,const_mean,"(0,5)",-0.0795000000000001,-1.0781772086472958,
tariff_pause,d_T5YIE,const_mean,"(0,10)",-0.055749999999999966,-0.5584022670560322,
tariff_pause,d_T5YIE,const_mean,"(0,20)",-0.08825000000000005,-0.6397403010315458,
tariff_pause,d_VIXCLS,const_mean,"(-1,1)",-6.153249999999996,-1.9989915985834348,**
tariff_pause,d_VIXCLS,const_mean,"(0,1)",-11.538833333333331,-4.591070253419309,***
tariff_pause,d_VIXCLS,const_mean,"(0,5)",-19.476499999999994,-4.4740653765602,***
tariff_pause,d_VIXCLS,const_mean,"(0,10)",-23.48858333333333,-3.9849925814249794,***
tariff_pause,d_VIXCLS,const_mean,"(0,20)",-28.032749999999993,-3.4420969019115035,***
tariff_pause,d_GPRD,const_mean,"(-1,1)",39.45900974273681,0.48206741986371693,
tariff_pause,d_GPRD,const_mean,"(0,1)",37.40558535257975,0.5596850208639339,
tariff_pause,d_GPRD,const_mean,"(0,5)",26.14288825988769,0.2258396373625554,
tariff_pause,d_GPRD,const_mean,"(0,10)",14.952772967020659,0.09539983489171706,
tariff_pause,d_GPRD,const_mean,"(0,20)",114.90167446136468,0.5305654145846389,
tariff_pause,d_GPRD_ACT,const_mean,"(-1,1)",10.95165977478026,0.08357894954328612,
tariff_pause,d_GPRD_ACT,const_mean,"(0,1)",14.92649815877278,0.13951487881186167,
tariff_pause,d_GPRD_ACT,const_mean,"(0,5)",58.51548690795898,0.3157713982948374,
tariff_pause,d_GPRD_ACT,const_mean,"(0,10)",-27.44231554667155,-0.10937095480184185,
tariff_pause,d_GPRD_ACT,const_mean,"(0,20)",225.92857093811034,0.6516870638407501,
tariff_pause,d_GPRD_THREAT,const_mean,"(-1,1)",56.14343185424805,0.5692823737436705,
tariff_pause,d_GPRD_THREAT,const_mean,"(0,1)",19.09196421305338,0.2370964341671849,
tariff_pause,d_GPRD_THREAT,const_mean,"(0,5)",25.230436706542957,0.18089999343113403,
tariff_pause,d_GPRD_THREAT,const_mean,"(0,10)",38.59660059611001,0.2043817539419744,
tariff_pause,d_GPRD_THREAT,const_mean,"(0,20)",110.84000625610349,0.42479197425686505,
tariff_pause,USD_EW,const_mean,"(-1,1)",-0.014567372381890946,-2.675373746461957,***
tariff_pause,USD_EW,const_mean,"(0,1)",-0.01589270592790443,-3.5747585689821215,***
tariff_pause,USD_EW,const_mean,"(0,5)",-0.03019991669294459,-3.9218771537989343,***
tariff_pause,USD_EW,const_mean,"(0,10)",-0.031337641892790466,-3.0056183744464664,***
tariff_pause,USD_EW,const_mean,"(0,20)",-0.04200328959660353,-2.915664328332453,***
tariff_pause,SAFE,const_mean,"(-1,1)",0.02079774163576699,3.3699976746135807,***
tariff_pause,SAFE,const_mean,"(0,1)",0.01771122528511239,3.514856988040113,***
tariff_pause,SAFE,const_mean,"(0,5)",0.03419938494962397,3.9184717513073797,***
tariff_pause,SAFE,const_mean,"(0,10)",0.02842568811032645,2.4054076829572293,**
tariff_pause,SAFE,const_mean,"(0,20)",0.04540177058857742,2.7805915094052924,***
tariff_pause,SAFE,market_model,"(-1,1)",0.005386398579370548,2.4323446993704305,**
tariff_pause,SAFE,market_model,"(0,1)",0.0008977645779613651,0.49651769377184624,
tariff_pause,SAFE,market_model,"(0,5)",0.0022498154439978923,0.7183871078316223,
tariff_pause,SAFE,market_model,"(0,10)",-0.004727521482137032,-1.1148705149163796,
tariff_pause,SAFE,market_model,"(0,20)",0.0009649917035169514,0.1647028800834958,
tariff_pause,RISKY,const_mean,"(-1,1)",0.010423487493206696,1.6464440600047499,
tariff_pause,RISKY,const_mean,"(0,1)",0.014753882105881399,2.854209637885281,***
tariff_pause,RISKY,const_mean,"(0,5)",0.026982432279925597,3.013700067790246,***
tariff_pause,RISKY,const_mean,"(0,10)",0.03233262839639289,2.6670995469550745,***
tariff_pause,RISKY,const_mean,"(0,20)",0.04101950687374198,2.4489242121056125,**
tariff_pause,RISKY,market_model,"(-1,1)",-0.005141651039291945,-2.0596130157892225,**
tariff_pause,RISKY,market_model,"(0,1)",-0.002227366326513258,-1.0927487261746576,
tariff_pause,RISKY,market_model,"(0,5)",-0.00528597376287943,-1.4972455639518696,
tariff_pause,RISKY,market_model,"(0,10)",-0.0011514293015816076,-0.2408710421565549,
tariff_pause,RISKY,market_model,"(0,20)",-0.003860723016209307,-0.5845244129471577,
tariff_pause,CARRY_HML,const_mean,"(-1,1)",-0.0103742541425603,-2.3979857139818095,**
tariff_pause,CARRY_HML,const_mean,"(0,1)",-0.002957343179231,-0.8372151188060881,
tariff_pause,CARRY_HML,const_mean,"(0,5)",-0.0072169526696984,-1.1795831709058313,
tariff_pause,CARRY_HML,const_mean,"(0,10)",0.003906940286066503,0.4716184285233803,
tariff_pause,CARRY_HML,const_mean,"(0,20)",-0.0043822637148352005,-0.38285929689801074,
tariff_pause,CARRY_HML,market_model,"(-1,1)",-0.010528049618662487,-2.433750058931227,**
tariff_pause,CARRY_HML,market_model,"(0,1)",-0.0031251309044746135,-0.8847934421864565,
tariff_pause,CARRY_HML,market_model,"(0,5)",-0.00753578920687731,-1.231804527086725,
tariff_pause,CARRY_HML,market_model,"(0,10)",0.0035760921805555223,0.4317188800450385,
tariff_pause,CARRY_HML,market_model,"(0,20)",-0.004825714719725979,-0.42163890443601937,
tariff_pause,HAVEN_SAFE,const_mean,"(-1,1)",0.03146156983752513,4.235662261291518,***
tariff_pause,HAVEN_SAFE,const_mean,"(0,1)",0.02138361722601312,3.5258816936216704,***
tariff_pause,HAVEN_SAFE,const_mean,"(0,5)",0.03826504203859095,3.6427396393506304,***
tariff_pause,HAVEN_SAFE,const_mean,"(0,10)",0.025643070808837203,1.8029149960633588,*
tariff_pause,HAVEN_SAFE,const_mean,"(0,20)",0.028880342946882086,1.4695834781522281,
tariff_pause,HAVEN_SAFE,market_model,"(-1,1)",0.015253474783241414,3.549290080528539,***
tariff_pause,HAVEN_SAFE,market_model,"(0,1)",0.003700916352005791,1.054696745075067,
tariff_pause,HAVEN_SAFE,market_model,"(0,5)",0.004663709721502408,0.7673424428126604,
tariff_pause,HAVEN_SAFE,market_model,"(0,10)",-0.009224128659947116,-1.1208883198179158,
tariff_pause,HAVEN_SAFE,market_model,"(0,20)",-0.017853775775906022,-1.5701956254996206,
tariff_pause,HAVEN_RISKY,const_mean,"(-1,1)",0.004880020460895438,0.7336654696161797,
tariff_pause,HAVEN_RISKY,const_mean,"(0,1)",0.013595303917787325,2.503288973427739,**
tariff_pause,HAVEN_RISKY,const_mean,"(0,5)",0.025586339417456475,2.7200043291019003,***
tariff_pause,HAVEN_RISKY,const_mean,"(0,10)",0.03452117369514495,2.710355598990577,***
tariff_pause,HAVEN_RISKY,const_mean,"(0,20)",0.04349077670679527,2.4712949412419984,**
tariff_pause,HAVEN_RISKY,market_model,"(-1,1)",-0.009226560456117514,-2.2754697271933133,**
tariff_pause,HAVEN_RISKY,market_model,"(0,1)",-0.0017946879273427856,-0.5420830166998902,
tariff_pause,HAVEN_RISKY,market_model,"(0,5)",-0.0036583010947656078,-0.6379632759092476,
tariff_pause,HAVEN_RISKY,market_model,"(0,10)",0.004174796220881438,0.5376885603761371,
tariff_pause,HAVEN_RISKY,market_model,"(0,20)",0.002816124618420333,0.2625028841730205,
tariff_pause,OIL_EXP,const_mean,"(-1,1)",0.008875575112514054,1.5282703691755148,
tariff_pause,OIL_EXP,const_mean,"(0,1)",0.013199954093349769,2.783695577862654,***
tariff_pause,OIL_EXP,const_mean,"(0,5)",0.024319427522729205,2.961024758971227,***
tariff_pause,OIL_EXP,const_mean,"(0,10)",0.030895027944626532,2.778155600737311,***
tariff_pause,OIL_EXP,const_mean,"(0,20)",0.03474816580795248,2.26144773111269,**
tariff_pause,OIL_EXP,market_model,"(-1,1)",-0.0040053384211543724,-1.2332836314607882,
tariff_pause,OIL_EXP,market_model,"(0,1)",-0.0008528596541617431,-0.321622890178267,
tariff_pause,OIL_EXP,market_model,"(0,5)",-0.002384256947463063,-0.5191128862881642,
tariff_pause,OIL_EXP,market_model,"(0,10)",0.0031853322638944466,0.5122037764381733,
tariff_pause,OIL_EXP,market_model,"(0,20)",-0.002392419826836774,-0.2784274973427832,
tariff_pause,OIL_IMP,const_mean,"(-1,1)",0.011515095264466632,2.5176338605127553,**
tariff_pause,OIL_IMP,const_mean,"(0,1)",0.01315224014429052,3.5218462721312127,***
tariff_pause,OIL_IMP,const_mean,"(0,5)",0.02848435051871316,4.403686149547445,***
tariff_pause,OIL_IMP,const_mean,"(0,10)",0.023252694374934813,2.65498825307907,***
tariff_pause,OIL_IMP,const_mean,"(0,20)",0.04420800110662672,3.6532289799797493,***
tariff_pause,OIL_IMP,market_model,"(-1,1)",0.0014051728957144042,0.5453340773762909,
tariff_pause,OIL_IMP,market_model,"(0,1)",0.002122521197841407,1.0088591537049876,
tariff_pause,OIL_IMP,market_model,"(0,5)",0.007525264329085474,2.0650930950748774,**
tariff_pause,OIL_IMP,market_model,"(0,10)",0.0015040139368815326,0.3048239022447556,
tariff_pause,OIL_IMP,market_model,"(0,20)",0.015057239670626603,2.208661781681765,**
iran_12day,AUD,const_mean,"(-1,1)",0.0032470079735351723,0.2488201820969522,
iran_12day,AUD,const_mean,"(0,1)",-0.0017217035434273185,-0.16158693798163007,
iran_12day,AUD,const_mean,"(0,5)",-0.013355013724097357,-0.7236550368990384,
iran_12day,AUD,const_mean,"(0,10)",-0.0015040454217865032,-0.06019043545521955,
iran_12day,AUD,const_mean,"(0,20)",0.005097400779853392,0.14763931091608448,
iran_12day,AUD,market_model,"(-1,1)",-0.0018274236878473163,-0.26190956350572137,
iran_12day,AUD,market_model,"(0,1)",0.0004620100266558916,0.08109781196252425,
iran_12day,AUD,market_model,"(0,5)",0.0023374270493660794,0.23688369806051432,
iran_12day,AUD,market_model,"(0,10)",-0.0020888697241914418,-0.15634634997679953,
iran_12day,AUD,market_model,"(0,20)",0.015108059518914401,0.8184115950593229,
iran_12day,BRL,const_mean,"(-1,1)",0.006664966845770243,0.4191528139617991,
iran_12day,BRL,const_mean,"(0,1)",0.007329005337231395,0.5645014479214306,
iran_12day,BRL,const_mean,"(0,5)",0.0016056795694050626,0.07140329878409736,
iran_12day,BRL,const_mean,"(0,10)",0.004297553616448903,0.14114320702959304,
iran_12day,BRL,const_mean,"(0,20)",-0.013629947964320415,-0.3239810215970638,
iran_12day,BRL,market_model,"(-1,1)",0.002444611110179044,0.18820036717867789,
iran_12day,BRL,market_model,"(0,1)",0.00914517879376351,0.8622804016530213,
iran_12day,BRL,market_model,"(0,5)",0.01465693079182639,0.7978821045849149,
iran_12day,BRL,market_model,"(0,10)",0.0038111609002456186,0.1532259258702209,
iran_12day,BRL,market_model,"(0,20)",-0.005304179908764003,-0.15434050302861982,
iran_12day,CAD,const_mean,"(-1,1)",0.006716347116475893,0.9555025429706282,
iran_12day,CAD,const_mean,"(0,1)",0.0018284322633223288,0.3185834560905024,
iran_12day,CAD,const_mean,"(0,5)",-0.011090922866703413,-1.115710193452889,
iran_12day,CAD,const_mean,"(0,10)",-0.008522523045493877,-0.6331858235887823,
iran_12day,CAD,const_mean,"(0,20)",-0.011593604426529729,-0.6234019723556331,
iran_12day,CAD,market_model,"(-1,1)",0.0042499779580786766,0.934561518428535,
iran_12day,CAD,market_model,"(0,1)",0.0028898011336559544,0.7782780883742068,
iran_12day,CAD,market_model,"(0,5)",-0.0034637924752970225,-0.538589749313555,
iran_12day,CAD,market_model,"(0,10)",-0.008806770172814482,-1.0113515968275097,
iran_12day,CAD,market_model,"(0,20)",-0.006728038858437502,-0.55919166311213,
iran_12day,CHF,const_mean,"(-1,1)",0.005444675700879711,0.44995933732776916,
iran_12day,CHF,const_mean,"(0,1)",-0.006148363475307092,-0.6223094770499228,
iran_12day,CHF,const_mean,"(0,5)",-0.013008964819142873,-0.7602019735400342,
iran_12day,CHF,const_mean,"(0,10)",0.006513122913497546,0.2810960936020672,
iran_12day,CHF,const_mean,"(0,20)",0.002913836492037687,0.09101592963580882,
iran_12day,CHF,market_model,"(-1,1)",0.002316000332849355,0.23138027641189993,
iran_12day,CHF,market_model,"(0,1)",-0.004801980015352952,-0.5875619938543252,
iran_12day,CHF,market_model,"(0,5)",-0.0033336836865097133,-0.2355033612717419,
iran_12day,CHF,market_model,"(0,10)",0.006152545510616262,0.32100133438337325,
iran_12day,CHF,market_model,"(0,20)",0.009085976251650715,0.3430917660442995,
iran_12day,CLP,const_mean,"(-1,1)",-0.0026454998110245274,-0.20543762544884236,
iran_12day,CLP,const_mean,"(0,1)",-0.006589931339310918,-0.626756390809445,
iran_12day,CLP,const_mean,"(0,5)",-0.014052765364239352,-0.7716476696210838,
iran_12day,CLP,const_mean,"(0,10)",-0.014592337589037399,-0.5917815280704208,
iran_12day,CLP,const_mean,"(0,20)",-0.03563821397063209,-1.0460180115159887,
iran_12day,CLP,market_model,"(-1,1)",-0.006368422235928366,-0.6356694807418208,
iran_12day,CLP,market_model,"(0,1)",-0.0049878216328192344,-0.6097559612683487,
iran_12day,CLP,market_model,"(0,5)",-0.0025398032129103055,-0.1792604908575222,
iran_12day,CLP,market_model,"(0,10)",-0.015021401503055882,-0.7830225152568598,
iran_12day,CLP,market_model,"(0,20)",-0.02829376470130126,-1.067434482937287,
iran_12day,CNY,const_mean,"(-1,1)",0.0015806838240043483,0.4717373917845479,
iran_12day,CNY,const_mean,"(0,1)",-0.0010926890528832678,-0.3993903011722621,
iran_12day,CNY,const_mean,"(0,5)",-0.0014944676474043035,-0.31537467248259626,
iran_12day,CNY,const_mean,"(0,10)",-0.0009620293769877459,-0.14993668733577972,
iran_12day,CNY,const_mean,"(0,20)",-0.0013738186724816803,-0.15496573748959444,
iran_12day,CNY,market_model,"(-1,1)",0.0010577609029126475,0.3355648446820492,
iran_12day,CNY,market_model,"(0,1)",-0.0008676561910584233,-0.3371182352575845,
iran_12day,CNY,market_model,"(0,5)",0.00012264684263148945,0.027512516744371215,
iran_12day,CNY,market_model,"(0,10)",-0.0010222958369474578,-0.16936740066953537,
iran_12day,CNY,market_model,"(0,20)",-0.00034221488723023327,-0.0410335247221625,
iran_12day,COP,const_mean,"(-1,1)",0.017099651005705697,1.2616179880951928,
iran_12day,COP,const_mean,"(0,1)",0.011379836443272597,1.0283057765410937,
iran_12day,COP,const_mean,"(0,5)",0.01615567560464809,0.842850894672079,
iran_12day,COP,const_mean,"(0,10)",0.011942977941204682,0.46016919314572646,
iran_12day,COP,const_mean,"(0,20)",0.02921097723035217,0.8145874070851185,
iran_12day,COP,market_model,"(-1,1)",0.013670606934081082,1.2075087138653935,
iran_12day,COP,market_model,"(0,1)",0.012855479544076525,1.3907093940737638,
iran_12day,COP,market_model,"(0,5)",0.02675983279787062,1.6713633506151957,*
iran_12day,COP,market_model,"(0,10)",0.011547783278841796,0.5326787679975438,
iran_12day,COP,market_model,"(0,20)",0.03597567371123497,1.2010536095329554,
iran_12day,CZK,const_mean,"(-1,1)",0.0028731451833714536,0.253684313727261,
iran_12day,CZK,const_mean,"(0,1)",-0.004566800406733797,-0.4938484586134691,
iran_12day,CZK,const_mean,"(0,5)",-0.011213728222774494,-0.7001177210602363,
iran_12day,CZK,const_mean,"(0,10)",0.00555827486419146,0.2562951254012362,
iran_12day,CZK,const_mean,"(0,20)",-0.0016130103135082972,-0.053829973529760676,
iran_12day,CZK,market_model,"(-1,1)",-0.0015576356536129866,-0.2612254120814673,
iran_12day,CZK,market_model,"(0,1)",-0.0026600733315776514,-0.5463724369893935,
iran_12day,CZK,market_model,"(0,5)",0.002488252709141785,0.29507270043872535,
iran_12day,CZK,market_model,"(0,10)",0.00504763081870783,0.44208055377607164,
iran_12day,CZK,market_model,"(0,20)",0.007127876916124469,0.4518150728886805,
iran_12day,DKK,const_mean,"(-1,1)",0.004439598892608083,0.43070019303787704,
iran_12day,DKK,const_mean,"(0,1)",-0.0034348271310529776,-0.4081143317836024,
iran_12day,DKK,const_mean,"(0,5)",-0.00956599335617265,-0.6562153863123007,
iran_12day,DKK,const_mean,"(0,10)",0.0038374971729768555,0.19442122954833568,
iran_12day,DKK,const_mean,"(0,20)",-0.0057954308162914345,-0.2125044543209943,
iran_12day,DKK,market_model,"(-1,1)",0.0005026309018180465,0.08742921186216346,
iran_12day,DKK,market_model,"(0,1)",-0.0017406057876268653,-0.37081170163143407,
iran_12day,DKK,market_model,"(0,5)",0.0026088946204766146,0.3208846313969475,
iran_12day,DKK,market_model,"(0,10)",0.0033837646739609817,0.3073773165179,
iran_12day,DKK,market_model,"(0,20)",0.0019712799510121877,0.12960049573993834,
iran_12day,EUR,const_mean,"(-1,1)",0.004392396606538688,0.42427632038539825,
iran_12day,EUR,const_mean,"(0,1)",-0.0033686154720153744,-0.39851467161784576,
iran_12day,EUR,const_mean,"(0,5)",-0.009553461015693106,-0.6525187330261154,
iran_12day,EUR,const_mean,"(0,10)",0.003988386900747209,0.20119112187641575,
iran_12day,EUR,const_mean,"(0,20)",-0.005481203003941665,-0.2001124519785053,
iran_12day,EUR,market_model,"(-1,1)",0.0004316278441993042,0.07503540098925733,
iran_12day,EUR,market_model,"(0,1)",-0.001664151785943029,-0.3543197163081706,
iran_12day,EUR,market_model,"(0,5)",0.0026950297253294114,0.3312877035858538,
iran_12day,EUR,market_model,"(0,10)",0.003531911381320997,0.3206496997700602,
iran_12day,EUR,market_model,"(0,20)",0.002332461081015267,0.1532576424422977,
iran_12day,GBP,const_mean,"(-1,1)",0.0007259833424737386,0.07981264712697135,
iran_12day,GBP,const_mean,"(0,1)",-0.0037246964896912407,-0.5015122877815603,
iran_12day,GBP,const_mean,"(0,5)",-0.015202642370598422,-1.1818140275688271,
iran_12day,GBP,const_mean,"(0,10)",0.0017449976028968768,0.10018534052086225,
iran_12day,GBP,const_mean,"(0,20)",-0.019254529037672025,-0.8000717563539346,
iran_12day,GBP,market_model,"(-1,1)",-0.0027072626512091506,-0.5203268864109194,
iran_12day,GBP,market_model,"(0,1)",-0.002247245148116451,-0.5289832938185824,
iran_12day,GBP,market_model,"(0,5)",-0.0045854909314318746,-0.6231846057176502,
iran_12day,GBP,market_model,"(0,10)",0.0013493186722847521,0.13543305984637544,
iran_12day,GBP,market_model,"(0,20)",-0.012481543154038256,-0.9067031784113,
iran_12day,HKD,const_mean,"(-1,1)",0.00017056968815978455,0.19639866885119125,
iran_12day,HKD,const_mean,"(0,1)",0.00010522016424835152,0.1483820235194335,
iran_12day,HKD,const_mean,"(0,5)",0.0003602501517976841,0.29330931732430326,
iran_12day,HKD,const_mean,"(0,10)",0.0007252169285205802,0.4360827445907454,
iran_12day,HKD,const_mean,"(0,20)",0.0014551506036796784,0.6332797604415907,
iran_12day,HKD,market_model,"(-1,1)",8.351474815214355e-05,0.09852725872075992,
iran_12day,HKD,market_model,"(0,1)",0.00014268308946304906,0.20616330031717373,
iran_12day,HKD,market_model,"(0,5)",0.0006294634511911251,0.525108132891129,
iran_12day,HKD,market_model,"(0,10)",0.0007151839143904812,0.4406312015090551,
iran_12day,HKD,market_model,"(0,20)",0.0016268895005886767,0.725441272680308,
iran_12day,HUF,const_mean,"(-1,1)",-0.0019317583968792738,-0.15675365179729958,
iran_12day,HUF,const_mean,"(0,1)",-0.005692219732150083,-0.5657077707726627,
iran_12day,HUF,const_mean,"(0,5)",-0.012871455750156148,-0.7385459630552085,
iran_12day,HUF,const_mean,"(0,10)",0.009330980227699796,0.3954179792689992,
iran_12day,HUF,const_mean,"(0,20)",-0.0027634964129172193,-0.08475683748876896,
iran_12day,HUF,market_model,"(-1,1)",-0.006793159575084036,-1.0706716660186975,
iran_12day,HUF,market_model,"(0,1)",-0.003600180971779423,-0.6949514332602466,
iran_12day,HUF,market_model,"(0,5)",0.0021621982934258988,0.24097113078708235,
iran_12day,HUF,market_model,"(0,10)",0.008770707522799565,0.7219105802425465,
iran_12day,HUF,market_model,"(0,20)",0.006826903347322808,0.40668600496578483,
iran_12day,IDR,const_mean,"(-1,1)",-4.847564055215003e-05,-0.007199010980900457,
iran_12day,IDR,const_mean,"(0,1)",-0.0014684673512422998,-0.2670909693182472,
iran_12day,IDR,const_mean,"(0,5)",-0.008063815538182102,-0.8467883341306223,
iran_12day,IDR,const_mean,"(0,10)",0.003988558820306751,0.3093353589301729,
iran_12day,IDR,const_mean,"(0,20)",0.005506783509476354,0.3090994716413677,
iran_12day,IDR,market_model,"(-1,1)",-0.0009659910534277835,-0.1501929863150079,
iran_12day,IDR,market_model,"(0,1)",-0.0010736269057388598,-0.20444456257570626,
iran_12day,IDR,market_model,"(0,5)",-0.005226442363002102,-0.5746027708090444,
iran_12day,IDR,market_model,"(0,10)",0.0038828158825578198,0.3152736179340385,
iran_12day,IDR,market_model,"(0,20)",0.007316825362246969,0.4299819429069615,
iran_12day,ILS,const_mean,"(-1,1)",0.010080188203449178,0.9778057261201427,
iran_12day,ILS,const_mean,"(0,1)",0.01572988277107535,1.868766546350367,*
iran_12day,ILS,const_mean,"(0,5)",0.017274909411355864,1.1849082308524415,
iran_12day,ILS,const_mean,"(0,10)",0.04601111551215311,2.3308320588372826,**
iran_12day,ILS,const_mean,"(0,20)",0.0602117339374625,2.2075779592999365,**
iran_12day,ILS,market_model,"(-1,1)",0.00858500033894342,0.8774964890046331,
iran_12day,ILS,market_model,"(0,1)",0.016373316804169702,2.0496861443091405,**
iran_12day,ILS,market_model,"(0,5)",0.021898707419617084,1.5827362678174115,
iran_12day,ILS,market_model,"(0,10)",0.04583879627363061,2.446823033535579,**
iran_12day,ILS,market_model,"(0,20)",0.06316138750679932,2.4401004930399295,**
iran_12day,INR,const_mean,"(-1,1)",-0.004240145963643914,-0.8882698034479172,
iran_12day,INR,const_mean,"(0,1)",-0.0029764913192735095,-0.7636851422563583,
iran_12day,INR,const_mean,"(0,5)",-0.01126571599821043,-1.6688138384047506,*
iran_12day,INR,const_mean,"(0,10)",0.002101264879704046,0.2298842291150872,
iran_12day,INR,const_mean,"(0,20)",-0.001643031934485801,-0.13009514098968772,
iran_12day,INR,market_model,"(-1,1)",-0.004964507787882704,-1.1016425911466563,
iran_12day,INR,market_model,"(0,1)",-0.0026647719286512443,-0.7242194695706692,
iran_12day,INR,market_model,"(0,5)",-0.009025661193269316,-1.416212915660381,
iran_12day,INR,market_model,"(0,10)",0.002017782742822968,0.23383160460849448,
iran_12day,INR,market_model,"(0,20)",-0.00021403662822471457,-0.017951618181243217,
iran_12day,JPY,const_mean,"(-1,1)",-0.0026977165310355655,-0.21961812166275219,
iran_12day,JPY,const_mean,"(0,1)",-0.00955009332201741,-0.9521932634066221,
iran_12day,JPY,const_mean,"(0,5)",-0.02079430535499533,-1.1970196476052823,
iran_12day,JPY,const_mean,"(0,10)",-0.013322436368965206,-0.5663955062311763,
iran_12day,JPY,const_mean,"(0,20)",-0.03688245306884916,-1.1348609125084104,
iran_12day,JPY,market_model,"(-1,1)",-0.005575898307214818,-0.5274246727394781,
iran_12day,JPY,market_model,"(0,1)",-0.008311506417864186,-0.9628773518205217,
iran_12day,JPY,market_model,"(0,5)",-0.01189366385031701,-0.7955111288518598,
iran_12day,JPY,market_model,"(0,10)",-0.013654144580203592,-0.6744882361716328,
iran_12day,JPY,market_model,"(0,20)",-0.031204478179644467,-1.1156128345923553,
iran_12day,KRW,const_mean,"(-1,1)",0.00679007856280434,0.5691398344011338,
iran_12day,KRW,const_mean,"(0,1)",-0.0038556516864221404,-0.39581076986039365,
iran_12day,KRW,const_mean,"(0,5)",-0.015353505727461822,-0.9099902548989859,
iran_12day,KRW,const_mean,"(0,10)",-0.010863639626547721,-0.4755364587409076,
iran_12day,KRW,const_mean,"(0,20)",-0.025076894613545925,-0.7944542977638679,
iran_12day,KRW,market_model,"(-1,1)",0.0028220820811551864,0.3422891805062478,
iran_12day,KRW,market_model,"(0,1)",-0.002148077648335875,-0.31909436587334983,
iran_12day,KRW,market_model,"(0,5)",-0.003082663605089765,-0.2643836948199383,
iran_12day,KRW,market_model,"(0,10)",-0.011320948135003128,-0.7170849636231447,
iran_12day,KRW,market_model,"(0,20)",-0.017248971940376563,-0.7907473153871984,
iran_12day,KWD,const_mean,"(-1,1)",-2.752650011142579e-05,-0.01910345030166473,
iran_12day,KWD,const_mean,"(0,1)",-0.0005958470701912506,-0.5064554565936018,
iran_12day,KWD,const_mean,"(0,5)",-0.001851900432139604,-0.90878981685342,
iran_12day,KWD,const_mean,"(0,10)",-0.00031884315189549496,-0.11555857966955849,
iran_12day,KWD,const_mean,"(0,20)",0.0001672956110056528,0.0438830034763234,
iran_12day,KWD,market_model,"(-1,1)",-0.00047038559363721624,-0.43863644546413766,
iran_12day,KWD,market_model,"(0,1)",-0.00040526860215773944,-0.46284895683101784,
iran_12day,KWD,market_model,"(0,5)",-0.00048237955573670287,-0.31807138257693685,
iran_12day,KWD,market_model,"(0,10)",-0.0003698823179967767,-0.18012689247064675,
iran_12day,KWD,market_model,"(0,20)",0.001040952317926162,0.3668871641371799,
iran_12day,MXN,const_mean,"(-1,1)",-0.001892898085633716,-0.14386089434364552,
iran_12day,MXN,const_mean,"(0,1)",-0.003083861831145144,-0.2870490177736734,
iran_12day,MXN,const_mean,"(0,5)",-0.017662197780689132,-0.9491727679644105,
iran_12day,MXN,const_mean,"(0,10)",-0.0011625391744390927,-0.04614104274983848,
iran_12day,MXN,const_mean,"(0,20)",0.004905354122712188,0.14090839523345877,
iran_12day,MXN,market_model,"(-1,1)",-0.005302379225593774,-0.48765068331054584,
iran_12day,MXN,market_model,"(0,1)",-0.0016166373754619363,-0.18209427695971056,
iran_12day,MXN,market_model,"(0,5)",-0.007118538031710002,-0.4629284413244029,
iran_12day,MXN,market_model,"(0,10)",-0.0015554792241424488,-0.0747079039028387,
iran_12day,MXN,market_model,"(0,20)",0.011631457546106429,0.4043180888841431,
iran_12day,MYR,const_mean,"(-1,1)",-0.0018195204041751049,-0.2310455333957566,
iran_12day,MYR,const_mean,"(0,1)",-0.005350324213340136,-0.8320824770199242,
iran_12day,MYR,const_mean,"(0,5)",-0.009658591069769809,-0.8672402544698147,
iran_12day,MYR,const_mean,"(0,10)",-0.005970114757451349,-0.3959019227277177,
iran_12day,MYR,const_mean,"(0,20)",-0.015217622525399233,-0.730362445512565,
iran_12day,MYR,market_model,"(-1,1)",-0.003316879982680263,-0.4625132420091749,
iran_12day,MYR,market_model,"(0,1)",-0.004705955612269063,-0.8036887145501043,
iran_12day,MYR,market_model,"(0,5)",-0.005028077138310388,-0.4957712610775307,
iran_12day,MYR,market_model,"(0,10)",-0.006142684284323262,-0.4473185342910904,
iran_12day,MYR,market_model,"(0,20)",-0.012263684675737543,-0.64634794054039,
iran_12day,NOK,const_mean,"(-1,1)",0.012217062892620797,0.945655313303137,
iran_12day,NOK,const_mean,"(0,1)",0.00043615269497413074,0.04134759438895131,
iran_12day,NOK,const_mean,"(0,5)",-0.021352025426479508,-1.168665268780391,
iran_12day,NOK,const_mean,"(0,10)",-0.02345340809624268,-0.9480610461838961,
iran_12day,NOK,const_mean,"(0,20)",-0.03629669593574501,-1.0619012468472548,
iran_12day,NOK,market_model,"(-1,1)",0.007239729136241409,1.024834745158374,
iran_12day,NOK,market_model,"(0,1)",0.0025780814846265536,0.44696528371240773,
iran_12day,NOK,market_model,"(0,5)",-0.0059598553483698365,-0.5965574095164853,
iran_12day,NOK,market_model,"(0,10)",-0.024027041940612573,-1.7762173756597013,*
iran_12day,NOK,market_model,"(0,20)",-0.02647758849860831,-1.416644667594268,
iran_12day,NZD,const_mean,"(-1,1)",0.0043709067360320954,0.3434961485332427,
iran_12day,NZD,const_mean,"(0,1)",-0.001878519637470202,-0.18080552648741074,
iran_12day,NZD,const_mean,"(0,5)",-0.01946512660001131,-1.0816644760606413,
iran_12day,NZD,const_mean,"(0,10)",-0.005221868555375519,-0.21430907035548047,
iran_12day,NZD,const_mean,"(0,20)",-0.015477565028517541,-0.4597311692042957,
iran_12day,NZD,market_model,"(-1,1)",-0.000785934100612405,-0.1303964671748179,
iran_12day,NZD,market_model,"(0,1)",0.0003406576153124029,0.06922188540611973,
iran_12day,NZD,market_model,"(0,5)",-0.003517839335692423,-0.4127059171089139,
iran_12day,NZD,market_model,"(0,10)",-0.005816190451136799,-0.5039443685584019,
iran_12day,NZD,market_model,"(0,20)",-0.005304332392404427,-0.3326299906702458,
iran_12day,PEN,const_mean,"(-1,1)",0.005025863351139342,0.9088438162987352,
iran_12day,PEN,const_mean,"(0,1)",0.0012786314553640608,0.2831845752228344,
iran_12day,PEN,const_mean,"(0,5)",0.0007862878030655833,0.10054144470433994,
iran_12day,PEN,const_mean,"(0,10)",0.013881635533104487,1.310942075934232,
iran_12day,PEN,const_mean,"(0,20)",0.009855000764215995,0.6735754076478226,
iran_12day,PEN,market_model,"(-1,1)",0.0040906695229322755,0.7953935949237659,
iran_12day,PEN,market_model,"(0,1)",0.001681079569673173,0.40033318703981646,
iran_12day,PEN,market_model,"(0,5)",0.003678330644539128,0.5057355254538946,
iran_12day,PEN,market_model,"(0,10)",0.013773855171737752,1.3986449811224544,
iran_12day,PEN,market_model,"(0,20)",0.011699917967516436,0.8598476151189184,
iran_12day,PLN,const_mean,"(-1,1)",-0.00026041554394875546,-0.021232474647523047,
iran_12day,PLN,const_mean,"(0,1)",-0.004926862888098604,-0.4919826831511588,
iran_12day,PLN,const_mean,"(0,5)",-0.010152950796576611,-0.5853437621819477,
iran_12day,PLN,const_mean,"(0,10)",0.008723358636623128,0.3714340582011491,
iran_12day,PLN,const_mean,"(0,20)",-0.0064425509708189894,-0.19853750237297257,
iran_12day,PLN,market_model,"(-1,1)",-0.005084549664473677,-0.7987561849931053,
iran_12day,PLN,market_model,"(0,1)",-0.002850861505902107,-0.5485086612651164,
iran_12day,PLN,market_model,"(0,5)",0.004765456627390341,0.5293601730880566,
iran_12day,PLN,market_model,"(0,10)",0.008167380931136559,0.6700525076429495,
iran_12day,PLN,market_model,"(0,20)",0.0030743296602777858,0.1825421474500467,
iran_12day,SAR,const_mean,"(-1,1)",-0.000370845259514182,-1.437873169434577,
iran_12day,SAR,const_mean,"(0,1)",-0.00011837218074322133,-0.5621123487516765,
iran_12day,SAR,const_mean,"(0,5)",-0.00028846685284452723,-0.790876673926977,
iran_12day,SAR,const_mean,"(0,10)",0.00012865272919176062,0.26050204469724153,
iran_12day,SAR,const_mean,"(0,20)",3.2501411001539923e-06,0.00476300506903818,
iran_12day,SAR,market_model,"(-1,1)",-0.0003884347046655297,-1.5228913582964936,
iran_12day,SAR,market_model,"(0,1)",-0.00011080279906062958,-0.5320436428139945,
iran_12day,SAR,market_model,"(0,5)",-0.00023407232264005345,-0.6489122369565035,
iran_12day,SAR,market_model,"(0,10)",0.00012662555931801668,0.2592606220839596,
iran_12day,SAR,market_model,"(0,20)",3.794997441539887e-05,0.05623586306232409,
iran_12day,SEK,const_mean,"(-1,1)",0.004188382511680488,0.3151123339309083,
iran_12day,SEK,const_mean,"(0,1)",-0.006550377618775242,-0.6035747059292489,
iran_12day,SEK,const_mean,"(0,5)",-0.030553045976212223,-1.6253937317756337,
iran_12day,SEK,const_mean,"(0,10)",-0.01760836804700338,-0.6918348846180385,
iran_12day,SEK,const_mean,"(0,20)",-0.03694572480888919,-1.0505923542812503,
iran_12day,SEK,market_model,"(-1,1)",-0.0009267248426882641,-0.12717248802003756,
iran_12day,SEK,market_model,"(0,1)",-0.004349159810055295,-0.7309595732024463,
iran_12day,SEK,market_model,"(0,5)",-0.014734817539085066,-1.4297895783605556,
iran_12day,SEK,market_model,"(0,10)",-0.018197880191390025,-1.3041497093126382,
iran_12day,SEK,market_model,"(0,20)",-0.026854822505891926,-1.3928861785748832,
iran_12day,SGD,const_mean,"(-1,1)",0.0021826998587989774,0.32538638522543495,
iran_12day,SGD,const_mean,"(0,1)",-0.0017311596628034483,-0.3160735182556468,
iran_12day,SGD,const_mean,"(0,5)",-0.008886763656007544,-0.9367721900133776,
iran_12day,SGD,const_mean,"(0,10)",-0.0017611865495891152,-0.13711185350444507,
iran_12day,SGD,const_mean,"(0,20)",-0.008975219896957183,-0.5057098756252605,
iran_12day,SGD,market_model,"(-1,1)",-0.0006506013565403344,-0.24441756847722246,
iran_12day,SGD,market_model,"(0,1)",-0.000511886505741346,-0.23552486594915295,
iran_12day,SGD,market_model,"(0,5)",-0.00012491317067043356,-0.03318262119022852,
iran_12day,SGD,market_model,"(0,10)",-0.0020877223110959374,-0.4095948355201061,
iran_12day,SGD,market_model,"(0,20)",-0.003385783785800378,-0.48075925743115533,
iran_12day,THB,const_mean,"(-1,1)",0.004527717333334492,0.4451069334038638,
iran_12day,THB,const_mean,"(0,1)",-0.002214540168848739,-0.2666332124453583,
iran_12day,THB,const_mean,"(0,5)",-0.015359483973530017,-1.0676937013700674,
iran_12day,THB,const_mean,"(0,10)",-0.009083642984447662,-0.46634722297204345,
iran_12day,THB,const_mean,"(0,20)",-0.00905686486430956,-0.33652235632324284,
iran_12day,THB,market_model,"(-1,1)",0.0009802901931870531,0.14771433930583436,
iran_12day,THB,market_model,"(0,1)",-0.0006879525031256075,-0.1269615111785669,
iran_12day,THB,market_model,"(0,5)",-0.004389232719860706,-0.46767225788640737,
iran_12day,THB,market_model,"(0,10)",-0.009492481203387013,-0.7469852545465414,
iran_12day,THB,market_model,"(0,20)",-0.0020586264661153833,-0.11724559371199077,
iran_12day,TRY,const_mean,"(-1,1)",-0.0016697496938811738,-0.23052819868133986,
iran_12day,TRY,const_mean,"(0,1)",0.001999586509246384,0.3381103861937872,
iran_12day,TRY,const_mean,"(0,5)",-0.0025245969575088483,-0.2464618709054286,
iran_12day,TRY,const_mean,"(0,10)",-0.0036092794251439374,-0.26023006777666496,
iran_12day,TRY,const_mean,"(0,20)",-0.0009207528094251167,-0.04804704877818871,
iran_12day,TRY,market_model,"(-1,1)",-0.0018419386945935966,-0.2546409217466225,
iran_12day,TRY,market_model,"(0,1)",0.0020736857350446766,0.35110870410906053,
iran_12day,TRY,market_model,"(0,5)",-0.0019921105874420586,-0.19473834375222532,
iran_12day,TRY,market_model,"(0,10)",-0.003629124073558418,-0.2620107602342524,
iran_12day,TRY,market_model,"(0,20)",-0.0005810644581423674,-0.030361856132882333,
iran_12day,TWD,const_mean,"(-1,1)",0.011551375687627805,0.8761305108757371,
iran_12day,TWD,const_mean,"(0,1)",0.000997220873236536,0.0926343558345837,
iran_12day,TWD,const_mean,"(0,5)",-0.005850682459548126,-0.3137809878860296,
iran_12day,TWD,const_mean,"(0,10)",0.007310285338769913,0.28955676081736687,
iran_12day,TWD,const_mean,"(0,20)",-0.004909435457018706,-0.14074002726895457,
iran_12day,TWD,market_model,"(-1,1)",0.009295324356177333,0.7594806674037519,
iran_12day,TWD,market_model,"(0,1)",0.0019680822890646267,0.1969432303435669,
iran_12day,TWD,market_model,"(0,5)",0.0011260499635336373,0.06505712057320413,
iran_12day,TWD,market_model,"(0,10)",0.007050277177433126,0.3008310438199101,
iran_12day,TWD,market_model,"(0,20)",-0.0004587774357809264,-0.014167890908407584,
iran_12day,ZAR,const_mean,"(-1,1)",-0.00421615766642485,-0.31738201287830187,
iran_12day,ZAR,const_mean,"(0,1)",-0.00023617054375546596,-0.021773930176900425,
iran_12day,ZAR,const_mean,"(0,5)",-0.0116449753012843,-0.6198534757470957,
iran_12day,ZAR,const_mean,"(0,10)",-0.001470684156524216,-0.0578161496084537,
iran_12day,ZAR,const_mean,"(0,20)",-0.006757473786256349,-0.1922652586472099,
iran_12day,ZAR,market_model,"(-1,1)",-0.00824169724321226,-0.8244272359071115,
iran_12day,ZAR,market_model,"(0,1)",0.0014961663931346765,0.1832994656486959,
iran_12day,ZAR,market_model,"(0,5)",0.0008038161310076866,0.05685614284239564,
iran_12day,ZAR,market_model,"(0,10)",-0.001934624461940954,-0.10106403501125417,
iran_12day,ZAR,market_model,"(0,20)",0.0011839678633537134,0.04476376100839423,
iran_12day,r_DTWEXBGS,const_mean,"(-1,1)",-0.0024910377038246494,-0.37574977672218696,
iran_12day,r_DTWEXBGS,const_mean,"(0,1)",0.0005921045733334668,0.10938618482749443,
iran_12day,r_DTWEXBGS,const_mean,"(0,5)",0.009371905862166002,0.9996117443693168,
iran_12day,r_DTWEXBGS,const_mean,"(0,10)",-0.0003007643068782815,-0.02369239748775636,
iran_12day,r_DTWEXBGS,const_mean,"(0,20)",0.005507688471734852,0.3140066009224337,
iran_12day,r_DTWEXAFEGS,const_mean,"(-1,1)",-0.005280533874196652,-0.6236845592670692,
iran_12day,r_DTWEXAFEGS,const_mean,"(0,1)",-6.437893519523486e-05,-0.009312720700888122,
iran_12day,r_DTWEXAFEGS,const_mean,"(0,5)",0.011075831430671796,0.9250144111340856,
iran_12day,r_DTWEXAFEGS,const_mean,"(0,10)",-0.00020688448677881307,-0.012760843145777247,
iran_12day,r_DTWEXAFEGS,const_mean,"(0,20)",0.009182091591507156,0.40990173809021335,
iran_12day,r_DTWEXEMEGS,const_mean,"(-1,1)",0.00021077556037254813,0.03529551564688181,
iran_12day,r_DTWEXEMEGS,const_mean,"(0,1)",0.001228338909750032,0.25192027231713393,
iran_12day,r_DTWEXEMEGS,const_mean,"(0,5)",0.0077212930093207965,0.9142696729287979,
iran_12day,r_DTWEXEMEGS,const_mean,"(0,10)",-0.00039050206134332325,-0.03414970009083076,
iran_12day,r_DTWEXEMEGS,const_mean,"(0,20)",0.0019483932866385363,0.12331811651600882,
iran_12day,r_SP500,const_mean,"(-1,1)",0.002384647308532022,0.08807281536267939,
iran_12day,r_SP500,const_mean,"(0,1)",-0.0016243294844720847,-0.07347464237527739,
iran_12day,r_SP500,const_mean,"(0,5)",-0.011726844805665257,-0.30625550476212193,
iran_12day,r_SP500,const_mean,"(0,10)",0.02305321552157054,0.4446451084658116,
iran_12day,r_SP500,const_mean,"(0,20)",0.03893484101164621,0.5435094622837723,
iran_12day,r_DCOILBRENTEU,const_mean,"(-1,1)",0.054632069631405884,1.7993055499663706,*
iran_12day,r_DCOILBRENTEU,const_mean,"(0,1)",0.05988646295248642,2.4156363665091063,**
iran_12day,r_DCOILBRENTEU,const_mean,"(0,5)",0.11206761764468637,2.609891230918998,***
iran_12day,r_DCOILBRENTEU,const_mean,"(0,10)",-0.00911286768535935,-0.15673883543344166,
iran_12day,r_DCOILBRENTEU,const_mean,"(0,20)",0.03971032917561749,0.4943240420583613,
iran_12day,r_DCOILWTICO,const_mean,"(-1,1)",0.05445958615010038,1.6516829726676419,*
iran_12day,r_DCOILWTICO,const_mean,"(0,1)",0.05598823233773756,2.079671501637888,**
iran_12day,r_DCOILWTICO,const_mean,"(0,5)",0.10337778549539997,2.216994326844309,**
iran_12day,r_DCOILWTICO,const_mean,"(0,10)",-0.018625097726300797,-0.29499537010965005,
iran_12day,r_DCOILWTICO,const_mean,"(0,20)",0.03583407882821497,0.41077081494811596,
iran_12day,r_DHHNGSP,const_mean,"(-1,1)",0.061640904020729394,0.2790014919939373,
iran_12day,r_DHHNGSP,const_mean,"(0,1)",0.0008211841501130634,0.0045522249439793145,
iran_12day,r_DHHNGSP,const_mean,"(0,5)",0.06592390636756498,0.21099174421251493,
iran_12day,r_DHHNGSP,const_mean,"(0,10)",0.11228791306775872,0.2654207190529008,
iran_12day,r_DHHNGSP,const_mean,"(0,20)",0.1132930561400759,0.1938169694381394,
iran_12day,r_Gold,const_mean,"(-1,1)",0.0028739608826079087,0.13866708358041263,
iran_12day,r_Gold,const_mean,"(0,1)",-0.004425459857101428,-0.26151497588418715,
iran_12day,r_Gold,const_mean,"(0,5)",-0.015950112978848387,-0.544178394212807,
iran_12day,r_Gold,const_mean,"(0,10)",-0.05312008094480031,-1.3384912667834985,
iran_12day,r_Gold,const_mean,"(0,20)",-0.046227305277958264,-0.843028169907997,
iran_12day,r_EuroStoxx50_EUR,const_mean,"(-1,1)",-0.011947321671416605,-0.544132989601836,
iran_12day,r_EuroStoxx50_EUR,const_mean,"(0,1)",-0.005280367908140869,-0.2945400204515288,
iran_12day,r_EuroStoxx50_EUR,const_mean,"(0,5)",-0.027947026634267107,-0.9000261152775436,
iran_12day,r_EuroStoxx50_EUR,const_mean,"(0,10)",-0.013781052893434384,-0.3277790442419227,
iran_12day,r_EuroStoxx50_EUR,const_mean,"(0,20)",-0.009521664034414533,-0.1639073141349351,
iran_12day,d_DGS10,const_mean,"(-1,1)",0.04724999999999981,0.47482041942119146,
iran_12day,d_DGS10,const_mean,"(0,1)",0.09816666666666628,1.208195596127567,
iran_12day,d_DGS10,const_mean,"(0,5)",0.014499999999999735,0.10303400438241535,
iran_12day,d_DGS10,const_mean,"(0,10)",-0.08008333333333327,-0.42027542970288684,
iran_12day,d_DGS10,const_mean,"(0,20)",0.05074999999999951,0.19275897179318316,
iran_12day,d_DGS5,const_mean,"(-1,1)",0.024500000000000403,0.22659292282965796,
iran_12day,d_DGS5,const_mean,"(0,1)",0.0729999999999997,0.8268919171197999,
iran_12day,d_DGS5,const_mean,"(0,5)",-0.0010000000000002923,-0.006539811930684709,
iran_12day,d_DGS5,const_mean,"(0,10)",-0.12350000000000008,-0.5965014441426815,
iran_12day,d_DGS5,const_mean,"(0,20)",0.051499999999999935,0.18002734062220113,
iran_12day,d_DFII5,const_mean,"(-1,1)",0.00425,0.04320319102003495,
iran_12day,d_DFII5,const_mean,"(0,1)",0.03283333333333333,0.40877798690271255,
iran_12day,d_DFII5,const_mean,"(0,5)",-0.0914999999999997,-0.6577077987137739,
iran_12day,d_DFII5,const_mean,"(0,10)",-0.1544166666666664,-0.8197574142605577,
iran_12day,d_DFII5,const_mean,"(0,20)",-0.11024999999999974,-0.4236005091091859,
iran_12day,d_T5YIE,const_mean,"(-1,1)",0.02024999999999992,0.34801761141808113,
iran_12day,d_T5YIE,const_mean,"(0,1)",0.04016666666666658,0.8454493919499374,
iran_12day,d_T5YIE,const_mean,"(0,5)",0.09050000000000004,1.0997900235579967,
iran_12day,d_T5YIE,const_mean,"(0,10)",0.030916666666666738,0.27748093086422804,
iran_12day,d_T5YIE,const_mean,"(0,20)",0.16174999999999995,1.0506824152361098,
iran_12day,d_VIXCLS,const_mean,"(-1,1)",1.7184999999999981,0.3092893796594361,
iran_12day,d_VIXCLS,const_mean,"(0,1)",1.0023333333333333,0.22093945274210816,
iran_12day,d_VIXCLS,const_mean,"(0,5)",2.3370000000000015,0.2974124780793222,
iran_12day,d_VIXCLS,const_mean,"(0,10)",-2.1821666666666655,-0.205100950634604,
iran_12day,d_VIXCLS,const_mean,"(0,20)",-2.5405,-0.17281667708474402,
iran_12day,d_GPRD,const_mean,"(-1,1)",98.1771240234375,1.1878879652399903,
iran_12day,d_GPRD,const_mean,"(0,1)",106.8466288248698,1.5833306911307337,
iran_12day,d_GPRD,const_mean,"(0,5)",119.96148681640625,1.0263418040598646,
iran_12day,d_GPRD,const_mean,"(0,10)",68.99674479166667,0.4359714629704772,
iran_12day,d_GPRD,const_mean,"(0,20)",-22.359695434570305,-0.10225440835499118,
iran_12day,d_GPRD_ACT,const_mean,"(-1,1)",114.85018539428711,0.9267916093212027,
iran_12day,d_GPRD_ACT,const_mean,"(0,1)",92.06444040934244,0.9098880053644997,
iran_12day,d_GPRD_ACT,const_mean,"(0,5)",266.8151626586914,1.522460034722765,
iran_12day,d_GPRD_ACT,const_mean,"(0,10)",68.98301569620764,0.29070791328270446,
iran_12day,d_GPRD_ACT,const_mean,"(0,20)",127.71612167358393,0.38953554640399435,
iran_12day,d_GPRD_THREAT,const_mean,"(-1,1)",154.20277595520025,1.4008605067073487,
iran_12day,d_GPRD_THREAT,const_mean,"(0,1)",178.7539838155111,1.988859292710638,**
iran_12day,d_GPRD_THREAT,const_mean,"(0,5)",115.83269119262691,0.7440786588778727,
iran_12day,d_GPRD_THREAT,const_mean,"(0,10)",76.62280972798656,0.3635172781730567,
iran_12day,d_GPRD_THREAT,const_mean,"(0,20)",-107.74768257141122,-0.369965832925322,
iran_12day,USD_EW,const_mean,"(-1,1)",-0.0028896434943807125,-0.4601541677745207,
iran_12day,USD_EW,const_mean,"(0,1)",0.0012435193007728253,0.24252541379098,
iran_12day,USD_EW,const_mean,"(0,5)",0.008936086328067574,1.0062165406445434,
iran_12day,USD_EW,const_mean,"(0,10)",-0.00033302916534691334,-0.02769527284521915,
iran_12day,USD_EW,const_mean,"(0,20)",0.005700586160206976,0.3431070078155529,
iran_12day,SAFE,const_mean,"(-1,1)",0.004958714921409182,0.6514954829061621,
iran_12day,SAFE,const_mean,"(0,1)",-0.0016045057594319453,-0.25818391236284716,
iran_12day,SAFE,const_mean,"(0,5)",-0.010841474730471536,-1.0071998020029191,
iran_12day,SAFE,const_mean,"(0,10)",0.002755909589395404,0.18909128728559105,
iran_12day,SAFE,const_mean,"(0,20)",-0.00489066633380802,-0.24286295879511421,
iran_12day,SAFE,market_model,"(-1,1)",0.0018068773198640998,0.5444082181830519,
iran_12day,SAFE,market_model,"(0,1)",-0.00024815474310603373,-0.0915723197255129,
iran_12day,SAFE,market_model,"(0,5)",-0.001094565482245243,-0.233196891164211,
iran_12day,SAFE,market_model,"(0,10)",0.002392662757115657,0.37647988775623464,
iran_12day,SAFE,market_model,"(0,20)",0.00132716705827915,0.15113762014131213,
iran_12day,RISKY,const_mean,"(-1,1)",-0.0009493292681492589,-0.13869584125756249,
iran_12day,RISKY,const_mean,"(0,1)",-0.0011319352273984058,-0.2025413843864239,
iran_12day,RISKY,const_mean,"(0,5)",-0.009072503569150219,-0.9372570556761693,
iran_12day,RISKY,const_mean,"(0,10)",0.0027749016780844182,0.2117183267022348,
iran_12day,RISKY,const_mean,"(0,20)",-0.002718139530754512,-0.15009606105006618,
iran_12day,RISKY,market_model,"(-1,1)",-0.0038437015167611496,-1.4240292217707118,
iran_12day,RISKY,market_model,"(0,1)",0.00011361902930116796,0.051554425346155064,
iran_12day,RISKY,market_model,"(0,5)",-0.0001217937914715769,-0.03190651705355836,
iran_12day,RISKY,market_model,"(0,10)",0.0024413275274900847,0.4723452790822243,
iran_12day,RISKY,market_model,"(0,20)",0.0029917753480219666,0.41893746989111513,
iran_12day,CARRY_HML,const_mean,"(-1,1)",-0.0059080441895583,-1.0456344216557472,
iran_12day,CARRY_HML,const_mean,"(0,1)",0.0004725705320335889,0.10243500736757949,
iran_12day,CARRY_HML,const_mean,"(0,5)",0.0017689711613215306,0.2213817884373509,
iran_12day,CARRY_HML,const_mean,"(0,10)",1.8992088689182528e-05,0.0017553881044777282,
iran_12day,CARRY_HML,const_mean,"(0,20)",0.002172526803053689,0.14532899146192083,
iran_12day,CARRY_HML,market_model,"(-1,1)",-0.005650578836625107,-1.005006766087107,
iran_12day,CARRY_HML,market_model,"(0,1)",0.00036177377240724967,0.0788059039645707,
iran_12day,CARRY_HML,market_model,"(0,5)",0.0009727716907738709,0.12234098495956547,
iran_12day,CARRY_HML,market_model,"(0,10)",4.866477037459801e-05,0.004520172515911169,
iran_12day,CARRY_HML,market_model,"(0,20)",0.0016646082897429928,0.11190231730709427,
iran_12day,HAVEN_SAFE,const_mean,"(-1,1)",0.0023797852587943164,0.228850475744747,
iran_12day,HAVEN_SAFE,const_mean,"(0,1)",-0.006355690756446555,-0.7485527962742529,
iran_12day,HAVEN_SAFE,const_mean,"(0,5)",-0.014452243729943564,-0.9827302597805763,
iran_12day,HAVEN_SAFE,const_mean,"(0,10)",-0.0009403088515734045,-0.047222487323716644,
iran_12day,HAVEN_SAFE,const_mean,"(0,20)",-0.01314993986025108,-0.47795696662263853,
iran_12day,HAVEN_SAFE,market_model,"(-1,1)",-0.0009427567100553438,-0.12598024694284002,
iran_12day,HAVEN_SAFE,market_model,"(0,1)",-0.0049258794063866546,-0.806180386544838,
iran_12day,HAVEN_SAFE,market_model,"(0,5)",-0.004177439270498913,-0.39472803292544995,
iran_12day,HAVEN_SAFE,market_model,"(0,10)",-0.0013232292294220315,-0.09234262023556526,
iran_12day,HAVEN_SAFE,market_model,"(0,20)",-0.006595346948992873,-0.3331128987623042,
iran_12day,HAVEN_RISKY,const_mean,"(-1,1)",0.0026562227941640416,0.33782006503391504,
iran_12day,HAVEN_RISKY,const_mean,"(0,1)",0.002653321427267926,0.4132914641311635,
iran_12day,HAVEN_RISKY,const_mean,"(0,5)",-0.003689038400601722,-0.33175625516470186,
iran_12day,HAVEN_RISKY,const_mean,"(0,10)",0.002331097936975642,0.15482666060116201,
iran_12day,HAVEN_RISKY,const_mean,"(0,20)",0.003052490050423273,0.14673245335894095,
iran_12day,HAVEN_RISKY,market_model,"(-1,1)",-3.946469542784152e-05,-0.007524893892893943,
iran_12day,HAVEN_RISKY,market_model,"(0,1)",0.0038133743641364432,0.8905261914834081,
iran_12day,HAVEN_RISKY,market_model,"(0,5)",0.004647248123091882,0.6265741704717833,
iran_12day,HAVEN_RISKY,market_model,"(0,10)",0.002020422050334031,0.20118611735868244,
iran_12day,HAVEN_RISKY,market_model,"(0,20)",0.008370446686006072,0.6032415393870807,
iran_12day,OIL_EXP,const_mean,"(-1,1)",0.005772394002187567,0.8000188135300405,
iran_12day,OIL_EXP,const_mean,"(0,1)",0.002453620808102945,0.4164830286562432,
iran_12day,OIL_EXP,const_mean,"(0,5)",-0.004926308312114665,-0.48278172720943563,
iran_12day,OIL_EXP,const_mean,"(0,10)",-0.0024411613116036763,-0.17668716265307793,
iran_12day,OIL_EXP,const_mean,"(0,20)",-0.003890481603060752,-0.20379737198326336,
iran_12day,OIL_EXP,market_model,"(-1,1)",0.0030633893735262014,0.7343461698549115,
iran_12day,OIL_EXP,market_model,"(0,1)",0.0036194045970631412,1.0626283436360653,
iran_12day,OIL_EXP,market_model,"(0,5)",0.00345116083656337,0.5849905279919151,
iran_12day,OIL_EXP,market_model,"(0,10)",-0.002753371988165827,-0.34468930397430525,
iran_12day,OIL_EXP,market_model,"(0,20)",0.0014537466119818243,0.1317159377354468,
iran_12day,OIL_IMP,const_mean,"(-1,1)",0.002376926565867594,0.37585354284824735,
iran_12day,OIL_IMP,const_mean,"(0,1)",-0.0025999948523465375,-0.5035249573918845,
iran_12day,OIL_IMP,const_mean,"(0,5)",-0.011858048411875812,-1.325870491146753,
iran_12day,OIL_IMP,const_mean,"(0,10)",-0.004577908031105155,-0.3780369338606749,
iran_12day,OIL_IMP,const_mean,"(0,20)",-0.013081572124605754,-0.7818326513540969,
iran_12day,OIL_IMP,market_model,"(-1,1)",0.00011922530680467968,0.029880030082611742,
iran_12day,OIL_IMP,market_model,"(0,1)",-0.0016284234123113285,-0.499833717251257,
iran_12day,OIL_IMP,market_model,"(0,5)",-0.004876213665407607,-0.8641324439915151,
iran_12day,OIL_IMP,market_model,"(0,10)",-0.004838106345316069,-0.6332165784385845,
iran_12day,OIL_IMP,market_model,"(0,20)",-0.008627659184714127,-0.8172530361380647,
hormuz,AUD,const_mean,"(-1,1)",-0.011864916692290386,-1.4516938575474958,
hormuz,AUD,const_mean,"(0,1)",-0.012757309710288791,-1.9116794629760174,*
hormuz,AUD,const_mean,"(0,5)",-0.009564684925207574,-0.8274962159447715,
hormuz,AUD,const_mean,"(0,10)",-0.013403212070035652,-0.8564135302428018,
hormuz,AUD,const_mean,"(0,20)",-0.0515521093087675,-2.384008313784195,**
hormuz,AUD,market_model,"(-1,1)",0.013771884383448514,2.92768505593607,***
hormuz,AUD,market_model,"(0,1)",0.012550933979980751,3.2677788868698077,***
hormuz,AUD,market_model,"(0,5)",0.012390876984455904,1.8625932954704536,*
hormuz,AUD,market_model,"(0,10)",0.021115332197841133,2.344192061926114,**
hormuz,AUD,market_model,"(0,20)",0.005209409706025483,0.4185722982430953,
hormuz,BRL,const_mean,"(-1,1)",-0.027866256622967368,-2.4599040815321773,**
hormuz,BRL,const_mean,"(0,1)",-0.028899779480955477,-3.124494030489517,***
hormuz,BRL,const_mean,"(0,5)",-0.007848728752662234,-0.4899185271491559,
hormuz,BRL,const_mean,"(0,10)",-0.02312422660545528,-1.0660339654880648,
hormuz,BRL,const_mean,"(0,20)",-0.030448741317726378,-1.0159208309716292,
hormuz,BRL,market_model,"(-1,1)",-0.003782341995864364,-0.401145730943751,
hormuz,BRL,market_model,"(0,1)",-0.00512452068023155,-0.6656412991575886,
hormuz,BRL,market_model,"(0,5)",0.012776928756644221,0.9581926943826838,
hormuz,BRL,market_model,"(0,10)",0.009303441368539767,0.5152871231432185,
hormuz,BRL,market_model,"(0,20)",0.022874587673995635,0.9169499567631951,
hormuz,CAD,const_mean,"(-1,1)",-4.931498562665219e-05,-0.009845600528399737,
hormuz,CAD,const_mean,"(0,1)",-0.002643458272528635,-0.6463702941187801,
hormuz,CAD,const_mean,"(0,5)",0.0037221238546220957,0.5254593478482935,
hormuz,CAD,const_mean,"(0,10)",-0.003924347351591992,-0.40916174813411427,
hormuz,CAD,const_mean,"(0,20)",-0.021901927966796568,-1.6527098912201017,*
hormuz,CAD,market_model,"(-1,1)",0.01303790126108441,3.5554620107823247,***
hormuz,CAD,market_model,"(0,1)",0.010276034179767194,3.432096770672234,***
hormuz,CAD,market_model,"(0,5)",0.014930120736952972,2.878966934350419,***
hormuz,CAD,market_model,"(0,10)",0.013696870366670142,1.950625894519853,*
hormuz,CAD,market_model,"(0,20)",0.007074006731288121,0.7291297247871223,
hormuz,CHF,const_mean,"(-1,1)",-0.010946380310252182,-1.3020026397925226,
hormuz,CHF,const_mean,"(0,1)",-0.017466432516869787,-2.5444338921747307,**
hormuz,CHF,const_mean,"(0,5)",-0.013221695909280965,-1.1120223054191714,
hormuz,CHF,const_mean,"(0,10)",-0.028195158614892534,-1.7513790842860668,*
hormuz,CHF,const_mean,"(0,20)",-0.046434531297358674,-2.087533137457256,**
hormuz,CHF,market_model,"(-1,1)",0.014233594308529711,2.7098775819542467,***
hormuz,CHF,market_model,"(0,1)",0.007390839335584489,1.7233539345128543,*
hormuz,CHF,market_model,"(0,5)",0.008342636161368648,1.1231128460041964,
hormuz,CHF,market_model,"(0,10)",0.0057082939248617945,0.5675520555373423,
hormuz,CHF,market_model,"(0,20)",0.009315544692759734,0.6703387461373658,
hormuz,CLP,const_mean,"(-1,1)",-0.05126668254030416,-5.2335165622182975,***
hormuz,CLP,const_mean,"(0,1)",-0.04147809859710281,-5.185884701720611,***
hormuz,CLP,const_mean,"(0,5)",-0.04848774223945453,-3.500058894378425,***
hormuz,CLP,const_mean,"(0,10)",-0.051898849994266805,-2.766816819262879,***
hormuz,CLP,const_mean,"(0,20)",-0.08539567026378754,-3.2949226160865663,***
hormuz,CLP,market_model,"(-1,1)",-0.03056472387643372,-3.7388582729363447,***
hormuz,CLP,market_model,"(0,1)",-0.02104145312080992,-3.152389589097732,***
hormuz,CLP,market_model,"(0,5)",-0.030758418922044437,-2.6605261748519706,***
hormuz,CLP,market_model,"(0,10)",-0.02402479993398754,-1.5347674882158078,
hormuz,CLP,market_model,"(0,20)",-0.039560208309263135,-1.8290605211513826,*
hormuz,CNY,const_mean,"(-1,1)",-0.009363916532200789,-5.745298252111875,***
hormuz,CNY,const_mean,"(0,1)",-0.0066256202011285925,-4.978829015513639,***
hormuz,CNY,const_mean,"(0,5)",-0.008716265745674377,-3.781555772098227,***
hormuz,CNY,const_mean,"(0,10)",-0.00841944310124159,-2.697756180217603,***
hormuz,CNY,const_mean,"(0,20)",-0.013417723488295955,-3.111607880638259,***
hormuz,CNY,market_model,"(-1,1)",-0.0068924718615776814,-4.603975027128504,***
hormuz,CNY,market_model,"(0,1)",-0.004185849193569499,-3.4244211025893256,***
hormuz,CNY,market_model,"(0,5)",-0.006599700722141713,-3.117218188433969,***
hormuz,CNY,market_model,"(0,10)",-0.0050917786232718846,-1.7761995500585388,*
hormuz,CNY,market_model,"(0,20)",-0.007945786749732363,-2.006068888762282,**
hormuz,COP,const_mean,"(-1,1)",-0.010756410881040073,-0.7824694093294354,
hormuz,COP,const_mean,"(0,1)",-0.012956677440687483,-1.1543546613987001,
hormuz,COP,const_mean,"(0,5)",-0.004367938936470146,-0.22467851508314407,
hormuz,COP,const_mean,"(0,10)",0.005901952823330999,0.22421259383427236,
hormuz,COP,const_mean,"(0,20)",0.004607042795695592,0.12666983678036478,
hormuz,COP,market_model,"(-1,1)",0.013404759083775105,1.097074783044452,
hormuz,COP,market_model,"(0,1)",0.010894846604963749,1.0920536356578794,
hormuz,COP,market_model,"(0,5)",0.016323880663222726,0.9446819837966854,
hormuz,COP,market_model,"(0,10)",0.03843364086546439,1.6426802363243918,
hormuz,COP,market_model,"(0,20)",0.058101420051496606,1.7972767104265033,*
hormuz,CZK,const_mean,"(-1,1)",-0.0222815683560655,-3.0297131875185124,***
hormuz,CZK,const_mean,"(0,1)",-0.023575196617347166,-3.9260580213555105,***
hormuz,CZK,const_mean,"(0,5)",-0.0217430147142811,-2.0905498238319935,**
hormuz,CZK,const_mean,"(0,10)",-0.036731580796034675,-2.608312751671919,***
hormuz,CZK,const_mean,"(0,20)",-0.04664029852453862,-2.3970001546719435,**
hormuz,CZK,market_model,"(-1,1)",0.0007954165976566279,0.1880596994709989,
hormuz,CZK,market_model,"(0,1)",-0.0007939628308050138,-0.229904191812987,
hormuz,CZK,market_model,"(0,5)",-0.001979699847384604,-0.3309675693804163,
hormuz,CZK,market_model,"(0,10)",-0.005659688310664417,-0.6988080318825488,
hormuz,CZK,market_model,"(0,20)",0.004453623700195769,0.3979839775635169,
hormuz,DKK,const_mean,"(-1,1)",-0.016143649598277122,-2.6444145106544945,***
hormuz,DKK,const_mean,"(0,1)",-0.017363780661902514,-3.4835153598894966,***
hormuz,DKK,const_mean,"(0,5)",-0.015731516005593842,-1.822146905001617,*
hormuz,DKK,const_mean,"(0,10)",-0.027890549714374782,-2.3858831388697674,**
hormuz,DKK,const_mean,"(0,20)",-0.032869131407576864,-2.035012197804737,**
hormuz,DKK,market_model,"(-1,1)",0.003528416030569261,1.0655449645367854,
hormuz,DKK,market_model,"(0,1)",0.002056170733553341,0.7604957605896916,
hormuz,DKK,market_model,"(0,5)",0.0011157986624531833,0.23826641652657923,
hormuz,DKK,market_model,"(0,10)",-0.0014031940476600473,-0.2212962288363049,
hormuz,DKK,market_model,"(0,20)",0.010686081427019612,1.219723675180754,
hormuz,EUR,const_mean,"(-1,1)",-0.016020734293320207,-2.6282885922354304,***
hormuz,EUR,const_mean,"(0,1)",-0.01728922283073614,-3.4738553742144043,***
hormuz,EUR,const_mean,"(0,5)",-0.015913373457792115,-1.8460263235536858,*
hormuz,EUR,const_mean,"(0,10)",-0.02796749872903346,-2.3961198900681566,**
hormuz,EUR,const_mean,"(0,20)",-0.032610984712511254,-2.0221134843452098,**
hormuz,EUR,market_model,"(-1,1)",0.0036449304506570757,1.1056054078493098,
hormuz,EUR,market_model,"(0,1)",0.002124409712628071,0.7892140646174789,
hormuz,EUR,market_model,"(0,5)",0.0009284594411525598,0.19914015797750745,
hormuz,EUR,market_model,"(0,10)",-0.0014887615021566322,-0.23583069073980564,
hormuz,EUR,market_model,"(0,20)",0.010930056153159156,1.2530958206717127,
hormuz,GBP,const_mean,"(-1,1)",-0.00961930288459446,-1.387620364943158,
hormuz,GBP,const_mean,"(0,1)",-0.00978987519532784,-1.729616621509856,*
hormuz,GBP,const_mean,"(0,5)",-0.003950898501810222,-0.4030026856676934,
hormuz,GBP,const_mean,"(0,10)",-0.013364900640719924,-1.006832172285519,
hormuz,GBP,const_mean,"(0,20)",-0.02421461024866703,-1.320248031104899,
hormuz,GBP,market_model,"(-1,1)",0.012284260917132864,3.125619720150654,***
hormuz,GBP,market_model,"(0,1)",0.011832975828159488,3.687454862540206,***
hormuz,GBP,market_model,"(0,5)",0.014807489086030735,2.664118445062923,***
hormuz,GBP,market_model,"(0,10)",0.016127044726430236,2.1429211005725746,**
hormuz,GBP,market_model,"(0,20)",0.024281282415571828,2.3351227031321553,**
hormuz,HKD,const_mean,"(-1,1)",0.0024593719555157157,3.3875362611139415,***
hormuz,HKD,const_mean,"(0,1)",0.0023179745793089437,3.910335625692218,***
hormuz,HKD,const_mean,"(0,5)",0.00029875515406663103,0.29097799354235593,
hormuz,HKD,const_mean,"(0,10)",-0.0007834202350248099,-0.5635322899962202,
hormuz,HKD,const_mean,"(0,20)",-0.0012540376163713914,-0.6528618332034167,
hormuz,HKD,market_model,"(-1,1)",0.003151147274485063,4.480847458964255,***
hormuz,HKD,market_model,"(0,1)",0.003000884209869612,5.226203617578715,***
hormuz,HKD,market_model,"(0,5)",0.0008911970815262159,0.8960870810766159,
hormuz,HKD,market_model,"(0,10)",0.00014801722867130245,0.10991779604101592,
hormuz,HKD,market_model,"(0,20)",0.00027759723173772903,0.1491961338296258,
hormuz,HUF,const_mean,"(-1,1)",-0.04659526140857648,-5.3827166620720925,***
hormuz,HUF,const_mean,"(0,1)",-0.044991082522817485,-6.3654899906390545,***
hormuz,HUF,const_mean,"(0,5)",-0.04692596946497405,-3.8331694933152436,***
hormuz,HUF,const_mean,"(0,10)",-0.06677019946341842,-4.028160121486429,***
hormuz,HUF,const_mean,"(0,20)",-0.07012048081297675,-3.061650640588365,***
hormuz,HUF,market_model,"(-1,1)",-0.02032420867076618,-3.8392773433985674,***
hormuz,HUF,market_model,"(0,1)",-0.01905671564435299,-4.40889264466235,***
hormuz,HUF,market_model,"(0,5)",-0.024427229348646808,-3.2628345546946,***
hormuz,HUF,market_model,"(0,10)",-0.03139767017574505,-3.0974018155396394,***
hormuz,HUF,market_model,"(0,20)",-0.011954688009481665,-0.8535423362661583,
hormuz,IDR,const_mean,"(-1,1)",-0.005440405705969857,-1.3978781729151144,
hormuz,IDR,const_mean,"(0,1)",-0.005013820907311605,-1.5778019292310788,
hormuz,IDR,const_mean,"(0,5)",-0.009363865724155113,-1.7012894770574407,*
hormuz,IDR,const_mean,"(0,10)",-0.011460742532786977,-1.5378538958057393,
hormuz,IDR,const_mean,"(0,20)",-0.0097600032301865,-0.9478486102065767,
hormuz,IDR,market_model,"(-1,1)",-0.0009965453764174772,-0.268215798250217,
hormuz,IDR,market_model,"(0,1)",-0.0006269124231534791,-0.20665208044330416,
hormuz,IDR,market_model,"(0,5)",-0.0055581081222163655,-1.0577895427263377,
hormuz,IDR,market_model,"(0,10)",-0.0054773287264880495,-0.7698752662174502,
hormuz,IDR,market_model,"(0,20)",7.898806399943325e-05,0.008035256145098701,
hormuz,ILS,const_mean,"(-1,1)",0.00797938765239631,0.8949467508779404,
hormuz,ILS,const_mean,"(0,1)",0.013744739401995106,1.8880338263906473,*
hormuz,ILS,const_mean,"(0,5)",0.012368706919540123,0.9809275504881483,
hormuz,ILS,const_mean,"(0,10)",-0.0023426778600367584,-0.1372159160387603,
hormuz,ILS,const_mean,"(0,20)",-0.02487493412109292,-1.0544853501934899,
hormuz,ILS,market_model,"(-1,1)",0.02459302458390269,3.1556646554086307,***
hormuz,ILS,market_model,"(0,1)",0.030145458462148243,4.73746947134353,***
hormuz,ILS,market_model,"(0,5)",0.026596758739138946,2.4131961159274185,**
hormuz,ILS,market_model,"(0,10)",0.020026671583226685,1.3419982897222469,
hormuz,ILS,market_model,"(0,20)",0.011908721757291152,0.5775572367835814,
hormuz,INR,const_mean,"(-1,1)",-0.01088319554934724,-2.205221297913573,**
hormuz,INR,const_mean,"(0,1)",-0.010193497117472392,-2.5296741307611157,**
hormuz,INR,const_mean,"(0,5)",-0.010445355910579277,-1.496593967309029,
hormuz,INR,const_mean,"(0,10)",-0.010511808169936708,-1.1123397499358314,
hormuz,INR,const_mean,"(0,20)",-0.030956048638503875,-2.370785410157713,**
hormuz,INR,market_model,"(-1,1)",-0.00875522095725994,-1.785354228409157,*
hormuz,INR,market_model,"(0,1)",-0.008092794327598478,-2.0211633676338208,**
hormuz,INR,market_model,"(0,5)",-0.008622941415075885,-1.243362380705356,
hormuz,INR,market_model,"(0,10)",-0.007646607283879388,-0.8143111032050534,
hormuz,INR,market_model,"(0,20)",-0.026244576644984953,-2.0227762090095642,**
hormuz,JPY,const_mean,"(-1,1)",-0.009315208960050666,-0.9974816764284925,
hormuz,JPY,const_mean,"(0,1)",-0.01007841230021921,-1.3217523024032762,
hormuz,JPY,const_mean,"(0,5)",-0.00837555506499143,-0.6341776399004372,
hormuz,JPY,const_mean,"(0,10)",-0.015642229283185906,-0.8747324890728722,
hormuz,JPY,const_mean,"(0,20)",-0.01663545095383495,-0.6732833632439464,
hormuz,JPY,market_model,"(-1,1)",0.00949180085760842,1.1942370827693813,
hormuz,JPY,market_model,"(0,1)",0.008487569709175833,1.3078890938124956,
hormuz,JPY,market_model,"(0,5)",0.007730918873288788,0.6877934769440344,
hormuz,JPY,market_model,"(0,10)",0.009680376256380126,0.636060545174755,
hormuz,JPY,market_model,"(0,20)",0.0250044729283488,1.1890787530220388,
hormuz,KRW,const_mean,"(-1,1)",-0.032541434431698685,-3.7788375961618437,***
hormuz,KRW,const_mean,"(0,1)",-0.02751096068159559,-3.9126672976328414,***
hormuz,KRW,const_mean,"(0,5)",-0.013306659939962275,-1.0926362259433724,
hormuz,KRW,const_mean,"(0,10)",-0.03069394400114745,-1.8613948842567156,*
hormuz,KRW,const_mean,"(0,20)",-0.046273420446071134,-2.030972849482179,**
hormuz,KRW,market_model,"(-1,1)",-0.014819720339481996,-2.039277243213205,**
hormuz,KRW,market_model,"(0,1)",-0.01001636541091098,-1.688076227781794,*
hormuz,KRW,market_model,"(0,5)",0.0018703580408508808,0.18198936845072403,
hormuz,KRW,market_model,"(0,10)",-0.006832629534197854,-0.49100783623914684,
hormuz,KRW,market_model,"(0,20)",-0.007036410787638517,-0.36596405443150154,
hormuz,KWD,const_mean,"(-1,1)",-0.0016660270740696112,-0.9291608701773083,
hormuz,KWD,const_mean,"(0,1)",-0.0016557924962899407,-1.1309942500433292,
hormuz,KWD,const_mean,"(0,5)",-0.0028398680266914222,-1.1199329377532459,
hormuz,KWD,const_mean,"(0,10)",-0.005010549331123174,-1.459346713567849,
hormuz,KWD,const_mean,"(0,20)",-0.004950015395228177,-1.0434373708319384,
hormuz,KWD,market_model,"(-1,1)",0.0004335904125998569,0.25394085467510696,
hormuz,KWD,market_model,"(0,1)",0.0004169166085627845,0.29905270296767617,
hormuz,KWD,market_model,"(0,5)",-0.0010417387835383778,-0.4314164904262117,
hormuz,KWD,market_model,"(0,10)",-0.0021835297296879993,-0.6678459558677182,
hormuz,KWD,market_model,"(0,20)",-0.0003013278487088433,-0.06670266061581864,
hormuz,MXN,const_mean,"(-1,1)",-0.030496854285748026,-4.240052111315261,***
hormuz,MXN,const_mean,"(0,1)",-0.02866980043628272,-4.881872682466568,***
hormuz,MXN,const_mean,"(0,5)",-0.02615364489934236,-2.5711852883135964,**
hormuz,MXN,const_mean,"(0,10)",-0.033819569911142405,-2.455548489926127,**
hormuz,MXN,const_mean,"(0,20)",-0.0647846295822117,-3.4043884581486297,***
hormuz,MXN,market_model,"(-1,1)",-0.010915415325061932,-2.154351434502981,**
hormuz,MXN,market_model,"(0,1)",-0.009339314251243005,-2.2575475351266334,**
hormuz,MXN,market_model,"(0,5)",-0.009383943636243213,-1.3096241587684565,
hormuz,MXN,market_model,"(0,10)",-0.00745423807444839,-0.7683229912635178,
hormuz,MXN,market_model,"(0,20)",-0.021430069993425036,-1.598640660180739,
hormuz,MYR,const_mean,"(-1,1)",-0.017661169129476226,-4.135074800658699,***
hormuz,MYR,const_mean,"(0,1)",-0.015338238222934451,-4.398301825479711,***
hormuz,MYR,const_mean,"(0,5)",-0.022241194080663353,-3.682197023097874,***
hormuz,MYR,const_mean,"(0,10)",-0.017261585686358133,-2.110614384946169,**
hormuz,MYR,const_mean,"(0,20)",-0.04827503941563639,-4.272061907943333,***
hormuz,MYR,market_model,"(-1,1)",-0.01228507850485925,-3.044976575942621,***
hormuz,MYR,market_model,"(0,1)",-0.010031046766917025,-3.045074375853635,***
hormuz,MYR,market_model,"(0,5)",-0.017637066982589458,-3.091130828551825,***
hormuz,MYR,market_model,"(0,10)",-0.010022975000660099,-1.2973792628202832,
hormuz,MYR,market_model,"(0,20)",-0.036372030560790344,-3.4074112058760857,***
hormuz,NOK,const_mean,"(-1,1)",-0.013580669190519352,-1.4838378557850542,
hormuz,NOK,const_mean,"(0,1)",-0.01760898303281457,-2.3563792011421456,**
hormuz,NOK,const_mean,"(0,5)",-0.011085493606067203,-0.8564565087288757,
hormuz,NOK,const_mean,"(0,10)",-0.022076795058608028,-1.2596955264448069,
hormuz,NOK,const_mean,"(0,20)",-0.03415865766216724,-1.410642785319321,
hormuz,NOK,market_model,"(-1,1)",0.01631205222398075,3.3990453463981978,***
hormuz,NOK,market_model,"(0,1)",0.011900637761467887,3.037135869192992,***
hormuz,NOK,market_model,"(0,5)",0.01451487259115985,2.1386838282852194,**
hormuz,NOK,market_model,"(0,10)",0.01817211214261892,1.9775070858289079,**
hormuz,NOK,market_model,"(0,20)",0.03202574147407145,2.522310389811527,**
hormuz,NZD,const_mean,"(-1,1)",-0.015983058383870596,-1.8846579804663324,*
hormuz,NZD,const_mean,"(0,1)",-0.018438185468396866,-2.66278726153201,***
hormuz,NZD,const_mean,"(0,5)",-0.011861680152962496,-0.9890172657047245,
hormuz,NZD,const_mean,"(0,10)",-0.025324324583572158,-1.559462076791717,
hormuz,NZD,const_mean,"(0,20)",-0.05158225445557928,-2.2989205446934844,**
hormuz,NZD,market_model,"(-1,1)",0.010312690421268589,2.0657546480879194,**
hormuz,NZD,market_model,"(0,1)",0.007520560976313213,1.8450265677142643,*
hormuz,NZD,market_model,"(0,5)",0.01065820987335402,1.5096491534386074,
hormuz,NZD,market_model,"(0,10)",0.010081456602058999,1.0546159312064507,
hormuz,NZD,market_model,"(0,20)",0.00663821702218322,0.5025846086665715,
hormuz,PEN,const_mean,"(-1,1)",-0.0204262132149638,-5.415274827456723,***
hormuz,PEN,const_mean,"(0,1)",-0.020201546443137527,-6.559381446173544,***
hormuz,PEN,const_mean,"(0,5)",-0.041648472121853415,-7.8075849334326515,***
hormuz,PEN,const_mean,"(0,10)",-0.02386723456832949,-3.3044488018972653,***
hormuz,PEN,const_mean,"(0,20)",-0.05141026337432751,-5.151496985279301,***
hormuz,PEN,market_model,"(-1,1)",-0.015438058763318096,-4.360180308425881,***
hormuz,PEN,market_model,"(0,1)",-0.015277319428464487,-5.284507861136919,***
hormuz,PEN,market_model,"(0,5)",-0.03737657667146076,-7.464423705292901,***
hormuz,PEN,market_model,"(0,10)",-0.017150958627916504,-2.5296733389850816,**
hormuz,PEN,market_model,"(0,20)",-0.04036617004461199,-4.309037611699443,***
hormuz,PLN,const_mean,"(-1,1)",-0.03254570191565105,-4.407735015232371,***
hormuz,PLN,const_mean,"(0,1)",-0.0334308527446279,-5.545170693925741,***
hormuz,PLN,const_mean,"(0,5)",-0.0227932876836894,-2.1827993175835676,**
hormuz,PLN,const_mean,"(0,10)",-0.039527787211761756,-2.79568748914882,***
hormuz,PLN,const_mean,"(0,20)",-0.05121149740367137,-2.6214422205263763,***
hormuz,PLN,market_model,"(-1,1)",-0.008290755053213125,-2.1747525890124595,**
hormuz,PLN,market_model,"(0,1)",-0.0094867536319649,-3.047747782889227,***
hormuz,PLN,market_model,"(0,5)",-0.002021156797289203,-0.3748873455674389,
hormuz,PLN,market_model,"(0,10)",-0.0068698337286971145,-0.9410794347108128,
hormuz,PLN,market_model,"(0,20)",0.0024905079076673214,0.2469190954048838,
hormuz,SAR,const_mean,"(-1,1)",-0.0007063482607294086,-4.1754945512657615,***
hormuz,SAR,const_mean,"(0,1)",-0.0005685950115220724,-4.116590958667687,***
hormuz,SAR,const_mean,"(0,5)",-0.0009326966786628152,-3.898652022430861,***
hormuz,SAR,const_mean,"(0,10)",-0.0004753465891602365,-1.467451335905283,
hormuz,SAR,const_mean,"(0,20)",-0.0005730731981729219,-1.2804131293894174,
hormuz,SAR,market_model,"(-1,1)",-0.0006661521420315662,-3.9454577626687133,***
hormuz,SAR,market_model,"(0,1)",-0.0005289140402338605,-3.8366721976136207,***
hormuz,SAR,market_model,"(0,5)",-0.0008982724004546486,-3.761984727057444,***
hormuz,SAR,market_model,"(0,10)",-0.000421224723543338,-1.3028730731222857,
hormuz,SAR,market_model,"(0,20)",-0.0004840764177615151,-1.0836496020847526,
hormuz,SEK,const_mean,"(-1,1)",-0.024427346917501015,-2.8423531920152905,***
hormuz,SEK,const_mean,"(0,1)",-0.02688039572325454,-3.8307431153275755,***
hormuz,SEK,const_mean,"(0,5)",-0.014580155622994426,-1.1996343809033743,
hormuz,SEK,const_mean,"(0,10)",-0.03950412585395308,-2.400537436596169,**
hormuz,SEK,const_mean,"(0,20)",-0.06638161235027551,-2.91944648676051,***
hormuz,SEK,market_model,"(-1,1)",0.004179132639864431,0.9786282450890719,
hormuz,SEK,market_model,"(0,1)",0.0013594674960161653,0.38989354826195904,
hormuz,SEK,market_model,"(0,5)",0.009918662739083829,1.6423651327231226,
hormuz,SEK,market_model,"(0,10)",-0.0009870726525106725,-0.1207104851353856,
hormuz,SEK,market_model,"(0,20)",-0.0030450350392200896,-0.2695099883838968,
hormuz,SGD,const_mean,"(-1,1)",-0.01108552951845081,-2.8720370762737706,***
hormuz,SGD,const_mean,"(0,1)",-0.01011440385155324,-3.2093680085689695,***
hormuz,SGD,const_mean,"(0,5)",-0.008404730524516124,-1.5397222831709365,
hormuz,SGD,const_mean,"(0,10)",-0.011655012139567374,-1.5769234603345679,
hormuz,SGD,const_mean,"(0,20)",-0.023532911511785673,-2.304412599715091,**
hormuz,SGD,market_model,"(-1,1)",0.001579568991548516,0.7902253546744398,
hormuz,SGD,market_model,"(0,1)",0.002388380661435939,1.4633948965337953,
hormuz,SGD,market_model,"(0,5)",0.002441761344995037,0.8637748940024378,
hormuz,SGD,market_model,"(0,10)",0.005397847235627963,1.4102536575281144,
hormuz,SGD,market_model,"(0,20)",0.004508427490523265,0.8524883050616143,
hormuz,THB,const_mean,"(-1,1)",-0.01724823702457747,-2.227083372290144,**
hormuz,THB,const_mean,"(0,1)",-0.018368720204419483,-2.9048003772600097,***
hormuz,THB,const_mean,"(0,5)",-0.02189080089943774,-1.998657681291469,**
hormuz,THB,const_mean,"(0,10)",-0.0435290175765066,-2.935181179959526,***
hormuz,THB,const_mean,"(0,20)",-0.062003611790096926,-3.025935958317622,***
hormuz,THB,market_model,"(-1,1)",0.0012777190764260986,0.21104625260203555,
hormuz,THB,market_model,"(0,1)",-8.018996953249209e-05,-0.016222132495514664,
hormuz,THB,market_model,"(0,5)",-0.006025023616631077,-0.7036975224163041,
hormuz,THB,market_model,"(0,10)",-0.018584835426479818,-1.6031171886559408,
hormuz,THB,market_model,"(0,20)",-0.020985958831457395,-1.310153142193761,
hormuz,TRY,const_mean,"(-1,1)",0.0004366974948696354,0.1928718247128995,
hormuz,TRY,const_mean,"(0,1)",0.0004157227698724199,0.22487311217341596,
hormuz,TRY,const_mean,"(0,5)",0.00045316783972878193,0.14152467696027232,
hormuz,TRY,const_mean,"(0,10)",0.00010693373736045918,0.024664204875425047,
hormuz,TRY,const_mean,"(0,20)",-0.0009018420695007705,-0.1505461173172977,
hormuz,TRY,market_model,"(-1,1)",0.0016077835452442393,0.7166389613630515,
hormuz,TRY,market_model,"(0,1)",0.001571800357618087,0.8580564274971562,
hormuz,TRY,market_model,"(0,5)",0.00145609531904191,0.4589312635997019,
hormuz,TRY,market_model,"(0,10)",0.0016837367695298562,0.39193253544407797,
hormuz,TRY,market_model,"(0,20)",0.0016910174264993974,0.28488651938821336,
hormuz,TWD,const_mean,"(-1,1)",-0.01463582542944308,-3.0252853456524105,***
hormuz,TWD,const_mean,"(0,1)",-0.011034263887819354,-2.7934320940473603,***
hormuz,TWD,const_mean,"(0,5)",-0.012296676576869761,-1.7973053853966314,*
hormuz,TWD,const_mean,"(0,10)",-0.015574596705739893,-1.6812419481422527,*
hormuz,TWD,const_mean,"(0,20)",-0.016193607787716356,-1.2651549507692013,
hormuz,TWD,market_model,"(-1,1)",-0.002891141982633732,-0.7718889365288645,
hormuz,TWD,market_model,"(0,1)",0.0005599014629510679,0.18308072679590298,
hormuz,TWD,market_model,"(0,5)",-0.002238435544222106,-0.42258588959688376,
hormuz,TWD,market_model,"(0,10)",0.00023897435069517763,0.03331969145360648,
hormuz,TWD,market_model,"(0,20)",0.00980987333379011,0.9899192640317955,
hormuz,ZAR,const_mean,"(-1,1)",-0.03887532941910505,-4.011331458242145,***
hormuz,ZAR,const_mean,"(0,1)",-0.03829615015255017,-4.839664031756887,***
hormuz,ZAR,const_mean,"(0,5)",-0.026984091021833707,-1.9688256673571252,**
hormuz,ZAR,const_mean,"(0,10)",-0.054625271052310034,-2.9435563695151794,***
hormuz,ZAR,const_mean,"(0,20)",-0.09331150710158474,-3.6391558177737693,***
hormuz,ZAR,market_model,"(-1,1)",-0.011017838210860468,-1.7170205961430864,*
hormuz,ZAR,market_model,"(0,1)",-0.010795676360405057,-2.0605093992632946,**
hormuz,ZAR,market_model,"(0,5)",-0.003126712284775658,-0.3445498268829319,
hormuz,ZAR,market_model,"(0,10)",-0.01711668951661373,-1.3930386677032691,
hormuz,ZAR,market_model,"(0,20)",-0.03163323795054055,-1.8632612070605856,*
hormuz,r_DTWEXBGS,const_mean,"(-1,1)",0.013456508391956494,3.5080217358390136,***
hormuz,r_DTWEXBGS,const_mean,"(0,1)",0.01396332020827493,4.458247923681919,***
hormuz,r_DTWEXBGS,const_mean,"(0,5)",0.015393533787725289,2.837613361777501,***
hormuz,r_DTWEXBGS,const_mean,"(0,10)",0.02119086663364651,2.884980566425307,***
hormuz,r_DTWEXBGS,const_mean,"(0,20)",0.03291570245972128,3.2432766614782094,***
hormuz,r_DTWEXAFEGS,const_mean,"(-1,1)",0.010429360928580138,1.9571383581243134,*
hormuz,r_DTWEXAFEGS,const_mean,"(0,1)",0.012634551825205226,2.903817392651035,***
hormuz,r_DTWEXAFEGS,const_mean,"(0,5)",0.010977068477470276,1.4565828998668657,
hormuz,r_DTWEXAFEGS,const_mean,"(0,10)",0.01989020519999974,1.9492492682160243,*
hormuz,r_DTWEXAFEGS,const_mean,"(0,20)",0.029456573878659114,2.089281908828602,**
hormuz,r_DTWEXEMEGS,const_mean,"(-1,1)",0.016393187527020348,5.338384983272241,***
hormuz,r_DTWEXEMEGS,const_mean,"(0,1)",0.0152538051347287,6.08373525697652,***
hormuz,r_DTWEXEMEGS,const_mean,"(0,5)",0.019678812999539302,4.531378964125458,***
hormuz,r_DTWEXEMEGS,const_mean,"(0,10)",0.022452792966741752,3.818397524901691,***
hormuz,r_DTWEXEMEGS,const_mean,"(0,20)",0.036270477013440446,4.464272853108139,***
hormuz,r_SP500,const_mean,"(-1,1)",-0.014853382759343135,-1.1860442238962372,
hormuz,r_SP500,const_mean,"(0,1)",-0.010033267639696657,-0.9812135502560373,
hormuz,r_SP500,const_mean,"(0,5)",-0.014951019072205675,-0.8441727090085196,
hormuz,r_SP500,const_mean,"(0,10)",-0.031625352818098765,-1.318788569503822,
hormuz,r_SP500,const_mean,"(0,20)",-0.09088816283837026,-2.743050575978263,***
hormuz,r_DCOILBRENTEU,const_mean,"(-1,1)",0.14950273555009558,4.627289184925177,***
hormuz,r_DCOILBRENTEU,const_mean,"(0,1)",0.15451631339190094,5.857300019420614,***
hormuz,r_DCOILBRENTEU,const_mean,"(0,5)",0.2782885250599989,6.090568102735771,***
hormuz,r_DCOILBRENTEU,const_mean,"(0,10)",0.3455054364879917,5.5846591600143665,***
hormuz,r_DCOILBRENTEU,const_mean,"(0,20)",0.5304493229638964,6.205437158488952,***
hormuz,r_DCOILWTICO,const_mean,"(-1,1)",0.13512019024711897,4.622062328087483,***
hormuz,r_DCOILWTICO,const_mean,"(0,1)",0.10677794444947927,4.473451520805975,***
hormuz,r_DCOILWTICO,const_mean,"(0,5)",0.347118664459775,8.396117696981024,***
hormuz,r_DCOILWTICO,const_mean,"(0,10)",0.33457390408078824,5.976843695008263,***
hormuz,r_DCOILWTICO,const_mean,"(0,20)",0.4505069215998625,5.824625368896619,***
hormuz,r_DHHNGSP,const_mean,"(-1,1)",0.05004795424910063,0.1597712759363165,
hormuz,r_DHHNGSP,const_mean,"(0,1)",0.03416567349423245,0.13358201468084271,
hormuz,r_DHHNGSP,const_mean,"(0,5)",0.07749245715623185,0.17492698366109205,
hormuz,r_DHHNGSP,const_mean,"(0,10)",0.002492453850180709,0.004155313394978918,
hormuz,r_DHHNGSP,const_mean,"(0,20)",-0.058095124494607665,-0.07009758245536385,
hormuz,r_Gold,const_mean,"(-1,1)",-0.027959609393934423,-0.8709975994319172,
hormuz,r_Gold,const_mean,"(0,1)",-0.03664624495946882,-1.398173182698992,
hormuz,r_Gold,const_mean,"(0,5)",-0.04215593258219705,-0.9286018865529806,
hormuz,r_Gold,const_mean,"(0,10)",-0.08364244648042529,-1.3607453850607212,
hormuz,r_Gold,const_mean,"(0,20)",-0.21936567050540667,-2.5828875689271333,***
hormuz,r_EuroStoxx50_EUR,const_mean,"(-1,1)",-0.068155002330274,-5.462679898150938,***
hormuz,r_EuroStoxx50_EUR,const_mean,"(0,1)",-0.06345847027418547,-6.229357332209277,***
hormuz,r_EuroStoxx50_EUR,const_mean,"(0,5)",-0.08229318881406,-4.663982465420795,***
hormuz,r_EuroStoxx50_EUR,const_mean,"(0,10)",-0.07753422804804257,-3.2453815852300734,***
hormuz,r_EuroStoxx50_EUR,const_mean,"(0,20)",-0.12182630425096848,-3.6906262387413618,***
hormuz,d_DGS10,const_mean,"(-1,1)",0.04475000000000001,0.7376166383979358,
hormuz,d_DGS10,const_mean,"(0,1)",0.09316666666666598,1.8808053518302112,*
hormuz,d_DGS10,const_mean,"(0,5)",0.15949999999999973,1.8590169708355124,*
hormuz,d_DGS10,const_mean,"(0,10)",0.27741666666666664,2.3880009694265567,**
hormuz,d_DGS10,const_mean,"(0,20)",0.41324999999999923,2.574551046238274,**
hormuz,d_DGS5,const_mean,"(-1,1)",0.06175000000000002,0.9637041099823818,
hormuz,d_DGS5,const_mean,"(0,1)",0.12116666666666667,2.315983917291282,**
hormuz,d_DGS5,const_mean,"(0,5)",0.20350000000000001,2.2457228863881507,**
hormuz,d_DGS5,const_mean,"(0,10)",0.2964166666666666,2.4158705135411003,**
hormuz,d_DGS5,const_mean,"(0,20)",0.4722500000000004,2.7856701840051565,***
hormuz,d_DFII5,const_mean,"(-1,1)",0.030499999999999992,0.588356939962491,
hormuz,d_DFII5,const_mean,"(0,1)",0.06033333333333313,1.42542375084999,
hormuz,d_DFII5,const_mean,"(0,5)",0.04099999999999977,0.5592550315485675,
hormuz,d_DFII5,const_mean,"(0,10)",0.11183333333333309,1.1266177667133124,
hormuz,d_DFII5,const_mean,"(0,20)",0.29349999999999954,2.1399327570941202,**
hormuz,d_T5YIE,const_mean,"(-1,1)",0.03124999999999982,0.9168759197464299,
hormuz,d_T5YIE,const_mean,"(0,1)",0.06083333333333335,2.1859880765351516,**
hormuz,d_T5YIE,const_mean,"(0,5)",0.16250000000000003,3.3713117378686577,***
hormuz,d_T5YIE,const_mean,"(0,10)",0.18458333333333343,2.828246865355041,***
hormuz,d_T5YIE,const_mean,"(0,20)",0.17874999999999988,1.982246116260763,**
hormuz,d_VIXCLS,const_mean,"(-1,1)",4.809000000000001,1.9375524717540837,*
hormuz,d_VIXCLS,const_mean,"(0,1)",3.6226666666666674,1.7876096899832308,*
hormuz,d_VIXCLS,const_mean,"(0,5)",5.378,1.5321613250709434,
hormuz,d_VIXCLS,const_mean,"(0,10)",3.1696666666666675,0.6669243482610315,
hormuz,d_VIXCLS,const_mean,"(0,20)",9.832999999999998,1.497392711025971,
hormuz,d_GPRD,const_mean,"(-1,1)",225.23755550384521,2.427359767817449,**
hormuz,d_GPRD,const_mean,"(0,1)",194.9368381500244,2.57295915089999,**
hormuz,d_GPRD,const_mean,"(0,5)",177.96246147155756,1.3561469462001707,
hormuz,d_GPRD,const_mean,"(0,10)",68.22552394866943,0.38397637877441276,
hormuz,d_GPRD,const_mean,"(0,20)",79.72049045562744,0.3247239237344601,
hormuz,d_GPRD_ACT,const_mean,"(-1,1)",382.0692457199097,3.1619319145142244,***
hormuz,d_GPRD_ACT,const_mean,"(0,1)",306.33449897766116,3.104931131695826,***
hormuz,d_GPRD_ACT,const_mean,"(0,5)",469.4267757415772,2.7470293087972597,***
hormuz,d_GPRD_ACT,const_mean,"(0,10)",182.84268169403083,0.7902277931121688,
hormuz,d_GPRD_ACT,const_mean,"(0,20)",248.77657489776624,0.7781635736553524,
hormuz,d_GPRD_THREAT,const_mean,"(-1,1)",229.30788879394532,1.6447127106697959,
hormuz,d_GPRD_THREAT,const_mean,"(0,1)",206.04178670247398,1.809972555137262,*
hormuz,d_GPRD_THREAT,const_mean,"(0,5)",95.07387695312495,0.48218895600630385,
hormuz,d_GPRD_THREAT,const_mean,"(0,10)",9.456984456380173,0.035423218084934295,
hormuz,d_GPRD_THREAT,const_mean,"(0,20)",-9.352163696289068,-0.02535327883466661,
hormuz,USD_EW,const_mean,"(-1,1)",0.01623179663793455,3.8356854295369343,***
hormuz,USD_EW,const_mean,"(0,1)",0.016023772374334947,4.637530579561728,***
hormuz,USD_EW,const_mean,"(0,5)",0.013901040731891237,2.322783369282659,**
hormuz,USD_EW,const_mean,"(0,10)",0.021855222464707152,2.697092902541248,***
hormuz,USD_EW,const_mean,"(0,20)",0.03593823702054137,3.2098455704292146,***
hormuz,SAFE,const_mean,"(-1,1)",-0.011962484350149934,-2.2449539656301787,**
hormuz,SAFE,const_mean,"(0,1)",-0.012185888989109588,-2.800843896258597,***
hormuz,SAFE,const_mean,"(0,5)",-0.010289285142042866,-1.3653885677978208,
hormuz,SAFE,const_mean,"(0,10)",-0.02305128959536439,-2.259152607891522,**
hormuz,SAFE,const_mean,"(0,20)",-0.03608345556558394,-2.5594412126085095,**
hormuz,SAFE,market_model,"(-1,1)",0.00701357861573782,3.542896099596244,***
hormuz,SAFE,market_model,"(0,1)",0.006546979608800869,4.0504694845605895,***
hormuz,SAFE,market_model,"(0,5)",0.005961967267271735,2.12957694436865,**
hormuz,SAFE,market_model,"(0,10)",0.0024989367212055894,0.6592320153526332,
hormuz,SAFE,market_model,"(0,20)",0.005930762810649356,1.1323489518856085,
hormuz,RISKY,const_mean,"(-1,1)",-0.02403328842656173,-5.163442779038903,***
hormuz,RISKY,const_mean,"(0,1)",-0.023634907574018052,-6.2190737625327674,***
hormuz,RISKY,const_mean,"(0,5)",-0.018757721952188257,-2.8496483193723376,***
hormuz,RISKY,const_mean,"(0,10)",-0.029966583901181253,-3.3622321170839444,***
hormuz,RISKY,const_mean,"(0,20)",-0.04393684376954493,-3.5678452228767648,***
hormuz,RISKY,market_model,"(-1,1)",-0.007809317755524799,-4.020026718979774,***
hormuz,RISKY,market_model,"(0,1)",-0.007618860870166399,-4.803430570413035,***
hormuz,RISKY,market_model,"(0,5)",-0.0048633834410700474,-1.7702693869686927,*
hormuz,RISKY,market_model,"(0,10)",-0.008121898670975247,-2.1834220758530285,**
hormuz,RISKY,market_model,"(0,20)",-0.008015933940783669,-1.5596277534322047,
hormuz,CARRY_HML,const_mean,"(-1,1)",-0.012070804076411902,-3.367601690135494,***
hormuz,CARRY_HML,const_mean,"(0,1)",-0.011449018584908467,-3.9119960520416934,***
hormuz,CARRY_HML,const_mean,"(0,5)",-0.008468436810145506,-1.6706011320934915,*
hormuz,CARRY_HML,const_mean,"(0,10)",-0.006915294305816874,-1.007533443015649,
hormuz,CARRY_HML,const_mean,"(0,20)",-0.007853388203961115,-0.8281186466499915,
hormuz,CARRY_HML,market_model,"(-1,1)",-0.014822896371262662,-4.22082740292106,***
hormuz,CARRY_HML,market_model,"(0,1)",-0.014165840478967209,-4.940290617515871,***
hormuz,CARRY_HML,market_model,"(0,5)",-0.010825350708341834,-2.179673771550455,**
hormuz,CARRY_HML,market_model,"(0,10)",-0.010620835392180766,-1.5793830897384467,
hormuz,CARRY_HML,market_model,"(0,20)",-0.013946696751433015,-1.5010213135691164,
hormuz,HAVEN_SAFE,const_mean,"(-1,1)",-0.012094107854541016,-1.698172357737632,*
hormuz,HAVEN_SAFE,const_mean,"(0,1)",-0.014944689215941711,-2.570043342670133,**
hormuz,HAVEN_SAFE,const_mean,"(0,5)",-0.012503541477354831,-1.241440676778318,
hormuz,HAVEN_SAFE,const_mean,"(0,10)",-0.023934962209037357,-1.755112506459868,*
hormuz,HAVEN_SAFE,const_mean,"(0,20)",-0.03189365565456831,-1.692634587207885,*
hormuz,HAVEN_SAFE,market_model,"(-1,1)",0.009123441872265063,2.033881633287661,**
hormuz,HAVEN_SAFE,market_model,"(0,1)",0.006000939585796124,1.63844493128401,
hormuz,HAVEN_SAFE,market_model,"(0,5)",0.005667338158603334,0.8933694439560174,
hormuz,HAVEN_SAFE,market_model,"(0,10)",0.004633302893028364,0.5394136623767477,
hormuz,HAVEN_SAFE,market_model,"(0,20)",0.015083357924755868,1.2709134679578236,
hormuz,HAVEN_RISKY,const_mean,"(-1,1)",-0.01883309323666007,-3.4028359795995216,***
hormuz,HAVEN_RISKY,const_mean,"(0,1)",-0.018903417607985713,-4.183168109012638,***
hormuz,HAVEN_RISKY,const_mean,"(0,5)",-0.012377516915789036,-1.5813860025502444,
hormuz,HAVEN_RISKY,const_mean,"(0,10)",-0.019503487256833815,-1.8403308879917821,*
hormuz,HAVEN_RISKY,const_mean,"(0,20)",-0.03243328008425208,-2.214936154388679,**
hormuz,HAVEN_RISKY,market_model,"(-1,1)",-0.0019499330465308487,-0.5811792961737032,
hormuz,HAVEN_RISKY,market_model,"(0,1)",-0.0022366294587418357,-0.8164509625007753,
hormuz,HAVEN_RISKY,market_model,"(0,5)",0.002081356782612286,0.4386538746890495,
hormuz,HAVEN_RISKY,market_model,"(0,10)",0.00322876044766391,0.5025630379983286,
hormuz,HAVEN_RISKY,market_model,"(0,20)",0.004947117545337722,0.5573059048649742,
hormuz,OIL_EXP,const_mean,"(-1,1)",-0.012160268757242933,-2.460862839280278,**
hormuz,OIL_EXP,const_mean,"(0,1)",-0.013286155167297255,-3.292980692945156,***
hormuz,OIL_EXP,const_mean,"(0,5)",-0.007072321006467765,-1.0120249080825077,
hormuz,OIL_EXP,const_mean,"(0,10)",-0.011789840289107154,-1.2459954070115564,
hormuz,OIL_EXP,const_mean,"(0,20)",-0.021744286046657825,-1.663184263729755,*
hormuz,OIL_EXP,market_model,"(-1,1)",0.003974913359783092,1.5330568068911365,
hormuz,OIL_EXP,market_model,"(0,1)",0.002642240883293248,1.2480978024713907,
hormuz,OIL_EXP,market_model,"(0,5)",0.006745978275391822,1.8397572427501145,*
hormuz,OIL_EXP,market_model,"(0,10)",0.009935296030801821,2.0011317267554087,**
hormuz,OIL_EXP,market_model,"(0,20)",0.013980040238708255,2.037933377691272,**
hormuz,OIL_IMP,const_mean,"(-1,1)",-0.014031200650041244,-3.652641268364956,***
hormuz,OIL_IMP,const_mean,"(0,1)",-0.01279502190360893,-4.079424027937974,***
hormuz,OIL_IMP,const_mean,"(0,5)",-0.010976980092018685,-2.0205986807075034,**
hormuz,OIL_IMP,const_mean,"(0,10)",-0.01930744366652596,-2.6248304014056085,***
hormuz,OIL_IMP,const_mean,"(0,20)",-0.028827330280954102,-2.836400741845762,***
hormuz,OIL_IMP,market_model,"(-1,1)",-0.0023481299666828982,-1.0031812921587493,
hormuz,OIL_IMP,market_model,"(0,1)",-0.0012616796963829079,-0.660164303430262,
hormuz,OIL_IMP,market_model,"(0,5)",-0.0009715047237913918,-0.29348588054430996,
hormuz,OIL_IMP,market_model,"(0,10)",-0.0035768308113253754,-0.7980313936382527,
hormuz,OIL_IMP,market_model,"(0,20)",-0.002960263762574058,-0.4780118714440897,
hormuz_closure,AUD,const_mean,"(-1,1)",-0.011864916692290386,-1.4516938575474958,
hormuz_closure,AUD,const_mean,"(0,1)",-0.012757309710288791,-1.9116794629760174,*
hormuz_closure,AUD,const_mean,"(0,5)",-0.009564684925207574,-0.8274962159447715,
hormuz_closure,AUD,const_mean,"(0,10)",-0.013403212070035652,-0.8564135302428018,
hormuz_closure,AUD,const_mean,"(0,20)",-0.0515521093087675,-2.384008313784195,**
hormuz_closure,AUD,market_model,"(-1,1)",0.013771884383448514,2.92768505593607,***
hormuz_closure,AUD,market_model,"(0,1)",0.012550933979980751,3.2677788868698077,***
hormuz_closure,AUD,market_model,"(0,5)",0.012390876984455904,1.8625932954704536,*
hormuz_closure,AUD,market_model,"(0,10)",0.021115332197841133,2.344192061926114,**
hormuz_closure,AUD,market_model,"(0,20)",0.005209409706025483,0.4185722982430953,
hormuz_closure,BRL,const_mean,"(-1,1)",-0.027866256622967368,-2.4599040815321773,**
hormuz_closure,BRL,const_mean,"(0,1)",-0.028899779480955477,-3.124494030489517,***
hormuz_closure,BRL,const_mean,"(0,5)",-0.007848728752662234,-0.4899185271491559,
hormuz_closure,BRL,const_mean,"(0,10)",-0.02312422660545528,-1.0660339654880648,
hormuz_closure,BRL,const_mean,"(0,20)",-0.030448741317726378,-1.0159208309716292,
hormuz_closure,BRL,market_model,"(-1,1)",-0.003782341995864364,-0.401145730943751,
hormuz_closure,BRL,market_model,"(0,1)",-0.00512452068023155,-0.6656412991575886,
hormuz_closure,BRL,market_model,"(0,5)",0.012776928756644221,0.9581926943826838,
hormuz_closure,BRL,market_model,"(0,10)",0.009303441368539767,0.5152871231432185,
hormuz_closure,BRL,market_model,"(0,20)",0.022874587673995635,0.9169499567631951,
hormuz_closure,CAD,const_mean,"(-1,1)",-4.931498562665219e-05,-0.009845600528399737,
hormuz_closure,CAD,const_mean,"(0,1)",-0.002643458272528635,-0.6463702941187801,
hormuz_closure,CAD,const_mean,"(0,5)",0.0037221238546220957,0.5254593478482935,
hormuz_closure,CAD,const_mean,"(0,10)",-0.003924347351591992,-0.40916174813411427,
hormuz_closure,CAD,const_mean,"(0,20)",-0.021901927966796568,-1.6527098912201017,*
hormuz_closure,CAD,market_model,"(-1,1)",0.01303790126108441,3.5554620107823247,***
hormuz_closure,CAD,market_model,"(0,1)",0.010276034179767194,3.432096770672234,***
hormuz_closure,CAD,market_model,"(0,5)",0.014930120736952972,2.878966934350419,***
hormuz_closure,CAD,market_model,"(0,10)",0.013696870366670142,1.950625894519853,*
hormuz_closure,CAD,market_model,"(0,20)",0.007074006731288121,0.7291297247871223,
hormuz_closure,CHF,const_mean,"(-1,1)",-0.010946380310252182,-1.3020026397925226,
hormuz_closure,CHF,const_mean,"(0,1)",-0.017466432516869787,-2.5444338921747307,**
hormuz_closure,CHF,const_mean,"(0,5)",-0.013221695909280965,-1.1120223054191714,
hormuz_closure,CHF,const_mean,"(0,10)",-0.028195158614892534,-1.7513790842860668,*
hormuz_closure,CHF,const_mean,"(0,20)",-0.046434531297358674,-2.087533137457256,**
hormuz_closure,CHF,market_model,"(-1,1)",0.014233594308529711,2.7098775819542467,***
hormuz_closure,CHF,market_model,"(0,1)",0.007390839335584489,1.7233539345128543,*
hormuz_closure,CHF,market_model,"(0,5)",0.008342636161368648,1.1231128460041964,
hormuz_closure,CHF,market_model,"(0,10)",0.0057082939248617945,0.5675520555373423,
hormuz_closure,CHF,market_model,"(0,20)",0.009315544692759734,0.6703387461373658,
hormuz_closure,CLP,const_mean,"(-1,1)",-0.05126668254030416,-5.2335165622182975,***
hormuz_closure,CLP,const_mean,"(0,1)",-0.04147809859710281,-5.185884701720611,***
hormuz_closure,CLP,const_mean,"(0,5)",-0.04848774223945453,-3.500058894378425,***
hormuz_closure,CLP,const_mean,"(0,10)",-0.051898849994266805,-2.766816819262879,***
hormuz_closure,CLP,const_mean,"(0,20)",-0.08539567026378754,-3.2949226160865663,***
hormuz_closure,CLP,market_model,"(-1,1)",-0.03056472387643372,-3.7388582729363447,***
hormuz_closure,CLP,market_model,"(0,1)",-0.02104145312080992,-3.152389589097732,***
hormuz_closure,CLP,market_model,"(0,5)",-0.030758418922044437,-2.6605261748519706,***
hormuz_closure,CLP,market_model,"(0,10)",-0.02402479993398754,-1.5347674882158078,
hormuz_closure,CLP,market_model,"(0,20)",-0.039560208309263135,-1.8290605211513826,*
hormuz_closure,CNY,const_mean,"(-1,1)",-0.009363916532200789,-5.745298252111875,***
hormuz_closure,CNY,const_mean,"(0,1)",-0.0066256202011285925,-4.978829015513639,***
hormuz_closure,CNY,const_mean,"(0,5)",-0.008716265745674377,-3.781555772098227,***
hormuz_closure,CNY,const_mean,"(0,10)",-0.00841944310124159,-2.697756180217603,***
hormuz_closure,CNY,const_mean,"(0,20)",-0.013417723488295955,-3.111607880638259,***
hormuz_closure,CNY,market_model,"(-1,1)",-0.0068924718615776814,-4.603975027128504,***
hormuz_closure,CNY,market_model,"(0,1)",-0.004185849193569499,-3.4244211025893256,***
hormuz_closure,CNY,market_model,"(0,5)",-0.006599700722141713,-3.117218188433969,***
hormuz_closure,CNY,market_model,"(0,10)",-0.0050917786232718846,-1.7761995500585388,*
hormuz_closure,CNY,market_model,"(0,20)",-0.007945786749732363,-2.006068888762282,**
hormuz_closure,COP,const_mean,"(-1,1)",-0.010756410881040073,-0.7824694093294354,
hormuz_closure,COP,const_mean,"(0,1)",-0.012956677440687483,-1.1543546613987001,
hormuz_closure,COP,const_mean,"(0,5)",-0.004367938936470146,-0.22467851508314407,
hormuz_closure,COP,const_mean,"(0,10)",0.005901952823330999,0.22421259383427236,
hormuz_closure,COP,const_mean,"(0,20)",0.004607042795695592,0.12666983678036478,
hormuz_closure,COP,market_model,"(-1,1)",0.013404759083775105,1.097074783044452,
hormuz_closure,COP,market_model,"(0,1)",0.010894846604963749,1.0920536356578794,
hormuz_closure,COP,market_model,"(0,5)",0.016323880663222726,0.9446819837966854,
hormuz_closure,COP,market_model,"(0,10)",0.03843364086546439,1.6426802363243918,
hormuz_closure,COP,market_model,"(0,20)",0.058101420051496606,1.7972767104265033,*
hormuz_closure,CZK,const_mean,"(-1,1)",-0.0222815683560655,-3.0297131875185124,***
hormuz_closure,CZK,const_mean,"(0,1)",-0.023575196617347166,-3.9260580213555105,***
hormuz_closure,CZK,const_mean,"(0,5)",-0.0217430147142811,-2.0905498238319935,**
hormuz_closure,CZK,const_mean,"(0,10)",-0.036731580796034675,-2.608312751671919,***
hormuz_closure,CZK,const_mean,"(0,20)",-0.04664029852453862,-2.3970001546719435,**
hormuz_closure,CZK,market_model,"(-1,1)",0.0007954165976566279,0.1880596994709989,
hormuz_closure,CZK,market_model,"(0,1)",-0.0007939628308050138,-0.229904191812987,
hormuz_closure,CZK,market_model,"(0,5)",-0.001979699847384604,-0.3309675693804163,
hormuz_closure,CZK,market_model,"(0,10)",-0.005659688310664417,-0.6988080318825488,
hormuz_closure,CZK,market_model,"(0,20)",0.004453623700195769,0.3979839775635169,
hormuz_closure,DKK,const_mean,"(-1,1)",-0.016143649598277122,-2.6444145106544945,***
hormuz_closure,DKK,const_mean,"(0,1)",-0.017363780661902514,-3.4835153598894966,***
hormuz_closure,DKK,const_mean,"(0,5)",-0.015731516005593842,-1.822146905001617,*
hormuz_closure,DKK,const_mean,"(0,10)",-0.027890549714374782,-2.3858831388697674,**
hormuz_closure,DKK,const_mean,"(0,20)",-0.032869131407576864,-2.035012197804737,**
hormuz_closure,DKK,market_model,"(-1,1)",0.003528416030569261,1.0655449645367854,
hormuz_closure,DKK,market_model,"(0,1)",0.002056170733553341,0.7604957605896916,
hormuz_closure,DKK,market_model,"(0,5)",0.0011157986624531833,0.23826641652657923,
hormuz_closure,DKK,market_model,"(0,10)",-0.0014031940476600473,-0.2212962288363049,
hormuz_closure,DKK,market_model,"(0,20)",0.010686081427019612,1.219723675180754,
hormuz_closure,EUR,const_mean,"(-1,1)",-0.016020734293320207,-2.6282885922354304,***
hormuz_closure,EUR,const_mean,"(0,1)",-0.01728922283073614,-3.4738553742144043,***
hormuz_closure,EUR,const_mean,"(0,5)",-0.015913373457792115,-1.8460263235536858,*
hormuz_closure,EUR,const_mean,"(0,10)",-0.02796749872903346,-2.3961198900681566,**
hormuz_closure,EUR,const_mean,"(0,20)",-0.032610984712511254,-2.0221134843452098,**
hormuz_closure,EUR,market_model,"(-1,1)",0.0036449304506570757,1.1056054078493098,
hormuz_closure,EUR,market_model,"(0,1)",0.002124409712628071,0.7892140646174789,
hormuz_closure,EUR,market_model,"(0,5)",0.0009284594411525598,0.19914015797750745,
hormuz_closure,EUR,market_model,"(0,10)",-0.0014887615021566322,-0.23583069073980564,
hormuz_closure,EUR,market_model,"(0,20)",0.010930056153159156,1.2530958206717127,
hormuz_closure,GBP,const_mean,"(-1,1)",-0.00961930288459446,-1.387620364943158,
hormuz_closure,GBP,const_mean,"(0,1)",-0.00978987519532784,-1.729616621509856,*
hormuz_closure,GBP,const_mean,"(0,5)",-0.003950898501810222,-0.4030026856676934,
hormuz_closure,GBP,const_mean,"(0,10)",-0.013364900640719924,-1.006832172285519,
hormuz_closure,GBP,const_mean,"(0,20)",-0.02421461024866703,-1.320248031104899,
hormuz_closure,GBP,market_model,"(-1,1)",0.012284260917132864,3.125619720150654,***
hormuz_closure,GBP,market_model,"(0,1)",0.011832975828159488,3.687454862540206,***
hormuz_closure,GBP,market_model,"(0,5)",0.014807489086030735,2.664118445062923,***
hormuz_closure,GBP,market_model,"(0,10)",0.016127044726430236,2.1429211005725746,**
hormuz_closure,GBP,market_model,"(0,20)",0.024281282415571828,2.3351227031321553,**
hormuz_closure,HKD,const_mean,"(-1,1)",0.0024593719555157157,3.3875362611139415,***
hormuz_closure,HKD,const_mean,"(0,1)",0.0023179745793089437,3.910335625692218,***
hormuz_closure,HKD,const_mean,"(0,5)",0.00029875515406663103,0.29097799354235593,
hormuz_closure,HKD,const_mean,"(0,10)",-0.0007834202350248099,-0.5635322899962202,
hormuz_closure,HKD,const_mean,"(0,20)",-0.0012540376163713914,-0.6528618332034167,
hormuz_closure,HKD,market_model,"(-1,1)",0.003151147274485063,4.480847458964255,***
hormuz_closure,HKD,market_model,"(0,1)",0.003000884209869612,5.226203617578715,***
hormuz_closure,HKD,market_model,"(0,5)",0.0008911970815262159,0.8960870810766159,
hormuz_closure,HKD,market_model,"(0,10)",0.00014801722867130245,0.10991779604101592,
hormuz_closure,HKD,market_model,"(0,20)",0.00027759723173772903,0.1491961338296258,
hormuz_closure,HUF,const_mean,"(-1,1)",-0.04659526140857648,-5.3827166620720925,***
hormuz_closure,HUF,const_mean,"(0,1)",-0.044991082522817485,-6.3654899906390545,***
hormuz_closure,HUF,const_mean,"(0,5)",-0.04692596946497405,-3.8331694933152436,***
hormuz_closure,HUF,const_mean,"(0,10)",-0.06677019946341842,-4.028160121486429,***
hormuz_closure,HUF,const_mean,"(0,20)",-0.07012048081297675,-3.061650640588365,***
hormuz_closure,HUF,market_model,"(-1,1)",-0.02032420867076618,-3.8392773433985674,***
hormuz_closure,HUF,market_model,"(0,1)",-0.01905671564435299,-4.40889264466235,***
hormuz_closure,HUF,market_model,"(0,5)",-0.024427229348646808,-3.2628345546946,***
hormuz_closure,HUF,market_model,"(0,10)",-0.03139767017574505,-3.0974018155396394,***
hormuz_closure,HUF,market_model,"(0,20)",-0.011954688009481665,-0.8535423362661583,
hormuz_closure,IDR,const_mean,"(-1,1)",-0.005440405705969857,-1.3978781729151144,
hormuz_closure,IDR,const_mean,"(0,1)",-0.005013820907311605,-1.5778019292310788,
hormuz_closure,IDR,const_mean,"(0,5)",-0.009363865724155113,-1.7012894770574407,*
hormuz_closure,IDR,const_mean,"(0,10)",-0.011460742532786977,-1.5378538958057393,
hormuz_closure,IDR,const_mean,"(0,20)",-0.0097600032301865,-0.9478486102065767,
hormuz_closure,IDR,market_model,"(-1,1)",-0.0009965453764174772,-0.268215798250217,
hormuz_closure,IDR,market_model,"(0,1)",-0.0006269124231534791,-0.20665208044330416,
hormuz_closure,IDR,market_model,"(0,5)",-0.0055581081222163655,-1.0577895427263377,
hormuz_closure,IDR,market_model,"(0,10)",-0.0054773287264880495,-0.7698752662174502,
hormuz_closure,IDR,market_model,"(0,20)",7.898806399943325e-05,0.008035256145098701,
hormuz_closure,ILS,const_mean,"(-1,1)",0.00797938765239631,0.8949467508779404,
hormuz_closure,ILS,const_mean,"(0,1)",0.013744739401995106,1.8880338263906473,*
hormuz_closure,ILS,const_mean,"(0,5)",0.012368706919540123,0.9809275504881483,
hormuz_closure,ILS,const_mean,"(0,10)",-0.0023426778600367584,-0.1372159160387603,
hormuz_closure,ILS,const_mean,"(0,20)",-0.02487493412109292,-1.0544853501934899,
hormuz_closure,ILS,market_model,"(-1,1)",0.02459302458390269,3.1556646554086307,***
hormuz_closure,ILS,market_model,"(0,1)",0.030145458462148243,4.73746947134353,***
hormuz_closure,ILS,market_model,"(0,5)",0.026596758739138946,2.4131961159274185,**
hormuz_closure,ILS,market_model,"(0,10)",0.020026671583226685,1.3419982897222469,
hormuz_closure,ILS,market_model,"(0,20)",0.011908721757291152,0.5775572367835814,
hormuz_closure,INR,const_mean,"(-1,1)",-0.01088319554934724,-2.205221297913573,**
hormuz_closure,INR,const_mean,"(0,1)",-0.010193497117472392,-2.5296741307611157,**
hormuz_closure,INR,const_mean,"(0,5)",-0.010445355910579277,-1.496593967309029,
hormuz_closure,INR,const_mean,"(0,10)",-0.010511808169936708,-1.1123397499358314,
hormuz_closure,INR,const_mean,"(0,20)",-0.030956048638503875,-2.370785410157713,**
hormuz_closure,INR,market_model,"(-1,1)",-0.00875522095725994,-1.785354228409157,*
hormuz_closure,INR,market_model,"(0,1)",-0.008092794327598478,-2.0211633676338208,**
hormuz_closure,INR,market_model,"(0,5)",-0.008622941415075885,-1.243362380705356,
hormuz_closure,INR,market_model,"(0,10)",-0.007646607283879388,-0.8143111032050534,
hormuz_closure,INR,market_model,"(0,20)",-0.026244576644984953,-2.0227762090095642,**
hormuz_closure,JPY,const_mean,"(-1,1)",-0.009315208960050666,-0.9974816764284925,
hormuz_closure,JPY,const_mean,"(0,1)",-0.01007841230021921,-1.3217523024032762,
hormuz_closure,JPY,const_mean,"(0,5)",-0.00837555506499143,-0.6341776399004372,
hormuz_closure,JPY,const_mean,"(0,10)",-0.015642229283185906,-0.8747324890728722,
hormuz_closure,JPY,const_mean,"(0,20)",-0.01663545095383495,-0.6732833632439464,
hormuz_closure,JPY,market_model,"(-1,1)",0.00949180085760842,1.1942370827693813,
hormuz_closure,JPY,market_model,"(0,1)",0.008487569709175833,1.3078890938124956,
hormuz_closure,JPY,market_model,"(0,5)",0.007730918873288788,0.6877934769440344,
hormuz_closure,JPY,market_model,"(0,10)",0.009680376256380126,0.636060545174755,
hormuz_closure,JPY,market_model,"(0,20)",0.0250044729283488,1.1890787530220388,
hormuz_closure,KRW,const_mean,"(-1,1)",-0.032541434431698685,-3.7788375961618437,***
hormuz_closure,KRW,const_mean,"(0,1)",-0.02751096068159559,-3.9126672976328414,***
hormuz_closure,KRW,const_mean,"(0,5)",-0.013306659939962275,-1.0926362259433724,
hormuz_closure,KRW,const_mean,"(0,10)",-0.03069394400114745,-1.8613948842567156,*
hormuz_closure,KRW,const_mean,"(0,20)",-0.046273420446071134,-2.030972849482179,**
hormuz_closure,KRW,market_model,"(-1,1)",-0.014819720339481996,-2.039277243213205,**
hormuz_closure,KRW,market_model,"(0,1)",-0.01001636541091098,-1.688076227781794,*
hormuz_closure,KRW,market_model,"(0,5)",0.0018703580408508808,0.18198936845072403,
hormuz_closure,KRW,market_model,"(0,10)",-0.006832629534197854,-0.49100783623914684,
hormuz_closure,KRW,market_model,"(0,20)",-0.007036410787638517,-0.36596405443150154,
hormuz_closure,KWD,const_mean,"(-1,1)",-0.0016660270740696112,-0.9291608701773083,
hormuz_closure,KWD,const_mean,"(0,1)",-0.0016557924962899407,-1.1309942500433292,
hormuz_closure,KWD,const_mean,"(0,5)",-0.0028398680266914222,-1.1199329377532459,
hormuz_closure,KWD,const_mean,"(0,10)",-0.005010549331123174,-1.459346713567849,
hormuz_closure,KWD,const_mean,"(0,20)",-0.004950015395228177,-1.0434373708319384,
hormuz_closure,KWD,market_model,"(-1,1)",0.0004335904125998569,0.25394085467510696,
hormuz_closure,KWD,market_model,"(0,1)",0.0004169166085627845,0.29905270296767617,
hormuz_closure,KWD,market_model,"(0,5)",-0.0010417387835383778,-0.4314164904262117,
hormuz_closure,KWD,market_model,"(0,10)",-0.0021835297296879993,-0.6678459558677182,
hormuz_closure,KWD,market_model,"(0,20)",-0.0003013278487088433,-0.06670266061581864,
hormuz_closure,MXN,const_mean,"(-1,1)",-0.030496854285748026,-4.240052111315261,***
hormuz_closure,MXN,const_mean,"(0,1)",-0.02866980043628272,-4.881872682466568,***
hormuz_closure,MXN,const_mean,"(0,5)",-0.02615364489934236,-2.5711852883135964,**
hormuz_closure,MXN,const_mean,"(0,10)",-0.033819569911142405,-2.455548489926127,**
hormuz_closure,MXN,const_mean,"(0,20)",-0.0647846295822117,-3.4043884581486297,***
hormuz_closure,MXN,market_model,"(-1,1)",-0.010915415325061932,-2.154351434502981,**
hormuz_closure,MXN,market_model,"(0,1)",-0.009339314251243005,-2.2575475351266334,**
hormuz_closure,MXN,market_model,"(0,5)",-0.009383943636243213,-1.3096241587684565,
hormuz_closure,MXN,market_model,"(0,10)",-0.00745423807444839,-0.7683229912635178,
hormuz_closure,MXN,market_model,"(0,20)",-0.021430069993425036,-1.598640660180739,
hormuz_closure,MYR,const_mean,"(-1,1)",-0.017661169129476226,-4.135074800658699,***
hormuz_closure,MYR,const_mean,"(0,1)",-0.015338238222934451,-4.398301825479711,***
hormuz_closure,MYR,const_mean,"(0,5)",-0.022241194080663353,-3.682197023097874,***
hormuz_closure,MYR,const_mean,"(0,10)",-0.017261585686358133,-2.110614384946169,**
hormuz_closure,MYR,const_mean,"(0,20)",-0.04827503941563639,-4.272061907943333,***
hormuz_closure,MYR,market_model,"(-1,1)",-0.01228507850485925,-3.044976575942621,***
hormuz_closure,MYR,market_model,"(0,1)",-0.010031046766917025,-3.045074375853635,***
hormuz_closure,MYR,market_model,"(0,5)",-0.017637066982589458,-3.091130828551825,***
hormuz_closure,MYR,market_model,"(0,10)",-0.010022975000660099,-1.2973792628202832,
hormuz_closure,MYR,market_model,"(0,20)",-0.036372030560790344,-3.4074112058760857,***
hormuz_closure,NOK,const_mean,"(-1,1)",-0.013580669190519352,-1.4838378557850542,
hormuz_closure,NOK,const_mean,"(0,1)",-0.01760898303281457,-2.3563792011421456,**
hormuz_closure,NOK,const_mean,"(0,5)",-0.011085493606067203,-0.8564565087288757,
hormuz_closure,NOK,const_mean,"(0,10)",-0.022076795058608028,-1.2596955264448069,
hormuz_closure,NOK,const_mean,"(0,20)",-0.03415865766216724,-1.410642785319321,
hormuz_closure,NOK,market_model,"(-1,1)",0.01631205222398075,3.3990453463981978,***
hormuz_closure,NOK,market_model,"(0,1)",0.011900637761467887,3.037135869192992,***
hormuz_closure,NOK,market_model,"(0,5)",0.01451487259115985,2.1386838282852194,**
hormuz_closure,NOK,market_model,"(0,10)",0.01817211214261892,1.9775070858289079,**
hormuz_closure,NOK,market_model,"(0,20)",0.03202574147407145,2.522310389811527,**
hormuz_closure,NZD,const_mean,"(-1,1)",-0.015983058383870596,-1.8846579804663324,*
hormuz_closure,NZD,const_mean,"(0,1)",-0.018438185468396866,-2.66278726153201,***
hormuz_closure,NZD,const_mean,"(0,5)",-0.011861680152962496,-0.9890172657047245,
hormuz_closure,NZD,const_mean,"(0,10)",-0.025324324583572158,-1.559462076791717,
hormuz_closure,NZD,const_mean,"(0,20)",-0.05158225445557928,-2.2989205446934844,**
hormuz_closure,NZD,market_model,"(-1,1)",0.010312690421268589,2.0657546480879194,**
hormuz_closure,NZD,market_model,"(0,1)",0.007520560976313213,1.8450265677142643,*
hormuz_closure,NZD,market_model,"(0,5)",0.01065820987335402,1.5096491534386074,
hormuz_closure,NZD,market_model,"(0,10)",0.010081456602058999,1.0546159312064507,
hormuz_closure,NZD,market_model,"(0,20)",0.00663821702218322,0.5025846086665715,
hormuz_closure,PEN,const_mean,"(-1,1)",-0.0204262132149638,-5.415274827456723,***
hormuz_closure,PEN,const_mean,"(0,1)",-0.020201546443137527,-6.559381446173544,***
hormuz_closure,PEN,const_mean,"(0,5)",-0.041648472121853415,-7.8075849334326515,***
hormuz_closure,PEN,const_mean,"(0,10)",-0.02386723456832949,-3.3044488018972653,***
hormuz_closure,PEN,const_mean,"(0,20)",-0.05141026337432751,-5.151496985279301,***
hormuz_closure,PEN,market_model,"(-1,1)",-0.015438058763318096,-4.360180308425881,***
hormuz_closure,PEN,market_model,"(0,1)",-0.015277319428464487,-5.284507861136919,***
hormuz_closure,PEN,market_model,"(0,5)",-0.03737657667146076,-7.464423705292901,***
hormuz_closure,PEN,market_model,"(0,10)",-0.017150958627916504,-2.5296733389850816,**
hormuz_closure,PEN,market_model,"(0,20)",-0.04036617004461199,-4.309037611699443,***
hormuz_closure,PLN,const_mean,"(-1,1)",-0.03254570191565105,-4.407735015232371,***
hormuz_closure,PLN,const_mean,"(0,1)",-0.0334308527446279,-5.545170693925741,***
hormuz_closure,PLN,const_mean,"(0,5)",-0.0227932876836894,-2.1827993175835676,**
hormuz_closure,PLN,const_mean,"(0,10)",-0.039527787211761756,-2.79568748914882,***
hormuz_closure,PLN,const_mean,"(0,20)",-0.05121149740367137,-2.6214422205263763,***
hormuz_closure,PLN,market_model,"(-1,1)",-0.008290755053213125,-2.1747525890124595,**
hormuz_closure,PLN,market_model,"(0,1)",-0.0094867536319649,-3.047747782889227,***
hormuz_closure,PLN,market_model,"(0,5)",-0.002021156797289203,-0.3748873455674389,
hormuz_closure,PLN,market_model,"(0,10)",-0.0068698337286971145,-0.9410794347108128,
hormuz_closure,PLN,market_model,"(0,20)",0.0024905079076673214,0.2469190954048838,
hormuz_closure,SAR,const_mean,"(-1,1)",-0.0007063482607294086,-4.1754945512657615,***
hormuz_closure,SAR,const_mean,"(0,1)",-0.0005685950115220724,-4.116590958667687,***
hormuz_closure,SAR,const_mean,"(0,5)",-0.0009326966786628152,-3.898652022430861,***
hormuz_closure,SAR,const_mean,"(0,10)",-0.0004753465891602365,-1.467451335905283,
hormuz_closure,SAR,const_mean,"(0,20)",-0.0005730731981729219,-1.2804131293894174,
hormuz_closure,SAR,market_model,"(-1,1)",-0.0006661521420315662,-3.9454577626687133,***
hormuz_closure,SAR,market_model,"(0,1)",-0.0005289140402338605,-3.8366721976136207,***
hormuz_closure,SAR,market_model,"(0,5)",-0.0008982724004546486,-3.761984727057444,***
hormuz_closure,SAR,market_model,"(0,10)",-0.000421224723543338,-1.3028730731222857,
hormuz_closure,SAR,market_model,"(0,20)",-0.0004840764177615151,-1.0836496020847526,
hormuz_closure,SEK,const_mean,"(-1,1)",-0.024427346917501015,-2.8423531920152905,***
hormuz_closure,SEK,const_mean,"(0,1)",-0.02688039572325454,-3.8307431153275755,***
hormuz_closure,SEK,const_mean,"(0,5)",-0.014580155622994426,-1.1996343809033743,
hormuz_closure,SEK,const_mean,"(0,10)",-0.03950412585395308,-2.400537436596169,**
hormuz_closure,SEK,const_mean,"(0,20)",-0.06638161235027551,-2.91944648676051,***
hormuz_closure,SEK,market_model,"(-1,1)",0.004179132639864431,0.9786282450890719,
hormuz_closure,SEK,market_model,"(0,1)",0.0013594674960161653,0.38989354826195904,
hormuz_closure,SEK,market_model,"(0,5)",0.009918662739083829,1.6423651327231226,
hormuz_closure,SEK,market_model,"(0,10)",-0.0009870726525106725,-0.1207104851353856,
hormuz_closure,SEK,market_model,"(0,20)",-0.0030450350392200896,-0.2695099883838968,
hormuz_closure,SGD,const_mean,"(-1,1)",-0.01108552951845081,-2.8720370762737706,***
hormuz_closure,SGD,const_mean,"(0,1)",-0.01011440385155324,-3.2093680085689695,***
hormuz_closure,SGD,const_mean,"(0,5)",-0.008404730524516124,-1.5397222831709365,
hormuz_closure,SGD,const_mean,"(0,10)",-0.011655012139567374,-1.5769234603345679,
hormuz_closure,SGD,const_mean,"(0,20)",-0.023532911511785673,-2.304412599715091,**
hormuz_closure,SGD,market_model,"(-1,1)",0.001579568991548516,0.7902253546744398,
hormuz_closure,SGD,market_model,"(0,1)",0.002388380661435939,1.4633948965337953,
hormuz_closure,SGD,market_model,"(0,5)",0.002441761344995037,0.8637748940024378,
hormuz_closure,SGD,market_model,"(0,10)",0.005397847235627963,1.4102536575281144,
hormuz_closure,SGD,market_model,"(0,20)",0.004508427490523265,0.8524883050616143,
hormuz_closure,THB,const_mean,"(-1,1)",-0.01724823702457747,-2.227083372290144,**
hormuz_closure,THB,const_mean,"(0,1)",-0.018368720204419483,-2.9048003772600097,***
hormuz_closure,THB,const_mean,"(0,5)",-0.02189080089943774,-1.998657681291469,**
hormuz_closure,THB,const_mean,"(0,10)",-0.0435290175765066,-2.935181179959526,***
hormuz_closure,THB,const_mean,"(0,20)",-0.062003611790096926,-3.025935958317622,***
hormuz_closure,THB,market_model,"(-1,1)",0.0012777190764260986,0.21104625260203555,
hormuz_closure,THB,market_model,"(0,1)",-8.018996953249209e-05,-0.016222132495514664,
hormuz_closure,THB,market_model,"(0,5)",-0.006025023616631077,-0.7036975224163041,
hormuz_closure,THB,market_model,"(0,10)",-0.018584835426479818,-1.6031171886559408,
hormuz_closure,THB,market_model,"(0,20)",-0.020985958831457395,-1.310153142193761,
hormuz_closure,TRY,const_mean,"(-1,1)",0.0004366974948696354,0.1928718247128995,
hormuz_closure,TRY,const_mean,"(0,1)",0.0004157227698724199,0.22487311217341596,
hormuz_closure,TRY,const_mean,"(0,5)",0.00045316783972878193,0.14152467696027232,
hormuz_closure,TRY,const_mean,"(0,10)",0.00010693373736045918,0.024664204875425047,
hormuz_closure,TRY,const_mean,"(0,20)",-0.0009018420695007705,-0.1505461173172977,
hormuz_closure,TRY,market_model,"(-1,1)",0.0016077835452442393,0.7166389613630515,
hormuz_closure,TRY,market_model,"(0,1)",0.001571800357618087,0.8580564274971562,
hormuz_closure,TRY,market_model,"(0,5)",0.00145609531904191,0.4589312635997019,
hormuz_closure,TRY,market_model,"(0,10)",0.0016837367695298562,0.39193253544407797,
hormuz_closure,TRY,market_model,"(0,20)",0.0016910174264993974,0.28488651938821336,
hormuz_closure,TWD,const_mean,"(-1,1)",-0.01463582542944308,-3.0252853456524105,***
hormuz_closure,TWD,const_mean,"(0,1)",-0.011034263887819354,-2.7934320940473603,***
hormuz_closure,TWD,const_mean,"(0,5)",-0.012296676576869761,-1.7973053853966314,*
hormuz_closure,TWD,const_mean,"(0,10)",-0.015574596705739893,-1.6812419481422527,*
hormuz_closure,TWD,const_mean,"(0,20)",-0.016193607787716356,-1.2651549507692013,
hormuz_closure,TWD,market_model,"(-1,1)",-0.002891141982633732,-0.7718889365288645,
hormuz_closure,TWD,market_model,"(0,1)",0.0005599014629510679,0.18308072679590298,
hormuz_closure,TWD,market_model,"(0,5)",-0.002238435544222106,-0.42258588959688376,
hormuz_closure,TWD,market_model,"(0,10)",0.00023897435069517763,0.03331969145360648,
hormuz_closure,TWD,market_model,"(0,20)",0.00980987333379011,0.9899192640317955,
hormuz_closure,ZAR,const_mean,"(-1,1)",-0.03887532941910505,-4.011331458242145,***
hormuz_closure,ZAR,const_mean,"(0,1)",-0.03829615015255017,-4.839664031756887,***
hormuz_closure,ZAR,const_mean,"(0,5)",-0.026984091021833707,-1.9688256673571252,**
hormuz_closure,ZAR,const_mean,"(0,10)",-0.054625271052310034,-2.9435563695151794,***
hormuz_closure,ZAR,const_mean,"(0,20)",-0.09331150710158474,-3.6391558177737693,***
hormuz_closure,ZAR,market_model,"(-1,1)",-0.011017838210860468,-1.7170205961430864,*
hormuz_closure,ZAR,market_model,"(0,1)",-0.010795676360405057,-2.0605093992632946,**
hormuz_closure,ZAR,market_model,"(0,5)",-0.003126712284775658,-0.3445498268829319,
hormuz_closure,ZAR,market_model,"(0,10)",-0.01711668951661373,-1.3930386677032691,
hormuz_closure,ZAR,market_model,"(0,20)",-0.03163323795054055,-1.8632612070605856,*
hormuz_closure,r_DTWEXBGS,const_mean,"(-1,1)",0.013456508391956494,3.5080217358390136,***
hormuz_closure,r_DTWEXBGS,const_mean,"(0,1)",0.01396332020827493,4.458247923681919,***
hormuz_closure,r_DTWEXBGS,const_mean,"(0,5)",0.015393533787725289,2.837613361777501,***
hormuz_closure,r_DTWEXBGS,const_mean,"(0,10)",0.02119086663364651,2.884980566425307,***
hormuz_closure,r_DTWEXBGS,const_mean,"(0,20)",0.03291570245972128,3.2432766614782094,***
hormuz_closure,r_DTWEXAFEGS,const_mean,"(-1,1)",0.010429360928580138,1.9571383581243134,*
hormuz_closure,r_DTWEXAFEGS,const_mean,"(0,1)",0.012634551825205226,2.903817392651035,***
hormuz_closure,r_DTWEXAFEGS,const_mean,"(0,5)",0.010977068477470276,1.4565828998668657,
hormuz_closure,r_DTWEXAFEGS,const_mean,"(0,10)",0.01989020519999974,1.9492492682160243,*
hormuz_closure,r_DTWEXAFEGS,const_mean,"(0,20)",0.029456573878659114,2.089281908828602,**
hormuz_closure,r_DTWEXEMEGS,const_mean,"(-1,1)",0.016393187527020348,5.338384983272241,***
hormuz_closure,r_DTWEXEMEGS,const_mean,"(0,1)",0.0152538051347287,6.08373525697652,***
hormuz_closure,r_DTWEXEMEGS,const_mean,"(0,5)",0.019678812999539302,4.531378964125458,***
hormuz_closure,r_DTWEXEMEGS,const_mean,"(0,10)",0.022452792966741752,3.818397524901691,***
hormuz_closure,r_DTWEXEMEGS,const_mean,"(0,20)",0.036270477013440446,4.464272853108139,***
hormuz_closure,r_SP500,const_mean,"(-1,1)",-0.014853382759343135,-1.1860442238962372,
hormuz_closure,r_SP500,const_mean,"(0,1)",-0.010033267639696657,-0.9812135502560373,
hormuz_closure,r_SP500,const_mean,"(0,5)",-0.014951019072205675,-0.8441727090085196,
hormuz_closure,r_SP500,const_mean,"(0,10)",-0.031625352818098765,-1.318788569503822,
hormuz_closure,r_SP500,const_mean,"(0,20)",-0.09088816283837026,-2.743050575978263,***
hormuz_closure,r_DCOILBRENTEU,const_mean,"(-1,1)",0.14950273555009558,4.627289184925177,***
hormuz_closure,r_DCOILBRENTEU,const_mean,"(0,1)",0.15451631339190094,5.857300019420614,***
hormuz_closure,r_DCOILBRENTEU,const_mean,"(0,5)",0.2782885250599989,6.090568102735771,***
hormuz_closure,r_DCOILBRENTEU,const_mean,"(0,10)",0.3455054364879917,5.5846591600143665,***
hormuz_closure,r_DCOILBRENTEU,const_mean,"(0,20)",0.5304493229638964,6.205437158488952,***
hormuz_closure,r_DCOILWTICO,const_mean,"(-1,1)",0.13512019024711897,4.622062328087483,***
hormuz_closure,r_DCOILWTICO,const_mean,"(0,1)",0.10677794444947927,4.473451520805975,***
hormuz_closure,r_DCOILWTICO,const_mean,"(0,5)",0.347118664459775,8.396117696981024,***
hormuz_closure,r_DCOILWTICO,const_mean,"(0,10)",0.33457390408078824,5.976843695008263,***
hormuz_closure,r_DCOILWTICO,const_mean,"(0,20)",0.4505069215998625,5.824625368896619,***
hormuz_closure,r_DHHNGSP,const_mean,"(-1,1)",0.05004795424910063,0.1597712759363165,
hormuz_closure,r_DHHNGSP,const_mean,"(0,1)",0.03416567349423245,0.13358201468084271,
hormuz_closure,r_DHHNGSP,const_mean,"(0,5)",0.07749245715623185,0.17492698366109205,
hormuz_closure,r_DHHNGSP,const_mean,"(0,10)",0.002492453850180709,0.004155313394978918,
hormuz_closure,r_DHHNGSP,const_mean,"(0,20)",-0.058095124494607665,-0.07009758245536385,
hormuz_closure,r_Gold,const_mean,"(-1,1)",-0.027959609393934423,-0.8709975994319172,
hormuz_closure,r_Gold,const_mean,"(0,1)",-0.03664624495946882,-1.398173182698992,
hormuz_closure,r_Gold,const_mean,"(0,5)",-0.04215593258219705,-0.9286018865529806,
hormuz_closure,r_Gold,const_mean,"(0,10)",-0.08364244648042529,-1.3607453850607212,
hormuz_closure,r_Gold,const_mean,"(0,20)",-0.21936567050540667,-2.5828875689271333,***
hormuz_closure,r_EuroStoxx50_EUR,const_mean,"(-1,1)",-0.068155002330274,-5.462679898150938,***
hormuz_closure,r_EuroStoxx50_EUR,const_mean,"(0,1)",-0.06345847027418547,-6.229357332209277,***
hormuz_closure,r_EuroStoxx50_EUR,const_mean,"(0,5)",-0.08229318881406,-4.663982465420795,***
hormuz_closure,r_EuroStoxx50_EUR,const_mean,"(0,10)",-0.07753422804804257,-3.2453815852300734,***
hormuz_closure,r_EuroStoxx50_EUR,const_mean,"(0,20)",-0.12182630425096848,-3.6906262387413618,***
hormuz_closure,d_DGS10,const_mean,"(-1,1)",0.04475000000000001,0.7376166383979358,
hormuz_closure,d_DGS10,const_mean,"(0,1)",0.09316666666666598,1.8808053518302112,*
hormuz_closure,d_DGS10,const_mean,"(0,5)",0.15949999999999973,1.8590169708355124,*
hormuz_closure,d_DGS10,const_mean,"(0,10)",0.27741666666666664,2.3880009694265567,**
hormuz_closure,d_DGS10,const_mean,"(0,20)",0.41324999999999923,2.574551046238274,**
hormuz_closure,d_DGS5,const_mean,"(-1,1)",0.06175000000000002,0.9637041099823818,
hormuz_closure,d_DGS5,const_mean,"(0,1)",0.12116666666666667,2.315983917291282,**
hormuz_closure,d_DGS5,const_mean,"(0,5)",0.20350000000000001,2.2457228863881507,**
hormuz_closure,d_DGS5,const_mean,"(0,10)",0.2964166666666666,2.4158705135411003,**
hormuz_closure,d_DGS5,const_mean,"(0,20)",0.4722500000000004,2.7856701840051565,***
hormuz_closure,d_DFII5,const_mean,"(-1,1)",0.030499999999999992,0.588356939962491,
hormuz_closure,d_DFII5,const_mean,"(0,1)",0.06033333333333313,1.42542375084999,
hormuz_closure,d_DFII5,const_mean,"(0,5)",0.04099999999999977,0.5592550315485675,
hormuz_closure,d_DFII5,const_mean,"(0,10)",0.11183333333333309,1.1266177667133124,
hormuz_closure,d_DFII5,const_mean,"(0,20)",0.29349999999999954,2.1399327570941202,**
hormuz_closure,d_T5YIE,const_mean,"(-1,1)",0.03124999999999982,0.9168759197464299,
hormuz_closure,d_T5YIE,const_mean,"(0,1)",0.06083333333333335,2.1859880765351516,**
hormuz_closure,d_T5YIE,const_mean,"(0,5)",0.16250000000000003,3.3713117378686577,***
hormuz_closure,d_T5YIE,const_mean,"(0,10)",0.18458333333333343,2.828246865355041,***
hormuz_closure,d_T5YIE,const_mean,"(0,20)",0.17874999999999988,1.982246116260763,**
hormuz_closure,d_VIXCLS,const_mean,"(-1,1)",4.809000000000001,1.9375524717540837,*
hormuz_closure,d_VIXCLS,const_mean,"(0,1)",3.6226666666666674,1.7876096899832308,*
hormuz_closure,d_VIXCLS,const_mean,"(0,5)",5.378,1.5321613250709434,
hormuz_closure,d_VIXCLS,const_mean,"(0,10)",3.1696666666666675,0.6669243482610315,
hormuz_closure,d_VIXCLS,const_mean,"(0,20)",9.832999999999998,1.497392711025971,
hormuz_closure,d_GPRD,const_mean,"(-1,1)",225.23755550384521,2.427359767817449,**
hormuz_closure,d_GPRD,const_mean,"(0,1)",194.9368381500244,2.57295915089999,**
hormuz_closure,d_GPRD,const_mean,"(0,5)",177.96246147155756,1.3561469462001707,
hormuz_closure,d_GPRD,const_mean,"(0,10)",68.22552394866943,0.38397637877441276,
hormuz_closure,d_GPRD,const_mean,"(0,20)",79.72049045562744,0.3247239237344601,
hormuz_closure,d_GPRD_ACT,const_mean,"(-1,1)",382.0692457199097,3.1619319145142244,***
hormuz_closure,d_GPRD_ACT,const_mean,"(0,1)",306.33449897766116,3.104931131695826,***
hormuz_closure,d_GPRD_ACT,const_mean,"(0,5)",469.4267757415772,2.7470293087972597,***
hormuz_closure,d_GPRD_ACT,const_mean,"(0,10)",182.84268169403083,0.7902277931121688,
hormuz_closure,d_GPRD_ACT,const_mean,"(0,20)",248.77657489776624,0.7781635736553524,
hormuz_closure,d_GPRD_THREAT,const_mean,"(-1,1)",229.30788879394532,1.6447127106697959,
hormuz_closure,d_GPRD_THREAT,const_mean,"(0,1)",206.04178670247398,1.809972555137262,*
hormuz_closure,d_GPRD_THREAT,const_mean,"(0,5)",95.07387695312495,0.48218895600630385,
hormuz_closure,d_GPRD_THREAT,const_mean,"(0,10)",9.456984456380173,0.035423218084934295,
hormuz_closure,d_GPRD_THREAT,const_mean,"(0,20)",-9.352163696289068,-0.02535327883466661,
hormuz_closure,USD_EW,const_mean,"(-1,1)",0.01623179663793455,3.8356854295369343,***
hormuz_closure,USD_EW,const_mean,"(0,1)",0.016023772374334947,4.637530579561728,***
hormuz_closure,USD_EW,const_mean,"(0,5)",0.013901040731891237,2.322783369282659,**
hormuz_closure,USD_EW,const_mean,"(0,10)",0.021855222464707152,2.697092902541248,***
hormuz_closure,USD_EW,const_mean,"(0,20)",0.03593823702054137,3.2098455704292146,***
hormuz_closure,SAFE,const_mean,"(-1,1)",-0.011962484350149934,-2.2449539656301787,**
hormuz_closure,SAFE,const_mean,"(0,1)",-0.012185888989109588,-2.800843896258597,***
hormuz_closure,SAFE,const_mean,"(0,5)",-0.010289285142042866,-1.3653885677978208,
hormuz_closure,SAFE,const_mean,"(0,10)",-0.02305128959536439,-2.259152607891522,**
hormuz_closure,SAFE,const_mean,"(0,20)",-0.03608345556558394,-2.5594412126085095,**
hormuz_closure,SAFE,market_model,"(-1,1)",0.00701357861573782,3.542896099596244,***
hormuz_closure,SAFE,market_model,"(0,1)",0.006546979608800869,4.0504694845605895,***
hormuz_closure,SAFE,market_model,"(0,5)",0.005961967267271735,2.12957694436865,**
hormuz_closure,SAFE,market_model,"(0,10)",0.0024989367212055894,0.6592320153526332,
hormuz_closure,SAFE,market_model,"(0,20)",0.005930762810649356,1.1323489518856085,
hormuz_closure,RISKY,const_mean,"(-1,1)",-0.02403328842656173,-5.163442779038903,***
hormuz_closure,RISKY,const_mean,"(0,1)",-0.023634907574018052,-6.2190737625327674,***
hormuz_closure,RISKY,const_mean,"(0,5)",-0.018757721952188257,-2.8496483193723376,***
hormuz_closure,RISKY,const_mean,"(0,10)",-0.029966583901181253,-3.3622321170839444,***
hormuz_closure,RISKY,const_mean,"(0,20)",-0.04393684376954493,-3.5678452228767648,***
hormuz_closure,RISKY,market_model,"(-1,1)",-0.007809317755524799,-4.020026718979774,***
hormuz_closure,RISKY,market_model,"(0,1)",-0.007618860870166399,-4.803430570413035,***
hormuz_closure,RISKY,market_model,"(0,5)",-0.0048633834410700474,-1.7702693869686927,*
hormuz_closure,RISKY,market_model,"(0,10)",-0.008121898670975247,-2.1834220758530285,**
hormuz_closure,RISKY,market_model,"(0,20)",-0.008015933940783669,-1.5596277534322047,
hormuz_closure,CARRY_HML,const_mean,"(-1,1)",-0.012070804076411902,-3.367601690135494,***
hormuz_closure,CARRY_HML,const_mean,"(0,1)",-0.011449018584908467,-3.9119960520416934,***
hormuz_closure,CARRY_HML,const_mean,"(0,5)",-0.008468436810145506,-1.6706011320934915,*
hormuz_closure,CARRY_HML,const_mean,"(0,10)",-0.006915294305816874,-1.007533443015649,
hormuz_closure,CARRY_HML,const_mean,"(0,20)",-0.007853388203961115,-0.8281186466499915,
hormuz_closure,CARRY_HML,market_model,"(-1,1)",-0.014822896371262662,-4.22082740292106,***
hormuz_closure,CARRY_HML,market_model,"(0,1)",-0.014165840478967209,-4.940290617515871,***
hormuz_closure,CARRY_HML,market_model,"(0,5)",-0.010825350708341834,-2.179673771550455,**
hormuz_closure,CARRY_HML,market_model,"(0,10)",-0.010620835392180766,-1.5793830897384467,
hormuz_closure,CARRY_HML,market_model,"(0,20)",-0.013946696751433015,-1.5010213135691164,
hormuz_closure,HAVEN_SAFE,const_mean,"(-1,1)",-0.012094107854541016,-1.698172357737632,*
hormuz_closure,HAVEN_SAFE,const_mean,"(0,1)",-0.014944689215941711,-2.570043342670133,**
hormuz_closure,HAVEN_SAFE,const_mean,"(0,5)",-0.012503541477354831,-1.241440676778318,
hormuz_closure,HAVEN_SAFE,const_mean,"(0,10)",-0.023934962209037357,-1.755112506459868,*
hormuz_closure,HAVEN_SAFE,const_mean,"(0,20)",-0.03189365565456831,-1.692634587207885,*
hormuz_closure,HAVEN_SAFE,market_model,"(-1,1)",0.009123441872265063,2.033881633287661,**
hormuz_closure,HAVEN_SAFE,market_model,"(0,1)",0.006000939585796124,1.63844493128401,
hormuz_closure,HAVEN_SAFE,market_model,"(0,5)",0.005667338158603334,0.8933694439560174,
hormuz_closure,HAVEN_SAFE,market_model,"(0,10)",0.004633302893028364,0.5394136623767477,
hormuz_closure,HAVEN_SAFE,market_model,"(0,20)",0.015083357924755868,1.2709134679578236,
hormuz_closure,HAVEN_RISKY,const_mean,"(-1,1)",-0.01883309323666007,-3.4028359795995216,***
hormuz_closure,HAVEN_RISKY,const_mean,"(0,1)",-0.018903417607985713,-4.183168109012638,***
hormuz_closure,HAVEN_RISKY,const_mean,"(0,5)",-0.012377516915789036,-1.5813860025502444,
hormuz_closure,HAVEN_RISKY,const_mean,"(0,10)",-0.019503487256833815,-1.8403308879917821,*
hormuz_closure,HAVEN_RISKY,const_mean,"(0,20)",-0.03243328008425208,-2.214936154388679,**
hormuz_closure,HAVEN_RISKY,market_model,"(-1,1)",-0.0019499330465308487,-0.5811792961737032,
hormuz_closure,HAVEN_RISKY,market_model,"(0,1)",-0.0022366294587418357,-0.8164509625007753,
hormuz_closure,HAVEN_RISKY,market_model,"(0,5)",0.002081356782612286,0.4386538746890495,
hormuz_closure,HAVEN_RISKY,market_model,"(0,10)",0.00322876044766391,0.5025630379983286,
hormuz_closure,HAVEN_RISKY,market_model,"(0,20)",0.004947117545337722,0.5573059048649742,
hormuz_closure,OIL_EXP,const_mean,"(-1,1)",-0.012160268757242933,-2.460862839280278,**
hormuz_closure,OIL_EXP,const_mean,"(0,1)",-0.013286155167297255,-3.292980692945156,***
hormuz_closure,OIL_EXP,const_mean,"(0,5)",-0.007072321006467765,-1.0120249080825077,
hormuz_closure,OIL_EXP,const_mean,"(0,10)",-0.011789840289107154,-1.2459954070115564,
hormuz_closure,OIL_EXP,const_mean,"(0,20)",-0.021744286046657825,-1.663184263729755,*
hormuz_closure,OIL_EXP,market_model,"(-1,1)",0.003974913359783092,1.5330568068911365,
hormuz_closure,OIL_EXP,market_model,"(0,1)",0.002642240883293248,1.2480978024713907,
hormuz_closure,OIL_EXP,market_model,"(0,5)",0.006745978275391822,1.8397572427501145,*
hormuz_closure,OIL_EXP,market_model,"(0,10)",0.009935296030801821,2.0011317267554087,**
hormuz_closure,OIL_EXP,market_model,"(0,20)",0.013980040238708255,2.037933377691272,**
hormuz_closure,OIL_IMP,const_mean,"(-1,1)",-0.014031200650041244,-3.652641268364956,***
hormuz_closure,OIL_IMP,const_mean,"(0,1)",-0.01279502190360893,-4.079424027937974,***
hormuz_closure,OIL_IMP,const_mean,"(0,5)",-0.010976980092018685,-2.0205986807075034,**
hormuz_closure,OIL_IMP,const_mean,"(0,10)",-0.01930744366652596,-2.6248304014056085,***
hormuz_closure,OIL_IMP,const_mean,"(0,20)",-0.028827330280954102,-2.836400741845762,***
hormuz_closure,OIL_IMP,market_model,"(-1,1)",-0.0023481299666828982,-1.0031812921587493,
hormuz_closure,OIL_IMP,market_model,"(0,1)",-0.0012616796963829079,-0.660164303430262,
hormuz_closure,OIL_IMP,market_model,"(0,5)",-0.0009715047237913918,-0.29348588054430996,
hormuz_closure,OIL_IMP,market_model,"(0,10)",-0.0035768308113253754,-0.7980313936382527,
hormuz_closure,OIL_IMP,market_model,"(0,20)",-0.002960263762574058,-0.4780118714440897,
hormuz_ceasefire,AUD,const_mean,"(-1,1)",0.020586890908480537,2.177718588843103,**
hormuz_ceasefire,AUD,const_mean,"(0,1)",0.017302309407651525,2.241613320061539,**
hormuz_ceasefire,AUD,const_mean,"(0,5)",0.026809615057396576,2.0053333455400923,**
hormuz_ceasefire,AUD,const_mean,"(0,10)",0.02811497508474174,1.5531485044867643,
hormuz_ceasefire,AUD,const_mean,"(0,20)",0.027556891659360462,1.1017731991306883,
hormuz_ceasefire,AUD,market_model,"(-1,1)",-0.00016313795694767805,-0.03136815192604742,
hormuz_ceasefire,AUD,market_model,"(0,1)",-0.00027589474739875015,-0.06497151225790977,
hormuz_ceasefire,AUD,market_model,"(0,5)",-0.003828705272711868,-0.5205600700115383,
hormuz_ceasefire,AUD,market_model,"(0,10)",0.00024981876261143685,0.025085528276600228,
hormuz_ceasefire,AUD,market_model,"(0,20)",0.0049023558258513315,0.35627858916668864,
hormuz_ceasefire,BRL,const_mean,"(-1,1)",0.010936231149898074,0.8083060880811733,
hormuz_ceasefire,BRL,const_mean,"(0,1)",0.0077687797977118835,0.703244930575186,
hormuz_ceasefire,BRL,const_mean,"(0,5)",0.029348883124185852,1.5338565662307881,
hormuz_ceasefire,BRL,const_mean,"(0,10)",0.035575826498646004,1.3731799452379163,
hormuz_ceasefire,BRL,const_mean,"(0,20)",0.04301732332572193,1.2017179066963872,
hormuz_ceasefire,BRL,market_model,"(-1,1)",-0.013985928821962994,-1.4490549556637438,
hormuz_ceasefire,BRL,market_model,"(0,1)",-0.013343808469579433,-1.6932417646532727,*
hormuz_ceasefire,BRL,market_model,"(0,5)",-0.00744977028917306,-0.5457847876063849,
hormuz_ceasefire,BRL,market_model,"(0,10)",0.002107926863186116,0.11405474715404237,
hormuz_ceasefire,BRL,market_model,"(0,20)",0.01580772425515591,0.619033104045362,
hormuz_ceasefire,CAD,const_mean,"(-1,1)",0.006769641601764442,1.314634555045856,
hormuz_ceasefire,CAD,const_mean,"(0,1)",0.004351067100853728,1.0348580373883787,
hormuz_ceasefire,CAD,const_mean,"(0,5)",0.009624797084618886,1.3216484501145638,
hormuz_ceasefire,CAD,const_mean,"(0,10)",0.016484023359203858,1.6717328350540914,*
hormuz_ceasefire,CAD,const_mean,"(0,20)",0.01851837638761972,1.3592309454907647,
hormuz_ceasefire,CAD,market_model,"(-1,1)",-0.0013917860641817124,-0.3387965360835021,
hormuz_ceasefire,CAD,market_model,"(0,1)",-0.0025628144478944846,-0.7640631787438869,
hormuz_ceasefire,CAD,market_model,"(0,5)",-0.002425905919311961,-0.41756629303423437,
hormuz_ceasefire,CAD,market_model,"(0,10)",0.005524064739471334,0.7022464011017651,
hormuz_ceasefire,CAD,market_model,"(0,20)",0.009607865625930023,0.8839839466572715,
hormuz_ceasefire,CHF,const_mean,"(-1,1)",0.011719182834749656,1.3514168348483624,
hormuz_ceasefire,CHF,const_mean,"(0,1)",0.008497019586054871,1.200063546496038,
hormuz_ceasefire,CHF,const_mean,"(0,5)",0.021549880913356613,1.7572027390372709,*
hormuz_ceasefire,CHF,const_mean,"(0,10)",0.020963401572529843,1.2624611818727003,
hormuz_ceasefire,CHF,const_mean,"(0,20)",0.017488995081872797,0.7622682491829148,
hormuz_ceasefire,CHF,market_model,"(-1,1)",-0.004824466353006666,-0.8087444972072138,
hormuz_ceasefire,CHF,market_model,"(0,1)",-0.005517787081343513,-1.132850561870772,
hormuz_ceasefire,CHF,market_model,"(0,5)",-0.0028775368281153493,-0.341089185233284,
hormuz_ceasefire,CHF,market_model,"(0,10)",-0.0012530191247625442,-0.10969429499020437,
hormuz_ceasefire,CHF,market_model,"(0,20)",-0.0005730854950592237,-0.03631051873363002,
hormuz_ceasefire,CLP,const_mean,"(-1,1)",0.023246504352838343,1.7492251844621294,*
hormuz_ceasefire,CLP,const_mean,"(0,1)",0.022422932000407996,2.066455678453851,**
hormuz_ceasefire,CLP,const_mean,"(0,5)",0.03309229893014789,1.7607593628329203,*
hormuz_ceasefire,CLP,const_mean,"(0,10)",0.02587407502359023,1.0167570288552927,
hormuz_ceasefire,CLP,const_mean,"(0,20)",0.004489839344011816,0.12769381047076464,
hormuz_ceasefire,CLP,market_model,"(-1,1)",-0.0006164093341106645,-0.0635124278208739,
hormuz_ceasefire,CLP,market_model,"(0,1)",0.002207674891902925,0.27859303577430505,
hormuz_ceasefire,CLP,market_model,"(0,5)",-0.0021423312620344878,-0.15608498799910597,
hormuz_ceasefire,CLP,market_model,"(0,10)",-0.006171365708119058,-0.3320741545531974,
hormuz_ceasefire,CLP,market_model,"(0,20)",-0.02156329227903017,-0.8397607216961783,
hormuz_ceasefire,CNY,const_mean,"(-1,1)",0.006864633788160071,2.988825045991954,***
hormuz_ceasefire,CNY,const_mean,"(0,1)",0.007148335452247514,3.811831322434711,***
hormuz_ceasefire,CNY,const_mean,"(0,5)",0.008050831175111543,2.478613678630302,**
hormuz_ceasefire,CNY,const_mean,"(0,10)",0.0057743911506061936,1.3129663757296388,
hormuz_ceasefire,CNY,const_mean,"(0,20)",0.001984979530857164,0.32665561884690064,
hormuz_ceasefire,CNY,market_model,"(-1,1)",0.00552817513383539,2.468177421781747,**
hormuz_ceasefire,CNY,market_model,"(0,1)",0.006016166276827998,3.289728388153481,***
hormuz_ceasefire,CNY,market_model,"(0,5)",0.006077491830636359,1.9186862707994432,*
hormuz_ceasefire,CNY,market_model,"(0,10)",0.003979664523364337,0.9279088789751945,
hormuz_ceasefire,CNY,market_model,"(0,20)",0.0005258562365832746,0.08873860373842729,
hormuz_ceasefire,COP,const_mean,"(-1,1)",0.004039390948656517,0.2841827234760847,
hormuz_ceasefire,COP,const_mean,"(0,1)",0.007359532406549012,0.6341290302830244,
hormuz_ceasefire,COP,const_mean,"(0,5)",0.024380270316266432,1.212845001677501,
hormuz_ceasefire,COP,const_mean,"(0,10)",0.023690142184012865,0.8703896860934051,
hormuz_ceasefire,COP,const_mean,"(0,20)",-0.012544576030889681,-0.3335713572796615,
hormuz_ceasefire,COP,market_model,"(-1,1)",-0.01159067085458553,-0.8977735910283223,
hormuz_ceasefire,COP,market_model,"(0,1)",-0.005881336756346584,-0.5579302767338536,
hormuz_ceasefire,COP,market_model,"(0,5)",0.0013018040927815127,0.07129989456405908,
hormuz_ceasefire,COP,market_model,"(0,10)",0.0027005754563470433,0.10923928627768899,
hormuz_ceasefire,COP,market_model,"(0,20)",-0.029609217121170962,-0.8668344392895662,
hormuz_ceasefire,CZK,const_mean,"(-1,1)",0.01815520504323593,2.3605784939074352,**
hormuz_ceasefire,CZK,const_mean,"(0,1)",0.01603720038014985,2.5538269939529403,**
hormuz_ceasefire,CZK,const_mean,"(0,5)",0.029849690013789253,2.744366539298247,***
hormuz_ceasefire,CZK,const_mean,"(0,10)",0.026747237286226116,1.8161867515001227,*
hormuz_ceasefire,CZK,const_mean,"(0,20)",0.020942676210670863,1.0292015847400153,
hormuz_ceasefire,CZK,market_model,"(-1,1)",0.0013074255965341498,0.30758589999181735,
hormuz_ceasefire,CZK,market_model,"(0,1)",0.001764752443134795,0.5084858373879305,
hormuz_ceasefire,CZK,market_model,"(0,5)",0.004973210714086185,0.8273157697988263,
hormuz_ceasefire,CZK,market_model,"(0,10)",0.004122400906104258,0.506481923175212,
hormuz_ceasefire,CZK,market_model,"(0,20)",0.002548551283631275,0.22661768413258668,
hormuz_ceasefire,DKK,const_mean,"(-1,1)",0.012683457254168072,1.927318564999595,*
hormuz_ceasefire,DKK,const_mean,"(0,1)",0.010585859418383182,1.9700969875728727,**
hormuz_ceasefire,DKK,const_mean,"(0,5)",0.022247075619340348,2.390417658577018,**
hormuz_ceasefire,DKK,const_mean,"(0,10)",0.018093223862243196,1.4358071001389106,
hormuz_ceasefire,DKK,const_mean,"(0,20)",0.014584254470148238,0.8376277728216792,
hormuz_ceasefire,DKK,market_model,"(-1,1)",-0.0018272066739124264,-0.5100852717552464,
hormuz_ceasefire,DKK,market_model,"(0,1)",-0.00170672169595441,-0.58353035105653,
hormuz_ceasefire,DKK,market_model,"(0,5)",0.0008214490568731413,0.16215141711057218,
hormuz_ceasefire,DKK,market_model,"(0,10)",-0.0013931065576405829,-0.20309710473882958,
hormuz_ceasefire,DKK,market_model,"(0,20)",-0.0012582466684603693,-0.13276141732530283,
hormuz_ceasefire,EUR,const_mean,"(-1,1)",0.012805183455792426,1.95637167350618,*
hormuz_ceasefire,EUR,const_mean,"(0,1)",0.010610836029430318,1.985458409386248,**
hormuz_ceasefire,EUR,const_mean,"(0,5)",0.022227156518414053,2.4012339279287183,**
hormuz_ceasefire,EUR,const_mean,"(0,10)",0.018070568004411702,1.4417888071641645,
hormuz_ceasefire,EUR,const_mean,"(0,20)",0.014496789891816544,0.8371212870451524,
hormuz_ceasefire,EUR,market_model,"(-1,1)",-0.0016061121926903726,-0.4492426773182717,
hormuz_ceasefire,EUR,market_model,"(0,1)",-0.001597566122235338,-0.5472800280626315,
hormuz_ceasefire,EUR,market_model,"(0,5)",0.0009482515436955092,0.18754854028729534,
hormuz_ceasefire,EUR,market_model,"(0,10)",-0.001282321027876501,-0.1873122482447566,
hormuz_ceasefire,EUR,market_model,"(0,20)",-0.001237222614537154,-0.13079885957380147,
hormuz_ceasefire,GBP,const_mean,"(-1,1)",0.015185665839378346,2.0712469123807313,**
hormuz_ceasefire,GBP,const_mean,"(0,1)",0.012086306178515863,2.0190043583931976,**
hormuz_ceasefire,GBP,const_mean,"(0,5)",0.02505730675487909,2.4166704230531666,**
hormuz_ceasefire,GBP,const_mean,"(0,10)",0.0209449039405649,1.4919033622543778,
hormuz_ceasefire,GBP,const_mean,"(0,20)",0.023691499569390678,1.2213540182525326,
hormuz_ceasefire,GBP,market_model,"(-1,1)",-0.00043598677473190555,-0.10155271604553805,
hormuz_ceasefire,GBP,market_model,"(0,1)",-0.0011474392138878541,-0.32733582962287694,
hormuz_ceasefire,GBP,market_model,"(0,5)",0.0019912570649810546,0.3279673113202025,
hormuz_ceasefire,GBP,market_model,"(0,10)",-3.337011029456386e-05,-0.004059197239292276,
hormuz_ceasefire,GBP,market_model,"(0,20)",0.006636039491711946,0.5842223529716627,
hormuz_ceasefire,HKD,const_mean,"(-1,1)",0.0007826475172991831,1.0098368606304793,
hormuz_ceasefire,HKD,const_mean,"(0,1)",0.000772769431893102,1.2211824976544456,
hormuz_ceasefire,HKD,const_mean,"(0,5)",0.0008568628988421412,0.7817742257697927,
hormuz_ceasefire,HKD,const_mean,"(0,10)",0.001499824321751731,1.0106241778635936,
hormuz_ceasefire,HKD,const_mean,"(0,20)",0.0013366656536564414,0.6518666697363857,
hormuz_ceasefire,HKD,market_model,"(-1,1)",0.0008541620275360815,1.1027905610597524,
hormuz_ceasefire,HKD,market_model,"(0,1)",0.000833352319230049,1.3177318939519933,
hormuz_ceasefire,HKD,market_model,"(0,5)",0.0009624571843777866,0.8786566504802455,
hormuz_ceasefire,HKD,market_model,"(0,10)",0.0015958609595788675,1.0759996124549633,
hormuz_ceasefire,HKD,market_model,"(0,20)",0.0014147440045486168,0.6903695404713476,
hormuz_ceasefire,HUF,const_mean,"(-1,1)",0.03399782340667332,2.780497229566993,***
hormuz_ceasefire,HUF,const_mean,"(0,1)",0.02302402152659478,2.30620635810173,**
hormuz_ceasefire,HUF,const_mean,"(0,5)",0.07032191607525463,4.066746023339834,***
hormuz_ceasefire,HUF,const_mean,"(0,10)",0.06558840816436924,2.8013200418619917,***
hormuz_ceasefire,HUF,const_mean,"(0,20)",0.06764277124610885,2.0909503704705257,**
hormuz_ceasefire,HUF,market_model,"(-1,1)",0.0066322488663271215,1.0343440480518769,
hormuz_ceasefire,HUF,market_model,"(0,1)",-0.00015848386701998018,-0.030271566433964635,
hormuz_ceasefire,HUF,market_model,"(0,5)",0.029915454753096652,3.2990189999892006,***
hormuz_ceasefire,HUF,market_model,"(0,10)",0.028839253868871383,2.3488350038967494,**
hormuz_ceasefire,HUF,market_model,"(0,20)",0.03776549285534242,2.2261290771899156,**
hormuz_ceasefire,IDR,const_mean,"(-1,1)",-0.0002703921337466695,-0.08571380203615063,
hormuz_ceasefire,IDR,const_mean,"(0,1)",0.0018961460228283204,0.7361632202780066,
hormuz_ceasefire,IDR,const_mean,"(0,5)",-0.00340271691621154,-0.7627242052130706,
hormuz_ceasefire,IDR,const_mean,"(0,10)",-0.0040269498111666895,-0.6666489638439854,
hormuz_ceasefire,IDR,const_mean,"(0,20)",-0.01757308886951159,-2.1055026484593236,**
hormuz_ceasefire,IDR,market_model,"(-1,1)",-0.0022318170861591376,-0.7281469908535064,
hormuz_ceasefire,IDR,market_model,"(0,1)",0.00023454215365198688,0.09371886043611283,
hormuz_ceasefire,IDR,market_model,"(0,5)",-0.006298846188378734,-1.4531366841603126,
hormuz_ceasefire,IDR,market_model,"(0,10)",-0.006660941950048106,-1.1349073132437772,
hormuz_ceasefire,IDR,market_model,"(0,20)",-0.019714539956512293,-2.4310734934813265,**
hormuz_ceasefire,ILS,const_mean,"(-1,1)",0.013496276294257486,1.4288540202036515,
hormuz_ceasefire,ILS,const_mean,"(0,1)",0.018700218805552556,2.424745813827233,**
hormuz_ceasefire,ILS,const_mean,"(0,5)",0.04063540988423627,3.042030384225026,***
hormuz_ceasefire,ILS,const_mean,"(0,10)",0.042404034170487104,2.3444736779936775,**
hormuz_ceasefire,ILS,const_mean,"(0,20)",0.0606141149989903,2.425485312854741,**
hormuz_ceasefire,ILS,market_model,"(-1,1)",0.0007004530782045472,0.08653547140904944,
hormuz_ceasefire,ILS,market_model,"(0,1)",0.007860349893443998,1.1893306845614953,
hormuz_ceasefire,ILS,market_model,"(0,5)",0.021741820235594702,1.8993107156745732,*
hormuz_ceasefire,ILS,market_model,"(0,10)",0.025220558595678507,1.6271743954966313,
hormuz_ceasefire,ILS,market_model,"(0,20)",0.046643848381660614,2.178013015336055,**
hormuz_ceasefire,INR,const_mean,"(-1,1)",0.002583696488457059,0.4801622496223337,
hormuz_ceasefire,INR,const_mean,"(0,1)",0.005994029833413539,1.3643036705429437,
hormuz_ceasefire,INR,const_mean,"(0,5)",0.0013950517896110183,0.18332506624119216,
hormuz_ceasefire,INR,const_mean,"(0,10)",-8.32985276946834e-05,-0.008084406227428266,
hormuz_ceasefire,INR,const_mean,"(0,20)",-0.01393524599750042,-0.9788409672898826,
hormuz_ceasefire,INR,market_model,"(-1,1)",-0.0015362474391270226,-0.29844340157942156,
hormuz_ceasefire,INR,market_model,"(0,1)",0.002503855629988974,0.5957385762267889,
hormuz_ceasefire,INR,market_model,"(0,5)",-0.004688224653715571,-0.6440123946907123,
hormuz_ceasefire,INR,market_model,"(0,10)",-0.005615959823015382,-0.5697562347843395,
hormuz_ceasefire,INR,market_model,"(0,20)",-0.01843333214209412,-1.3534918277626078,
hormuz_ceasefire,JPY,const_mean,"(-1,1)",0.00750080663907886,0.8178076015812845,
hormuz_ceasefire,JPY,const_mean,"(0,1)",0.007690762299684507,1.0269710265185792,
hormuz_ceasefire,JPY,const_mean,"(0,5)",0.00820790293370962,0.6327911359391916,
hormuz_ceasefire,JPY,const_mean,"(0,10)",0.006650302979635885,0.3786595281893896,
hormuz_ceasefire,JPY,const_mean,"(0,20)",0.020533815327244114,0.8461820429144615,
hormuz_ceasefire,JPY,market_model,"(-1,1)",-0.0053465172005386676,-0.6888956554375252,
hormuz_ceasefire,JPY,market_model,"(0,1)",-0.0031927349119797717,-0.5038380567238118,
hormuz_ceasefire,JPY,market_model,"(0,5)",-0.010761729626110795,-0.9805044215846195,
hormuz_ceasefire,JPY,market_model,"(0,10)",-0.010602332639991037,-0.7134247768014568,
hormuz_ceasefire,JPY,market_model,"(0,20)",0.0065073211870729526,0.31690982278425034,
hormuz_ceasefire,KRW,const_mean,"(-1,1)",0.022894088560144674,2.12944681438865,**
hormuz_ceasefire,KRW,const_mean,"(0,1)",0.021192140828286417,2.41414804877726,**
hormuz_ceasefire,KRW,const_mean,"(0,5)",0.02711783771974595,1.7835426482346641,*
hormuz_ceasefire,KRW,const_mean,"(0,10)",0.02175856064080933,1.0569097069928426,
hormuz_ceasefire,KRW,const_mean,"(0,20)",0.03582611780689001,1.259488390529997,
hormuz_ceasefire,KRW,market_model,"(-1,1)",0.00386560714255836,0.486324331453918,
hormuz_ceasefire,KRW,market_model,"(0,1)",0.005072330427627008,0.7815584267813407,
hormuz_ceasefire,KRW,market_model,"(0,5)",-0.0009785429093368144,-0.0870508788185712,
hormuz_ceasefire,KRW,market_model,"(0,10)",-0.0037947343792866244,-0.24931818123287094,
hormuz_ceasefire,KRW,market_model,"(0,20)",0.015051138797092106,0.7156960562134488,
hormuz_ceasefire,KWD,const_mean,"(-1,1)",0.0011792180914518458,0.6891095809278733,
hormuz_ceasefire,KWD,const_mean,"(0,1)",0.001492408918980564,1.0681386252247906,
hormuz_ceasefire,KWD,const_mean,"(0,5)",0.002032517967065192,0.8398728651191325,
hormuz_ceasefire,KWD,const_mean,"(0,10)",0.0020957590214181012,0.639587229525618,
hormuz_ceasefire,KWD,const_mean,"(0,20)",0.0018958703700469213,0.4187489912026726,
hormuz_ceasefire,KWD,market_model,"(-1,1)",0.0005297160083154555,0.31283327838785213,
hormuz_ceasefire,KWD,market_model,"(0,1)",0.0009421889510689051,0.6814805806134421,
hormuz_ceasefire,KWD,market_model,"(0,5)",0.0010734998853428853,0.4482877307446287,
hormuz_ceasefire,KWD,market_model,"(0,10)",0.0012235444719579415,0.37735828734768795,
hormuz_ceasefire,KWD,market_model,"(0,20)",0.0011867548159540026,0.2648999223503732,
hormuz_ceasefire,MXN,const_mean,"(-1,1)",0.023387543758520382,2.4845871746961143,**
hormuz_ceasefire,MXN,const_mean,"(0,1)",0.01732749596840109,2.2545042690338812,**
hormuz_ceasefire,MXN,const_mean,"(0,5)",0.027074213011742173,2.033810427488202,**
hormuz_ceasefire,MXN,const_mean,"(0,10)",0.022477266143477642,1.2470314276358947,
hormuz_ceasefire,MXN,const_mean,"(0,20)",0.01695875554022689,0.6809489991337584,
hormuz_ceasefire,MXN,market_model,"(-1,1)",0.0035637846663240016,0.6327109034873862,
hormuz_ceasefire,MXN,market_model,"(0,1)",0.0005339730917296179,0.1161071234907586,
hormuz_ceasefire,MXN,market_model,"(0,5)",-0.0021964297017024784,-0.27573771599934366,
hormuz_ceasefire,MXN,market_model,"(0,10)",-0.004144005064325296,-0.3842186361617803,
hormuz_ceasefire,MXN,market_model,"(0,20)",-0.004684494385909892,-0.3143457309045674,
hormuz_ceasefire,MYR,const_mean,"(-1,1)",0.01204830084694561,2.440701400504615,**
hormuz_ceasefire,MYR,const_mean,"(0,1)",0.011742950945494508,2.913477866997185,***
hormuz_ceasefire,MYR,const_mean,"(0,5)",0.01579733565222792,2.262860049215289,**
hormuz_ceasefire,MYR,const_mean,"(0,10)",0.012980844829302339,1.3732704981523698,
hormuz_ceasefire,MYR,const_mean,"(0,20)",0.004441435409306572,0.3400659722489365,
hormuz_ceasefire,MYR,market_model,"(-1,1)",0.007766196710402767,1.6666217911072168,*
hormuz_ceasefire,MYR,market_model,"(0,1)",0.008115404149608062,2.1329685480004352,**
hormuz_ceasefire,MYR,market_model,"(0,5)",0.009474622605747803,1.437724228764729,
hormuz_ceasefire,MYR,market_model,"(0,10)",0.007230419038270811,0.8103197453018207,
hormuz_ceasefire,MYR,market_model,"(0,20)",-0.00023369454994640352,-0.01895519399473608,
hormuz_ceasefire,NOK,const_mean,"(-1,1)",0.02019848202859107,2.0285985396650204,**
hormuz_ceasefire,NOK,const_mean,"(0,1)",0.01413256845848598,1.7383775457505517,*
hormuz_ceasefire,NOK,const_mean,"(0,5)",0.026218279649283742,1.8619438066093514,*
hormuz_ceasefire,NOK,const_mean,"(0,10)",0.03668260729935168,1.9239857787518935,*
hormuz_ceasefire,NOK,const_mean,"(0,20)",0.04493941892793558,1.7059087975047216,*
hormuz_ceasefire,NOK,market_model,"(-1,1)",0.0009312342848335417,0.13819489058744985,
hormuz_ceasefire,NOK,market_model,"(0,1)",-0.002189510731966859,-0.39794746024753025,
hormuz_ceasefire,NOK,market_model,"(0,5)",-0.002230649847693132,-0.23407198319454003,
hormuz_ceasefire,NOK,market_model,"(0,10)",0.010808673640805126,0.837663743244323,
hormuz_ceasefire,NOK,market_model,"(0,20)",0.023903758820913123,1.3407574161142153,
hormuz_ceasefire,NZD,const_mean,"(-1,1)",0.022518251214660893,2.3511550063382187,**
hormuz_ceasefire,NZD,const_mean,"(0,1)",0.01920673484720063,2.4560984595025976,**
hormuz_ceasefire,NZD,const_mean,"(0,5)",0.03293980396128149,2.4319386485697048,**
hormuz_ceasefire,NZD,const_mean,"(0,10)",0.031141202937507103,1.6980335692240278,*
hormuz_ceasefire,NZD,const_mean,"(0,20)",0.02974623910266594,1.1738960649008956,
hormuz_ceasefire,NZD,market_model,"(-1,1)",0.0012423046837544381,0.2426551228195467,
hormuz_ceasefire,NZD,market_model,"(0,1)",0.001183004174935404,0.28300443963958793,
hormuz_ceasefire,NZD,market_model,"(0,5)",0.0015249433185457418,0.2106202119068699,
hormuz_ceasefire,NZD,market_model,"(0,10)",0.002569793238277293,0.26213427401319256,
hormuz_ceasefire,NZD,market_model,"(0,20)",0.006517515123428347,0.4811653768694791,
hormuz_ceasefire,PEN,const_mean,"(-1,1)",0.019874197879475454,3.000017141201103,***
hormuz_ceasefire,PEN,const_mean,"(0,1)",0.01200005994851267,2.2185190983213383,**
hormuz_ceasefire,PEN,const_mean,"(0,5)",0.010266839421345608,1.0958620771265326,
hormuz_ceasefire,PEN,const_mean,"(0,10)",-0.0028711855447947684,-0.22633914457015095,
hormuz_ceasefire,PEN,const_mean,"(0,20)",-0.018133425958836814,-1.0345821233163481,
hormuz_ceasefire,PEN,market_model,"(-1,1)",0.011152858967602222,1.9450776970186487,*
hormuz_ceasefire,PEN,market_model,"(0,1)",0.004611854520340224,0.9850810675405896,
hormuz_ceasefire,PEN,market_model,"(0,5)",-0.0026105968956036847,-0.3219404621072259,
hormuz_ceasefire,PEN,market_model,"(0,10)",-0.014583047426708835,-1.3281995130350417,
hormuz_ceasefire,PEN,market_model,"(0,20)",-0.027655238491078427,-1.8229683632359468,*
hormuz_ceasefire,PLN,const_mean,"(-1,1)",0.017904396852832356,2.0185785416938145,**
hormuz_ceasefire,PLN,const_mean,"(0,1)",0.013937190351022474,1.9244508236367261,*
hormuz_ceasefire,PLN,const_mean,"(0,5)",0.029690920211617518,2.366980155226462,**
hormuz_ceasefire,PLN,const_mean,"(0,10)",0.025324746076271047,1.4910607597685341,
hormuz_ceasefire,PLN,const_mean,"(0,20)",0.019724552698805208,0.8405123518843532,
hormuz_ceasefire,PLN,market_model,"(-1,1)",-0.002612470302657283,-0.6201434618127414,
hormuz_ceasefire,PLN,market_model,"(0,1)",-0.0034434929155017376,-1.0011188306137686,
hormuz_ceasefire,PLN,market_model,"(0,5)",-0.0006031267102878171,-0.10123585879480118,
hormuz_ceasefire,PLN,market_model,"(0,10)",-0.002227298031032486,-0.2761108194745924,
hormuz_ceasefire,PLN,market_model,"(0,20)",-0.0026754210641129596,-0.24004017185131418,
hormuz_ceasefire,SAR,const_mean,"(-1,1)",0.0005824250994041641,2.572419235299676,**
hormuz_ceasefire,SAR,const_mean,"(0,1)",0.0005747635909464976,3.1091132735440676,***
hormuz_ceasefire,SAR,const_mean,"(0,5)",0.0007120052278094885,2.223667509073274,**
hormuz_ceasefire,SAR,const_mean,"(0,10)",0.0012301336461798308,2.8373848661874654,***
hormuz_ceasefire,SAR,const_mean,"(0,20)",0.0007736286328303985,1.2914725535704494,
hormuz_ceasefire,SAR,market_model,"(-1,1)",0.0005806313450857935,2.5645083409598657,**
hormuz_ceasefire,SAR,market_model,"(0,1)",0.0005732440277778479,3.100907468207962,***
hormuz_ceasefire,SAR,market_model,"(0,5)",0.0007093566715228357,2.2154058513908303,**
hormuz_ceasefire,SAR,market_model,"(0,10)",0.0012277248184712501,2.83184160863748,***
hormuz_ceasefire,SAR,market_model,"(0,20)",0.0007716702417483628,1.2882091255057893,
hormuz_ceasefire,SEK,const_mean,"(-1,1)",0.017806114980254858,1.7463116091027246,*
hormuz_ceasefire,SEK,const_mean,"(0,1)",0.014250862337664205,1.7117460802572992,*
hormuz_ceasefire,SEK,const_mean,"(0,5)",0.028270907126033314,1.9605472512670414,**
hormuz_ceasefire,SEK,const_mean,"(0,10)",0.026932551674129585,1.3794131258929083,
hormuz_ceasefire,SEK,const_mean,"(0,20)",0.01864348582161727,0.6910837233902557,
hormuz_ceasefire,SEK,market_model,"(-1,1)",-0.006094565693057901,-1.3209854540468795,
hormuz_ceasefire,SEK,market_model,"(0,1)",-0.005996388740628979,-1.591807997481236,
hormuz_ceasefire,SEK,market_model,"(0,5)",-0.007019487664532019,-1.075835052296077,
hormuz_ceasefire,SEK,market_model,"(0,10)",-0.005163606239019155,-0.5844840637987987,
hormuz_ceasefire,SEK,market_model,"(0,20)",-0.007450879167963628,-0.6103989434397614,
hormuz_ceasefire,SGD,const_mean,"(-1,1)",0.009781930585521808,2.2625806681192793,**
hormuz_ceasefire,SGD,const_mean,"(0,1)",0.008181464575492637,2.3176944419308003,**
hormuz_ceasefire,SGD,const_mean,"(0,5)",0.009704045108371414,1.5871475544751141,
hormuz_ceasefire,SGD,const_mean,"(0,10)",0.00730562074715326,0.8824719367534433,
hormuz_ceasefire,SGD,const_mean,"(0,20)",0.004828845318667153,0.4221567807925273,
hormuz_ceasefire,SGD,market_model,"(-1,1)",-0.0001434597667419467,-0.0681395076902991,
hormuz_ceasefire,SGD,market_model,"(0,1)",-0.0002267424232622094,-0.13190075588798497,
hormuz_ceasefire,SGD,market_model,"(0,5)",-0.004951225541429155,-1.6629017230199608,*
hormuz_ceasefire,SGD,market_model,"(0,10)",-0.0060231584809466625,-1.49402356063561,
hormuz_ceasefire,SGD,market_model,"(0,20)",-0.0060075305174917,-1.078489290139036,
hormuz_ceasefire,THB,const_mean,"(-1,1)",0.018811411125515407,2.10311254032055,**
hormuz_ceasefire,THB,const_mean,"(0,1)",0.015603545865030039,2.1365352833615345,**
hormuz_ceasefire,THB,const_mean,"(0,5)",0.018216389786361514,1.4400860738092356,
hormuz_ceasefire,THB,const_mean,"(0,10)",0.011465571536061158,0.6694237726369221,
hormuz_ceasefire,THB,const_mean,"(0,20)",9.111488398155353e-05,0.0038501836408982876,
hormuz_ceasefire,THB,market_model,"(-1,1)",0.002130766736587569,0.33803656990682845,
hormuz_ceasefire,THB,market_model,"(0,1)",0.0014726849198244889,0.2861430796964554,
hormuz_ceasefire,THB,market_model,"(0,5)",-0.006413307329486342,-0.7194404168908379,
hormuz_ceasefire,THB,market_model,"(0,10)",-0.010934819637647582,-0.9059488679687534,
hormuz_ceasefire,THB,market_model,"(0,20)",-0.018120534771340034,-1.0865501302746663,
hormuz_ceasefire,TRY,const_mean,"(-1,1)",0.003001508025537466,1.4957676509516367,
hormuz_ceasefire,TRY,const_mean,"(0,1)",0.002198692239748011,1.3419449510138424,
hormuz_ceasefire,TRY,const_mean,"(0,5)",-0.00030129311530216756,-0.10616927157012805,
hormuz_ceasefire,TRY,const_mean,"(0,10)",-0.0014335188069775906,-0.37307170105516874,
hormuz_ceasefire,TRY,const_mean,"(0,20)",-0.003680015300095136,-0.6931468147635524,
hormuz_ceasefire,TRY,market_model,"(-1,1)",0.0023132428815030373,1.162719988911484,
hormuz_ceasefire,TRY,market_model,"(0,1)",0.0016156344862814785,0.9945867028014505,
hormuz_ceasefire,TRY,market_model,"(0,5)",-0.0013175465427905867,-0.4682792048493009,
hormuz_ceasefire,TRY,market_model,"(0,10)",-0.00235778816361191,-0.6189035478016176,
hormuz_ceasefire,TRY,market_model,"(0,20)",-0.00443145171830956,-0.8418813837877168,
hormuz_ceasefire,TWD,const_mean,"(-1,1)",0.009233583814784296,1.752279328953472,*
hormuz_ceasefire,TWD,const_mean,"(0,1)",0.007614064180476097,1.7696818829369427,*
hormuz_ceasefire,TWD,const_mean,"(0,5)",0.015537012775363158,2.0849016213058595,**
hormuz_ceasefire,TWD,const_mean,"(0,10)",0.018490323497761054,1.8324909406054903,*
hormuz_ceasefire,TWD,const_mean,"(0,20)",0.019924098869715343,1.429100299447916,
hormuz_ceasefire,TWD,market_model,"(-1,1)",-0.0005617562646529309,-0.1507843664685391,
hormuz_ceasefire,TWD,market_model,"(0,1)",-0.0006839718753373894,-0.2248496753663052,
hormuz_ceasefire,TWD,market_model,"(0,5)",0.0010737670111045949,0.20379965788993504,
hormuz_ceasefire,TWD,market_model,"(0,10)",0.005336188421028294,0.7480038482850268,
hormuz_ceasefire,TWD,market_model,"(0,20)",0.009229709754876907,0.9363698367468513,
hormuz_ceasefire,ZAR,const_mean,"(-1,1)",0.0357068395822384,2.683142264883713,***
hormuz_ceasefire,ZAR,const_mean,"(0,1)",0.027659925623865867,2.5455927500531406,**
hormuz_ceasefire,ZAR,const_mean,"(0,5)",0.030260366588074506,1.6078720100319481,
hormuz_ceasefire,ZAR,const_mean,"(0,10)",0.019572577049305786,0.7680766881626871,
hormuz_ceasefire,ZAR,const_mean,"(0,20)",0.007203492707588532,0.20459093577313664,
hormuz_ceasefire,ZAR,market_model,"(-1,1)",0.0058697306496582075,0.8450740762020033,
hormuz_ceasefire,ZAR,market_model,"(0,1)",0.002383681642961643,0.4203107405226992,
hormuz_ceasefire,ZAR,market_model,"(0,5)",-0.013795422785973989,-1.4044187645735886,
hormuz_ceasefire,ZAR,market_model,"(0,10)",-0.020495593939699706,-1.540995603037466,
hormuz_ceasefire,ZAR,market_model,"(0,20)",-0.02537216575848964,-1.3806548618134764,
hormuz_ceasefire,r_DTWEXBGS,const_mean,"(-1,1)",-0.01325370567945253,-3.0943888217834923,***
hormuz_ceasefire,r_DTWEXBGS,const_mean,"(0,1)",-0.011399622773788186,-3.2596702680889194,***
hormuz_ceasefire,r_DTWEXBGS,const_mean,"(0,5)",-0.017216053872171462,-2.8422100879170125,***
hormuz_ceasefire,r_DTWEXBGS,const_mean,"(0,10)",-0.016466331503981035,-2.0076994530695105,**
hormuz_ceasefire,r_DTWEXBGS,const_mean,"(0,20)",-0.014651062384657168,-1.2928783381183768,
hormuz_ceasefire,r_DTWEXAFEGS,const_mean,"(-1,1)",-0.012221389259158853,-2.2577663448228065,**
hormuz_ceasefire,r_DTWEXAFEGS,const_mean,"(0,1)",-0.01028731515724447,-2.3275879089255302,**
hormuz_ceasefire,r_DTWEXAFEGS,const_mean,"(0,5)",-0.017777183572691885,-2.3222361284978974,**
hormuz_ceasefire,r_DTWEXAFEGS,const_mean,"(0,10)",-0.018263573577590106,-1.7620103757735504,*
hormuz_ceasefire,r_DTWEXAFEGS,const_mean,"(0,20)",-0.019115567196537946,-1.3347397272361277,
hormuz_ceasefire,r_DTWEXEMEGS,const_mean,"(-1,1)",-0.014255982130138798,-3.4620091516284646,***
hormuz_ceasefire,r_DTWEXEMEGS,const_mean,"(0,1)",-0.012480124258286599,-3.711894363874269,***
hormuz_ceasefire,r_DTWEXEMEGS,const_mean,"(0,5)",-0.016671491472827395,-2.862796819561116,***
hormuz_ceasefire,r_DTWEXEMEGS,const_mean,"(0,10)",-0.014724432428613992,-1.8673852212450188,*
hormuz_ceasefire,r_DTWEXEMEGS,const_mean,"(0,20)",-0.010321223837190889,-0.9473560784494289,
hormuz_ceasefire,r_SP500,const_mean,"(-1,1)",0.030545862922515335,2.2213846884106414,**
hormuz_ceasefire,r_SP500,const_mean,"(0,1)",0.025929580861253056,2.3094709391539525,**
hormuz_ceasefire,r_SP500,const_mean,"(0,5)",0.05357452648666447,2.754956329486703,***
hormuz_ceasefire,r_SP500,const_mean,"(0,10)",0.06834459624436375,2.5956124136053793,***
hormuz_ceasefire,r_SP500,const_mean,"(0,20)",0.09759699883130435,2.6826179027999832,***
hormuz_ceasefire,r_DCOILBRENTEU,const_mean,"(-1,1)",-0.05496482553601409,-1.0238229934818937,
hormuz_ceasefire,r_DCOILBRENTEU,const_mean,"(0,1)",-0.05132870365766076,-1.1709704905208116,
hormuz_ceasefire,r_DCOILBRENTEU,const_mean,"(0,5)",-0.09428041694759119,-1.2417853208724703,
hormuz_ceasefire,r_DCOILBRENTEU,const_mean,"(0,10)",-0.22421710100802264,-2.1810872699713753,**
hormuz_ceasefire,r_DCOILBRENTEU,const_mean,"(0,20)",-0.18467514176605668,-1.3001679199950407,
hormuz_ceasefire,r_DCOILWTICO,const_mean,"(-1,1)",-0.17223696044587697,-3.4687118629157525,***
hormuz_ceasefire,r_DCOILWTICO,const_mean,"(0,1)",-0.1761242190174508,-4.344167706221047,***
hormuz_ceasefire,r_DCOILWTICO,const_mean,"(0,5)",-0.2208008073366472,-3.1443257486192855,***
hormuz_ceasefire,r_DCOILWTICO,const_mean,"(0,10)",-0.22958384765208759,-2.414612740239343,**
hormuz_ceasefire,r_DCOILWTICO,const_mean,"(0,20)",-0.13859266801969128,-1.0549529922405587,
hormuz_ceasefire,r_DHHNGSP,const_mean,"(-1,1)",-0.02533181708977053,-0.08095853300816111,
hormuz_ceasefire,r_DHHNGSP,const_mean,"(0,1)",-0.08738066768928791,-0.3420245458817893,
hormuz_ceasefire,r_DHHNGSP,const_mean,"(0,5)",-0.07973815950596554,-0.18019697489129105,
hormuz_ceasefire,r_DHHNGSP,const_mean,"(0,10)",-0.08548427554443928,-0.14267464703519578,
hormuz_ceasefire,r_DHHNGSP,const_mean,"(0,20)",-0.05030864348686746,-0.06077008919112269,
hormuz_ceasefire,r_Gold,const_mean,"(-1,1)",0.008835094052572462,0.2495480487118345,
hormuz_ceasefire,r_Gold,const_mean,"(0,1)",0.015198406383393141,0.5257589610222321,
hormuz_ceasefire,r_Gold,const_mean,"(0,5)",0.03480977540206012,0.6952311532718045,
hormuz_ceasefire,r_Gold,const_mean,"(0,10)",0.0034428934709167212,0.05078446377101943,
hormuz_ceasefire,r_Gold,const_mean,"(0,20)",-0.03903724869438987,-0.4167476721979453,
hormuz_ceasefire,r_EuroStoxx50_EUR,const_mean,"(-1,1)",0.038245923958360226,2.3944110503883365,**
hormuz_ceasefire,r_EuroStoxx50_EUR,const_mean,"(0,1)",0.03816499290813852,2.9263371885928486,***
hormuz_ceasefire,r_EuroStoxx50_EUR,const_mean,"(0,5)",0.05044729255175345,2.233245235895819,**
hormuz_ceasefire,r_EuroStoxx50_EUR,const_mean,"(0,10)",0.041743854126604904,1.36480429274044,
hormuz_ceasefire,r_EuroStoxx50_EUR,const_mean,"(0,20)",0.032278393477222014,0.7637943514840791,
hormuz_ceasefire,d_DGS10,const_mean,"(-1,1)",-0.06399999999999939,-0.9941674337683103,
hormuz_ceasefire,d_DGS10,const_mean,"(0,1)",-0.05266666666666636,-1.0019845395746885,
hormuz_ceasefire,d_DGS10,const_mean,"(0,5)",-0.08799999999999988,-0.966600984322058,
hormuz_ceasefire,d_DGS10,const_mean,"(0,10)",-0.05466666666666663,-0.44347223727581864,
hormuz_ceasefire,d_DGS10,const_mean,"(0,20)",0.06200000000000008,0.36401747111882987,
hormuz_ceasefire,d_DGS5,const_mean,"(-1,1)",-0.0750000000000002,-1.051336665714823,
hormuz_ceasefire,d_DGS5,const_mean,"(0,1)",-0.06333333333333334,-1.0873228710828016,
hormuz_ceasefire,d_DGS5,const_mean,"(0,5)",-0.11999999999999972,-1.1894516570192035,
hormuz_ceasefire,d_DGS5,const_mean,"(0,10)",-0.08833333333333304,-0.6466502524372975,
hormuz_ceasefire,d_DGS5,const_mean,"(0,20)",0.06500000000000014,0.34438552097055686,
hormuz_ceasefire,d_DFII5,const_mean,"(-1,1)",-0.021249999999999804,-0.3725149538114263,
hormuz_ceasefire,d_DFII5,const_mean,"(0,1)",-0.020833333333333134,-0.4472899796051165,
hormuz_ceasefire,d_DFII5,const_mean,"(0,5)",-0.1024999999999998,-1.2705555114437241,
hormuz_ceasefire,d_DFII5,const_mean,"(0,10)",-0.07458333333333314,-0.682795815544765,
hormuz_ceasefire,d_DFII5,const_mean,"(0,20)",0.02125000000000001,0.1407974182053937,
hormuz_ceasefire,d_T5YIE,const_mean,"(-1,1)",-0.053749999999999784,-1.211242366590858,
hormuz_ceasefire,d_T5YIE,const_mean,"(0,1)",-0.04250000000000009,-1.1729706465304348,
hormuz_ceasefire,d_T5YIE,const_mean,"(0,5)",-0.01750000000000027,-0.27885320174595263,
hormuz_ceasefire,d_T5YIE,const_mean,"(0,10)",-0.01375000000000004,-0.16181529430284217,
hormuz_ceasefire,d_T5YIE,const_mean,"(0,20)",0.043749999999999616,0.37263326504938665,
hormuz_ceasefire,d_VIXCLS,const_mean,"(-1,1)",-3.074500000000002,-1.0243704196297885,
hormuz_ceasefire,d_VIXCLS,const_mean,"(0,1)",-3.293000000000003,-1.3437543769619849,
hormuz_ceasefire,d_VIXCLS,const_mean,"(0,5)",-6.299000000000003,-1.4840179095081372,
hormuz_ceasefire,d_VIXCLS,const_mean,"(0,10)",-5.566500000000003,-0.9685655764212215,
hormuz_ceasefire,d_VIXCLS,const_mean,"(0,20)",-8.501500000000002,-1.0706045155057569,
hormuz_ceasefire,d_GPRD,const_mean,"(-1,1)",74.67788429260254,0.7020265251539386,
hormuz_ceasefire,d_GPRD,const_mean,"(0,1)",9.547554779052732,0.1099257163927926,
hormuz_ceasefire,d_GPRD,const_mean,"(0,5)",48.96145095825195,0.32546238149879625,
hormuz_ceasefire,d_GPRD,const_mean,"(0,10)",-128.20198020935055,-0.629391008701228,
hormuz_ceasefire,d_GPRD,const_mean,"(0,20)",-20.203479385375957,-0.07178581991393913,
hormuz_ceasefire,d_GPRD_ACT,const_mean,"(-1,1)",103.18049774169921,0.6723055534614083,
hormuz_ceasefire,d_GPRD_ACT,const_mean,"(0,1)",131.07241923014323,1.0459863690850417,
hormuz_ceasefire,d_GPRD_ACT,const_mean,"(0,5)",13.214053344726608,0.06088217204026554,
hormuz_ceasefire,d_GPRD_ACT,const_mean,"(0,10)",-201.50289357503252,-0.6856692162693923,
hormuz_ceasefire,d_GPRD_ACT,const_mean,"(0,20)",-54.16974334716795,-0.13340645321423547,
hormuz_ceasefire,d_GPRD_THREAT,const_mean,"(-1,1)",90.98433036804201,0.5907523825343775,
hormuz_ceasefire,d_GPRD_THREAT,const_mean,"(0,1)",26.5460823059082,0.21109840157675383,
hormuz_ceasefire,d_GPRD_THREAT,const_mean,"(0,5)",202.17166366577152,0.9282055606243121,
hormuz_ceasefire,d_GPRD_THREAT,const_mean,"(0,10)",-57.25501594543458,-0.1941407501988967,
hormuz_ceasefire,d_GPRD_THREAT,const_mean,"(0,20)",68.06336250305182,0.1670333761277382,
hormuz_ceasefire,USD_EW,const_mean,"(-1,1)",-0.013625348057344396,-2.628495415657502,***
hormuz_ceasefire,USD_EW,const_mean,"(0,1)",-0.01154259357367283,-2.7271476544305453,***
hormuz_ceasefire,USD_EW,const_mean,"(0,5)",-0.020118419164498996,-2.7443435239745697,***
hormuz_ceasefire,USD_EW,const_mean,"(0,10)",-0.01829744218784732,-1.8433775212546728,*
hormuz_ceasefire,USD_EW,const_mean,"(0,20)",-0.014875928019716156,-1.0846626037062856,
hormuz_ceasefire,SAFE,const_mean,"(-1,1)",0.012644311216244316,2.118228422572021,**
hormuz_ceasefire,SAFE,const_mean,"(0,1)",0.011393596709923145,2.3376747560639797,**
hormuz_ceasefire,SAFE,const_mean,"(0,5)",0.020543588130730636,2.4335423928781146,**
hormuz_ceasefire,SAFE,const_mean,"(0,10)",0.019035296772771094,1.665334776772088,*
hormuz_ceasefire,SAFE,const_mean,"(0,20)",0.019577657524238117,1.239622132193671,
hormuz_ceasefire,SAFE,market_model,"(-1,1)",-0.001968207206987067,-0.9052811957428696,
hormuz_ceasefire,SAFE,market_model,"(0,1)",-0.000985269542689838,-0.5550260524443682,
hormuz_ceasefire,SAFE,market_model,"(0,5)",-0.0010324310249099525,-0.3357830198670268,
hormuz_ceasefire,SAFE,market_model,"(0,10)",-0.000587813766692174,-0.14119415530057014,
hormuz_ceasefire,SAFE,market_model,"(0,20)",0.0036239533446523363,0.6300082832743639,
hormuz_ceasefire,RISKY,const_mean,"(-1,1)",0.015905955891301306,2.425732625323995,**
hormuz_ceasefire,RISKY,const_mean,"(0,1)",0.012475785170448271,2.330218644644899,**
hormuz_ceasefire,RISKY,const_mean,"(0,5)",0.023048417596121515,2.4854742706808,**
hormuz_ceasefire,RISKY,const_mean,"(0,10)",0.020374382098279093,1.6226762769910263,
hormuz_ceasefire,RISKY,const_mean,"(0,20)",0.014919818168918205,0.8599984448555893,
hormuz_ceasefire,RISKY,market_model,"(-1,1)",-0.00024843207326168235,-0.10868523820873438,
hormuz_ceasefire,RISKY,market_model,"(0,1)",-0.0012092622809358473,-0.6479314101764413,
hormuz_ceasefire,RISKY,market_model,"(0,5)",-0.0008042390148655799,-0.24879006729317252,
hormuz_ceasefire,RISKY,market_model,"(0,10)",-0.0013193007799590832,-0.30141926174705974,
hormuz_ceasefire,RISKY,market_model,"(0,20)",-0.002717273489366014,-0.4493111845914506,
hormuz_ceasefire,CARRY_HML,const_mean,"(-1,1)",0.0032616446750570027,0.8142825869354956,
hormuz_ceasefire,CARRY_HML,const_mean,"(0,1)",0.0010821884605251352,0.33089258023333484,
hormuz_ceasefire,CARRY_HML,const_mean,"(0,5)",0.0025048294653907052,0.442182617579256,
hormuz_ceasefire,CARRY_HML,const_mean,"(0,10)",0.0013390853255078434,0.17458665180907354,
hormuz_ceasefire,CARRY_HML,const_mean,"(0,20)",-0.004657839355319781,-0.4395152886022527,
hormuz_ceasefire,CARRY_HML,market_model,"(-1,1)",0.0017197751337253969,0.43402814599773076,
hormuz_ceasefire,CARRY_HML,market_model,"(0,1)",-0.00022399273824600058,-0.06923501600745265,
hormuz_ceasefire,CARRY_HML,market_model,"(0,5)",0.00022819201004419562,0.04072224050911637,
hormuz_ceasefire,CARRY_HML,market_model,"(0,10)",-0.0007314870132670646,-0.09640890126663652,
hormuz_ceasefire,CARRY_HML,market_model,"(0,20)",-0.006341226834018226,-0.6048817719070837,
hormuz_ceasefire,HAVEN_SAFE,const_mean,"(-1,1)",0.010675057643206956,1.4576598910022955,
hormuz_ceasefire,HAVEN_SAFE,const_mean,"(0,1)",0.00893287263838987,1.4939041944323546,
hormuz_ceasefire,HAVEN_SAFE,const_mean,"(0,5)",0.017328313455159915,1.6731207010196663,*
hormuz_ceasefire,HAVEN_SAFE,const_mean,"(0,10)",0.01522809085219224,1.0859147171386967,
hormuz_ceasefire,HAVEN_SAFE,const_mean,"(0,20)",0.0175065334336443,0.9035186315080153,
hormuz_ceasefire,HAVEN_SAFE,market_model,"(-1,1)",-0.0039256985820785815,-0.822566772100715,
hormuz_ceasefire,HAVEN_SAFE,market_model,"(0,1)",-0.0034360293718528915,-0.8817728203643486,
hormuz_ceasefire,HAVEN_SAFE,market_model,"(0,5)",-0.0042303383035103784,-0.6267788204253462,
hormuz_ceasefire,HAVEN_SAFE,market_model,"(0,10)",-0.004379224264210248,-0.4791987561641768,
hormuz_ceasefire,HAVEN_SAFE,market_model,"(0,20)",0.0015656710258253508,0.12399543757788568,
hormuz_ceasefire,HAVEN_RISKY,const_mean,"(-1,1)",0.012800186888517324,1.8745908848114503,*
hormuz_ceasefire,HAVEN_RISKY,const_mean,"(0,1)",0.010701762009850716,1.9195132247990125,*
hormuz_ceasefire,HAVEN_RISKY,const_mean,"(0,5)",0.01789328716812565,1.8529569289031365,*
hormuz_ceasefire,HAVEN_RISKY,const_mean,"(0,10)",0.01597589054288299,1.221854665541311,
hormuz_ceasefire,HAVEN_RISKY,const_mean,"(0,20)",0.005563648562173473,0.3079646436629823,
hormuz_ceasefire,HAVEN_RISKY,market_model,"(-1,1)",-0.0026769430942037275,-0.7742497379710821,
hormuz_ceasefire,HAVEN_RISKY,market_model,"(0,1)",-0.0024095523085501565,-0.8535400739538194,
hormuz_ceasefire,HAVEN_RISKY,market_model,"(0,5)",-0.0049593685692063795,-1.014269381573727,
hormuz_ceasefire,HAVEN_RISKY,market_model,"(0,10)",-0.0048083044663585935,-0.7262701125809744,
hormuz_ceasefire,HAVEN_RISKY,market_model,"(0,20)",-0.011334024114206039,-1.2390163581299674,
hormuz_ceasefire,OIL_EXP,const_mean,"(-1,1)",0.009584704668326605,1.7322564898389257,*
hormuz_ceasefire,OIL_EXP,const_mean,"(0,1)",0.007572373748846936,1.6761432492952972,*
hormuz_ceasefire,OIL_EXP,const_mean,"(0,5)",0.01705585234013871,2.179675743326377,**
hormuz_ceasefire,OIL_EXP,const_mean,"(0,10)",0.019747965450327056,1.863889256289489,*
hormuz_ceasefire,OIL_EXP,const_mean,"(0,20)",0.01622268530764154,1.108172031802686,
hormuz_ceasefire,OIL_EXP,market_model,"(-1,1)",-0.0030518599194530346,-1.1141890529413927,
hormuz_ceasefire,OIL_EXP,market_model,"(0,1)",-0.0031325806193158276,-1.4006904827818722,
hormuz_ceasefire,OIL_EXP,market_model,"(0,5)",-0.0016025850154619263,-0.41371414651068494,
hormuz_ceasefire,OIL_EXP,market_model,"(0,10)",0.0027783578465590784,0.529720472219164,
hormuz_ceasefire,OIL_EXP,market_model,"(0,20)",0.002426294607517157,0.3348025865563216,
hormuz_ceasefire,OIL_IMP,const_mean,"(-1,1)",0.010670849108919581,2.280324650645872,**
hormuz_ceasefire,OIL_IMP,const_mean,"(0,1)",0.010048872541106455,2.6300298068413213,***
hormuz_ceasefire,OIL_IMP,const_mean,"(0,5)",0.011695483648248165,1.7672618055983975,*
hormuz_ceasefire,OIL_IMP,const_mean,"(0,10)",0.0094746568865993,1.0573663362571408,
hormuz_ceasefire,OIL_IMP,const_mean,"(0,20)",0.009793314265039174,0.7910034439562204,
hormuz_ceasefire,OIL_IMP,market_model,"(-1,1)",0.0001441826427217264,0.05956446791559348,
hormuz_ceasefire,OIL_IMP,market_model,"(0,1)",0.0011312997794008582,0.572397353544454,
hormuz_ceasefire,OIL_IMP,market_model,"(0,5)",-0.0038475973417225343,-1.123954947494208,
hormuz_ceasefire,OIL_IMP,market_model,"(0,10)",-0.004661574370420536,-1.0057063384644096,
hormuz_ceasefire,OIL_IMP,market_model,"(0,20)",-0.0016995248154503086,-0.2653705811027057,
us_strikes,AUD,const_mean,"(-1,1)",-0.00023562331416879072,-0.02430401681685681,
us_strikes,AUD,const_mean,"(0,1)",0.003949492031676473,0.498938099241088,
us_strikes,AUD,const_mean,"(0,5)",-0.0014386591338743822,-0.10493073289959536,
us_strikes,AUD,const_mean,"(0,10)",-0.0220958921229983,-1.1902429628308364,
us_strikes,AUD,const_mean,"(0,20)",-0.025040105193331483,-1.0850059315852123,
us_strikes,AUD,market_model,"(-1,1)",-0.0005946485580013471,-0.1244101191326638,
us_strikes,AUD,market_model,"(0,1)",0.0010037396066952158,0.2571947070617926,
us_strikes,AUD,market_model,"(0,5)",-0.0056470610430157395,-0.8354160610326482,
us_strikes,AUD,market_model,"(0,10)",-0.006019516417321781,-0.657689977810689,
us_strikes,AUD,market_model,"(0,20)",-0.01988714953876221,-1.7478495293458802,*
us_strikes,BRL,const_mean,"(-1,1)",-0.008513376530600858,-0.6592532685426779,
us_strikes,BRL,const_mean,"(0,1)",-0.0010054837010613723,-0.09536106977816987,
us_strikes,BRL,const_mean,"(0,5)",-0.002786438943736615,-0.15257556373835646,
us_strikes,BRL,const_mean,"(0,10)",-0.039664920460565446,-1.6040626344992313,
us_strikes,BRL,const_mean,"(0,20)",-0.01843959609943426,-0.5998435875952907,
us_strikes,BRL,market_model,"(-1,1)",-0.008899023489968096,-0.9670726035751046,
us_strikes,BRL,market_model,"(0,1)",-0.00416966361670126,-0.5549621662781259,
us_strikes,BRL,market_model,"(0,5)",-0.007306893780646535,-0.5614803001120068,
us_strikes,BRL,market_model,"(0,10)",-0.022396481778212046,-1.2710446677911875,
us_strikes,BRL,market_model,"(0,20)",-0.01290454887343569,-0.5891090853099337,
us_strikes,CAD,const_mean,"(-1,1)",-0.0033022060826699354,-0.6245915052927506,
us_strikes,CAD,const_mean,"(0,1)",6.898213719630964e-05,0.015979904345671113,
us_strikes,CAD,const_mean,"(0,5)",-0.0029761867293504715,-0.3980494959762235,
us_strikes,CAD,const_mean,"(0,10)",-0.012310903005137956,-1.2160350551460692,
us_strikes,CAD,const_mean,"(0,20)",-0.018274814403572325,-1.4520482307985405,
us_strikes,CAD,market_model,"(-1,1)",-0.00344357681446554,-0.8371265466913994,
us_strikes,CAD,market_model,"(0,1)",-0.0010909451469210676,-0.3248103679639071,
us_strikes,CAD,market_model,"(0,5)",-0.004633298221663265,-0.7964464776027506,
us_strikes,CAD,market_model,"(0,10)",-0.005980626688432693,-0.75926314340306,
us_strikes,CAD,market_model,"(0,20)",-0.01624577292442635,-1.6590439248161242,*
us_strikes,CHF,const_mean,"(-1,1)",0.0006425232485184006,0.07399442950084363,
us_strikes,CHF,const_mean,"(0,1)",-0.001247224663573133,-0.17591403875034536,
us_strikes,CHF,const_mean,"(0,5)",-0.0043127902325937,-0.3511991993076242,
us_strikes,CHF,const_mean,"(0,10)",-0.019693959714778032,-1.1844248474694725,
us_strikes,CHF,const_mean,"(0,20)",-0.01870300709712303,-0.9048108192353864,
us_strikes,CHF,market_model,"(-1,1)",0.00035593677167027916,0.06490904867719816,
us_strikes,CHF,market_model,"(0,1)",-0.003598627033307095,-0.8037386527900543,
us_strikes,CHF,market_model,"(0,5)",-0.007672083477344532,-0.9893061496804609,
us_strikes,CHF,market_model,"(0,10)",-0.006861235684583343,-0.6534299092292536,
us_strikes,CHF,market_model,"(0,20)",-0.014589738095107259,-1.1176763192984767,
us_strikes,CLP,const_mean,"(-1,1)",0.0036858221113931153,0.24874189352066053,
us_strikes,CLP,const_mean,"(0,1)",0.0071595383351440774,0.5917594653503503,
us_strikes,CLP,const_mean,"(0,5)",0.00809426903347513,0.3862577464034545,
us_strikes,CLP,const_mean,"(0,10)",-0.028086691168581077,-0.9898728864482662,
us_strikes,CLP,const_mean,"(0,20)",0.007861277689004057,0.2228660259802703,
us_strikes,CLP,market_model,"(-1,1)",0.0032071628739584416,0.3323657772169526,
us_strikes,CLP,market_model,"(0,1)",0.0032322055538578824,0.4102417774094413,
us_strikes,CLP,market_model,"(0,5)",0.002483548107155797,0.18199223665460093,
us_strikes,CLP,market_model,"(0,10)",-0.00665336337845694,-0.36008150210267936,
us_strikes,CLP,market_model,"(0,20)",0.014731295512322221,0.6413164674958616,
us_strikes,CNY,const_mean,"(-1,1)",0.0013553173473140278,0.5311291884789139,
us_strikes,CNY,const_mean,"(0,1)",0.00048731420168951847,0.2338911932270954,
us_strikes,CNY,const_mean,"(0,5)",0.002175711173703355,0.6029001836558502,
us_strikes,CNY,const_mean,"(0,10)",-0.002363125980695099,-0.48362676932673093,
us_strikes,CNY,const_mean,"(0,20)",-0.0005945413636584786,-0.09787627070278257,
us_strikes,CNY,market_model,"(-1,1)",0.0013243416791946412,0.5414760713280221,
us_strikes,CNY,market_model,"(0,1)",0.0002331631328007445,0.11675748550972602,
us_strikes,CNY,market_model,"(0,5)",0.001812622329423226,0.5240485816334148,
us_strikes,CNY,market_model,"(0,10)",-0.0009761024023367791,-0.2084197585464715,
us_strikes,CNY,market_model,"(0,20)",-0.00014995913181882817,-0.025756586518704685,
us_strikes,COP,const_mean,"(-1,1)",0.003860496468892376,0.2752525096065606,
us_strikes,COP,const_mean,"(0,1)",0.004018021168365285,0.35086979065333496,
us_strikes,COP,const_mean,"(0,5)",0.03629907303655625,1.830074057336003,*
us_strikes,COP,const_mean,"(0,10)",0.024144620737676568,0.8990271358199086,
us_strikes,COP,const_mean,"(0,20)",0.05170346178326807,1.5486166223093594,
us_strikes,COP,market_model,"(-1,1)",0.0036363423387911894,0.2797378193526657,
us_strikes,COP,market_model,"(0,1)",0.002178867561040969,0.2052876792980145,
us_strikes,COP,market_model,"(0,5)",0.03367159576228494,1.8316189310838846,*
us_strikes,COP,market_model,"(0,10)",0.03418175899853504,1.3732357944427873,
us_strikes,COP,market_model,"(0,20)",0.054920662556867894,1.7748365226619034,*
us_strikes,CZK,const_mean,"(-1,1)",0.001884715580979546,0.23920184211326487,
us_strikes,CZK,const_mean,"(0,1)",0.0030502230457770973,0.4741283524781695,
us_strikes,CZK,const_mean,"(0,5)",0.001971878316631892,0.1769635461717112,
us_strikes,CZK,const_mean,"(0,10)",-0.004403417759808964,-0.2918588543885101,
us_strikes,CZK,const_mean,"(0,20)",0.002663217804845819,0.14199123980245068,
us_strikes,CZK,market_model,"(-1,1)",0.0015889867089151706,0.42755683971280967,
us_strikes,CZK,market_model,"(0,1)",0.000623808588895914,0.20557512988402804,
us_strikes,CZK,market_model,"(0,5)",-0.0014945797421345144,-0.28436601197077155,
us_strikes,CZK,market_model,"(0,10)",0.008838683000493433,1.2420109842873024,
us_strikes,CZK,market_model,"(0,20)",0.00690770420155788,0.7808066303680942,
us_strikes,DKK,const_mean,"(-1,1)",0.0005330237320810469,0.07882889397141996,
us_strikes,DKK,const_mean,"(0,1)",0.0019277530008216313,0.3491691813903406,
us_strikes,DKK,const_mean,"(0,5)",0.0011268616113982934,0.11784047207265207,
us_strikes,DKK,const_mean,"(0,10)",-0.008519365777492129,-0.657976582305267,
us_strikes,DKK,const_mean,"(0,20)",-0.004022327999683036,-0.24989210544006527,
us_strikes,DKK,market_model,"(-1,1)",0.0002822867454028396,0.08502711971913836,
us_strikes,DKK,market_model,"(0,1)",-0.0001295092647930322,-0.04777640290696389,
us_strikes,DKK,market_model,"(0,5)",-0.0018122130958973517,-0.38597684133911936,
us_strikes,DKK,market_model,"(0,10)",0.002708095439769886,0.42598590723613405,
us_strikes,DKK,market_model,"(0,20)",-0.0004235933828054769,-0.053598460396415665,
us_strikes,EUR,const_mean,"(-1,1)",0.0004023365981854917,0.06001885330323827,
us_strikes,EUR,const_mean,"(0,1)",0.001932964751259661,0.35315691805906413,
us_strikes,EUR,const_mean,"(0,5)",0.0012793003908381831,0.13494465547629234,
us_strikes,EUR,const_mean,"(0,10)",-0.008073381292882664,-0.6289525799301012,
us_strikes,EUR,const_mean,"(0,20)",-0.0038865464370982815,-0.24355563492442928,
us_strikes,EUR,market_model,"(-1,1)",0.0001540549052209642,0.046632656509390226,
us_strikes,EUR,market_model,"(0,1)",-0.00010415216932604596,-0.03861255811344888,
us_strikes,EUR,market_model,"(0,5)",-0.0016309939927068294,-0.3491017203362609,
us_strikes,EUR,market_model,"(0,10)",0.0030441371699715266,0.48121940097398386,
us_strikes,EUR,market_model,"(0,20)",-0.00032305173675269724,-0.041079284648375125,
us_strikes,GBP,const_mean,"(-1,1)",7.625120677070933e-05,0.010261078867410456,
us_strikes,GBP,const_mean,"(0,1)",0.0005221571091863064,0.0860583726048709,
us_strikes,GBP,const_mean,"(0,5)",-0.00029430098723648174,-0.02800419063740924,
us_strikes,GBP,const_mean,"(0,10)",-0.01043768599981948,-0.733524825591373,
us_strikes,GBP,const_mean,"(0,20)",-0.007097534933188464,-0.40122686989513906,
us_strikes,GBP,market_model,"(-1,1)",-0.0001934918629941892,-0.04985650607227184,
us_strikes,GBP,market_model,"(0,1)",-0.001691047437100204,-0.533654964510443,
us_strikes,GBP,market_model,"(0,5)",-0.0034561601302266613,-0.6297062328352296,
us_strikes,GBP,market_model,"(0,10)",0.0016408266062898564,0.2207934106747813,
us_strikes,GBP,market_model,"(0,20)",-0.0032260130820002905,-0.3491896998673775,
us_strikes,HKD,const_mean,"(-1,1)",-0.00011287545657302135,-0.13645850390574968,
us_strikes,HKD,const_mean,"(0,1)",-5.397013022943227e-05,-0.07990982526389774,
us_strikes,HKD,const_mean,"(0,5)",-3.425647726675293e-05,-0.02928389144690775,
us_strikes,HKD,const_mean,"(0,10)",0.00028386892132701885,0.17921865666450032,
us_strikes,HKD,const_mean,"(0,20)",0.0010664060236604167,0.5415765379599398,
us_strikes,HKD,market_model,"(-1,1)",-0.00011204488359064478,-0.13549210361834824,
us_strikes,HKD,market_model,"(0,1)",-4.715539388710188e-05,-0.0698391527686011,
us_strikes,HKD,market_model,"(0,5)",-2.4520713598989567e-05,-0.02096718189607735,
us_strikes,HKD,market_model,"(0,10)",0.00024667765540618093,0.15578156143818622,
us_strikes,HKD,market_model,"(0,20)",0.0010544851188783954,0.5356715457651372,
us_strikes,HUF,const_mean,"(-1,1)",0.007015431885840335,0.4770972175415841,
us_strikes,HUF,const_mean,"(0,1)",0.008743038603736923,0.7282164696395167,
us_strikes,HUF,const_mean,"(0,5)",0.006291153340440671,0.30252951027972314,
us_strikes,HUF,const_mean,"(0,10)",-0.00735558027320467,-0.26123640318865404,
us_strikes,HUF,const_mean,"(0,20)",0.011824531941352398,0.337810074080084,
us_strikes,HUF,market_model,"(-1,1)",0.006490532130722596,0.8103613997126563,
us_strikes,HUF,market_model,"(0,1)",0.004436308776039128,0.6783687565921694,
us_strikes,HUF,market_model,"(0,5)",0.00013841291482436825,0.012219686340006123,
us_strikes,HUF,market_model,"(0,10)",0.016148298119886613,1.0529057198930323,
us_strikes,HUF,market_model,"(0,20)",0.019358222698979008,1.0153133348126737,
us_strikes,IDR,const_mean,"(-1,1)",-0.0066365901393367,-1.7694577293718212,*
us_strikes,IDR,const_mean,"(0,1)",-0.004135327742207033,-1.3503637135451667,
us_strikes,IDR,const_mean,"(0,5)",-0.007870849735535701,-1.4838903761619586,
us_strikes,IDR,const_mean,"(0,10)",-0.023152572618470237,-3.223730547994897,***
us_strikes,IDR,const_mean,"(0,20)",0.005610959610938165,0.6284467780541417,
us_strikes,IDR,market_model,"(-1,1)",-0.006677516190457759,-1.8419205612182445,*
us_strikes,IDR,market_model,"(0,1)",-0.004471120326170828,-1.5104902748068694,
us_strikes,IDR,market_model,"(0,5)",-0.008350574419607796,-1.6287607651416993,
us_strikes,IDR,market_model,"(0,10)",-0.02131999236046833,-3.0711941773235862,***
us_strikes,IDR,market_model,"(0,20)",0.006198355985332961,0.718238412252108,
us_strikes,ILS,const_mean,"(-1,1)",0.01709453092026792,1.7646203635530349,*
us_strikes,ILS,const_mean,"(0,1)",0.01635274279369818,2.067427715320603,**
us_strikes,ILS,const_mean,"(0,5)",0.021375762008464742,1.560273405867113,
us_strikes,ILS,const_mean,"(0,10)",-0.026415278608690362,-1.4240117701527752,
us_strikes,ILS,const_mean,"(0,20)",-0.02237103477059302,-0.9700996279380161,
us_strikes,ILS,market_model,"(-1,1)",0.016840307500760016,2.2079328736941624,**
us_strikes,ILS,market_model,"(0,1)",0.014266874829350535,2.2909221370986668,**
us_strikes,ILS,market_model,"(0,5)",0.0183958202289266,1.7054539895400358,*
us_strikes,ILS,market_model,"(0,10)",-0.01503170245242164,-1.029220205355699,
us_strikes,ILS,market_model,"(0,20)",-0.018722260681358932,-1.0311700792100498,
us_strikes,INR,const_mean,"(-1,1)",0.006671367233445611,1.1398181410826518,
us_strikes,INR,const_mean,"(0,1)",0.000921658202411307,0.19285736968625528,
us_strikes,INR,const_mean,"(0,5)",0.01000227052302252,1.2083821902259577,
us_strikes,INR,const_mean,"(0,10)",0.004651148304131536,0.41499722191295074,
us_strikes,INR,const_mean,"(0,20)",0.01932085670357206,1.3867023879441578,
us_strikes,INR,market_model,"(-1,1)",0.006587711991475281,1.1949017550731276,
us_strikes,INR,market_model,"(0,1)",0.00023527852262638597,0.052266751562141264,
us_strikes,INR,market_model,"(0,5)",0.009021685213032976,1.1570983298592148,
us_strikes,INR,market_model,"(0,10)",0.008397049526307241,0.7954055088639609,
us_strikes,INR,market_model,"(0,20)",0.020521529245546344,1.5636641620613496,
us_strikes,JPY,const_mean,"(-1,1)",-0.0019668881681692008,-0.2117909948986366,
us_strikes,JPY,const_mean,"(0,1)",-0.000567256561824234,-0.07480885033160835,
us_strikes,JPY,const_mean,"(0,5)",-0.002766033059651502,-0.21060573404606087,
us_strikes,JPY,const_mean,"(0,10)",-0.005944460732756937,-0.3342755176458776,
us_strikes,JPY,const_mean,"(0,20)",-0.006823813025505339,-0.3086676445466266,
us_strikes,JPY,market_model,"(-1,1)",-0.0022099701038742,-0.3017633493354729,
us_strikes,JPY,market_model,"(0,1)",-0.002561710193909499,-0.42840617173122375,
us_strikes,JPY,market_model,"(0,5)",-0.0056153772210213925,-0.5421806711729363,
us_strikes,JPY,market_model,"(0,10)",0.004940223820174516,0.35228244583155066,
us_strikes,JPY,market_model,"(0,20)",-0.0033349485051628377,-0.19129578098564293,
us_strikes,KRW,const_mean,"(-1,1)",-0.002204183922310871,-0.19501389997020305,
us_strikes,KRW,const_mean,"(0,1)",0.00865986715917302,0.9383710417724402,
us_strikes,KRW,const_mean,"(0,5)",0.00413637229392936,0.25877502547197395,
us_strikes,KRW,const_mean,"(0,10)",-0.004833876783878487,-0.2233457013147707,
us_strikes,KRW,const_mean,"(0,20)",0.007450031000874974,0.27689300462288396,
us_strikes,KRW,market_model,"(-1,1)",-0.002552693613544082,-0.3276085225457325,
us_strikes,KRW,market_model,"(0,1)",0.005800393387578007,0.9117160024835346,
us_strikes,KRW,market_model,"(0,5)",5.1230997781002985e-05,0.0046491581074222426,
us_strikes,KRW,market_model,"(0,10)",0.010771635167106915,0.7219421851537312,
us_strikes,KRW,market_model,"(0,20)",0.012452060844074294,0.6713266687683965,
us_strikes,KWD,const_mean,"(-1,1)",0.0002444854216469535,0.17509659489291923,
us_strikes,KWD,const_mean,"(0,1)",0.0002716564053964023,0.23828149261320689,
us_strikes,KWD,const_mean,"(0,5)",0.00016297247039860695,0.08253230673640555,
us_strikes,KWD,const_mean,"(0,10)",-0.0017645597742869373,-0.659971819916985,
us_strikes,KWD,const_mean,"(0,20)",-0.0009507051041448304,-0.28602679835536615,
us_strikes,KWD,market_model,"(-1,1)",0.00023862128834137864,0.17173477439272572,
us_strikes,KWD,market_model,"(0,1)",0.00022354200340920732,0.19703974013127926,
us_strikes,KWD,market_model,"(0,5)",9.423460245595568e-05,0.04795616686178263,
us_strikes,KWD,market_model,"(0,10)",-0.0015019765386285581,-0.5645163065187674,
us_strikes,KWD,market_model,"(0,20)",-0.0008665393821094111,-0.2619832524695952,
us_strikes,MXN,const_mean,"(-1,1)",-0.001991309279444103,-0.20150981658987127,
us_strikes,MXN,const_mean,"(0,1)",5.1564444907998067e-05,0.006390774102709915,
us_strikes,MXN,const_mean,"(0,5)",-0.0060881136608566064,-0.43563748704194283,
us_strikes,MXN,const_mean,"(0,10)",-0.01461227839701791,-0.7722176306766804,
us_strikes,MXN,const_mean,"(0,20)",-0.0025932206830840162,-0.11023845899037814,
us_strikes,MXN,market_model,"(-1,1)",-0.0023365397565854023,-0.41387983118718163,
us_strikes,MXN,market_model,"(0,1)",-0.0027810038290118,-0.6033208088428461,
us_strikes,MXN,market_model,"(0,5)",-0.010134816849707639,-1.2694102338409239,
us_strikes,MXN,market_model,"(0,10)",0.0008463974228972791,0.07829602345339266,
us_strikes,MXN,market_model,"(0,20)",0.0023617438211517416,0.1757397655781272,
us_strikes,MYR,const_mean,"(-1,1)",-0.0020437313344257918,-0.33964595086796867,
us_strikes,MYR,const_mean,"(0,1)",-0.00018567596486059436,-0.0377923551166355,
us_strikes,MYR,const_mean,"(0,5)",-0.002069696566211784,-0.24321721947419783,
us_strikes,MYR,const_mean,"(0,10)",-0.031421447999648466,-2.727050105275389,***
us_strikes,MYR,const_mean,"(0,20)",-0.03289637631942945,-2.2966079597210163,**
us_strikes,MYR,market_model,"(-1,1)",-0.002131556136512917,-0.3771041245823541,
us_strikes,MYR,market_model,"(0,1)",-0.0009062663082023102,-0.19636585465630865,
us_strikes,MYR,market_model,"(0,5)",-0.0030991563914540225,-0.3876975016889714,
us_strikes,MYR,market_model,"(0,10)",-0.027488842872617963,-2.53971656423077,**
us_strikes,MYR,market_model,"(0,20)",-0.031635859633484836,-2.3511498759249974,**
us_strikes,NOK,const_mean,"(-1,1)",-0.005867676930392177,-0.589524900349674,
us_strikes,NOK,const_mean,"(0,1)",-0.0012901526342261843,-0.15875327108230966,
us_strikes,NOK,const_mean,"(0,5)",-0.005887414579328953,-0.41825927544115665,
us_strikes,NOK,const_mean,"(0,10)",-0.03128637418838202,-1.6415551562801236,
us_strikes,NOK,const_mean,"(0,20)",-0.04167314384955697,-1.758848332859113,*
us_strikes,NOK,market_model,"(-1,1)",-0.006153342197975739,-0.8371589537369414,
us_strikes,NOK,market_model,"(0,1)",-0.0036339966094694996,-0.6055179281191784,
us_strikes,NOK,market_model,"(0,5)",-0.009235909645137546,-0.8885083972391665,
us_strikes,NOK,market_model,"(0,10)",-0.018494899921247143,-1.3140537481006145,
us_strikes,NOK,market_model,"(0,20)",-0.037573096621136205,-2.147385493325737,**
us_strikes,NZD,const_mean,"(-1,1)",-0.008099409917413699,-0.7822259069830219,
us_strikes,NZD,const_mean,"(0,1)",-0.0032413200601195662,-0.3833949274015609,
us_strikes,NZD,const_mean,"(0,5)",0.011040217826718598,0.753948116150707,
us_strikes,NZD,const_mean,"(0,10)",-0.012366007300196366,-0.6236954838027549,
us_strikes,NZD,const_mean,"(0,20)",-0.012665223622317265,-0.5138399242007214,
us_strikes,NZD,market_model,"(-1,1)",-0.008486334360025962,-1.7116553563806933,*
us_strikes,NZD,market_model,"(0,1)",-0.0064159815489400335,-1.5849111490561494,
us_strikes,NZD,market_model,"(0,5)",0.006504788658561468,0.9277145705320207,
us_strikes,NZD,market_model,"(0,10)",0.004959634325285764,0.5224083698489339,
us_strikes,NZD,market_model,"(0,20)",-0.007111841154927866,-0.6025795645608899,
us_strikes,PEN,const_mean,"(-1,1)",0.0016109124071355722,0.20308352885493428,
us_strikes,PEN,const_mean,"(0,1)",0.004978886340443815,0.7687420128558065,
us_strikes,PEN,const_mean,"(0,5)",0.006942959021912744,0.6189169533119959,
us_strikes,PEN,const_mean,"(0,10)",-0.013258084463449185,-0.8728665304835423,
us_strikes,PEN,const_mean,"(0,20)",0.005813388486639362,0.30787064933632646,
us_strikes,PEN,market_model,"(-1,1)",0.0014231822270244507,0.2158586654544821,
us_strikes,PEN,market_model,"(0,1)",0.003438586200539397,0.6387553073276074,
us_strikes,PEN,market_model,"(0,5)",0.004742433955904968,0.5086221505817126,
us_strikes,PEN,market_model,"(0,10)",-0.0048519320866868805,-0.3843155652494717,
us_strikes,PEN,market_model,"(0,20)",0.008507809867181824,0.5420794186209127,
us_strikes,PLN,const_mean,"(-1,1)",0.0018255081942755483,0.19898721094682115,
us_strikes,PLN,const_mean,"(0,1)",0.002788393371532832,0.3722554368001113,
us_strikes,PLN,const_mean,"(0,5)",0.0018530119812400314,0.14282512331877825,
us_strikes,PLN,const_mean,"(0,10)",-0.008800689165650345,-0.5009822572583794,
us_strikes,PLN,const_mean,"(0,20)",-0.004318506707932446,-0.19774756450017256,
us_strikes,PLN,market_model,"(-1,1)",0.0014725496407922785,0.37521029513302084,
us_strikes,PLN,market_model,"(0,1)",-0.00010758269895799755,-0.03357320999759549,
us_strikes,PLN,market_model,"(0,5)",-0.0022842777381968755,-0.4115652623207006,
us_strikes,PLN,market_model,"(0,10)",0.007004033237032748,0.9320029460737753,
us_strikes,PLN,market_model,"(0,20)",0.000747375998767849,0.07999818163176507,
us_strikes,SAR,const_mean,"(-1,1)",5.929328147299827e-05,0.2043864795045342,
us_strikes,SAR,const_mean,"(0,1)",3.998880332699788e-06,0.016882265052405157,
us_strikes,SAR,const_mean,"(0,5)",-4.1298319975849226e-05,-0.10066165441408616,
us_strikes,SAR,const_mean,"(0,10)",-0.0005374616361110118,-0.9675166144185002,
us_strikes,SAR,const_mean,"(0,20)",7.342647296798856e-06,0.01063250292894194,
us_strikes,SAR,market_model,"(-1,1)",5.850666215720568e-05,0.20208541477601283,
us_strikes,SAR,market_model,"(0,1)",-2.4552222599129645e-06,-0.010386425024798666,
us_strikes,SAR,market_model,"(0,5)",-5.0518870026900614e-05,-0.12338667984992191,
us_strikes,SAR,market_model,"(0,10)",-0.0005022385205355458,-0.905949421170899,
us_strikes,SAR,market_model,"(0,20)",1.8632701466909787e-05,0.027035950365047415,
us_strikes,SEK,const_mean,"(-1,1)",0.002676545486739811,0.24460412267808399,
us_strikes,SEK,const_mean,"(0,1)",0.00526817494236444,0.5896508948923872,
us_strikes,SEK,const_mean,"(0,5)",0.004247504976774022,0.2744783173737874,
us_strikes,SEK,const_mean,"(0,10)",-0.010399079621410427,-0.49630463643246686,
us_strikes,SEK,const_mean,"(0,20)",-0.008288589608873506,-0.3182042294714164,
us_strikes,SEK,market_model,"(-1,1)",0.0022545202329520312,0.48698361721675076,
us_strikes,SEK,market_model,"(0,1)",0.001805516156932393,0.4776471851000285,
us_strikes,SEK,market_model,"(0,5)",-0.000699366905512571,-0.10681943918899543,
us_strikes,SEK,market_model,"(0,10)",0.008498300587152528,0.9586422970351635,
us_strikes,SEK,market_model,"(0,20)",-0.0022314182672087176,-0.20247777731600033,
us_strikes,SGD,const_mean,"(-1,1)",-0.0004563553642297669,-0.09835160912824699,
us_strikes,SGD,const_mean,"(0,1)",0.001285640867724889,0.3393466832320857,
us_strikes,SGD,const_mean,"(0,5)",-0.0005616844709890336,-0.0855964452504228,
us_strikes,SGD,const_mean,"(0,10)",-0.00932356937182001,-1.0493607146242847,
us_strikes,SGD,const_mean,"(0,20)",-0.005804151949037346,-0.5254764413729663,
us_strikes,SGD,market_model,"(-1,1)",-0.0006377553370640098,-0.34750730408687613,
us_strikes,SGD,market_model,"(0,1)",-0.00020272079777744392,-0.1352862851958005,
us_strikes,SGD,market_model,"(0,5)",-0.0026880084693924914,-1.0356797157528297,
us_strikes,SGD,market_model,"(0,10)",-0.001200870017445661,-0.34171978315764096,
us_strikes,SGD,market_model,"(0,20)",-0.00320058567671452,-0.7326144148851026,
us_strikes,THB,const_mean,"(-1,1)",-0.0019847320465110445,-0.20873730990499065,
us_strikes,THB,const_mean,"(0,1)",-0.0002510499799010298,-0.032337319723001995,
us_strikes,THB,const_mean,"(0,5)",-0.00014108459784648985,-0.010492109317390756,
us_strikes,THB,const_mean,"(0,10)",-0.005880702661448065,-0.3229919557445277,
us_strikes,THB,const_mean,"(0,20)",0.004998479441523344,0.22083722284895943,
us_strikes,THB,market_model,"(-1,1)",-0.002295394736826516,-0.3766513262214032,
us_strikes,THB,market_model,"(0,1)",-0.002799994348210701,-0.5627103505797432,
us_strikes,THB,market_model,"(0,5)",-0.003782593047409349,-0.4388910671040622,
us_strikes,THB,market_model,"(0,10)",0.008030102255592883,0.6881252274630699,
us_strikes,THB,market_model,"(0,20)",0.009457305371522328,0.6519070812623273,
us_strikes,TRY,const_mean,"(-1,1)",-0.005084324393525708,-3.6345962198797306,***
us_strikes,TRY,const_mean,"(0,1)",-0.002680564006937872,-2.346900783845623,**
us_strikes,TRY,const_mean,"(0,5)",-0.0007744611778136156,-0.39147819131329753,
us_strikes,TRY,const_mean,"(0,10)",-0.002531927522679895,-0.9452321246103889,
us_strikes,TRY,const_mean,"(0,20)",-0.003365333818423557,-1.01061847928094,
us_strikes,TRY,market_model,"(-1,1)",-0.0050926710446750085,-3.6768669398821907,***
us_strikes,TRY,market_model,"(0,1)",-0.0027490471241723605,-2.4308608740976765,**
us_strikes,TRY,market_model,"(0,5)",-0.0008722984837832118,-0.44533046804558774,
us_strikes,TRY,market_model,"(0,10)",-0.002158182494815059,-0.8137382671936193,
us_strikes,TRY,market_model,"(0,20)",-0.0032455374420535237,-0.9843625435101142,
us_strikes,TWD,const_mean,"(-1,1)",0.003621349612181216,0.6860036645736974,
us_strikes,TWD,const_mean,"(0,1)",0.0009019016011396771,0.20924773643420358,
us_strikes,TWD,const_mean,"(0,5)",0.005037515141363432,0.6747724581279009,
us_strikes,TWD,const_mean,"(0,10)",-0.003157625161559493,-0.31237828774527027,
us_strikes,TWD,const_mean,"(0,20)",-0.0016327200331032635,-0.1299283338745143,
us_strikes,TWD,market_model,"(-1,1)",0.0034531781999001467,0.9863293895625728,
us_strikes,TWD,market_model,"(0,1)",-0.00047792155628298774,-0.1671880500100398,
us_strikes,TWD,market_model,"(0,5)",0.003066252939988193,0.6192927035440158,
us_strikes,TWD,market_model,"(0,10)",0.004372727796143913,0.6522584459712124,
us_strikes,TWD,market_model,"(0,20)",0.0007809816347794296,0.09370871259342034,
us_strikes,ZAR,const_mean,"(-1,1)",0.0029968253001265944,0.205875086090066,
us_strikes,ZAR,const_mean,"(0,1)",0.00496288532667783,0.4175632193239079,
us_strikes,ZAR,const_mean,"(0,5)",0.00693731361514759,0.336991306659916,
us_strikes,ZAR,const_mean,"(0,10)",-0.007750731576834286,-0.27806693427058116,
us_strikes,ZAR,const_mean,"(0,20)",0.009781502925750814,0.28228260924317866,
us_strikes,ZAR,market_model,"(-1,1)",0.002448337189282655,0.3615814290878926,
us_strikes,ZAR,market_model,"(0,1)",0.0004626163056352154,0.08367610440521157,
us_strikes,ZAR,market_model,"(0,5)",0.000508076528149029,0.05305777353911996,
us_strikes,ZAR,market_model,"(0,10)",0.016809382486165578,1.2964355506365113,
us_strikes,ZAR,market_model,"(0,20)",0.01765374857083825,1.0952367078653933,
us_strikes,r_DTWEXBGS,const_mean,"(-1,1)",-0.0008743581170381151,-0.1796655563939607,
us_strikes,r_DTWEXBGS,const_mean,"(0,1)",-0.0004513296076000767,-0.113583418286419,
us_strikes,r_DTWEXBGS,const_mean,"(0,5)",0.0005759055041326699,0.08367808101232796,
us_strikes,r_DTWEXBGS,const_mean,"(0,10)",0.009168485107767577,0.9838691638147437,
us_strikes,r_DTWEXBGS,const_mean,"(0,20)",0.006365884681524947,0.5495034384313814,
us_strikes,r_DTWEXAFEGS,const_mean,"(-1,1)",-0.0007024032439630974,-0.12334440242734643,
us_strikes,r_DTWEXAFEGS,const_mean,"(0,1)",-0.00043511579179939826,-0.09358007991479456,
us_strikes,r_DTWEXAFEGS,const_mean,"(0,5)",0.001150399154894905,0.14284547673156356,
us_strikes,r_DTWEXAFEGS,const_mean,"(0,10)",0.009785083605464068,0.8973497829724313,
us_strikes,r_DTWEXAFEGS,const_mean,"(0,20)",0.010058081800766321,0.7419664478067282,
us_strikes,r_DTWEXEMEGS,const_mean,"(-1,1)",-0.0010404294692362855,-0.2141495030221958,
us_strikes,r_DTWEXEMEGS,const_mean,"(0,1)",-0.00046751119399099025,-0.11785338738243517,
us_strikes,r_DTWEXEMEGS,const_mean,"(0,5)",1.8330756790928965e-05,0.0026679016992277073,
us_strikes,r_DTWEXEMEGS,const_mean,"(0,10)",0.008569833131494554,0.9211727378845735,
us_strikes,r_DTWEXEMEGS,const_mean,"(0,20)",0.0027844241423274816,0.24075537040460954,
us_strikes,r_SP500,const_mean,"(-1,1)",0.0069644187165698555,0.49487272997812115,
us_strikes,r_SP500,const_mean,"(0,1)",0.004192813478525837,0.36488820158005225,
us_strikes,r_SP500,const_mean,"(0,5)",0.011092927147684511,0.5573651515375444,
us_strikes,r_SP500,const_mean,"(0,10)",-0.019538232840011296,-0.7250337349728334,
us_strikes,r_SP500,const_mean,"(0,20)",-0.00536728485047889,-0.16021362979903292,
us_strikes,r_DCOILBRENTEU,const_mean,"(-1,1)",-0.0421232115779566,-0.5941679197690806,
us_strikes,r_DCOILBRENTEU,const_mean,"(0,1)",-0.047923994753055234,-0.8279161716777186,
us_strikes,r_DCOILBRENTEU,const_mean,"(0,5)",-0.108958615747662,-1.0867616477669702,
us_strikes,r_DCOILBRENTEU,const_mean,"(0,10)",-0.1382614461568409,-1.018481404803091,
us_strikes,r_DCOILBRENTEU,const_mean,"(0,20)",-0.15075499130444142,-0.8932964147020881,
us_strikes,r_DCOILWTICO,const_mean,"(-1,1)",-0.03894946824077704,-0.5734893590054276,
us_strikes,r_DCOILWTICO,const_mean,"(0,1)",-0.03612332055649536,-0.6514140565991606,
us_strikes,r_DCOILWTICO,const_mean,"(0,5)",-0.07066484292603847,-0.7357194395478589,
us_strikes,r_DCOILWTICO,const_mean,"(0,10)",-0.10232956067631316,-0.786845065537775,
us_strikes,r_DCOILWTICO,const_mean,"(0,20)",-0.11529566350390602,-0.7131370018223213,
us_strikes,r_DHHNGSP,const_mean,"(-1,1)",-0.0026537760466997656,-0.00852195810297401,
us_strikes,r_DHHNGSP,const_mean,"(0,1)",0.06659643679915123,0.2619218608746757,
us_strikes,r_DHHNGSP,const_mean,"(0,5)",0.07042777008363839,0.1599204727266009,
us_strikes,r_DHHNGSP,const_mean,"(0,10)",0.09709717394623593,0.1628343404786645,
us_strikes,r_DHHNGSP,const_mean,"(0,20)",0.10726408632859749,0.1446990332044308,
us_strikes,r_Gold,const_mean,"(-1,1)",-0.011559318752509595,-0.3363248038020205,
us_strikes,r_Gold,const_mean,"(0,1)",-0.0028696842985369963,-0.10226014608493024,
us_strikes,r_Gold,const_mean,"(0,5)",-0.01621438759354419,-0.333589375454,
us_strikes,r_Gold,const_mean,"(0,10)",-0.054350656575482485,-0.8258396636574714,
us_strikes,r_Gold,const_mean,"(0,20)",-0.05993622018255086,-0.732575138024115,
us_strikes,r_EuroStoxx50_EUR,const_mean,"(-1,1)",0.015534795534285401,0.8171674552214776,
us_strikes,r_EuroStoxx50_EUR,const_mean,"(0,1)",0.006241546003513201,0.4021085668664371,
us_strikes,r_EuroStoxx50_EUR,const_mean,"(0,5)",-0.0008991589826935964,-0.03344467729751291,
us_strikes,r_EuroStoxx50_EUR,const_mean,"(0,10)",0.0007285251004909561,0.02001309812195053,
us_strikes,r_EuroStoxx50_EUR,const_mean,"(0,20)",0.03093526344726856,0.6835896930536638,
us_strikes,d_DGS10,const_mean,"(-1,1)",-0.07800000000000021,-1.1619527822756457,
us_strikes,d_DGS10,const_mean,"(0,1)",-0.06533333333333294,-1.1919946980114928,
us_strikes,d_DGS10,const_mean,"(0,5)",-0.1059999999999998,-1.1165668888097722,
us_strikes,d_DGS10,const_mean,"(0,10)",-0.029333333333333312,-0.22820207008894314,
us_strikes,d_DGS10,const_mean,"(0,20)",-0.12533333333333252,-0.7843260406284183,
us_strikes,d_DGS5,const_mean,"(-1,1)",-0.06999999999999959,-0.9239770173280846,
us_strikes,d_DGS5,const_mean,"(0,1)",-0.08666666666666575,-1.4010732830791834,
us_strikes,d_DGS5,const_mean,"(0,5)",-0.10999999999999957,-1.0266935086779014,
us_strikes,d_DGS5,const_mean,"(0,10)",-0.016666666666665823,-0.11488839523814497,
us_strikes,d_DGS5,const_mean,"(0,20)",-0.11666666666666592,-0.6469133077320597,
us_strikes,d_DFII5,const_mean,"(-1,1)",-0.022500000000000006,-0.3738021574065993,
us_strikes,d_DFII5,const_mean,"(0,1)",-0.07166666666666668,-1.4582168765592807,
us_strikes,d_DFII5,const_mean,"(0,5)",-0.09500000000000001,-1.1160095035917743,
us_strikes,d_DFII5,const_mean,"(0,10)",0.08083333333333341,0.7013165027994215,
us_strikes,d_DFII5,const_mean,"(0,20)",0.07583333333333343,0.5292435798985332,
us_strikes,d_T5YIE,const_mean,"(-1,1)",-0.04749999999999998,-1.0002678046471367,
us_strikes,d_T5YIE,const_mean,"(0,1)",-0.015000000000000183,-0.38686511487149056,
us_strikes,d_T5YIE,const_mean,"(0,5)",-0.014999999999999951,-0.22335667821112715,
us_strikes,d_T5YIE,const_mean,"(0,10)",-0.09749999999999971,-1.0722389551067486,
us_strikes,d_T5YIE,const_mean,"(0,20)",-0.18249999999999988,-1.6144392828087124,
us_strikes,d_VIXCLS,const_mean,"(-1,1)",0.406,0.14508221208009994,
us_strikes,d_VIXCLS,const_mean,"(0,1)",0.41400000000000226,0.18118995025259502,
us_strikes,d_VIXCLS,const_mean,"(0,5)",-0.33799999999999863,-0.08540628621942731,
us_strikes,d_VIXCLS,const_mean,"(0,10)",2.792000000000002,0.5210361232622757,
us_strikes,d_VIXCLS,const_mean,"(0,20)",0.38399999999999984,0.0576441880308154,
us_strikes,d_GPRD,const_mean,"(-1,1)",-38.05946273803711,-0.3113090929581302,
us_strikes,d_GPRD,const_mean,"(0,1)",36.67195180257161,0.36737433034573375,
us_strikes,d_GPRD,const_mean,"(0,5)",3.9359451293945256,0.022764765985906224,
us_strikes,d_GPRD,const_mean,"(0,10)",152.6353635152181,0.6520015120034894,
us_strikes,d_GPRD,const_mean,"(0,20)",-10.955836741129517,-0.03764530944469575,
us_strikes,d_GPRD_ACT,const_mean,"(-1,1)",-41.13776416778561,-0.24373935356983945,
us_strikes,d_GPRD_ACT,const_mean,"(0,1)",94.48869819641112,0.6856626075619783,
us_strikes,d_GPRD_ACT,const_mean,"(0,5)",69.83805809020998,0.2925917846645454,
us_strikes,d_GPRD_ACT,const_mean,"(0,10)",161.00017986297604,0.4981677588764895,
us_strikes,d_GPRD_ACT,const_mean,"(0,20)",-47.04837398529062,-0.11710238924800849,
us_strikes,d_GPRD_THREAT,const_mean,"(-1,1)",-51.636450195312506,-0.2953074208674408,
us_strikes,d_GPRD_THREAT,const_mean,"(0,1)",35.96156921386715,0.2518849653511741,
us_strikes,d_GPRD_THREAT,const_mean,"(0,5)",-13.46577148437504,-0.054454556382592396,
us_strikes,d_GPRD_THREAT,const_mean,"(0,10)",226.35824890136718,0.6760496502085817,
us_strikes,d_GPRD_THREAT,const_mean,"(0,20)",64.21932067871093,0.1542836326672311,
us_strikes,USD_EW,const_mean,"(-1,1)",-0.00024242041117173221,-0.04256538165343008,
us_strikes,USD_EW,const_mean,"(0,1)",-0.0019890259148661214,-0.4277336515590815,
us_strikes,USD_EW,const_mean,"(0,5)",-0.0028415899403044643,-0.35280420848329214,
us_strikes,USD_EW,const_mean,"(0,10)",0.010855062911784981,0.995368695128091,
us_strikes,USD_EW,const_mean,"(0,20)",0.0034793699050114173,0.2566398646823826,
us_strikes,SAFE,const_mean,"(-1,1)",0.0025036637858729164,0.38349128943027916,
us_strikes,SAFE,const_mean,"(0,1)",0.0029594867188610444,0.5551898544594642,
us_strikes,SAFE,const_mean,"(0,5)",0.003019811269544934,0.32707270296788743,
us_strikes,SAFE,const_mean,"(0,10)",-0.011111007145668306,-0.888786006062484,
us_strikes,SAFE,const_mean,"(0,20)",-0.007813922934976372,-0.5027878643337841,
us_strikes,SAFE,market_model,"(-1,1)",0.002239359679092402,1.1104927781417517,
us_strikes,SAFE,market_model,"(0,1)",0.0007909081109336343,0.4803563577724177,
us_strikes,SAFE,market_model,"(0,5)",-7.829374305906621e-05,-0.027453893381955297,
us_strikes,SAFE,market_model,"(0,10)",0.0007239604343230188,0.187486931390428,
us_strikes,SAFE,market_model,"(0,20)",-0.004020464494500474,-0.8375375401613214,
us_strikes,RISKY,const_mean,"(-1,1)",-0.00046455846615231586,-0.06552329083580102,
us_strikes,RISKY,const_mean,"(0,1)",0.0012057705623826557,0.20828866120081926,
us_strikes,RISKY,const_mean,"(0,5)",0.0009454857427386686,0.09429644254047219,
us_strikes,RISKY,const_mean,"(0,10)",-0.012402193963786291,-0.9135201392437353,
us_strikes,RISKY,const_mean,"(0,20)",0.0022276492340923782,0.13198916963631313,
us_strikes,RISKY,market_model,"(-1,1)",-0.0007508274411765865,-0.33455098113451553,
us_strikes,RISKY,market_model,"(0,1)",-0.001143026748839102,-0.6237695844656094,
us_strikes,RISKY,market_model,"(0,5)",-0.002410085826991814,-0.7593459518276219,
us_strikes,RISKY,market_model,"(0,10)",0.00041631301984932463,0.09687382527795599,
us_strikes,RISKY,market_model,"(0,20)",0.0063363612506408375,1.1860370806505047,
us_strikes,CARRY_HML,const_mean,"(-1,1)",-0.002968222252025118,-0.7949839982734894,
us_strikes,CARRY_HML,const_mean,"(0,1)",-0.001753716156478379,-0.5752636110469782,
us_strikes,CARRY_HML,const_mean,"(0,5)",-0.002074325526806337,-0.3928474012484177,
us_strikes,CARRY_HML,const_mean,"(0,10)",-0.001291186818117933,-0.1805989990546322,
us_strikes,CARRY_HML,const_mean,"(0,20)",0.010041572169068633,1.1297955273549982,
us_strikes,CARRY_HML,market_model,"(-1,1)",-0.002990187120268875,-0.8086271293759538,
us_strikes,CARRY_HML,market_model,"(0,1)",-0.0019339348597727268,-0.640526957797043,
us_strikes,CARRY_HML,market_model,"(0,5)",-0.00233179208393282,-0.44588695537858625,
us_strikes,CARRY_HML,market_model,"(0,10)",-0.0003076474144736467,-0.04344777048528862,
us_strikes,CARRY_HML,market_model,"(0,20)",0.010356825745141188,1.1765564721558555,
us_strikes,HAVEN_SAFE,const_mean,"(-1,1)",-0.0003073427738217922,-0.04171382302995815,
us_strikes,HAVEN_SAFE,const_mean,"(0,1)",3.949450862073857e-05,0.006565069562089655,
us_strikes,HAVEN_SAFE,const_mean,"(0,5)",-0.0019331743004690847,-0.18552951230699355,
us_strikes,HAVEN_SAFE,const_mean,"(0,10)",-0.01123726724680594,-0.7964930342607943,
us_strikes,HAVEN_SAFE,const_mean,"(0,20)",-0.009804455519908923,-0.5590062132866495,
us_strikes,HAVEN_SAFE,market_model,"(-1,1)",-0.0005666594756610086,-0.13674944112324688,
us_strikes,HAVEN_SAFE,market_model,"(0,1)",-0.0020881631321809043,-0.6171822934728114,
us_strikes,HAVEN_SAFE,market_model,"(0,5)",-0.00497281823035766,-0.8485764829475747,
us_strikes,HAVEN_SAFE,market_model,"(0,10)",0.0003743751018541549,0.04718181542920646,
us_strikes,HAVEN_SAFE,market_model,"(0,20)",-0.006082579445674313,-0.6166338497634423,
us_strikes,HAVEN_RISKY,const_mean,"(-1,1)",-0.002561379762314705,-0.3729788302901525,
us_strikes,HAVEN_RISKY,const_mean,"(0,1)",0.00020184924829079638,0.03599838146324371,
us_strikes,HAVEN_RISKY,const_mean,"(0,5)",0.00428608718896009,0.4413226449411245,
us_strikes,HAVEN_RISKY,const_mean,"(0,10)",-0.010594634972981918,-0.8056761204865215,
us_strikes,HAVEN_RISKY,const_mean,"(0,20)",0.007116295619835573,0.43531171647142874,
us_strikes,HAVEN_RISKY,market_model,"(-1,1)",-0.002820178492268709,-0.8832970473744086,
us_strikes,HAVEN_RISKY,market_model,"(0,1)",-0.0019215585048966794,-0.7371051131904723,
us_strikes,HAVEN_RISKY,market_model,"(0,5)",0.0012525147927813472,0.2773946293929598,
us_strikes,HAVEN_RISKY,market_model,"(0,10)",0.0009938137123503164,0.16255467047316297,
us_strikes,HAVEN_RISKY,market_model,"(0,20)",0.010830737436449963,1.4250312124771782,
us_strikes,OIL_EXP,const_mean,"(-1,1)",-0.00221575623587063,-0.413876881152483,
us_strikes,OIL_EXP,const_mean,"(0,1)",0.0003026552429873466,0.069237761552405,
us_strikes,OIL_EXP,const_mean,"(0,5)",0.002668941896243736,0.3525115156222119,
us_strikes,OIL_EXP,const_mean,"(0,10)",-0.010861696674832147,-1.0595248394240513,
us_strikes,OIL_EXP,const_mean,"(0,20)",-0.004317239387032609,-0.33875950119894244,
us_strikes,OIL_EXP,market_model,"(-1,1)",-0.002414144567100667,-0.9164819479807838,
us_strikes,OIL_EXP,market_model,"(0,1)",-0.0013250935514161467,-0.6161022736478176,
us_strikes,OIL_EXP,market_model,"(0,5)",0.0003434847139369805,0.09220469978385397,
us_strikes,OIL_EXP,market_model,"(0,10)",-0.0019782952893749,-0.3922076344954882,
us_strikes,OIL_EXP,market_model,"(0,20)",-0.0014698455316602761,-0.2344058816217799,
us_strikes,OIL_IMP,const_mean,"(-1,1)",-0.00015790194748156869,-0.03035614218003546,
us_strikes,OIL_IMP,const_mean,"(0,1)",0.001164092735676821,0.2740894380749422,
us_strikes,OIL_IMP,const_mean,"(0,5)",0.002582429853833863,0.351052950666768,
us_strikes,OIL_IMP,const_mean,"(0,10)",-0.002949574093032084,-0.2961301909934503,
us_strikes,OIL_IMP,const_mean,"(0,20)",0.0033245833781560792,0.26849270341132775,
us_strikes,OIL_IMP,market_model,"(-1,1)",-0.0003516398845906316,-0.13964698481348,
us_strikes,OIL_IMP,market_model,"(0,1)",-0.00042550021872851066,-0.2069563953251262,
us_strikes,OIL_IMP,market_model,"(0,5)",0.0003114833997646235,0.08746883509669892,
us_strikes,OIL_IMP,market_model,"(0,10)",0.005725592678418174,1.1874577543214908,
us_strikes,OIL_IMP,market_model,"(0,20)",0.006105231858117371,1.018525162571852,
ceasefire,AUD,const_mean,"(-1,1)",0.0008086746271469035,0.08117805782686752,
ceasefire,AUD,const_mean,"(0,1)",0.005074122765442336,0.623837445871672,
ceasefire,AUD,const_mean,"(0,5)",0.006719098885583171,0.58412595502803,
ceasefire,AUD,const_mean,"(0,10)",0.006719098885583171,0.58412595502803,
ceasefire,AUD,const_mean,"(0,20)",0.006719098885583171,0.58412595502803,
ceasefire,AUD,market_model,"(-1,1)",-0.005786175551184608,-1.1976152144688132,
ceasefire,AUD,market_model,"(0,1)",-0.0030854434557381957,-0.782147965815886,
ceasefire,AUD,market_model,"(0,5)",-0.005054348799345569,-0.905986110410452,
ceasefire,AUD,market_model,"(0,10)",-0.005054348799345569,-0.905986110410452,
ceasefire,AUD,market_model,"(0,20)",-0.005054348799345569,-0.905986110410452,
ceasefire,BRL,const_mean,"(-1,1)",0.020161946694741004,1.503002918419558,
ceasefire,BRL,const_mean,"(0,1)",0.023395219720750735,2.1359944479680637,**
ceasefire,BRL,const_mean,"(0,5)",0.021985261101646468,1.419350389004425,
ceasefire,BRL,const_mean,"(0,10)",0.021985261101646468,1.419350389004425,
ceasefire,BRL,const_mean,"(0,20)",0.021985261101646468,1.419350389004425,
ceasefire,BRL,market_model,"(-1,1)",0.012775275520212664,1.3878388418194088,
ceasefire,BRL,market_model,"(0,1)",0.014255962425614109,1.8967536759067583,*
ceasefire,BRL,market_model,"(0,5)",0.008798216015342027,0.8277401381453088,
ceasefire,BRL,market_model,"(0,10)",0.008798216015342027,0.8277401381453088,
ceasefire,BRL,market_model,"(0,20)",0.008798216015342027,0.8277401381453088,
ceasefire,CAD,const_mean,"(-1,1)",-0.0029217272370992134,-0.589222988481392,
ceasefire,CAD,const_mean,"(0,1)",-0.0033086254430434755,-0.8172092013538186,
ceasefire,CAD,const_mean,"(0,5)",-0.005037391637532852,-0.8797846124712587,
ceasefire,CAD,const_mean,"(0,10)",-0.005037391637532852,-0.8797846124712587,
ceasefire,CAD,const_mean,"(0,20)",-0.005037391637532852,-0.8797846124712587,
ceasefire,CAD,market_model,"(-1,1)",-0.0053632593066070666,-1.4239770584553386,
ceasefire,CAD,market_model,"(0,1)",-0.006329443515263196,-2.058189486744782,**
ceasefire,CAD,market_model,"(0,5)",-0.009396133582251151,-2.160498710968336,**
ceasefire,CAD,market_model,"(0,10)",-0.009396133582251151,-2.160498710968336,**
ceasefire,CAD,market_model,"(0,20)",-0.009396133582251151,-2.160498710968336,**
ceasefire,CHF,const_mean,"(-1,1)",0.0009114777471013673,0.10496061130913277,
ceasefire,CHF,const_mean,"(0,1)",0.0031114445581251113,0.4388215807978339,
ceasefire,CHF,const_mean,"(0,5)",0.0052278821061407235,0.521358787751179,
ceasefire,CHF,const_mean,"(0,10)",0.0052278821061407235,0.521358787751179,
ceasefire,CHF,const_mean,"(0,20)",0.0052278821061407235,0.521358787751179,
ceasefire,CHF,market_model,"(-1,1)",-0.004174793188408793,-0.7588228614873976,
ceasefire,CHF,market_model,"(0,1)",-0.003181611901826326,-0.7082690633688156,
ceasefire,CHF,market_model,"(0,5)",-0.0038523764518713943,-0.6064078179184228,
ceasefire,CHF,market_model,"(0,10)",-0.0038523764518713943,-0.6064078179184228,
ceasefire,CHF,market_model,"(0,20)",-0.0038523764518713943,-0.6064078179184228,
ceasefire,CLP,const_mean,"(-1,1)",0.018396192124301373,1.2084469529583817,
ceasefire,CLP,const_mean,"(0,1)",0.015490756449912248,1.24628655497262,
ceasefire,CLP,const_mean,"(0,5)",0.027531437771690596,1.5662431269829502,
ceasefire,CLP,const_mean,"(0,10)",0.027531437771690596,1.5662431269829502,
ceasefire,CLP,const_mean,"(0,20)",0.027531437771690596,1.5662431269829502,
ceasefire,CLP,market_model,"(-1,1)",0.00953289902949373,0.9798299540073536,
ceasefire,CLP,market_model,"(0,1)",0.004524529016507214,0.569566878414279,
ceasefire,CLP,market_model,"(0,5)",0.011708255326883528,1.0421939201426274,
ceasefire,CLP,market_model,"(0,10)",0.011708255326883528,1.0421939201426274,
ceasefire,CLP,market_model,"(0,20)",0.011708255326883528,1.0421939201426274,
ceasefire,CNY,const_mean,"(-1,1)",0.00029833132124664277,0.11267964735820866,
ceasefire,CNY,const_mean,"(0,1)",0.0010702799648392952,0.4950962682267857,
ceasefire,CNY,const_mean,"(0,5)",0.0014033481576808554,0.45903171046392593,
ceasefire,CNY,const_mean,"(0,10)",0.0014033481576808554,0.45903171046392593,
ceasefire,CNY,const_mean,"(0,20)",0.0014033481576808554,0.45903171046392593,
ceasefire,CNY,market_model,"(-1,1)",-0.0003469876198901375,-0.13842857794615854,
ceasefire,CNY,market_model,"(0,1)",0.0002718505097944455,0.132827365467412,
ceasefire,CNY,market_model,"(0,5)",0.0002512933591456625,0.08682072757710523,
ceasefire,CNY,market_model,"(0,10)",0.0002512933591456625,0.08682072757710523,
ceasefire,CNY,market_model,"(0,20)",0.0002512933591456625,0.08682072757710523,
ceasefire,COP,const_mean,"(-1,1)",0.021000240814990405,1.5191358268867414,
ceasefire,COP,const_mean,"(0,1)",0.015817522696618937,1.4013816519305153,
ceasefire,COP,const_mean,"(0,5)",0.01520969016779411,0.9528473493171051,
ceasefire,COP,const_mean,"(0,10)",0.01520969016779411,0.9528473493171051,
ceasefire,COP,const_mean,"(0,20)",0.01520969016779411,0.9528473493171051,
ceasefire,COP,market_model,"(-1,1)",0.017034805302202072,1.3315837038025375,
ceasefire,COP,market_model,"(0,1)",0.010911234792046184,1.0446019399632709,
ceasefire,COP,market_model,"(0,5)",0.008130401587263584,0.5503942984489824,
ceasefire,COP,market_model,"(0,10)",0.008130401587263584,0.5503942984489824,
ceasefire,COP,market_model,"(0,20)",0.008130401587263584,0.5503942984489824,
ceasefire,CZK,const_mean,"(-1,1)",0.0028334754148892,0.363564665308486,
ceasefire,CZK,const_mean,"(0,1)",0.004699626702525162,0.7385352199850787,
ceasefire,CZK,const_mean,"(0,5)",0.007376697903838336,0.8196998373319772,
ceasefire,CZK,const_mean,"(0,10)",0.007376697903838336,0.8196998373319772,
ceasefire,CZK,const_mean,"(0,20)",0.007376697903838336,0.8196998373319772,
ceasefire,CZK,market_model,"(-1,1)",-0.0023822390602856484,-0.6539664604681963,
ceasefire,CZK,market_model,"(0,1)",-0.0017535855009590642,-0.5895799552112778,
ceasefire,CZK,market_model,"(0,5)",-0.0019346495646393367,-0.4599420069580583,
ceasefire,CZK,market_model,"(0,10)",-0.0019346495646393367,-0.4599420069580583,
ceasefire,CZK,market_model,"(0,20)",-0.0019346495646393367,-0.4599420069580583,
ceasefire,DKK,const_mean,"(-1,1)",0.0023264011093033278,0.34259684323282535,
ceasefire,DKK,const_mean,"(0,1)",0.0029440026582595517,0.5309854099822726,
ceasefire,DKK,const_mean,"(0,5)",0.0056167265843971035,0.7163292346491072,
ceasefire,DKK,const_mean,"(0,10)",0.0056167265843971035,0.7163292346491072,
ceasefire,DKK,const_mean,"(0,20)",0.0056167265843971035,0.7163292346491072,
ceasefire,DKK,market_model,"(-1,1)",-0.002153387623114883,-0.6465955528991819,
ceasefire,DKK,market_model,"(0,1)",-0.002598675618066762,-0.9556705478661721,
ceasefire,DKK,market_model,"(0,5)",-0.0023808104110533143,-0.6191073293425803,
ceasefire,DKK,market_model,"(0,10)",-0.0023808104110533143,-0.6191073293425803,
ceasefire,DKK,market_model,"(0,20)",-0.0023808104110533143,-0.6191073293425803,
ceasefire,EUR,const_mean,"(-1,1)",0.0023123837542695924,0.3437621346392294,
ceasefire,EUR,const_mean,"(0,1)",0.002955986528014728,0.5382031160476738,
ceasefire,EUR,const_mean,"(0,5)",0.005472764194858157,0.7045884110732189,
ceasefire,EUR,const_mean,"(0,10)",0.005472764194858157,0.7045884110732189,
ceasefire,EUR,const_mean,"(0,20)",0.005472764194858157,0.7045884110732189,
ceasefire,EUR,market_model,"(-1,1)",-0.0021250236632387063,-0.6439950630279212,
ceasefire,EUR,market_model,"(0,1)",-0.002534254901954657,-0.9406210472110941,
ceasefire,EUR,market_model,"(0,5)",-0.002449111613390495,-0.6427735197202602,
ceasefire,EUR,market_model,"(0,10)",-0.002449111613390495,-0.6427735197202602,
ceasefire,EUR,market_model,"(0,20)",-0.002449111613390495,-0.6427735197202602,
ceasefire,GBP,const_mean,"(-1,1)",0.002044948433880194,0.27077130669417293,
ceasefire,GBP,const_mean,"(0,1)",0.002820331240903896,0.4573682649645417,
ceasefire,GBP,const_mean,"(0,5)",0.003063300594251792,0.35126956789695146,
ceasefire,GBP,const_mean,"(0,10)",0.003063300594251792,0.35126956789695146,
ceasefire,GBP,const_mean,"(0,20)",0.003063300594251792,0.35126956789695146,
ceasefire,GBP,market_model,"(-1,1)",-0.002820842399901247,-0.7113988211883983,
ceasefire,GBP,market_model,"(0,1)",-0.003199933276568075,-0.9883729945405588,
ceasefire,GBP,market_model,"(0,5)",-0.00562334614952991,-1.2281736279407027,
ceasefire,GBP,market_model,"(0,10)",-0.00562334614952991,-1.2281736279407027,
ceasefire,GBP,market_model,"(0,20)",-0.00562334614952991,-1.2281736279407027,
ceasefire,HKD,const_mean,"(-1,1)",0.00042158437283145074,0.5295274884370317,
ceasefire,HKD,const_mean,"(0,1)",0.00026830281789431634,0.41273839315782895,
ceasefire,HKD,const_mean,"(0,5)",0.0006898124317561143,0.7503530535390032,
ceasefire,HKD,const_mean,"(0,10)",0.0006898124317561143,0.7503530535390032,
ceasefire,HKD,const_mean,"(0,20)",0.0006898124317561143,0.7503530535390032,
ceasefire,HKD,market_model,"(-1,1)",0.0004369925556088122,0.5490602661601353,
ceasefire,HKD,market_model,"(0,1)",0.0002873667972600678,0.4422096289249018,
ceasefire,HKD,market_model,"(0,5)",0.000717319869975883,0.7805297671329562,
ceasefire,HKD,market_model,"(0,10)",0.000717319869975883,0.7805297671329562,
ceasefire,HKD,market_model,"(0,20)",0.000717319869975883,0.7805297671329562,
ceasefire,HUF,const_mean,"(-1,1)",0.010981832125246477,0.7306867807787046,
ceasefire,HUF,const_mean,"(0,1)",0.015114035515261918,1.231636406017388,
ceasefire,HUF,const_mean,"(0,5)",0.02405239692927274,1.3859432376751328,
ceasefire,HUF,const_mean,"(0,10)",0.02405239692927274,1.3859432376751328,
ceasefire,HUF,const_mean,"(0,20)",0.02405239692927274,1.3859432376751328,
ceasefire,HUF,market_model,"(-1,1)",0.0013078707549691914,0.1653309017351468,
ceasefire,HUF,market_model,"(0,1)",0.0031447979605900684,0.4868863335041854,
ceasefire,HUF,market_model,"(0,5)",0.006781970002334314,0.7424645148391691,
ceasefire,HUF,market_model,"(0,10)",0.006781970002334314,0.7424645148391691,
ceasefire,HUF,market_model,"(0,20)",0.006781970002334314,0.7424645148391691,
ceasefire,IDR,const_mean,"(-1,1)",0.011888428505145713,2.8036996284613442,***
ceasefire,IDR,const_mean,"(0,1)",0.005665453795706009,1.6363920664501668,
ceasefire,IDR,const_mean,"(0,5)",0.016594328103200218,3.3892010956795633,***
ceasefire,IDR,const_mean,"(0,10)",0.016594328103200218,3.3892010956795633,***
ceasefire,IDR,const_mean,"(0,20)",0.016594328103200218,3.3892010956795633,***
ceasefire,IDR,market_model,"(-1,1)",0.01114064437679364,2.7016795336600774,***
ceasefire,IDR,market_model,"(0,1)",0.004740247923026091,1.4078948092507244,
ceasefire,IDR,market_model,"(0,5)",0.015259347462745305,3.204720183128391,***
ceasefire,IDR,market_model,"(0,10)",0.015259347462745305,3.204720183128391,***
ceasefire,IDR,market_model,"(0,20)",0.015259347462745305,3.204720183128391,***
ceasefire,ILS,const_mean,"(-1,1)",0.007419249285106454,0.7420404056923388,
ceasefire,ILS,const_mean,"(0,1)",0.01638886668699337,2.0075304564809744,**
ceasefire,ILS,const_mean,"(0,5)",0.017059935038810637,1.4776636687724976,
ceasefire,ILS,const_mean,"(0,10)",0.017059935038810637,1.4776636687724976,
ceasefire,ILS,const_mean,"(0,20)",0.017059935038810637,1.4776636687724976,
ceasefire,ILS,market_model,"(-1,1)",0.0026702198358408654,0.34297524982486377,
ceasefire,ILS,market_model,"(0,1)",0.0105130667476803,1.6538298058368706,*
ceasefire,ILS,market_model,"(0,5)",0.008581736404545357,0.9546002982670656,
ceasefire,ILS,market_model,"(0,10)",0.008581736404545357,0.9546002982670656,
ceasefire,ILS,market_model,"(0,20)",0.008581736404545357,0.9546002982670656,
ceasefire,INR,const_mean,"(-1,1)",0.004217868752528451,0.6849367608891975,
ceasefire,INR,const_mean,"(0,1)",0.0027427038442487004,0.5454839274510718,
ceasefire,INR,const_mean,"(0,5)",0.0095512462179802,1.3432228972163505,
ceasefire,INR,const_mean,"(0,10)",0.0095512462179802,1.3432228972163505,
ceasefire,INR,const_mean,"(0,20)",0.0095512462179802,1.3432228972163505,
ceasefire,INR,market_model,"(-1,1)",0.002619437256534923,0.4528198139361611,
ceasefire,INR,market_model,"(0,1)",0.0007650231860234086,0.16197114376685182,
ceasefire,INR,market_model,"(0,5)",0.006697648473204234,1.0026985875882017,
ceasefire,INR,market_model,"(0,10)",0.006697648473204234,1.0026985875882017,
ceasefire,INR,market_model,"(0,20)",0.006697648473204234,1.0026985875882017,
ceasefire,JPY,const_mean,"(-1,1)",0.0014264325150347317,0.1565742660491184,
ceasefire,JPY,const_mean,"(0,1)",0.0023950383264011547,0.32197878099647453,
ceasefire,JPY,const_mean,"(0,5)",0.0020774345038409095,0.19748182266755526,
ceasefire,JPY,const_mean,"(0,10)",0.0020774345038409095,0.19748182266755526,
ceasefire,JPY,const_mean,"(0,20)",0.0020774345038409095,0.19748182266755526,
ceasefire,JPY,market_model,"(-1,1)",-0.0028717463525792268,-0.4030779574815881,
ceasefire,JPY,market_model,"(0,1)",-0.0029229407258004277,-0.5024682317872984,
ceasefire,JPY,market_model,"(0,5)",-0.005595883717183795,-0.6802088592136356,
ceasefire,JPY,market_model,"(0,10)",-0.005595883717183795,-0.6802088592136356,
ceasefire,JPY,market_model,"(0,20)",-0.005595883717183795,-0.6802088592136356,
ceasefire,KRW,const_mean,"(-1,1)",0.00398245164012466,0.3362894320871986,
ceasefire,KRW,const_mean,"(0,1)",0.003606643233043373,0.3730023112592931,
ceasefire,KRW,const_mean,"(0,5)",0.010656426974968346,0.7793004983211472,
ceasefire,KRW,const_mean,"(0,10)",0.010656426974968346,0.7793004983211472,
ceasefire,KRW,const_mean,"(0,20)",0.010656426974968346,0.7793004983211472,
ceasefire,KRW,market_model,"(-1,1)",-0.0026523776468974697,-0.3330486931355492,
ceasefire,KRW,market_model,"(0,1)",-0.004602387672853833,-0.7077847514877005,
ceasefire,KRW,market_model,"(0,5)",-0.0011883933616402792,-0.12922996404950451,
ceasefire,KRW,market_model,"(0,10)",-0.0011883933616402792,-0.12922996404950451,
ceasefire,KRW,market_model,"(0,20)",-0.0011883933616402792,-0.12922996404950451,
ceasefire,KWD,const_mean,"(-1,1)",-1.0187034084174069e-05,-0.007382853460931325,
ceasefire,KWD,const_mean,"(0,1)",-6.791356056116046e-06,-0.006028074608340855,
ceasefire,KWD,const_mean,"(0,5)",0.0009632978605265678,0.6045994065612305,
ceasefire,KWD,const_mean,"(0,10)",0.0009632978605265678,0.6045994065612305,
ceasefire,KWD,const_mean,"(0,20)",0.0009632978605265678,0.6045994065612305,
ceasefire,KWD,market_model,"(-1,1)",-7.240701753906447e-05,-0.052568913494486745,
ceasefire,KWD,market_model,"(0,1)",-8.377385930524667e-05,-0.0744907752979873,
ceasefire,KWD,market_model,"(0,5)",0.0008522197161632312,0.5358343500975761,
ceasefire,KWD,market_model,"(0,10)",0.0008522197161632312,0.5358343500975761,
ceasefire,KWD,market_model,"(0,20)",0.0008522197161632312,0.5358343500975761,
ceasefire,MXN,const_mean,"(-1,1)",0.012390899758132004,1.2390107727885784,
ceasefire,MXN,const_mean,"(0,1)",0.01053225266146457,1.2898497902544248,
ceasefire,MXN,const_mean,"(0,5)",0.011109605916138438,0.9620585959190695,
ceasefire,MXN,const_mean,"(0,10)",0.011109605916138438,0.9620585959190695,
ceasefire,MXN,const_mean,"(0,20)",0.011109605916138438,0.9620585959190695,
ceasefire,MXN,market_model,"(-1,1)",0.006049847472665689,1.1073524454009107,
ceasefire,MXN,market_model,"(0,1)",0.0026867012636129874,0.6022911097269463,
ceasefire,MXN,market_model,"(0,5)",-0.00021074941136096058,-0.03340707449917629,
ceasefire,MXN,market_model,"(0,10)",-0.00021074941136096058,-0.03340707449917629,
ceasefire,MXN,market_model,"(0,20)",-0.00021074941136096058,-0.03340707449917629,
ceasefire,MYR,const_mean,"(-1,1)",-8.431554041804512e-05,-0.01352598723026072,
ceasefire,MYR,const_mean,"(0,1)",0.002444949822581503,0.48037115934793273,
ceasefire,MYR,const_mean,"(0,5)",-0.000770537182436094,-0.1070497302692435,
ceasefire,MYR,const_mean,"(0,10)",-0.000770537182436094,-0.1070497302692435,
ceasefire,MYR,const_mean,"(0,20)",-0.000770537182436094,-0.1070497302692435,
ceasefire,MYR,market_model,"(-1,1)",-0.0017937368341752022,-0.3087211751020306,
ceasefire,MYR,market_model,"(0,1)",0.00032994555877933736,0.06954975567696102,
ceasefire,MYR,market_model,"(0,5)",-0.003822279319001945,-0.5697190540801355,
ceasefire,MYR,market_model,"(0,10)",-0.003822279319001945,-0.5697190540801355,
ceasefire,MYR,market_model,"(0,20)",-0.003822279319001945,-0.5697190540801355,
ceasefire,NOK,const_mean,"(-1,1)",-0.002131961861189312,-0.21287900976584537,
ceasefire,NOK,const_mean,"(0,1)",-0.005731958053813642,-0.7009742153930125,
ceasefire,NOK,const_mean,"(0,5)",-0.008016609864644883,-0.6932259164289216,
ceasefire,NOK,const_mean,"(0,10)",-0.008016609864644883,-0.6932259164289216,
ceasefire,NOK,const_mean,"(0,20)",-0.008016609864644883,-0.6932259164289216,
ceasefire,NOK,market_model,"(-1,1)",-0.007241418914879493,-0.9787287998185623,
ceasefire,NOK,market_model,"(0,1)",-0.012053701847303543,-1.9952842307859555,**
ceasefire,NOK,market_model,"(0,5)",-0.017138261409916356,-2.006023842067034,**
ceasefire,NOK,market_model,"(0,10)",-0.017138261409916356,-2.006023842067034,**
ceasefire,NOK,market_model,"(0,20)",-0.017138261409916356,-2.006023842067034,**
ceasefire,NZD,const_mean,"(-1,1)",0.0025557607667830375,0.24081611565801636,
ceasefire,NZD,const_mean,"(0,1)",0.006034823430640525,0.6964269121979757,
ceasefire,NZD,const_mean,"(0,5)",0.00450652119257025,0.3677370580880034,
ceasefire,NZD,const_mean,"(0,10)",0.00450652119257025,0.3677370580880034,
ceasefire,NZD,const_mean,"(0,20)",0.00450652119257025,0.3677370580880034,
ceasefire,NZD,market_model,"(-1,1)",-0.004502193659022671,-0.8879669289144585,
ceasefire,NZD,market_model,"(0,1)",-0.0026977246888993268,-0.6516522145062992,
ceasefire,NZD,market_model,"(0,5)",-0.00809368274653699,-1.3824499851522511,
ceasefire,NZD,market_model,"(0,10)",-0.00809368274653699,-1.3824499851522511,
ceasefire,NZD,market_model,"(0,20)",-0.00809368274653699,-1.3824499851522511,
ceasefire,PEN,const_mean,"(-1,1)",-0.0026716802693017034,-0.33342256892313193,
ceasefire,PEN,const_mean,"(0,1)",0.0012547026841288648,0.19177719700302767,
ceasefire,PEN,const_mean,"(0,5)",-0.0007074546482529703,-0.07646095996220661,
ceasefire,PEN,const_mean,"(0,10)",-0.0007074546482529703,-0.07646095996220661,
ceasefire,PEN,const_mean,"(0,20)",-0.0007074546482529703,-0.07646095996220661,
ceasefire,PEN,market_model,"(-1,1)",-0.006031379969773372,-0.9040440344364703,
ceasefire,PEN,market_model,"(0,1)",-0.002902130518746808,-0.5327647289154022,
ceasefire,PEN,market_model,"(0,5)",-0.0067053541593805124,-0.8704127582446496,
ceasefire,PEN,market_model,"(0,10)",-0.0067053541593805124,-0.8704127582446496,
ceasefire,PEN,market_model,"(0,20)",-0.0067053541593805124,-0.8704127582446496,
ceasefire,PLN,const_mean,"(-1,1)",0.0014872729590802488,0.16174572014654542,
ceasefire,PLN,const_mean,"(0,1)",0.0043392195426616995,0.5779621119290198,
ceasefire,PLN,const_mean,"(0,5)",0.008162729427807998,0.7687907490696725,
ceasefire,PLN,const_mean,"(0,10)",0.008162729427807998,0.7687907490696725,
ceasefire,PLN,const_mean,"(0,20)",0.008162729427807998,0.7687907490696725,
ceasefire,PLN,market_model,"(-1,1)",-0.004848050969851687,-1.2726131734632733,
ceasefire,PLN,market_model,"(0,1)",-0.003499244369770674,-1.1249912366381698,
ceasefire,PLN,market_model,"(0,5)",-0.0031473993586549243,-0.7155034317293654,
ceasefire,PLN,market_model,"(0,10)",-0.0031473993586549243,-0.7155034317293654,
ceasefire,PLN,market_model,"(0,20)",-0.0031473993586549243,-0.7155034317293654,
ceasefire,SAR,const_mean,"(-1,1)",0.0005454289048253232,1.9825648399097862,**
ceasefire,SAR,const_mean,"(0,1)",0.00021270163527491328,0.9469034713775032,
ceasefire,SAR,const_mean,"(0,5)",0.00026555104551799404,0.8359261237294154,
ceasefire,SAR,const_mean,"(0,10)",0.00026555104551799404,0.8359261237294154,
ceasefire,SAR,const_mean,"(0,20)",0.00026555104551799404,0.8359261237294154,
ceasefire,SAR,market_model,"(-1,1)",0.0005335909018031904,1.9426760916401862,*
ceasefire,SAR,market_model,"(0,1)",0.00019805490836320865,0.8831271143527466,
ceasefire,SAR,market_model,"(0,5)",0.0002444172660527612,0.7706452273934787,
ceasefire,SAR,market_model,"(0,10)",0.0002444172660527612,0.7706452273934787,
ceasefire,SAR,market_model,"(0,20)",0.0002444172660527612,0.7706452273934787,
ceasefire,SEK,const_mean,"(-1,1)",0.0022865149257137677,0.2055548987601466,
ceasefire,SEK,const_mean,"(0,1)",0.008812584561367812,0.9702925960483326,
ceasefire,SEK,const_mean,"(0,5)",0.014760266870891322,1.149155055691203,
ceasefire,SEK,const_mean,"(0,10)",0.014760266870891322,1.149155055691203,
ceasefire,SEK,const_mean,"(0,20)",0.014760266870891322,1.149155055691203,
ceasefire,SEK,market_model,"(-1,1)",-0.005381916453264291,-1.171076995324917,
ceasefire,SEK,market_model,"(0,1)",-0.000675284299540961,-0.17996198716338602,
ceasefire,SEK,market_model,"(0,5)",0.001070209746848233,0.20167312678926574,
ceasefire,SEK,market_model,"(0,10)",0.001070209746848233,0.20167312678926574,
ceasefire,SEK,market_model,"(0,20)",0.001070209746848233,0.20167312678926574,
ceasefire,SGD,const_mean,"(-1,1)",0.001602218223982673,0.34017462408411125,
ceasefire,SGD,const_mean,"(0,1)",0.0024801645411670487,0.6449207791320806,
ceasefire,SGD,const_mean,"(0,5)",0.004304194187904398,0.7914121889189218,
ceasefire,SGD,const_mean,"(0,10)",0.004304194187904398,0.7914121889189218,
ceasefire,SGD,const_mean,"(0,20)",0.004304194187904398,0.7914121889189218,
ceasefire,SGD,market_model,"(-1,1)",-0.0016895204041572935,-0.9334586111647882,
ceasefire,SGD,market_model,"(0,1)",-0.0015925829197800244,-1.077653908934567,
ceasefire,SGD,market_model,"(0,5)",-0.0015723779074255982,-0.7523487265795685,
ceasefire,SGD,market_model,"(0,10)",-0.0015723779074255982,-0.7523487265795685,
ceasefire,SGD,market_model,"(0,20)",-0.0015723779074255982,-0.7523487265795685,
ceasefire,THB,const_mean,"(-1,1)",0.006023080949867973,0.6246118879700172,
ceasefire,THB,const_mean,"(0,1)",0.007462457263991182,0.9478050801837713,
ceasefire,THB,const_mean,"(0,5)",0.015589761416334263,1.4001083515844048,
ceasefire,THB,const_mean,"(0,10)",0.015589761416334263,1.4001083515844048,
ceasefire,THB,const_mean,"(0,20)",0.015589761416334263,1.4001083515844048,
ceasefire,THB,market_model,"(-1,1)",0.00031538712357999745,0.05246434149999898,
ceasefire,THB,market_model,"(0,1)",0.00040053705557747737,0.08160346471935268,
ceasefire,THB,market_model,"(0,5)",0.0054001084525434236,0.7779530390370848,
ceasefire,THB,market_model,"(0,10)",0.0054001084525434236,0.7779530390370848,
ceasefire,THB,market_model,"(0,20)",0.0054001084525434236,0.7779530390370848,
ceasefire,TRY,const_mean,"(-1,1)",-0.0012584827916327906,-0.8427588643235441,
ceasefire,TRY,const_mean,"(0,1)",-0.0018043212767795292,-1.4798426769976505,
ceasefire,TRY,const_mean,"(0,5)",-0.0012263543055101587,-0.7112178364197589,
ceasefire,TRY,const_mean,"(0,10)",-0.0012263543055101587,-0.7112178364197589,
ceasefire,TRY,const_mean,"(0,20)",-0.0012263543055101587,-0.7112178364197589,
ceasefire,TRY,market_model,"(-1,1)",-0.001459802374286529,-0.993456280420372,
ceasefire,TRY,market_model,"(0,1)",-0.002053406611830947,-1.71149360042477,*
ceasefire,TRY,market_model,"(0,5)",-0.0015857598280363944,-0.9345934593823494,
ceasefire,TRY,market_model,"(0,10)",-0.0015857598280363944,-0.9345934593823494,
ceasefire,TRY,market_model,"(0,20)",-0.0015857598280363944,-0.9345934593823494,
ceasefire,TWD,const_mean,"(-1,1)",-0.0006834066061235623,-0.13019883384587927,
ceasefire,TWD,const_mean,"(0,1)",0.001956679743168892,0.4565552070199592,
ceasefire,TWD,const_mean,"(0,5)",0.0057872784869575835,0.9548451244252794,
ceasefire,TWD,const_mean,"(0,10)",0.0057872784869575835,0.9548451244252794,
ceasefire,TWD,const_mean,"(0,20)",0.0057872784869575835,0.9548451244252794,
ceasefire,TWD,market_model,"(-1,1)",-0.0037034693458523967,-1.0857084956555443,
ceasefire,TWD,market_model,"(0,1)",-0.0017799331063396658,-0.639077889555968,
ceasefire,TWD,market_model,"(0,5)",0.00039571541730256364,0.10046576246000827,
ceasefire,TWD,market_model,"(0,10)",0.00039571541730256364,0.10046576246000827,
ceasefire,TWD,market_model,"(0,20)",0.00039571541730256364,0.10046576246000827,
ceasefire,ZAR,const_mean,"(-1,1)",0.013145114358043723,0.8757226517180142,
ceasefire,ZAR,const_mean,"(0,1)",0.017089013862026547,1.3943276715257382,
ceasefire,ZAR,const_mean,"(0,5)",0.023002606482387798,1.3271190897503748,
ceasefire,ZAR,const_mean,"(0,10)",0.023002606482387798,1.3271190897503748,
ceasefire,ZAR,const_mean,"(0,20)",0.023002606482387798,1.3271190897503748,
ceasefire,ZAR,market_model,"(-1,1)",0.002983758225203961,0.4440974601903954,
ceasefire,ZAR,market_model,"(0,1)",0.004516740645672502,0.8233518080566717,
ceasefire,ZAR,market_model,"(0,5)",0.004862058690870556,0.6267083612690222,
ceasefire,ZAR,market_model,"(0,10)",0.004862058690870556,0.6267083612690222,
ceasefire,ZAR,market_model,"(0,20)",0.004862058690870556,0.6267083612690222,
ceasefire,r_DTWEXBGS,const_mean,"(-1,1)",-0.0034839840258536923,-0.699859915017996,
ceasefire,r_DTWEXBGS,const_mean,"(0,1)",-0.003184969034674995,-0.7835844491101459,
ceasefire,r_DTWEXBGS,const_mean,"(0,5)",-0.00297757985259619,-0.517999109926587,
ceasefire,r_DTWEXBGS,const_mean,"(0,10)",-0.00297757985259619,-0.517999109926587,
ceasefire,r_DTWEXBGS,const_mean,"(0,20)",-0.00297757985259619,-0.517999109926587,
ceasefire,r_DTWEXAFEGS,const_mean,"(-1,1)",-0.0007101306852328512,-0.12380567210743468,
ceasefire,r_DTWEXAFEGS,const_mean,"(0,1)",-0.0006856873946934345,-0.1464111184219307,
ceasefire,r_DTWEXAFEGS,const_mean,"(0,5)",-0.0006635516268067685,-0.10018613275563554,
ceasefire,r_DTWEXAFEGS,const_mean,"(0,10)",-0.0006635516268067685,-0.10018613275563554,
ceasefire,r_DTWEXAFEGS,const_mean,"(0,20)",-0.0006635516268067685,-0.10018613275563554,
ceasefire,r_DTWEXEMEGS,const_mean,"(-1,1)",-0.006175078456770636,-1.2311004703778083,
ceasefire,r_DTWEXEMEGS,const_mean,"(0,1)",-0.005609646930894658,-1.3697211907207558,
ceasefire,r_DTWEXEMEGS,const_mean,"(0,5)",-0.005222566815609215,-0.901707441925268,
ceasefire,r_DTWEXEMEGS,const_mean,"(0,10)",-0.005222566815609215,-0.901707441925268,
ceasefire,r_DTWEXEMEGS,const_mean,"(0,20)",-0.005222566815609215,-0.901707441925268,
ceasefire,r_SP500,const_mean,"(-1,1)",0.0038474007574880965,0.273182897840756,
ceasefire,r_SP500,const_mean,"(0,1)",0.020913082915226866,1.8186526940600292,*
ceasefire,r_SP500,const_mean,"(0,5)",0.035839274992762134,2.2038190289663633,**
ceasefire,r_SP500,const_mean,"(0,10)",0.035839274992762134,2.2038190289663633,**
ceasefire,r_SP500,const_mean,"(0,20)",0.035839274992762134,2.2038190289663633,**
ceasefire,r_DCOILBRENTEU,const_mean,"(-1,1)",-0.0071801113344773775,-0.09851578957142489,
ceasefire,r_DCOILBRENTEU,const_mean,"(0,1)",-0.0035900556672386888,-0.06032835401434781,
ceasefire,r_DCOILBRENTEU,const_mean,"(0,5)",-0.0035900556672386888,-0.04265858822136801,
ceasefire,r_DCOILBRENTEU,const_mean,"(0,10)",-0.0035900556672386888,-0.04265858822136801,
ceasefire,r_DCOILBRENTEU,const_mean,"(0,20)",-0.0035900556672386888,-0.04265858822136801,
ceasefire,r_DCOILWTICO,const_mean,"(-1,1)",-0.007560953061791319,-0.10631385682156672,
ceasefire,r_DCOILWTICO,const_mean,"(0,1)",-0.0037804765308956595,-0.06510367545003676,
ceasefire,r_DCOILWTICO,const_mean,"(0,5)",-0.0037804765308956595,-0.046035250390889154,
ceasefire,r_DCOILWTICO,const_mean,"(0,10)",-0.0037804765308956595,-0.046035250390889154,
ceasefire,r_DCOILWTICO,const_mean,"(0,20)",-0.0037804765308956595,-0.046035250390889154,
ceasefire,r_DHHNGSP,const_mean,"(-1,1)",0.006489361675693095,0.020884943831880193,
ceasefire,r_DHHNGSP,const_mean,"(0,1)",0.0032446808378465476,0.012789363923698333,
ceasefire,r_DHHNGSP,const_mean,"(0,5)",0.0032446808378465476,0.009043445957509682,
ceasefire,r_DHHNGSP,const_mean,"(0,10)",0.0032446808378465476,0.009043445957509682,
ceasefire,r_DHHNGSP,const_mean,"(0,20)",0.0032446808378465476,0.009043445957509682,
ceasefire,r_Gold,const_mean,"(-1,1)",-0.01132354397096613,-0.3252103564580556,
ceasefire,r_Gold,const_mean,"(0,1)",0.034582347801750846,1.2164159339272598,
ceasefire,r_Gold,const_mean,"(0,5)",0.06145907550590739,1.528616881220651,
ceasefire,r_Gold,const_mean,"(0,10)",0.06145907550590739,1.528616881220651,
ceasefire,r_Gold,const_mean,"(0,20)",0.06145907550590739,1.528616881220651,
ceasefire,r_EuroStoxx50_EUR,const_mean,"(-1,1)",0.020997895844827724,1.0489853444035566,
ceasefire,r_EuroStoxx50_EUR,const_mean,"(0,1)",0.02810974471841885,1.7198721916279054,*
ceasefire,r_EuroStoxx50_EUR,const_mean,"(0,5)",0.040296833239759,1.7433925798391394,*
ceasefire,r_EuroStoxx50_EUR,const_mean,"(0,10)",0.040296833239759,1.7433925798391394,*
ceasefire,r_EuroStoxx50_EUR,const_mean,"(0,20)",0.040296833239759,1.7433925798391394,*
ceasefire,d_DGS10,const_mean,"(-1,1)",-0.0587499999999999,-0.827631399918489,
ceasefire,d_DGS10,const_mean,"(0,1)",-0.07583333333333274,-1.308382913946173,
ceasefire,d_DGS10,const_mean,"(0,5)",-0.08166666666666607,-0.9963330793661048,
ceasefire,d_DGS10,const_mean,"(0,10)",-0.08166666666666607,-0.9963330793661048,
ceasefire,d_DGS10,const_mean,"(0,20)",-0.08166666666666607,-0.9963330793661048,
ceasefire,d_DGS5,const_mean,"(-1,1)",-0.0612499999999999,-0.77680391100361,
ceasefire,d_DGS5,const_mean,"(0,1)",-0.0674999999999996,-1.0484668720049828,
ceasefire,d_DGS5,const_mean,"(0,5)",-0.07499999999999961,-0.8237533722713021,
ceasefire,d_DGS5,const_mean,"(0,10)",-0.07499999999999961,-0.8237533722713021,
ceasefire,d_DGS5,const_mean,"(0,20)",-0.07499999999999961,-0.8237533722713021,
ceasefire,d_DFII5,const_mean,"(-1,1)",-0.006000000000000005,-0.09473309334313436,
ceasefire,d_DFII5,const_mean,"(0,1)",-0.014000000000000005,-0.270722363853817,
ceasefire,d_DFII5,const_mean,"(0,5)",-0.018000000000000002,-0.24612379624271039,
ceasefire,d_DFII5,const_mean,"(0,10)",-0.018000000000000002,-0.24612379624271039,
ceasefire,d_DFII5,const_mean,"(0,20)",-0.018000000000000002,-0.24612379624271039,
ceasefire,d_T5YIE,const_mean,"(-1,1)",-0.05524999999999967,-1.1142187372433061,
ceasefire,d_T5YIE,const_mean,"(0,1)",-0.05349999999999968,-1.3214099926972418,
ceasefire,d_T5YIE,const_mean,"(0,5)",-0.04699999999999996,-0.8208554098785582,
ceasefire,d_T5YIE,const_mean,"(0,10)",-0.04699999999999996,-0.8208554098785582,
ceasefire,d_T5YIE,const_mean,"(0,20)",-0.04699999999999996,-0.8208554098785582,
ceasefire,d_VIXCLS,const_mean,"(-1,1)",-2.203000000000001,-0.8055627156291532,
ceasefire,d_VIXCLS,const_mean,"(0,1)",-4.548666666666666,-2.037110568452733,**
ceasefire,d_VIXCLS,const_mean,"(0,5)",-6.037333333333333,-1.9118800726730554,*
ceasefire,d_VIXCLS,const_mean,"(0,10)",-6.037333333333333,-1.9118800726730554,*
ceasefire,d_VIXCLS,const_mean,"(0,20)",-6.037333333333333,-1.9118800726730554,*
ceasefire,d_GPRD,const_mean,"(-1,1)",-83.52524585723877,-0.6763421319862505,
ceasefire,d_GPRD,const_mean,"(0,1)",-9.467336146036786,-0.09389059827796596,
ceasefire,d_GPRD,const_mean,"(0,5)",-37.61405461629232,-0.26377246749435346,
ceasefire,d_GPRD,const_mean,"(0,10)",-37.61405461629232,-0.26377246749435346,
ceasefire,d_GPRD,const_mean,"(0,20)",-37.61405461629232,-0.26377246749435346,
ceasefire,d_GPRD_ACT,const_mean,"(-1,1)",29.004229450225818,0.17290099251853638,
ceasefire,d_GPRD_ACT,const_mean,"(0,1)",91.38907044728596,0.6672307356740893,
ceasefire,d_GPRD_ACT,const_mean,"(0,5)",-0.8834039052327569,-0.004560643241260046,
ceasefire,d_GPRD_ACT,const_mean,"(0,10)",-0.8834039052327569,-0.004560643241260046,
ceasefire,d_GPRD_ACT,const_mean,"(0,20)",-0.8834039052327569,-0.004560643241260046,
ceasefire,d_GPRD_THREAT,const_mean,"(-1,1)",-129.2188663482666,-0.7322903166381348,
ceasefire,d_GPRD_THREAT,const_mean,"(0,1)",-80.51193873087564,-0.5588088542686436,
ceasefire,d_GPRD_THREAT,const_mean,"(0,5)",-43.70997365315755,-0.2145203718657946,
ceasefire,d_GPRD_THREAT,const_mean,"(0,10)",-43.70997365315755,-0.2145203718657946,
ceasefire,d_GPRD_THREAT,const_mean,"(0,20)",-43.70997365315755,-0.2145203718657946,
ceasefire,USD_EW,const_mean,"(-1,1)",-0.004428326523264639,-0.7570109004683921,
ceasefire,USD_EW,const_mean,"(0,1)",-0.0054790059726162925,-1.1471227697116806,
ceasefire,USD_EW,const_mean,"(0,5)",-0.007905664153636485,-1.170392390433983,
ceasefire,USD_EW,const_mean,"(0,10)",-0.007905664153636485,-1.170392390433983,
ceasefire,USD_EW,const_mean,"(0,20)",-0.007905664153636485,-1.170392390433983,
ceasefire,SAFE,const_mean,"(-1,1)",0.0026622438493691092,0.40180402355568334,
ceasefire,SAFE,const_mean,"(0,1)",0.005695402776153673,1.052777321841034,
ceasefire,SAFE,const_mean,"(0,5)",0.008784939600717247,1.1482484308825318,
ceasefire,SAFE,const_mean,"(0,10)",0.008784939600717247,1.1482484308825318,
ceasefire,SAFE,const_mean,"(0,20)",0.008784939600717247,1.1482484308825318,
ceasefire,SAFE,market_model,"(-1,1)",-0.0021201078060099875,-1.0613103437145308,
ceasefire,SAFE,market_model,"(0,1)",-0.00022162550649801457,-0.13587821173047213,
ceasefire,SAFE,market_model,"(0,5)",0.00024725254142104845,0.10719038920706545,
ceasefire,SAFE,market_model,"(0,10)",0.00024725254142104845,0.10719038920706545,
ceasefire,SAFE,market_model,"(0,20)",0.00024725254142104845,0.10719038920706545,
ceasefire,RISKY,const_mean,"(-1,1)",0.009126860045160522,1.2447172263678794,
ceasefire,RISKY,const_mean,"(0,1)",0.00963419720816748,1.609201654936111,
ceasefire,RISKY,const_mean,"(0,5)",0.014153977484115362,1.6717003800838266,*
ceasefire,RISKY,const_mean,"(0,10)",0.014153977484115362,1.6717003800838266,*
ceasefire,RISKY,const_mean,"(0,20)",0.014153977484115362,1.6717003800838266,*
ceasefire,RISKY,market_model,"(-1,1)",0.00382112253278017,1.7735397425428245,*
ceasefire,RISKY,market_model,"(0,1)",0.0030696028028671177,1.7449290485869406,*
ceasefire,RISKY,market_model,"(0,5)",0.004681916505805456,1.8819334280333408,*
ceasefire,RISKY,market_model,"(0,10)",0.004681916505805456,1.8819334280333408,*
ceasefire,RISKY,market_model,"(0,20)",0.004681916505805456,1.8819334280333408,*
ceasefire,CARRY_HML,const_mean,"(-1,1)",0.006464616195791318,1.7660643587151057,*
ceasefire,CARRY_HML,const_mean,"(0,1)",0.0039387944320138125,1.3178704647271255,
ceasefire,CARRY_HML,const_mean,"(0,5)",0.005369037883397924,1.2702549036635347,
ceasefire,CARRY_HML,const_mean,"(0,10)",0.005369037883397924,1.2702549036635347,
ceasefire,CARRY_HML,const_mean,"(0,20)",0.005369037883397924,1.2702549036635347,
ceasefire,CARRY_HML,market_model,"(-1,1)",0.005941230338790071,1.6528312593230792,*
ceasefire,CARRY_HML,market_model,"(0,1)",0.0032912283093651457,1.1213876458779921,
ceasefire,CARRY_HML,market_model,"(0,5)",0.004434663964384229,1.0684236096290374,
ceasefire,CARRY_HML,market_model,"(0,10)",0.004434663964384229,1.0684236096290374,
ceasefire,CARRY_HML,market_model,"(0,20)",0.004434663964384229,1.0684236096290374,
ceasefire,HAVEN_SAFE,const_mean,"(-1,1)",0.00155009800546851,0.21093042501008524,
ceasefire,HAVEN_SAFE,const_mean,"(0,1)",0.00282082313751364,0.4701122381135066,
ceasefire,HAVEN_SAFE,const_mean,"(0,5)",0.0042593602682798794,0.5019437805870449,
ceasefire,HAVEN_SAFE,const_mean,"(0,10)",0.0042593602682798794,0.5019437805870449,
ceasefire,HAVEN_SAFE,const_mean,"(0,20)",0.0042593602682798794,0.5019437805870449,
ceasefire,HAVEN_SAFE,market_model,"(-1,1)",-0.00305718773474229,-0.7422534660929305,
ceasefire,HAVEN_SAFE,market_model,"(0,1)",-0.0028796025098604874,-0.8562652093452375,
ceasefire,HAVEN_SAFE,market_model,"(0,5)",-0.0039657905941486,-0.833854997307691,
ceasefire,HAVEN_SAFE,market_model,"(0,10)",-0.0039657905941486,-0.833854997307691,
ceasefire,HAVEN_SAFE,market_model,"(0,20)",-0.0039657905941486,-0.833854997307691,
ceasefire,HAVEN_RISKY,const_mean,"(-1,1)",0.012888024556569904,1.8108040804805992,*
ceasefire,HAVEN_RISKY,const_mean,"(0,1)",0.011782523576631137,2.027538252356841,**
ceasefire,HAVEN_RISKY,const_mean,"(0,5)",0.014445856244275973,1.7577577846408994,*
ceasefire,HAVEN_RISKY,const_mean,"(0,10)",0.014445856244275973,1.7577577846408994,*
ceasefire,HAVEN_RISKY,const_mean,"(0,20)",0.014445856244275973,1.7577577846408994,*
ceasefire,HAVEN_RISKY,market_model,"(-1,1)",0.008087421420465158,2.5028816717369766,**
ceasefire,HAVEN_RISKY,market_model,"(0,1)",0.005842913406356762,2.2146511364063155,**
ceasefire,HAVEN_RISKY,market_model,"(0,5)",0.0058755857528038705,1.5747515512353794,
ceasefire,HAVEN_RISKY,market_model,"(0,10)",0.0058755857528038705,1.5747515512353794,
ceasefire,HAVEN_RISKY,market_model,"(0,20)",0.0058755857528038705,1.5747515512353794,
ceasefire,OIL_EXP,const_mean,"(-1,1)",0.007004948577187915,1.2857919425740487,
ceasefire,OIL_EXP,const_mean,"(0,1)",0.00584433169445651,1.3138513578706812,
ceasefire,OIL_EXP,const_mean,"(0,5)",0.005211343512777919,0.8284114278886481,
ceasefire,OIL_EXP,const_mean,"(0,10)",0.005211343512777919,0.8284114278886481,
ceasefire,OIL_EXP,const_mean,"(0,20)",0.005211343512777919,0.8284114278886481,
ceasefire,OIL_EXP,market_model,"(-1,1)",0.0033880619939796425,1.2942816140630908,
ceasefire,OIL_EXP,market_model,"(0,1)",0.0013692905953949018,0.6406468400358242,
ceasefire,OIL_EXP,market_model,"(0,5)",-0.0012456985455295776,-0.4121174676624695,
ceasefire,OIL_EXP,market_model,"(0,10)",-0.0012456985455295776,-0.4121174676624695,
ceasefire,OIL_EXP,market_model,"(0,20)",-0.0012456985455295776,-0.4121174676624695,
ceasefire,OIL_IMP,const_mean,"(-1,1)",0.002284657409966634,0.42651833116908466,
ceasefire,OIL_IMP,const_mean,"(0,1)",0.0027265335223456227,0.6234090271477284,
ceasefire,OIL_IMP,const_mean,"(0,5)",0.007072632215761746,1.1434793394722582,
ceasefire,OIL_IMP,const_mean,"(0,10)",0.007072632215761746,1.1434793394722582,
ceasefire,OIL_IMP,const_mean,"(0,20)",0.007072632215761746,1.1434793394722582,
ceasefire,OIL_IMP,market_model,"(-1,1)",-0.001292095223250048,-0.5120145238094987,
ceasefire,OIL_IMP,market_model,"(0,1)",-0.001698851312537323,-0.824496391026425,
ceasefire,OIL_IMP,market_model,"(0,5)",0.0006872392393648674,0.2358448186824292,
ceasefire,OIL_IMP,market_model,"(0,10)",0.0006872392393648674,0.2358448186824292,
ceasefire,OIL_IMP,market_model,"(0,20)",0.0006872392393648674,0.2358448186824292,
