date,USD_EW,SAFE,RISKY,CARRY_HML,HAVEN_SAFE,HAVEN_RISKY,OIL_EXP,OIL_IMP
2019-01-01,,,,,,,,
2019-01-02,0.004688249223943966,-0.006311156054797687,-0.0043668907824993275,0.0019442652722983598,-0.0038681798918403197,4.024865668913099e-05,0.003675915359257233,-0.0068964894271065225
2019-01-03,-0.002335451766130906,0.0034245213134921843,0.0022874913554537524,-0.001137029958038432,0.00641846283331732,0.0010146242445362441,0.0020701563409411144,-0.0017464359374043115
2019-01-04,-0.006481790398089035,0.0020232074074177913,0.011288677319711282,0.009265469912293491,-0.0025874250357145047,0.016094369809596554,0.007897811225532347,0.007336154215321041
2019-01-07,-0.002706838091100885,0.0027517123491890448,0.0018045721509172552,-0.0009471401982717896,0.004084480589136971,0.0016903610112829852,0.002412018259677557,-0.0026039568298738733
2019-01-08,0.0017586615292906945,-0.0013406031216156057,-0.004350846979672307,-0.0030102438580567013,-0.0016104219369666162,-0.0021519700046864023,0.0021499050884576376,-0.005219684021908311
2019-01-09,-0.004855078955132136,0.005528640737214572,0.004708847602074073,-0.0008197931351404987,0.00699916894688225,0.005183750948794715,0.005074364968668722,0.0015317717972899898
2019-01-10,0.0003758494700845939,-0.0024464455987537885,0.0011878228105213773,0.003634268409275166,-0.005382786814446133,0.002109372108021016,-0.0007800285198183432,0.0018975668892753002
2019-01-11,0.00024378137481700772,-0.0008718469198918397,-0.001141808881218953,-0.0002699619613271134,-0.0012161028348886573,-0.0010399859531992073,-0.001535666925119932,-0.0012309550635937934
2019-01-14,-7.604698547521659e-05,0.0006289313616649602,0.0006748191175159068,4.58877558509466e-05,0.002521797041523312,0.002046295856266034,0.001163237467784858,-0.0009194394037721118
2019-01-15,0.0016877373504288016,-0.0031007157324138947,-0.002526285567213127,0.0005744301652007679,-0.005670225827515671,-0.00030025498320277827,-0.0005064881427769603,-0.0016116654936763064
2019-01-16,-0.000935570362241379,-0.0006675917942168003,0.0034746662092114966,0.004142258003428297,-0.0025898120851351133,0.0049546702206330435,0.0012029684503958502,0.004474373411249677
2019-01-17,0.0010035200601030546,-0.0014358849771620137,-0.0019638023530262894,-0.0005279173758642756,-0.001861743832965901,-0.00396740683741074,-0.0026085967615921413,-0.0013919728068033654
2019-01-18,0.0013835305712399694,-0.0015707403444740749,-0.001389754182033326,0.00018098616244074895,-0.0031080418066248457,-0.0009345888288447105,-0.00010042691083510842,-0.0011657666977642478
2019-01-21,0.0008500486727995697,-0.0004851033433706218,-0.0004089468469217761,7.61564964488457e-05,-0.00011151459225196092,-0.0012654022138182859,-0.0013591020353486932,-0.0014056636787660077
2019-01-22,0.001622820527299531,0.0006991159280475348,-0.004236127528471467,-0.004935243456519002,0.0006924834895643365,-0.005927394894318853,-0.00447227207604716,0.0002721955795201847
2019-01-23,-0.0026825598186156073,0.001211417271850161,0.0061218521973744056,0.004910434925524244,0.0008133979471597733,0.007102970076954855,0.0033388710822275236,0.0030849267184630547
2019-01-24,0.0019766102629773436,-0.0027644126237504423,-0.00024051842460540152,0.002523894199145041,-0.0029433984054062536,0.0007916364334478176,-0.0014877754014184785,0.0005344077018791434
2019-01-25,-0.005688776623475375,0.005022950695879562,0.004776346823794131,-0.0002466038720854314,0.004627048315594653,0.00349928762589972,0.0038812410501038136,0.0034765235218787716
2019-01-28,0.0008789289027863181,-5.8266781326883036e-05,-0.0017158414427655144,-0.0016575746614386315,0.0016368941078091408,-0.002704508272754443,-0.0008119386082332854,-0.0023778575362262875
2019-01-29,-0.0004988514986960427,-0.00040882055613714,0.002097564938923574,0.002506385495060714,-0.0011725874796131837,0.003577569828446111,0.0023311476308422213,0.00037883417663124125
2019-01-30,-0.004561332507931653,0.003535926682081034,0.006643522022597936,0.0031075953405169023,0.002535640710216211,0.005475768948593289,0.0023901019196135376,0.005961510347424796
2019-01-31,-0.002941682784496016,0.0010751561966815058,0.005453995709625237,0.004378839512943731,-0.00042065313004755665,0.009939797305402362,0.004785513015302009,0.003005608173575277
2019-02-01,0.0017378873193645266,-0.0023443416681036213,-0.003957106742432298,-0.0016127650743286768,-0.0020889517574768286,-0.0017531201411775295,0.00016688026530652694,-0.0054575452282084784
2019-02-04,0.0012204741336398163,-0.0007742925485414336,-0.0024396827609175775,-0.001665390212376144,-0.002474740819385858,-0.002039583710159961,-0.000838304308234672,-0.0015699592964542042
2019-02-05,0.00039665466650470134,-0.0002555351598972749,0.000869350156582599,0.001124885316479874,-0.0015658081901577187,0.000572550070274754,-0.0012189981686560047,0.0017784370084465244
2019-02-06,0.004179924558317471,-0.0031970114353179037,-0.004889173037744138,-0.001692161602426234,-0.002417458683566218,-0.004035609134999303,-0.003465575026675454,-0.0016654473719651304
2019-02-07,0.0019775988729554862,-0.0012637667877077395,-0.0032555254812204615,-0.001991758693512722,-9.662320512519558e-05,-0.004413338338625413,-0.0030430886056174167,-0.0012248854174125023
2019-02-08,0.0005323774902873192,-0.0012874119206997656,-0.00011504761945396735,0.0011723643012457982,0.0006499177790747017,0.00031995364902603907,-0.0006553877750616491,-0.00037248418726587573
2019-02-11,0.004430295937332001,-0.002844015711101255,-0.007289238348570787,-0.004445222637469532,-0.004776452240985298,-0.008524707955281227,-0.005501873126915953,-0.002047221181354512
2019-02-12,-0.0032675737743736734,0.0024367006169528824,0.00544582173983299,0.0030091211228801076,0.000265863219236785,0.004176604356039171,0.004529397831550049,0.003974645704052482
2019-02-13,0.003469734694066971,-0.003024052211564071,-0.008678752891485092,-0.005654700679921021,-0.004169598938362977,-0.008764349253103099,-0.004036639376411537,-0.00402601932722894
2019-02-14,-0.0012194369803015816,0.0021179171280976874,0.0024845930940461947,0.0003666759659485073,0.003991289895275432,0.0014478429363971774,0.001806457885817966,0.0011355665436634614
2019-02-15,-0.0013664988120140951,0.0011211171844462253,0.0004732854196122238,-0.0006478317648340014,-0.0003199366578158271,0.002184235237710349,0.002474035524732584,-0.00034272209464999054
2019-02-18,4.938214180510284e-05,0.0006730250858247375,-0.001698320138653675,-0.0023713452244784124,0.0003622249944676429,-0.002754620158147684,-0.000802571997100646,-0.0011894256962294476
2019-02-19,-0.002940293165064177,0.0007615611048440967,0.0033714282151812436,0.0026098671103371466,0.001929688926272092,0.00420451988935211,0.0032277518248236786,0.002169339301639539
2019-02-20,-0.00012956279961110143,0.00011444279402271658,-0.00037479312315494284,-0.0004892359171776594,-0.0007583417396327168,-0.000977545165518734,-0.0005563417632058476,-0.0008890141157706551
2019-02-21,0.0021847694944578154,-0.0015606380014853947,-0.002593191022744329,-0.0010325530212589341,0.00043697584388375604,-0.003340231701445003,-0.003909071424898864,-0.0010953095777804789
2019-02-22,-0.0019101006843174355,0.0008326530972744264,0.002086388435315223,0.0012537353380407965,0.0004171165981895278,0.003456284047704409,0.0039031457117458417,0.0005102060114184533
2019-02-25,-0.0019079592362295011,0.0006515120925350876,0.003016010044225359,0.0023644979516902714,-0.0007570868226014572,0.0031349441307487367,-0.0002854535949009608,0.0017337793341147452
2019-02-26,-0.0016986212440760157,0.0010197210125490958,0.0013112094065452773,0.0002914883939961815,0.0026122469996414676,0.001028302547913973,0.0016240475506015817,0.00018890110588110076
2019-02-27,0.0008173660723377952,-0.0013946556398237294,-0.0012671902094935072,0.0001274654303302222,-0.002360457254259297,-0.00026475163196100954,0.0017513096865985028,-0.002701044149223971
2019-02-28,0.0020496961489105446,-0.0008305912791214157,-0.0024771882140624812,-0.0016465969349410655,-2.514067992501259e-05,-0.005455388927226745,-0.002402215635615363,-0.0025388593568244078
2019-03-01,0.0028326489999457895,-0.002724969859274263,-0.0037799827110265305,-0.0010550128517522674,-0.0016547875828217624,-0.005152983648533782,-0.003371070636117706,-0.0039958606160008054
2019-03-04,0.0005463924877821435,-0.0008370012878464905,-0.00037670485887814076,0.0004602964289683498,-0.0005958342092172269,-0.0003527667952904305,-0.001261723155832728,0.0004639354189632794
2019-03-05,0.0004623648372199074,-0.00018741654170674991,0.0006345469924234903,0.0008219635341302402,-0.0030882879145438294,0.0006056859631579833,-0.0008418435121033922,0.001055444335835598
2019-03-06,0.0019396488356855004,-0.00019822505440161853,-0.004055630802864696,-0.0038574057484630775,9.256837417033915e-05,-0.006894415776727854,-0.004566598370958923,-0.00101019618363829
2019-03-07,0.005795779865805737,-0.005252854485674257,-0.00854145154574007,-0.0032885970600658124,-0.004938544694868519,-0.008920728802570074,-0.006172333183315305,-0.0025522788323091294
2019-03-08,-0.0012037369627123618,0.002420819065729032,0.002193761087848245,-0.0002270579778807869,0.0037730663525517225,-0.0009726656625617854,0.00018741911257528856,0.002996479569893351
2019-03-11,-0.001915139981287733,0.0008839619804491545,0.0027331993131081145,0.00184923733265896,-0.0007118164110319821,0.0026604178295984346,0.002946986182613124,0.0005011467286266299
2019-03-12,-0.0023428897145063915,0.0015498963816351448,0.0026608280102174142,0.0011109316285822695,0.0015513455533826617,0.0030864055727098196,0.003752579745478792,0.0005961057082490099
2019-03-13,-0.002073117270408302,0.0030257070651590777,0.0009597056398373827,-0.002066001425321695,0.0030411632364123354,-0.0002941667019025577,0.002181884201526723,0.00045958082556381746
2019-03-14,0.0023658676419443967,-0.0024342765686334563,-0.0026808592114410945,-0.00024658264280763825,-0.002289468514058139,-0.0030616052947641434,-0.0016044103683224445,-0.002626485991816585
2019-03-15,-0.002888356142774415,0.003122524513390836,0.004624775291832112,0.0015022507784412755,0.00204491253627686,0.0055022823487794375,0.0035140562294613503,0.002903498406101712
2019-03-18,-0.0013631581007886374,0.00033649552387985445,0.002343894615645936,0.0020073990917660817,0.0005763435946470493,0.00256646882665279,0.0028397134475772906,0.0010299962572503836
2019-03-19,-0.00029373319777064753,0.0007109269539247228,-0.00014616812185047623,-0.000857095075775199,0.0013268439037567535,-0.00017470612883578132,0.0010355780296674802,-0.000922396251997378
2019-03-20,-0.0040053866281177086,0.004324209173958267,0.007235238399619481,0.0029110292256612144,0.00611284604761525,0.00784360050433545,0.002922236603759406,0.0044080853706846375
2019-03-21,0.0018566055117856866,-0.001973675601726298,-0.002570098319007147,-0.000596422717280849,-0.0013026970865596943,-0.0013789799746574498,-0.0007098543528460717,-0.0026444225956018994
2019-03-22,0.007301757709900221,-0.0025220647843091568,-0.017937433554065157,-0.015415368769756,0.0003248394254227732,-0.021707401320797442,-0.010316773719313253,-0.009971219223296654
2019-03-25,-0.0032836030237351566,0.001509270649135347,0.009623165187951255,0.008113894538815909,0.00025204314085065533,0.011217891377767223,0.003162288775381653,0.008626493817815625
2019-03-26,0.0008687983068399311,-0.001963218415366565,0.0008141617788383904,0.0027773801942049554,-0.004083537861241239,0.0026455390858897143,-0.002657646735580499,0.0046071971137277385
2019-03-27,0.004631333566274685,-0.0025016197441822905,-0.008433207485998823,-0.005931587741816532,-0.00026985779361827074,-0.010648162811876749,-0.008822791795024472,-0.0021754664875297536
2019-03-28,0.0017948702523718227,-0.0003513576325945945,-0.0036671923245309435,-0.003315834691936349,-0.00143651295429963,-0.003580916925205161,0.0029583487899680033,-0.0068233819644710385
2019-03-29,-0.00022915659551357002,0.0001507659411371646,-0.0008946267962683385,-0.001045392737405503,-0.0006638264232727677,-0.000995952564194565,-0.0008574628761551953,0.0004922158118895922
2019-04-01,-0.003883785878875848,-1.883138416952602e-05,0.008790620220300693,0.00880945160447022,-0.0028354353847341294,0.01418784017001351,0.007782736614427942,0.0023683317103104042
2019-04-02,0.0020557789197315755,-0.0011046784905156487,-0.003272557102342505,-0.0021678786118268564,8.92282365760836e-05,-0.005110662594348188,-0.001582989396887954,-0.004079276249765747
2019-04-03,-0.002437485627906548,0.0020302901391690427,0.001898293804650869,-0.0001319963345181737,0.00037735590697615066,0.0007056722368119125,0.0009721120741491245,0.0010133304330401198
2019-04-04,0.000493440613140341,-0.0005952823969701572,0.0008248734009985437,0.0014201557979687009,-0.0014557187292205769,0.002482206797767487,-4.267820574441591e-05,-0.001079658100389606
2019-04-05,0.0007180500735354987,-0.0005259972577983253,-0.0009487360615124119,-0.0004227388037140866,-0.0004574620058022504,0.0002792443006765695,-0.000170271110442956,-0.002219836876554767
2019-04-08,-0.0012553026615746633,0.0013095841407639672,3.4621867324308164e-05,-0.001274962273439659,0.0024481791168619823,-1.732438075652265e-05,0.003956586545851436,-0.0031845758233950416
2019-04-09,-0.0004894626937796615,0.0010928346193025673,0.0006282740771418882,-0.00046456054216067913,0.0008069566761105419,0.0013632502500583825,0.0004329918777110404,0.0018285371094783158
2019-04-10,-0.0020362464211054554,9.298463140392286e-05,0.004255596287219332,0.004162611655815409,-0.0002279535649483785,0.004790397877007043,0.0034000261152489853,0.0014723606770912963
2019-04-11,0.002996175472809077,-0.002473421759785182,-0.0036635166457849866,-0.0011900948859998044,-0.002783535777333422,-0.005501775468057635,-0.003848497029414255,-0.0038076346152941345
2019-04-12,-0.002192137557984182,0.0017857562649394947,0.0010355592757486376,-0.0007501969891908571,0.0006874921890237196,0.00011642535393970495,0.001429888776165844,-3.3106573245807645e-05
2019-04-15,0.0006631511669604228,-0.00015878648900776224,-0.0013912357745175519,-0.0012324492855097897,-0.0003550060584911932,-0.0034311725606713805,-0.0020085741751940983,-0.001936490169763605
2019-04-16,0.0013295230611649201,-0.0011644268022694582,-0.0009353367254585354,0.0002290900768109228,-0.0020771749737964734,-0.001940328635872124,-0.002191720615135292,8.725811820668265e-05
2019-04-17,-0.0006112121662009797,0.00045154866789678147,0.0010493065557985737,0.0005977578879017922,-0.0005465288492886144,0.0006911078927823722,-0.0005646933567235922,0.002585284793939824
2019-04-18,0.0028340669785734177,-0.0034704552216001435,-0.002963018636042536,0.0005074365855576076,-0.003348672076939133,-0.0010956675892264494,0.0001674984123690239,-0.002706231859295379
2019-04-19,-0.0003738718623901583,0.0005813934558560169,0.00016348166039611978,-0.00041791179545989715,0.0010111336268630346,6.713121440863705e-05,0.00014780821413617234,-0.00019032377574819867
2019-04-22,0.0011591799785737522,-0.0006024467112404311,-0.0025611342249425573,-0.001958687513702126,-8.851740922154762e-05,-0.003207416472350603,-0.00029176107813801345,-0.0023952961227948766
2019-04-23,0.002480065962495416,-0.0022398473033327067,-0.0018985393614158463,0.0003413079419168604,-0.0022201132823865192,-0.00252990026060973,-0.002788193937895121,-0.000938602817446399
2019-04-24,0.005997983320756829,-0.00392274369118438,-0.008797900670819536,-0.004875156979635156,-0.0032246458190183062,-0.01027060435565108,-0.007971546979506345,-0.004682263846749746
2019-04-25,0.0012578502320172535,-0.0013767146309562515,-0.0011837325619845074,0.00019298206897174408,0.0010127783799553241,-0.0009468745335198628,0.0006336534540659157,-0.0018260163982705506
2019-04-26,-0.001608792646241927,0.001549820489478998,0.002093581402280248,0.0005437609128012499,0.0008568599311727527,0.0021481347291510597,0.00193821655109812,0.0013549266019930266
2019-04-29,-0.0004021021468091226,0.0009324708405140203,-0.00010363368557170238,-0.0010361045260857227,0.0009714251473166742,-0.0021493958052659634,-0.0017559887202619553,-0.0002736793005019648
2019-04-30,-0.0015737358808772472,0.0014366159788331261,0.0015119132848512573,7.529730601813119e-05,0.0017122710132160407,0.001634133826713846,0.0033245915795564146,-0.00023771346757065862
2019-05-01,0.0015050504376211199,-0.000866322474296331,-0.0021191718967891737,-0.0012528494224928427,-0.00013014193249489756,-0.002136636064072328,-0.0015043819575945028,-0.00040367837398965395
2019-05-02,0.002380853078997416,-0.001376416683692473,-0.0029874381798767613,-0.0016110214961842883,-0.0013028985431102862,-0.005068695323962184,-0.005331804589706478,-9.860566804612929e-05
2019-05-03,-0.0036738536514517536,0.002812194350170114,0.005450186467468032,0.0026379921172979184,0.0028283433367191683,0.005858328217646573,0.004805001702438043,0.0024325592851959974
2019-05-06,0.002978117021279257,-0.0006156303415537096,-0.006158612929178547,-0.005542982587624838,0.0004583746556994182,-0.007765580217090062,-0.0029787572433055015,-0.004280717900965995
2019-05-07,0.001755656431783398,-0.0004273962042318281,-0.002321180549077928,-0.0018937843448461,0.00077546973008471,-0.004163269241589644,-0.003074903697278221,-0.0024216107926191923
2019-05-08,0.000131564469613523,0.0008401759000803257,0.000474866583483613,-0.0003653093165967127,0.00023992613224269274,0.0013207430151405501,0.000977097301437524,-0.000539672125906776
2019-05-09,0.0005953003889701705,0.0006879359114143051,-0.0024445966454552936,-0.0031325325568695985,0.003687750463967926,-0.0017508563715814922,-0.0012771450185849703,-0.00195250101298113
2019-05-10,-0.0032770871186148798,0.0025525740539289327,0.007832507108629982,0.00527993305470105,0.0008951682601843208,0.008997270579650421,0.002640030873068649,0.008133309976901352
2019-05-13,0.004625231951815933,-0.0013163979771088049,-0.007685840312904729,-0.006369442335795924,0.0034033730674046686,-0.009329861004900705,-0.0051172870864085495,-0.005684771398230315
2019-05-14,-0.0006683339964803071,-6.084683579117307e-06,0.0020989011138363434,0.0021049857974154607,-0.0022855963023385357,0.0038214614560153257,0.0022494632612430976,0.001336443631659634
2019-05-15,-0.0002504413467062744,0.00039177702382075684,0.0006707423861629092,0.0002789653623421523,-4.5616752538345934e-05,0.0008365327708576379,0.0007930573895363256,0.0015613572511341174
2019-05-16,0.0026220747725731316,-0.0026581475400185954,-0.0037243749654067293,-0.001066227425388134,-0.002036878124949414,-0.005227096422935322,-0.003478660254285599,-0.0035860882253455997
2019-05-17,0.0031971769111058188,-0.0023920154637889803,-0.004614868737225414,-0.0022228532734364335,-0.0013892530760415869,-0.005403430618294958,-0.003889213739481772,-0.0030546386029113672
2019-05-20,-0.0007069229523161331,-0.000248172240166206,0.0029546571088662765,0.0032028293490324825,0.0011436498373060405,0.0005268851756345579,-0.00018906018304935625,0.0021527647047092646
2019-05-21,0.00041686596171275407,-0.002634521611284013,0.0010705494398507431,0.003705071051134756,-0.002486684386807424,0.002252416695879796,0.0036550376525863537,-0.0018592816834209398
2019-05-22,0.0005247881359944379,0.000663375149677216,-0.0012866309050831304,-0.0019500060547603464,0.0006756153469933603,-0.001110938988769646,0.00010527338607013714,-0.0006820171747476585
2019-05-23,-0.00029282395776216753,0.0019375008929430372,6.962214017378066e-05,-0.0018678787527692566,0.005213340776398299,-0.0029282926300328027,-0.002663783742878242,0.0009298547465694806
2019-05-24,-0.003153201596772306,0.0028800958123635944,0.0038483275667674788,0.0009682317544038844,0.0021423167734438667,0.0037224992748378463,0.0030809633297039546,0.002744506831839207
2019-05-27,0.000984156690499371,-0.0009924380551152052,-0.001018517134390634,-2.607907927542892e-05,-0.001499751574184701,-0.0005452298641815956,-0.0011950845914406158,0.0002865487109491305
2019-05-28,0.0027057070321516805,-0.002031950212944722,-0.003930259128600316,-0.0018983089156555943,-0.0019825996772826113,-0.0038767944567442334,-0.0019526675335069085,-0.00036659804812492575
2019-05-29,-4.768852650477093e-05,-0.00014547359803658566,0.0023671938394591585,0.002512667437495744,-0.0015520528877925321,0.0049554068135603995,0.0024645558999746853,-0.0010340500588192914
2019-05-30,-0.00026602748377291323,-0.00011418953604289584,0.0024355534263741374,0.002549742962417033,-0.0001088749969319931,0.0019208725237766695,-0.0010038048967718444,0.004640000904490201
2019-05-31,-0.0024584046215512254,0.005112395669305486,0.003424281409607377,-0.0016881142596981086,0.0075077239813860705,0.001873654714755683,-0.001838437535220632,0.0053559902453752155
2019-06-03,-0.004652004990558921,0.005300028554657438,0.004453015732869242,-0.0008470128217881959,0.005567199209948513,0.0019784851915168877,0.002047076586971064,0.0046057353163541466
2019-06-04,-0.0024597385514752218,0.00015850812614769875,0.002257499283431219,0.00209899115728352,0.00027814931795472515,0.006504347162071415,0.006931278608011333,0.001407439512449186
2019-06-05,0.0014589450955548586,-0.0011390949879569413,-0.002448892243653994,-0.0013097972556970526,-0.0028104307560112723,-0.0029501053769095398,-0.002687712250124073,-0.0001193367847099891
2019-06-06,-0.0015426727580765374,0.002741411524416457,-0.0006798396188508471,-0.003421251143267304,0.0029583779794595338,-0.002864157395807254,0.0014803542874081619,0.00041050893124202253
2019-06-07,-0.002432914174349661,0.002388826325723295,0.0014319553037090427,-0.0009568710220142522,0.003536838874569206,0.0008257872642360997,0.0035654314472225368,-0.00215531135666569
2019-06-10,0.0006902227085953201,-0.0019323973244880456,0.0038950733623776546,0.0058274706868657,-0.0019881221910795477,0.006855386162570938,0.0025019701061863415,2.523631959990465e-05
2019-06-11,-0.0013617910795717158,-0.0003274187784351319,0.0026558480318747135,0.0029832668103098453,-0.0006044452996104939,0.0034096197834668405,0.002207860138315619,0.00046590545799529703
2019-06-12,0.0023851764239773464,-0.0018100137972856675,-0.003568912493519788,-0.0017588986962341205,-0.002264817902899619,-0.003914453316934778,-0.0022509334855979612,-0.0008862878478489433
2019-06-13,0.0006973917901683745,-5.105162324585356e-05,-0.0015330601550121725,-0.0014820085317663188,0.0006027687317569471,-0.0015554572659295756,0.0003092541248545046,-0.0018444666714025892
2019-06-14,0.003673059797350521,-0.002545091224460912,-0.004410609554516304,-0.001865518330055392,-0.004325481129320363,-0.003110702330820151,-0.0033168293088473417,-0.002677649773720573
2019-06-17,0.00037857861128792747,-0.00046845953383420005,0.0009155103012718768,0.0013839698351060768,0.000281557571296433,0.000558960622516147,-0.0006983789180807776,6.867357778062022e-05
2019-06-18,-0.0024342481015270662,0.0008591692748423252,0.00438482043297353,0.0035256511581312046,-0.0008199351989281937,0.007946041109056686,0.0029205291005874956,0.005442211642223989
2019-06-19,-0.00345661339579726,0.0035238716683834385,0.00483033811767089,0.001306466449287452,0.004081050350244775,0.006502504521235242,0.004010056846677252,0.0025319345791160464
2019-06-20,-0.006264620826942834,0.007029217371519016,0.0035815789342519555,-0.0034476384372670605,0.008545603116136951,0.004513086153219437,0.005860480404730528,0.007248552934990012
2019-06-21,-0.0009951162318478923,0.0019435667475033204,-0.00011486584338774031,-0.0020584325908910607,0.004111220759678115,-0.0021932380488293157,-4.700724677741963e-05,-0.0014152704512655119
2019-06-24,-0.0021189633134766975,0.0032329626900394694,0.0008363778029484292,-0.00239658488709104,0.0024461430938484234,-0.0005634502010612626,0.0003664837899248208,0.0026412634120399625
2019-06-25,0.0009685473507652992,-0.0015155299165878918,-0.0010728056092192961,0.00044272430736859566,-0.0017298609227963887,3.0361808747677205e-05,-0.0014721804958915316,-0.0007947655721030807
2019-06-26,-0.0011769670852930449,-0.0004397762450850536,0.0019211572984579317,0.0023609335435429853,-0.00269180941052618,0.0026030808883767222,0.002134644517730663,0.0002443854759885955
2019-06-27,-0.000634314665751251,0.0006097947952300228,0.0017969336966285887,0.001187138901398566,0.0005124155039323239,0.0011669534413828824,1.4054388392343536e-05,-0.0002074051272904128
2019-06-28,-0.0004224286354578033,0.0006319713711783258,-0.00017638894011060002,-0.0008083603112889258,-0.00020666330459072,-0.0019559552800116897,-0.0024887126986183894,0.0005587318592174354
2019-07-01,0.0023417949851344084,-0.004735860720797326,0.0018275615161189862,0.006563422236916312,-0.008051488639296223,0.0053488162230996466,6.177944319537712e-05,0.0026831008399522682
2019-07-02,-0.0004733196728854157,0.0017491254761308685,0.0005874542958600182,-0.0011616711802708503,0.0021191613060141216,0.00029261773831853094,0.0006893013491341178,0.000420540071684498
2019-07-03,-0.0011693515956968312,-2.8572857757043707e-05,0.0023822948403286193,0.0024108676980856628,-0.00014111323141123162,0.003349426598215984,0.0026846925566715385,6.629255414714041e-05
2019-07-04,-0.0005747702084495244,0.00016921122064964965,0.0018681474958159305,0.0016989362751662809,0.0007757849480670599,0.0022503213056457305,0.0011010588317709974,0.0017655370374033048
2019-07-05,0.004529897275621659,-0.005618237351548249,-0.004164685086757797,0.001453552264790452,-0.005958330479728772,-0.003949222008388172,-0.003417122833448289,-0.004167696270753973
2019-07-08,0.0015466992932479232,-0.0009101144314743025,-0.0023085139826658496,-0.001398399551191547,-0.0018615995074901849,-0.0022751372304484763,0.0004012379116539812,-0.004814296755220493
2019-07-09,0.0014546862051891024,-0.0004039984880193514,-0.002421537014534375,-0.0020175385265150236,-0.0005077196843836273,-0.001871094783143475,-0.0021068130233735027,-0.0003341973366505213
2019-07-10,-0.004030029180468011,0.004011903774480078,0.006056219053165585,0.0020443152786855066,0.00381742525278329,0.006807976314902857,0.004107709969906329,0.004858600154465005
2019-07-11,-0.0012754059181266264,0.0005933923825258711,0.0010910455100835437,0.0004976531275576726,-0.00020535436707354535,0.0018240960198301348,0.0014637660377273226,0.0002686284555175611
2019-07-12,-0.0010343488735682768,0.0006103433996906753,0.000536063101953782,-7.428029773689322e-05,0.004346709106741952,0.0010020940163137186,0.00223518160637778,-0.0025020101000494677
2019-07-15,-0.0003612090391664245,0.00046809872850376655,0.0013474213852914252,0.0008793226567876586,-0.0005340978649716553,0.0015713148825238221,-0.0008673013256507474,-3.790874603563458e-05
2019-07-16,0.002434482869762415,-0.0020822674245232963,-0.003104246744068978,-0.0010219793195456817,-0.0035291485270753068,-0.002804080735658817,-0.0028415084067738455,-0.000725220997831418
2019-07-17,-0.000515958100595202,0.0010641659614582218,-0.00046809948883844155,-0.0015322654502966633,0.0014310102059881004,0.0008325304222879989,0.0012505857574450219,0.0009007476994863373
2019-07-18,-0.004575998522978729,0.00413947946910816,0.007155567208620955,0.0030160877395127954,0.0056829906442616525,0.007756280017331345,0.004177311764782516,0.00475137076984881
2019-07-19,0.0029235860069274783,-0.003071817422417609,-0.003921784256043753,-0.0008499668336261444,-0.003101771444935795,-0.004022043411131104,-0.002696586933233753,-0.0026726189862060767
2019-07-22,0.000714352432675748,-0.0004958211525865472,-0.00014370762802640158,0.0003521135245601456,-0.0009192953828092501,9.934633603133254e-05,-0.001208971469091269,-0.0013674932990249318
2019-07-23,0.003782602342966668,-0.003400905104735728,-0.00566586405404973,-0.0022649589493140016,-0.0038972719900278677,-0.005501012328258985,-0.004073589129324754,-0.0029048340927759395
2019-07-24,-0.000741211568982091,0.0011386004118846553,0.0014753881280327452,0.0003367877161480899,-0.00010026803126567003,0.0012601871648441805,0.0010156234578241727,0.0007021496920302331
2019-07-25,0.002157530672200903,-0.0020219000677791053,-0.0018986749208983467,0.00012322514688075867,-0.0031950308856839305,-0.0028362922779053092,-0.0014548809114265926,-0.0015415930601543708
2019-07-26,0.001962422474762141,-0.0010524252245266506,-0.0024195158873347167,-0.001367090662808066,-0.0016284394320805213,-0.00319614373470715,-0.0018549616502971933,0.0015093431793105072
2019-07-29,0.00032795926071158666,0.0005019627999087149,0.0018213595423601514,0.0013193967424514365,0.0008415072510900134,0.0003666333485421817,-0.0019262696412883442,0.0019191508018755095
2019-07-30,0.00033294392179010685,0.0007654143847080617,0.0004531227186692355,-0.0003122916660388262,0.0012695649544865982,-9.701928547682186e-05,-0.0017962260747678785,0.0023632057528719663
2019-07-31,0.0035987816537478043,-0.0035904250251903593,-0.003985684331593686,-0.000395259306403327,-0.0040704519555129805,-0.002998276427870983,-0.002795650848717825,-0.0019297693017687652
2019-08-01,0.003363480884572191,0.0006674804248842604,-0.006756377339374148,-0.007423857764258408,0.005878786620154108,-0.010467103280861792,-0.005138860195499259,-0.0014319716931575262
2019-08-02,0.0014181773185195914,0.003107253219678748,-0.0032439972804013395,-0.006351250500080088,0.005812656394434984,-0.0057125036279158286,-0.004559926753666533,-0.0003146316055987475
2019-08-05,0.003527915680248503,0.0015133086584982048,-0.006941482362002038,-0.008454791020500244,0.007749909696860956,-0.012612013891484475,-0.00843116918363483,-0.005696269738715769
2019-08-06,-0.001599302852649011,0.0007847297558312609,0.0022853798826525107,0.0015006501268212498,-0.00276325645617369,0.003741624590144821,0.0016550205519781686,0.002593794992992097
2019-08-07,0.001598564024692062,-0.000338135650466483,-0.001553997672258417,-0.001215862021791934,0.0010039577516313299,-0.00197080008539278,-0.0024562659866806075,0.0006298549940172427
2019-08-08,-0.003344460471902433,0.001333067212117964,0.0051061602260936145,0.0037730930139756504,0.00026699460258765295,0.008873019295685292,0.00782944779659206,0.004158039103288195
2019-08-09,0.001275484182528549,0.0009770925960922677,-0.003182083939803987,-0.004159176535896255,0.0026425338226937385,-0.005014133168620464,-0.0011575417330936097,-0.002463242494522788
2019-08-12,0.0021390623468550926,0.0001904468462716525,-0.005562463217961583,-0.005752910064233235,0.0026841928179590045,-0.008336382102899184,-0.005027743776229522,-0.003864789202611315
2019-08-13,-0.0011681920809653852,-0.0013316313990921393,0.0018674498448931764,0.0031990812439853158,-0.008323841401548604,0.0045643029242726785,0.0038772510825324036,0.0011713239769912305
2019-08-14,0.005441508445990182,-0.0033641569565224863,-0.009783470001730826,-0.00641931304520834,0.0027861633376370376,-0.012160988502656936,-0.010026231368243448,-0.0028964297966593464
2019-08-15,-0.000369348363447025,-0.0011564397600372623,0.0026636344068401985,0.0038200741668774608,-0.002710585126999633,0.005048335888876913,0.0016177416181333598,0.0009256402630255511
2019-08-16,-0.0009955235793711807,-0.0010574337812615919,0.0011224501346424054,0.0021798839159039973,-0.0019428383803210315,0.00047398928720917183,0.0010847326070128377,0.0009349269116956105
2019-08-19,0.0032136851973722856,-0.0007651236739449428,-0.008948453199337625,-0.008183329525392682,-0.002280029293059061,-0.008737784240719507,-0.0038487603556321176,-0.004073522381709031
2019-08-20,-0.0014567778556181282,0.001687432760468037,0.0005416996928020723,-0.0011457330676659648,0.00318646176849966,0.0017912903412063974,0.00262000070341502,-9.838812713317917e-05
2019-08-21,-0.001056484763953308,-0.0002093887733373794,0.0035540683854174415,0.003763457158754821,-0.003233144669693714,0.005500059936504413,0.0032609031197947985,0.0004656001478055005
2019-08-22,0.0022415224839397734,-0.0007634107089208807,-0.005422620118602006,-0.004659209409681125,2.220591025122014e-05,-0.0053554952997731204,-0.003310938807713445,-0.003707976716171698
2019-08-23,-0.0010445412015243347,0.0047254645410956695,-0.0005023314439674964,-0.005227795985063166,0.008272161971972398,-0.003997687194611095,-0.0032466014217543615,0.0031107335869098676
2019-08-26,0.0027732472349597057,-0.0030745768750029467,-0.004697104441632516,-0.0016225275666295691,-0.005024561951836054,-0.004699625511378924,-0.0020877688292392305,-0.0037339375465665534
2019-08-27,0.0008858486873207576,-0.0001235669875955911,0.00020285871303518666,0.00032642570063077777,6.296238492565474e-05,-0.0015785333188678512,-0.0013045626694110357,0.0015977162320990705
2019-08-28,0.002262159129226631,-0.001502232731070832,-0.0038310493197285522,-0.0023288165886577203,-0.0017200605658116905,-0.003514845287039344,-0.0032969645155223764,-0.0011152189060888256
2019-08-29,0.00036590081307028726,-0.0017140026697650178,-0.0004017707236029233,0.0013122319461620945,-0.0035335891221809843,0.002038571293023872,0.0006639425654927604,1.0058583741664092e-05
2019-08-30,0.00046619925701101424,-0.0014835041393254807,0.002087814432630536,0.003571318571956017,-0.0024844541223372272,0.003638403868368223,0.0007246595158505453,0.0008734376463603496
2019-09-02,0.0018880058544693363,-0.0013277760655939145,-0.0027010863542342445,-0.00137331028864033,-0.0006178835062611287,-0.002465909080115717,-0.0022322468127553324,-0.001325871001707113
2019-09-03,-0.0018912714078631477,0.0011401042079340789,0.004998669257217869,0.00385856504928379,0.0023612404520065755,0.005730797717323395,0.001748475831012643,0.0027731276224924515
2019-09-04,-0.006310953181122229,0.0036941054991364883,0.010313332720652657,0.006619227221516168,0.002470994906813692,0.013403012798664368,0.00881939754913372,0.0033339925655902305
2019-09-05,-0.0006669607277097277,-0.0009535326259560027,-0.0018515824385517687,-0.000898049812595766,-0.0034378371975169845,-0.0015839203397025974,0.00040767066253452215,-0.0012099775077918002
2019-09-06,-0.0025690442198799093,0.001028173716661708,0.003651440785033072,0.0026232670683713644,-0.0006230719118143624,0.0056551251894806365,0.005297154604721196,0.0014315487604755022
2019-09-09,0.0003175015053796493,-0.0009808812827720801,-0.0008267232206788933,0.00015415806209318687,-0.002036414827090847,-0.0023359321575789163,-0.0013388845699826965,-0.0019318892429442958
2019-09-10,-0.00014629440400278288,-0.0012253974401132879,0.0006777216911424133,0.0019031191312557012,-0.0010501416846218047,0.002361693485636418,0.001112289348019919,-0.0008232597173447967
2019-09-11,0.0008790868946295382,-0.00018430131400866705,-0.000325297633004068,-0.00014099631899540095,-0.0021313238040754066,-0.0002620105703969866,-0.000730484986179011,0.001297902544056484
2019-09-12,-0.0037970217271799077,0.0035347748482715785,0.0062945569810139435,0.002759782132742365,0.0015430512558810823,0.005930359775325263,0.0007823606809632995,0.007128029530054647
2019-09-13,-0.00047854263496111254,0.0002683661131704686,0.00021564245843488927,-5.27236547355793e-05,0.0004230437709747126,-0.0009511944952835435,-0.0015042990323545819,-0.0009273058631637706
2019-09-16,0.002940722999993337,-0.002563260240483968,-0.005508250600216313,-0.0029449903597323452,-0.003131778352637737,-0.0032713680288078972,0.0007277431188041361,-0.003572092066036666
2019-09-17,-0.00034302202252302816,0.0004980316533791952,0.0012299357659298071,0.000731904112550612,0.001959582387890886,-0.0006050251875197032,0.0003460670369332714,0.00042422295433756457
2019-09-18,0.0016627344406380535,-0.00214501044667931,-0.0004176930741459084,0.0017273173725334016,-0.003705175800272693,0.0001797620255770497,-0.0018992053003271195,0.0002990641242069936
2019-09-19,0.0009509486485406287,0.0020479437236137162,-0.004129395832526611,-0.006177339556140327,0.003228070650906066,-0.005913558245186283,-0.002859788962251142,-0.001832917351401046
2019-09-20,0.0014230469325320172,0.0005192142004850029,-0.0021746594183661705,-0.0026938736188511733,0.001385422128714459,-0.0027138002327968445,-0.0019279103639995774,0.001073277421629289
2019-09-23,0.0008692480508410878,0.00012247356233547474,-0.0011926254008120807,-0.0013150989631475554,-0.00037278766449168793,-0.001192659722746181,-0.0014551018275563948,0.0015035543406225111
2019-09-24,-0.0017983433242662438,0.002058152984532792,0.0017506994190397696,-0.00030745356549302227,0.003791030344211325,0.0010151621377766373,0.0012040373050273914,8.981668026331047e-05
2019-09-25,0.0037220494129328557,-0.0043982452363088825,-0.0030531451134648002,0.0013451001228440822,-0.006681391614941204,-0.0011919813411941742,-0.0013924814071991168,-0.0011922773995527807
2019-09-26,0.0015558796128235402,-0.00042828488968341984,-0.0027729179670338278,-0.002344633077350408,-0.0014301949924219225,-0.003022858985793427,-0.0025907911880416667,-0.00020441487277145232
2019-09-27,-0.0002896390904591361,0.00036596472441411483,0.00047183524437005575,0.00010587051995594092,0.0011332597780785052,-0.0018550127999492627,-2.4459151919969152e-05,0.0005438639881864363
2019-09-30,0.001228956847541688,-0.0018932349108057315,-0.0004387774286746249,0.0014544574821311067,-0.004017916904756414,-0.0006647090406480816,-0.001205313804142413,0.0006844588766355963
2019-10-01,0.0017561851026328319,0.00010165639695060421,-0.00450247833268641,-0.004604134729637015,0.0034874183942412928,-0.006136472097193775,-0.001797395654961715,-0.0036453911050662313
2019-10-02,-0.0012853299389655366,0.0008193327481181157,0.003684691517111288,0.0028653587689931722,0.0014669446438260198,0.00270374748565938,6.160874548828885e-05,0.0015914093585402227
2019-10-03,-0.0031646339591833174,0.0007327615062590388,0.005498574199365752,0.004765812693106714,0.0002531815876442545,0.007428632329633274,0.00466072323255136,0.001924925079856199
2019-10-04,-0.0023806788418194672,0.002341069613471174,0.0038087579429117446,0.0014676883294405707,0.0015410790452150631,0.004473659627234931,0.0032335493748154747,0.002855765190357351
2019-10-07,0.0037502493948241193,-0.00283759229688884,-0.007233172078461053,-0.004395579781572213,-0.001067253994870694,-0.009185646143300827,-0.0035253813435842823,-0.005851498414005045
2019-10-08,0.0009774684948997098,0.0005283725423440419,-0.001568423430076793,-0.002096795972420835,0.0008174858129636054,-0.0010390182165648243,-0.0004917580791448899,0.0001416327627398184
2019-10-09,-0.0001734764719968351,7.149519517320418e-05,0.0002822493591800035,0.0002107541640067993,-0.0017278848312743892,-0.000911663508963656,-0.001003800816389693,-0.00046817091121698073
2019-10-10,-0.003596010567651377,0.001654649264319226,0.00479946726416558,0.003144817999846354,-0.0009203124296237259,0.003962284500603097,0.0024152613407802787,0.0018372061128260064
2019-10-11,-0.0033541994578030992,0.0007256624953820513,0.0032111330758811396,0.002485470580499088,-0.00015001739061572334,0.004175535666856652,0.004070950855263623,-0.0011296495165880789
2019-10-14,0.0013215149189638707,-0.00022611113299935326,-0.0018199755304080245,-0.0015938643974086713,-0.00048162953002683283,-0.0017607303053941425,-0.0010910523419910437,-0.0018131514898474348
2019-10-15,0.0008046046963830273,-0.001075543017207342,-0.0023388782895843174,-0.0012633352723769753,-0.001775053241782909,-0.003753676571798851,-0.0024136485593866624,-0.0011443368107246406
2019-10-16,-0.0008918310412821887,0.0010919131655203478,0.0024679898803940947,0.001376076714873747,0.002657135714061048,0.0013521166403322276,0.00015577603983909664,0.0010315443606845702
2019-10-17,-0.0038229845283059873,0.00310413517892474,0.004131060328121772,0.0010269251491970316,0.004203391134058126,0.003035064894067759,0.0006763768478859385,0.004222765564088664
2019-10-18,-0.003153002092152423,0.0026046589442408554,0.004653722898080692,0.002049063953839837,0.0034114428187731484,0.005671261494487527,0.0040277499259581285,0.0019370336872304532
2019-10-21,0.0006976799871023886,-0.0002164635581821657,-0.0009045297311305323,-0.0006880661729483665,-0.00173605707355778,-0.0026513301000003673,-0.0008097213287210438,-0.0005981362739973332
2019-10-22,-0.00046597766892072097,-0.0010176647956895962,0.004361024905967903,0.005378689701657499,-0.0015984462833639856,0.006415225270396878,0.0019259637098237065,0.0011897178396304737
2019-10-23,-0.0016012339610264198,0.00017900242709940656,0.003371271153963601,0.0031922687268641945,-0.0008501877928568444,0.0056359044193007675,0.00409386769378275,0.0025229156196742153
2019-10-24,0.002026457368611174,-0.0010427575395019922,-0.003393638377968883,-0.0023508808384668906,-0.0010720326266943326,-0.0029569282241964645,-0.0012901478958215076,-0.001854981253813966
2019-10-25,-0.00017189377150774962,-0.0003768907392926414,0.002149105706896276,0.0025259964461889174,-0.0015957704845103796,0.0034679828732796882,0.0015066291744939009,0.0010286123848462687
2019-10-28,-0.001229946336799923,-0.00041493076493170217,0.002685656010899956,0.0031005867758316583,-0.00035287019924660584,0.0028965696121374305,0.0003392127549546796,0.001112993187374493
2019-10-29,0.00015161986101287574,0.0007841896360050042,-0.0014572159412242769,-0.002241405577229281,0.000792304459277603,-0.0009394905602017056,-0.0005396309080987998,5.782631890660639e-05
2019-10-30,-0.00040051328941651627,0.0020592792135405,-0.0006293345900556802,-0.0026886138035961803,0.002789841597673754,-0.003186636415893932,-9.765760626353639e-05,0.0018822354340468268
2019-10-31,0.00021545737565610405,0.0014884034330958982,-0.0028807047406724517,-0.00436910817376835,0.00352811086608166,-0.0035539112786395397,-0.0017071595432066125,-8.380684526239819e-05
2019-11-01,-0.0027413453671407116,0.001532955027882236,0.003489420364597484,0.0019564653367152482,0.0002898010623805849,0.005944597293416416,0.006274717832631949,0.0014189236543369714
2019-11-04,0.00136996563079852,-0.0014341070697743295,-0.0015972514606140131,-0.00016314439083968358,-0.003142628298392959,0.000288339269070866,-0.0024767058307673673,-0.0011653031287405617
2019-11-05,0.0008842948500075562,-0.0017824734836905587,-0.0007718179068118836,0.001010655576878675,-0.005065158157114241,0.0020634526816429113,0.000529652852219358,-0.0006439179716333973
2019-11-06,0.0012944818409946347,0.0003315151577204195,-0.004142223238692538,-0.004473738396412958,0.00035788386310335656,-0.005805323275989187,-0.004213669787901957,-0.001084949537822492
2019-11-07,-0.00018819869613114369,-0.0011579732252778342,-0.00021682006204115645,0.0009411531632366778,-0.0022289777170150147,0.0013769045461177187,0.0013410801566208377,-0.00013662368881576606
2019-11-08,0.0032752707281536583,-0.0016252569401603062,-0.004925009601411012,-0.003299752661250706,-0.00173792832679932,-0.005244915355670288,-0.0038484230389169466,-0.0016030774812609467
2019-11-11,0.0005685079449739583,0.0005037448273858524,-0.0009974115624963587,-0.0015011563898822112,0.002495259948250185,-0.00068401258073895,0.0003248193065399918,-0.0012966464778709774
2019-11-12,0.0034054247964696964,-0.000923597368854965,-0.0037068557592311036,-0.002783258390376139,-0.0005029227473868711,-0.006523615994660077,-0.005554939377667807,-0.0010627516544340354
2019-11-13,0.0006078419042922298,0.0011365936488293197,-0.0002320210455782623,-0.001368614694407582,0.0015293765784941628,-0.0002567128605267162,-0.0016600297662753918,0.0003232586224076739
2019-11-14,-5.403629369574056e-05,0.0021129249458592984,0.0007994565516140639,-0.0013134683942452345,0.002480896451943925,-0.0011405712378229256,-0.001223534033100366,0.0013963726015156312
2019-11-15,-0.0035741764873570433,0.0005230949567492835,0.003300822425932798,0.0027777274691835143,-0.0008084335317241122,0.0038889800739179505,0.0035218188172949955,0.0007072126226115675
2019-11-18,0.0008328435544565294,0.0010961655416176484,-0.0030613934160938494,-0.004157558957711497,0.000935180142794882,-0.003721938491151285,-0.0026009032497189555,-0.0004978976109734449
2019-11-19,-0.0003576261400637901,-5.5855410881003754e-05,0.0032058880157754543,0.003261743426656458,0.0003234538013391526,0.0023317527536758087,-6.404992963514917e-05,0.0013239158003440406
2019-11-20,0.0012047460411905614,-0.0005653560607396613,-0.0015570250901125182,-0.000991669029372857,-0.0005637056417539214,-0.0015315425306831425,-0.0016383635848201841,-0.00022336269312435894
2019-11-21,0.00024801790070190543,-0.0003310616249532647,0.0007127024822435601,0.0010437641071968247,-0.0012530154245710726,0.003121414242518661,0.0016475692357474925,-0.0009326074770940421
2019-11-22,0.0016880995247698476,-0.00142415142694469,-0.001582541006057231,-0.000158389579112541,-0.0025274765603101696,-0.001148669426422666,-0.0007969441514681295,-0.001302152259407811
2019-11-25,0.0002834908615542747,-0.0002644128531955223,-0.0027834990779132263,-0.002519086224717704,-0.0008484406721282731,-0.00361796245026876,-0.0021975094898112335,0.00017239430800612224
2019-11-26,0.0006048607875856653,0.0007433884697597779,-0.0010841286714495524,-0.0018275171412093303,-0.0003665591167879181,-0.003760974687889792,-0.002063776686569826,-0.00022356991393727524
2019-11-27,0.0017417278813223799,-0.0011573776749802538,-0.001363567630390805,-0.0002061899554105513,-0.002892467438954495,-0.002695633020643499,-0.0021864120052562425,-0.0013074070181050557
2019-11-28,2.1683745172037996e-06,7.773767351400366e-05,0.002871619538373449,0.002793881864859445,0.0006582488507562178,0.00405732573674696,0.002403415777641804,-0.0001306687081951511
2019-11-29,-0.00032077389615021014,-0.00036984225658650183,-0.0009572291625521978,-0.000587386905965696,-0.00029156895231289014,-0.002069456819444889,-0.0032610137833695785,-0.0006445984609215009
2019-12-02,-0.003081764058100684,0.0027515799769254508,0.004602138915266951,0.0018505589383415004,0.006403155894335812,0.0022501400813209615,0.0015287910838925889,0.000329672325672159
2019-12-03,-0.0004957326725880182,0.0009359052625167916,8.26343598365753e-05,-0.0008532709026802163,0.002638403433387905,1.2933949783004254e-05,0.000710381297166932,-0.00035223040059306765
2019-12-04,-0.001977158197551521,0.00013716213205703168,0.0016378813513428236,0.001500719219285792,-0.0013615453162329945,0.002817292012874506,0.003393015949049925,-0.00015618242976696747
2019-12-05,-0.001751854997190344,0.0012390287030483967,0.0021952904291447084,0.0009562617260963117,0.0015754515384283716,0.0016079021594992415,0.002308242515661331,0.0007801524351131276
2019-12-06,-0.00037854402781501887,-0.0007326539754510402,0.00043187063614849586,0.001164524611599536,-0.0019401392382540933,0.0040416313745974914,0.002985431618638401,-9.92089091126728e-06
2019-12-09,7.855204048755245e-05,0.00010559562140796349,-0.00036149981977268153,-0.000467095441180645,0.0010469861668776417,-0.00023488610324036893,0.0007014821019726757,-0.0007172323147646523
2019-12-10,0.0001691109867750552,0.001011361856707668,-4.765869946948831e-05,-0.0010590205561771563,0.0016628341295955654,-0.0010426144067064251,-0.00030943484498261294,0.0005471188031245985
2019-12-11,-0.0036856002275577724,0.002907037285146597,0.003835101086413606,0.0009280638012670087,0.00205997137679095,0.004566497162665513,0.004753614927392783,0.0010038966574085946
2019-12-12,-0.002145517593333253,-0.00011713626940033396,0.0037885184792651183,0.0039056547486654523,-0.003021654678003402,0.004711120104597029,0.0022182353807793337,0.0033637530717566624
2019-12-13,-0.0004916521197059181,-0.0003651079669088038,-0.0005421908214703064,-0.00017708285456150257,-9.538433780094159e-05,-0.0012455149366982592,0.00021588606834594643,-0.001734155539904784
2019-12-16,-0.0019118721962003878,0.0006682893187991909,0.0031035939958728165,0.0024353046770736256,0.0009030338170524788,0.004424732610592175,0.003925483688500201,9.336311978080936e-06
2019-12-17,0.0005924745195195162,1.8052686645039177e-05,-0.0017564800182253981,-0.0017745327048704373,0.0008329651798060465,-0.0008145933178703713,-9.688976541013686e-05,-0.0010714526507478912
2019-12-18,0.0005506149310228643,-0.0013277398772460133,-0.0012155387748410962,0.00011220110240491715,-0.0012753841392009746,0.0007907279581403174,0.0014465758553634442,-0.0014426152328218533
2019-12-19,-0.0008728439416132984,0.0014947799253729635,0.0006169750511678396,-0.0008778048742051239,0.0014377271906056872,0.0011401799001008832,0.0009386440697539926,0.00011400545694747095
2019-12-20,0.0010090560720949784,-0.0008360391339072137,-0.0021455709589161265,-0.0013095318250089128,-0.0029491589933379517,-0.0028750535413587888,-0.0023205588208830958,0.0009187555217174218
2019-12-23,-0.00037617025403437817,3.260977793833166e-05,7.226562820328297e-05,3.9655850264951314e-05,0.0007114222988494357,0.0022655802929515043,0.0016918505735218834,-0.0011781149020812693
2019-12-24,-0.0006661309908199647,0.00040582093948035407,0.0001817023740600665,-0.00022411856542028756,0.0005266064712712062,0.0011490860901284632,0.00102884412513984,0.00011721848075522494
2019-12-25,-0.00043399855412653687,0.0008879046878555348,0.00035501321410169595,-0.0005328914737538389,0.00026308625027707255,0.0002856516062136327,-7.588692610063388e-05,0.0011034273754939223
2019-12-26,-0.0012904485012848895,-0.0003901292789819052,0.002270941555873096,0.0026610708348550013,-0.0010651161731068635,0.002568050423064183,0.0026079452198475533,-0.00048265738862574015
2019-12-27,-0.0029380194906520746,0.0035220906749128815,0.003129309925122531,-0.0003927807497903506,0.0052017573859594055,0.0014880211088819466,0.002205917831727871,-0.0003207057704560275
2019-12-30,-0.0014147615879198053,0.0023923999105743,0.00045454626187965697,-0.001937853648694643,0.0042529803484715285,0.0004436992610103996,0.001295533859448607,0.0025525429736990755
2019-12-31,-0.0023001151977815925,0.002501678493515981,0.0016461876550494248,-0.0008554908384665562,0.001634744141264917,0.0017350607142246899,0.0012988858691476385,0.0027124479645833643
2020-01-01,7.861930839980096e-05,-0.00018095243863673702,0.00025170645722358276,0.0004326588958603198,-0.00021096550742129988,-6.408364989067088e-05,-1.3596637959610383e-05,0.0002470367200492947
2020-01-02,0.0009334769038975318,-0.0026140536607830844,-0.0005737254639834044,0.00204032819679968,-0.001995642055914973,0.0009238094331982527,0.0018113403497734587,-0.0034197023993039664
2020-01-03,0.0038263113315229608,-0.0019595814576704586,-0.005877417386287415,-0.003917835928616956,0.0006728790736474748,-0.0059660869805697,-0.003055541611856346,-0.0022535312526169213
2020-01-06,-0.0011557590550405668,0.0008721683619368754,0.00253747815588784,0.0016653097939509647,0.0017271201576918478,0.0024609411855386343,0.0022846385775713057,-0.00077215277353615
2020-01-07,0.0020828593195034543,-0.0018563877265604933,-0.002958479698676575,-0.0011020919721160816,-0.0021749813645788874,-0.002062087804048337,-0.0028352708121615927,-0.0009960228079732847
2020-01-08,-0.0006837991319857924,-0.0018001532825486092,0.0032745575994640452,0.005074710882012654,-0.004801670987494883,0.004946250765751614,0.0007839903005525077,0.002297985616093475
2020-01-09,0.0008975409720832062,-0.0001612276035795686,-0.0006963818230250607,-0.0005351542194454921,-0.0009384059938074204,-0.0007779372268884958,-0.0020204543060176605,0.002294959486390876
2020-01-10,-7.12749918179796e-05,0.0003314538510715689,6.385250864326952e-06,-0.00032506860020724195,0.0008909593928447789,-0.0014790280106893687,-0.0005046311005210057,0.000777391270517791
2020-01-13,-0.0005419154386881644,0.001157530406399189,9.991042995213806e-05,-0.001057619976447051,-0.0004745928948637716,-0.0010563549350153985,-0.001989359122528226,0.0015000430236535116
2020-01-14,-0.00012979915886024245,-0.00016832015314807757,0.0005968243933760775,0.0007651445465241551,0.0008727567227553289,-0.0005942593035936916,0.0001788592691389011,-0.0018352129959402867
2020-01-15,-0.0001925509493244232,0.0008944655779047168,-0.000564993156054544,-0.0014594587339592608,0.0020678664264633085,-0.0017918430953177689,-0.001464748236130377,0.00016155659349070817
2020-01-16,0.0009487793746026636,-0.0012174572914437918,-0.0013154841998623823,-9.802690841859054e-05,-0.001362001812270107,-0.0009947389139614387,-0.0017242637823818377,-0.0012147276316828808
2020-01-17,0.001460389093559874,-0.0016712112371402481,-0.0016838054226701316,-1.2594185529883443e-05,-0.002651422306469931,-1.8535864861520443e-07,0.0005812894023797968,-0.001516734393054775
2020-01-20,1.2108270097977445e-05,0.0002496096740670006,-0.000988638765899913,-0.0012382484399669135,9.391278821953518e-05,-0.0021854278021287885,-0.0011864807639107577,-0.0001375828234119932
2020-01-21,0.002104704949135323,-0.0008220172376521215,-0.002132671876372144,-0.0013106546387200227,0.00043638122315000266,-0.004053751751267876,-0.0038794650309993644,-0.0027960665395049635
2020-01-22,-0.0015287796457176836,0.0008754529855264934,0.002777801966965976,0.0019023489814394825,0.0006177333718341121,0.005697114251558018,0.0022198116365112564,0.001716179043461293
2020-01-23,0.0020482388960253017,-0.0013620043068420648,-0.0027522058320772202,-0.0013902015252351555,-0.0004543386689949853,-0.002569060785020172,-0.001530864839835912,-0.0019746705272138954
2020-01-24,0.001145769361854124,-0.0010768752036811103,-0.0006385528367581772,0.0004383223669229331,-0.0010107882854937394,-0.00026486901648640576,-0.0019008348478477782,-8.452476299406857e-05
2020-01-27,0.004088084523483577,-0.001997715016941886,-0.005202551160717633,-0.0032048361437757474,0.0014990694182016318,-0.006883168415884211,-0.0053060632903950454,-0.0024159285017496535
2020-01-28,-0.0006698435225822988,-0.0003141446040114183,0.0023336044522835053,0.0026477490562949236,-0.001810216228063392,0.002935828047381609,0.003072714905732767,0.0005171134093433505
2020-01-29,0.0017397654139092327,-0.0009652439641116162,-0.0026158137567744433,-0.001650569792662827,2.649654555491691e-05,-0.0022403847848255034,-0.002133010717238109,-0.001873947768115447
2020-01-30,0.0017725094636932806,-0.0006989726340832863,-0.0024958374276477513,-0.001796864793564465,0.002027175525047494,-0.004463745928663054,-0.002380322707565671,-0.0038605147860647135
2020-01-31,0.0008059812512854909,0.0010209313528137484,-0.002653220424331859,-0.0036741517771456075,0.005789482845828814,-0.005690507490579237,-0.0027808348010812983,-0.001602289393107618
2020-02-03,0.00043136105159503457,-0.00029560694825168585,0.001093268523180535,0.0013888754714322209,-0.002846829271298803,0.003073658816263943,0.0004171441228696155,0.002243216273878098
2020-02-04,-0.0024413731795172823,-0.00017227114324999248,0.0031429282326114194,0.003315199375861412,-0.0041858084528448745,0.004334676756901579,0.0035401008274304558,0.0015305550836213582
2020-02-05,0.0004274513255157976,-0.0018614049964025634,0.0006712671512202062,0.0025326721476227696,-0.00368378033888841,0.0016301400238393586,0.0010128109620297404,-0.00043050722519869894
2020-02-06,0.0023714184066427426,-0.0018882737355492858,-0.0037480773418036017,-0.001859803606254316,-0.001517732882325933,-0.00405514961283467,-0.0028557407851253886,-0.0020136103452937184
2020-02-07,0.00457154800420455,-0.002382479180336586,-0.006044131229901772,-0.0036616520495651866,-0.001400284393528813,-0.007377391458958253,-0.005170119707050146,-0.003282766432687471
2020-02-10,0.0001551848928889629,0.0003392799921913565,0.001077564815531118,0.0007382848233397615,-0.0008761907653575124,-0.00038822080398326353,-0.0012828655668416194,0.0017548211979652912
2020-02-11,-0.002175969918254769,0.0013734657652832013,0.0014866473330901464,0.00011318156780694508,0.0005053555640345241,0.0035276908037681354,0.0024171827688608816,0.0012551494350993748
2020-02-12,-3.5301256127735076e-06,-0.0008888998354047023,-0.0025461450892233506,-0.0016572452538186483,-0.003044029030094486,1.071520003248505e-05,0.0016702241348518579,0.00017374148397723369
2020-02-13,0.0009206599066176214,-0.000760312321825979,-0.00047244802746634895,0.0002878642943596301,-0.0005401481536943092,-0.0003684847591875669,0.00013542791273873128,-0.00038676850178716765
2020-02-14,-0.00010481335107842928,-0.0018518348520358608,0.0022466704816375416,0.004098505333673402,-0.00104462928844619,0.0020703571783411423,0.00178434110289102,-0.0010999325319584659
2020-02-17,0.0002571705078667606,0.00110141817781143,-0.0011721354189670463,-0.0022735535967784762,0.00018856584981844296,-0.0020259710743039485,-0.001418415822070997,0.0002789888144602015
2020-02-18,0.003182624994172359,-0.0026631298180556633,-0.003418607932370449,-0.0007554781143147855,-0.0021591166653748967,-0.0026647247531461637,-0.003011435712128791,-0.002299447898993686
2020-02-19,0.0006626849206550009,-0.0023540345252861757,-0.0007337544043185262,0.0016202801209676495,-0.004261108855765219,0.00035120250767602573,0.0017498061509827784,-0.003583713108441596
2020-02-20,0.004911917475574706,-0.0038596178327272366,-0.005777941775654188,-0.0019183239429269518,-0.0029832443298288998,-0.006769180041494627,-0.0052340135379300235,-0.005929690502726144
2020-02-21,-0.00240084141701276,0.0032096559386422733,0.0015519341176943868,-0.0016577218209478865,0.005462974101648901,0.0014640825445884447,0.0015324583878031214,-0.0007211481497832647
2020-02-24,0.003439939585681091,-0.0002023286179355416,-0.004527864251228225,-0.004325535633292684,0.002617056567466459,-0.007275190467916544,-0.005122349707846807,-0.0016394989539506577
2020-02-25,-0.0001194463626861559,0.0010748647709884485,-0.0007084942016581941,-0.0017833589726466426,0.0033330784108157783,-0.0020806021649268556,-0.00033951000635291343,0.0005339767352472805
2020-02-26,0.0024104259203594114,-0.00039461124344004374,-0.0048509511591700305,-0.004456339915729987,-0.0009188233232086072,-0.007118464042249806,-0.005467322521307446,0.00038573260867436066
2020-02-27,-0.0006319138953472933,0.004561076572251497,-0.003128051514067448,-0.007689128086318945,0.00929469968292354,-0.009790234720695326,-0.0050494713898546284,0.0007090913013874101
2020-02-28,0.0014014622204115434,0.004212404547674519,-0.0060063351625885,-0.01021873971026302,0.006202600041797658,-0.00819615105263094,-0.0014441572947036438,0.002653965325789135
2020-03-02,-0.005538708400360034,0.0036864515083418403,0.008223323027236662,0.004536871518894822,0.0046555971215359385,0.010813858334972207,0.006408122940282955,0.0038452481828014085
2020-03-03,-0.0024003486974369334,0.004351983004148423,0.0008410154477497822,-0.003510967556398641,0.005895782184783135,-0.0007536502459644471,-0.001934843693017163,0.004688534451099402
2020-03-04,-8.245670100673276e-05,-0.0006436842093525364,-0.00015739290629809832,0.0004862913030544381,-0.0025918336955357535,0.000533152994596405,-0.0031077439447597744,-0.001370167241871482
2020-03-05,0.0012424887431298423,0.002839842237299328,-0.005292448028683144,-0.008132290265982473,0.011379572412906455,-0.011874976046237848,-0.00601460915337331,-0.0005187885274062035
2020-03-06,-0.0011644210256290246,0.004418850488080831,-0.0015511569714236062,-0.005970007459504437,0.006896840949466567,-0.0059695717032950775,-0.0038670727248007464,0.0019004814722532275
2020-03-09,0.006415170510891225,0.003853106078545136,-0.010805710942326824,-0.01465881702087196,0.018649407256928832,-0.02708407893153268,-0.024498636955757665,0.0003585752756992318
2020-03-10,0.0038410626802958293,-0.009425023944329855,0.0006449719649773977,0.010069995909307253,-0.020775049949115828,0.006536627980999854,0.003215746377308656,-0.0028237654517901576
2020-03-11,0.005886092404173536,-0.0012951872904746363,-0.011484225936653075,-0.010189038646178438,0.003520347662202765,-0.020056097118880494,-0.015851221818254633,-0.0011952389861413042
2020-03-12,0.014177333641823034,-0.010141529285365963,-0.013965448061552505,-0.003823918776186541,-0.0046377856897957285,-0.017162116538224564,-0.0162911908287848,-0.008859636384452751
2020-03-13,0.0027827973046259725,-0.006180189161352467,-0.0028520726389601736,0.0033281165223922934,-0.014659309692913269,-0.003115206200690094,0.0009483132407375036,-0.004312101295181003
2020-03-16,0.009810371529525823,-0.0028980284898780457,-0.018082175117285187,-0.015184146627407143,0.009678494207718545,-0.022575371212680235,-0.018458698874990274,-0.00485246815119648
2020-03-17,0.007546455579108638,-0.00964266466068096,-0.007445434154109087,0.0021972305065718727,-0.016163879501031198,0.0015757198167417978,-0.0030882197662826676,-0.00287104911678282
2020-03-18,0.016938250319822566,-0.007250302515964437,-0.017851030490635106,-0.010600727974670668,-0.00608442521045597,-0.022786385285066824,-0.02667902367015735,-0.009444816070227327
2020-03-19,0.00869130186656434,-0.007908892312210253,-0.019563501511879133,-0.01165460919966888,-0.02108422401717834,-0.011443919824219884,0.0006590070998323856,-0.0068490051207700615
2020-03-20,-0.0007462163025363669,0.0013880945017405591,-0.00015076731910393382,-0.001538861820844493,-0.0004096561376009088,-0.004515383125877552,-0.00718026890234614,-0.0008035802325471186
2020-03-23,0.00620840597011622,-0.0038769411035605777,-0.016419542133668447,-0.012542601030107868,0.00032994815708716624,-0.020454322821683395,-0.009217652888678938,-0.005693598159095832
2020-03-24,-0.010339616543588679,0.00870335477341805,0.009073841041379954,0.00037048626796190413,0.003032493666687826,0.015051017722139126,0.012260713683964117,0.009525227651265436
2020-03-25,-0.0067854412579908315,0.0010203539339735338,0.011781896720464646,0.010761542786491112,0.004520631335973695,0.011841805699927358,0.015000000472325374,-0.0004437506244108584
2020-03-26,-0.014333553095860372,0.010309264186496562,0.014378852993199798,0.004069588806703236,0.01410598482966545,0.01376543957479696,0.018718647157966086,0.009972334749580073
2020-03-27,-0.0008770166768075811,0.007217984212115559,-0.005989404339278498,-0.013207388551394056,0.012674169014415928,-0.010010035112031468,-0.00892108174048019,0.0003435847891134121
2020-03-30,0.007541341540042056,-0.004124246408503033,-0.01361862301289915,-0.009494376604396117,-0.005072733877134005,-0.01601756283516235,-0.010148153561003586,-0.005540440791235353
2020-03-31,-0.000888528013247195,0.0021222425562989634,-0.0012360959100793933,-0.0033583384663783567,-0.0005148645662765619,0.0005946588785410803,0.0036942988516691566,9.044665011873991e-05
2020-04-01,0.008725123529737817,-0.007114175552912399,-0.014658989398404237,-0.007544813845491838,-0.0024581891520811874,-0.013254147369802719,-0.006876461264705631,-0.008352785433644816
2020-04-02,0.0004154378194179047,-0.0030869078439300307,-0.0016739909904389116,0.001412916853491119,-0.008366279469528877,0.0017335927083994562,0.003466587467169951,0.00368676363707617
2020-04-03,0.007234017509189103,-0.004606204553124497,-0.013748906482110884,-0.009142701928986387,-0.004602715567637908,-0.015520492417325152,-0.009808014409274677,-0.005248051444208775
2020-04-06,-0.005794172331186364,0.0026478333780644604,0.006299422597556309,0.0036515892194918485,-0.0031278984612062113,0.008662831986978814,0.009663535810410588,0.0009532981169567319
2020-04-07,-0.008483631459555316,0.005723735844446517,0.013652586971689917,0.0079288511272434,0.0078069225947059355,0.013864017797870831,0.00859395720979377,0.004557261208908647
2020-04-08,-0.0011200650638973392,-0.0015422803511953667,0.002968117890734756,0.004510398241930122,-0.0022243692286124904,0.006164371805893354,0.004840130136867238,-0.001527050674447361
2020-04-09,-0.006819240161237843,0.004984919839469243,0.010886376255102248,0.005901456415633005,0.005276037087376974,0.014293837441409996,0.006167388701652914,0.0034257777292944582
2020-04-10,-0.0010683911576104008,0.0006376487754459004,0.0016890035890876343,0.0010513548136417339,0.00012717567933271992,0.001439105188208815,0.00258833787364949,0.0003217496001447495
2020-04-13,0.0027812704622877235,-0.000844543477038784,-0.00599995293440439,-0.005155409457365606,0.001120813714741142,-0.007881983870864251,-0.0071230672292105935,-0.0023537394157455336
2020-04-14,-0.003522508202044923,0.003402660352663566,0.0038604724823363135,0.0004578121296727475,0.006236179105905494,0.0008634815188256854,0.004873816070462207,0.0012908578828087307
2020-04-15,0.009071509684983502,-0.004824757660733504,-0.012199087536044512,-0.0073743298753110075,-0.004555140088297889,-0.01464093764507198,-0.014633944779841257,-0.006227043305650641
2020-04-16,0.0029815622336329646,-0.0020824186043512946,-0.00416316975941039,-0.0020807511550590954,-0.005694332442910771,-0.005571679682625248,-0.0012339470219451967,-0.0025053986517275715
2020-04-17,-0.004391916180356123,0.0036177185410998045,0.005695550583008052,0.0020778320419082476,0.0036900028128505394,0.007418229693845202,0.006030657544717211,0.004358551034957525
2020-04-20,0.0028090178659933205,0.00018857043400519018,-0.004659826763574654,-0.004848397197579844,-0.0009765188645974171,-0.007524821528482328,-0.008559933785985805,-0.0009269928386463159
2020-04-21,0.004884925729109328,-0.0025220102967945706,-0.005185722390968706,-0.002663712094174135,-0.0012370370030383739,-0.007824948228220404,-0.008100290308046083,-0.004162593801535608
2020-04-22,0.0009986451420915337,0.0010078189939615434,-0.005432621711861513,-0.006440440705823057,-0.0016015877463068894,-0.004702402368701231,-0.0053436119281151185,0.002016140037356099
2020-04-23,-0.0004993373254240109,0.00011075616323763656,-0.003183519546045982,-0.0032942757092836185,-0.0024648838163115437,-0.003557405904879555,-7.52057542148402e-05,0.002477063859581352
2020-04-24,-0.0005413067286367297,0.0008373645391814484,-0.0007801001265465846,-0.001617464665728033,0.0025499434439567926,-0.0036977626439569735,-0.0035423255567612294,-0.0016955345393382393
2020-04-27,-0.0022178141168906033,0.0021493643344925204,0.0018763172120231097,-0.0002730471224694107,0.0003594616530427248,0.0015182645409041278,0.0021040843694970107,0.0016026101958483234
2020-04-28,-0.0031539675082423706,0.0022079505142694115,0.004860096829096133,0.0026521463148267217,0.0008984326172150973,0.008799999927700234,0.009030087036520609,0.00135220923371356
2020-04-29,-0.008268337982798373,0.0030745872984094453,0.01525454461845105,0.012179957320041604,0.002702610500052046,0.02063368367119019,0.014316465567536256,0.004928817551940301
2020-04-30,-0.0007129951142951478,0.003196856639343887,-0.0024435339211706653,-0.005640390560514552,0.0038926950764197575,-0.00894382283977646,-0.007328796405877461,-0.00107508743071368
2020-05-01,0.0036041066555943697,-0.0019064284230890767,-0.005818073213927272,-0.003911644790838195,0.002981927345175705,-0.006118627000107901,-0.0045237566133109,-0.004332412298731121
2020-05-04,0.0014606897893585462,-0.0012303204368974505,-0.0005514433775155869,0.0006788770593818636,-0.0030011790977758127,-0.00034587845683745994,0.0003524683978626502,0.0012155700570615584
2020-05-05,-0.00017117127805830058,-0.0010122765182366098,-0.0005993431779899305,0.00041293334024667923,-0.0042304165487880956,0.001795586025391686,0.002770213593587637,-0.0006284038645149407
2020-05-06,0.005595096435693716,-0.0017214106718676562,-0.010221946106031637,-0.00850053543416398,-0.0007951256821781121,-0.01239127485354737,-0.00848475049711044,-0.0051036048896269115
2020-05-07,-0.00381870405620566,0.002772967029210735,0.0025225277222960807,-0.00025043930691465415,0.0014785956505159344,0.003677384324580942,0.0028975482429374755,0.004643480083408906
2020-05-08,-0.003812612579487462,0.0010379881368923088,0.00885477675993629,0.00781678862304398,-0.00023517505721424095,0.01127999912279968,0.006681024860249732,0.001876782835956899
2020-05-11,0.004003902661465844,-0.003558859454799968,-0.005347240309196283,-0.001788380854396315,-0.004931082221063407,-0.0046567330866538565,-0.005756039342705759,-0.002826749397988696
2020-05-12,-0.0006347352408523619,0.002805892440192177,-0.0009032846337366229,-0.0037091770739288,0.00411162711683571,-0.002828429509271757,-0.002809941972232753,0.004352022397762593
2020-05-13,0.001505117676547618,-0.001687637883311643,-0.0008884168280448301,0.000799221055266813,-0.0014904295538344149,0.0004101349044772033,-8.502335354544048e-05,0.00011942968661752633
2020-05-14,-0.00017738131743548957,-0.00106899880075031,0.0041415894322627544,0.005210588233013064,-0.0014452360991228247,0.00482516756540811,0.0034928538523162434,0.0006278685912315766
2020-05-15,0.0021613287287613725,-0.0006247414514023671,-0.0022500026948367724,-0.0016252612434344053,0.0015720787039964618,-0.0009536040380320928,-0.002176689827075259,-0.001026545089963952
2020-05-18,-0.007185282767686419,0.004350512625051661,0.008797959561138408,0.004447446936086746,0.0021645832256091888,0.010101722637908242,0.0111979435935985,0.0018395700123254126
2020-05-19,-0.0024177537547134705,0.0009562732449205249,0.0042484627989006485,0.0032921895539801235,-0.0008946228201779661,0.003966340667801808,0.001054073301668996,0.002595387473733224
2020-05-20,-0.005572813618189697,0.0037245459696597623,0.008916068113585696,0.005191522143925933,0.004430978686668782,0.010305117973928782,0.006851534873099625,0.000497572207127391
2020-05-21,-0.0008974210817984656,-0.0023344609890176204,0.007675636096941774,0.010010097085959395,-0.003020681673186585,0.011785273518776415,0.006299431218947874,-0.0012909906262568531
2020-05-22,0.003103246667675942,-0.003171918336179213,-0.001829317085858595,0.001342601250320618,-0.001701121452086676,0.00015956209169265545,-0.0003672059496915768,-0.003269637595499438
2020-05-25,-0.0006781232513669368,-0.00016864564048893168,0.002933918055737228,0.0031025636962261596,-0.0006862033367350355,0.0038663173820628893,0.002642269658656271,-0.0001354118551547545
2020-05-26,-0.007891147397590274,0.0045486720584886325,0.012546141163715968,0.007997469105227336,0.005249256025757113,0.01177149787939813,0.011280599948927914,0.005395360985617215
2020-05-27,0.0012107946032680515,-0.0007516105488450603,0.000615864791903592,0.0013674753407486523,-0.0008290133909920269,0.0007194656211143938,0.0018091773897829153,-0.003988185138630307
2020-05-28,-0.0020891619489924497,0.0030994260049249855,-0.003254778756063198,-0.0063542047609881835,0.0038523282448113144,-0.003994748785854152,-0.0003120190920248289,0.0001772507249043024
2020-05-29,-0.0027686553488337077,0.0026513294318805313,0.004203821678254532,0.001552492246374001,0.0012516721345635247,0.001666960464593766,0.0016666059003621375,0.0011585712809050186
2020-06-01,-0.005497780023535993,0.003195991277992939,0.004351997241506422,0.0011560059635134833,0.0018390944980635829,0.002649224678951234,0.004640290138743318,0.003008650084665406
2020-06-02,-0.006929974295528935,0.0009017021394244398,0.012055919163658418,0.011154217024233979,-0.002754047822930155,0.017460478039001564,0.010764275279196243,0.0024208921831081476
2020-06-03,-0.0034941211769060946,0.0015847251458499332,0.007904480538800801,0.006319755392950868,0.0015490793333240115,0.011150573193448513,0.006704766661384809,-0.0009641740903140924
2020-06-04,-0.0022303014168252562,0.003600934010712994,-0.0010241204441617247,-0.004625054454874719,0.004353053626423633,-0.0020727987581907747,-0.00041196841534661487,-0.000918502766523425
2020-06-05,-0.003082795339938122,-0.000761069500585681,0.007168884958185018,0.007929954458770698,-0.005386857009368309,0.011062938895447997,0.00885582663451921,0.002189275943100292
2020-06-08,-0.0030486975371881433,0.0032603404852600175,0.005818385766458545,0.0025580452811985272,0.005501835938415349,0.0050395545182916335,0.004492230145020093,0.0030771452882426553
2020-06-09,0.001372077008482662,0.002579814552146855,-0.00430842459811509,-0.006888239150261945,0.005949988310572138,-0.007835167915545579,-0.007055570230772809,0.0005029405542116283
2020-06-10,-0.0017585785246752397,0.004249655046119688,-0.00040746996325707885,-0.0046571250093767665,0.004881028399875101,-0.0022239170707173774,-0.0027661671795867282,0.004004184602828993
2020-06-11,0.011018040295709812,-0.004508101856735109,-0.015302168466873184,-0.010794066610138075,-0.0011069465213095347,-0.019727168192820537,-0.01686599201773423,-0.004389577929328185
2020-06-12,0.0007992364074778172,-0.0017713779912389427,0.0009663770820936834,0.002737755073332626,-0.005693848748196173,0.0015567792831934584,0.0007289381289143122,0.0009178272029764697
2020-06-15,-0.0016573394923365247,0.0016248437951172819,-0.0007654217299797594,-0.0023902655250970413,0.0032227077455704947,-0.004334418880721946,-0.0010292736345357306,-0.0012112249230857113
2020-06-16,0.0025806252136156413,-0.002454367109293383,-0.005858230600814446,-0.0034038634915210626,-0.002538561360065817,-0.003430988363634239,-0.0018720868279471661,-0.002026645055296409
2020-06-17,0.0005422123922582142,0.0015187575639618199,0.00011259815116909655,-0.0014061594127927233,0.0013786973556441165,0.0011933482595749556,0.0008465595112818588,0.0001416086149605237
2020-06-18,0.004655318358300077,-0.0016745927748135735,-0.009219018534844164,-0.007544425760030591,-0.0021065687106526696,-0.011238905987966655,-0.007874359674624711,0.00023026083166562591
2020-06-19,3.72525453656129e-05,-0.0008982539821629784,0.0024248563071902207,0.003323110289353199,-0.0008239798148452424,0.004505095402100608,0.0011960464754721758,0.001081260922130382
2020-06-22,-0.003850638584194679,0.003983221649464698,0.004151925984879734,0.00016870433541503645,0.004080129065398096,0.0028781228921070934,0.004744340257359084,0.0017840361965173097
2020-06-23,-0.0029200427815346333,0.0032903542830437643,0.004279147230587144,0.0009887929475433793,0.003634624580728422,0.00606018194720311,0.0054262455524891695,0.0017551344225320564
2020-06-24,0.005453750030041949,-0.002972892515563646,-0.010228009174345576,-0.00725511665878193,-0.004391752178870762,-0.011341828985132326,-0.011737342803236501,-0.0005827564556225573
2020-06-25,-0.0007161082303372025,0.00028912989876358694,0.0004932879652815303,0.00020415806651794335,-0.0016979890437452867,0.0024050495385712356,0.0004879694147935733,0.0004132177500473973
2020-06-26,0.0035221729806134646,-0.0003084079731169049,-0.00698086753597521,-0.0066724595628583055,5.744299259224465e-05,-0.009096394188146228,-0.007945586619884759,-0.000476514617235783
2020-06-29,-0.0005544788454891071,-0.000844753275338673,0.001901794301997245,0.002746547577335918,-0.0015288065288034045,0.0015731932232509644,0.002742298456664532,0.0008460572832246216
2020-06-30,-0.0006961963113847008,-0.0002485778627275481,-0.0006741313231088397,-0.00042555346038129164,4.356434144065178e-05,-0.0020134704384928703,0.00030437973461698375,-0.0004587125498956383
2020-07-01,-0.0038599868729506047,0.000909556494541856,0.007489998569941481,0.006580442075399625,0.0024976224538693034,0.011441636323629045,0.00901484064461808,-0.00018284075140362344
2020-07-02,-0.0014115478256443597,-0.00021073775589253683,0.00122810321414904,0.0014388409700415768,-0.00024144195313152242,0.0024210797022856667,0.0029153146852177814,0.0016503778745227498
2020-07-03,-9.798881751533041e-05,0.00015017924090771247,-0.00031598320409420566,-0.0004661624450019181,2.6401008594971926e-05,-0.00017399035029430632,0.0024798455735573093,-0.00025887402529793196
2020-07-06,-0.0024284493885077018,0.0019608812525945688,0.0014921721094667273,-0.0004687091431278415,0.0035472744045307336,0.0003284765272347408,0.0011032041977254397,0.0016422444063577402
2020-07-07,0.0022720226946141954,-0.0016264958752932844,-0.00648629491764266,-0.0048597990423493755,-0.0016439986022143416,-0.005276559551798177,-0.005423748511029257,-0.002421991750409506
2020-07-08,-0.0036227897569449646,0.00292736637016311,0.00470796408950136,0.0017805977193382496,0.003935783860100889,0.004402239294313455,0.0039882445221146035,0.001038720395139081
2020-07-09,0.0009129041307513288,-0.0016245539308298714,0.00023746966531096314,0.0018620235961408346,-0.001959864012929559,0.0022106338890320507,-0.0010277101699227575,-0.0012476952426169197
2020-07-10,-0.0006052825282572354,0.00037738054773405003,0.0021921543957821032,0.0018147738480480532,0.0012233447868762112,0.0026884423765463814,0.002723821445631317,-0.0009268086563479772
2020-07-13,0.0013275469506458795,0.0003300442035778575,-0.0046893376592761216,-0.005019381862853979,-9.210863131027998e-05,-0.005628504848112392,-0.005032660368897236,-0.0011302087855168397
2020-07-14,-0.0022129756357261118,0.001633364038192581,0.00458808948065742,0.002954725442464839,0.002372872910663131,0.003793927089882021,0.003676565095501532,-0.001468542450128581
2020-07-15,-0.002260479150524887,0.000920975621694276,0.0019177028586989109,0.0009967272370046349,-0.00028383742561481395,0.001029035147558625,0.0038502464778391904,0.001625961329071483
2020-07-16,0.0028148464457722314,-0.0026113539223332743,-0.0023366682501274882,0.00027468567220578603,-0.00225460833082824,-0.0028108982435265015,-0.0015919408939958754,-0.0018845801083285558
2020-07-17,-0.0013423048889425941,0.0033752262241465584,-3.855386159490326e-07,-0.0033756117627625074,0.004534099058783198,-0.0029968422797222263,-0.0026755736426224896,0.0013338254461640424
2020-07-20,-0.002060387053604541,0.0005099231145955316,0.0028786522965119077,0.002368729181916376,-0.0003420264339025342,0.0019026587208074892,0.0035934550585237646,-0.0002255347655112372
2020-07-21,-0.007577590794287486,0.005334571401943405,0.010706910101604572,0.005372338699661167,0.0058542686150496,0.010827367645004546,0.009379244245858611,0.004262591495117392
2020-07-22,-0.0008914861085560265,0.00028339441389926487,0.0028755706631594102,0.0025921762492601454,0.0013462966748983933,0.0006330780388470089,0.0005113958713317943,-0.002028443330767793
2020-07-23,0.0014241409408758173,0.0009195776002944647,-0.002708494228618713,-0.0036280718289131778,0.003145285864631956,-0.006302581570749736,-0.005715124669843538,-0.0010398314322724866
2020-07-24,-0.0015135252148210116,0.0031897937285160077,0.0021097765367907306,-0.001080017191725277,0.005702206456913643,-0.0008231566559615914,0.0007615316199114057,0.0016529762773114613
2020-07-27,-0.005972470283771979,0.004978108990524236,0.00891955284108606,0.0039414438505618234,0.0054413881409637,0.009671724717662275,0.007353522809467582,0.0030706676510586415
2020-07-28,0.0019810090456303603,-0.0003041589410002869,-0.0044573752823901525,-0.0041532163413898655,0.0006016243233506932,-0.005610883872181042,-0.002843607279337642,-0.0021686811364361644
2020-07-29,-0.003301286778462746,0.0038659850111131683,0.0007869022858266461,-0.003079082725286522,0.004643377257746106,-0.0014235897741077992,0.0018420392415011938,0.0010743798732562408
2020-07-30,-1.1264773731744018e-05,0.0014918029439907263,-0.0010735681549136067,-0.002565371098904333,0.0034935771450541795,-0.003787415628584904,-0.0020272975822187805,0.00023505411133550869
2020-07-31,0.003461476014944227,-0.0036774436536275053,-0.005868892517892438,-0.0021914488642649325,-0.007139021371415801,-0.006529960064645938,-0.004331462105550489,-0.0016206562435091183
2020-08-03,0.0023910856412787842,-0.000468482452078511,-0.006525108838592364,-0.006056626386513853,-0.0023232217823631004,-0.008913047715189082,-0.0064035021731784925,8.877959451336626e-05
2020-08-04,-0.0008877866740939497,0.002254085271570904,0.0010103228685480192,-0.0012437624030228848,0.003427168073053053,-0.0006549252995771878,0.0012610943445064415,0.002592842887367756
2020-08-05,-0.0032206082950503776,0.0030424293531474116,0.002301262978815638,-0.0007411663743317736,0.003937363655515128,0.0006035842461810104,0.0051856065614013,-0.0015593584657770017
2020-08-06,0.0011284940609326455,-0.0005322469378458584,-0.00628459143919155,-0.005752344501345692,3.131261062547704e-05,-0.005867961273974746,-0.0006295810249351552,-0.00482190763423133
2020-08-07,0.005542281441643334,-0.003939737639488053,-0.007072191042526821,-0.0031324534030387676,-0.0046814546800779165,-0.006752588927211682,-0.004742020422431706,-0.00379679766029987
2020-08-10,0.0018150595904832473,-0.0005799391338028557,-0.0026466698012818923,-0.0020667306674790366,-0.0027303017989664855,-0.0049852600750411495,-0.002548209254414021,0.0006267472584451372
2020-08-11,-0.0020982006416972307,-0.0009837267736667633,0.005889630021715608,0.006873356795382372,-0.0020064873974919204,0.009019797360326617,0.005286753423489506,0.0020610705856597042
2020-08-12,-0.0005847841509830864,0.0022922595781615287,-0.0026833758405999386,-0.004975635418761467,0.0016844572106682655,-0.005094862355178383,-0.00017718928337947685,-0.002463836182737267
2020-08-13,-0.000972951301841381,0.0004322104263367304,0.0032136686347514487,0.0027814582084147183,0.0016267906772554398,0.0028169881064139903,0.0036767348177485027,-0.0007687303929232447
2020-08-14,0.00017506046119945481,0.0007817367023160715,-0.0004943168839835477,-0.0012760535862996192,0.0020927279076484173,-0.001815076577794783,-0.0015963742286339646,-0.0009169338408548944
2020-08-17,0.00025196307791210907,0.001722290857441678,-0.004394820723726628,-0.006117111581168306,0.0035541215334602507,-0.005756665599679134,-0.00230426312184856,0.001415481617692708
2020-08-18,-0.0036800902203623182,0.002545509887151031,0.004428701814405911,0.0018831919272548799,0.004500021163139883,0.0031713209998514014,0.0022945612402363274,0.0013852609913365492
2020-08-19,0.002823448901067697,-0.00531995986550271,-0.002614041817221857,0.002705918048280853,-0.008906748198087233,0.001975629336344542,-0.0029256902504576354,-0.0002707988682518758
2020-08-20,-0.00036519473153907595,0.0015286720244407047,0.0011239424556629407,-0.000404729568777764,0.004397553941635074,-0.001684772056060731,-0.001286344422362148,-0.0011486590382002355
2020-08-21,0.0036419414101055534,-0.0033887126089993894,-0.003633527790703389,-0.0002448151817039997,-0.003219460954679773,-0.0022780245261982226,-0.0034818602280661964,-0.002405513524032399
2020-08-24,-0.0007531387559030532,7.581398327994107e-05,0.0030556658636991807,0.0029798518804192396,-0.0009621832962652122,0.0015216798979997097,-0.0009322833720549365,0.0013343506798499567
2020-08-25,-0.00225139031400761,0.0015753586382442186,0.003912081945587648,0.002336723307343429,0.0016408577562329562,0.004259464806633047,0.003976469151486235,-0.0005887654118601852
2020-08-26,-0.0010228584259269259,0.00187402353059485,-0.00393270431413012,-0.00580672784472497,0.0008615811456197988,-0.0020138768296966703,-5.521647710270734e-05,0.002571982028182318
2020-08-27,0.00018295308528098976,-0.00018781427798708443,-0.001073944202840571,-0.0008861299248534866,-0.0022998304550633,-0.0009719187235506984,1.0708423110794563e-05,-0.0007137195970675636
2020-08-28,-0.009231759014033225,0.006471836224986437,0.01497657841956479,0.008504742194578353,0.007977179655460678,0.01711405098557735,0.012265956655742411,0.00650080012640919
2020-08-31,0.0011914119749972516,-0.00045919993947821265,-0.0057919403394162405,-0.005332740399938028,-0.0007441665557606364,-0.007098286209129186,-0.00154606152639049,-0.0025694384353642055
2020-09-01,-0.0015866439901188697,-0.002527878643986443,0.004550409528734339,0.007078288172720782,-0.0029695389427790105,0.009074657611685208,0.004897591560069438,5.171527345574726e-05
2020-09-02,0.0025599535540336412,-0.002175991693464451,-0.004427629089044066,-0.002251637395579615,-0.0027663580109753096,-0.000944483613310639,0.0014547667184615404,-0.0028004186300003564
2020-09-03,0.00221058971572258,-0.000618616290447984,-0.00035055558675659015,0.00026806070369139387,0.00034961148310509266,-0.0002781200700936459,-0.0018767368603126206,-0.0019679049430964732
2020-09-04,-0.00016608587967087678,-0.0009010963489360473,0.00044669076356140813,0.0013477871124974554,-0.0019284802130595153,0.0008274442008951258,-3.05994703464485e-06,0.0007719458367850448
2020-09-07,0.0016403908991080036,-0.001368148151241498,-0.0015642437812931065,-0.0001960956300516084,-0.0016848110892685082,-0.0019488400465270672,-0.000887814110875375,-0.0006125558220026287
2020-09-08,0.004515152853047192,-0.0020050322533484554,-0.005424106133374407,-0.0034190738800259513,-0.0008005735390209054,-0.006824574795278537,-0.00822344083765639,-0.001169724983745013
2020-09-09,-0.004658975668179268,0.0026472140745466295,0.007687269558037585,0.0050400554834909555,0.0019407420404736243,0.008909920126286183,0.008052652173886525,0.0020333483156356933
2020-09-10,0.002715181583616387,-0.0014042222906536731,-0.0035069808604839547,-0.0021027585698302816,0.001190507981919715,-0.003927896231503247,-0.0024126418516426384,-8.136670899405729e-05
2020-09-11,-0.0009876993262879935,-0.0005444037080885155,0.002345403752828157,0.0028898074609166723,0.0014842693666223677,0.002166563161502063,0.002205881484138155,-0.00044315503206345436
2020-09-14,-0.002474295433365546,0.0022072185721702664,0.00327901732199698,0.0010717987498267134,0.002132212780920869,0.004365271504095232,0.003393678089537206,0.0015874938257823452
2020-09-15,-0.0008489659483554598,0.0010304471680055768,0.000188717146501316,-0.0008417300215042608,0.00035902195677759335,0.0017713455895803272,-0.0007008262211744554,0.0006943721046553571
2020-09-16,-0.001633330685651266,0.0005393849371447771,0.002784121379806853,0.002244736442662076,0.00023487540559384568,0.004725019512517988,0.0026629788223607653,0.0020431719481347845
2020-09-17,-0.00043270035689551255,0.0013728079616872335,0.000356782516769627,-0.0010160254449176065,0.0019132810104506663,-0.0005343984099320428,-0.000767228758134096,-5.818744690788691e-05
2020-09-18,0.0017059205985759732,0.0006984543896091377,-0.00596218112095942,-0.006660635510568558,-0.0009185631863975474,-0.008343668322355299,-0.007368191364723474,0.00212774269662123
2020-09-21,0.007562703749792454,-0.004636427456652546,-0.009357283476704975,-0.004720856020052429,-0.0031765494454239437,-0.010869726066232007,-0.008402970628292943,-0.002790438174105884
2020-09-22,0.0035419422468775273,-0.0027148578871599924,-0.006344714373940269,-0.0036298564867802766,-0.004444895489852441,-0.008217890843593145,-0.006590383969661963,-0.0018333568549242507
2020-09-23,0.007674735204511122,-0.006342434925774354,-0.011966197951783525,-0.005623763026009171,-0.00446257277678519,-0.013898734492822381,-0.011944422077687715,-0.004271105274631888
2020-09-24,-0.00018671884405538916,-0.0025291224165649353,0.004265438238667957,0.006794560655232892,-0.0007320482186932662,0.00789926721639452,0.004870578828460489,0.00043131122132663197
2020-09-25,0.0029229221319704074,-0.0016701211299949906,-0.004606907316428377,-0.0029367861864333863,-0.002462042912842133,-0.008219555203271037,-0.00611530174878793,-0.0015657366488193898
2020-09-28,-0.0007132960331196771,0.0037478149930239343,-0.006013044270079482,-0.009760859263103416,0.002741262368801877,-0.005499694307228779,-0.0009553272727012325,-0.0012531245709603105
2020-09-29,-0.0030886871519295884,0.004044304936490068,0.0043295225655025915,0.0002852176290125234,0.0036276826206136648,0.0004461189130141596,0.0005115576378367792,9.347969714457172e-05
2020-09-30,-0.0034152638056384774,0.001354564508972372,0.006322787860453066,0.004968223351480694,-0.0006253107929435203,0.010475452799747117,0.007342911198057959,0.003921164099002598
2020-10-01,-0.0025817952375812225,0.001741853986083338,0.005908244892668779,0.004166390906585441,0.0015174936079675183,0.0014332451317726387,0.001263772470941782,0.0007948325411260004
2020-10-02,0.0018577148570469238,-0.0016000558188740653,-0.00108211689240853,0.0005179389264655353,-0.0014611755824548527,-0.0008134534667443294,-0.0009581582367893685,-0.0012474017944638465
2020-10-05,-0.004122840401394935,0.004774025557578231,0.00535712407682945,0.0005830985192512191,0.0028387818479466975,0.007341402806877857,0.0076808263439143,0.0037890284415842412
2020-10-06,0.0036713042130155998,-0.002331963778101914,-0.004934410720365573,-0.002602446942263659,-0.0019179551323152734,-0.0047348470676741305,-0.005561658858829215,-0.002435347123300143
2020-10-07,-0.002217598610198753,0.002543959188962549,0.0023114986756568867,-0.00023246051330566217,-0.00012347489658399527,0.0004510033876280091,0.0023595066577241325,-0.0002516808382453384
2020-10-08,-0.0006437952137709414,0.0011913831070352685,0.0004841475238583637,-0.0007072355831769048,-6.208668991621036e-05,0.00041467644095897577,0.0022646642697617086,3.8544177731673436e-05
2020-10-09,-0.006577513425235066,0.0052557613487008836,0.00811718249997545,0.002861421151274567,0.00562654222834907,0.007445187963069884,0.006553724710485883,0.0055421392322236125
2020-10-12,0.0019962366006234036,-0.0016103770650968685,-0.0023913010769141263,-0.0007809240118172578,0.0009629208764443028,-0.001791725423567277,-0.0004296629426887815,-0.0025703074409342275
2020-10-13,0.004068485023941802,-0.0032612195225698946,-0.005829619190162394,-0.0025683996675924994,-0.004583759728904462,-0.003914131112058998,-0.004811135900153442,-0.002384277251581931
2020-10-14,-0.0006648534047797774,0.001801637679049048,-0.0015569396017034165,-0.0033585772807524644,0.0014262417888827872,7.905295694088377e-05,0.00026156508640866924,0.001803807640836208
2020-10-15,0.0035510962318241533,-0.002503390338313099,-0.0038469963256460016,-0.0013436059873329024,-0.002409144486595955,-0.0021956406782288607,-0.0031370030770136526,-0.0014014235946377223
2020-10-16,-0.0013701229436615622,0.0010092375228802995,0.0013207772824252173,0.00031153975954491785,0.0005432039908033065,0.0012614199045208514,0.00026834616215860266,0.00033243998365321364
2020-10-19,-0.0017550469157293193,0.0013582428295428918,0.002026420072124696,0.0006681772425818043,0.0028937800801891547,0.0022749786628956845,0.0013856104541664718,0.0017254940159128946
2020-10-20,-0.002037876145419579,0.0022703529057682015,0.003185252383516607,0.0009148994777484053,0.0025901918406256857,0.0026881848515265907,0.002731836415582762,0.00033583469152002426
2020-10-21,-0.0036858436647910792,0.0028223424077093995,0.0025167477469276167,-0.00030559466078178277,0.004647217230537108,0.005837639119210573,0.003089315701595041,0.0035107705759000276
2020-10-22,0.001606555665535522,-0.0026074647370866125,-0.0016307021661650378,0.0009767625709215747,-0.0026830361072845282,-0.0010694112086410874,0.0004265098499040316,-0.004316282748555222
2020-10-23,-0.00096044386899402,0.00161476160082984,5.9329636198646174e-05,-0.0015554319646311938,0.002617894903275455,-0.0009240300835576809,1.7859721980603309e-06,0.0005091908016973493
2020-10-26,0.0027291520425615887,-0.001751660576602478,-0.003979536846466986,-0.0022278762698645076,-0.003027300902942162,-0.00442753289793955,-0.00248664840290511,-0.0031339581131306637
2020-10-27,1.8432664384218297e-05,0.0012200419433857218,-0.003549004096988967,-0.004769046040374689,0.0005070607207025013,-0.004545103450469508,-0.00158829793566955,0.0002188788604451375
2020-10-28,0.005959008092594325,-0.003976818984874056,-0.009336641410132629,-0.005359822425258573,-0.0017567218268241213,-0.007372531761916286,-0.007632304277683022,-0.0036508171327599057
2020-10-29,0.0027466592235469893,-0.003333382172169764,-0.003276801531878565,5.658064029119905e-05,-0.004766687287412391,-0.0038681825545099726,-0.005349678030622552,-0.0007209817351541137
2020-10-30,-0.000588006150647761,0.0007910357179168707,0.0023744089397583767,0.001583373221841506,-0.001384482741101654,0.0026360425289568465,0.0021330464172708958,-0.0020607558563525696
2020-11-02,-7.494743113111487e-05,-0.00036428333297078633,-0.0019518087355522018,-0.0015875254025814155,-0.0011495395976230671,-0.0027089874973367976,-0.0007063576110403758,-0.0006686741202897769
2020-11-03,-0.006415701416672414,0.003540502859886826,0.007281523282733876,0.00374102042284705,0.005289460469743591,0.0062699887363655655,0.00680976114531986,0.0009170499646096916
2020-11-04,-0.002105730613749841,0.0018802492010747685,0.005102349802546952,0.003222100601472183,-9.71284716573632e-05,0.006021843433165253,0.004672504642973323,0.000901892671828719
2020-11-05,-0.008621207973224056,0.007124345028100252,0.012325957962339956,0.005201612934239704,0.00927772195957415,0.012819023153933093,0.010724445921499228,0.0050954235431624655
2020-11-06,-0.0032500143705999954,0.0026517323104828846,0.006769168242663742,0.004117435932180858,0.0031835017817099472,0.00830102461592456,0.006615036339369432,-0.0012803750060326191
2020-11-09,-0.0026295576865530638,-0.004468980665310984,0.010146303300200443,0.014615283965511427,-0.012848649403437329,0.018176399053035624,0.00623208092301758,0.006110441438722229
2020-11-10,0.0003302463505871528,0.0007873462355391225,-0.003451615060451718,-0.004238961295990841,-0.0004792783986885217,-0.004372277928051578,3.310323184246844e-05,-9.36832335284669e-05
2020-11-11,-0.00043303413415143313,-0.0007352034589278317,0.004315368637321598,0.00505057209624943,-0.002182461438848061,0.006122424544392639,-0.002113451900012125,0.007711044912885878
2020-11-12,0.001656815718218674,0.0013962378608184407,-0.001689810812850051,-0.0030860486736684917,0.002634997972594389,-0.0026096573956663946,-0.005314491319910931,0.0025670856368884554
2020-11-13,-0.0019151830228783958,0.0013596923749395525,0.003318436606002312,0.0019587442310627593,0.003181089697141773,0.004319901516901574,0.001999999752346025,0.003302651353176348
2020-11-16,-0.0023093776888093256,0.001335062419151824,0.0035446571177910335,0.0022095946986392095,0.0007358101546203801,0.004003826191378512,0.00428057765599498,-0.00041411950001853565
2020-11-17,-0.0011917178108547476,0.0013531623355903088,0.00028363081087046105,-0.0010695315247198477,0.002032915058655896,0.0021315342874905774,0.001433332916712517,0.0006139451773605753
2020-11-18,-0.0011689937973953677,0.00046512029611145075,-0.0003657833004991895,-0.0008309035966106403,0.0009437504305748282,-0.002328663639763547,-0.00012878743365251393,0.0003751466306861258
2020-11-19,-0.0007632911719080608,-0.00011972944202138028,0.005268246180807401,0.005387975622828781,0.0009595767113858474,0.005742824988785385,0.002861294441516647,0.00200912579855698
2020-11-20,0.0009273918894081735,-4.009901536532884e-05,-0.0033499858910210345,-0.0033098868756557057,-0.0009655452700766768,-0.002829725300124634,-0.0011505527406135577,-0.0018279358230625469
2020-11-23,0.0028614599622401433,-0.0018558741436196773,-0.006601882703491241,-0.0047460085598715635,-0.003199660722740356,-0.008462241669179452,-0.00292059377787813,-0.00695403632697289
2020-11-24,-0.003757318760015994,0.0029838335091361013,0.004160299352398755,0.001176465843262654,0.002236811422805856,0.003907677222243648,0.006331748340195136,-0.0010265134090093515
2020-11-25,-0.0029621084245408016,0.002357874417854511,0.0040869380524200805,0.0017290636345655697,0.0017605600399371868,0.005323389847556499,0.0038279851725994845,0.003046346862762913
2020-11-26,0.00025944144513443497,-4.94583768202838e-05,-0.0002041178868218141,-0.0001546595100015303,0.001206195917654145,0.00017528945326328316,-0.0019281358834569242,0.001411200907380931
2020-11-27,-0.0009466569676280759,0.0014276716218871877,0.00022971018846859592,-0.0011979614334185918,0.0026966811343493483,0.00032280876238266476,0.0013044535382884764,0.0006352954058945759
2020-11-30,0.0016685093981175432,-0.0023978209561476022,-0.0023100076738065134,8.781328234108883e-05,-0.003261507783226855,-0.002979254496221643,-0.0013885350262396931,-0.0012784797099645306
2020-12-01,-0.0064980228066684916,0.005570542126232916,0.011217493203095313,0.005646951076862397,0.0072022489105032644,0.009846897093546655,0.008857943233184966,0.002215802074398384
2020-12-02,-0.0008787138483861098,0.001707460103366568,-0.0018408572049065097,-0.0035483173082730777,0.0029544323000482383,0.0005743798543483095,0.0015993985066834232,0.0001278674309288519
2020-12-03,-0.00426481345668576,0.0035064455913817235,0.005633373811297998,0.0021269282199162746,0.0038246540687703195,0.008115932710137663,0.006061909498452962,0.004060180097221459
2020-12-04,4.512304165262774e-06,-0.0006855441240565963,-0.0008843508071714468,-0.00019880668311485043,-0.002007732915559543,0.00030054369603793596,0.0010426241333967143,0.0014641400305858514
2020-12-07,0.00013563384684973055,0.0016701372307417472,0.0003054267532086319,-0.0013647104775331154,0.00045433397430523953,0.0002481129996734592,0.0003934337723905628,0.00026355394936738996
2020-12-08,-0.00032884499348034574,-0.0008782206385766593,0.0024140121990493812,0.0032922328376260405,0.00015086032535160018,0.0017924727489344965,-0.00045287803937950544,0.00014935770314343047
2020-12-09,0.0005439407064497131,-0.0006177605481901393,-0.0011578259267359947,-0.0005400653785458554,-0.0008507288290389483,-0.0017545501219164612,-0.002879997397837092,-0.0010327404126767952
2020-12-10,-0.0035557768575737343,0.0023140189956980597,0.003751577985324245,0.001437558989626185,0.0028550657053285264,0.004401561855842839,0.0071758590558270085,-0.0008241096475798404
2020-12-11,0.0019939785414042526,-0.0011042596663502838,-0.0033115078245630203,-0.0022072481582127365,-0.0013931699517261882,-0.003554358158548617,-0.003971265898573102,3.999076513050426e-05
2020-12-14,-0.001194341828308981,0.0018851291572199932,-8.389612272646785e-06,-0.00189351876949264,0.0019277583208169302,-0.0010358425242405305,-0.0005447856520135583,0.0004928657943832349
2020-12-15,-0.002455236711933914,0.001660465335662515,0.003836151471790228,0.002175686136127713,0.0016840287482999354,0.00612307710465972,0.005083898513877206,0.0020704791046703974
2020-12-16,-0.0017569941188959148,0.0014798876074019005,0.0026384347522466767,0.0011585471448447762,0.0018949949470401194,0.0018594555681928915,0.0007597194865136111,0.00017792811210148862
2020-12-17,-0.004647803796091926,0.004282663423014673,0.005536685241502443,0.0012540218184877699,0.003539340762638015,0.005736691354584396,0.0036483633935754816,0.004377404003958733
2020-12-18,0.0014871803841362743,-0.00020667983858518868,-0.001719851509585063,-0.0015131716709998744,-0.0005623731991162654,3.4899865397952645e-05,-0.003484804574301194,-0.00022194634675343217
2020-12-21,0.003089995836206117,-0.0021762655316914393,-0.004427212722236534,-0.002250947190545095,-0.0011720637975104892,-0.0028933429052491557,-0.0030452424449717774,-0.0033969523222714404
2020-12-22,0.004630627292387498,-0.003567439888933604,-0.005623719834285612,-0.002056279945352008,-0.004831103864463777,-0.006020223396501804,-0.0061686815883125745,-0.0019417574386832264
2020-12-23,-0.002398375447147642,0.00257885707627652,0.0006403407693800767,-0.0019385163068964435,0.001589464042941922,-0.0017668138046558202,-0.00029256008774011403,0.0012311565675973875
2020-12-24,-0.0010842862872778112,0.001112333142224406,0.002636121300914701,0.0015237881586902952,-0.0012794348843112036,0.0019484954023858414,-0.0002157984146358784,0.003577532423036859
2020-12-25,-0.0006467536279002677,0.0002987982723993681,0.0005206008455931055,0.00022180257319373738,0.0015364560227265022,0.000993153758121516,0.0009403096135396598,0.0009074307953026809
2020-12-28,0.00035571172810257724,-0.001124577030408653,0.00026712108448270766,0.0013916981148913606,-0.0004481282204606511,0.0008621156994732907,-0.0011593800249648908,0.0017904150377626344
2020-12-29,-0.0023805000626069173,0.003160144047923882,0.0016808377214808656,-0.0014793063264430164,0.00316682958222321,0.00407967449282894,0.003394783160474626,0.0035904398189883224
2020-12-30,-0.0036490174527277924,0.0024469722478027717,0.002237214807582988,-0.0002097574402197839,0.0038071407245974845,0.005344794325619999,0.004980363296771627,0.0023214883541662714
2020-12-31,0.0011611149730136202,-0.0019827455372699292,-0.0017415413335550023,0.00024120420371492694,-0.004003581447363287,-0.0020618320791965608,-4.875679575099585e-05,-0.0010772353700278698
2021-01-01,-0.0001439627563236028,0.00022464549533752,-0.00010954596200796196,-0.000334191457345482,0.00013416180792451735,0.00030267793796904624,8.58871421133754e-05,0.0002704448458164717
2021-01-04,-0.00016367374625166032,0.0011293953197493972,-0.00015206394341266138,-0.0012814592631620585,0.0026895379413866874,-0.003829938347296724,-0.005406996580117142,0.0007055075191294188
2021-01-05,-0.0034496677840644818,0.003672292193060228,0.0010782250432524176,-0.0025940671498078105,0.0036325549230952956,-0.0010332549090294278,0.004637176071740444,0.0019324237831100561
2021-01-06,-0.001696750584722317,0.0005242606066011429,0.0028237978732763847,0.0022995372666752417,-0.0001973322147316714,0.003843287376133079,0.003290579123174399,0.0008934211337692233
2021-01-07,0.006075228038439491,-0.004061285309522633,-0.009749310643243414,-0.005688025333720781,-0.0065100132003363355,-0.014341099193584247,-0.008662500433112761,-0.004079378661884385
2021-01-08,0.0007238094580998894,-0.002008277421407953,-0.0015625135013010438,0.00044576392010690913,-0.001972794068360021,-0.00026115434165145207,0.0006335912390841818,-0.0013506047130322034
2021-01-11,0.0058742790528676005,-0.002678900477932249,-0.009472568864236558,-0.006793668386304309,-0.0046706437385670195,-0.01048954208931078,-0.006813457952891614,-0.0038548554125969283
2021-01-12,-0.005833844487148333,0.004719860691220374,0.010957367215330388,0.006237506524110014,0.004652942513029247,0.012284602519964808,0.009871333952681308,0.003124084142191933
2021-01-13,0.0017784675857782112,-0.001768605749404635,-0.000389105589196137,0.001379500160208498,-0.0022721862977976106,0.0021546761477348277,0.00013721977113763582,0.0005529777902541314
2021-01-14,-0.0026735458009737,-0.001195784206842767,0.005830840008946014,0.007026624215788781,9.371568971391908e-05,0.008653061268146911,0.005847701981564,0.0016843585480729912
2021-01-15,0.006143517165248929,-0.0066889193075514025,-0.007344533812396775,-0.0006556145048453726,-0.0034139402188982,-0.008053535744285948,-0.006377890654589368,-0.004457331819321027
2021-01-18,0.00022100921700321258,0.001305338415066963,0.0007461105463362205,-0.0005592278687307425,0.0005924319179457053,0.00011820510835010752,-0.0008836771801554852,-0.00010647246820842209
2021-01-19,-0.0014524270100062806,0.001170267259809548,0.002067157687802662,0.000896890427993114,0.0015352593432355899,-0.00022896686319943496,-0.0008535076192693494,0.0007045959861886608
2021-01-20,-0.002993297655039768,4.31507329478123e-06,0.0040544262879035065,0.004050111214608725,0.00010963571897773527,0.0062465361458600155,0.005229761765803915,0.0035042707107505824
2021-01-21,-0.0018368147127705587,0.0028326535782035034,1.7623367378150068e-05,-0.0028150302108253533,0.003395936952332923,-0.0025234788111275033,-0.001737002906176304,0.0011102758643649253
2021-01-22,0.004431262303862482,-0.0014220894312970307,-0.007161928292588882,-0.005739838861291851,-0.0008285651469102743,-0.011167374683099363,-0.009241253885306947,-0.002665153423569248
2021-01-25,0.0018666218552555688,-0.0006533737350594374,-0.0023231395944757482,-0.0016697658594163108,-0.001810474751826834,-0.0051014124841350554,-0.004126346959087567,0.00041751807060164126
2021-01-26,-0.002147623947847219,0.0010775240764674138,0.005168139569826674,0.00409061549335926,0.0016247501991802406,0.006075414260024263,0.0032522861770349037,0.0018972791986580084
2021-01-27,0.0046206478369811115,-0.002738533733015384,-0.007336300139363455,-0.004597766406348071,-0.0037294497976594295,-0.007069919236661115,-0.0064319506897882895,-0.0032879446875787957
2021-01-28,-0.001405073335951149,-0.00038243737295909873,0.002301255434817795,0.0026836928077768937,-4.511741306400622e-05,0.0035769505192636184,0.0019737407333398427,0.0006527653543897024
2021-01-29,-8.974489663218701e-05,-0.00051443790032513,-0.000245570671412898,0.00026886722891223194,-0.0017095269941280467,-0.0026327277401969607,-0.0020779613112071565,-0.00037612384557572653
2021-02-01,0.00132174983135302,-0.0044002007020575405,0.0037672693503234267,0.008167470052380967,-0.005263621277762559,0.006311704304519439,0.00042572301425324233,0.0014007969458067853
2021-02-02,-0.0020768791479998205,0.00018287231957083393,0.0048432191361802435,0.0046603468166094095,-0.0007955419694906698,0.007233394877693773,0.005995539779938251,0.0008884044179399512
2021-02-03,-3.23952204540779e-05,-0.0005651139812233759,0.0008436618801648255,0.0014087758613882014,-0.0010255973974343617,0.0008945902412586341,-3.023521984707852e-05,0.0012137167295763751
2021-02-04,0.0037450953583297187,-0.003545125101348974,-0.0054459466211619345,-0.0019008215198129605,-0.005603105317430357,-0.005226464960731055,-0.005626448496091404,-0.0022225476159493107
2021-02-05,-0.004584235363922839,0.003918702307554509,0.007841835045059559,0.003923132737505049,0.004794210314876396,0.007661538252311935,0.006263017426435452,0.0033986581732557233
2021-02-08,-0.0007149727679155861,0.0012428394467864628,-0.0007750407132620929,-0.0020178801600485557,0.0006920624475603478,-0.0008999602293149334,8.466547389114818e-05,-0.0003422488610976826
2021-02-09,-0.003419961611192373,0.004737916561127578,0.003013668992035451,-0.0017242475690921275,0.006379195001944046,0.0013937386566367966,0.0012402167709470089,0.0028131105851303038
2021-02-10,-0.0003136143442622661,-0.00022246022242316567,0.00015800634267507108,0.00038046656509823674,0.0007419723335017383,0.0009622780910225984,0.0004400587357392286,0.0006717790090091658
2021-02-11,-0.0012675973619755971,0.0006906909824777163,0.0023620394967090452,0.001671348514231329,-0.00010753070281932971,0.0051316761552414976,0.0022683593944445696,0.0016190096251993042
2021-02-12,-0.0005616179983229624,-0.00042944249254155305,0.00044166273606563444,0.0008711052286071875,-0.0014159801117582572,0.002069036477821492,0.0017477128847739412,-0.0006878429911805947
2021-02-15,-0.001984379237950054,0.0006397481890092985,0.0034926544493224243,0.0028529062603131258,-0.0007177208898798276,0.003513230724952058,0.0015232425681500547,0.0013893284677840938
2021-02-16,0.003005940958662429,-0.002182113460135476,-0.00518114403907885,-0.002999030578943374,-0.0035356595316082587,-0.006125823590577784,-0.003901734471625808,-0.003517809276898524
2021-02-17,0.0023136634177642204,-0.0031286575086413547,-0.002922610426387723,0.00020604708225363186,-0.0036747000533878713,-0.002596393912476754,-0.003334796176408631,0.0008384896867137392
2021-02-18,-0.0014066465322963191,0.001799338232725673,0.0010477395695215053,-0.0007515986632041678,0.003112814421269955,-0.0014830394065509604,-0.0004415452263661,0.001439545440348892
2021-02-19,-0.0016651313299537438,0.0013070531751425713,0.0003522158699657829,-0.0009548373051767884,0.0013389061751784604,-0.0016934292626203569,-5.409146568235197e-05,0.0007508342107390709
2021-02-22,0.0007710036501956505,0.0013483981765518623,-0.004873948063653322,-0.006222346240205184,0.002262218238490779,-0.00814870904668171,-0.005517602273029791,-0.0015040687690790107
2021-02-23,-0.0004675739231064088,-0.0014493521965348762,0.0015005727221155396,0.0029499249186504158,-0.004047918130035198,0.0021833685595520347,0.002777861913152328,-0.0016825421259902829
2021-02-24,-0.001871339714226216,-0.0003970714245822779,0.0010574269885449683,0.0014544984131272462,-0.0020427814509520283,0.0027391150531015374,0.005339753017327665,-0.0019910086177859685
2021-02-25,0.007747269710864252,-0.003304549417108931,-0.015182757108047368,-0.011878207690938437,-2.1532402008556106e-05,-0.02013318276528338,-0.011018454562273393,-0.00862961911231456
2021-02-26,0.007710818678712504,-0.006091940287932153,-0.00912031351070769,-0.0030283732227755367,-0.005383200188550851,-0.008082531888138381,-0.007730017053465409,-0.007187932669335299
2021-03-01,-0.0022543215276493666,0.0007487733989652873,0.002771175668636827,0.00202240226967154,-0.0036929864943863328,0.00558038000245431,0.003968753796441464,0.007407530156140707
2021-03-02,4.652881935727398e-05,0.0009584170502555268,-0.0007246952981029842,-0.001683112348358511,0.0014852362910375144,-0.0036773359723009844,-0.0003274611793456387,-0.0029656093098338423
2021-03-03,0.0023309980962334127,-0.002713937272300619,-0.0033114878046214824,-0.0005975505323208632,-0.0035966880820843725,-0.005276852910812997,-0.0026023871928907705,-0.002625159149433176
2021-03-04,0.004881838932507604,-0.005918497264261698,-0.007019759796214081,-0.0011012625319523836,-0.008844778945663212,-0.004779446242890247,-0.0026937625041871566,-0.0036494988506937296
2021-03-05,0.0034267607516362216,-0.0035179405690210688,-0.006400579667229012,-0.002882639098207943,-0.0034268792791284134,-0.003467919604919212,-0.0010428657879307998,-0.002956001338928038
2021-03-08,0.006426965194442294,-0.006772452441422629,-0.013048407050154143,-0.006275954608731513,-0.005673269258419554,-0.013239762950264597,-0.004399667472220485,-0.011761648358822393
2021-03-09,-0.005888916232841584,0.00525082524163927,0.010797423443196563,0.005546598201557293,0.006019921927697879,0.010607780111890638,0.006011364363640811,0.006821837543305491
2021-03-10,-0.0037436381224193863,0.0007112951478560735,0.008826606315308905,0.008115311167452831,0.00028351929346542387,0.013099384990655846,0.007886942282870485,0.002757639735614011
2021-03-11,-0.005131804102169078,0.003965194306355054,0.008741159392059383,0.004775965085704329,0.0032124490378305504,0.009359674530321863,0.006538414454658339,0.0030715695733485315
2021-03-12,0.0038003274596269455,-0.004165774642125074,-0.0045974353860335215,-0.00043166074390844737,-0.004431586429944036,-0.005353546389749979,-0.0015072954373492517,-0.004573467074394062
2021-03-15,4.317565741026718e-05,-0.000655483945322291,-0.00040375484047311394,0.0002517291048491771,-0.00010871982840066075,0.000823736852801423,-0.0005968070756766919,0.0005509658155265681
2021-03-16,0.00011141148466001487,0.0011246387002522354,-0.0002659149247366266,-0.001390553624988862,0.0005859443429971171,0.0007756993974514792,-0.00028181280882703344,0.001530851204366727
2021-03-17,-0.0037465118492870705,0.002687605149168191,0.005611594808368092,0.0029239896591999014,0.003381782896246512,0.0044841290031589764,0.003785019365265719,0.0012767388259836328
2021-03-18,0.0027119271094549124,-0.004235264421894324,-0.0008713786843300708,0.003363885737564253,-0.003561969314885144,0.003944465003535402,-0.0017314410444946224,0.000638161494343629
2021-03-19,-0.0008927558317266696,-0.0005561891782911652,0.0046381676943575145,0.00519435687264868,-0.0011171805769429517,0.004556453680845822,0.0005953305376291883,0.0034889426752142683
2021-03-22,0.0017069379767043528,0.0016497604203964834,-0.008830768943376255,-0.010480529363772738,0.0031646472486131735,-0.013964800569246797,-0.0005839897887065752,-0.012581984245616332
2021-03-23,0.007065400333133798,-0.004415829068050997,-0.008450519379257976,-0.004034690311206979,-0.005378128738843038,-0.010595529391929426,-0.007749247041235688,-0.005298159686815203
2021-03-24,0.0027366434292586204,-0.0019629626541697934,-0.004104815597299083,-0.0021418529431292896,-0.0021012272429487924,-0.005951387093755978,-0.0034557977699264547,-0.0005078294666421476
2021-03-25,0.0020544475565866622,-0.004285338858708374,-0.0008792792137733985,0.0034060596449349756,-0.004365153912176324,-0.0004742877679766074,-0.0008304604992776481,-0.0026843401439290058
2021-03-26,-0.0002672201962061187,0.0007884752958969019,-0.0033876688425208135,-0.004176144138417715,-0.00011147059601066683,-0.00702588706993638,-0.001394375171882468,-0.0032130315419584368
2021-03-29,0.0019800633494505625,-0.0017212519544023159,-0.0026768808410199962,-0.0009556288866176803,-0.0014582897725078047,-0.0028310061336863646,-0.0015267138250623289,-0.0026049975973794215
2021-03-30,0.0026607296736748487,-0.002670967647518575,-0.0042779937839181326,-0.0016070261363995576,-0.004116434962317686,-0.003212225105211538,-0.0007853966455308368,-0.005596175985102055
2021-03-31,-0.004000213718263944,0.0003139701304761917,0.00811916220936762,0.007805192078891428,-0.0011522749548774011,0.011292894726546524,0.008092562393932455,0.0033701451270461793
2021-04-01,-0.0023137474197396273,0.0012603191710661718,0.004608624684802387,0.0033483055137362152,0.0021290745299272795,0.003276593153920889,-0.0002797333626133206,0.0020966406222167797
2021-04-02,0.0008130490091098755,-0.0008764097474472229,-0.0018067594377523255,-0.0009303496903051026,-0.0007348437205815216,-0.0016437098350204904,-0.000443430604919161,-0.0020545007133933404
2021-04-05,-0.0032988474924904943,0.0032970188586723377,0.00466415848510196,0.0013671396264296224,0.005052751834198466,0.0034120374240495335,0.0015896603245622984,0.0029983869561958088
2021-04-06,-0.0033339191190931124,0.004329175662174053,0.0029900254634250834,-0.0013391501987489694,0.005074280093156571,0.004862950077801835,0.004297113228061811,0.0008853659376851416
2021-04-07,0.000794860201344652,-0.0005851196272280788,-0.0016672291311834453,-0.0010821095039553665,7.173815573451962e-05,-0.002579620224384701,-0.001714705225832768,-0.002876641847928981
2021-04-08,-0.003105236751689107,0.0034706623039632133,0.0035697027822599037,9.904047829669034e-05,0.004678333964825712,0.0037656542427937736,0.003602675656909693,0.0010293042054476675
2021-04-09,0.0027592255146747066,-0.001374393836399793,-0.004195411054365938,-0.0028210172179661454,-0.0017185569912072883,-0.007028930172735648,-0.0046789379926927555,-0.0024998469354828856
2021-04-12,0.0003501646619037441,0.0001401032703613591,-0.0008956171264889734,-0.0010357203968503325,0.0020821619550911766,-0.0013311093848486684,-0.0015790130388559523,-0.0006232203196159988
2021-04-13,-0.0014230778892829446,0.0019270565619975578,0.00031074044036494275,-0.001616316121632615,0.0025890088744176206,0.0019106187667155365,0.0012485824586062066,0.001137080485593689
2021-04-14,-0.003457230757729486,0.0026082406939415426,0.0048211479545891,0.0022129072606475574,0.0007258393802675132,0.004918790588184563,0.003687304749132663,0.003285553518636316
2021-04-15,-0.0027055552465773164,0.001491050783081779,0.004587206196996901,0.0030961554139151224,0.0001017806330582451,0.008085859929337302,0.0036616448026851956,0.0036057930215103173
2021-04-16,0.00016688554272491695,0.00048464337167931394,-0.000893215055814689,-0.001377858427494003,0.0013676736721916355,-0.000983481529292655,0.0016996727707966816,-0.001085874452601221
2021-04-19,-0.002549293414667411,0.00444448938340939,0.0026274146424953015,-0.0018170747409140889,0.005109178515751156,0.001865778052001536,0.0020741405121250506,0.0011540885757289991
2021-04-20,0.0015275962827108179,-0.00012337763931599514,-0.003044377929515063,-0.002921000290199068,-7.547427836425424e-05,-0.003529999673197189,-0.004267147781465146,-0.001985004561210942
2021-04-21,-0.00033899073770388794,-0.0007200897321182013,-0.0008622348542420277,-0.00014214512212382645,-0.00032572245429472735,0.0008879366707056358,0.0033868966129869354,-0.0017472974062242574
2021-04-22,0.002036578956785044,-0.0005937023471954909,-0.0005843198950227502,9.38245217274071e-06,-9.082273023545973e-05,-0.0008806756286129369,0.0014484244133968086,-0.002556922694309479
2021-04-23,-0.00190930280324888,0.003083158794633929,0.0016299964736957717,-0.0014531623209381572,0.003592961571953319,-0.000681605158209068,0.0016248211697314416,0.00037615517641823953
2021-04-26,-0.0011907173556086983,0.0012576947052866088,0.0025037705782271213,0.0012460758729405125,-0.0011298511315017367,0.00034565600476865743,-0.0006256475250154468,0.0038442539164759517
2021-04-27,0.0007550977082937866,-0.0008010288226503095,-0.0009598550967452324,-0.0001588262740949229,-0.0014056255464709778,-0.0028026737642129484,-0.002287298488380587,0.000143059277166957
2021-04-28,-0.003953300640571349,0.0014963883670053094,0.005557696179736588,0.004061307812731278,0.0025924684020245023,0.007218179995861718,0.0072358076197593145,0.0015811397311161397
2021-04-29,0.0008587211164928785,-8.309606996404276e-05,0.00011785787337634246,0.00020095394334038522,-0.0007148422100424675,-0.002551136403765216,-0.0015063951452321772,0.0012677777384317117
2021-04-30,0.005329840241699024,-0.0036696718879911955,-0.007783805481795775,-0.004114133593804579,-0.005691038771529012,-0.009861125430168668,-0.007616093082271763,-0.003067402356561333
2021-05-03,-0.00175794292326735,0.0015518009969324627,0.003492152872197951,0.0019403518752654884,0.0027083774556368547,-6.662259758723661e-05,-0.0008942177700852998,0.0009197068059923671
2021-05-04,0.0035442077150957467,-0.003745585003114239,-0.0033024584354609254,0.00044312656765331353,-0.0031029930033964807,-0.0034053407252889376,-0.002593682646781416,-0.003273263190022302
2021-05-05,-0.0012180647153626238,0.0002888558567872082,0.00251465814798843,0.002225802291201222,0.0004632705581255614,0.0025891522721400717,0.001399528410486275,0.0008293263123741271
2021-05-06,-0.004332766955586759,0.0025842825568723835,0.007410025033487144,0.004825742476614761,0.004091405084173795,0.009477424109509877,0.007390530790183758,0.0014844823744682618
2021-05-07,-0.006310823574799431,0.006570906016098395,0.007558593160081534,0.000987687143983139,0.006396646698980657,0.008402095749475,0.005894250009882335,0.005394977624609683
2021-05-10,-0.0005937195659779441,-0.0015234814694459597,-0.0005310559276158477,0.000992425541830112,-0.0015404483191004726,0.0025537464650815522,0.0014324569841732138,-0.0021668904805206926
2021-05-11,0.0003309621233575774,-0.0017703104108138974,0.0006751621899150351,0.0024454726007289325,0.0001413580971751279,2.3869972182362826e-05,9.271424439867362e-05,-0.0015554504047715263
2021-05-12,0.006800601364333154,-0.006025404681929117,-0.008032701151110794,-0.0020072964691816766,-0.007367236542633497,-0.010353204043432984,-0.007074680954199798,-0.007984963636021636
2021-05-13,-0.0017977153428737251,0.0013981233228354227,0.0016091711749922355,0.0002110478521568128,0.0020320364152066153,0.0018089151387534013,0.002003301889967319,0.000132579312122146
2021-05-14,-0.004029944725445935,0.0028527733090121608,0.004177810658813813,0.0013250373498016523,0.00381207550400287,0.004272375188521749,0.005794861355273216,0.0014091715686594213
2021-05-17,0.0010265753102689556,-0.0014231565952559574,0.003324550001881671,0.004747706597137628,-1.6366823859322494e-05,0.002516257564720218,0.00035592646987798023,-5.0919202392455766e-05
2021-05-18,-0.003486256493613418,0.005061831857634777,0.002920408103943062,-0.002141423753691715,0.004938073620064575,0.0019407932721111631,0.0019740947299828654,0.0030662983699916158
2021-05-19,0.004519835479117534,-0.003881397958697278,-0.00512509203694983,-0.001243694078252552,-0.004644935292640544,-0.006211732479315872,-0.005514988640071752,-0.0029522724041015636
2021-05-20,-0.0026586225059525093,0.0038321198130310714,0.004702249475660669,0.0008701296626295978,0.005361787796951095,0.0009848695865992685,0.0009184216706937571,0.0028925438353670043
2021-05-21,0.00224117170809109,-0.0012326835305489555,-0.003085279189733642,-0.0018525956591846863,-0.0020511589372681446,-0.004759430372489197,-0.005220468979429306,-0.0007223407363913618
2021-05-24,-0.0016451994425538902,0.0017581840272639891,0.00401978468413447,0.0022616006568704806,0.0018561195040673606,0.003723346211003823,0.0035887965360004398,0.001895092717719334
2021-05-25,-0.00024274303823356488,0.0019643157779186335,-0.0009184594973227489,-0.0028827752752413824,0.0014737294777486531,-0.001482568448020638,-0.0009561131036554578,-0.001034211265657392
2021-05-26,0.0008199023539252441,-0.0015260508622898933,-8.332002333782951e-05,0.0014427308389520638,-0.003751646855442233,0.0019939186769301807,-0.0009355365734554565,0.0017452703579711553
2021-05-27,-0.0014687753539849076,6.759684857790896e-05,0.0019821031122243815,0.0019145062636464726,-0.0015090550684252007,0.002346174935757469,0.003359475929309697,-0.0026593298035319326
2021-05-28,-1.754390138737844e-05,-0.000573669309593643,0.0002481497426659318,0.0008218190522595748,-0.0012254613045626038,0.00014934674588481153,0.00030926372962200577,0.0010426151398291357
2021-05-31,-0.0018565109068951068,0.0020733860201821597,0.002219693838339254,0.0001463078181570942,0.001988633961512984,0.0018282077281760085,0.0009777971920143433,0.003734002304737712
2021-06-01,-7.10680132937876e-05,0.0007739523007156864,0.0007166722616893106,-5.728003902637571e-05,0.0007827307016843218,0.002583027019167128,0.003373252550588917,-0.0016580820379223926
2021-06-02,-0.001492781863101444,-0.00047497964649235655,0.0033573324150718564,0.003832312061564213,-0.0006256934758152125,0.005469162744634974,0.003935114121455958,-0.0020725084431477323
2021-06-03,0.005484086690449117,-0.00495692080242263,-0.006742094849618657,-0.001785174047196027,-0.006681982980816362,-0.006251765350705559,-0.004564695307452944,-0.005017849030963584
2021-06-04,-0.004857288712506772,0.004342253481569908,0.005842486452440593,0.0015002329708706848,0.005037360284404699,0.007972957401645128,0.005879624602486501,0.004464786619161387
2021-06-07,-0.0003361627402836665,0.00018664156619534016,0.002113365918911564,0.0019267243527162237,0.0020455023277594214,0.002675530926672646,0.002166446045290371,0.0007057995269556342
2021-06-08,0.0009277931528184524,-0.000387721455543966,-0.0010739172451337264,-0.0006861957895897604,-0.0009161629274913827,0.0007392813870496692,0.0010037676724206634,-0.0020740514389646267
2021-06-09,-0.00027496740815421885,0.00037583895460872874,-0.0019238675348122736,-0.0022997064894210023,0.00019844515374188113,-0.0029287406417940107,-0.0009313382158160236,0.0004347704696589331
2021-06-10,-0.0012025796489226717,0.0008281149581730509,0.004591150339952832,0.003763035381779781,0.0011511449428191257,0.004983320140593402,-2.546838333076467e-05,0.00434947247134095
2021-06-11,0.004154853742676259,-0.0028413739813655924,-0.005896083073762548,-0.0030547090923969556,-0.004103788858494138,-0.005438408301475091,-0.006763632596023349,-0.0002603225777046229
2021-06-14,0.00041827217070896207,-0.0007394562259970417,-0.0019437622344845862,-0.0012043060084875445,-0.001630509147480183,-0.0016620800538749518,0.0014797957572419338,-0.002620393122240013
2021-06-15,0.001542214923040618,0.000495699053914337,-0.0025374388728752473,-0.0030331379267895843,0.0008700627727311524,-0.0038950011084781058,-0.002043341071344942,-0.002223642831641929
2021-06-16,0.007031313528229445,-0.008060487472865684,-0.00843509838895759,-0.0003746109160919064,-0.009421333990995045,-0.006488982430773486,-0.006028801109279649,-0.005296772859749721
2021-06-17,0.006074540809123513,-0.00447603544884919,-0.007578329441355669,-0.003102293992506479,-0.00416150178514794,-0.005286057938118168,-0.0032099364315073303,-0.004374824303036077
2021-06-18,0.005543270403359592,-0.003245805872579879,-0.007495202472085377,-0.004249396599505498,-0.0030773803207811375,-0.010836107157531583,-0.008792667045115042,-0.0007584468640265593
2021-06-21,-0.0039402978048843525,0.002259747016726276,0.00624991596951599,0.003990168952789714,0.002830203116324065,0.00502575410359037,0.006687452399077282,-0.001588603244310575
2021-06-22,-0.0015659166520763474,-0.00025497480071936043,0.005394915515481019,0.0056498903162003795,-0.00036795455451387366,0.004166752403484224,0.0028142198823002873,-0.0002541822715861712
2021-06-23,-0.0004924346083662956,-0.0008692769600560195,0.0005204757006585792,0.0013897526607145987,-0.0016212426084985427,0.001427119672337181,0.0011265659722927066,-0.0005819298852811627
2021-06-24,-0.0012531425553348472,0.0011718854271468744,0.002632147983627986,0.0014602625564811116,0.0008447165612319266,0.004123484455644366,0.0047229609572330055,-0.0006462779970723235
2021-06-25,-0.0005229430115495023,0.00012423148514254662,-0.00027010409719946393,-0.00039433558234201055,0.00033943874515135475,0.0002560656062468765,0.0010017289620433847,4.3271771611674836e-05
2021-06-28,-0.000302302839085404,-0.0013107294072171542,0.0005575699872266693,0.0018682993944438234,-0.0004379501665335341,0.0023034731169308356,0.0006874176129591117,0.0007678590004857414
2021-06-29,0.0027850513185428616,-0.0016407592485731537,-0.00439012651657017,-0.002749367267997016,-0.0009207333994446879,-0.0065342301992730905,-0.004463617730127739,-0.0022555324975021365
2021-06-30,0.0009010900791634096,-0.001839677530221944,-0.0009245471382548498,0.0009151303919670943,-0.004479484234824314,0.0005884359039889006,-0.0012017438712203907,0.00019166023904955884
2021-07-01,0.002773365142594369,-0.0017253119042922576,-0.003212114427793289,-0.0014868025235010313,-0.0014856622577916895,-0.0051865152003485555,-0.00460886339417615,-0.0010276759999644132
2021-07-02,-0.0023007495056052364,0.0016083592958423178,0.002295707023118043,0.0006873477272757254,0.0034425820440400164,0.0042234103154280556,0.0043328924607130915,0.0005167850458688653
2021-07-05,5.6239193503325804e-05,0.00032565404282945687,-0.00011497962534601225,-0.0004406336681754691,-0.00028625799193674845,-0.0008606976959979473,-0.0012177050267786482,0.0011890207335076841
2021-07-06,0.0049947134417530435,-0.0024850235764729157,-0.007304801164778135,-0.0048197775883052196,-0.0008049698516289459,-0.008177527124141363,-0.009143301800069408,-0.0026431874159852007
2021-07-07,0.00217841496618093,-0.001340198249839093,-0.002458387364975667,-0.0011181891151365742,-0.001518666057303104,-0.002090794960201814,-0.002976096248241276,-0.0015939789031883163
2021-07-08,0.0010749105481393175,0.001718108082526171,-0.0009805647315527521,-0.0026986728140789232,0.00766212419538502,-0.002644017507046459,-0.003004432715319436,-0.0006776100984847341
2021-07-09,-0.0032450870143827457,0.0010953469271098443,0.004556871730780343,0.0034615248036704988,0.000429956806810831,0.004101659075980295,0.004331742581557322,0.0013394536291212826
2021-07-12,0.000373368102772712,-0.0017984878983854438,0.0001174318741529734,0.0019159197725384172,-0.0014472387203108839,0.0013201039748240717,0.0024496893121275193,-0.0013393427210101432
2021-07-13,0.004119779871996951,-0.003221440471007876,-0.006549484170552233,-0.0033280436995443575,-0.004469271161541069,-0.0044998065107661285,-0.003462093420981039,-0.0007820187066372627
2021-07-14,-0.004526945119570007,0.003782576868816216,0.007061326402906465,0.0032787495340902487,0.004901400342537794,0.008726619006859337,0.005964816500715846,0.003249468071031769
2021-07-15,0.002748387598335523,-0.001633575449245625,-0.002790177965611179,-0.0011566025163655541,-0.001254426718883983,-0.003019156311764489,-0.0050575376059231614,0.0008014162153725154
2021-07-16,0.0001797415665026618,-0.002274074165556127,0.001691859017572822,0.003965933183128949,-0.0015456521420821,0.002980381948666899,-0.0003008334962609375,-0.0005985779748960418
2021-07-19,0.00504449595145498,-0.0009259666586137333,-0.008031557815736334,-0.007105591157122601,0.0023725493956627632,-0.010176002888872807,-0.008993151649897542,-0.0030238927036951857
2021-07-20,0.00026835063881677996,-0.0009850356658504793,0.0005814017855563236,0.001566437451406803,-0.00316629111348724,0.0001447153010748862,0.00011366406991996012,0.0012152303437470053
2021-07-21,-0.002070226675439361,0.001298371232723956,0.0013592884493952018,6.091721667124579e-05,0.000539188032600238,0.0002403276666061993,0.003606524625642193,-0.0003748602071691476
2021-07-22,-0.0002931357173618556,-4.3527464223064305e-05,0.00024131910148600388,0.0002848465657090682,-0.0006991670756406424,-0.0011647760392712685,-9.713143326343734e-05,-0.00022196032174059965
2021-07-23,0.0013756834739805197,-0.0008492735593299515,-0.0018918245338613304,-0.001042550974531379,-0.0012241264442446054,-0.0020375605514241224,-0.0005778690109091077,-0.0010315208221315746
2021-07-26,-0.001488573826382714,0.0027202832730968546,0.0008126119200588533,-0.0019076713530380013,0.0025214632309055927,0.0003267041954976661,0.00075842999193243,0.0003964692818794931
2021-07-27,0.0007669221519586854,0.00093541355856455,0.0012174248594710446,0.0002820113009064946,0.0027626527934221518,5.239421329276499e-06,-0.0015766521398449726,0.00024406167930653608
2021-07-28,-0.0028896483490577773,0.0022871270332444,0.0021349446070890177,-0.00015218242615538252,0.001971775297858839,0.005049647330749418,0.006083163087942394,0.0015517065160730592
2021-07-29,-0.00467524282226712,0.003194736585908294,0.007823794269863543,0.004629057683955249,0.003986160758367617,0.00741647738475822,0.0043982805268318525,0.004476586736982109
2021-07-30,0.003454521771075998,-0.0008070424979503433,-0.004029836050293389,-0.003222793552343046,-0.0009678066614704726,-0.0056859882690624515,-0.00630745728844455,-0.0022515942266874145
2021-08-02,-0.0004154839477986316,0.00025261834794645596,0.004350482516777915,0.004097864168831459,0.0011918209001496223,0.004018707679772045,-0.0003810832259050608,0.00252082698218666
2021-08-03,-0.0006729166652964321,0.0011337276330437521,0.0011911519146073635,5.742428156361133e-05,0.0012298208268149656,0.00020969857158444535,-0.0012324260796100891,-0.0003347663434839128
2021-08-04,0.0007843728285532414,-0.0013205980536628078,-0.0010186485374662768,0.000301949516196531,-0.0031379883263066796,-0.001300852126414805,7.948754464034583e-06,-0.0011633551130929565
2021-08-05,0.0007766418303343926,-0.0009619304992842786,-0.0034066866772888005,-0.002444756178004522,-0.0011810756639687957,-0.00564530025400826,-0.0016841228181915405,-0.00151819411709897
2021-08-06,0.0050015237859100045,-0.004791241048445846,-0.005225454731560997,-0.0004342136831151505,-0.006154755901959685,-0.0055695987548721,-0.004000682541530013,-0.00481155679962697
2021-08-09,0.0021066830314068977,-0.0019665542021414933,-0.0026716194281739825,-0.0007050652260324891,-0.0029447757841812305,-0.004309065523371143,-0.0024850002184610737,-0.0013355826228223695
2021-08-10,-0.0005936872504646766,-0.0014237300622557542,0.0005767044911734742,0.0020004345534292284,-0.0021445177304708998,0.0030370654536161132,0.003038528762508363,-0.0003967148628910196
2021-08-11,-0.0020382512255969374,0.0024825503646715534,0.001635733317550292,-0.0008468170471212615,0.0013117266887117767,0.002592873086723254,0.0026207012636481697,0.001725881316775831
2021-08-12,0.0004079199667408359,0.0002637203784078817,-0.0008622735844301954,-0.0011259939628380771,-0.0007294532189463382,0.0022256133928616473,0.0015005946278245483,0.000567671639891909
2021-08-13,-0.0027908293582673185,0.0026643645159034647,0.0035269733521806346,0.0008626088362771699,0.007096329563855225,0.002835081694452568,0.0025156755800554076,0.0007406597213432953
2021-08-16,0.001290634246314675,-0.0002499931330220244,-0.00014032948453057692,0.00010966364849144747,0.0018799703884399093,-0.0004661795564997462,-0.0016207520490526223,0.0010182064278783838
2021-08-17,0.0046967291944017935,-0.0041635433811536005,-0.0035848507539405494,0.000578692627213051,-0.0038518072023499736,-0.0037933073928424856,-0.005034847967378964,-0.002465743565472097
2021-08-18,9.730819324093925e-05,0.0007421588622655139,-0.0020251882581593106,-0.0027673471204248245,-0.0014000962693269346,-0.002616180526500552,-0.0017280696278592356,0.001304980163956489
2021-08-19,0.005006014428595232,-0.003631312328617393,-0.006616933570557537,-0.002985621241940144,-0.0016068206052738537,-0.007243928792439587,-0.0066205858055316215,-0.0035828059225520015
2021-08-20,-5.392243621111983e-05,0.0011012962998201183,-0.0005815303055678456,-0.0016828266053879638,0.0009914830037626259,-0.0017220196206133205,-0.00010797294353880644,0.000831142786643276
2021-08-23,-0.0045521652022964005,0.004322016945331577,0.0045894295864057355,0.0002674126410741589,0.0034603697227081945,0.003478088986710648,0.0035706587136439738,0.003555943301881914
2021-08-24,-0.0037106688028384844,0.0022886268045434095,0.0062267940452926385,0.003938167240749229,0.00046606155723850445,0.007565175575395895,0.006964971704572863,0.0030682263016404607
2021-08-25,-0.0009481103242982309,-0.00016854219722246475,0.0019067080748752518,0.0020752502720977166,-0.0011524143480412068,0.00215153031154125,0.0011156778148689833,0.0005778281887437823
2021-08-26,0.002022046220894777,-0.0011141915805047975,-0.002709847333177251,-0.0015956557526724535,-0.0022650465638345274,-0.002729114255569024,-0.0037426108587906254,-0.0012319955685526907
2021-08-27,-0.0051105743424420935,0.004660243347690506,0.006574121561271878,0.0019138782135813721,0.004344393148567022,0.007815258461038624,0.006660705954630233,0.0053310748336307485
2021-08-30,-0.0009695067171971053,0.0003031260469842003,0.002248356361430115,0.0019452303144459147,-0.002276773347140238,0.0021984364020866862,0.0025000857480072603,0.0001617126607142231
2021-08-31,-0.0034521237986507355,0.0021638079812588487,0.006054912206956975,0.0038911042256981263,0.0006422777807082817,0.00795193731404679,0.002720160889934994,0.004788489195738673
2021-09-01,-0.0014052479428934318,-2.416271108678786e-06,0.002105857094320901,0.0021082733654295797,0.0009366305023362683,0.0013077111817266045,-5.5236002293199536e-05,4.5934480722209514e-05
2021-09-02,-0.0009913044062770078,0.0010953377113879156,0.0006066074353367756,-0.00048873027605114,0.0015521987350931206,-0.0011811002172835705,0.0005052690283059476,-0.00030788629209295887
2021-09-03,-0.001519127062955416,0.0010826550235305977,0.0011943435208331965,0.00011168849730259882,0.0010381419406551619,0.0006091708802890006,0.00013396955076088496,-7.599352922967502e-05
2021-09-06,0.0005474919013169414,-0.0005023904130091062,0.001580206016777469,0.002082596429786575,-0.0011606287871513455,0.0030871194286509196,0.00032559037047485577,0.0008151311895826888
2021-09-07,0.003081777283960713,-0.003360279277656147,-0.0029424764917181656,0.00041780278593798147,-0.003855743663098483,-0.0023659262509465595,-0.0018597787877717789,-0.005079647282863586
2021-09-08,0.0031518021596102946,-0.0017849037153042629,-0.0066649445412738095,-0.004880040825969547,-0.0014624447941655877,-0.007000338261554624,-0.005724299072217399,-0.004903057650107383
2021-09-09,-0.001241178526029859,0.002271119614014801,0.0029710498125778417,0.0006999301985630407,0.0037472112870733792,0.0032804879750819582,0.0034047907678405637,0.002220626366776779
2021-09-10,-5.150835005882093e-05,-0.0004102578575907352,-0.000813375775999603,-0.00040311791840886776,-0.0012504414794452985,-0.0008481677717590008,-0.0010673208187179292,-0.0009598429449868551
2021-09-13,-0.00011692035282654918,-0.0015093122599844442,0.001269730879915859,0.0027790431399003033,-0.001971478820759769,0.002212019523089026,0.002146204219707503,-0.0007172911990288208
2021-09-14,0.001115820333736342,0.00012696360564977936,-0.0027831186412517195,-0.002910082246901499,0.0014587692627020116,-0.0034020812735117145,-0.0014544574010512004,-0.00022831905461795365
2021-09-15,-0.0017572623408562207,0.0017472936244099478,0.0005564247050763582,-0.0011908689193335896,0.0015276984438150898,0.0007913822936381395,0.0031451367642949812,0.0023565815959809555
2021-09-16,0.00443917003444559,-0.004732413272958256,-0.006503038737761729,-0.0017706254648034731,-0.005327018526023607,-0.005787198256653414,-0.0030109740642540778,-0.0058074929973087235
2021-09-17,0.003823796406584339,-0.0032568522808097966,-0.005716219038797016,-0.002459366757987219,-0.0036159535230105657,-0.00517239405881383,-0.004127581541963747,-0.004990839840586236
2021-09-20,0.0020961693495332163,0.0004921555578880441,-0.0037555599300230502,-0.004247715487911094,0.0034469471102681662,-0.004711885410080052,-0.0034533144431483525,-0.0007686578045632922
2021-09-21,-0.001112514940356552,0.0013395227237826355,0.0015258655711074265,0.000186342847324791,0.002010013932856885,0.0025133924062230215,0.002696164692621905,0.001806279319354213
2021-09-22,0.0010791153180617027,-0.001990929119021526,-0.002204244598413091,-0.00021331547939156502,-0.0037796775718006853,-0.0002540769961748568,0.0006340436492323869,-0.001772010687322097
2021-09-23,-0.00248488349869259,0.0021124128513339974,-0.00014690512248097254,-0.00225931797381497,0.0005865089331648828,-0.00170066476018275,0.002663890242952664,-0.0014458620287166972
2021-09-24,0.002807250693116837,-0.0014910897493912653,-0.004755552901422905,-0.0032644631520316394,-0.001855951813319212,-0.005710803148058201,-0.0012106029537826374,-0.0037944844253892107
2021-09-27,0.0009797281849405156,-0.0022223990383139023,-0.001577039523141699,0.0006453595151722034,-0.0020239438023236106,-0.0015488361151934453,-0.0020776729957338353,0.0003536928117989409
2021-09-28,0.004541848636145705,-0.0036032085317995177,-0.006837627293075993,-0.003234418761276475,-0.003162293669500197,-0.005346666859445737,-0.004021128256653088,-0.005603828095033236
2021-09-29,0.004573278639020949,-0.004532002907590236,-0.004462877871403315,6.912503618692126e-05,-0.005789798829803451,-0.003123832396897841,-0.0035420989001768433,-0.0028213665064313886
2021-09-30,-0.001994604370208548,0.00297827872075228,0.00036188857564811716,-0.0026163901451041627,0.0027886945298096996,0.0006267296221216245,0.0005527917242379007,0.00395925267183624
2021-10-01,-0.003913394475823746,0.0016026456619603249,0.007023090873359172,0.0054204452113988475,0.0012511477227926254,0.007830290575028634,0.006512190111008612,0.0023481442116434583
2021-10-04,0.00016958423115473117,2.0859941133502535e-05,-0.0033319438203474605,-0.003352803761480963,0.003540015176251743,-0.004264317964228992,-0.001048834510548467,-0.003043577337085379
2021-10-05,0.0011459247307979551,-0.0019949300969849485,-0.002013959101198559,-1.902900421361063e-05,-0.0035361936879303494,-0.0007918303567964932,-0.00020586817015560976,-0.0016265906462921513
2021-10-06,0.001730830301943312,-0.0017980904380687866,-0.0002515719722313292,0.0015465184658374573,-0.0008523045706556829,-0.0004112656266585339,-0.0013582830858641886,-0.0014431756969521075
2021-10-07,-0.0004912526180745713,0.0002840314867278166,-0.0017063131326239267,-0.0019903446193517433,-0.0012677776060970823,-0.00023765152518873123,-0.00033588433755226847,-0.00037912839170125184
2021-10-08,0.0007611562231958397,-0.0002605848092668162,-0.0028579479494598714,-0.002597363140193055,-0.0007935774834175041,-0.00194434520368314,0.0016497819747666414,-0.00509171739875421
2021-10-11,0.0007814811399918624,-0.000937751737527321,-0.002930192827412026,-0.001992441089884705,-0.0038261518322373067,-0.0028886566540973955,-0.0022682472460650144,-0.0013970987237545234
2021-10-12,-0.00027649454971307667,-0.0007176718553891376,-3.5137181166128295e-05,0.0006825346742230093,-0.002657665780477251,0.0022295911444286665,0.0025232525029568542,-0.0005265198312653189
2021-10-13,-0.004624651209873904,0.005009401192237063,0.004655723772263171,-0.0003536774199738926,0.0052504792042558646,0.002645906957090586,0.0027204712868858782,0.0027892960922425805
2021-10-14,-0.0012902055395806198,0.001159832103240728,0.0008123904338518395,-0.0003474416693888885,-0.0008703849675486541,-0.001705488312860511,0.0006052910593698621,-0.0007727634966034902
2021-10-15,-0.0009651178207163197,-0.0006686075312878573,0.002935208377442211,0.0036038159087300684,-0.00115452602419971,0.004762191204543502,0.0032919040899783347,-0.003174438987218734
2021-10-18,0.0015199148063252859,-0.0011087089421562973,-0.004684175461845769,-0.0035754665196894714,-0.00045950640413006116,-0.004926400286252797,-0.0016681932893876927,-0.0027573792532152495
2021-10-19,-0.0029867425592608257,0.002486952869978052,0.0022068643413054867,-0.0002800885286725653,0.0008241860248320946,0.002116624809803088,0.0005026992607621254,0.0037624664346817363
2021-10-20,-0.0017836856296013933,0.0012728499866653791,0.003058710132593262,0.0017858601459278828,0.00224056472192063,0.0027984580112282074,0.0011205557366969804,0.001972885995982369
2021-10-21,0.004259383928427542,-0.00043009674000847077,-0.0108345451210424,-0.010404448381033929,0.0002989438626423563,-0.012282699709629993,-0.004033143373486425,-0.00548552574811841
2021-10-22,-0.00048632471795159726,0.0023132702917535407,-0.0011048908668490898,-0.0034181611586026305,0.0030755093829147226,-0.0011171367099849967,0.0015781490849166063,-0.00012911658815554597
2021-10-25,-0.0005445283887381375,-0.0008141430367064936,0.001474326592534464,0.0022884696292409575,-0.0032776140890875874,0.003931603419155587,0.002410891369789792,0.0020822359870600327
2021-10-26,0.0003018637370918488,-0.0010885786598139394,-0.0005960857910457251,0.0004924928687682142,-0.0017988207324544276,-0.0010262834195832922,-0.0007922415427527982,-1.5474656481181032e-05
2021-10-27,0.00034586736577241943,0.0011497789312672844,-0.0015360263032020705,-0.002685805234469355,0.002035708882009347,-0.002054731890553977,-0.00033585357923423306,-8.489630785420606e-05
2021-10-28,-0.0018740713085793554,0.004741555650236512,-0.0012721409468475497,-0.006013696597084062,0.005142190734090095,-0.005921031792533819,-0.002321823997375639,0.001312342078406618
2021-10-29,0.0040286039240564064,-0.00415883197121405,-0.00412197375050069,3.685822071335977e-05,-0.006081164848978883,-0.002269303565792913,-0.0028260009738928305,-0.0036515992036313025
2021-11-01,-0.0006696407110269231,0.004220523322081757,-0.003627513219731371,-0.007848036541813128,0.003764169860757551,-0.0057167232236521315,-0.0023063223366233438,0.000902396750169269
2021-11-02,0.002846892534089445,-0.002756498221832283,-0.0002980611331569738,0.0024584370886753092,-0.0027199727083027972,-0.002566591006027371,-0.0035588802038086747,-0.0009924636087815426
2021-11-03,-0.00279973040970447,0.002355967855688394,0.006909003893121768,0.004553036037433374,0.0018829576348173606,0.0050610864020620054,0.004427687582177701,6.546862726393894e-05
2021-11-04,0.0033732011040374077,-0.0017366647459776553,-0.004317532255513651,-0.0025808675095359956,-0.001324750010793449,-0.004256490358876171,-0.004416206381459846,-0.002658001967689616
2021-11-05,-0.0021589031182146887,0.0015400068982236673,0.0054944269565907755,0.003954420058367108,0.0015624534006979617,0.0054571765628141184,0.0027698930749112355,0.0031140870763763187
2021-11-08,-0.0020766812911682817,0.0014327415944662553,0.00225274388186697,0.0008200022874007146,0.0006085279578617783,0.0023760801487185215,0.0010427655440711028,0.0025387263659112
2021-11-09,-0.0007507839378227427,0.0018929431837020443,0.0001322146851299444,-0.0017607284985720999,0.0021185197251038235,0.0006994298358558396,0.002017342745026942,0.0006119623199812482
2021-11-10,0.007005107385156781,-0.006255770141613503,-0.011445996279345588,-0.005190226137732085,-0.008676951887837006,-0.009800941136967242,-0.005868346553753853,-0.0051356073711053
2021-11-11,0.0010995785844613048,-0.00148294980915596,0.00045563299628217924,0.0019385828054381393,-0.002453192434950268,0.0027888208181272947,0.0007519098936455296,-0.0011479170113880184
2021-11-12,0.0003247775072863319,0.0004314548743142507,-0.0026442583702421807,-0.0030757132445564314,0.00044775148945887705,-0.0024244854803418723,-0.0008020995757066297,-6.875920777208815e-05
2021-11-15,0.0010406197758368253,-0.0018972075825227554,-0.0018444347035243558,5.277287899839965e-05,-0.004574927147868331,-0.0006755331135204582,-0.0006824592686058324,-0.0020080196419775356
2021-11-16,0.004805239098028649,-0.0035983753768514797,-0.008756595979775544,-0.005158220602924065,-0.005155575750524476,-0.010467381831369083,-0.0034601822925151016,-0.006324126394826897
2021-11-17,0.001037121589126398,0.0029894146868312994,-0.003200365891250556,-0.006189780578081856,0.0026378121555248415,-0.005777253301457175,-0.0016843350266826215,-0.0015580380517996595
2021-11-18,0.0014682202470092183,0.00020904602673853072,-0.004839408801316253,-0.0050484548280547836,0.001836825004506451,-0.008921741482212512,-0.003212619488256344,-0.006010044635040994
2021-11-19,0.00457302659176242,-0.0036759707674069407,-0.009853346779467531,-0.00617737601206059,-0.002408004004353287,-0.006494572851375187,-0.0031556359802407752,-0.005141329217814701
2021-11-22,0.0028105093989043133,-0.0037511523804381122,-0.005510604647028905,-0.0017594522665907927,-0.005833239167782463,-0.00466802093410353,-0.0017677349818859029,-0.005386264646573362
2021-11-23,0.0047780537116990495,-0.002989307618800228,-0.015162464064546244,-0.012173156445746016,-0.000426732399272244,-0.021854122232343693,-0.0008356590282959653,-0.020541578325336502
2021-11-24,0.0014694986930848773,-0.004078719810915118,0.004457188927683681,0.008535908738598798,-0.0028538144566276993,0.005278585496191941,-0.004617480831661394,0.00786841902887625
2021-11-25,0.00015058481282103275,4.494538426415458e-05,0.0019980960189266983,0.0019531506346625437,8.30208240473751e-07,0.00036231836659705863,-0.00011545692895339624,0.0014223532550732276
2021-11-26,0.004040098038882045,0.0008632163229476686,-0.011097009273226488,-0.011960225596174157,0.013474084428562553,-0.014922453929809435,-0.007627868429788722,-0.007222381547718
2021-11-29,-0.0002636468389141159,0.00299005380342522,-0.0003244685467544417,-0.0033145223501796616,-0.001040902466982264,-0.002865475071587298,0.002430407827674016,-0.004009260317115941
2021-11-30,-0.002217527997926411,0.0034155760558794573,-0.0009798803864930483,-0.004395456442372506,0.003984810846227797,-0.002856136790215754,0.0017059830635893583,-0.0059841471204338985
2021-12-01,0.0010834042377887987,-0.00176531318160136,-6.733284498702807e-05,0.0016979803366143319,2.6447173631418314e-05,-0.000671799356394572,-0.0020009358876876627,0.003669250976548133
2021-12-02,0.0005719026341541875,-0.0013458513231512613,-0.0010427020440171297,0.00030314927913413156,-0.001638264716937186,0.0001701884832260673,0.0035505910597689355,-0.006725216397591716
2021-12-03,0.002296125041021015,4.8072078785627026e-05,-0.0018370430233081436,-0.0018851151020937706,0.002261221693779921,-0.003504364690482283,-0.0031839572950733024,-5.924890346091042e-05
2021-12-06,0.0001415906259188567,-0.0016027620237156325,-0.001539783178296228,6.297884541940461e-05,-0.005605345072246022,0.0011365356953938106,0.0025752572453181916,-0.0027400839158665167
2021-12-07,-0.0034769272685218292,0.0017941928612501094,0.00584025175765715,0.0040460588964070406,-0.0007784783292521987,0.009521264143857714,0.006894935993419817,0.004722606652915055
2021-12-08,-0.0036271606860814186,0.004770033420654034,0.0037223658743496257,-0.0010476675463044084,0.003755040952578693,0.003446392037763979,0.0054017678927180445,-0.001011866808372656
2021-12-09,0.0032827443871375544,-0.0018881677544964823,-0.004906443904996616,-0.0030182761505001335,-0.0018606533454546363,-0.005305468813748456,-0.004038231396009724,-0.002553913789299367
2021-12-10,-0.0007455423057848767,0.0010544989517001398,-0.0021515485654095,-0.00320604751710964,0.0016268398008262204,-0.0024357854537494137,0.0003517557342912441,-0.0012161196012174802
2021-12-13,0.0028310777998273723,-0.002008732788670805,-0.0038792057502686217,-0.0018704729615978168,-0.0020316027501362612,-0.0020737894977916893,-0.004921078626744453,-2.1565896873336026e-05
2021-12-14,0.0040869859271055724,-0.0026108372567681948,-0.007654333254136253,-0.005043495997368058,-0.0016452396055168055,-0.014049770705162112,-0.007218801087952769,-0.00791633297918004
2021-12-15,-0.001047806931469337,0.0019531374149253326,-0.0011205704533746585,-0.003073707868299991,-0.000385914770984259,-0.0012827361854256998,0.0032942452787267256,-0.005550690769726622
2021-12-16,-0.00044740386366551657,0.0030969110533805404,-0.0050659336726424364,-0.008162844726022977,0.004275889616278256,-0.00885883867284091,0.0015840259445355537,-0.008957383853214429
2021-12-17,0.004044585992611241,-0.0039712197724928195,-0.007172059447541179,-0.0032008396750483597,-0.004215855753472354,-0.005963775196754099,-0.0008809666426932071,-0.007285686436741656
2021-12-20,-0.004234830942204426,-0.002172069849500054,0.02564179161565766,0.027813861465157713,0.002287324107776096,0.03141134088306533,-0.002634176928977827,0.031479929112217565
2021-12-21,-0.0037752993759717396,-0.0002949422781420002,0.010663256351534922,0.010958198629676922,-0.002167072165039229,0.013488522589511201,0.0019661725691158378,0.012925146028786175
2021-12-22,-0.00486434287851624,0.0021877898260107935,0.008936678178964708,0.006748888352953914,0.0025096870104508173,0.011113001539962827,0.004925013234165891,0.0064892377535253525
2021-12-23,-0.003300948968835458,0.0014695998536342226,0.007292740671202336,0.005823140817568113,-0.0001114065629903895,0.009537499479662759,0.0012758654612639903,0.011201592020229967
2021-12-24,-0.002006289589864483,-0.0005948654064284412,0.01028145676154113,0.010876322167969571,-0.0007486581354205074,0.013428335317392551,-0.00011895956205237868,0.01166296170773884
2021-12-27,0.0015229599118769957,0.0017791576462692776,-0.010405581439161593,-0.01218473908543087,-0.00027798786564631195,-0.014748295071613756,0.0008968073328399733,-0.016410745883836435
2021-12-28,6.422832708513973e-06,0.0013142841604489898,-0.0027611276624127656,-0.0040754118228617554,-0.0004494625017087324,-0.004342898067398034,9.833532026815425e-05,-0.001149414229316692
2021-12-29,0.001873475267617295,0.00033230610167920074,-0.010118161760822642,-0.010450467862501842,0.00180720821518122,-0.01626919471533565,-0.001505839101732211,-0.010555768911287178
2021-12-30,0.0006941440877114434,0.0005941588720115212,-0.0010001534090950392,-0.0015943122811065604,-0.0006709572220740025,-0.0030703990784776147,0.002914145082158973,-0.006801077418303676
2021-12-31,-0.0008034693160943285,0.0013618321037427734,-0.0015430235532751524,-0.0029048556570179258,0.0016730988888301278,-0.003062971620775364,0.0011550005528305643,-0.001610078616803105
2022-01-03,0.0024418085479908634,-0.0031856105719634247,-0.0003930434840654362,0.0027925670878979885,-0.005367785803714585,-0.00011479304613008316,-0.005219790533626887,0.0018088419049318016
2022-01-04,-0.0003182759019574482,0.0008134112334327263,-0.002475798591867917,-0.0032892098253006433,-0.0015520975713120971,-0.00541313387126426,0.00020057495981201656,-0.004736547735954814
2022-01-05,0.00029876929038617555,-0.00101731435830482,-0.002470858692257688,-0.0014535443339528682,0.0006279782003676265,-0.002084721871328058,0.000321811691452916,-0.00319171332755445
2022-01-06,0.0014990569187362723,-0.003112720621546612,0.0012697977339591326,0.004382518355505745,-0.0013452145420940382,0.00020238318720707435,0.0003581256678883704,-0.0048878356593285615
2022-01-07,-0.004199536318542181,0.0031786283081747125,0.005440416125329556,0.0022617878171548433,0.0036303325144725943,0.0035116408998564497,0.00361432954664528,0.0014210257834918287
2022-01-10,0.001545564082236106,-0.0032751490475645025,-0.00025503893390191323,0.0030201101136625892,-0.0030685112773780887,-0.00022173810859142198,-0.001515734100359398,0.001460201588924015
2022-01-11,-0.0047122457595621964,0.004713141312524996,0.005169405790198783,0.0004562644776737873,0.0024026577224211163,0.006810875585996172,0.00670838524713164,0.0028157812562686533
2022-01-12,-0.006609548119922464,0.004464646663263841,0.011328438424767745,0.006863791761503904,0.007476547153365556,0.011537670111627282,0.004800985531876832,0.009203698497707006
2022-01-13,0.0007925842409579353,0.0014044314365659841,-0.004912754740936859,-0.006317186177502843,0.002803761022988502,-0.005056413135367717,-0.00038983901179634066,-0.003979319948385666
2022-01-14,0.00198450706322328,-0.0014869141118166625,-0.0008682779007639918,0.0006186362110526707,-0.002305658932738236,-0.000521915228606081,-0.002354076684016271,0.0005619218232427355
2022-01-17,-0.00043479375691243263,-0.00010500926188430383,0.0014259619127807155,0.0015309711746650193,-0.0013661104923724198,0.0014811936557523515,0.001317568174188845,0.0007837985853909787
2022-01-18,0.004117020812872126,-0.004418912933271259,-0.007140161918768567,-0.002721248985497308,-0.003609381803427597,-0.006458896942536652,-0.004371922193236649,-0.0024430607261152204
2022-01-19,-0.0032487521249960926,0.0016197472004859433,0.006122235200215542,0.004502487999729599,0.001871235055009778,0.007991151861301319,0.004480526467497141,0.0034308229592798036
2022-01-20,4.054641523184698e-05,-0.001718670504261801,0.0009793960899606158,0.0026980665942224168,-0.0005537789431396359,0.003514634559646549,0.00031948888536805143,0.0003885236901570721
2022-01-21,6.598629633136881e-05,0.001458868229269189,-0.00044300458718954383,-0.0019018728164587329,0.003942590365181871,0.0001541767737142837,-0.001958597083370408,-0.0008626471910262445
2022-01-24,0.003982824727737104,-0.00269321023540664,-0.005511333826061449,-0.0028181235906548086,-0.0020429330538356085,-0.004688017292498421,-0.0036370643209736203,-0.0019253352451296113
2022-01-25,-0.00021244749779815832,-0.0012091362499297448,0.0004410590148365423,0.0016501952647662872,-0.002169034905814072,0.0015544718637378052,0.0016198882012645227,-0.000545192542323066
2022-01-26,0.002781942160705431,-0.004152578777998959,-0.004430652210338892,-0.00027807343233993316,-0.0061608115790026995,-0.0014996231944313838,0.00020742795969452436,-0.0035538789599501483
2022-01-27,0.004424656760918329,-0.005903224247960005,-0.002331173857841873,0.0035720503901181325,-0.007294684511175857,-0.0034305884032383993,-0.0018150733198544766,-0.004872676034235246
2022-01-28,0.0015215439953227888,-0.0013593497216056218,-0.00037821148141764516,0.0009811382401879766,0.0002821719428019916,0.0009093566696435721,-2.4271362725861563e-05,0.00011815321619490504
2022-01-31,-0.006484756355349609,0.005664682327603721,0.010264733955604233,0.004600051628000512,0.004395743393043684,0.008890644900529413,0.005307638666898389,0.006247675759449549
2022-02-01,-0.002658649401502366,0.002892939173762824,0.0027989324656567116,-9.400670810611259e-05,0.004235025021998712,0.003566453988273932,0.0039795165446641,-0.00015892288120296824
2022-02-02,-0.0011512768097758446,0.0021034616957529267,0.0006237145347667561,-0.0014797471609861706,0.0028944694831238987,-0.002116128520296782,0.00038177079256610354,-0.00022836172463961782
2022-02-03,-0.0016375540725928309,0.0018170603650396553,0.0023330173002856502,0.0005159569352459949,0.0019527747573688664,-0.0019167385466253295,8.598846629786256e-05,-0.0014631856580825293
2022-02-04,0.0029012454926713458,-0.002313843375254001,-0.004524252236453863,-0.002210408861199862,-0.002535624815654456,-0.004947073796961503,-0.0042382993350991716,0.0003571563539641609
2022-02-07,-0.0016349672645377378,0.0011616367489432605,0.002521171820723478,0.0013595350717802174,0.0005759079813279453,0.0013331575429138542,0.0034706472177111996,-0.0003627763692139278
2022-02-08,0.00023466759191783856,-0.001512856497120258,0.0012382504799497707,0.0027511069770700287,-0.002235753713033426,0.002962842257760149,-0.0008176676563749327,0.0003888661144490306
2022-02-09,-0.0028891828329203144,0.0019904668942276344,0.004268512415772724,0.0022780455215450895,0.000518718213695632,0.004514180380957892,0.0026253583007042653,0.0016478740646703738
2022-02-10,0.0007716598596338923,-0.004700623809642946,-0.0010449426514098081,0.0036556811582331376,-0.001654768941483702,0.0006513935004777149,-0.001109700831164783,-0.0021610923245354297
2022-02-11,0.0034016226613230757,-0.0017432690414436545,-0.005494476042409435,-0.0037512070009657807,-0.0007195266981558415,-0.0010808155333911218,-0.0011291188308200442,-0.00021751261108763723
2022-02-14,0.0010672812735678405,-0.00025865824626477955,0.0007282397733687773,0.0009868980196335569,-0.0012086406190117832,0.001819925243408867,0.0009157998514220587,0.00010732160276960556
2022-02-15,-0.0038596312392104397,0.0038918300801405094,0.006369940465284191,0.0024781103851436812,0.0008802533568315942,0.002051609169177978,0.0013767217173430277,0.0014925549881839029
2022-02-16,-0.002576169591471358,0.002344212166629318,0.0028550981378075713,0.0005108859711782533,0.001969527284237415,0.003093768972216101,0.0017286684024531112,0.001161293523307035
2022-02-17,0.0006429846439455597,-0.0004521299188305263,-0.002996039388139804,-0.0025439094693092777,0.00205663790580835,-0.0004576705120925932,-0.0009144169789754257,0.0012784202786226828
2022-02-18,0.0012642764799303675,-0.001444085164111453,-0.001087910481278903,0.00035617468283254995,-0.001866321739462722,-0.0008678897694394117,-0.0005091385335324328,0.00011036873409124108
2022-02-21,0.0005733003342047282,-0.0007020199959451804,-0.00033596189710030644,0.00036605809884487396,0.0025814703238286377,-0.00014967651413740532,0.000399159585318399,-0.00020017507997464415
2022-02-22,-0.0012696944567811776,-0.0005818222783356888,0.001063559136399883,0.0016453814147355719,-0.002579939147974807,0.0009171684582539955,0.0029457843829444608,-0.0026071627112212634
2022-02-23,0.0003914141367399402,-7.983076621459473e-05,-0.0024761672215208863,-0.0023963364553062916,0.0009747576602442595,0.0022238757689509634,0.0030684900431489637,0.0006104592676874354
2022-02-24,0.010463556253173825,-0.007666310888967045,-0.015976411757201797,-0.008310100868234752,-0.00790567849534828,-0.0126675061487167,-0.008113989792665267,-0.010304124168943737
2022-02-25,-0.005363959725158547,0.004016433745613852,0.006931696051073244,0.0029152623054593922,0.0024823960659199804,0.006028941891412047,0.003978970663760025,0.006252253883749577
2022-02-28,0.0026372369445018993,-0.0003114157529665821,-0.008541434989444457,-0.008230019236477875,0.003247344825029729,-0.004616804173008952,-0.0009812376732441627,-0.002230655311588651
2022-03-01,0.004411780014250412,-0.004277631996781977,-0.007458555080621293,-0.003180923083839316,-0.003207433223776581,-0.00033899428520067776,-0.001052353201407242,-0.002362088417840136
2022-03-02,-0.001599760599636685,-0.0003352641238523763,0.0010616746084446127,0.001396938732296989,-0.0026364281865693443,0.0036720049428293398,0.005220970116584491,-0.0002493578624898814
2022-03-03,0.0010934379263458538,-0.002567311064848579,-0.0030166427697249365,-0.00044933170487635767,-0.0003050561959330317,0.0055120151986958925,0.0031550996627028594,-0.0029856325743778576
2022-03-04,0.006515863503341627,-0.00451085991932291,-0.012725783713782274,-0.008214923794459364,-0.0020555738445217123,-0.009512543079826482,-0.006983033843690998,-0.0032486817299079243
2022-03-07,0.006691035370186025,-0.006750827870323141,-0.011931665389812052,-0.005180837519488911,-0.0068966148441429636,-0.005603061924396302,-0.005963104727145154,-0.008594963449979787
2022-03-08,-0.001826306820855608,-0.001257829299335593,0.006232586672086815,0.007490415971422408,-0.0009396495083191514,0.0022374137287247686,0.0029342037478341004,-0.003128359156870856
2022-03-09,-0.009287842000701672,0.00836032911725281,0.01622713731391845,0.00786680819666564,0.005822248599675871,0.00857083272258626,0.007836695068978787,0.0014795242347755237
2022-03-10,0.002967361947805125,-0.00295574940932394,-0.0047735637247351415,-0.0018178143154112016,-0.00496292263784312,-0.0054304003922693855,-0.0035235717732610534,-0.003974639118586865
2022-03-11,0.0035005745693293534,-0.004208084089018084,-0.0036773299427567963,0.0005307541462612874,-0.007210352838571461,-0.0015557050534467098,-0.002069935190255017,-0.0036128235179555546
2022-03-14,0.001270253086574382,-0.0020679521744058696,0.002474348490518835,0.004542300664924705,-0.0030367881255141302,-0.0017224782270678733,-0.002179488331044493,-0.0034752654880739384
2022-03-15,-0.0010027143507392257,-0.00022390265778123811,0.002725249622185344,0.002949152279966582,-0.0007690012398563507,-0.0009895865260174015,-0.0005302460844809263,0.0003932065573474623
2022-03-16,-0.0072105178590948435,0.005824861323142652,0.009444451640488655,0.0036195903173460026,0.0014539970194393237,0.0072683037993503214,0.006431657330612858,0.004040069622465688
2022-03-17,-0.002955888748915396,0.003984514933317526,0.0017852412866380118,-0.0021992736466795145,0.003348337753261333,0.0018186534405637185,0.00417993901394746,0.0044311567065290864
2022-03-18,0.0015601893451431753,-0.0018262997126140476,-0.0036330446863317156,-0.001806744973717668,-0.000679461999992507,-3.0199721565852638e-05,0.0033879764991774247,-0.003770281978952017
2022-03-21,5.4060563666072457e-05,-0.0030256997960271797,0.002628451736829407,0.005654151532856587,-0.0028705145843479635,0.004192681987101617,0.0029633285047969576,-0.0039464429912888415
2022-03-22,-0.0022432584645575857,0.00010886440000386702,0.0035722536029501595,0.0034633892029462925,-0.0031818015657866885,0.0037881437089079726,0.002766412370597025,-0.0010099380396795994
2022-03-23,0.0005747378707711224,-0.0015457269811897066,-0.0003567316802167708,0.0011889953009729358,-0.0006792788496027361,0.0033511397278343327,0.003266706378301006,-0.003083822931528646
2022-03-24,-0.0004861270318523127,-0.0006887825448644025,0.0013368020450068296,0.002025584589871232,-0.003464647557056629,0.0038349468409162313,0.001451962657603544,-0.0011662673794103906
2022-03-25,-0.0021554643642974626,-0.00011312063183053188,0.00517995124489215,0.005293071876722682,0.00029389707375551227,0.002470389609496415,0.004189482162280073,-0.000727230746631354
2022-03-28,0.0033327429701842494,-0.005184231582512792,-0.003407526735523053,0.0017767048469897392,-0.006396240569751503,-0.00316341395208856,-0.0033675436961218114,-0.003324276025205316
2022-03-29,-0.006733135407322838,0.008059332830124343,0.011253023773826004,0.003193690943701661,0.007056682500660706,0.007780742480211693,0.0035354022361798625,0.009109027437380254
2022-03-30,-0.003093640913798571,0.005893099158914504,0.002393250211747272,-0.0034998489471672316,0.007908919224454447,0.0007591053289093264,0.0026390424046300637,0.0015325192115819657
2022-03-31,0.0031238515307127324,-0.0035608330253994788,-0.003191614884513777,0.0003692181408857017,-0.002165798326246355,-0.0018807702792348335,-0.0038040503354220745,-0.0009961856508798512
2022-04-01,-4.558026721642773e-05,-0.0026302948979338436,0.0012074990181206724,0.003837793916054516,-0.0036376107706456717,0.003201738986041258,0.0037015405703201515,-0.003409889286196307
2022-04-04,-0.0007853165083220172,-0.0018330238240770336,0.0019958591044028084,0.003828882928479842,-0.0035882083222298403,0.005864837875351377,0.005047197477112813,0.0020911104597565178
2022-04-05,0.004781080125664437,-0.003457749322083068,-0.00852408922177264,-0.005066339899689572,-0.005521679164059943,-0.006675997637669573,-0.005382101258367851,-0.002896699408987328
2022-04-06,0.003354914569080215,-0.0024871791454308505,-0.005182079029273479,-0.002694899883842628,-0.001958428497728084,-0.0041581785846992085,-0.0049429692160716165,-0.0015860013939206958
2022-04-07,0.0014784688784063083,-6.034632321603485e-05,-0.0007840901819902713,-0.0007237438587742364,-0.0012324340825943664,-0.0029971859747935183,-0.002280155612587011,-0.0011757223616867634
2022-04-08,-3.215661054180308e-05,-0.0010720125455894874,0.0026405848019281364,0.003712597347517624,-0.001318760042430071,0.004018432949124222,0.004788448269295856,-0.0025366048048602132
2022-04-11,0.0009479097078566754,-0.001527662568053395,0.0015070931650535135,0.0030347557331069086,-0.0011295793571038197,0.0036150010824062737,-0.0010869709234427832,-0.0018389227328080941
2022-04-12,-0.0005562036173644086,-0.0007991630962918342,0.0016744260847059156,0.0024735891809977498,-0.00265156172643131,0.002859229771147572,0.0016942027116077468,0.0008630642305296199
2022-04-13,-0.001587841633309613,0.0014423925915049273,0.0009924379618221624,-0.00044995462968276494,0.0005457730813868827,0.00032223851988773716,0.001879290099939356,0.0012020414735707252
2022-04-14,0.003393379836218762,-0.003200392748694822,-0.0037777654706125097,-0.0005773727219176876,-0.005034198179601909,-0.003820694804988478,-0.0034509963785148146,-0.0029083185569515426
2022-04-15,0.0004638274672386011,-0.0016582282245132564,0.0005610854372724017,0.002219313661785658,-0.00207267925243614,0.0014892235746600813,0.00043340690948632084,-0.0008820895057824648
2022-04-18,0.0017769773355092269,-0.003537985964172637,0.0017917877257521697,0.005329773689924807,-0.003237631427317901,0.0015398508749491224,0.0009336704275946002,-0.002868230992668271
2022-04-19,0.0019364913868814408,-0.002983252700328143,-0.004344340615664133,-0.0013610879153359897,-0.007254809300918323,-0.0063445877824184205,-0.0020932501481515852,-0.004333564068877749
2022-04-20,-0.003531375971479178,0.004898411701972218,0.0028253947989557715,-0.0020730169030164468,0.005838471295162563,0.00024160211058606626,0.003112095721355516,0.0028403538732873677
2022-04-21,0.004644886880035132,-0.004083238370083817,-0.004754265251413176,-0.0006710268813293584,-0.003500707228651303,-0.006462651465215186,-0.003999325836686825,-0.0032161786560442143
2022-04-22,0.007441355721818227,-0.0036688520394889627,-0.009317303489623258,-0.005648451450134295,-0.0031618819944167716,-0.013328991230881715,-0.01160492654511834,-0.0018998559579611978
2022-04-25,0.006190687618917917,-0.004201365200558331,-0.005792805588023753,-0.0015914403874654221,-0.002233674774719155,-0.008115398126784338,-0.008074039164482436,-0.0017463348893525705
2022-04-26,0.006557699956141238,-0.004125950749686652,-0.010811038698726988,-0.006685087949040336,-0.000980704287917307,-0.007662722426974078,-0.008438170625009725,-0.0016621053791854301
2022-04-27,0.002435219100010215,-0.004020235377097464,-0.0011858793022003211,0.002834356074897143,-0.007937437226479742,0.0002972525637020181,-0.0003622037734311777,-0.0027355417132963744
2022-04-28,0.004636225893900606,-0.005602778035620832,-0.002543138612264517,0.0030596394233563147,-0.009261133268216122,-0.0030690502289747825,-0.0024384304489856973,-0.004993128968716694
2022-04-29,-0.002320135414280405,0.0026646425999641843,0.0022974148157802188,-0.0003672277841839655,0.0036521716509124538,0.0018764894897393598,0.0005470488082780897,0.0036531525390028907
2022-05-02,0.005082744961074279,-0.00439819780755501,-0.00863573271682569,-0.004237534909270679,-0.0035527148490899275,-0.010309720604486613,-0.006870062050588615,-0.0027280378149882414
2022-05-03,-0.003619103806713331,0.0019407999760961106,0.008663936329764116,0.006723136353668006,0.0003859477335013603,0.009686153617051088,0.005376794052672472,0.0024265902224782643
2022-05-04,-0.008064705014338737,0.007047816182130586,0.011567258608579573,0.004519442426448987,0.00810586659923536,0.006219180150502009,0.00515320357703252,0.006202496768299944
2022-05-05,0.011383727028411002,-0.011920506198820739,-0.014845443870204922,-0.0029249376713841833,-0.009586698485185592,-0.01331390985279827,-0.010250846232266766,-0.009002691249033893
2022-05-06,0.0018678137219328502,-0.0004365260401352684,-0.002875628733395502,-0.002439102693260234,-0.0021029886770168745,-0.0008815704466549334,-0.0004817354928777852,-0.002486360683659002
2022-05-09,0.005548949456561201,-0.004926618685830673,-0.005685625674030498,-0.0007590069881998245,-0.0007458076365740654,-0.009885876570007427,-0.009039247485343158,-0.004491384189595123
2022-05-10,0.0006873204519621743,-0.0011481139465847928,-0.00046316520226827307,0.0006849487443165198,-0.0021495661466433666,-0.00013665029280481486,6.527246996089277e-05,-0.0017401307923614606
2022-05-11,0.0004729650237625686,0.0006860024291916707,-0.00026567989329459585,-0.0009516823224862666,0.0012823365219178304,0.00017755297815347237,0.00037139557965740595,-0.0010842693343880623
2022-05-12,0.004467942110585857,-0.003660709841039323,-0.004565540797377171,-0.000904830956337848,-0.002881477931114476,-0.0017442180956324844,-0.0026479374829161484,-0.0013042550564765776
2022-05-13,-0.0031488919617885195,0.0031655351298246004,0.0006687043173714546,-0.002496830812453146,-0.0008116496762878081,0.0017079324883578402,0.0059869492666408475,-0.00013720479641269692
2022-05-16,-0.0013614993964451965,0.0010812861450669796,-0.0008128123916066321,-0.0018940985366736117,0.0006837482251076191,0.0021867160079806678,0.0031983178332848916,-0.0015874978226123975
2022-05-17,-0.006781369062711835,0.007159707109099777,0.007238365825974341,7.865871687456373e-05,0.00589894421867718,0.004343286922876592,0.00684624834671788,0.0002577745909057387
2022-05-18,0.005520114575432445,-0.004196773828180025,-0.004713057716792729,-0.0005162838886127036,0.0023888812742136425,-0.005816629170821597,-0.007301182928716926,-0.0024905104977048045
2022-05-19,-0.007999684698353127,0.00869514829878533,0.006283800816162588,-0.0024113474826227416,0.009894388527265154,0.004871350381601913,0.00659962333881469,0.005215481492001202
2022-05-20,-0.0006878793551630013,-0.0007987088026141262,0.001752315462152182,0.002551024264766308,-0.0016513631519809342,0.006669090908259327,0.003999011311072355,-0.0025610431231273267
2022-05-23,-0.006821780426824596,0.007605857678175359,0.006721691119779383,-0.0008841665583959766,0.007153984321266116,0.0021962775302860247,0.004754381965024443,0.004552756499378141
2022-05-24,-0.0010118817012006558,0.002541457678857991,0.0009699063500596405,-0.0015715513287983505,0.0061561460352522095,-0.00021072222194958487,0.0002058579799955567,-0.0002764002886953924
2022-05-25,0.0028113990624781407,-0.0027999527280240825,-0.007357730395281564,-0.004557777667257482,-0.0034869299711266393,-0.00195642397005961,0.0009209366574035158,-0.004793445434128
2022-05-26,-0.0021458573814073486,0.0014574671773651994,0.003049521317473519,0.0015920541401083198,0.002596341596009586,0.0037678331112030636,0.003484189245418906,0.0016006790837719276
2022-05-27,-0.003287541828610888,0.0022070539110823307,0.005434379861555871,0.0032273259504735407,0.0009587898312030917,0.005762909060403221,0.0041718631923021565,0.003743282497281323
2022-05-30,-0.0032328303994735323,0.003076881438806245,-5.035940103970127e-05,-0.003127240839845946,0.00028932847346609575,0.004568571462987244,0.005940620686120557,0.00214474591875032
2022-05-31,0.002362012423622141,-0.0028849972921542308,-0.0036571238993255706,-0.0007721266071713398,-0.004963986225426151,-0.0007682595771126843,0.001384489034225869,-0.003992199145921749
2022-06-01,0.004410054083487215,-0.006185290680721615,-0.0038854148666737642,0.0022998758140478507,-0.007644312031560095,-0.004098597968474264,-0.005661363453060294,-0.003664632866102524
2022-06-02,-0.006213576852328759,0.00535334681796229,0.006304870694676196,0.0009515238767139056,0.005433730250263021,0.004904671895119006,0.005612935071686385,0.001440539117342432
2022-06-03,0.002426255364912357,-0.004270043908808311,0.0001998735965619558,0.004469917505370267,-0.004964601175798287,0.0008747703283376781,-0.0009166186999401892,-0.0038793924336005445
2022-06-06,0.001954497834859478,-0.0030672385415602974,-0.00047069647599007336,0.002596542065570224,-0.006121355323429317,-0.002303004143547597,-0.0010834190734765603,-0.004312979797519286
2022-06-07,0.001058902068300629,-0.0015277388338684524,-0.0030082992290968724,-0.00148056039522842,-0.0024727497091112985,-0.0038908352641641533,-0.002039394917921437,-0.003157618755219064
2022-06-08,0.0027699255979029805,-0.002763215126038452,-0.0051431835579990315,-0.0023799684319605794,-0.005439572890121098,-0.004821845436340307,-0.002020714559134797,-0.00692142767303013
2022-06-09,0.0056409679367109495,-0.004954739586417744,-0.006563530620404517,-0.0016087910339867735,-0.0041143153816241285,-0.006766604552690625,-0.006017563127711325,-0.0023386832227457375
2022-06-10,0.007848072395961754,-0.005934182685288114,-0.009502311412789871,-0.003568128727501757,-0.00561610320092746,-0.011703357407481815,-0.010716623435694041,-0.0031472621764097783
2022-06-13,0.01090274587458958,-0.008972535149606354,-0.015074514181978693,-0.00610197903237234,-0.006885413957219426,-0.015169656568962964,-0.012531038538546294,-0.004369627444782346
2022-06-14,0.0018563989690802592,-0.0015015517299068813,-0.0008435287127050717,0.0006580230172018096,-0.003709984469757805,-0.0007879704288047776,-0.003301778611849049,-0.001133023015614872
2022-06-15,-0.0071340797045260345,0.005852793756489232,0.007199933144619364,0.001347139388130132,0.0074131502058677025,0.01046127903961902,0.008631261045583063,0.005030792054730855
2022-06-16,-0.0017708285208222216,0.005075671856988877,-0.0025168613880054147,-0.007592533244994292,0.01673951301252594,-0.004260679163781478,-0.001455332499574326,-0.0011344222926902663
2022-06-17,0.004509691307104182,-0.005378750967935513,-0.0028272127070153863,0.0025515382609201265,-0.00950577559397533,-0.0037106327200222924,-0.004369078197725172,-0.005055556429977903
2022-06-20,-0.0012428610672909632,0.0012820614506604514,0.0010723387332289003,-0.0002097227174315511,0.0008786535396240481,-0.0014733092275224235,0.0012140979564244172,-0.0007193192078568759
2022-06-21,-0.0010249133876203318,-0.0008301209380268942,0.004658016392342673,0.005488137330369567,-0.0028331915037598195,-0.00027417935766108997,0.0001853436333938498,-0.0024155961907241044
2022-06-22,0.001826123600102958,0.0013707941922497923,-0.002873717927545816,-0.004244512119795608,0.0037113544670424,-0.0020076414961534748,-0.0023547406426980993,-0.0009280514454212222
2022-06-23,0.0033442718728236885,-0.0010168999390649967,-0.0035997407781208357,-0.002582840839055839,0.002078799770082955,-0.004834622414496985,-0.005438539805919954,0.0010687340290883955
2022-06-24,-0.0029903970368871102,0.0031089445449394735,0.006001502426033839,0.0028925578810943655,0.0015516889707406754,0.005733875526975722,0.0027428511481249395,0.005670780408204419
2022-06-27,-0.001211869411867507,0.0012944534187517738,0.0024558757016518162,0.0011614222829000424,0.0009217455036898877,0.0031572042256354424,0.0009529393850752751,0.003713221527437286
2022-06-28,0.0031067307904472513,-0.0030418369087753293,-0.0062085890236523444,-0.003166752114877015,-0.004179180205386965,-0.005188318272479009,-0.001732195582025515,-0.0035255666235288383
2022-06-29,0.0026228047168878115,-0.0035911845943259286,0.0011254603341669112,0.00471664492849284,-0.0029117951834857284,0.000657707154645785,0.00043031960854321227,-0.0016901125633060528
2022-06-30,-0.00013143486164947848,0.00025086200901087465,-0.0033571615903525975,-0.003608023599363472,0.0034871620346670767,-0.005081085714287707,-0.001822119476422912,0.002003849141912021
2022-07-01,0.005766276586495488,-0.004718556333541454,-0.006704665360712042,-0.0019861090271705885,-0.0019408311071699251,-0.00821050252314041,-0.006963146400896418,-0.003109491219720336
2022-07-04,-0.00044887062722244117,-0.0003966838388014052,-0.0015386793493083473,-0.001141995510506942,-0.001994973368420583,-0.00020585044269557282,0.0018831925522842044,-0.000922269281164049
2022-07-05,0.009983996918786871,-0.007186173490459286,-0.012824654177548717,-0.005638480687089431,-0.00795817949373883,-0.0107568224320674,-0.010876866348815493,-0.006069872764418394
2022-07-06,0.005056415477001796,-0.0021264284745884155,-0.008586934997632162,-0.006460506523043747,-0.003725890256352464,-0.010306689692845391,-0.005790072986152385,-0.002476171795486796
2022-07-07,-0.002872554325150152,0.0014284150093782822,0.00456951322145302,0.0031410982120747377,-0.0019307377972554707,0.0029071893374652547,0.0035145078132320213,0.0013651472407506897
2022-07-08,-0.00020073051291706742,0.0011325705597717162,0.0012271595690905301,9.458900931881391e-05,-0.0002886813000664799,0.0007448714908823151,0.002187949869970721,0.0007569074065715645
2022-07-11,0.01062538061110065,-0.008673307980500557,-0.012324851994585995,-0.0036515440140854373,-0.01029191713632552,-0.015306185610047299,-0.012837149300065576,-0.007458346420261257
2022-07-12,0.0010404707474056204,0.0014438986350107804,-0.001857455251195378,-0.0033013538862061583,0.001702460192246406,-0.00322372471947178,-0.004750621060181156,0.002035533629269004
2022-07-13,-0.002577299327382026,0.002027232602767268,0.0007386767060100496,-0.0012885558967572182,0.00043319806565231527,0.007339986587214982,0.007571748813291027,-0.001692465349042586
2022-07-14,0.00469053900271022,-0.006179081784362956,-0.0028054205423263534,0.0033736612420366026,-0.006775473547384013,-0.004405817827010512,-0.003553366927576534,-0.006511531332447825
2022-07-15,-0.007556080766420155,0.004912966659734937,0.007511766745613352,0.0025988000858784147,0.0058788316921910165,0.009153022754319581,0.008373211743100946,0.0008716974420427773
2022-07-18,-0.002769059073793475,0.0024924422216308934,-0.0005777491380522248,-0.0030701913596831183,0.0021714988479185865,0.0006900610358429778,0.0032064563813307767,-0.0005876018887771561
2022-07-19,-0.005912800424999114,0.0055388417453038664,0.0043971076344486715,-0.001141734110855195,0.0057434282262468035,-0.0008490711763946927,0.003633551356228718,0.001586948432797571
2022-07-20,0.0030252321586111347,-0.002141946523379728,-0.004474872693531445,-0.0023329261701517173,-0.0024823815668036583,-0.004489864799573917,-0.0042016035104306725,-0.002812731778251661
2022-07-21,-0.0009465104937903131,0.002850809411365123,0.0002790878497447302,-0.002571721561620393,0.005273230926142489,-0.004776138308878426,-0.0025655631823067898,0.0011532188064244941
2022-07-22,-6.344344131796649e-05,0.0024143791243650893,0.002673481903463587,0.0002591027790984977,0.0044290182151570665,0.001420877717376053,-0.0008088121488608523,0.0019095024393408118
2022-07-25,-0.001852155306317855,-0.0010037976374409796,0.0035906395059332186,0.004594437143374198,-0.0022621590930205506,0.004738040765189688,0.006146664831651406,-0.001926321637871468
2022-07-26,0.0030558468205138787,-0.00377102801666126,-0.005404339205126868,-0.0016333111884656078,-0.0034368173691027705,-0.0007622046785816424,-0.0005016997832315097,-0.0015614477621039107
2022-07-27,-0.005278971471961341,0.005124312296600864,0.005109910852018257,-1.4401444582607531e-05,0.0047702346408522904,0.0065739641784098675,0.007059909750244818,0.00134021545233091
2022-07-28,-0.00325688989740026,0.004405754079824412,0.004603996111088221,0.00019824203126380877,0.0070971377488104415,0.007361540664666026,0.004926521023112402,0.005460293770721547
2022-07-29,-0.002003618095129974,0.002553067516097377,0.0014174910686971243,-0.0011355764474002528,0.004623700669813707,0.0027778318588236686,0.0032434748491039895,0.0011057477843428032
2022-08-01,-0.0032873121442359996,0.004372015735298602,0.003484371615850107,-0.0008876441194484953,0.0060958415472461905,0.0011915133228565338,0.00011347656465843634,0.0022945234288703396
2022-08-02,0.007091879061190936,-0.0054742923950884745,-0.008673330163924381,-0.0031990377688359065,-0.00986440294670162,-0.012053779984626348,-0.009380168284358312,-0.0016113950546864746
2022-08-03,-0.001365375294730247,-0.0001618445503404494,0.0031883024794598924,0.003350147029800342,-0.0028750314374582676,0.0033253526853970947,0.0037687222965903733,-0.0012920727874562072
2022-08-04,-0.004323137816927813,0.006342931930389076,0.0047870704515189655,-0.0015558614788701106,0.007068692485417217,0.005120165264429155,0.002596143567328727,0.0032840241523438194
2022-08-05,0.0043670712126837145,-0.005413123816214694,-0.0013367252901016757,0.004076398526113018,-0.00943944779640647,-0.0019421380453562935,-0.0023633773347743747,-0.0023579411330581688
2022-08-08,-0.0035556333942353595,0.003618719551778019,0.0035490935508927512,-6.96260008852677e-05,0.0025232709438444147,0.00576620623461388,0.0052298690500878365,-2.984980822740013e-06
2022-08-09,0.0002830759806781107,0.0007313183441443843,-0.00016091813864088644,-0.0008922364827852708,0.0006959031644563062,-0.000825482262205468,-0.0015252231343694245,0.00019540939083214268
2022-08-10,-0.00969532117558246,0.009570576155700658,0.009477223400142037,-9.335275555862055e-05,0.012341517264593593,0.010039944565420011,0.009377647512423938,0.0064304198588981025
2022-08-11,-0.0006544452262826925,0.0011581090099607979,-0.0018897633401935565,-0.0030478723501543544,0.0008960305798890849,-0.00023632534145471654,0.00040035813585588754,-0.0025737945088610825
2022-08-12,-0.0003909479639377251,-0.0031115158229635628,0.0035450024336471653,0.006656518256610728,-0.0032906856590989818,0.007815618296605709,0.004513712635566527,-0.0006612668168432349
2022-08-15,0.006624381035362965,-0.006434779050276803,-0.0076738517154297525,-0.0012390726651529491,-0.004534957821597996,-0.0038489530108536396,-0.0042837939371604085,-0.0021848176160916832
2022-08-16,0.0009450549260580474,3.962165845810932e-05,-0.001543300023701788,-0.0015829216821598973,-0.0029922937936989794,-0.005179974118018109,-0.0037129563594206177,0.000493926134337519
2022-08-17,0.003528042030799631,-0.0013748948246724208,-0.0038300603781885045,-0.0024551655535160837,-0.0024936262737394617,-0.007631275659241488,-0.00537068811151837,-0.002184845602599831
2022-08-18,0.006498423362811405,-0.0052150529468488575,-0.008221135271345908,-0.003006082324497051,-0.006896425296618668,-0.006601417021501299,-0.0033250483038488716,-0.004953364145861523
2022-08-19,0.004691777915770956,-0.0053389202434206695,-0.003072705642926804,0.0022662146004938655,-0.005119878106291533,-0.0018075266377876413,-0.0019413274939713407,-0.004417848123353958
2022-08-22,0.004186612570650518,-0.0066255120667607125,-0.004007038588157791,0.0026184734786029217,-0.006355287250267398,-0.0006682478566087946,-0.001276078321567144,-0.003308104540431067
2022-08-23,-0.004051673857842759,0.0037165548057019643,0.0014438886847531196,-0.0022726661209488447,0.002754497508041216,0.004931924632995559,0.0069027019658021715,0.0009990736745739692
2022-08-24,0.0009062043646240216,-0.0012992384161029302,0.0018872429678656877,0.003186481383968618,-0.0016815908442991759,-0.0015201996739468981,-0.001352874316700059,-0.0012875084809848374
2022-08-25,-0.003301178413214115,0.00289029932422464,0.001442448126499296,-0.001447851197725344,0.0026002975032009944,0.002165726445628402,0.0013142845126985889,0.002513113052729684
2022-08-26,0.003018774070803105,-0.0049606347065330875,-0.0005419309398899952,0.004418703766643092,-0.003763760158205952,-0.0004396050052529373,-0.002314387380851387,-0.004209043522872102
2022-08-29,-0.0002715443659657455,-0.0032066112441341606,0.00217910667440524,0.005385717918539401,-0.0022910494506294993,0.0017449084515361868,0.0024685456246310022,-0.0032450175812005857
2022-08-30,0.002139127314923855,-0.00224428021554344,-0.001063842140746063,0.0011804380747973769,-0.0016697519447771644,-0.007050992364092974,-0.00720173216898543,-0.0013495691438261865
2022-08-31,0.0005458058878475879,0.0003616509603520284,-0.0003245297360919275,-0.0006861806964439559,-7.9962071799047e-05,-0.0033650189982786425,-0.003835182994402529,0.0012532665728139936
2022-09-01,0.006564889455257714,-0.008720151543168412,-0.0063965412569257085,0.0023236102862427034,-0.008325538395854601,-0.006673703309325892,-0.006117375684376211,-0.0058575068897188665
2022-09-02,-0.0016821266295007136,0.0009660647570922454,0.003018952931710478,0.0020528881746182323,0.0007709428332945776,0.003931305461614169,0.004592661369048187,-0.00044289801492936043
2022-09-05,0.0013966817155137029,-0.00219205905748692,-0.0007468368932266045,0.0014452221642603153,-0.0014921290263846408,0.0019264507943056823,0.0010279552448800855,-0.0018104250497932295
2022-09-06,0.004011881127842285,-0.004122436357675202,-0.0048332832178060725,-0.0007108468601308704,-0.007502960762213777,-0.005980432167999187,-0.005073300509784844,-0.004770071854640623
2022-09-07,-0.00459494430667053,0.0034775107615816585,0.007090100984742803,0.0036125902231611447,0.003742869602202058,0.004343304779140171,0.0043216436588711105,0.0005303017553669095
2022-09-08,0.0008521017178142042,-0.0010767938033543348,-0.0014073058632242397,-0.00033051205986990486,0.0007782091805959916,-0.0008917214735042478,0.000987730856608114,-0.002171614311507438
2022-09-09,-0.0046419106844033785,0.006676397606164968,0.00569295966839839,-0.0009834379377665781,0.008980429823485186,0.007238663683297619,0.006476381271548997,0.003469403108699328
2022-09-12,-0.004439589601132773,0.004862222238690641,0.005033776845837612,0.0001715546071469707,0.004069944362342385,0.0035848049839340237,0.0032039173715916864,0.0008271781928451313
2022-09-13,0.01189452403753469,-0.01260576897960605,-0.011947569565835203,0.0006581994137708474,-0.011602715405017039,-0.010652823184007065,-0.012052752235154927,-0.00815455449586655
2022-09-14,-0.0008898720141521728,0.0023678614875018173,-0.00042969425964772823,-0.0027975557471495455,0.0032005135055713824,0.0019013345004494548,0.0029069704745456337,0.0030819380296966217
2022-09-15,0.003817068709125805,-0.0028871417843775076,-0.004664470380869062,-0.0017773285964915548,0.00011623979326671798,-0.005455873951828376,-0.006100006723137018,-0.004745331459715452
2022-09-16,-0.0008759606372919617,0.0009635748386473305,0.001227284654803651,0.00026370981615632036,0.0008564046039460281,-0.0016414973985275545,-0.0012854103167559178,0.0029736748973063034
2022-09-19,-0.0005202876334804262,-0.0017379056372358876,0.0044093325074014145,0.006147238144637302,-0.000327100782551883,0.003708863043680862,0.0040302871485340475,-0.0019494681328903567
2022-09-20,0.0042714662502745734,-0.0032820449047672347,-0.003147917054600158,0.00013412785016707687,-0.002832718269642311,-0.0009950891927840526,-0.0034944657678851543,-0.001707237552504089
2022-09-21,0.005919875866939589,-0.00646003613694857,-0.007991994130081115,-0.0015319579931325445,-0.005975831873576025,-0.0012824063764104536,-0.0018362385649449856,-0.0027439201518426604
2022-09-22,0.00040353202214816943,-0.0019319569215674424,0.0019920377707100534,0.003923994692277496,0.00032610616775623674,0.005120168189069352,0.002224246207947256,-0.002847635351187261
2022-09-23,0.011548807109554048,-0.009028037046549201,-0.01224064521810403,-0.003212608171554828,-0.009040362994241316,-0.013209469888668446,-0.012051826831722037,-0.006172514179024535
2022-09-26,0.009151692523656106,-0.006778330735441703,-0.009910013084781732,-0.0031316823493400293,-0.010029892281202851,-0.01277083026214206,-0.012660501160929918,-0.005534194802926828
2022-09-27,0.00019541620080095685,0.00039715655601899947,-0.00013563514003112065,-0.0005327916960501201,0.00013489997336591503,0.0009390896101203842,-0.0002238604359414777,0.0005920218344807419
2022-09-28,-0.006842546188659985,0.0070337978259813905,0.0030987801203811727,-0.003935017705600218,0.01143748779679588,0.003918094368895601,0.007327670832228739,0.0022324933752218743
2022-09-29,0.0006139266512048854,-0.0003808780449480495,-0.003747663383968286,-0.0033667853390202365,0.0022739742627033072,-0.004022625944935705,-0.0028252497788293324,-0.0016422709157201492
2022-09-30,0.003950241548120932,-0.0017640791480289346,-0.0018711648670817482,-0.00010708571905281364,-0.005056628120104517,-0.004098538061909222,-0.006954489960149627,-0.001995302909366966
2022-10-03,-0.00794396607928999,0.002098931000061009,0.010542526274871261,0.008443595274810253,-0.0004291887335719953,0.013355758026131204,0.015473368134277838,0.0008141249268023287
2022-10-04,-0.007268330364841736,0.009492786497938725,0.0061868867083444135,-0.003305899789594311,0.010762885995194064,0.00371909894325273,0.005418057828383306,0.004615930465923901
2022-10-05,0.004955031774285039,-0.004492278428053309,-0.005104326614498916,-0.0006120481864456077,-0.006220615865806592,-0.005154594932283725,-0.0065424490364223474,-0.000545187787698668
2022-10-06,0.006129471043324983,-0.004348629678620597,-0.007998688680141225,-0.003650059001520628,-0.006585513069973272,-0.0043865464609685505,-0.006074960054840595,9.45219580845702e-05
2022-10-07,0.0027040138217028858,-0.00421117566669189,-0.002467936963605588,0.001743238703086302,-0.00332867908185829,-0.0009893012870395939,0.0012265827963542839,-0.005704349930036286
2022-10-10,0.0026547257643445,-0.0053572722330817125,-0.0004103798713333551,0.0049468923617483574,-0.00402930832956465,0.0010720404896865654,0.000903132088083585,-0.002108009838368119
2022-10-11,0.002152268213638693,-0.0015789429692626973,-0.004873283371223919,-0.0032943404019612215,0.0006658412249735966,-0.005910408359950381,-0.0049006594423822636,-0.0012068424245659977
2022-10-12,-3.107502408112781e-05,0.0009793291311457856,-0.000372119553084721,-0.0013514486842305066,-0.0025570806244553765,9.774439995210067e-05,0.0006247523607371923,0.0010042511375167873
2022-10-13,-0.0039694909549541175,0.0013974341692258006,0.004964433605655849,0.0035669994364300487,0.0006411136153320462,0.0025427239593914797,0.00483638560899885,-0.0017798843541414477
2022-10-14,0.005956203705350911,-0.004141363997281208,-0.0017947151608899703,0.0023466488363912373,-0.006810368527117242,-0.008854886333520015,-0.008571089692754505,-0.0050964209358452806
2022-10-17,-0.006211254820352699,0.006367466619681052,0.008169770126118664,0.0018023035064376122,0.006331830028570888,0.002634875562996649,0.004187938877503723,0.001953605286284373
2022-10-18,-0.0005724717366759217,0.0006085845049179305,0.0007167701627207868,0.00010818565780285625,0.0006742853270552718,-6.275922900722541e-05,-0.0002701347782715992,-1.1118825730497643e-06
2022-10-19,0.005463670695236593,-0.006204140785823122,-0.0063262950911325,-0.0001221543053093778,-0.007512933579323487,-0.006332226687909781,-0.004946112522869306,-0.00472556442712128
2022-10-20,-0.0007582214937006897,-6.892723862510528e-05,0.0043531147823242244,0.00442204202094933,0.00011918098723876049,-0.0002282716433753921,-0.0003562086267919286,0.0013872824850021577
2022-10-21,-0.004979009045857722,0.006529614059285501,0.004669055067271,-0.0018605589920145018,0.010130222988248927,0.002746175035060139,0.004911990122307443,0.004244610661719624
2022-10-24,0.004950002932594339,-0.0038979811337262506,-0.007173913517742242,-0.0032759323840159914,-0.0033950185801669883,-0.00929181128535043,-0.006753686445991376,-0.006035817701898353
2022-10-25,-0.006496156626517874,0.007424329475877811,0.00430926803759038,-0.0031150614382874304,0.007196989815611382,0.00198545311768894,0.003528550463808709,0.005028024860155152
2022-10-26,-0.008360137954648437,0.00834940625756522,0.006289110521344565,-0.002060295736220654,0.010106977668394182,0.003531773911206996,0.003228963129026136,0.006466932830400858
2022-10-27,0.002571352335134761,-0.004817642972962593,-0.001786312018314945,0.003031330954647648,-0.0050755876309459625,0.004607283151831972,0.003164801923748073,-0.0020988959651024133
2022-10-28,0.0012390055894911317,-0.002212909286289231,4.748326734213548e-05,0.0022603925536313664,-0.004439355860969227,-0.0003649735193675581,-0.0003595568474081902,-0.0015021021633655114
2022-10-31,0.0036881614072349867,-0.00490618359047406,-0.0011016459451072547,0.0038045376453668053,-0.00719153943069887,-0.0022861188142643263,-0.0010592735115509558,-0.004617499254396214
2022-11-01,-0.001235940186446102,0.0016779572874609833,0.003085836796983571,0.0014078795095225877,0.0010606022977062994,0.00023359280607530378,-4.5181602845627875e-05,0.003942058012574634
2022-11-02,0.002289052733050265,-0.003114469491689013,-0.000915980688194179,0.002198488803494834,-0.0020885647064772133,-0.00040327410211845233,-0.0014473697578394657,-0.0005213633957494116
2022-11-03,0.004921470618466643,-0.005063971914627234,-0.002816220653071244,0.0022477512615559896,-0.0063812724903245304,-0.0027836881737451544,-0.0032749405432553336,-0.0019788512407844885
2022-11-04,-0.014267473596330413,0.01554350584529325,0.013493887288152456,-0.002049618557140793,0.01722046619133469,0.006849571261696237,0.009868419870160674,0.01033868335098457
2022-11-07,-0.002736598232427894,0.002471771373653077,0.002988166582232138,0.0005163952085790609,0.0038002488317056145,-0.00028207951972077555,-0.0026292502625619124,0.002426079061262613
2022-11-08,-0.003963096683424197,0.004998266027818975,0.0005163584556731882,-0.004481907572145787,0.004763661038807425,0.0038453979653024772,0.004204540816063552,0.005614375158958722
2022-11-09,0.0033250646297268045,-0.0036329758119262633,-0.003997856193755922,-0.00036488038182965876,-0.0032345041322063774,0.000251125654054644,-0.002798932404853595,-0.00045492365174763333
2022-11-10,-0.015128926222665448,0.022252724019961617,0.008089163651064657,-0.01416356036889696,0.026189406563200734,0.004625264606772299,0.007875072728750083,0.017110962414666142
2022-11-11,-0.009013882045293135,0.014264296831924633,0.0038409040164842922,-0.01042339281544034,0.01751618218539992,0.0015112151170096528,0.002110947935472269,0.009165820198162885
2022-11-14,0.0020154255034254605,-0.0015658524512319827,-0.003382573285184959,-0.001816720833952976,-0.0038782965044755597,-7.152579248762929e-05,-0.0013360868972007722,-0.0016421131206729722
2022-11-15,-0.0018831725087902,0.0008433460038906786,-0.001288530123512377,-0.0021318761274030555,0.0016414387207544998,-0.0016439149731933833,-0.00038433582975251824,0.0010156516189455307
2022-11-16,0.0022264508674555024,-0.0006104855519861261,0.0003325862077654118,0.0009430717597515379,0.0007717358369407484,-0.0054178041718075205,-0.005162739226978305,-0.004228735456852946
2022-11-17,0.0045106825655832,-0.00588133232582703,-0.0037134899784777298,0.0021678423473493,-0.005031577566532576,-0.0051024534674851685,-0.00453183788399678,-0.002127320511440193
2022-11-18,0.0008404746471764291,-0.0015163615863297928,0.001873628067943861,0.003389989654273654,-0.0027139977792349826,0.0021464682631654095,-0.00042573469004097975,-0.00035401549454694425
2022-11-21,0.004570911828152953,-0.006686292268429357,-0.0027275572022090466,0.00395873506622031,-0.008333961538724543,0.0014608239469556805,0.00036367932636105493,-0.007345152770209307
2022-11-22,-0.004455129379879098,0.004866278921541937,0.002872668070203477,-0.0019936108513384605,0.00656104321656652,0.0023057252157790975,0.003788389444543984,0.003350855845706121
2022-11-23,-0.006008934983903474,0.008083827485462582,0.0032787730455303143,-0.004805054439932267,0.010132726423862056,0.0035854943146252185,0.004053999524430514,0.004545699641399577
2022-11-24,-0.002610659969907103,0.003598620047680707,0.00041431161915372883,-0.003184308428526978,0.002554312202410212,0.00047603603377847453,0.0010043008071923265,0.004532662152661941
2022-11-25,0.0011056060846268252,-0.0012043324458720856,-0.000914523313842619,0.0002898091320294666,-0.002337173171440131,-0.0015135201926130826,-0.0008304791329585599,-0.0013718149365390768
2022-11-28,0.0031013766289648918,-0.004012832325279849,-0.00048602182263488003,0.003526810502644969,-0.0028181145613111005,0.0011300236757240494,-0.0010784730057730254,-0.0010399900615974584
2022-11-29,-0.0022948674233506383,0.0010775918737033164,0.003757676753199629,0.0026800848794963127,-0.0013336296110387895,0.005689191528862121,0.0031330509726489714,0.0036292629257820654
2022-11-30,-0.006672918489718033,0.007524879222857318,0.0023689708614252902,-0.005155908361432027,0.006904943100681561,0.0004470566044272317,0.00573184214441415,0.007003410911767076
2022-12-01,-0.006192480527919444,0.010755725216532855,0.0004071987965479362,-0.010348526419984919,0.01357420542827333,0.00042631586415753375,0.004716609605842851,0.0059323950135284536
2022-12-02,-0.000710099130932073,0.001434954009269837,0.0004004144527639808,-0.0010345395565058563,0.0029761679518557718,-0.0008667536818472618,-0.0038858708085013904,0.002219745156479084
2022-12-05,0.006474715505863139,-0.006738819738217185,-0.007323485676640679,-0.0005846659384234933,-0.00950902121352303,-0.006858136203927094,-0.010426672509794312,-0.006706480754163986
2022-12-06,0.0008835371829072479,-0.001890352706830631,0.00039010740735478944,0.0022804601141854204,-0.0011647552619613703,0.0009037168741493629,-0.0004077917369449719,-0.004092222478436695
2022-12-07,-0.0023476242044913878,0.001980031683456396,0.003468336256596205,0.0014883045731398092,0.0025524404748353455,0.0032188389914750517,0.0018436157161896838,0.0025615939113375528
2022-12-08,-0.001764769962188194,0.0030528487650772554,-0.000830004383431171,-0.0038828531485084264,0.003001455271872696,-7.63140362263585e-05,0.0011636161206716972,0.0007968633862408906
2022-12-09,0.00021949766991282349,-0.00012052749115775384,-0.003419612926312293,-0.0032990854351545394,0.0001597133416461662,-0.0024574639120347927,-0.0017764415713430934,0.001017781781032993
2022-12-12,0.0024654178280437613,-0.002178187396655206,-0.0036605097965734246,-0.0014823223999182187,-0.0031495205235957738,-0.007296515138616215,-0.004281973286964756,-0.0030124347701626273
2022-12-13,-0.008649916865220344,0.008253986208234435,0.009311363341820394,0.00105737713358596,0.010692231264248472,0.009814165286446852,0.010257631100970324,0.0075368135628194706
2022-12-14,-0.0017879810226876676,0.003270022838457498,0.003465745212767296,0.00019572237430979817,0.0034506005840828705,0.00023785336460950082,-6.116409560899141e-05,1.540426704401317e-05
2022-12-15,0.008653966821921225,-0.010748524538142335,-0.006869333813072809,0.0038791907250695264,-0.00871968511640219,-0.006155999881005199,-0.005805086717745481,-0.010959098317802951
2022-12-16,0.0013655835162694708,-0.0015733229678432208,-0.001373436347043261,0.00019988662079995986,-0.0006635530882204421,-0.0013557019710245255,-0.0011071786904301598,0.0037460931554895716
2022-12-19,-0.0017104370526653267,0.0013699436637707946,0.0038376187208627177,0.002467675057091923,0.0020863188341945066,0.003918635004135844,0.001439868552031027,0.000919469011685751
2022-12-20,-0.0035236791646390125,0.006061804862253065,0.0037176626345293007,-0.002344142227723764,0.014286571572572885,0.0036775739284836315,0.004106461882315829,0.009740849039557261
2022-12-21,-0.0002770942186418441,-0.0008615340557804035,0.0010621699339690982,0.0019237039897495017,-0.0027877423498431134,0.0018931331483151477,0.0012261239416009634,-0.0009077120455733834
2022-12-22,0.0013166164030949056,-0.003440192674595272,0.0022878023173027173,0.005727994991897989,-0.0015407995289548105,0.002767247583032225,0.0008546090321829212,-0.0027056908015191303
2022-12-23,-0.0012241722634302621,-0.00118853394917661,0.0029537414267515882,0.004142275375928198,-0.0013723969906900442,0.0035582839240015187,0.002623340463897442,0.0016047303620916331
2022-12-26,-0.0008133068864027806,0.0019907810127670787,-0.0013193181758783812,-0.00331009918864546,0.0010726878309947595,-0.0022734932715279266,-0.0006449305321822862,0.0013023712634461226
2022-12-27,0.0011521957858862555,-0.0003755946313040619,-0.005186584296613644,-0.0048109896653095825,-0.00032218545957917594,-0.006403119726198114,-0.002878327044746165,-0.0006004516157795958
2022-12-28,0.0011490696127288323,-0.0033478896084778243,0.0001845006460513554,0.0035323902545291797,-0.003386299637971752,0.0011130756380849371,-0.001187057797336902,-0.002724292618285847
2022-12-29,-0.0034455869503273997,0.005491488011869561,0.0028163412119653897,-0.0026751467999041713,0.007286646527969817,-0.001380868713441341,-0.001960887209083384,0.005091163190336904
2022-12-30,-0.002360617446556985,0.00278744061283648,0.001084531429321467,-0.001702909183515013,0.005591300967401629,0.00045318293895853695,0.0012471014419502666,0.0027159342746598814
2023-01-02,0.001705643948725452,-0.00011046357198436774,-0.0025777614696544104,-0.0024672978976700427,-0.0004968112974037542,-0.0021842146193972547,-0.003132235454922892,-0.0008821133965517536
2023-01-03,0.006300181612999032,-0.004975237558632997,-0.005450274780828879,-0.0004750372221958817,-0.008255354414360157,-0.0054207515800810775,-0.008354997264701767,-0.000895744370232506
2023-01-04,-0.00404839474135935,0.0027914694465353343,0.005349079578447352,0.002557610131912018,-7.26914309808017e-05,0.0018032267041298382,0.0022843528894057608,0.0015283590237957778
2023-01-05,0.004428752093355043,-0.006145385560856299,-0.0025228360526717286,0.00362254950818457,-0.006829300787256344,-0.001443388920248238,-0.0018404660421591898,-0.002104181617246607
2023-01-06,-0.009904676648903897,0.009748606037273816,0.00782717506857622,-0.0019214309686975961,0.01035202236794547,0.009263426068772543,0.013006879422331943,0.007063480940459721
2023-01-09,-0.004736400471558778,0.0068335409612423886,0.0028218179540867305,-0.004011723007155658,0.005321963732042111,0.001913050278626353,0.0008301384830740293,0.004485159952940669
2023-01-10,-0.0007352404275152058,-0.0003214889277021755,0.001354439874621749,0.0016759288023239245,-0.0011523303891227364,0.003694110155989564,0.003321425968695938,0.0004994311432078291
2023-01-11,-0.0014222037367515507,-0.000643035041577724,0.00417854934619355,0.004821584387771274,-0.0030189268740441013,0.006517060170692424,0.0034749544471604577,-0.00035248845126985745
2023-01-12,-0.006393233797196933,0.008202599320598993,0.00714679405008023,-0.0010558052705187636,0.012329645402647351,0.006941119637921507,0.006271777558186317,0.0073081303430782745
2023-01-13,-0.0011847198078678428,0.0030242688085004403,0.0015892594527833204,-0.00143500935571712,0.003280227865786791,0.002587339486481821,6.049289194873638e-05,0.0034110939294747697
2023-01-16,0.0022656280432616313,-0.002003621036773857,-0.003606328942421494,-0.0016027079056476368,-0.002067301587358623,-0.0028497863071353935,-0.0020314705060523225,-0.0036035047841924683
2023-01-17,-0.001205631279802479,0.0016840222505576357,0.0006485426894980162,-0.0010354795610596195,0.001803267787334209,9.440713877166089e-05,0.002024350766378001,0.0025271431487389564
2023-01-18,0.0008166741954986297,0.0011297609003805362,-0.0029277240639130064,-0.004057484964293543,0.000356389023179531,-0.003591601265211889,-0.00465313579980166,-0.0013218731065662848
2023-01-19,-0.00023594210455614873,0.0009755131208182242,-0.0004196512806252939,-0.0013951644014435181,0.0021980689918232412,-0.00140012106204368,0.0006803872641321888,0.002653867604019385
2023-01-20,-0.0029511044003627425,0.00011127038069195724,0.0032172938681780394,0.003106023487486082,-0.003634821632788582,0.004516760937171904,0.0031768781367810727,0.00017458268908280652
2023-01-23,-0.0006663656425119008,0.0009552194629382851,-0.0016008462145550573,-0.0025560656774933424,-0.0028274230466311203,0.0008869600451969495,0.002856609533697271,-0.002797224000799625
2023-01-24,-0.0019425680200742083,0.0009400976730988067,0.004985223350969292,0.0040451256778704855,0.0014629726397911713,0.005525374230949749,0.002554112876860415,-0.0002169748835701609
2023-01-25,-0.001767604872282506,0.0018135787936439576,0.0034950776285417595,0.001681498834897802,0.004105672864123125,0.0018536151588529615,0.0007326549767762861,0.0013074074221464855
2023-01-26,0.00010603471885702997,-0.0031599891222210894,-0.001101156801410097,0.0020588323208109924,-0.00326878481946132,-0.00014659791325810634,0.0016169839071256212,-0.0007134645159470043
2023-01-27,0.0015161880746024084,-0.0016745725270154166,-0.002659035783191821,-0.0009844632561764044,0.00010390517664695305,-0.0025879074533894006,-0.0019650112967542726,0.0006344579386587945
2023-01-30,0.0030553015279325994,-0.0028686433692238014,-0.0017484401356815393,0.001120203233542262,-0.00377531450753917,-0.005513160143254721,-0.005445375383785113,-5.2521562837896475e-05
2023-01-31,-0.0005112825428412503,0.001218763587132042,-0.00022735569559953483,-0.001446119282731577,0.004626999728990888,-0.0002604477077351823,0.0009346264732001634,-0.0006553399317672515
2023-02-01,-0.007121029361701094,0.008557516544341177,0.008410262010594166,-0.0001472545337470113,0.009743015567499033,0.008409124885785565,0.005510314483436664,0.0050028146718568145
2023-02-02,0.001456023940597274,-0.0018181448966084774,-0.0003409945252716151,0.0014771503713368623,-0.0033849753546715496,0.0013746750126369944,-0.0018502054156780332,-0.0015177175655924173
2023-02-03,0.011794452616152338,-0.012581568649894868,-0.012155355538293389,0.00042621311160147973,-0.014717094793570973,-0.014183831972408948,-0.011815347174436401,-0.01011046423516023
2023-02-06,0.006968840153917458,-0.007110977386086476,-0.009102487736575765,-0.001991510350489289,-0.006517533323435104,-0.008299754518863592,-0.006545630316094786,-0.007004526371760411
2023-02-07,-0.0028978966684925596,0.004273658264002462,0.0010481439235031087,-0.003225514340499353,0.006079057375189147,0.0024772504780063618,0.0030421538825309053,0.003966936172098645
2023-02-08,0.0015500060095242308,-0.0017402118616632982,0.0006808343329448296,0.002421046194608128,-0.00088652922146229,-0.0031685888763433776,-0.002128364309675303,-0.0007751360170398977
2023-02-09,-0.0012529492958681969,0.0023165127599533084,-0.0010033625006370395,-0.003319875260590348,-9.459532009135445e-05,-0.0003784709821709938,0.0013389808672576759,-0.0012983906851186482
2023-02-10,0.002055269133251834,-0.004399117519043589,-0.0004965845056864593,0.0039025330133571293,-0.0020785112632004895,-0.000500509539179054,0.0030502179724428147,-0.0010277287816048049
2023-02-13,-0.0018518234258499047,0.0012795395929796373,0.0037084952234496815,0.0024289556304700442,0.0004918471339919461,0.00274235225568494,0.0032851850881443095,-0.002935415961993426
2023-02-14,-0.0010885174994813185,-0.0010089112483038804,0.0011305120294087811,0.0021394232777126616,-0.001979634610119597,0.0006917887099494221,4.198247028694027e-06,-0.0022005999244405494
2023-02-15,0.005880304622936382,-0.005453720992287732,-0.003476729770629877,0.0019769912216578544,-0.004885220658726259,-0.008180519208151141,-0.007462130457717954,-0.004925910613967928
2023-02-16,0.0019124553941015435,-0.001665956463505626,-0.001635496914195289,3.0459549310336842e-05,-0.0007353910108869322,-0.0010736120023000135,-0.0015078463897069128,-0.0006364604837263421
2023-02-17,-0.0006637229246102302,-0.0003313658279964927,0.003405340839681914,0.0037367066676784067,0.00045169707658516967,0.004502474711903015,0.0027200941681260827,-0.0019122958276576174
2023-02-20,-0.00012285408386771305,0.0006026348321053216,2.1048354688968374e-05,-0.0005815864774163532,-5.040022127294578e-05,-0.00115150193982827,0.00034151837678675356,-1.7645823747377183e-06
2023-02-21,0.003879405321235664,-0.006072691996687559,-0.002968637475423558,0.003104054521264001,-0.004580225753456961,-0.0034541165161103096,-0.0035928818085933433,-0.0042083593181319046
2023-02-22,0.00035665816002974893,-0.0012305993801812977,0.0005556849366633865,0.0017862843168446841,-0.002498255825310073,0.0034471898664637513,0.0019109083510543729,0.0004321333096949746
2023-02-23,-0.0004779102842568598,-0.0003092494797456583,0.0013506719067685469,0.0016599213865142052,-0.000651476564976182,0.0017003207442194412,0.0020053019988058468,0.001618288328495569
2023-02-24,0.006057631189905558,-0.007800438517652862,-0.004731301427501361,0.0030691370901515013,-0.008332362651264648,-0.0039335431976633695,-0.0034161372626884917,-0.007547398962620022
2023-02-27,-0.0024519611279347152,0.0030732714476669875,0.0027607269529681677,-0.00031254449469881977,0.004380435779339197,0.0027467596440721906,0.0037153985565148468,-9.86047196211981e-05
2023-02-28,0.00168991062776326,-0.003044364869262014,-0.0005944432114228515,0.0024499216578391624,-0.003270512319316956,-0.0033405526520955777,-0.004745123411760295,-0.0018991526633012807
2023-03-01,-0.007295513935070943,0.006262932924776812,0.009559074948060187,0.0032961420232833745,0.0038704458933632793,0.006982608570159791,0.004763214868616702,0.006001282329340422
2023-03-02,0.004429394715155891,-0.005661327228917434,-0.0046719862088972774,0.000989341020020157,-0.004631512691545585,-0.0014222358510871762,-0.0013594010404967946,-0.0021458789520711896
2023-03-03,-0.003623737432233939,0.005015033383389446,0.0024000687161083722,-0.002614964667281074,0.005602447313274137,0.003336013292971174,0.0032373883237605578,0.007212574626338064
2023-03-06,-0.0015540676927374324,0.0029755935293906055,0.0016359148963847048,-0.0013396786330059007,0.003147614308748175,0.0023722649847622477,0.0027604853605033763,-0.0019451095556319113
2023-03-07,0.010128237154325509,-0.012194047847029547,-0.008043389284820679,0.004150658562208868,-0.010970031721698163,-0.007570780333676678,-0.00923504786255577,-0.008346285785634011
2023-03-08,2.949516518971178e-07,0.0010449423421702315,0.0008695602739262343,-0.00017538206824399723,-0.0006178176177708874,0.00032956996596818683,0.001973875718423882,0.0002779677582613142
2023-03-09,-0.00032934183667119124,0.002494900066508367,-0.003822374812680468,-0.006317274879188835,0.007295945413555505,-0.002681245002575383,-0.0030540658478161293,-0.0002318720148483481
2023-03-10,-0.0028045086429144238,0.0045300474044982835,0.0012068118876422673,-0.0033232355168560162,0.008863878528812168,0.0002593338961283849,-0.000990080617773757,0.0031135483786059273
2023-03-13,-0.0034837354085915607,0.00767502386987621,-0.0036036613892644065,-0.011278685259140615,0.01063586374823909,-0.004729135809096581,-0.003164133135500965,0.008229044191052118
2023-03-14,-0.0008976637767199596,-7.589114089668302e-05,0.0025654762455258606,0.0026413673864225436,-0.0033540974108457237,0.003941733675533114,0.0035068207080666746,-0.003078742689685221
2023-03-15,0.009616758986064091,-0.0064087260113749635,-0.01222831988982534,-0.005819593878450376,-0.009703979216655972,-0.011459633133314218,-0.011605246572269847,-0.002254233691290075
2023-03-16,-0.002951058466197528,0.0015817927325580067,0.005310917753292593,0.0037291250207345866,0.0015166075999760188,0.005497123312304786,0.005178512337162854,0.0027599332566050627
2023-03-17,-0.0013983502862906047,0.004397767633771602,-0.002594806021372076,-0.006992573655143678,0.007942467739811927,-0.004505618979234923,-0.002248371835017447,0.002620643381953928
2023-03-20,-0.003103044799103612,0.0033084937863421555,0.0035065552051060656,0.00019806141876391008,0.0018099454274165862,0.00269859078856712,0.0037822271672120172,0.001942619963387256
2023-03-21,-0.0013273680958101226,-0.00010268144017814423,0.004326539296761661,0.004429220736939805,0.0009001519923892051,0.001676039591887631,0.0025794559818920998,-0.003421820486568435
2023-03-22,-0.004820979418013947,0.00557020277834459,0.004794219549346668,-0.0007759832289979222,0.00707471722569894,0.004334559711687354,0.0024178017439357513,0.0037311561282377483
2023-03-23,-0.0024073216595786578,0.0025135439444915544,0.0011660537941569904,-0.001347490150334564,0.0012509018052253573,0.0002924125625879033,0.0004254267638882687,0.004407374589992334
2023-03-24,0.0024356027681266593,-0.002927145921428497,0.0007926294538705692,0.003719775375299066,-0.0031929482158178416,0.004792312592659516,0.0016114982024481742,-0.002061144575178512
2023-03-27,-0.00113065400420055,-4.347587867288734e-05,0.0009083832409260972,0.0009518591195989846,0.000522315379302136,0.0027095916884200357,0.0045713808401080525,-0.0028275064180374176
2023-03-28,-0.00458173678693692,0.0033582087377141377,0.006184089154101846,0.0028258804163877084,0.0018048814594625688,0.004134341820260586,0.003864857660585197,0.0015053913220085906
2023-03-29,0.0005039035355456933,-0.004007424108289385,0.0019027266541834786,0.005910150762472864,-0.004642470783559611,0.004963522936434909,0.00364858170359546,-0.004242387146032571
2023-03-30,-0.002884449292990836,0.0019578248389645874,0.005069320015924944,0.0031114951769603567,0.0042762056284102595,0.0030011871853262706,0.0008544807312884968,0.0017577085395627339
2023-03-31,0.0017055736129362622,-0.00212655700368909,0.00011413746022637117,0.0022406944639154613,-0.00293403675526617,0.001968257888743219,-5.99595877704021e-05,-0.002224603749580778
2023-04-03,-0.002406952671738039,0.002161855994960403,0.0015145897418706589,-0.0006472662530897441,0.0035972020979143093,0.0007653807287001749,0.004621477698627966,0.00011243381904235683
2023-04-04,-0.001974496106408977,0.0043075675822704385,0.0006822950672237815,-0.003625272515046657,0.0059515813518524014,-9.116171232485352e-05,-0.0002813263128581941,0.0017503667316987788
2023-04-05,0.0021141963244612795,-0.0018405475634194722,-0.0021412904479861383,-0.0003007428845666661,-0.000941669053973517,-0.0016430826816670556,-0.0021795677978856476,-0.0003398293258699188
2023-04-06,0.0016886616186441634,-0.002437042298691584,-0.0007676133607083246,0.0016694289379832594,0.0001511535582475789,-0.0018505430817358965,-0.0003455768494917371,-0.0013086309418381958
2023-04-07,-9.924653274663228e-06,-0.0007585052620367634,0.0012964013385991235,0.002054906600635887,-0.0018398536512093018,0.001766653791860621,0.00015318435827165505,0.000167376590601546
2023-04-10,0.0034386696797505402,-0.0046834830870370655,-0.004579454610292105,0.00010402847674496028,-0.006339438862494916,-0.0033377909121376317,-0.0009565223045251504,-0.004357342355124046
2023-04-11,-0.0022532124123395454,0.0013188756604109106,0.0038061076233453506,0.00248723196293444,0.00369849768596181,0.004869921351929429,0.003557906266884189,-0.00014525371217207392
2023-04-12,-0.004600448284710451,0.004232613224514225,0.005690096914382964,0.0014574836898687393,0.0064149116782664896,0.0054115531727368564,0.006795941230984719,0.0012340232665405033
2023-04-13,-0.0060103346835895435,0.005162410343042953,0.0059736850163647215,0.0008112746733217688,0.0054992580376493115,0.00639388650605847,0.004735882753428487,0.004832884812144537
2023-04-14,0.0036487043298620565,-0.005722475645045888,-0.0011964527511739986,0.004526022893871889,-0.00598156572873472,0.0006679638549982325,-0.0008636059908479488,-0.00391666951552964
2023-04-17,0.003956268350590819,-0.003229614269575425,-0.0043838493720358696,-0.0011542351024604446,-0.00578071376199996,-0.00544346119997748,-0.0035160464732710123,-0.0048367586143407415
2023-04-18,-0.001451205418699726,0.0028768164262782513,0.0007775079446112609,-0.0020993084816669904,0.0032168617255148627,-0.0027415666412175708,-0.0027492315758135266,0.0013584841766056677
2023-04-19,0.003339910902727113,-0.002266034352103251,-0.005777565167861792,-0.003511530815758541,-0.002488026341981924,-0.00518765107198819,-0.006571636274498789,-0.0035536139081782103
2023-04-20,-0.0019284433358484929,0.002068442068059685,0.0041556805359388715,0.0020872384678791867,0.0035836856194478434,0.0028785946059373493,0.0011018219180541355,0.001970391826509118
2023-04-21,0.0011079371011845037,-0.00023981380745671278,-0.00016225519989193637,7.755860756477641e-05,0.0005507350839254604,0.00013007307705792392,-0.0001090260083371605,-0.0007624481735152658
2023-04-24,-0.001832752953941543,0.0022851190769923348,0.001962358265305858,-0.00032276081168647677,0.003444810442617491,0.00211745591236856,0.0029406698851185092,-0.00038337674735207844
2023-04-25,0.004266083618472881,-0.0023901744896192324,-0.004791767922935453,-0.00240159343331622,-0.0025020546854331214,-0.005110102460697245,-0.005481871063206888,-0.0012316784831104173
2023-04-26,-0.0011230238610281783,0.002223829658433943,0.0027611401398422164,0.0005373104814082735,0.0024848266814540554,-0.006401152043693181,-0.004667417187085561,0.002240525790089709
2023-04-27,-0.0017906816054469527,-0.0001456380365814705,0.004629681699077126,0.004775319735658597,-0.0022538623612014344,0.006064424030945277,0.003888078755823889,-0.00046555923140475147
2023-04-28,0.0005709686845657073,-0.0018699300294968222,-0.0002552877091633321,0.00161464232033349,-0.005965570746295727,-0.0012042830565192435,-0.0012644986772216069,-0.0030699423060347453
2023-05-01,0.0022295216783189404,-0.003175898047286038,-0.0019670255638140066,0.0012088724834720312,-0.004900140261835269,-0.0011361308914878594,-0.0012024189341389158,-0.00296864167240396
2023-05-02,6.768129717525011e-05,0.0017846887104798603,-0.0017954422941817982,-0.0035801310046616585,0.004042961151704026,-0.0025210870996416426,-0.0031227015397905034,0.002030242527992258
2023-05-03,-0.004254882508321264,0.005540533795800429,0.0037566685212920004,-0.001783865274508429,0.009920214450313927,0.005679961346366835,0.004264645224487432,0.004085436715764483
2023-05-04,-0.0012300330637158201,0.00031176809870943,6.394001439424812e-08,-0.00031170415869503573,-0.0012117800848230609,0.0014484257781972227,0.002674589336337526,0.002790509266579496
2023-05-05,-0.00307109369573133,0.000649692019955633,0.0017354209996116032,0.0010857289796559703,-0.0032379310582564685,0.004026412636484363,0.008274979378247957,-6.505093162023634e-05
2023-05-08,8.917616270310777e-05,-0.0004865168479049088,-0.0013093583038252254,-0.0008228414559203166,-0.00033698325572670274,-0.0010109055235200854,-0.00043079461088058046,-0.0013014536894303912
2023-05-09,0.002130754878483272,-0.0021868272329085194,-0.002760597818806332,-0.0005737705858978124,-0.0020802181644173495,-0.004560547917205023,-0.0023157164943719715,-0.0010500910886841464
2023-05-10,-0.0024779693575536573,0.0023430774719341765,0.0034320710333370363,0.0010889935614028599,0.003033562826843597,0.002024721207805169,0.0047843845248339845,0.0029456095281603645
2023-05-11,0.0055639786295024725,-0.004657004881957451,-0.005066540922467971,-0.00040953604051052056,-0.00426121246044799,-0.004475799725653447,-0.0051864891107865786,-0.003617535260238188
2023-05-12,0.003167628951225525,-0.0052418388654231415,-0.0019445552418300704,0.003297283623593071,-0.0062833743222704035,0.00010533308629919376,0.0010991679471740099,-0.004201226483355451
2023-05-15,-0.0032382145255233355,0.0020151981742868585,0.004265527346339504,0.0022503291720526453,0.0006968980228528135,0.005999451860329352,0.005753136205063482,0.000327809010012355
2023-05-16,0.003437807550307425,-0.0023862283422807218,-0.0021902323088193176,0.00019599603346140415,-0.001264667295784579,-0.004772350369898833,-0.005048960765668036,-0.0034888107562616177
2023-05-17,0.0013207755172820169,-0.002673945573253818,-0.004347043920399085,-0.001673098347145267,-0.004763124077343144,-0.0016062794173003307,0.00010902215185709663,-0.0015449492679731058
2023-05-18,0.0052039746291143146,-0.004876692769418982,-0.007021669053057067,-0.002144976283638085,-0.007127595260913906,-0.004713764392149433,-0.005286253944696332,-0.002736975445353451
2023-05-19,-0.0015190117544271486,0.0032237776013443065,-0.0016685831692942743,-0.004892360770638581,0.004992605338183191,-0.0032384896114542316,-0.0013242894060780624,0.0031973161079848675
2023-05-22,-0.0005390730826766335,-0.001740820918272287,0.003057032283806882,0.004797853202079169,-0.0005605468089503787,0.0022383959769658457,0.00026371113598051236,-0.0007741213554783114
2023-05-23,0.0024803072130236184,-0.0042742111889398585,-0.0016011209613624455,0.002673090227577413,-0.0024900028123834897,0.0014705610558191824,0.00037285386613131584,-0.0023877538382809003
2023-05-24,0.002365172816075997,-0.0039419179261065175,0.001052958718818886,0.0049948766449254035,-0.004095261606042668,0.0015160478387507375,0.0009463343711882082,-0.0012145662649742188
2023-05-25,0.0046362889678278375,-0.0030961197916989924,-0.0073291900664060605,-0.004233070274707068,-0.002627016258113827,-0.010227947795697431,-0.005550363727067837,-0.0029564056398018548
2023-05-26,-0.002205609027449954,0.00036072738824951926,0.003502773629349004,0.003142046241099485,-0.0011677004389119051,0.006716683601679281,0.004500957155490434,0.000868382518748545
2023-05-29,0.000670654063081884,0.0003960945690541229,-0.001662033549445302,-0.002058128118499425,0.000376199281933202,-0.0020996272271047722,-0.0003928736048874813,-0.0007119273866858696
2023-05-30,0.00018807602294341943,0.0011058687370219117,-0.003099207340143073,-0.004205076077164985,0.0018155344071362212,-0.0031529826040796647,-0.000782036474119896,-0.001528458717228398
2023-05-31,0.0022457076398168362,-0.0019740419612855643,-0.0038249188346119456,-0.0018508768733263813,-0.0021183963206163983,-0.005735221680656173,-0.0010462815124421979,-0.002707534859911783
2023-06-01,-0.00448042134115087,0.0030780468442193586,0.005122254655753056,0.002044207811533697,0.005449110158358074,0.005744862454294175,0.00605894202220019,0.0030789976890094697
2023-06-02,-0.0002890612691381846,-0.0030580647266589354,0.0008769781284952427,0.003935042855154178,-0.005758188122623987,0.003191567784063043,0.003884586394628932,-0.002971870903411592
2023-06-05,-0.0013056993811109848,0.000366808949046225,0.0025922180231401915,0.0022254090740939664,0.002120295754915083,0.005089675031297684,0.002992025102286046,-0.0016793468940087635
2023-06-06,-0.0004589570779566141,0.000745325319032179,-0.0006031049058673466,-0.0013484302248995255,-0.0012740925980429761,0.002228426844884779,0.0029096819776423533,-0.002260516573408422
2023-06-07,0.002277567985584344,-2.8766466852099895e-05,-0.008955000047086797,-0.008926233580234698,-0.0020440650119288167,-0.011807774749724572,0.0009576625990938559,-0.014736166578385909
2023-06-08,-0.005382486013557987,0.006604562756339298,0.004235200564906644,-0.0023693621914326543,0.009859035167135913,0.004745997317048278,0.003661309609840156,0.00507703630757006
2023-06-09,-0.0013802686041978407,0.0008118381898045701,0.0021344057781123027,0.0013225675883077326,-0.004079957219629671,0.0018376704419834262,0.003958508435353859,-0.0008162358027487363
2023-06-12,0.0015408130994014491,-0.002114714664374625,-7.961913291137934e-05,0.0020350955314632456,-0.00219088372648323,0.00037845965082143146,-9.24670810345212e-05,-0.002188489452760104
2023-06-13,-0.002350634267491572,0.003909700863794628,-0.00028782839785404524,-0.004197529261648673,0.0010596073108476989,-0.00018822678680348778,0.0028053133634995636,0.0021990528889718566
2023-06-14,-0.0020248790369949547,-0.0006791523446569424,0.005798852645028552,0.006478004989685494,0.003031708205986902,0.005226925128638131,0.0021647374590932195,-0.00025089460268468144
2023-06-15,-0.005063703008910948,0.005794700096631817,0.002056648204924433,-0.003738051891707384,0.006419573115532697,0.0009508811533890382,0.004245664782708579,0.0006367680393202976
2023-06-16,0.0008101498091170733,-0.0028868445334282976,-0.0001326940376965846,0.002754150495731713,-0.0047547827944488434,0.0003217817030481962,-0.0010120685786570518,-0.0033077344835030034
2023-06-19,0.002216316797249277,-0.004213168348766979,0.0007919291593101174,0.005005097508077096,-0.0014005765610769726,0.0009154557884568278,-0.0003547246883161944,-0.0015335158238902007
2023-06-20,0.0023414834999265096,-0.001910059851575283,-0.002040374711031606,-0.00013031485945632325,0.00023235609672427973,-0.0025356538923267577,-0.0017845442569818712,-0.0012218851453598134
2023-06-21,-0.003009726128432875,0.0030925367070368994,0.005018061434338084,0.0019255247273011842,0.002881535746977651,0.0032796946077144153,0.002929041062278529,4.1593492009125065e-05
2023-06-22,0.0036022420349233015,-0.003981223002587134,-0.009084511324967348,-0.005103288322380214,-0.004358266881897342,-0.01012732709612126,0.001101145490066727,-0.013809987597471022
2023-06-23,0.005018429999485835,-0.0030821576589848097,-0.006130675693336113,-0.003048518034351303,-0.004344396718172411,-0.008694433280610592,-0.006025844110909585,-0.00510627948819975
2023-06-26,-9.525655305814068e-05,0.00023513263774790384,-0.0016609780423148812,-0.001896110680062785,0.0014900031853786605,-0.0020840475350760723,0.0033274044200092595,-0.003491561810459324
2023-06-27,-0.0008272966443469954,-0.00039656204255992915,0.0004908716395665147,0.0008874336821264438,0.0011796526324530886,-0.0008050126701180105,-0.0023236150617944673,-0.000784908264034175
2023-06-28,0.0038829256963295823,-0.003998184800285302,-0.004454954409412154,-0.00045676960912685236,-0.003634308802051243,-0.001510226761623638,-0.0008376887365165651,-0.0036405292303890815
2023-06-29,0.0026078701810043135,-0.003853510277474421,-0.0014932378754074493,0.002360272402066972,-0.0030393417531773223,-0.002840865432173841,-0.0020885222810689114,-0.002832255932543104
2023-06-30,-0.003045218487365214,0.0033656575356758207,0.0022399097628905407,-0.00112574777278528,0.003889841126578799,0.0020760124901660904,0.003641573572589239,0.002770722971692896
2023-07-03,-0.0009554855306477682,0.0006592560750862727,0.00047398844534340956,-0.00018526762974286314,-0.0011492393375820652,0.0010944083343789786,0.00021187679653080136,0.003506274797332972
2023-07-04,-0.000843383109657004,0.0003636338254057892,-0.0012014445989082523,-0.0015650784243140415,-0.0006395046327826679,0.000963146182176966,0.0012155186959285874,0.0018535165857533897
2023-07-05,0.0030417412041763444,-0.0030998163458596847,-0.005475500811135625,-0.0023756844652759405,-0.002008315538348307,-0.001080848557616661,-0.0005275746823441563,-0.004027998674786352
2023-07-06,0.0038898834084500687,-0.0001910046327373554,-0.007781487774395246,-0.007590483141657891,0.0038064121936993572,-0.01217440844799104,-0.009584297764724683,-0.0020216207643743247
2023-07-07,-0.006007023963110392,0.006507958958575326,0.006588631180114768,8.067222153944169e-05,0.009617866433116615,0.007405170167764985,0.007799372590720309,0.004408146673442322
2023-07-10,-0.0013837943696286769,0.0022004659849143137,0.002043537267524098,-0.00015692871739021556,0.003909888649229823,-0.0008262323512484201,0.001761900241321533,0.0005133996238780488
2023-07-11,-0.0034225715559944264,0.004891390195453529,0.0049963407264449755,0.00010495053099144648,0.00464161748184264,0.004467888447358126,0.003030113852652156,0.0043049984342085805
2023-07-12,-0.009320575907653708,0.011644310747519794,0.008974725067939227,-0.0026695856795805675,0.012747386223865509,0.0076658581908474925,0.007580011427058243,0.006212971423713798
2023-07-13,-0.007165453308560877,0.008188838226763381,0.006167808206790498,-0.0020210300199728828,0.007331501382936474,0.0063281112686998835,0.0054743577096323616,0.0038868195659308067
2023-07-14,0.0008712213186484654,-0.0016469859759782254,-0.0012794983792125125,0.0003674875967657129,-0.0027979948535324373,0.000683763085878993,8.574803842474412e-05,-0.0026563454422479094
2023-07-17,0.0006291650196618452,-0.0011319347822951568,-0.00041354709230859155,0.0007183876899865653,0.0007081841660265727,0.0004153631659539192,0.0012380585853704448,-0.0005358903363531139
2023-07-18,7.122501659728546e-06,0.00376105477529844,-0.001972405608041211,-0.005733460383339651,0.0007657588509607053,-0.0016801820673506922,0.0005116526542351475,-0.0012165998715970943
2023-07-19,0.001015017491468729,-0.0018891324935125745,-0.0007323116788787998,0.0011568208146337747,-0.0033273579105494305,0.0029062346938292607,0.0022608903961294064,-0.0009508662274886337
2023-07-20,0.003881904105045399,-0.005152792463220073,-0.004475003287765955,0.0006777891754541181,-0.006180098222504843,-0.002350029918550822,-0.0027395542189184163,-0.002643874595793294
2023-07-21,0.0027287603832087865,-0.004397373494466833,-0.0011866241401133903,0.003210749354353443,-0.003883227485456132,-0.0014171410243973837,-0.000203180456575144,-0.006375360935756784
2023-07-24,2.7343862416420815e-05,-0.002750906789708225,0.0037129321260485904,0.006463838915756815,-0.002545279548244956,0.005168682966007587,0.0036048258645646598,0.0012183756330613378
2023-07-25,-0.0010631941502000039,0.0013587794337298603,6.518634065869056e-05,-0.0012935930930711697,0.0033922827485222268,0.00034825054778634773,-0.00173809958737802,0.0018653081292840195
2023-07-26,-0.001277822400611829,0.002739328776422186,0.00044397266344939346,-0.0022953561129727927,0.0036562811580790797,0.0014767995287421343,0.001033080264075194,0.002791505313304965
2023-07-27,0.005051367896890887,-0.006173986629180029,-0.004847078811996558,0.0013269078171834706,-0.004649171048813762,-0.00359169575893592,-0.0027994886784583855,-0.00300777521763577
2023-07-28,-0.0013333132866409506,-0.00017082520240413457,0.0030326955338217665,0.003203520736225901,-0.0032029114403498613,0.005975599708297641,0.0034732862098804346,0.00020805455140560092
2023-07-31,0.00013840198555183656,-0.00019282162187239833,-0.0030167385128025415,-0.002823916890930143,-0.004059099381723631,-0.0030326395540808773,0.0011073623687080092,-0.0023939410570283184
2023-08-01,0.006115535074987435,-0.003058200468233886,-0.008443313769297411,-0.005385113301063525,-0.004020132261762029,-0.012208541407224383,-0.008707439003899056,-0.004510684595935806
2023-08-02,0.0052175169595156615,-0.004672573217996145,-0.004864593907354747,-0.00019202068935860253,-0.0023263423308016173,-0.0064219321382892325,-0.005849499286251487,-0.002930203345046752
2023-08-03,0.0034164174014143667,0.0005519529350517909,-0.008487432882987672,-0.009039385818039463,0.0033901392488502047,-0.013315856302476189,-0.008615259939957345,-0.00016544601986382781
2023-08-04,-0.004941502461130398,0.0038603136165113634,0.008202365333258244,0.00434205171674688,0.004341062550823051,0.011846182445325463,0.009558315614472703,0.0003032210699489557
2023-08-07,0.0014582590854272798,-0.0025108463475547946,-0.0018955129394190307,0.0006153334081357639,-0.0017944622609809742,-0.002680300089768458,-0.0004276387478532714,-0.0026899624307362333
2023-08-08,0.00516541816287748,-0.006224083782472236,-0.0048711633542679045,0.0013529204282043319,-0.004729523529349165,-0.0051116965357994966,-0.0047796538623945,-0.003830030809243897
2023-08-09,-0.0013127191474753656,0.001327004768364986,0.0007234883895819444,-0.0006035163787830415,-0.0007826219986277102,0.0025984753729128376,0.003516525393609685,0.000739005086096108
2023-08-10,-0.00039289747803036585,-0.0028552325516051948,0.0026348897507658953,0.00549012230237109,-0.001985038809760411,0.0031055086855907485,-0.00027711249556527137,-0.0024899824502591836
2023-08-11,0.0022852521208333114,-0.002754938061258044,0.0004106450057276556,0.0031655830669856996,-0.0016694187683179197,8.999457720175001e-05,-0.001052496822975765,-0.0017191507830992177
2023-08-14,0.003926655992428172,-0.0023901792347311938,-0.006357929076544505,-0.003967749841813311,-0.003082988216971528,-0.008496223063527228,-0.005486001492916496,-0.0041559614523959025
2023-08-15,0.0027533460677795314,-0.0012087781978908432,-0.004146229801241436,-0.0029374516033505924,-4.985856237797274e-05,-0.004841497852853038,-0.004382303286419912,-0.0006521295536129715
2023-08-16,0.0022492940635226084,-0.003529935051091596,0.0002563049578895582,0.003786240008981154,-0.0034156942235514104,-0.001283172755656925,-0.002842629281070414,-0.0023649093304169977
2023-08-17,-0.0006100145739744425,3.330563834678252e-05,0.001621467614297517,0.0015881619759507346,0.0017654185749097124,0.0023071962594430895,0.0016789888784690121,0.0009400361710935427
2023-08-18,-0.00025432104881082567,-0.00014546134500387393,0.0022620174985859,0.0024074788435897738,-0.00040380861517999117,0.0013149721394037177,-0.0003973537472709248,0.00111703365843141
2023-08-21,-0.00036749314919389334,0.0008373253142791755,-0.0005612766457485929,-0.0013986019600277684,0.00019083518531405144,-0.00032739739396225875,0.0007538280115892573,-0.0006046839495808717
2023-08-22,-0.00020595645270674902,0.00026538385769884,0.0019135247546210876,0.0016481408969222476,-0.001450284577378863,0.0036629559524590607,0.0017426754442809087,0.0008944258798661379
2023-08-23,-0.0045890413808408505,0.004037760918923031,0.006724078558541402,0.002686317639618371,0.0037669391151093773,0.008888362270988584,0.00553604716789015,0.00490457236901598
2023-08-24,0.0022533056092107987,-0.005100538675192921,0.0018302220787987378,0.006930760753991658,-0.006476028853796917,0.003833557511072542,-0.004547239876001165,0.00750802666882359
2023-08-25,0.0012308536087233483,-0.0020174725883927817,-0.0013971307347611928,0.000620341853631589,-0.0015280206488762216,-0.003445813451897243,1.3357801124245863e-05,-0.005892438998886436
2023-08-28,1.0951802291796296e-05,0.0003780399147399003,-2.390225582932226e-06,-0.0003804301403228325,0.0005903869256211938,0.0005773335296301493,1.1018001106287225e-05,-0.0005223199667411619
2023-08-29,-0.004210917573296431,0.005455585415594584,0.0037004534807496825,-0.0017551319348449012,0.005410010465898761,0.0023558445611338388,0.0035557054013568646,0.0024976734497446826
2023-08-30,-0.0002982694768601025,0.000504029218038592,-0.0010665146686689442,-0.0015705438867075362,0.0006875253885823227,-0.003595732365538599,-0.0008576307811359318,-0.002202810530122168
2023-08-31,0.003083543250800973,-0.0029914137074238366,-0.007700225339995842,-0.0047088116325720054,-0.0028878714840780326,-0.0062018581187216855,-0.004349472581278967,0.0005990024637940738
2023-09-01,0.002313269943560648,-0.003071851965578897,-0.002431317942664102,0.000640534022914795,-0.004638450862075173,0.0010134471362617248,-0.0006232342662084564,-0.0002739713928496812
2023-09-04,0.00019236218985630446,0.000204195751975075,-0.0012139117845706149,-0.0014181075365456899,0.0006787587334842702,-0.002495701845013909,0.0003279661367046684,-0.0017753410298068466
2023-09-05,0.006570554153131607,-0.005758721991017958,-0.008160884328132084,-0.002402162337114126,-0.007056938297573205,-0.0063814073349276095,-0.005937344581325031,-0.004781596601405758
2023-09-06,0.001932659037930488,-0.0017961805095741811,-0.004543452573358031,-0.00274727206378385,-0.00029268622708122455,-0.001760796802871371,-0.0009763685248314295,-0.001629489586817338
2023-09-07,0.0015468684696286201,-0.0019623356143756068,-0.001842794106508172,0.00011954150786743466,-0.0006721085577741972,0.0019144590048442527,0.0015609744196504976,-0.00046262390735485326
2023-09-08,0.0002817896484642356,-0.00046331524196905824,0.001056238809300697,0.0015195540512697552,-0.0013582292847022042,0.00016472520825416836,0.0004511349015112266,-0.00094490753145271
2023-09-11,-0.005046108552860591,0.005612559018103312,0.0066304679777206554,0.0010179089596173436,0.005246527011777538,0.007915367408604915,0.006473279518578646,0.004059695743275915
2023-09-12,0.0008576846218450651,-0.0013565086672214545,-0.0012660443543786593,9.046431284279524e-05,-0.0011680202836313232,-0.0003972373780144108,-0.00013963798614037768,-0.0011482144649835508
2023-09-13,-0.0006615242005098038,-0.0024800904694507204,0.0021200722439543296,0.00460016271340505,-0.0025322361701978443,0.003968923294973152,0.002727342816222048,-0.0014837585100189916
2023-09-14,0.00230791640570326,-0.0020480455142278626,-0.0022363475642677433,-0.00018830205003988066,-0.0034131677783655772,0.0007763246504304266,0.002050477169028516,-0.0004762266524357776
2023-09-15,-0.00010160034088835539,0.0005410181237006833,0.0003301147513616043,-0.00021090337233907897,-0.0011180709833047673,0.00021624417711622415,-0.0005702834167715902,-0.0001257745048501846
2023-09-18,-0.0010024462670236364,0.00042088017108276796,7.333979857576667e-05,-0.0003475403725070013,0.0017976804282702485,0.0005250180621162818,0.0010137758785067539,-0.00015217846350242445
2023-09-19,0.00064961622704894,-0.002013763277108019,-0.00036742385221391616,0.0016463394248941027,-0.0012150362273966042,-0.0003884421803879527,-7.99700808043797e-05,-0.0028368577843163787
2023-09-20,0.0002135562530124896,-0.0008750595383811288,0.0014975293167203696,0.0023725888551014984,-0.0019541890518868046,0.0005093194347962996,-0.0004600021002674045,-0.0008877544205008933
2023-09-21,0.0027248610507749856,-0.0011906592212966912,-0.005148297776760319,-0.003957638555463628,-0.0005456397645675579,-0.005829310462068952,-0.003830842500441824,-0.0014676150483678985
2023-09-22,0.00010856073013103392,6.0532208784307845e-06,0.0009737682671924208,0.00096771504631399,-0.0029126391786609743,-0.00032080272077032274,-0.001239421128989861,9.771052460982865e-05
2023-09-25,0.003176410733776579,-0.0018216731317955513,-0.004572101010081986,-0.0027504278782864346,-0.004873782285614585,-0.005953034033339577,-0.004906671621699761,-0.0024178504535971404
2023-09-26,0.0032210784737875518,-0.0019202296463902441,-0.005339245801023101,-0.0034190161546328573,-0.0024117374849685395,-0.006657880832537488,-0.0032769215053994327,-0.0038108565099375102
2023-09-27,0.003765925032498664,-0.005113431841144558,-0.004627704681033212,0.0004857271601113461,-0.005489532365301457,-0.004078069749433218,-0.0032229533814313433,-0.00012063986951971195
2023-09-28,-0.0039086383800777755,0.005619942076168589,0.001799070381339557,-0.003820871694829032,0.004890569393780614,0.0021586146611812427,0.00343797863724555,-0.0006228316082548998
2023-09-29,-0.0015255313624609548,0.000559101047130744,0.0034454266995390115,0.0028863256524082675,0.00015433774957244786,0.002187859076619114,0.0005849469969439469,-0.0006012451500567728
2023-10-02,0.007387254641576401,-0.006922688848891718,-0.007368601642746747,-0.00044591279385502915,-0.005221187901515954,-0.01057224549546587,-0.009334103604476349,-0.004143038365187257
2023-10-03,0.004163721417136068,-0.0008912748924476618,-0.007663432313388979,-0.006772157420941317,0.0005225417421170034,-0.011487610660811312,-0.010061645558665138,-0.0005393079091446188
2023-10-04,-0.0013222818551931342,0.001830575299232911,0.0026337857696418776,0.0008032104704089665,0.0023737054127986345,-0.0021451348036222915,-0.0016844299805026505,0.0015605070502826557
2023-10-05,-0.0008232614154012668,0.0025991835695305353,-0.0022001415541362535,-0.004799325123666789,0.004587925877552958,-0.0064330986520858184,-0.003541063198686721,0.001578291525584789
2023-10-06,-0.002118607749190378,0.0019109639982671312,0.0038733681675474085,0.0019624041692802774,0.00014093048939626865,0.0036110290488271524,0.0028430839968209354,-6.429258013211185e-05
2023-10-09,0.0006660278435236602,-0.002990205013179068,-0.0017987345470585059,0.0011914704661205623,0.0024594010337666192,-0.0011354766061139054,0.002934338010310154,-0.0008425651277018295
2023-10-10,-0.0039565090797792895,0.0034881910034301362,0.007604227379159917,0.004116036375729781,0.0015352951539755189,0.011077578247797426,0.007357707946641613,0.0025565381144427115
2023-10-11,-0.001087766276657596,0.0002504777724973645,0.0036636248584009656,0.003413147085903601,0.00036640449641902467,0.0035956217299263717,0.0004262106312547769,0.0010296764606211688
2023-10-12,0.006595466975674834,-0.005208270171438496,-0.005412710210467325,-0.00020444003902882896,-0.006663886020038386,-0.0057878274821669224,-0.0061605570598060756,-0.003106268935449371
2023-10-13,0.0008549500478917365,0.0010292940021726727,-0.0021442748185469818,-0.0031735688207196544,0.002234363445549154,-0.00033263707483562516,0.0002547740638971864,0.00038193880789124296
2023-10-16,-0.0030852040099280612,0.0006471427971724312,0.007456179059864315,0.006809036262691884,0.0024939744880808335,0.004124523879289706,0.0037666284346499373,0.00015700618310858042
2023-10-17,-0.0002455536628009729,-0.0007225512585423005,0.0001993359349652668,0.0009218871935075673,-0.00016163770946607073,-0.00024928369249762233,-0.00027567539482142855,-0.002789830504667634
2023-10-18,0.004085593792548677,-0.0026788752687845257,-0.005416589361686597,-0.002737714092902071,-0.0010926323406277836,-0.007010810574139215,-0.0063360947335127015,-0.001016599499822357
2023-10-19,-0.0007652236793059236,0.0020655320548581503,0.0004178120346794434,-0.0016477200201787069,0.004508096229163749,-0.002867795920216539,-0.0008905406803255213,0.00041877329129014207
2023-10-20,-0.00015994415707296745,-0.0006759469426051243,0.001347606987401745,0.0020235539300068692,0.00011869262850769853,0.00306275345512097,0.0019950668987044735,0.0005607128492715793
2023-10-23,-0.002766934765941646,0.0022870837620996964,0.0024275093920698987,0.00014042562997020232,0.0030121549414068444,0.0011969938048173774,0.00212654881241342,0.0015823359648156436
2023-10-24,0.001974563079365791,-0.0025341470524364454,-0.0026089578423827975,-7.481078994635206e-05,-0.003812976314675071,-6.0091791403649175e-05,-0.0017867849230684407,0.00030088556625510837
2023-10-25,0.0023849619024974003,-0.002497203695958506,-0.0028823980937987548,-0.00038519439784024875,-0.0027909652854768894,-0.0006567988775024366,-0.0008697365513136236,-0.00266244759770351
2023-10-26,-0.0005927482226819811,-0.0012652409846053425,0.002927001520136363,0.004192242504741706,-0.0011845824228414366,0.004536971435871433,0.003042953182443956,-0.0010384005314760063
2023-10-27,-0.0013345253131846766,0.0009473573346395585,-0.0006071561300702855,-0.001554513464709844,0.0005666147299060176,0.001383204145265345,0.00047729431668802613,0.0010032266598274386
2023-10-30,-0.003577316329365946,0.0046950834452209895,0.001586666292398814,-0.0031084171528221755,0.002747777201148776,0.0009983637211285294,0.001908495801363216,0.0030376704621705533
2023-10-31,0.0026686765141811985,-0.006724264789742466,0.0005376826323503503,0.007261947422092816,-0.009986427794226573,-6.130434753937042e-05,-0.0026062646585209926,-0.0059268344721967
2023-11-01,-0.002199689476747195,0.0019456493956695698,0.003630015894163535,0.0016843664984939654,0.0023458197756545743,0.007424471007829577,0.0062632598378892556,0.0015084934143869688
2023-11-02,-0.0054009938714766875,0.004211202636441755,0.005258386546551891,0.0010471839101101358,0.003370322383772525,0.006198839412285754,0.005399479994047583,0.0036141252321812978
2023-11-03,-0.008961752964895911,0.011330278788962103,0.006875418929222138,-0.004454859859739965,0.008378337226951749,0.006396005451742755,0.005980371093771467,0.007733649049546469
2023-11-06,-2.0331803865324734e-05,-8.890860975106253e-05,0.0005226428304881958,0.0006115514402392584,-0.0020230973611024966,0.0015542373859438834,-0.000692445321899612,-0.00015668934242222635
2023-11-07,0.002444966363542352,-0.0007454614479604511,-0.0004288540726849477,0.0003166073752755034,-0.0015061386388902503,-0.0018783211629800345,-0.0025515051616804008,-0.0019299093082393675
2023-11-08,0.0020535927737261443,0.0010809366587911946,-0.002030265429673106,-0.0031112020884643005,-0.0008416493607320505,-0.0066753932672828364,-0.004670019160823403,-0.0011434263619014562
2023-11-09,0.0034262884004843076,-0.0036927043247754684,-0.005247105520013784,-0.0015544011952383155,-0.0033684959720179375,-0.0031939364638761867,-0.002015103025245776,-0.0035666683964084753
2023-11-10,-0.001197692166198317,-0.0005402131188733308,0.002490588731476673,0.0030308018503500036,0.0001051640541511976,0.0018988186552443276,0.004437053819628826,-0.001467152750343444
2023-11-13,0.00010671749866686267,0.0006607608271522753,0.000364779615769667,-0.0002959812113826083,0.00044352791550234433,0.00013563399688683772,0.0006768412746553614,-0.000573234772709356
2023-11-14,-0.013081423296814023,0.014834637049506365,0.012083755075341207,-0.0027508819741651584,0.013261351805121216,0.010879695771925638,0.009696391807176716,0.007137315300264069
2023-11-15,0.0006332468555062835,-0.0015087464295842866,0.0006270442468083726,0.002135790676392659,-0.002756551171317021,-0.0009132314765679661,-0.0015915374324651272,-0.0015501806078228597
2023-11-16,-0.00010029768137869181,0.0036736939372515303,0.0001526290466537239,-0.0035210648905978064,0.0013289032887452933,-0.0026310957204201957,-0.0033418778733732635,0.004748410503607377
2023-11-17,-0.0023741344119764082,0.00463217634061888,-0.0009395673086700085,-0.005571743649288889,0.005273965062987269,-0.000796225683972455,0.0013421595216496693,0.00148572404943829
2023-11-20,-0.004272995590707068,0.003670718724932744,0.0037153250508680513,4.4606325935307375e-05,0.004028150217298969,0.005268975832887472,0.00570920716534424,0.0026245691617305202
2023-11-21,0.0013506840399688312,-4.5443787049423076e-05,-0.005537094144300592,-0.005491650357251169,-0.0004132155541180284,-0.00706493881638733,-0.0031572328094856155,-0.00028522995164470544
2023-11-22,0.002648805174636826,-0.002957930385056899,-0.003454221693149101,-0.0004962913080922022,-0.003317942527819246,-0.004060570359383971,-0.0010502676933566355,-0.0034408859175268556
2023-11-23,-0.0005727177237467595,-0.0007166070190274213,0.00157499793416635,0.0022916049531937713,0.00029817176168403975,0.001158421180826356,-8.173418604282398e-05,-0.00039636337091778867
2023-11-24,-0.0016751360057193662,0.0013646068774453932,0.0006745230252699908,-0.0006900838521754025,0.001973443799654237,0.00134847180961839,0.002773703776399445,-0.0009675963671601137
2023-11-27,-0.003073125333082972,0.003803148345423283,0.0025803109435696414,-0.0012228374018536416,0.0029272303601427796,0.004158437514535633,0.003194088740676393,0.0031254213626514815
2023-11-28,-0.004356042577565765,0.006720587620408841,0.004089677436919625,-0.0026309101834892153,0.004689513028109729,0.0035429401804785523,0.0027985046011910924,0.005459466931848178
2023-11-29,0.0019115220783701226,-0.0005862884357057709,-0.004085448471771502,-0.0034991600360657314,0.0014921135830705257,-0.005649501932110261,-0.004778497669336452,-0.0005148672406141142
2023-11-30,0.0050205685010331035,-0.007542462455101857,-0.0055232651690679535,0.0020191972860339035,-0.005212320244031597,-0.004019643597977278,-0.0038207468429725983,-0.004889144975896394
2023-12-01,-0.005197221964396729,0.006239692625293199,0.00538038461239701,-0.0008593080128961889,0.005211973944950751,0.007448603414516882,0.0072551706616259615,0.00500232211722107
2023-12-04,0.005784249843092493,-0.0048660127118888025,-0.006479570163513998,-0.0016135574516251954,-0.0035742252201864896,-0.008341971003545981,-0.008839974716339738,-0.005642300261553916
2023-12-05,0.0021547642977255642,-0.0017620277071739767,-0.0008255294723395201,0.0009364982348344566,-0.0019323425325715505,0.00035138698126883455,0.00018281165406319744,-0.00022570150051389368
2023-12-06,5.056718633833241e-06,0.0003318128877808583,0.0004742410431303745,0.00014242815534951624,-0.0012600348161071983,0.0015942395540892162,0.0007203029780243818,-0.00022612639127964998
2023-12-07,-0.002209263375787821,0.005064548092712269,-0.0006390419840258954,-0.005703590076738164,0.008026642209771668,8.16583402121207e-05,0.0005631502475465908,0.004531154357655313
2023-12-08,0.0022732946127326597,-0.004662873858182809,-0.0017122505602855664,0.0029506232978972428,-0.004566710824212436,-0.0012322910832110272,-0.00017108575731271194,-0.0036835508514820128
2023-12-11,0.0020961291235764637,-0.0025363099616243917,-0.002679651743128203,-0.00014334178150381127,-0.0023199639588809737,-0.0017261090607737135,3.542951726081307e-05,-0.0025535992053025147
2023-12-12,-0.0012177727164389544,0.0025083865175389835,0.001857330311732075,-0.0006510562058069085,0.0038211443658430905,-0.0003910304847582295,-0.0013896352789086821,0.0014585543903740117
2023-12-13,-0.00649705181941615,0.00883548771573537,0.006893006009137531,-0.0019424817065978386,0.009785135619483557,0.004883457750463245,0.005922535449572656,0.007274544990569343
2023-12-14,-0.006854557174997021,0.006763762627025766,0.006453398359861556,-0.00031036426716420963,0.00752171989938794,0.005459512048010502,0.0054877105173696105,0.005255101933636652
2023-12-15,0.0028099844471104365,-0.0036564127708184745,-0.0042032007368897895,-0.0005467879660713149,-0.004750850619156972,0.00029324975164457534,0.0012098500089466415,-0.0022957952053307786
2023-12-18,-0.0003010677441031245,0.0012643554390113793,-0.0005873910159440721,-0.0018517464549554514,0.0007446428076674366,-0.0007178135729353589,0.002498494378798455,-0.0021553815982611932
2023-12-19,-0.004147858163906233,0.0028890119346967214,0.00437374267328941,0.0014847307385926888,0.001656193617026,0.003456015308326473,0.0034444038068412136,0.00021892798498734933
2023-12-20,0.002446512474855036,-0.0011388352745016692,-0.0035241779325461964,-0.0023853426580445272,-0.0013509889632776033,-0.002250106819493077,-0.0031293561222515776,-0.0013174261380837216
2023-12-21,-0.004054621568473104,0.006147251794253957,0.004043015795795718,-0.002104235998458239,0.00803443047995562,0.0015468285400798514,0.004027134354068429,0.004078281344429853
2023-12-22,-0.0011470975714538856,0.0030356013123310523,0.0004915623904044042,-0.002544038921926648,-0.0004321284051123364,0.002099196486166558,0.003624010913690864,0.0004461995518053226
2023-12-25,-7.405742632133564e-06,-0.0010380178447357297,-0.0007032593160143097,0.00033475852872142005,-0.00019952297233433633,-0.0005686270529254855,0.0010741479159196512,-0.00031287024802343727
2023-12-26,-0.0016240554052460421,0.0018051798411602895,0.0013067614171335673,-0.0004984184240267222,0.002056027501867836,0.0024840336943332173,0.0035523841033765252,0.0016014266313627197
2023-12-27,-0.0032841914428878645,0.005332971728376752,0.002969140124091163,-0.002363831604285589,0.007215955056181218,0.003259224680503029,0.0016170057404510465,0.00133422144096144
2023-12-28,0.0019415431960800003,-0.0005353946628029269,-0.003456963053300538,-0.002921568390497611,-0.0008680458999028815,-0.00461403334267918,-0.004266102212045708,0.002194661841653215
2023-12-29,4.627568284045012e-05,-6.050941546742808e-05,0.00036358544962558637,0.00042409486509301444,0.0012484653215015702,0.001970278086188474,0.00021413447737090547,-0.000976122060178719
2024-01-01,0.00017160120154539925,-0.000541197405419783,-0.0006001230957199399,-5.8925690300156916e-05,0.0008374088718432251,-0.000791697393873636,-1.0854544927330068e-05,-0.0005784242205767823
2024-01-02,0.007074659976263586,-0.007105652586062255,-0.007721384879123133,-0.0006157322930608784,-0.008963173246204428,-0.007773846966068421,-0.007048172337363997,-0.004992592663646563
2024-01-03,0.0014659999763647442,-0.0041150789816433095,-0.00039452358181296665,0.003720555399830343,-0.003526874087803389,-0.0021905081484969355,-0.0010163208486775083,-0.003271417489034034
2024-01-04,-2.2333417827867606e-05,-0.00027878856960564073,0.0018566086828249173,0.002135397252430558,-0.0028061860536144484,0.0002695245433195585,0.0011420928942897368,-0.002263664272617927
2024-01-05,-0.00043454382102321417,-0.0013155648150175846,0.001423864224239152,0.0027394290392567366,-9.361214527578894e-05,0.0033153183151557095,0.0031267940639856224,-0.00035301512851522904
2024-01-08,-7.412187331635317e-05,-0.000708601241865326,0.001530230860750298,0.002238832102615624,0.002063123792543762,0.0009305382071014648,0.00011561280985429776,-0.0008103446203744369
2024-01-09,0.0037173244378630468,-0.002888381276740645,-0.004108467381067155,-0.0012200861043265097,-0.002896451021543877,-0.00576999900837553,-0.004666870038269845,-0.0019754108484633104
2024-01-10,-0.0007273669833398055,-0.0011665357803248046,0.00173961472425882,0.0029061505045836246,-0.001055654004451373,-0.00018755623057783075,0.000706606174496273,-0.0022897671922762854
2024-01-11,-0.0005471401637861706,0.00013235972987993457,0.0003948942687693191,0.00026253453888938454,0.0005927126191371859,0.002575903295711446,0.0022931402417890917,0.0011133980957303742
2024-01-12,-0.00015182043055623606,0.00043500079031292757,0.0001572380658826089,-0.00027776272443031866,5.4932248617328705e-05,0.0005373222365159617,0.0007757737906789781,0.0010372907593820813
2024-01-15,0.002035060748875512,-0.003487489057081971,-0.001118816435835751,0.00236867262124622,-0.0032255333840135922,-0.0002569891220290203,-0.0007034320196464629,-0.0029424147411584536
2024-01-16,0.008019404892602066,-0.008178678253826142,-0.009071626853616566,-0.0008929485997904232,-0.007850550402540827,-0.010277117543892822,-0.00890769312378852,-0.007698176346827419
2024-01-17,0.0019938375250904976,-0.003315108039046598,-0.0017475415566445829,0.0015675664824020153,-0.0030419059628633053,-0.0020200064035745444,-0.0011494438607236393,-0.0037695565630097385
2024-01-18,-0.0010512668765933152,0.0004392559969468735,0.0010610747347127303,0.0006218187377658568,-0.0016494831465067538,0.003818649496700558,0.0022545245383237705,0.001219276584839483
2024-01-19,-0.001708106274503015,0.001985703101106951,0.0012672647157055683,-0.0007184383854013827,0.00046577604100938214,-0.0006602797286359152,0.0015117593274540178,0.0013348275343576521
2024-01-22,0.0021447792742138503,-0.0010501326764793626,-0.0048054088673577244,-0.003755276190878362,-0.0004887992900250484,-0.004661001159980471,-0.0031298905781805115,-0.0009415338332744808
2024-01-23,0.0012977247340217987,-0.0012438018053505234,-0.0015476696658804912,-0.0003038678605299678,-0.0019984390860597473,-0.0005651733680923643,-0.0012119943375970316,-0.0013618227260363547
2024-01-24,-0.002741887593663013,0.005068424600099087,0.002454688229986568,-0.002613736370112519,0.005845984153131876,0.0035310064840753754,0.0022023834970964495,0.002503756156235326
2024-01-25,0.0006237710632579201,-0.0014321905184068867,-0.00036432623907944883,0.0010678642793274379,-0.00311943775180216,-0.0009183905851504193,0.001215076890347,-0.0011382584765768922
2024-01-26,0.0001737707006285922,0.0009779517022474125,0.0004343522510019404,-0.0005435994512454721,-3.660610868468084e-05,0.0023254051471756445,0.0018580940532790563,0.00030270245187868916
2024-01-29,0.00027633039350118344,0.002836836971605307,-0.0028502641584774446,-0.005687101130082752,0.0020899904915443143,-0.0032803366733811976,-0.0021988090088554562,0.0020043973133007467
2024-01-30,-0.0011822052750251858,0.0006758392945739027,0.0025512375651958463,0.0018753982706219436,-0.00011201012203547467,0.0017475785997541997,0.0013166531589433356,0.0009183404809764983
2024-01-31,0.00032522558223722084,0.00016172318022618197,0.0012635713257148073,0.0011018481454886254,0.00106200769606699,0.0011004092972603703,-0.0012171304577487782,-0.0011004822099756801
2024-02-01,-0.0026204776947286925,0.002181879885839573,0.004706750679884325,0.002524870794044752,0.0041555797891142205,0.0036051132869020877,0.003757472638890012,0.0025495157027756545
2024-02-02,0.006788770542629674,-0.007146455393144475,-0.005866446154103394,0.0012800092390410807,-0.01055199700959287,-0.006623260959506235,-0.00687739597302497,-0.006236884039312329
2024-02-05,0.004118446035216248,-0.004286620149539918,-0.004713300433175915,-0.0004266802836359971,-0.0035668972436734975,-0.003180266245599935,-0.002745753786546734,-0.001097924574587757
2024-02-06,-0.003224709271306455,0.004368438868609468,0.003210658059905669,-0.001157780808703799,0.002372442035816389,0.0039884683440873925,0.0030511421031430724,0.0039706085122824435
2024-02-07,0.00014205144855090283,-0.0010664215382052596,-0.0004341129590073045,0.000632308579197955,-0.0017828860797938866,-0.0005972040835812523,0.00019606101132371316,-0.0018687030600736214
2024-02-08,0.0023404522356498536,-0.00329870835039835,-0.0014102635024450805,0.0018884448479532696,-0.002064562869658939,-0.002046902809904235,-0.0015577870254038309,-0.003013522939906421
2024-02-09,-0.0012115461637684315,0.0007712204172755869,0.0012928152065884158,0.0005215947893128289,-0.00022275770362106354,0.0017624638903897354,0.0032926758010416684,-0.00046396760992051256
2024-02-12,-0.0007136848152518604,0.0012614715378084524,0.0012811510975920815,1.967955978362905e-05,-0.0007689609601371725,0.0017874840899468891,0.0013314362101836277,0.00032816801960862857
2024-02-13,0.005812988687822986,-0.008274706790117376,-0.004732673697482981,0.003542033092634395,-0.009506045229687643,-0.0036022879981617204,-0.0054173094557947166,-0.005208854153570641
2024-02-14,-0.0020068008667919537,0.0026649049180049907,0.0006558242769253708,-0.00200908064107962,0.0014887637914241618,0.0012628589847936134,0.0021251357815498645,0.0020191166853977816
2024-02-15,-0.002800486811303449,0.0045759618871432355,0.001729069231780428,-0.0028468926553628076,0.0051225234573047534,0.0015173173259998007,0.0024661748346235723,0.0017971784854273014
2024-02-16,-9.092048608659673e-06,0.0003642216446931284,-5.663080019044364e-05,-0.00042085244488357203,-0.0008497000119856666,-0.00010843087745104896,4.825338204876374e-05,-0.0013754885969258595
2024-02-19,-0.0001601407615731956,-0.0011162973679935476,0.00022935098656587383,0.0013456483545594214,-0.0003092051794938988,-0.0008453813211079334,0.00029212710591794026,-0.0005679166568618813
2024-02-20,-0.000998697551049647,-0.0003690971389024491,0.002090082254563058,0.0024591793934655073,0.001182974968908961,0.0003660031648627937,0.0002003723480752633,-0.00010262814317663072
2024-02-21,-0.0003247819950873928,0.0006700189990129172,6.918908731678997e-05,-0.0006008299116961272,0.0006960841803250786,-0.00010177825167915581,0.0005135736746636714,-0.0002607178800786425
2024-02-22,0.0002994590499101899,0.0013082291661637054,-0.002351853659289027,-0.0036600828254527325,-0.0005900758492684288,-0.0034050234962677375,-0.0018669837259842534,0.00029917350716705354
2024-02-23,0.0012479551907339155,-0.0006420449803516675,-0.0021976204284542555,-0.001555575448102588,-0.0005102985849918482,-0.004446513415504024,-0.0030721707795630026,-0.0017581888135667818
2024-02-26,-0.00010799816562953243,0.0011000467096363292,0.00044908187023348645,-0.0006509648394028428,0.0009637608231558755,0.0003148762243559607,0.0012326458970985468,1.5017207725417e-05
2024-02-27,-0.0013613585788634017,0.001046595505641186,0.00199431842479586,0.000947722919154674,0.00089699166984288,0.004589324778017212,0.002271117253825735,-0.00013871341306711157
2024-02-28,0.0022749724766366985,-0.001065747911176482,-0.00414352329137635,-0.0030777753801998677,-0.0007360407797344601,-0.0035012078787386067,-0.0024010351973282446,-0.0018349595463130381
2024-02-29,-0.00021531557553166594,0.00032029355365825914,-0.00020929152764415093,-0.0005295850813024101,-0.0016383039025650442,0.00030435912261942793,-0.0002375187798474803,0.0013735423837828442
2024-03-01,-0.0016696802817019693,0.001913013609067071,0.001370593459998487,-0.0005424201490685839,0.0011055450908420926,0.0005894584057303623,0.0017471401895255343,0.00020663088410599606
2024-03-04,0.0007527375155464496,-0.0010524487481091051,-0.00046709094100852444,0.0005853578071005807,-0.0008657333706927663,-0.00015098896481058333,-0.0001760125018907147,-0.0010944810637627533
2024-03-05,-2.5073802122111376e-05,-0.00012096401884356331,0.0007610219416566699,0.0008819859605002332,0.0016608633577611203,-0.0003489401012029732,-0.00038131021229300836,-0.0007314428423509008
2024-03-06,-0.003179590385868635,0.0037576208100734768,0.003116621857349955,-0.0006409989527235219,0.0032361975353973893,0.0033066985295398346,0.003556234560536339,0.002375856237434674
2024-03-07,-0.003798535062310893,0.0045375974801292185,0.0020619930581623203,-0.0024756044219668982,0.0061767941296768285,0.0018771420530233247,0.00256074959802454,0.0026103246195175642
2024-03-08,-0.001749478651836832,0.0018083653915494085,-0.0001483444226881847,-0.001956709814237593,0.0019170716039347419,0.00021359390897102148,-0.0006541373914000702,0.002857192609269976
2024-03-11,0.001126542533243062,-0.002241793468369953,-3.366972411222857e-05,0.0022081237442577242,-8.635338882969264e-05,-0.0008195757690113714,-0.0007636121284201562,-0.00020548737520205881
2024-03-12,0.0010472388680184013,-0.002579349509628846,-0.0016296560826261075,0.0009496934270027384,-0.0014842973890638368,-0.0001563419660986313,-0.0009825211377776605,-0.0023270300779504685
2024-03-13,-0.0019975804075319896,0.0007850536097498591,0.003426670963485867,0.002641617353736008,-0.00016347499790913175,0.0034242422118208418,0.0025579986688628914,-0.00015868617628330325
2024-03-14,0.0036301369265520655,-0.005344490841972508,-0.004180128053363763,0.0011643627886087447,-0.005125245291442801,-0.0028269572852743785,-0.002217111686072621,-0.004389802826828844
2024-03-15,0.001128842370633494,-0.0020353685621477963,0.0005039599198594924,0.0025393284820072887,-0.001351490812383856,0.00013165292305050702,-0.0006860782374570884,-0.0018949417388819019
2024-03-18,0.0029095441789546506,-0.0016213593307130292,-0.0061606622807957034,-0.004539302950082674,-0.0023013877440178354,-0.0067179235362268734,-0.002880806038162233,-0.002791826312228999
2024-03-19,0.0019040118743942798,-0.003280881317244952,1.6011973887064546e-06,0.0032824825146336584,-0.00410497920593376,0.0007076291850105129,0.00025710799347919026,-0.0032660288854513553
2024-03-20,-0.0038249623927977443,0.002268549342207906,0.006082696465788462,0.003814147123580556,0.0011828818303559845,0.006429810065730994,0.00501398600299873,0.0013402822436433166
2024-03-21,0.0035656090547152345,-0.004124929793933257,-0.0023166211296866968,0.0018083086642465603,-0.0065658998583376605,-0.0022056171764153567,-0.0037797193145673075,-0.0025460701312436385
2024-03-22,0.004636704477280724,-0.003535818082848625,-0.005819885586608675,-0.00228406750376005,-0.001331959407689982,-0.0031731448117481667,-0.0025081884878994654,-0.002085890820290389
2024-03-25,-0.0018790822675057938,0.0007117326810137364,0.0028248535886453985,0.002113120907631662,0.00038993346126910133,0.0016347578992219243,0.002109832672679541,0.0010867027035563748
2024-03-26,0.0004666337977249583,-0.001953600564088758,-7.236008574063035e-05,0.0018812404783481278,-0.0021997588134981447,0.0015320336264978602,0.0014164786054781109,-0.0010928308931584436
2024-03-27,0.0007398367768243334,-0.0010993732328740385,0.00010146951148082284,0.0012008427443548613,0.00048193297310056743,-0.0006400086596867934,2.081302879554579e-05,-0.00159914595592577
2024-03-28,0.0016446811672247022,-0.0017245431875954446,-0.0022364881708409057,-0.000511944983245461,-0.0005330441070059699,-0.0021014794210818164,-0.002097721998760904,-0.0012780887639674
2024-03-29,-0.0008693039880385257,0.0007024473892560928,0.000849779445345894,0.00014733205608980122,0.00025100322237812017,0.0004400175170706418,0.0011810030984434736,0.0011407576707088325
2024-04-01,0.003273651922822056,-0.004065679550138772,-0.0018825584752717728,0.0021831210748669994,-0.003202556477842386,-0.0011121965852884201,-0.0039073657123616734,-0.001253020993674081
2024-04-02,-0.0018854902547878055,-0.0006175529509906998,0.002254364575636103,0.002871917526626803,-0.0003868955616429988,0.0043567152133476466,0.003667350130096519,0.0005589589583883855
2024-04-03,-0.004001103323136367,0.003203597002554308,0.0033086342686560744,0.00010503726610176616,0.0035588696200907813,0.0020518861071692207,0.002910213435570059,0.0011300194665970025
2024-04-04,-0.00021798625135334903,-0.0018238518723460422,-0.00012359284029855866,0.0017002590320474836,0.0014287956092272301,0.0005113949173728797,-0.00014888779068393334,-0.0007107912339932021
2024-04-05,-0.00023102074440985512,1.0326755608192073e-05,0.0018770905237071034,0.0018667637680989113,-0.0006790813947997743,0.0017442394103429626,0.0009886478794313067,-0.0004025665586135929
2024-04-08,-0.0020194577110019775,0.002540235080023344,0.0034725064875481826,0.0009322714075248387,-0.0011508275117405227,0.0032574207523593892,0.0032214790741402844,-0.0009170022505850343
2024-04-09,-0.0007559210281968586,0.0020250544272701655,-0.0002686565541729913,-0.002293710981443157,0.0006827231679319701,-0.0004795846924279257,-0.00021742217939141328,0.0009040237633128149
2024-04-10,0.008018378633985013,-0.009728882614087983,-0.0068794711780968965,0.0028494114359910866,-0.010089111758710837,-0.006344533875819384,-0.006605881255887506,-0.005336491847963032
2024-04-11,2.102344540986763e-05,0.0003041956441044349,-0.000240285599160589,-0.0005444812432650239,0.00041540137383671666,-0.0014425323768159082,-0.0018643862788847443,-4.687563518020651e-05
2024-04-12,0.0059918595968966835,-0.005328265001590051,-0.0074043287358608045,-0.002076063734270754,-0.004167847933214816,-0.005863601517716699,-0.005565698593684316,-0.002927013949338253
2024-04-15,0.003311564717356017,-0.0012794187588647983,-0.004455840128298638,-0.00317642136943384,-0.0017812338596400283,-0.006651911953511706,-0.005094999129408394,-0.0036899849768146087
2024-04-16,0.004190543344867643,-0.0023320584532232668,-0.010511021518740504,-0.008178963065517238,-0.001570457637346416,-0.011155207590754576,-0.0070544804385168315,-0.0015668413001470594
2024-04-17,-0.002761700918556361,0.0009340300006502773,0.004552732972836454,0.0036187029721861767,0.0031884934401520313,0.0035278887839889825,0.003404387253323942,0.0022531014140621717
2024-04-18,0.0012550504372835184,-0.001460499056564265,-0.002797134922385258,-0.001336635865820993,-0.0020346557350614546,-0.0038489368138559335,-0.0028088550607617358,-0.001381365964693219
2024-04-19,-0.0018939771377523118,0.001654930691552872,0.0020315356076828495,0.00037660491612997744,0.0011388993556242118,0.0016677719257939632,0.002133918548795791,0.0008017958257534227
2024-04-22,0.00018924354997605208,-0.0015219504832492056,-0.00020560566635985378,0.0013163448168893518,-0.0011314229429280436,-0.00016917258359054146,0.001434700636128645,-0.002259822108196271
2024-04-23,-0.002920359745890413,0.002204722178124707,0.004592121557258688,0.0023873993791339813,0.001509698283634837,0.004302961707638664,0.004810346095407893,0.0013901867229363003
2024-04-24,0.0020147018698428534,-0.0028525466456270823,-0.002517039501098828,0.00033550714452825446,-0.0023261153376240525,-0.0036618324183587125,-0.0046005787694344425,-0.002070179515591001
2024-04-25,-0.001115894945533906,0.0004086388296947654,0.0014167828568566188,0.0010081440271618534,0.0013423976431948027,-0.0013970410358035517,-0.0013283101314930854,0.0012618123209178211
2024-04-26,0.0005511835286956786,-0.003911664801032545,0.00178550950041928,0.005697174301451825,-0.007582592912603371,0.0064946314054146565,0.0027320380560409497,-0.0035844144225962715
2024-04-29,-0.0036122334132837153,0.004882672375486832,0.0031550127410502893,-0.0017276596344365427,0.0064871668368796055,0.00454096816906054,0.003485933693208892,0.002607717671849604
2024-04-30,0.006299210874093784,-0.005023281807038805,-0.005290495948480356,-0.00026721414144155117,-0.008102740995574018,-0.007376812698803044,-0.008409403908806916,-0.0037824487952813346
2024-05-01,-0.0038819720697947893,0.005747949184518675,0.003625432400948564,-0.002122516783570111,0.009897828813546583,0.002912806376175673,0.0028836755734521413,0.00563474170299183
2024-05-02,-0.0042344928807390905,0.0048711827122189764,0.0033829389109911456,-0.0014882438012278308,0.0041402665665990395,0.0047464442214373665,0.0042670503012055315,0.003961045682999413
2024-05-03,-0.003347715446970962,0.003692860286953219,0.003623782865402353,-6.907742155086612e-05,0.0042723826689460885,0.003153540997945329,0.002556151858737286,0.003426200972907578
2024-05-06,-0.0010202289278181606,-0.0016342977947297992,0.002391242055056586,0.004025539849786385,-0.0019339661889732813,0.0024695054373978786,0.0018143740018530094,-0.000836765652118506
2024-05-07,0.0017191196726291367,-0.0014706358101735876,-0.0010727949299525474,0.00039784088022104015,-0.0029643919593269666,-0.0004308284158131004,-0.001306204245462255,-0.0023918391470342617
2024-05-08,0.0009628156255983887,-0.001966502627937655,-0.0005761264824656609,0.0013903761454719943,-0.0017529010000422358,-0.001487363005247026,-0.0010782917643179751,-0.001611538102022007
2024-05-09,-0.0026171776281442858,0.0016431170907896912,0.0018049767402185113,0.00016185964942882006,0.0018357184350115963,0.0008815883244982503,0.0013402380255711896,0.0006635313553278918
2024-05-10,0.0010086415129526164,-0.0006056094185855135,-0.0011152455770614689,-0.0005096361584759554,-0.0010918405648522496,-0.0005053074521025325,-0.0004441573011802718,-0.0014809918021612873
2024-05-13,-0.0009444593809529275,-0.0001920930531111257,0.0016058232523332439,0.0017979163054443695,-0.0011043332293311826,0.00046362159638716854,0.0003471199256382475,0.00019118539033483964
2024-05-14,-0.002404839815763644,0.0027023580638241354,0.0016143034372664844,-0.001088054626557651,0.0011069367949536797,0.0019558713389891125,0.0021279085207105497,0.0010525554919082285
2024-05-15,-0.005979050239703861,0.007496242713442998,0.004475783571316783,-0.003020459142126215,0.006896233130426213,0.004619569426885721,0.0045960984222573565,0.006531151240045219
2024-05-16,0.0005910957330034486,-0.0025801700260966627,0.0003463153397640639,0.0029264853658607266,-0.00309147212313457,0.0011685435122166983,-0.0004642983886470014,-0.0008151249969955791
2024-05-17,-0.000668042732140244,-0.0004132494882361504,0.001537675874887623,0.0019509253631237733,-0.0015010802111200168,0.0017760603189903579,0.0014316245978443101,0.0005963701909670327
2024-05-20,0.0005399392088989183,-0.0004371719906336915,0.00031631136434925877,0.0007534833549829503,-0.002270764390387439,0.0003678547171597953,0.0006825926158541036,-0.0022118965928091447
2024-05-21,0.00026398897474643346,-0.000561850096658812,-0.0001818268430104908,0.00038002325364832126,-8.59867415764215e-05,-0.00040299604667807615,-0.0010350109548722636,-0.0016597926499038647
2024-05-22,0.003022789590078622,-0.00264466006506291,-0.0037570647778883415,-0.0011124047128254315,-0.003986334334916085,-0.0032444117432624355,-0.002471706611468481,-0.0008692681058121524
2024-05-23,0.0013773987531786494,-0.0008640867494347521,-0.0014805210086272225,-0.0006164342591924703,-5.245665565847361e-05,-0.0041289045008415055,-0.001789651846109765,-0.0013328056875754335
2024-05-24,-0.002145463283822056,0.0019418884036781405,0.0017562910986709257,-0.00018559730500721482,0.0006147125865146272,-0.0005406590044344887,0.0013445184703977692,0.0003192223904990114
2024-05-27,-0.0013042498951024318,0.0010549531700821888,0.00022599468076980878,-0.00082895848931238,0.0010302968157871832,0.000756283819220179,0.0017938547406858535,0.0020015062583051226
2024-05-28,-0.0001120140952446183,-1.7050188080812434e-05,-0.0006643908902948803,-0.0006473407022140679,-0.00013239411179259233,0.0004667597593999151,0.00025556625118620745,-0.0016959250465145754
2024-05-29,0.0054575267949730395,-0.004697340294862826,-0.0072569437143663595,-0.002559603419503533,-0.0030293197088651727,-0.006322625041289813,-0.005836985303038738,-0.0037145947735783835
2024-05-30,-0.0006890330988258203,0.003797356055344831,-0.0029927745990730448,-0.006790130654417876,0.006336165989043047,-0.004263825936117072,0.0008498162207676614,0.0010576477680695657
2024-05-31,-0.0003799775500309315,-0.0002470998845363233,-0.0010571276227017978,-0.0008100277381654745,-0.0002523022122567405,-0.0016467121756630343,0.0004278403189166756,-0.002489487388112943
2024-06-03,-0.003419201346595159,0.007456332876744257,-0.0009263402997554682,-0.008382673176499725,0.00679569221211714,-0.003311371119703884,-0.0050779713713455165,0.005149268117290588
2024-06-04,0.0037884245030602617,-0.00015796569715223995,-0.008040018882528754,-0.007882053185376514,0.004067664913415818,-0.009707333178666455,-0.00700335768421495,-0.002031599367450232
2024-06-05,-0.0001883900580816984,-0.0019078933763134673,0.0026198221840122438,0.004527715560325711,-0.004300942132316595,0.0019507234806988387,0.0020916850721919684,0.0015330097519784907
2024-06-06,-0.0005919130274453371,0.001519695808947532,-0.0012769615129592515,-0.0027966573219067835,0.00326462676999581,-0.003426091720992656,-0.0021930675998072524,0.0019227720951033866
2024-06-07,0.006820134376595771,-0.007826769659774021,-0.007590015470731931,0.00023675418904208975,-0.007591624409043808,-0.005246721803295255,-0.008695197229291764,-0.005988437749223492
2024-06-10,0.00023686267737454058,0.0007620775838867843,-0.0008256507975001603,-0.0015877283813869447,-0.0019724306180480683,0.001011294267518929,0.0016130752078523658,0.0005602969083388457
2024-06-11,0.0014844132595652833,0.0007900283879273672,-0.003658616240543061,-0.004448644628470428,-0.0012898777122745536,-0.004539915642224186,-0.005462934805151072,-0.0006550429771280027
2024-06-12,-0.003298899324591673,0.004727853435185919,0.001625322746737795,-0.003102530688448124,0.004137854416919329,-0.0020561176903779086,-0.00161770443044666,0.0029684995612110723
2024-06-13,0.0030545396367430357,-0.004190280638270939,0.0006137450048221416,0.0048040256430930805,-0.0027479865089604975,-0.00031533373670555864,-0.0014098122535553695,-0.002099621456527423
2024-06-14,0.002840815571104538,-0.0008792950848988609,-0.005060548216871963,-0.004181253131973102,-0.0004853251496972355,-0.0031707934243048554,-0.000770866385206459,-0.0031526727448196734
2024-06-17,-0.0004957111749576766,0.00036737878014376883,0.0014751772902760196,0.0011077985101322508,0.000580504517512658,-0.0016228359766558749,-0.0014164444172842636,-0.0009078251705615751
2024-06-18,-0.001722806780546645,0.001860980740975817,0.003961766885775819,0.002100786144800002,0.0018565303319037219,0.003482927483853593,0.0012614055367403914,0.0024486296938305654
2024-06-19,-8.422741579347049e-05,-8.261688522982584e-05,0.0005629260261644231,0.000645542911394249,-0.0003589046814851162,0.00013962936523082004,-0.0004084621267419565,-0.0010949413534448265
2024-06-20,0.0024019703460604956,-0.00378206686788664,-0.0032153705775098684,0.0005666962903767715,-0.005677137433822629,-0.002243515217616898,0.00031543151958587527,-0.004130291221570455
2024-06-21,0.00044726393846752227,-0.002396955986910549,0.0019110197012018604,0.004307975688112409,-0.003113004315118193,0.003173317615271435,0.0027296258673729723,-0.0004075914994238576
2024-06-24,-0.002466434824335367,0.0027616424967142773,0.0033325084735924826,0.0005708659768782053,0.002066193553011413,0.0038215465206563604,0.005035023527448589,0.0006181783416937167
2024-06-25,0.0017339393654645279,-0.0022556307961813273,-0.00358907985605017,-0.001333449059868843,-0.0015234323851103886,-0.004044977959607565,-0.003570370259899972,-0.001586505100133954
2024-06-26,0.00415503178058165,-0.004358645957582032,-0.004384560088882189,-2.5914131300156656e-05,-0.004298204198359588,-0.00590961687298434,-0.007141293878876235,-0.002757030373898702
2024-06-27,0.0004977591278553599,-0.00013581839845677214,-0.0012982953090701632,-0.001162476910613391,0.0003403093729195071,-0.004078967463369332,-0.0004924066809267444,0.001660075628152032
2024-06-28,-0.001507190796999514,0.0005956922975255321,0.0019262387724530428,0.0013305464749275107,5.793684285899936e-05,0.0026305262724498992,-0.0011606729610569775,0.0019803424006323844
2024-07-01,0.0009274579656605767,-0.0009593011308960172,-0.0018548356383850384,-0.0008955345074890212,-0.0019648714749926125,-0.002369257524212428,-0.0015322716683568438,-0.00084235655899767
2024-07-02,-0.00015394449458352348,-5.0440426664377994e-05,-0.0010685184935753378,-0.0010180780669109598,-0.00018799644857885045,-0.001298523141803935,0.0011703612012111595,-0.00039915134705966376
2024-07-03,-0.003630105440583758,0.002394492977876859,0.005889868762691403,0.0034953757848145434,0.001664785175533622,0.006768057322513769,0.006291149543031544,-4.491197548047351e-05
2024-07-04,-0.0028386161979668117,0.0023325733090916283,0.004845979152119928,0.0025134058430282998,0.0021247878853264124,0.004918681018035979,0.0031035262164716493,0.0021264113239083393
2024-07-05,-0.002060710071259709,0.004375205202276423,0.001731150270213283,-0.00264405493206314,0.0034380028684035994,0.0016790605082458072,0.0008114100608914154,0.0016530610863560262
2024-07-08,0.0006002937403285966,-0.001730182263754038,0.0008367102208987065,0.0025668924846527445,-0.0012038579004637385,0.0033574426184938,0.0013300118988344314,-0.00116976291783281
2024-07-09,-0.0006457689016789937,-0.0004456263658813419,0.0012567619362784943,0.0017023883021598362,-0.0014067079957139766,0.0026261859090836634,0.0032363204795804535,-0.0019240760495851106
2024-07-10,-0.001169637683661647,0.0007597334485973436,0.0012420469063662565,0.0004823134577689129,-0.0008653045330376669,0.0031849919331512857,0.0012101168779885699,-0.0001406768961225898
2024-07-11,-0.0030325584855873115,0.006246196280024404,0.0018270750780697842,-0.0044191212019546195,0.008279306450501386,0.0009094236417070226,-0.0005061035854526821,0.0064634471322568094
2024-07-12,-0.003055969831675749,0.002555997584170985,0.0029721198639390267,0.00041612227976804174,0.003995659234375147,0.0037384914074636657,0.0030121358664064813,-0.0008265197399301242
2024-07-15,0.002884031686652109,-0.0029876497059602367,-0.0030433209455295873,-5.567123956935066e-05,-0.0012677514886764534,-0.0044360007882624135,-0.0036094374065522216,-0.001952546813136724
2024-07-16,4.258867354697349e-05,0.0009268554403621381,0.0004286797668512088,-0.0004981756735109293,0.000261931147260729,0.00029406294642986275,0.0001285811988884143,0.0005571854059378545
2024-07-17,-0.0010745614516466514,0.004310171734471405,-0.0008225861320057537,-0.005132757866477159,0.009668555517726005,-0.002996664189349074,-0.0013141952391435008,0.0030095768062832207
2024-07-18,0.004575637713671152,-0.004357813676580032,-0.00490438094371784,-0.0005465672671378079,-0.005452310346543148,-0.007589086753776601,-0.007096566569230934,-0.0036322756772995866
2024-07-19,0.002503135357053295,-0.002994405659938776,-0.002412094793425801,0.000582310866512975,-0.001389080666866586,-0.0023020261930496075,-0.0035701355787420446,-0.0023395737752266075
2024-07-22,-0.0008739026707087964,0.00032444749051909437,0.0025532556086957925,0.002228808118176698,0.0012081025057845834,0.004157899767334309,0.002738251244807461,0.001508708646092094
2024-07-23,0.0018699138145403357,0.0007961332391403283,-0.0032463458619104435,-0.004042479101050772,0.001312315222079562,-0.003956919853618605,-0.003939221349843448,0.0029510577790935835
2024-07-24,0.0012585932676153063,0.0020291911127838756,-0.004735712827582228,-0.006764903940366104,0.005539328122801196,-0.005008683200592408,-0.005099035460271232,0.003067706919795077
2024-07-25,0.0009440922474230422,-0.0014810884125739648,-0.00032947318351794763,0.0011516152290560171,0.00137163781757986,-0.0010759187121385239,-0.0004988636787197076,-0.0015761610474118726
2024-07-26,-0.0009511422925051853,0.0015981643978496482,0.0006345497695248725,-0.0009636146283247757,8.301804616348922e-05,0.000305166507227191,0.0003882607483510135,0.0011936009206767
2024-07-29,0.002535671994059123,-0.003805364333790376,-0.003620391692919084,0.00018497264087129206,-0.002684730687656752,-0.003796600141207825,-0.0016363652229186565,-0.001333852355599315
2024-07-30,-0.00045912292554738674,0.00194590051277411,-0.0009434382884477288,-0.002889338801221839,0.00388781601575069,-0.0010557338444320274,-0.0008357495482748112,0.001565244321455402
2024-07-31,-0.003581943102245592,0.005233894255907496,0.0018152124118150925,-0.0034186818440924034,0.008171726261463,0.002757973719531718,0.002299191613693154,0.007115351615215519
2024-08-01,0.003114357614793149,-0.0009567480337888106,-0.005756573242477747,-0.0047998252086889365,0.00227407705673309,-0.006662344141312948,-0.006865609088703761,-2.618534826074696e-05
2024-08-02,-0.00466425363634596,0.010224015163530865,0.0006437931700006561,-0.00958022199353021,0.015818796485120912,-0.0042998992889138705,-0.003212442962305812,0.006361123491524623
2024-08-05,-7.200279533861164e-05,0.002068549501153285,-0.0024972355581003858,-0.004565785059253671,0.008777028217218957,-0.00506283774117174,-0.0025783865763847535,-0.0010562009377810266
2024-08-06,0.000576534142933639,-0.0004226372683538704,-0.0017619519214306933,-0.001339314653076823,-0.0005640781430953737,-0.0004350083313112337,0.001928726475812746,-0.002434084551620567
2024-08-07,-0.0007183058887307043,-0.0022482750568642226,0.004184105749726719,0.006432380806590941,-0.009707910078709173,0.0065195909174852185,0.004690046535617561,-0.002031168314318673
2024-08-08,-0.003488378362463623,0.0012382566152412365,0.006153254495293747,0.004914997880052511,-0.0033733677548147913,0.010646396378979683,0.007608514766955106,0.0018219877760533947
2024-08-09,-0.0017645680686620042,0.0025368614313910354,0.002082580646677018,-0.00045428078471401734,0.0019057264816720136,0.0014847443248761822,0.0015244371930238246,0.002038225810322203
2024-08-12,0.000760254287051643,-0.0020835030952521677,-0.00038452648736617134,0.0016989766078859964,-0.0007505779043126918,-0.0008824824834163802,-0.0011466651159726274,-0.0010552181928167315
2024-08-13,-0.004769508119003309,0.005656862571665677,0.005406407256742213,-0.00025045531492346416,0.002882362950414899,0.005124674804365774,0.003603909280258539,0.0027656165027142667
2024-08-14,-0.0005227952905030499,9.17255716488298e-05,0.00197996480799148,0.0018882392363426502,-0.0007044743112713988,0.003645812586930419,0.00198258997086367,-0.00034246286370979523
2024-08-15,0.0019224802983523453,-0.004453222258068244,1.8065111282217217e-05,0.004471287369350461,-0.00846901718621787,0.0015080432245651032,0.0005334525282779905,-0.004291621153639458
2024-08-16,-0.0045760225524002635,0.00798871932737704,0.0034071261079214044,-0.004581593219455636,0.007919124434187241,0.00047915671298489243,0.001060003282446558,0.007269850532735174
2024-08-19,-0.005366561008431577,0.0048027836246463205,0.004889314459703864,8.653083505754354e-05,0.005345233622726084,0.004850431149480287,0.003870280159668338,0.005463201443247338
2024-08-20,-0.0018748900678889216,0.00597820833704835,-0.0029494756528163357,-0.008927683989864686,0.0078090594001645475,-0.0044642528932304915,-0.0022455705532377,0.0025775976486263432
2024-08-21,0.0003848472478830984,-0.0003596707406963856,-0.002287863661449424,-0.0019281929207530385,0.0014284745239778,-0.0045150932524231635,-0.0031322833479376843,-0.001204693898756067
2024-08-22,0.004251640758165506,-0.003644189618635798,-0.007267878019677737,-0.003623688401041939,-0.0035776682495774017,-0.009827186762992102,-0.007620464666444663,-0.003822415360532997
2024-08-23,-0.008313143980378928,0.00859239475739051,0.009929963976258421,0.001337569218867912,0.008253061491337204,0.011930775185088857,0.010611467659189569,0.007966223138934433
2024-08-26,0.0016144940868007412,-0.0013526649232474194,-0.0031558453309512013,-0.001803180407703782,-0.0008326965021118368,-0.002238108373463795,-0.003389818907041764,-0.001585551757092037
2024-08-27,-0.0009816350448416658,0.002735485031619165,-0.0025089427701539824,-0.005244427801773147,0.004187444257420098,-0.004991262255349478,-0.0017714961325171871,0.0007146106828010979
2024-08-28,0.0029709345393159124,-0.0023527843125513686,-0.002594768551589771,-0.00024198423903840256,-0.003567997952766702,-0.0035103141183489006,-0.0038055611289865405,-0.003238955019053691
2024-08-29,0.0008465235070062261,-0.0010330293357902788,-0.002653212989641218,-0.0016201836538509394,-0.004216489962676678,-0.0034904891144642938,-0.0036158384031525492,0.000939912214502403
2024-08-30,0.002108648448221704,-0.002229397506633396,-0.0002824850446233873,0.0019469124620100087,-0.004739827582106578,-0.0025620588149893133,-0.00295147932507064,-0.0026496574844337615
2024-09-02,0.0005894815358502537,-0.002192610099779403,0.00021281669095468692,0.0024054267907340898,-0.0016024465038917551,0.0008592182068906107,0.0009705314568026638,-0.0013276331349772648
2024-09-03,0.0036069983709216494,-0.0014770078401473014,-0.0033884259593461585,-0.0019114181191988572,0.0029952165915691684,-0.004190022823390686,-0.0038335617173480235,-2.7133940755152963e-05
2024-09-04,-0.002128329009729946,0.00425018812547906,0.0017005185997275296,-0.00254966952575153,0.006687078137784501,0.0007231165833299821,0.0005820887537737542,0.003910166267435751
2024-09-05,-0.00258161597725036,0.002782529724280435,0.0041977537001373355,0.0014152239758569007,0.0024688337993659334,0.005978044462115435,0.0029174532642074797,0.003086545565132104
2024-09-06,0.0025589494341783417,-0.000964219661958093,-0.0029089321170436555,-0.0019447124550855625,0.0023868316090608958,-0.003777530316951198,-0.004087554646737228,9.014131851429556e-05
2024-09-09,0.0039518539422925755,-0.005593332956256379,-0.0019787656049224667,0.0036145673513339124,-0.006133364481594276,-0.0027386350796757553,-0.0024961108620614814,-0.003137205668705937
2024-09-10,0.0010655471286254176,0.001523460035007286,-0.004022082763985163,-0.005545542798992449,0.002193577481703457,-0.005924524271316918,-0.005266755343510494,0.0015155432154054054
2024-09-11,-0.0011063264131980625,-0.0014181444932585534,0.0026123550236554494,0.004030499516914003,-0.002083997876278512,0.004616811737430042,0.00300743413202129,0.0008530649353597486
2024-09-12,-0.004920844021258103,0.00600941762961393,0.005185961171591452,-0.0008234564580224778,0.003615176928610936,0.006594212609186023,0.006511531661545,0.0032445653033344644
2024-09-13,-0.0027260839409730055,0.0037353070117190513,0.004250743627902981,0.0005154366161839296,0.00315588105015506,0.005687924990597522,0.005279588930861977,0.003753156086183873
2024-09-16,-0.002461225622703198,0.0016700700515771723,0.003515602809604612,0.0018455327580274399,0.0038944654620033103,0.0006150162458235705,0.0007919871516140169,0.001433077794889955
2024-09-17,0.0006236640767152218,-0.004647316584396105,0.0014110568965989556,0.00605837348099506,-0.005723532078477418,0.0033793311806024073,0.0020356989966297534,-0.003221031107298803
2024-09-18,-0.0008414444700016619,0.00015148720423547105,0.00014391758012702316,-7.569624108447887e-06,0.000808675541126023,0.001143523579369643,0.0007341596278179049,0.00012251716279639466
2024-09-19,-0.002781167829871484,0.002606192386853225,0.002902280449380734,0.0002960880625275091,-0.00016195256526316723,0.002809129645949334,0.0028263223647895875,0.0002751835688655409
2024-09-20,0.0004940108959599707,-0.0014300177060467961,-0.0009989403818584097,0.0004310773241883864,-0.003862821483802348,-0.0019213007191237752,-0.002798690122258291,-0.0012212005341143417
2024-09-23,0.0007064032272322599,-0.0007689888505373731,-0.002326008829744347,-0.001557019979206974,0.00021206272997916867,-0.0008480270765645429,-0.0006890918612312043,-0.0005422534057617501
2024-09-24,-0.005855496194737558,0.006417553882495418,0.005343263056735437,-0.0010742908257599815,0.004592307192304805,0.00446590793803318,0.00527427877153358,0.0037087356505721334
2024-09-25,0.004491344174604266,-0.005028949314213082,-0.0037196362598788946,0.0013093130543341876,-0.007755517686446033,-0.0046017268749089695,-0.007550379397200467,-0.00428497999752316
2024-09-26,-0.004826776960060424,0.00664973820822649,0.0015862860759881803,-0.00506345213223831,0.0028662535868878383,0.002964235280169647,0.0033161570900621185,0.006192561703520487
2024-09-27,-0.0008602143342515,0.002866049533649795,-0.00038858721116330486,-0.0032546367448131,0.007908040572921979,-6.21031113513526e-05,-0.0009165063754825097,0.0038597935365508964
2024-09-30,0.0024095830071116683,-0.004065213044237513,-0.002788262757825538,0.0012769502864119747,-0.006210773375514257,-0.0033626082766864407,-0.0022062146522673592,-0.00411011851813603
2024-10-01,0.0039137333727801826,-0.005053396466758632,-0.0025184577901699867,0.002534938676588645,-0.0022665256153605547,-0.0010304858650610482,0.0002172914108295216,-0.002447313690192502
2024-10-02,0.0018095409574162896,-0.005346971516661681,-0.0005420183969578884,0.004804953119703793,-0.008575416980869305,0.0024190931984830653,0.0024983039539428803,-0.005216866916847751
2024-10-03,0.004134504288400473,-0.004279687888657572,-0.0038261683316342388,0.00045351955702333316,-0.002717091781219418,-0.003319358381944674,-0.0016302490979933637,-0.003322699859805045
2024-10-04,0.003252089147757322,-0.006311310987368842,-0.0012943650345365598,0.005016945952832282,-0.007739423679227017,0.0009768051222749374,0.0007045973218654364,-0.006337964358619737
2024-10-07,0.0014944875331357166,0.0016520545900624104,-0.002074215253389272,-0.0037262698434516826,0.0025486517898157673,-0.0041748304721635305,-0.0029013546186163475,0.00041476445911399945
2024-10-08,0.0007748645858644274,0.000419837576110655,-0.0009111076353940095,-0.0013309452115046645,-0.0008139540750870256,-0.0037073749953952704,-0.0031964445333391473,-0.00011442809529560449
2024-10-09,0.003286170597320092,-0.0030883163249275977,-0.003164267515661928,-7.595119073433056e-05,-0.005073154789615282,-0.003968825317149927,-0.0046715860744918946,-0.0018396277981752214
2024-10-10,-0.0009830881802121473,0.0018599127404319224,0.0004108023004641692,-0.0014491104399677532,0.003220629295700809,0.0028500239635856164,0.00169002327481307,0.001220469528561437
2024-10-11,-0.0013552113162086685,0.00130303900855217,0.0016339156592926618,0.0003308766507404918,-0.001619947170405242,0.001998495516168153,0.0009131696962927054,0.0005634759170266198
2024-10-14,0.00225448949411267,-0.0030118630889708863,-0.0017017926842835818,0.0013100704046873045,-0.004315291971160105,-0.0012953815598955771,-0.0018821457666767555,-0.002242244970552365
2024-10-15,0.00248234708118442,-2.6087257357998786e-05,-0.0040878598008754485,-0.00406177254351745,0.0009149898904561443,-0.006863546909487909,-0.0052598389423690805,-0.0004239960670927208
2024-10-16,0.001661718176704123,-0.002232768703602006,-0.0015458937309975052,0.0006868749726045009,-0.003209982212853494,-0.0010174032105159103,-0.0030923804528385896,0.0004274610687358867
2024-10-17,0.0008540211578792018,-0.00022712098182360932,-0.0005552242324668721,-0.0003281032506432628,-0.0024467547977945203,0.0006893675547970934,0.00027398375957982113,-0.0007713079042979132
2024-10-18,-0.0011685690495626512,0.0027844835033328484,0.0005052649681908661,-0.0022792185351419823,0.0029506136371206526,-0.0014473118558256208,-0.0018850103655251463,0.0013224293543935655
2024-10-21,0.0039552581676162825,-0.006653830610699515,-0.0031055843338836653,0.0035482462768158494,-0.004876974518668614,-0.001514841537622084,-0.0015037483994890086,-0.005110919968291124
2024-10-22,-0.0005907204809582952,0.0006344017239849134,-9.080231644156833e-05,-0.0007252040404264817,-0.0007390690313656504,0.0002661987940540955,0.0010884451622772962,-3.6051731663026367e-05
2024-10-23,0.003636894388116983,-0.00511847477701733,-0.0032059376740541934,0.001912537102963137,-0.004572634662175131,-0.004104094188876324,-0.002291843973705069,-0.0037352290483673536
2024-10-24,-0.002392479333943661,0.0031048466900068118,0.0029935345767659605,-0.00011131211324085129,0.0036739629217099105,0.003614051294022554,0.0024201523457121504,0.001995234010988556
2024-10-25,0.0029103222483588737,-0.0021004826730282398,-0.0037296131701833046,-0.0016291304971550648,-0.0024857562530260177,-0.004628903841568333,-0.004255382293944573,-0.0018979413042075066
2024-10-28,0.0004287746667586672,0.0005230133649459581,-0.0012110326600517085,-0.0017340460249976666,-0.0010315841742564353,-0.0032110908260478688,-0.0019918226282798013,-0.0011077847452736211
2024-10-29,0.0008034761490095491,0.0005773246748441551,-0.0011047429203658032,-0.0016820675952099583,-0.0007367746694774737,-0.0028302618146201683,-0.002265738232612296,0.0006363384856112505
2024-10-30,-4.963447503762274e-05,0.0007004730342119077,-0.00028573664072958915,-0.0009862096749414968,0.0012537109119145722,-0.000709007513823412,-0.0011635070554192409,0.0006973806340548153
2024-10-31,-0.0006305270260101047,0.0014786611091078625,0.001324394524365391,-0.00015426658474247158,0.005021889618970603,0.00057785647888009,-0.0009989229848054884,0.0022149079683019637
2024-11-01,0.0035955156432111533,-0.0050261426916438645,-0.005696626954106443,-0.0006704842624625784,-0.006035621256781476,-0.006210229444164865,-0.005273653326752107,-0.003020593281833387
2024-11-04,-0.003559397976418877,0.0036270026606238653,0.004442140573700265,0.0008151379130763997,0.005467345558063108,0.005314710983293391,0.005298741332714478,0.002369158639363637
2024-11-05,-0.0028617615235194908,0.0029165719020235598,0.003149750822600078,0.00023317892057651834,0.0031433545141916395,0.003236291359593283,0.002879462471769837,0.001485539256947943
2024-11-06,0.009437516355909732,-0.014271824492160643,-0.005469437431109586,0.008802387061051057,-0.01787761155425122,-0.0007656978294153424,-0.0016083767563371979,-0.0119917620401054
2024-11-07,-0.009057307055073365,0.008822091238270659,0.008873566809281669,5.147557101100979e-05,0.007532397747009205,0.009984998256295433,0.009113978716577067,0.007249596511814375
2024-11-08,0.007069957183546684,-0.005715603006957209,-0.00855246312311747,-0.002836860116160262,-0.0031878987291736973,-0.009238435981220058,-0.007866848193680918,-0.004409533489607116
2024-11-11,0.004821867349684128,-0.005140953391089236,-0.007373753320606996,-0.0022327999295177602,-0.0062246058798393665,-0.005087556624345642,-0.002524601403241194,-0.003741112200109198
2024-11-12,0.0043865101480460005,-0.0038420307525396345,-0.003935074363440733,-9.304361090109806e-05,-0.003315411136090953,-0.007835383398013263,-0.005236172203361271,-0.003518994724564628
2024-11-13,0.002642156129244461,-0.0032866687923800153,-0.0019255024684053934,0.001361166323974622,-0.005356482623706453,-0.003321033055893522,-0.0033457930042766998,-0.0011278922486411453
2024-11-14,0.001418402967905114,-0.002829555156745646,0.0003383424543059732,0.0031678976110516193,-0.00432726098747008,0.0002880764697257658,0.0004208925930227877,-0.0020312804040714116
2024-11-15,-0.0016153305006014452,0.003271075751240521,0.00031342863831976264,-0.0029576471129207586,0.005264359500665862,0.0025313057837893873,0.002712092379073272,0.0041010140783992455
2024-11-18,-0.004043396785977432,0.0037863473002797098,0.005427971735206427,0.0016416244349267174,0.0030314677066183757,0.005574341878218962,0.005016389386951243,0.0010926750594137207
2024-11-19,-0.00013112687450663536,0.00032344965292328224,-0.0014342503062379497,-0.001757699959161232,0.0001461423070102131,-0.000401777712863353,0.0009528026542866394,0.0008952562427284594
2024-11-20,0.0030906488906098676,-0.004150496194789459,-0.003584866127407771,0.000565630067381688,-0.003996071741100486,-0.0021486677463544712,-0.002308738445859461,-0.0030127185196692587
2024-11-21,0.001984652481983748,-0.0007130311090064725,-0.004676335164598533,-0.00396330405559206,-0.0012098802938256988,-0.002879566292811423,-0.002248352143941368,0.0002470995324669693
2024-11-22,0.0017088399785960499,-0.00030775112672430313,-0.0008534307473942737,-0.0005456796206699706,-0.004954178481899931,-0.0008074863459605434,-0.0008702632375813178,0.0001370485296912083
2024-11-25,-0.004059627995177371,0.005084271248669788,0.00466837891200747,-0.000415892336662318,0.006469012244633368,0.003097972963517067,0.0019733954064183484,0.001348544874871127
2024-11-26,0.001850710321112283,-5.6139107560895275e-05,-0.004369024308437441,-0.004312885200876546,0.002088580482736966,-0.006129419720394269,-0.00509509100531093,0.00025407882867874615
2024-11-27,-0.003033896855620331,0.005142760812631048,-0.0013842636926226781,-0.006527024505253726,0.00862164428184995,-0.0025662479958379705,-0.00022560732024271398,0.003951539650296561
2024-11-28,0.0006653713194911955,-0.0008733939173508421,-0.00010169117228414626,0.0007717027450666958,-0.0017775720255339157,-0.0005957178637735853,-0.0017162471355145561,-0.001311858014858558
2024-11-29,-0.0022481579863725953,0.003999435941881073,0.0022153697724686117,-0.0017840661694124614,0.005402470697274631,0.0013236129636724863,0.0012063409741359665,0.0026460100791800834
2024-12-02,0.004665042362939686,-0.005101726256124809,-0.00509292738482553,8.79887129927922e-06,-0.004378974195287227,-0.004800412957642293,-0.0042900881640527645,-0.0032286869654204096
2024-12-03,-0.0010253033440509739,0.0020976498265803754,0.00074108418330468,-0.0013565656432756954,0.0005910904397508123,0.0015455980075719244,0.0017819650976390203,-6.981403864939987e-06
2024-12-04,-0.0001957155092388056,0.0010895840059520316,0.0005154107640329697,-0.0005741732419190619,-0.001437814169006263,-0.00016676563739729625,0.00013094974185816937,7.435553440959808e-05
2024-12-05,-0.0043819794785845195,0.005071084840395339,0.005174851490765603,0.00010376665037026365,0.005634048505043711,0.004845211502085352,0.003190195238899423,0.001715257091446487
2024-12-06,0.0024760476564714157,-0.0009323071376472515,-0.002393192788472581,-0.0014608856508253297,-0.0003769962218779695,-0.002157431094787906,-0.004525223670067706,-0.0014274669999966665
2024-12-09,-0.0012972826700492388,0.000682329169315544,0.0015156422641563194,0.0008333130948407754,-0.0031542665287133654,0.003098554251383797,0.001373687403653845,-0.0014363687044913014
2024-12-10,0.0016469144959471375,-0.003121888784518078,0.0006357088952470002,0.003757597679765078,-0.003974224807375209,0.0011074639407396836,0.000704373994119418,-0.001972712136676158
2024-12-11,0.00018196716299670023,-0.0013411954497650376,0.001468459425800317,0.0028096548755653546,-0.002645861033536099,0.004376344298864761,0.0036864596050194937,-9.929807444083079e-05
2024-12-12,0.002363362867481896,-0.0026714754173297545,-0.0028247549223391066,-0.00015327950500935213,-0.00424544382173431,-0.0030913294980943196,-0.002650496646251594,-0.0010361747893398536
2024-12-13,0.0005602166582906471,-0.0017310006785229036,-0.00028652408528728746,0.001444476593235616,-0.0013346852455724419,-0.0011652220495649661,0.0006067054549793013,-0.002593035401117364
2024-12-16,0.00022780761139942285,0.0012752266943445636,-0.0019033980595140332,-0.0031786247538585968,-0.0013892226175073324,-0.003146380915597491,-0.003002562070850082,-0.0007532339156515929
2024-12-17,0.0018243579778906445,-0.0012031775511325135,-0.002692502533450103,-0.0014893249823175895,0.001371308957024422,-0.003032825474900099,-0.001114612057075177,-0.00021499315778705785
2024-12-18,0.00929908327407514,-0.00913981183638781,-0.011354852125347453,-0.0022150402889596424,-0.010368912093554616,-0.010298244187007458,-0.010469551245077686,-0.006124855338592712
2024-12-19,0.00033571914737929535,-0.0018197352156102548,0.0007046997928140675,0.0025244350084243222,-0.004491467237201822,0.0008575121391707352,0.0029308905037354538,-0.002384118607009563
2024-12-20,-0.003633923259018271,0.004195406810293755,0.005740552109972041,0.001545145299678286,0.0065229793819225725,0.004734148997976417,0.004982093148110577,0.0028345275081810653
2024-12-23,0.002549100140903803,-0.003185539367177431,-0.004697451505599665,-0.0015119121384222335,-0.004485968980402218,-0.006546843626117127,-0.004550624742843005,-0.0029012784496644795
2024-12-24,-4.134784794920603e-05,0.00013559481935306993,-0.00019354451662323413,-0.00032913933597630406,-0.0009100766025777219,0.0008627287678799611,0.001585513415917347,0.0003770590043018866
2024-12-25,0.00017603368379580137,0.0003432604827611407,-0.0005502984289073032,-0.0008935589116684439,0.00025316439746038655,-0.0006506187351581852,-0.0007472370843593724,-0.0006426257683256331
2024-12-26,0.0007380744383660674,-0.00031046502025067896,-0.0006873564947372512,-0.0003768914744865723,-0.0006708209484775537,-0.0023885175029334516,-0.0012934271917292653,-0.0018155227583026197
2024-12-27,0.00033631812289652385,-0.0007708992411644229,-0.00011918995026011237,0.0006517092909043105,-0.0005312524762613157,-0.00022590813634112047,-0.0008399128966428534,-0.00035631361986091886
2024-12-30,0.0005397699167382836,0.0008261518898981784,-0.0034338896496286797,-0.004260041539526858,0.0007030409123041046,-0.0031803754546892993,-0.0008544202651483939,-0.00022068366127673636
2024-12-31,0.0026768550749865635,-0.002658499675554358,-0.002754510316830522,-9.601064127616379e-05,-0.003746942792909031,-0.0016755417587516568,-0.0023207607550218795,-0.002315818349541902
2025-01-01,-0.00018207631597675277,0.0003693911161831171,0.00023376099637034686,-0.00013563011981277025,0.0008309391541163474,0.00040710267857257953,-0.0002754913658233961,0.00010147194335215677
2025-01-02,0.0024529727418481236,-0.005011037415009691,-0.0011126419988859715,0.0038983954161237195,-0.006201516914138158,0.003362434085017574,0.002904314040421788,-0.0009838004589862355
2025-01-03,-0.00029385817007358567,0.00167975918211789,-0.0003903490343348248,-0.002070108216452715,0.003358474143233306,-0.0002987299491994759,-0.00010975165742084712,-5.3041193979641577e-05
2025-01-06,-0.004473138341802871,0.0031781895944321997,0.006979944547796685,0.003801754953364485,0.0032656391333126173,0.006584315293219937,0.006280445020813962,0.0008330992023170373
2025-01-07,0.0015308780217197912,-0.002902164596492139,-0.001603519857087371,0.0012986447394047682,-0.004311636509743089,-0.00035526722826906276,-0.0010922016812288024,0.00048532309809227553
2025-01-08,0.0020902620174710106,-0.002422130045381295,-0.003000841506134555,-0.0005787114607532602,-0.0018984158217389899,-0.0024552691192719265,-0.0004595052297603803,-0.0019312242428956388
2025-01-09,0.0003819241311399296,-0.00012028526529645053,0.0005471483434988655,0.0006674336087953161,-0.0005903649702108694,0.0005005405712144398,0.0006654629354865906,0.0003380428641502527
2025-01-10,0.004496729025775399,-0.004097612660029545,-0.005818669387924191,-0.001721056727894646,-0.0023729590844319866,-0.00606747711651856,-0.005084870119474021,-0.003909003402208011
2025-01-13,-0.001225157685428335,0.0024689770297854174,-0.000653190181181651,-0.0031221672109670684,0.0003505445079409833,0.001680073150756245,0.0029284439511105187,0.000698026911963708
2025-01-14,-0.0030595179549109345,0.0022486725209790994,0.004849111386060312,0.0026004388650812124,0.0026453590374513314,0.004095348273737291,0.0035436028023530125,0.0005799927727843102
2025-01-15,-0.0014515332116741666,0.0022898494829081723,0.0019752808987435755,-0.0003145685841645968,0.002427554568221109,0.001991254863174937,0.0016518460972171911,0.003291562212031381
2025-01-16,0.00154144282610713,0.001396564448911679,-0.004221731954614616,-0.005618296403526295,0.003811053562680441,-0.0063952395544366976,-0.005731748103382466,0.0010776160933395247
2025-01-17,0.0008513009899622117,-0.000370952033571478,-0.00026765461879130203,0.00010329741478017594,-0.004871328690420835,0.0005683625848446802,-0.0021321880944092297,-0.0007766537225242232
2025-01-20,-0.008489670031747176,0.008610951048335386,0.008338430465223368,-0.0002725205831120188,0.009227243530866748,0.0061230929626778785,0.008054561340246402,0.006013718700841997
2025-01-21,-0.0008851359546583207,0.002203004951440723,-0.0004964350299705711,-0.002699439981411294,0.0008606515705513093,-0.0009503534439240976,-0.0011727577500719494,0.0007808196010120986
2025-01-22,-0.001219652560362731,-0.0010955962414717843,0.0033376924916148354,0.00443328873308662,-0.0031789583860962014,0.005633970104765074,0.0039672336177818636,-0.00176261138830891
2025-01-23,-0.0006571236796761495,-0.0015672116069714893,0.001588349725082372,0.0031555613320538613,0.001061692928515277,0.002878661814680402,0.002680787217873721,0.00022593922980718162
2025-01-24,-0.005235517937522446,0.004515721361100272,0.005429098645405556,0.0009133772843052832,0.0031451882651148517,0.005414909783131379,0.004374327025623991,0.0029476872175489
2025-01-27,0.0024787579743341306,-0.0011149192822643523,-0.0049009338370606115,-0.003786014554796259,0.004547471372981608,-0.006622543084181087,-0.0037406522417721528,-0.0013934565813242077
2025-01-28,0.0025087931524820587,-0.0032777539862513154,0.000653623643058765,0.00393137762931008,-0.004896393976351121,0.0011472654692518125,-0.0003017541030991674,-0.0030669951444789087
2025-01-29,-0.0007855699779465871,0.0009580513820163878,0.0004003417631897044,-0.0005577096188266835,-0.000690941169971993,0.003391276288687702,0.001744772710411291,0.0009300892372387329
2025-01-30,0.001378350837097634,8.699499241075596e-06,-0.0029119887021873403,-0.002920688201428416,1.1178318894714453e-05,-0.003635763962257177,-0.0033431954509035655,0.0013095032863664386
2025-01-31,0.0022602007084379667,-0.0030461165537099856,-0.0007716627954634236,0.002274453758246562,-0.003336802689097168,-0.000785745332383366,-0.00023321744178413293,-0.003131583370495609
2025-02-03,-0.00016812209959988578,0.00019276016458940996,-0.0010913969386838196,-0.0012841571032732296,0.0005542479765115229,0.0024625017448197304,0.005422700107121846,-0.0022419299617148316
2025-02-04,-0.0037592093025565773,0.004877495179211179,0.002752770702774965,-0.002124724476436214,0.003935755661499385,0.001308628465164256,0.002251372300483873,0.0026190803474433664
2025-02-05,-0.0020649981144124736,0.004461774820996069,0.000676718653739139,-0.00378505616725693,0.005784108025749332,-0.00041130353573963035,-0.0015847688440831667,0.003129862875370056
2025-02-06,-0.0005307929689596016,-0.0008783520779724495,0.002114191927789194,0.0029925440057616435,0.0007446200856167951,0.004434032397346151,0.003337556832244618,-0.000144730860824153
2025-02-07,0.002394390627903647,-0.0029917966076539798,-0.003212142237813992,-0.0002203456301600121,-0.003472879173563386,-0.0013280955740700244,-0.001669773824737811,-0.002321047511086416
2025-02-10,0.0007988696620063816,-0.0010518539652194852,-0.00035420063344163144,0.0006976533317778538,-0.002487952623597335,-0.001472089346110465,-0.00013881565845531258,0.0004610467464846539
2025-02-11,-0.001423154810795471,-0.00042221637782576676,0.0032779779488849026,0.0037001943267106693,-2.5344679238999596e-05,-2.5883984956953654e-05,0.0011759443781524778,-0.0006212414138539272
2025-02-12,0.0003648508375898112,-0.001554104589685244,0.0006022047288470889,0.002156309318532333,-0.003670910590545968,-0.0014025269456772553,-0.0019346036016811602,-0.0024691987867216567
2025-02-13,-0.005812207662461246,0.009556981526146383,0.003020021446866361,-0.006536960079280021,0.009998354339172254,0.0025328310652622163,0.0046633774553775376,0.006340424421639994
2025-02-14,-0.0030596991125854426,0.002203473874621161,0.00412102762086522,0.0019175537462440585,0.003250602193864055,0.004829930733625513,0.0032399149405455013,-0.0006448555248412072
2025-02-17,0.00033469491237325677,-0.00036530511938141774,-0.00024049218570562636,0.00012481293367579138,0.0010755636958286001,-0.000693725069690602,-0.0003275935376779726,0.0003224719250474184
2025-02-18,0.0008389736794734736,-0.0012484390563860621,-0.0003021271880130627,0.0009463118683729994,-0.003355606001239915,0.0018230272950361763,0.0012215169150682453,-0.000767660083253352
2025-02-19,0.001756045873078562,-0.00011771077027521865,-0.0051041434855498,-0.004986432715274582,2.2804829382420493e-05,-0.004342581054227024,-0.0023550470809076923,0.000260818612850174
2025-02-20,-0.0054533355751839934,0.006149623943545083,0.00540683231232747,-0.0007427916312176134,0.009062691172237571,0.0041213910120632136,0.003389096420056914,0.004926765952451673
2025-02-21,0.0022555926461587214,-0.0017789466771317656,-0.00306360757939822,-0.0012846609022664542,-0.0005155246097127373,-0.003025238800596538,-0.0032652101934475225,-0.0010118206619366503
2025-02-24,0.00011582215655101609,-0.00046567397940338196,0.00010204073417208193,0.0005677147135754639,-0.0004353356633691671,-0.002623271704411826,-0.002385507596755559,0.0003672049748157935
2025-02-25,-0.000714065593302064,0.0014010920725280786,0.0005651565730362129,-0.0008359354994918657,0.004535794119785862,0.0002573366183901508,0.0007545778377416323,-0.0021232843284645733
2025-02-26,0.0009591121169483707,-0.00048215786065507454,-0.0013934056656750848,-0.0009112478050200103,-0.0017149679036105754,-0.0011032502275371743,-0.0015596454567122536,-4.5045108309974914e-05
2025-02-27,0.006407895544060677,-0.007158384219516106,-0.005490455508564002,0.0016679287109521044,-0.006190369978248481,-0.0037637267360610314,-0.004482339305382078,-0.005503866615843345
2025-02-28,0.004002998149849873,-0.003121218092330834,-0.006294097715592084,-0.00317287962326125,-0.0039169971373637326,-0.0059648486759602175,-0.002896658267232534,-0.002941337642204204
2025-03-03,-0.0052846342815576096,0.007468869762058641,0.005528475623979429,-0.0019403941380792128,0.008499489209718492,0.0014853660863356488,0.000838548378112052,0.0030682722396585906
2025-03-04,-0.0048139858226536785,0.005241133631607845,0.0048265764379251674,-0.00041455719368267783,0.006330939684354259,0.0014401956108918885,0.002056986143200926,0.0028053789399880755
2025-03-05,-0.008406792163792653,0.006426147335695499,0.011408891869254811,0.004982744533559312,0.006781065703721685,0.009783934505407562,0.008590959957340398,0.0026283598778838644
2025-03-06,-0.0004919804230573495,0.0010606706042928394,0.00016615065157282727,-0.0008945199527200121,0.004566887280425207,0.0022487457358565757,0.0015466418857413764,-0.00029572142525561657
2025-03-07,-0.0006854446545023077,0.0022867755306071914,0.0005863932215423029,-0.0017003823090648885,0.0028088314095771525,-0.0025734995545871886,-0.00172980187042627,-0.0005455167010876375
2025-03-10,0.0033559962915994026,-0.0019192295297299905,-0.005298202720157796,-0.003378973190427806,0.0013637785499044375,-0.006218996614846262,-0.0031776741853809204,-0.0022149087361305795
2025-03-11,-0.0038908212753496134,0.002105535849698475,0.0038181654651398556,0.0017126296154413804,0.000715561721452961,0.00466648410054545,0.005266634207724338,0.0009192019543816284
2025-03-12,0.00045534473140984924,-0.0016325095008560345,-0.00036678572501944173,0.0012657237758365927,-0.0016738102495047296,0.00012687044087555943,0.0021516836249862448,-0.0007780243775004081
2025-03-13,0.0016258399828521152,-0.0022584630894219616,0.0004961968314346477,0.0027546599208566093,-0.0001882939900608819,0.00010938275469718484,-0.0012923933317302017,0.0008601449162746929
2025-03-14,-0.002969668409907688,0.001236387889437385,0.004934744986418105,0.0036983570969807197,-0.002162084495641698,0.006927111377688866,0.004990266563526945,0.0005423914038973354
2025-03-17,-0.0033794104782704135,0.0015936549358868176,0.0024954547146719963,0.0009017997787851787,0.0016432859177218883,0.002162933691689406,0.0043944111557787735,9.161878157470937e-06
2025-03-18,-0.00011414499867485163,0.0004373599400494272,0.0007551691512857894,0.00031780921123636223,0.002163728501608291,-0.0021234999270099975,-0.0014720520605817633,-0.0007026851476894524
2025-03-19,0.002639254692781093,-0.0009012477475984961,-0.006737891796726708,-0.005836644049128212,-0.00031477369365637736,-0.00915443233259757,-0.002091715803755913,-0.006852128123369994
2025-03-20,0.0028285192168183617,-0.0030917688166274757,-0.00173533677376575,0.0013564320428617258,-0.003480259225705403,-0.0008444779920766162,-0.0018658198059295441,-0.00017997777003553317
2025-03-21,0.001444829904047133,-0.0026231723523360874,-0.0009212620989005882,0.0017019102534354992,-0.002811138760778866,-0.0005728109293082762,-0.0014139459449713193,0.0022415517770175697
2025-03-24,0.000547865857934308,-0.00035650099406655915,-0.0016544877629552646,-0.0012979867688887054,-0.0034450009738666806,-0.002413535086175996,0.0013033541555795042,-0.004646230066638705
2025-03-25,-0.001901947469574651,0.002427796752393116,0.0008784466524521528,-0.0015493500999409632,0.0016585273260082596,0.0031234064031386475,0.003623330689420295,0.001630965578707233
2025-03-26,0.0026569787770339306,-0.003358813284547726,-0.0029678046474273245,0.00039100863712040156,-0.0031139551200003216,-0.002536088797249018,-0.002751907420528316,-0.0024239569550424576
2025-03-27,-0.0005574216029317655,0.0021717113328134554,-1.1420489575142412e-05,-0.002183131822388598,0.0012642850240711795,-0.003142554137633461,-0.0025617662637025013,0.000635272081988362
2025-03-28,0.0016819008501560827,-0.0003900643724509198,-0.0018066064434922868,-0.001416542071041367,0.00395499220787147,-0.004044553822829496,-0.0018357897369926737,-0.00020719401188055522
2025-03-31,0.001027215983505848,-0.0024632302951713096,0.0010982595828441244,0.003561489878015434,-0.002074617774885217,0.0034652939115887107,0.0007406078967943335,-0.0004938775803619381
2025-04-01,-0.0007254815202748649,0.0006306099814992541,-0.00029704611775085987,-0.000927656099250114,0.0003067834328791726,0.0008472453116813069,0.003366917039297923,-0.0003386988979814376
2025-04-02,-0.0017020926644934174,0.0013455796014252425,0.0012558828481263606,-8.969675329888183e-05,0.0034899500164224015,-0.0019805416659671726,0.003014126982022358,0.0006943828870221344
2025-04-03,-0.0072618220016987195,0.012634356384155287,0.005775820863041431,-0.006858535521113856,0.021749343363134194,0.004344828469218243,0.005339055337252636,0.006865233331910432
2025-04-04,0.013327503603230956,-0.008551472173153166,-0.01506466760248662,-0.006513195429333454,-0.005373525455629348,-0.0188164058759774,-0.02019605040851759,-0.004257078730757202
2025-04-07,0.007653313956024126,-0.004472967304547222,-0.009757266244853874,-0.005284298940306652,-0.0034414903513218706,-0.012868232790424447,-0.0103877597157912,-0.003664148343454373
2025-04-08,0.0014870222813110354,0.0030248974292345354,-0.004629391218567203,-0.007654288647801738,0.009916234400787724,-0.009043040993306032,-0.0044044949248295195,-0.001989796069256681
2025-04-09,-0.009600307872286003,0.004932846212461917,0.012331205920135258,0.00739835970767334,-0.007594319806347625,0.01878990298234484,0.016936508798847696,0.008391500055678014
2025-04-10,-0.005969020585023462,0.01265514122981038,0.0018246829739612669,-0.010830458255849114,0.02865450061091211,-0.005850114137385713,-0.0038967865934854207,0.004055437709747108
2025-04-11,-0.008806591559346485,0.010760204103155795,0.005148762633017778,-0.005611441470138017,0.010357419228297499,0.007407510732528581,0.007243431375303628,0.009617068318044394
2025-04-14,-0.0022179304446762063,0.0017295558494223907,0.0029925722295872093,0.0012630163801648185,0.001073867524059478,0.003502413051677792,0.002972978119283265,-0.00033986077384517976
2025-04-15,0.00329220072719489,-0.004924927187419869,-0.002961467832857806,0.0019634593545620627,-0.0060935110866943,-0.005328670711328328,-0.004798467446693774,-0.0016705490703791497
2025-04-16,-0.005928134547022365,0.008676851213673073,0.005852696720727191,-0.0028241544929458826,0.010896776304018146,0.005098752281134804,0.005381067605511269,0.006314847142871782
2025-04-17,-0.0008106495466973281,-0.001666244347850586,0.0028233018654413855,0.004489546213291971,-0.005082453312079145,0.004276107831287401,0.004391029376266413,-0.002170803495805229
2025-04-18,0.00016615194078149938,0.0003966907409306275,-0.00012987678177980855,-0.000526567522710436,0.0028844854662307315,-0.0007163340268504145,-0.0005460054886760522,-0.0013545684172768802
2025-04-21,-0.005307686255793675,0.006320623525322852,0.003937223471661894,-0.0023834000536609584,0.009586450305035021,0.0014440525735528453,0.0027772741790555206,0.003892281149790048
2025-04-22,0.002310173085423665,-0.005808963703593774,-0.0001979316998787506,0.005611032003715023,-0.008514958776966527,0.0033788265408515685,0.0026600655525495114,-0.0046341309591289015
2025-04-23,0.0033127292529276935,-0.005323897661207238,-0.002577503768439876,0.0027463938927673615,-0.012304085965595499,-0.001086606323223475,-0.003107342917267053,-0.0027276903685210887
2025-04-24,-0.004551824798251787,0.006023001764870991,0.002265360276890782,-0.003757641487980209,0.005637807663316521,0.0017342853771059596,0.0048856095788804245,0.0018873108696232748
2025-04-25,0.0012232273358145493,-0.0037972872984911483,0.0009582590310515393,0.004755546329542688,-0.003459343022434789,0.0032894319265907392,0.001145753980135587,-0.0036967241527784043
2025-04-28,-0.003610102020038023,0.006700908070048559,0.0031202038703282697,-0.0035807041997202894,0.008783930215178435,0.0015480483856109932,0.0020096503365343854,0.004127430064143696
2025-04-29,0.0005664442769225016,-0.0022325910342433433,0.0007015956616215346,0.002934186695864878,-0.0034573969289486417,0.0030475982988313888,0.0017045739536232468,-0.00013377622049085916
2025-04-30,0.0012837479374937216,-0.0008354081281680831,-0.001783930823388652,-0.0009485226952205689,-0.0042924165678695685,-0.0033111442243463816,-0.0037837566863390365,0.002936236522303274
2025-05-01,0.002514609627545999,-0.0047338807723392995,-0.00041733852080830247,0.004316542251530997,-0.007823041509858889,-0.00029717925359951103,-0.001939692027999762,-0.005038523732750599
2025-05-02,-0.005759165884080757,0.011614790718770562,0.002939129531361634,-0.008675661187408928,0.002292090951650926,0.0036866436689965143,0.0016910160868942353,0.014102128942528788
2025-05-05,-0.003572244980494114,0.008788740043594175,0.0008528666896741033,-0.007935873353920072,0.005159012970805958,-0.0024167596986589546,-0.0028075801617139596,0.014337084268128445
2025-05-06,-0.0017733686284069784,0.0010624048091532404,0.0004070408596555386,-0.0006553639494977018,0.004720267313214417,-0.0003528065773422684,0.0018330069104475686,-0.002037191323642773
2025-05-07,0.004629916782656996,-0.0062307849091456854,-0.003346274157962126,0.0028845107511835597,-0.005940821054252717,-0.0012360902556792785,-0.0016866035470744975,-0.009055180399699955
2025-05-08,0.0023042428368312906,-0.004669605176653487,0.0004270215478877626,0.00509662672454125,-0.010332979337113884,0.005163821524630389,0.0012865584163264268,-0.004259942825948511
2025-05-09,-0.0016053802127551173,0.002406617150968411,0.0017130302655306295,-0.0006935868854377816,0.002155442435197034,0.001411997121575877,0.0026899609636444255,0.0016233944575734238
2025-05-12,0.00722266278917256,-0.011891376619427832,-0.005469569136475311,0.006421807482952522,-0.017469507640074548,-0.0028442412640119854,-0.003747928727242056,-0.00845724036684318
2025-05-13,-0.004825532642018726,0.005837362798802922,0.004576723942108424,-0.001260638856694498,0.007593861431741372,0.0036029527553131193,0.005301871991407144,0.0014257764496229026
2025-05-14,0.0005416862090691634,-0.00043741976640820565,-0.00048336114530611596,-4.5941378897910307e-05,0.0002790103213920943,0.0006535493035175014,-0.00036710032354794357,0.0013021749181481024
2025-05-15,-0.0011491448516422888,0.0039099676831819054,0.0003932719232468407,-0.0035166957599350648,0.005354178624656698,0.00022234743483266298,-0.0024642676269424546,0.004265546947420133
2025-05-16,0.000941215939159031,-0.002016964289405324,-0.0006533018466478024,0.0013636624427575215,-0.0014456973814948638,0.0014928312025878077,0.001573991172016295,-0.0014756331551451691
2025-05-19,-0.0043643380057012075,0.005628047348728446,0.003907640367828202,-0.0017204069809002437,0.005422889103680421,0.0021509228570763352,0.0032188417646745104,0.003844649640620146
2025-05-20,-0.0013689938846698307,0.00345795920448389,0.0019063794579171622,-0.0015515797465667277,0.004500912878450128,0.0014167589130913427,0.0012176308526816568,0.0007334800527009447
2025-05-21,-0.002373986244092634,0.002778150289115145,0.0003997637440844304,-0.0023783865450307147,0.004504115736379405,-0.0003574327848571146,0.0016572371023040402,0.004430444034308441
2025-05-22,0.0026766868213312068,-0.004109126781673715,-0.0033161064145192654,0.0007930203671544494,-0.0037359000939543355,-0.002384338291771204,-0.002328882035790125,-0.002694909490912704
2025-05-23,-0.006843448792409871,0.0070048362205625565,0.006596884558413979,-0.00040795166214857743,0.008991252623100285,0.006746620705918027,0.006288395840177311,0.007171925105296258
2025-05-26,-0.0006325396664468809,0.0015250618217476676,0.0003621362964542352,-0.0011629255252934324,0.0001096809220551831,-0.0014896929303451767,-0.0006420357734362765,-0.0009960208493754823
2025-05-27,0.0029757573713635552,-0.004871357024251892,-0.002280327163042911,0.0025910298612089808,-0.007614242521803742,0.0011113181859964498,8.388817318309507e-05,-0.004134200265852428
2025-05-28,0.001254357031501787,2.490946589499103e-05,-0.0028024526679049366,-0.0028273621337999277,-0.00234606321108718,-0.0033613329233065,-0.0034041665137990135,-0.0001893417094466591
2025-05-29,-0.003146229140843338,0.00519064800124701,0.003134228013355722,-0.002056419987891288,0.005594543719855465,0.0021082569835920717,0.0022983221996638764,0.001866134265555856
2025-05-30,0.0031619375674473097,-0.003147140831584787,-0.004380091575069467,-0.00123295074348468,-0.00020682785506676016,-0.005847229458157632,-0.003679499348264107,-0.003746373294227038
2025-06-02,-0.0050858721506679035,0.005228861713749526,0.006016492466036194,0.000787630752286668,0.00809243614999866,0.004756008245444976,0.005201717490691363,0.004028454246955748
2025-06-03,0.0025679970664984376,-0.005066755843072417,-0.0022820246838593794,0.002784731159213037,-0.007813555266785158,0.0027114680354763943,0.000948416309985164,-0.002974927157912625
2025-06-04,-0.0030413079284340606,0.004625280860841283,0.0013024327638322675,-0.003322848097009015,0.006472739076896587,0.0004698358079833949,0.0016735891678639442,0.0034480952871369652
2025-06-05,-0.0013192220103540268,-0.0003472164650331483,0.002287745502902505,0.0026349619679356534,-0.0016044186190466991,0.002003279207174432,0.0016412888728359015,-0.0003281024192432665
2025-06-06,0.0023588229735416553,-0.0043530189510935305,-0.00037392117006843084,0.0039790977810251,-0.005273536642120306,0.0013774668484965262,0.0003735091181706261,-0.002515659356660649
2025-06-09,-0.0017388446020382992,0.002173836735065722,0.0024449862812428724,0.0002711495461771504,0.0012888738752273032,-0.0001475740509333153,0.0003142157855185298,0.0015246325093334345
2025-06-10,0.0008233155848389904,-0.0003662561772735072,0.0008943246640790992,0.0012605808413526064,-0.000783374760617378,-0.0026442020051290482,-0.002928825903683739,-0.0009114260723075418
2025-06-11,-0.0019155763550966036,0.0009268318546858112,0.0037063797871731696,0.0027795479324873584,0.003494996505873723,0.0034999640964172483,0.003842103984992002,0.0005047552985799619
2025-06-12,-0.00447990850952904,0.00714666349164176,0.00033241238342268664,-0.006814251108219073,0.009347759032460498,2.4739733475202346e-05,0.003657581965392747,0.005124039959670442
2025-06-13,0.003423916089036207,-0.0040654584490569905,-0.0041496526579751225,-8.419420891813204e-05,-0.002738444336272572,-0.0017493168112710327,0.0008000963902636509,-0.0035165560015504305
2025-06-16,-0.0028738882170143854,0.003627838311226192,0.0033173302789236137,-0.0003105080323025783,-0.0023926803857350076,0.004446314971697156,0.0023311419604555056,0.0012107982321164872
2025-06-17,0.005297066458804017,-0.005085030504496595,-0.005885410416881676,-0.000800379912385081,-0.004539659289715198,-0.003566866840744883,-0.002354691081604132,-0.006766347948158484
2025-06-18,-0.0005788139178446641,-0.0003598784548936168,0.0004696355743507019,0.0008295140292443187,-0.0005965752510520191,0.0014826242975901256,0.0004957022942071296,0.0006596038072130087
2025-06-19,0.0008859112580602629,-0.0003227189893022474,-0.0018209702348190027,-0.0014982512455167553,0.00047959110566705987,-0.002531677820786745,-0.0014845957297764706,-0.002290335670019609
2025-06-20,0.0007014203707733768,-0.001135569779145064,-0.00010459756770814232,0.0010309722114369216,-0.000990777469518885,-0.0016390859976119776,-0.002681109517811967,-0.00027249958273922736
2025-06-23,-0.0018873057649222511,0.004367330467150113,0.002136318832322903,-0.0022310116348272097,0.0034223739827061914,0.0012299090903369336,0.001140597436833844,0.0006011152689711086
2025-06-24,-0.004637850995130754,0.006126818160237479,0.004935759120219346,-0.0011910590400181324,0.006661970092548801,0.0035949811276588806,0.0003648340062570072,0.0056529926110028645
2025-06-25,-0.0016607279998646536,0.0024487589451498634,0.0005906639255804369,-0.0018580950195694265,0.0010055796704149245,-0.00017267848967406074,-9.072330720942347e-05,0.0001023782133052394
2025-06-26,-0.003296840462711199,0.00346039710408055,0.0037996478307052994,0.0003392507266247492,0.00503001996904288,0.002519855997751693,0.003883991144418643,0.0031676218167793944
2025-06-27,0.0004798811573368247,0.00011129369725201496,0.00113404765927419,0.001022753962022175,0.00045340624975526156,-0.0010427395556005619,-0.001119508423248618,-0.0015083748220064603
2025-06-30,-0.003567778214713038,0.0037387273754059466,0.0032321255139864946,-0.000506601861419452,0.005867364935792892,0.002985345024410243,0.002948666143582706,0.0021725636611934864
2025-07-01,-0.0008519210057422403,-0.00013779075511108352,0.001183961061729244,0.0013217518168403275,0.0027725295933344607,0.003653850117420069,0.0013364542757857859,-0.0004627993954199698
2025-07-02,-0.0002857886054105068,0.0012984762306673808,-0.0005220703432783358,-0.0018205465739457166,-0.0011948705488753764,0.0019199082772045628,0.002369777999421333,0.0026483422455871133
2025-07-03,0.0003441005633623871,-0.0019719562988870405,0.0026378055886451535,0.004609761887532194,-0.005361981624006011,0.002873334419403628,0.001768308387986195,-0.0026164200442844177
2025-07-04,9.836614597066428e-05,0.0010703025262838,-0.0004441812933871081,-0.001514483819670908,0.0019251808593785853,-0.0013981411984178942,-0.001291680747602053,0.0008451154767101047
2025-07-07,0.0059390074133719144,-0.0054948538064545985,-0.006853529652136148,-0.0013586758456815493,-0.007312373800618314,-0.007933541365321687,-0.005265356919359484,-0.0068063359710420395
2025-07-08,-0.001414092305079895,0.0006745285149383391,0.0020474724255695187,0.0013729439106311796,0.0003117104235167238,0.0022985577686625014,0.0022690151194044556,-3.0272075558501754e-05
2025-07-09,0.0008119226325878437,0.001222299705023331,-0.0031963738957386245,-0.0044186736007619555,0.001213724296957569,-0.0036852072574855197,-0.0027444454013326102,-0.0009258916583002227
2025-07-10,-0.0008406730748722153,-5.601977862590077e-05,0.0011477609560588686,0.0012037807346847694,-0.0016169384129799032,0.002588624175707858,0.001865729173592734,3.841146796708846e-05
2025-07-11,0.0023330146323243236,-0.002155861528437903,-0.0032279473285533322,-0.0010720858001154292,-0.0026911465589828745,-0.002362954182345297,-0.0013177006098552863,-0.0018951923857906117
2025-07-14,0.0025211285464359044,-0.003021969098135152,-0.0020366010483921504,0.0009853680497430017,-0.001949148379629978,-0.001940383048989543,-0.0017407080000487343,-0.0020980963706864753
2025-07-15,0.0030232778680533085,-0.004804992306649197,-0.0017251114245641075,0.003079880882085089,-0.006010839952616531,-0.0011608546557833426,-0.0029590828914417,-0.001921014675146641
2025-07-16,-0.001946394104507372,0.00254878419012923,0.0024311178413276013,-0.00011766634880162885,0.003721411649547396,0.0015776412368878983,0.0017519285073526578,0.001427998606202907
2025-07-17,0.00227199993962448,-0.0030927638247194265,-0.0018147711438464276,0.001277992680872999,-0.004486126031070237,-0.0011910069964484367,-0.0017603267530375713,-0.002479803603091524
2025-07-18,-0.001607906928614779,0.0022844506953107156,0.0011211686426211287,-0.001163282052689587,0.0016662134626036957,0.00017879400386163388,0.0011586135910929749,-7.583477462991262e-05
2025-07-21,-0.0034676913015683737,0.005581919094377757,0.00269847003416257,-0.0028834490602151867,0.006676892363470827,0.0009311232293334933,0.001134950542621725,0.0035495553028312235
2025-07-22,-0.002591774372785495,0.0034544704690479128,0.0015020474543468998,-0.001952423014701013,0.005692928623147482,0.00025311578454926636,0.001792780810020481,0.0009456215629360573
2025-07-23,-0.002056971453852088,0.001572796175889405,0.002238781346979274,0.0006659851710898688,0.0008125666158507738,0.0034161001857119975,0.0025008459586439873,0.0014027835722062825
2025-07-24,0.0018438458295371432,-0.0033059586741400436,-0.0015470190350579116,0.001758939639082132,-0.0029398196904388365,-0.003176529266716336,-0.0020597891132614105,-0.0025243882186135234
2025-07-25,0.0027984860313682563,-0.001797705802261601,-0.0015496836337945963,0.00024802216846700476,-0.0015685618042871146,-0.004963486350567574,-0.004526681966512117,-0.0029206103740122558
2025-07-28,0.00597318118311599,-0.0068098647673979565,-0.0072976751154416875,-0.00048781034804373097,-0.010001849348857709,-0.005653692169799163,-0.004775971660627749,-0.0037922709112004536
2025-07-29,0.0013250719311212727,-0.001138620003105266,-0.0028260724305087803,-0.0016874524274035144,-0.0020104494654853977,0.0014477795999962388,0.001412798173078029,8.42032019251852e-05
2025-07-30,0.007106670323390924,-0.009446912807071502,-0.005502570968531045,0.003944341838540456,-0.010039082905115126,-0.004180482047289972,-0.0052501781469125874,-0.005892945699795149
2025-07-31,0.0010510618824079417,-0.0013094346532262456,-0.0023022377263134663,-0.0009928030730872207,-0.0014999145608544557,-0.0033503336979315477,-0.0007501341615778438,-0.001599591137777005
2025-08-01,-0.006730498457185208,0.009497365833580532,0.007177789994606526,-0.0023195758389740057,0.01592996382189073,0.005400032292918522,0.005939974214464905,0.006747332518307984
2025-08-04,-0.0007005057628996971,-0.0007703144289476563,0.0008475831779015675,0.0016178976068492237,-0.0015182626151541052,0.003921599054198495,0.0011968257485141362,-9.168116891444811e-05
2025-08-05,-3.0815008977740435e-06,-0.0017922459106608744,0.0009054992773631643,0.0026977451880240387,-0.0008930543389389275,0.0017711828034296568,0.0014976845975922446,-0.0013437647373095718
2025-08-06,-0.003397629391017669,0.003021239308910441,0.005475903772812846,0.002454664463902405,0.0034800587211361402,0.005759398264907123,0.004931552731552031,0.0011798968918433534
2025-08-07,-0.0022591012868010425,0.002425362333838041,0.003160692854550534,0.0007353305207124933,0.0006941398843607985,0.002482870812675101,0.0005075960444665644,0.0016699066258390645
2025-08-08,0.0008878137359825608,-0.002385226148145056,-0.00014010967556885023,0.0022451164725762057,-0.0027053376375469804,-0.0002659869675892083,-0.0008364483450967424,-0.0020545129771601576
2025-08-11,0.0013916261241661053,-0.002425651320089383,-0.0015154138975204123,0.0009102374225689706,-0.0034586272602616097,5.665728216049567e-05,-0.00017993334527361643,-0.0016661917557282042
2025-08-12,-0.003440485875476738,0.003769061688976595,0.003657171638765333,-0.00011189005021126214,0.004829066103158373,0.003532021717106204,0.0029117467760215016,0.0009991853621930484
2025-08-13,-0.0019197065022260812,0.002612951153027638,0.0016649611817240173,-0.0009479899713036206,0.002501329896587421,0.00034026536689250414,-0.00036904385949754204,0.0014701723689559316
2025-08-14,0.004093039579328751,-0.0034136002416989136,-0.003511991201978676,-9.839096027976224e-05,-0.0034854272133774213,-0.003271706937395128,-0.0038879171157929493,-0.0037577341809809837
2025-08-15,-0.0020789461979212314,0.0022388497866078494,0.001870223594963638,-0.0003686261916442113,0.003170468179006708,0.002041404588120225,0.0026810809448340072,0.0015431858658751334
2025-08-18,0.0011938793275210738,-0.0017800971578892828,-0.0016805904051326037,9.950675275667911e-05,-0.0030579718486113405,-0.0018113454479003661,-0.0011400378588007115,-0.0011985166761694366
2025-08-19,0.0018268429078216724,-0.0017216408664068525,-0.0022450394547893215,-0.0005233985883824691,-3.4881997958813304e-05,-0.004465209736316589,-0.0045046209875780185,-0.0006100676270489233
2025-08-20,0.0004846340183697071,5.0985274889409765e-05,0.0003176405452536557,0.00026665527036424594,0.002453104759197864,0.0010930379155328722,0.001801979814848087,-0.0009109138770491132
2025-08-21,0.0025567055513403252,-0.004128852189349684,-0.0023012258790250095,0.0018276263103246745,-0.005623605645545371,-0.0007164066241649817,0.00021565308716097503,-0.0039039245103379785
2025-08-22,-0.007085240641816266,0.008706264740395889,0.006184973987059417,-0.002521290753336472,0.009388233120298092,0.005734082649198761,0.005915304642754368,0.005579345469839995
2025-08-25,0.0038362652649703236,-0.005079466592070418,-0.00399739251544684,0.0010820740766235779,-0.0065566063049321555,-0.0016011354357723755,-0.0018699603622501226,-0.003248916267789855
2025-08-26,-0.00045095845448883416,0.0018451456341292381,4.914321693214041e-05,-0.0017960024171970977,0.002690143938063614,-0.0019498778049820882,-0.0008227556686195411,-0.0010051240072282603
2025-08-27,-0.0003291230973312383,0.0015364465893342484,-0.0010628170740145937,-0.002599263663348842,0.0002750492695227369,-0.0003791258579515973,0.0017691094438119226,0.00040809472743030817
2025-08-28,-0.0023812047605978083,0.0030499119182000045,0.0010786348590767492,-0.0019712770591232553,0.0026567381225756728,0.0009003142639474696,0.0015417009467878892,0.002811410935974109
2025-08-29,0.0005408268689435945,-0.0007162203850734385,-0.002071214899751289,-0.0013549945146778507,0.0002551769111584501,-0.0015791264043713376,-2.9246361237594038e-05,-0.0024740385326384264
2025-09-01,-0.0008324102529405839,0.00010048478692102625,0.0019130575867378208,0.0018125727998167945,0.00027207683788545617,0.0006102228736663736,0.0003474672430618624,-0.0006518746946344578
2025-09-02,0.0036004084751646327,-0.004972667977947529,-0.003075339180185821,0.0018973287977617076,-0.006118240666618091,-0.0015033277792583233,-0.001750301327283464,-0.0027022509888929105
2025-09-03,-0.0016940794636948128,0.0021104352411327187,0.0015586778805125046,-0.0005517573606202142,0.0013508731026344496,0.00043810019317495435,0.00025501133322374566,0.0012103069803562534
2025-09-04,0.0010223872172463967,-0.0008759392464921141,-0.001001072540866621,-0.0001251332943745069,-0.001912701849265258,-0.00032730383694823395,-0.0002996290099927127,-0.0009550812192030319
2025-09-05,-0.004305362603642009,0.006231642371839794,0.0034383189777014156,-0.0027933233941383785,0.007533697835728316,0.0036139341511692478,0.002561021074023863,0.004040446517207179
2025-09-08,-0.0031362134920338413,0.004451000705297671,0.002947671785179684,-0.001503328920117987,0.003058977067244839,0.0033541049791787625,0.002447371762177392,0.0030698935087699977
2025-09-09,0.0016564587537371625,-0.002515064293156767,-0.003476600603492752,-0.000961536310335985,-0.0031648418628585453,-0.0020012829315742366,-0.00041671834984865645,-0.0010989113595913185
2025-09-10,-0.0007376050817544293,0.0006924507471032897,0.0009936822088723596,0.0003012314617690699,-0.001151366160611511,0.001761423359261623,0.001300216862319657,0.0004986455972531001
2025-09-11,-0.0030988218154511422,0.0022613353691873436,0.0033519820240434928,0.0010906466548561491,0.0030839287268822533,0.004287335075346066,0.004527577115044534,-0.0002660517418409854
2025-09-12,0.00021163089798775878,-0.0011155434830514253,0.0016431599245216588,0.002758703407573084,-0.0013719929713268038,0.0014619530214528738,0.000675204225051502,-0.0008723409491973033
2025-09-15,-0.0019072328157840844,0.0009925515163586376,0.002835924167553211,0.0018433726511945733,0.00214947751244444,0.0016956937367271034,0.0025714789852070746,0.001711889081726703
2025-09-16,-0.0043302161870463485,0.006483239507185795,0.0035826150824564973,-0.002900624424729298,0.008791847689476892,0.0030224169033835993,0.0037776854675276423,0.004019984098026619
2025-09-17,0.00239263844425853,-0.004133205210079101,-0.0020214865822612837,0.002111718627817817,-0.003879387936564014,-0.0011965294619493323,-0.0016420446330729446,-0.001681908277252342
2025-09-18,0.0030197197399842585,-0.002676293497652006,-0.002059566431438925,0.0006167270662130811,-0.004527656786837632,-0.0020509551906885415,-0.0025573332708020663,-0.003482157306995711
2025-09-19,0.0022267597722039102,-0.0021682653261950735,-0.002470958300766435,-0.00030269297457136135,-0.0024124106898331388,-0.0014405844537253392,-0.0010116616606454085,-0.0015656294770813872
2025-09-22,-0.0019355544611006073,0.0020831681327387642,0.001674216937954609,-0.00040895119478415523,0.0034675471093267483,0.0015687124018869774,0.0015705363372395334,0.0011947114560947696
2025-09-23,-0.00034430483091010995,-3.506592369819511e-05,0.00041438527841752837,0.0004494512021157235,0.0010413801487245689,0.0013654258679611047,0.001413562560132047,-0.0024751702212220117
2025-09-24,0.004753861388601892,-0.0054714942515966605,-0.0048522566983999205,0.0006192375531967401,-0.006671882583471502,-0.004687791554252844,-0.00479239462476463,-0.00440810910152097
2025-09-25,0.004290632281450183,-0.004776676155704172,-0.003990543470081764,0.000786132685622408,-0.005876557393828696,-0.0036630100157225196,-0.0037281692643821307,-0.003052613418516481
2025-09-26,-0.002207241677580434,0.002228177530476407,0.0036472410740046035,0.0014190635435281963,0.0024099330391426366,0.0031231498878568167,0.0023423812408294325,0.0012924977888835916
2025-09-29,-0.0015174389362804536,0.0032306164148741823,0.0010155332158146846,-0.0022150831990594977,0.0027949526744038278,-5.1207935788869875e-05,-4.3598622200285196e-05,0.0011204468724486105
2025-09-30,-0.0004586842680835649,-0.0005919394175776388,0.0008476139545151584,0.0014395533720927972,0.002250597635883015,0.0007047140672316413,0.00018258791541297153,-0.0011254433186529411
2025-10-01,-0.0013259041899258833,0.0010368492014379213,0.0007687968225287556,-0.0002680523789091657,0.0015914711480507309,0.002045164669394898,0.0018787209309197386,0.0018428627927035517
2025-10-02,0.0012788643221612458,-0.0009333034858769428,-0.0012583794586813468,-0.00032507597280440406,-0.001246447624841394,-0.001555915697534364,-0.002263627142791824,-0.0010869879729540344
2025-10-03,-0.0016098751998845258,0.0024134218428309637,0.0017817105240819364,-0.0006317113187490273,0.001388570926884362,0.00176776930835106,0.0013425412708406026,0.0001113975758944008
2025-10-06,0.0004705316924572406,-0.002861569802848317,0.0005331620834116424,0.0033947318862599593,-0.007311101668118177,0.0021096841647710494,0.001938023048328043,-0.004646845403366721
2025-10-07,0.0031533755476340257,-0.003641781388839329,-0.004178494059896842,-0.0005367126710575133,-0.006248806397849999,-0.0028818736993503347,-0.0030057486221402585,-0.0030775803429730075
2025-10-08,0.0003091855423210258,-0.0017377791529797244,0.0007532746683306113,0.0024910538213103357,-0.004093318710043453,0.0008081912940045566,0.0006233013824077213,-0.001483571245161149
2025-10-09,0.0030489331789025197,-0.004108050939332267,-0.003100299854063293,0.0010077510852689736,-0.00445363290049694,-0.0018884838792065557,-0.002910953545384866,-0.0026407568626154454
2025-10-10,0.0024162438353924074,0.0017272326216830856,-0.006491937125596009,-0.008219169747279095,0.008717378797000528,-0.011329925959393491,-0.00831595533607367,0.0009724637491564566
2025-10-13,-0.0005809898312255915,-0.001170899751339976,0.0029635451624079323,0.004134444913747908,-0.005958469281917483,0.004715627410142346,0.0026095684774595862,0.00016167027017951105
2025-10-14,0.0007461957053623951,-0.0003438654790136192,-0.0008071008358480625,-0.0004632353568344433,0.0033053601965808235,-0.001897886885074973,-0.0019118540112122915,-0.000650323022226118
2025-10-15,-0.0038726319532283197,0.004854564374525579,0.004162156141464063,-0.0006924082330615165,0.0047402684319990855,0.0031073647249860357,0.0035895469993044715,0.004492028770861782
2025-10-16,-0.001707432023136144,0.001283646736764621,0.0013452760564982569,6.162931973363595e-05,0.004086468823549831,0.002752445602580922,0.002642572316083114,0.00117262460780528
2025-10-17,0.0002496870794182109,-0.0015907222252384869,0.0004807455209669409,0.0020714677462054278,-0.0015243011014893133,0.001624749973792287,0.0023661542720124057,-0.002363270863303457
2025-10-20,-0.0008612744405174649,0.001546541231877363,0.002567473103882223,0.00102093187200486,-0.00033036484234183483,0.0005131509187254283,-0.0015481075241131467,0.0020396115357808795
2025-10-21,0.0031232185014818427,-0.004189992436976812,-0.004147735915009054,4.225652196775814e-05,-0.005409153632855657,-0.003789268428884792,-0.0009474877391805271,-0.005693571944646998
2025-10-22,-0.00019766834017471892,0.0001836834903481445,0.0007262406777044372,0.0005425571873562927,0.0003627846215638886,-0.000875622396140067,-5.361715901314972e-05,0.00028118068420734943
2025-10-23,-0.0010918777769655906,0.000659556881573084,0.0006153414744722585,-4.42154071008255e-05,-0.0007484895963776883,0.0021871917888952965,0.0024027744460153083,-0.0013319539710664834
2025-10-24,-1.3510447243604562e-05,-0.0003147118760470288,1.9965825736989462e-05,0.0003346777017840183,-0.0006264804744112729,0.0005697066707143575,-0.0009955306573815206,-0.0005650907980864576
2025-10-27,-0.0022879480320604183,0.0026767276422549058,0.0017522176209970874,-0.0009245100212578183,0.000638155064997481,0.002682812285998019,0.002362275857326473,0.0021499435579310777
2025-10-28,-0.000647350393101361,0.002940076591634703,0.0007968880045952642,-0.0021431885870394386,0.0026973802260109683,-0.0014250570728076746,-0.0013106998954573773,0.0022173723560319956
2025-10-29,0.0020132389824900803,-0.0037940668127637266,-0.0026436526055120535,0.001150414207251673,-0.005544180237588338,-0.00040466837809149947,-0.00039925118300908135,-0.0011685116389631804
2025-10-30,0.0019520867922475562,-0.0025315292964125727,-0.00273881866938136,-0.0002072893729687872,-0.004863870555554539,-0.0011459999488159234,-0.0009879666452658475,-0.0025880449909868966
2025-10-31,0.001194029582389249,-0.0017520183743796464,-0.0015551579101588386,0.00019686046422080772,-0.0016643680680912265,-0.0010012056920328805,-0.0014199164922132515,-0.001001829292659906
2025-11-03,0.0006958154489801558,-0.0016795436430144597,0.0007103808032193626,0.0023899244462338223,-0.0023700721205830257,0.001206910542680406,0.00041171325053572316,-0.0013043806091061298
2025-11-04,0.004475058179454496,-0.0034463745055563037,-0.005295654257277044,-0.00184927975172074,-0.0008855944400122292,-0.005812786508127184,-0.004652029948753633,-0.0016536691602263194
2025-11-05,-0.002129042222903807,0.0014781500107918129,0.003185270416601771,0.001707120405809958,-0.000632540672218194,0.004184608674784096,0.0027365306260423677,0.0006898840045470589
2025-11-06,-0.0015615718258616459,0.0020245739176834796,0.0020820981042736775,5.752418659019792e-05,0.005468605569865818,0.002815313347618346,0.0023678540188516767,-0.0001672098044182372
2025-11-07,-0.0014388750776697717,0.0015322327633077552,0.002629822932369852,0.0010975901690620966,0.00028830660455111956,0.0024822965569722597,0.0031543086631628287,-0.0014931416687273824
2025-11-10,-0.001919189277593234,0.00034284385211485677,0.003082792724743516,0.0027399488726286593,-0.0018164963042604971,0.004759030975470702,0.003201716844755636,-0.0007643370663904155
2025-11-11,-0.0014086158642878516,0.0013691823330595695,0.001096277702976517,-0.0002729046300830526,0.002584101805299943,0.0016725156486507482,0.002833265924112427,-0.0006847434341477795
2025-11-12,-0.0008328758797509425,0.001290193176125963,0.0006127523807160085,-0.0006774407954099546,0.00012838822527548124,0.0019414352638658465,0.0005130306543845878,-0.0012759863956028166
2025-11-13,-0.00028866734374991855,0.0005139699684647281,0.00016116528474985348,-0.0003528046837148746,0.0036302160621780786,-0.002799998469652324,-0.0014503366519806168,-0.0012622802453303716
2025-11-14,-0.0002730438291845931,-0.0010983881461135783,-1.4559761579713282e-07,0.0010982425484977812,-0.0006999807196169106,-0.0001859410856365947,-0.0007005762542731267,0.002350812358104415
2025-11-17,0.0027491417931937347,-0.0031116649929439355,-0.0035193215817656553,-0.00040765658882171985,-0.003287289794248286,-0.00352249899524415,-0.0025553148845214708,-0.002811458152418863
2025-11-18,0.00015877769463647478,-0.0010455671210224844,0.0004963376631824945,0.001541904784204979,-0.002373892812556557,0.0020556033136220155,0.002768804810340475,0.000777353643548917
2025-11-19,0.00245926595177622,-0.004263065266828053,0.0002461384724320448,0.004509203739260097,-0.007135372285221643,0.0003422247034013208,-0.001845584567018729,-0.0032647941808020184
2025-11-20,0.0019830555941121354,-0.0021065809649625303,-0.0020003770323238634,0.00010620393263866684,-0.0011180798396269176,-0.00333949019233463,-0.0030574478730889176,-0.00259233024336325
2025-11-21,0.0014682063166216973,0.0013253099978834254,-0.00521054595593573,-0.006535855953819156,0.0007679217550055258,-0.005945976480093725,-0.004532961364820113,5.59443744763873e-05
2025-11-24,-0.0007291722606356209,-0.00020283169092664283,0.0019955732559736317,0.0021984049469002745,-0.0009322732967941098,0.0015736947927394256,0.0007622253546804648,-0.0005693214244031353
2025-11-25,-0.0023936674691089257,0.002084030626687411,0.0032406132206994342,0.0011565825940120233,0.0037347024383332186,0.0017518441180082538,0.00090003873229662,0.0027611084200591662
2025-11-26,-0.003149294053964599,0.0022879681300074298,0.0022588011756371484,-2.916695437028133e-05,0.0011471333061444655,0.0059006377569351676,0.005346779412068585,-0.0003546199941468024
2025-11-27,-0.00031595933242388463,0.00020926495209493828,-0.0005693080370338666,-0.0007785729891288048,9.305386694931823e-05,-0.0015587951401554816,-0.0005730213361194328,0.0007380114122682949
2025-11-28,-0.0007585268003292298,0.0011692902733656356,0.0007074748177855472,-0.0004618154555800884,0.0007996829701673683,0.0011527914270661836,0.0018280048251465802,-0.0004495511996300087
2025-12-01,0.0006874192029313938,0.0005653324402177459,0.0001299156992261019,-0.000435416740991644,0.0016259560522281502,-0.002971256269563701,-0.0032341539073491416,0.0004151663947035515
2025-12-02,-0.0009542605416186954,0.0007132779491296586,0.0011169006536089487,0.0004036227044792902,0.00018868570289788203,0.001138176817189307,0.0007230530359322862,-0.00034484680661221273
2025-12-03,-0.0035655990711796507,0.004413553831556446,0.0014175913637047288,-0.002995962467851717,0.0040227423328695056,0.003321035999206449,0.004044570598700971,0.001237786688702558
2025-12-04,0.001927334789367267,-0.0027139161138796317,-0.0007084468961383039,0.0020054692177413277,-0.002085117948638804,-0.0020857030640199317,-0.002758847176297049,-0.0012859546105922586
2025-12-05,8.394698888778643e-05,0.0007311921503683448,-0.001825426037496164,-0.0025566181878645088,-0.0009943580401903334,-0.0034211336125940703,-0.001851293642715825,0.0006620062470397148
2025-12-08,0.0011158325840646792,0.00012726373318110162,-0.003293860657901687,-0.0034211243910827888,-0.0022955907715010437,-0.0027117385822804283,-0.001654342201674803,-0.00011998549006405253
2025-12-09,-6.746798716866266e-06,-0.0002537067644345324,0.0011261038637881415,0.001379810628222674,-0.0021232629004920567,-6.27199431604275e-05,-0.0002589515273856424,-0.0002663431368001105
2025-12-10,-0.003248908169233588,0.004950186452475292,0.0021249520636897334,-0.0028252343887855587,0.0064089168304447275,0.0008936888672679277,0.0015795106018656985,0.001838435520174227
2025-12-11,-0.0023419244469326,0.002560684567313957,0.0029800306576493463,0.00041934609033538947,0.004055295640721222,0.005193141136426549,0.004429687942673709,-0.0006009205002316017
2025-12-12,0.0009604813518737957,-0.0014966294124379755,-0.0012200492679987074,0.00027658014443926807,-0.0006767041293858356,-0.0002777117785143594,-0.0011306165786471273,-0.002219125255185306
2025-12-15,-0.0002681224292538755,0.0015394422243837323,0.0009639496354371113,-0.000575492588946621,0.0015925850916000128,5.072000817022785e-05,-0.000653764261967433,0.0017855555669346785
2025-12-16,0.0008759729516011408,-0.0009947182795006296,-0.002331199903067349,-0.0013364816235667196,0.0012851034534833161,-0.0030380175565640397,-0.0030007183981329765,-0.0009211762322166953
2025-12-17,0.0018049290990483635,-0.0021108528652372394,-0.00119672081683167,0.0009141320484055693,-0.00245241296024871,-0.0019516008287922733,-0.002340596816173562,-0.001165906750834278
2025-12-18,-0.0011099014952138976,0.0021325030458229643,0.0005670713720619391,-0.0015654316737610252,0.0003398336277065835,0.0001880630874286915,0.0008481742838680909,0.0010044875445159491
2025-12-19,0.00011302108185800783,-0.0018233266890320884,-0.0002750318069575375,0.001548294882074551,-0.005519384443696633,0.0008002083369124483,0.001340117879984797,-0.0011623197517884876
2025-12-22,-0.001981097239540766,0.003452091958100447,-0.00037592111860704214,-0.0038280130767074892,0.004211664484463242,0.0001111649143388238,0.0008705084851923625,0.0017643939024582316
2025-12-23,-0.0031991694961862223,0.003987132810387151,0.0022074724385433564,-0.0017796603718437942,0.004669548823428016,0.004330249765986949,0.0053442042339888795,0.0012830573394655431
2025-12-24,-0.0011674325767156218,0.0002863255188720916,-0.00024860072788696064,-0.0005349262467590522,-0.00017149956708382522,0.000478768298192415,0.0005951012348116727,0.0035546051554677938
2025-12-25,-0.0003662886487145675,0.0004490192291365172,0.00021644138375900845,-0.00023257784537750875,0.000732855183441942,0.0006722333518285328,0.00044284068145608195,0.0003800924580642147
2025-12-26,-4.214223268983377e-05,-0.0009047557123748502,9.463539219728423e-05,0.0009993911045721345,-0.0026269293539937975,0.0008309375161807964,0.0009338021716246108,4.9062038178337986e-05
2025-12-29,0.001991732813195783,-0.0016305098930297912,-0.0018694278082637683,-0.0002389179152339771,0.0012669633829922033,-0.004433239728904119,-0.004025323004661344,-0.0020408122849233656
2025-12-30,-0.0007433753149654939,7.451285641546512e-05,0.0026419710049429557,0.0025674581485274905,-0.0025588532994343014,0.002554268723794791,0.001062760473291632,0.0008706207932675328
2025-12-31,0.0005319331682492627,-0.0014120985392396083,0.0011484026257881919,0.0025605011650278,-0.0010347383872900406,0.0009965803635159087,-0.0007969760307517155,-0.0015460328094369924
2026-01-01,-0.00019863408144572044,-6.184386926033972e-05,0.0008063192434083488,0.0008681631126686885,-8.409544877960307e-05,0.0008102079538919357,0.0002175037024641819,-0.0002805748139863932
2026-01-02,4.979767892840381e-05,-0.0006320805551249878,0.0010542068286254203,0.001686287383750408,-0.0008546644367735482,0.0016396669087194171,0.0023719110946049,-0.0006854397744343229
2026-01-05,-0.00145121517603658,0.0027300140985122984,0.00036866573822713633,-0.002361348360285162,0.0012737704680184185,0.0035567450088016908,0.0021739823263039154,0.00016344887461109772
2026-01-06,0.00017299332472230436,-0.0011274240868425975,-0.00024224894189245338,0.0008851751449501441,-0.0031626024249145714,0.0005348082792679953,-0.00036045672933785307,8.993448490649907e-05
2026-01-07,0.0016536826642972848,-0.0015138680709413758,-0.0011240713875557973,0.0003897966833855786,-0.0016733655874038855,-0.002965054865548026,-0.001526489602344004,-0.0005249676779084389
2026-01-08,0.00089720551421616,-0.002002059167496118,-0.0012273403606379019,0.0007747188068582163,-0.0010340544555166493,0.0010854233386478802,0.0016947015873455343,-0.0017848312851369563
2026-01-09,0.0007987129599079041,-0.00026871434158519045,-0.0006747924797636806,-0.00040607813817849017,-0.003754247335193278,0.0006273616296329498,-0.00042520644263534447,-0.0020010297494602223
2026-01-12,-0.0018695974216172322,0.002491919858674963,0.0009090709456291979,-0.0015828489130457653,0.0019005387956998372,0.0008081718250045148,0.000999951303325562,-0.00043069812261187224
2026-01-13,0.0014282672771908844,-0.004376712938304519,-0.00018712185998093211,0.004189591078323587,-0.00423390770625412,0.003461671736391151,0.002977993826621236,-0.004151066589656249
2026-01-14,-0.0010076341808902892,0.0017430610055871876,-0.0001367397393272074,-0.001879800744914395,0.0018621654795792548,-0.001623663938104536,-0.0005602714871118282,0.002899415315875231
2026-01-15,0.0010589260094860647,-0.0014072011534855197,0.0010074035373398849,0.0024146046908254046,-0.002799999933735383,0.0013570549513607366,-3.2311628007779856e-05,-0.0014716213356390877
2026-01-16,0.0005110415047360284,0.0002525199006028593,-0.0013353525382778786,-0.001587872438880738,0.0010021849439623605,-0.0006383903089597354,0.0002115242187897905,-0.0010920283822146715
2026-01-19,-0.0019289975958780674,0.002414717068884263,0.0006919970041959211,-0.001722720064688342,0.0036703267251619134,0.0018250251926151446,0.0027018733964897118,0.001080084959989606
2026-01-20,-0.0017380196082703815,0.0030252517256211774,0.0008129097531233698,-0.0022123419724978076,0.005294647910079377,-0.0019632534125446264,0.0001758384940062482,-0.0009696024905615867
2026-01-21,-0.0014201419458191354,-0.0008835372623292766,0.0026076878987422447,0.0034912251610715213,-0.0038276618260363973,0.005170281358633695,0.003439231744823801,0.0003497050363641119
2026-01-22,-0.005035370668141411,0.0045443391768845015,0.004943345233293095,0.00039900605640859343,0.004550840862555805,0.006146200109436191,0.005607335050469437,0.0006880223359059615
2026-01-23,-0.004362184284431051,0.007358261328063661,0.0020246821372980617,-0.005333579190765599,0.011465146973979443,-0.0004060215632990527,0.0014272917785870334,0.006150589115489972
2026-01-26,-0.0018818017935830532,0.00260211985271001,0.002506731398752321,-9.538845395768922e-05,0.0061913616676215755,-0.0009510251062675446,-0.0016309442017970307,0.0003173904996118064
2026-01-27,-0.009881595875185303,0.012449981345103476,0.009850118758690823,-0.0025998625864126525,0.015676054466377803,0.010481099963415766,0.011695182597731566,0.006935848821085037
2026-01-28,0.0027846569509868014,-0.005646798468400112,-0.0024589215681497245,0.0031878769002503873,-0.008219819970718837,-0.001986488911366028,-0.0029367623376284307,-0.0040443630999447144
2026-01-29,-0.0012417249146579054,0.0008217972373728115,0.00036102135827117965,-0.00046077587910163184,0.002884846644303024,0.001854521423081364,0.0031911781806460465,-0.0004552526928312724
2026-01-30,0.008883554221537315,-0.009911015389813323,-0.009835649892539627,7.536549727369529e-05,-0.010847795045093006,-0.01156833421974679,-0.008599948941472748,-0.007159367849137436
2026-02-02,0.0007065077496040536,-0.002380156126676098,-0.00010178148593859015,0.002278374640737508,-0.006205036852825779,0.004044686290978983,0.001060955708303002,-0.00027616038510521374
2026-02-03,-0.0028634066551911945,0.0018902789185461684,0.004665617309392134,0.0027753383908459654,0.0023775425009310383,0.0019756855280370265,0.0019941186508311798,0.0013135375782721652
2026-02-04,0.0023236850180903615,-0.003864357680422155,-0.0013940770638984912,0.0024702806165236638,-0.003671689049094586,-0.0018275413333998698,-0.001387172098884488,-0.0029511861198304365
2026-02-05,0.004629656984998253,-0.0034790370854904003,-0.005299497280284282,-0.0018204601947938819,-0.0016161627431179049,-0.007881891246203199,-0.006714634354794683,-0.002011938036509638
2026-02-06,-0.004850877670786096,0.0038347912973839306,0.0061879682920626955,0.002353176994678765,0.001874313876263865,0.00648564746221636,0.005790480643035929,0.0019853714633124575
2026-02-09,-0.0059178200023032234,0.008478966569431225,0.0052564242720315735,-0.003222542297399652,0.009699927847507487,0.004347975303009048,0.00485189506399651,0.004017123536629456
2026-02-10,0.00019777751487981034,0.0014218897691421067,-0.0014528911402299227,-0.0028747809093720295,0.0018514568524690689,-0.00037527345199865153,0.0011384801848034237,0.0016698745465704157
2026-02-11,-0.001088814861222532,0.0017650603391462065,2.6889311300126728e-05,-0.0017381710278460798,0.0001951333870319575,0.0013688774648274633,0.0008378382706073177,0.0038678191863038927
2026-02-12,0.0008252365744633988,-4.7223546968885866e-06,-0.00158377090469064,-0.0015790485499937515,0.002135445213098682,-0.0029057389871285735,-0.0025454167430197555,0.0012098890467767316
2026-02-13,0.00010322681299385246,-0.00030726968888051404,0.00013358989953010658,0.0004408595884106206,0.0007685039882051788,0.000590859774147597,0.001110588115878386,-0.0002658286742480698
2026-02-16,0.0008522140024720655,-0.0014724438990534779,-0.00079448482175698,0.0006779590772964979,-0.0031009683903148455,-0.000926910346495983,-0.0007060197256343484,-0.0018712139174204
2026-02-17,0.00029412117549906976,-0.0011566078826617185,-2.4306778391880446e-05,0.001132301104269838,0.00042819391983051996,0.000632376808097801,0.0007315212891892409,-0.000435633485087239
2026-02-18,0.003923677354310144,-0.005843975514678662,-0.003666805120456973,0.002177170394221689,-0.0067201724525155675,-0.0036310837031163037,-0.003165861136758446,-0.002852131866708666
2026-02-19,0.0010208123126868897,-0.0011250610124071206,-0.0010823041824612467,4.2756829945873875e-05,-0.0014776873626492677,-0.0008640478704429929,-0.0002553213643242839,-0.0009580221990560153
2026-02-20,-0.0013321459732509693,0.0016076225460249643,0.002485476255167235,0.0008778537091422706,-0.0002572139508372484,0.002508224654035144,0.0017884344209363784,0.0015611505774590917
2026-02-23,-0.00010376371527081804,0.0010334702244618257,-5.7143216419586196e-05,-0.001090613440881412,0.001522433180099712,0.0004038427587988262,-0.0011588568344469894,0.0008610755276993546
2026-02-24,-0.0004243488119927575,-0.0006662246573917383,0.0015062193469022322,0.0021724440042939705,-0.0026855747331155553,0.0011162441822547553,0.0007490541552336463,-0.0010885991895529894
2026-02-25,-0.0032391967942872954,0.0024096818729376704,0.0038928464990954093,0.0014831646261577389,0.0006633884196713957,0.0033624481549765495,0.0021270180800267912,0.0017439077297624432
2026-02-26,0.0023751295868169415,-0.002122974702646937,-0.002026780375298909,9.619432734802799e-05,-0.0005660496279216812,-0.004775931586596245,-0.003581394870834087,-0.0007340011479834985
2026-02-27,-3.694234843262031e-05,0.0004163890269028546,-0.00018402447398438437,-0.000600413500887239,0.002905281599180465,0.0003964241576888868,0.0014619781108192492,-0.001444150981809204
2026-03-02,0.006288796044156019,-0.006534506905154936,-0.008383931771184377,-0.0018494248660294414,-0.010825093918136333,-0.004741596640502592,-0.0032672715340644675,-0.006723237507471873
2026-03-03,0.009245043106114539,-0.005265413308068432,-0.014822263045715073,-0.009556849737646641,-0.0040101948222460255,-0.013509621394756977,-0.009346700231703111,-0.0064877288668909
2026-03-04,-0.004334319928132898,0.00395947504665245,0.0050828842630505355,0.0011234092163980858,0.0030952948263648175,0.0061166610565158335,0.004724555465595026,0.003352047623180976
2026-03-05,0.00509222377432715,-0.004763263554282204,-0.0056998950073019194,-0.0009366314530197158,-0.0025770495021774733,-0.0068769439131783905,-0.004179392182744371,-0.004547786619139534
2026-03-06,-0.0005888096906629193,0.0017192345773763378,-0.0010938408946203348,-0.0028130754719966726,0.0019947035011410133,0.00023190179318618073,0.0023866936739213346,-0.0004948595496142202
2026-03-09,-0.0032716922461040535,0.0017530953290928047,0.007445462774939016,0.005692367445846211,0.00014699986437736548,0.008358680901125756,0.004626344007117081,0.002676751415655524
2026-03-10,-0.0014737428919680802,-0.0007566847138263978,0.0001035584138559531,0.0008602431276823509,-0.0020155256198404006,0.002748095934955952,0.001306992868931148,-0.0006153863446440866
2026-03-11,0.002443454324441323,-0.004903742023379131,-0.003164812730567207,0.0017389292928119242,-0.004013513714010532,-0.0031344533468794142,-0.0011394424908406444,-0.003705852404694454
2026-03-12,0.006710237693375858,-0.0064758399841136766,-0.009679019415134077,-0.0032031794310204004,-0.004771086796366296,-0.006725117043780722,-0.004308920923621237,-0.004843205758228386
2026-03-13,0.005909441443515439,-0.006032416995865299,-0.006918894688349747,-0.0008864776924844484,-0.005827736841482957,-0.006394908571488019,-0.005203646840992512,-0.004210560666369305
2026-03-16,-0.006860041896709701,0.0063716012035784884,0.009522088363998982,0.0031504871604204933,0.005469943428916084,0.008010911617963226,0.006307956607708213,0.004004680422544353
2026-03-17,-0.002352497376631486,0.003275150563103523,0.002489622806414016,-0.0007855277566895073,0.002410095713383733,0.0014485332867976153,0.002447221323489227,0.0004240535447405473
2026-03-18,0.007479516975217691,-0.009015975777412453,-0.010716794007860964,-0.0017008182304485107,-0.00792589306452395,-0.007534553459262905,-0.004417243507835273,-0.007772263697029436
2026-03-19,-0.0067669743505049075,0.008842009516877875,0.008019395274643432,-0.0008226142422344436,0.010605946223042182,0.005282156405996534,0.004566672792763959,0.0069332559294179585
2026-03-20,0.005476421546790038,-0.0057109432112578025,-0.007812051799473668,-0.0021011085882158657,-0.003599118458232344,-0.007822145939052358,-0.005483341230846143,-0.007669586672088613
2026-03-23,-0.004402287644683649,0.005529919865893396,0.008215257842860868,0.0026853379769674716,0.003543146169653788,0.005302234374527111,1.4448375496110635e-05,0.006831003168049632
2026-03-24,0.002124158268772343,-0.0021581198491441057,-0.0035907443382546256,-0.0014326244891105198,-0.0014771990800267847,-0.001421418071290444,0.0008697419882696122,-0.004257395890986319
2026-03-25,0.0015715868805633495,-0.002816591995710105,0.0006758447115382538,0.0034924367072483586,-0.004510808858667753,0.0010475180108728832,-0.0002098465278648685,-0.0019444076909515366
2026-03-26,0.00404797803041701,-0.004481102871927531,-0.00422185988176077,0.0002592429901667609,-0.003228488363259082,-0.002737694517137753,-0.0018075929561683992,-0.002920271799094376
2026-03-27,0.002181969527313682,-0.002551180839886296,-0.003629078187728424,-0.001077897347842128,-0.002931368515267476,-0.0020489820941985335,-0.0021240134547911055,-0.0018769401265953019
2026-03-30,0.002273476578258101,-0.0020154874913246995,-0.0012562885031481563,0.0007591989881765432,-0.00029800283383640824,-0.0011844429610389968,-0.00044957555241529967,0.0006529442663404753
2026-03-31,-0.005192676550116297,0.005809560586826166,0.009151915368528385,0.003342354781702219,0.004679771942954204,0.006157667936963818,0.004129510146439657,0.005474259858213075
2026-04-01,-0.0032639187954596497,0.002320248916623805,0.003886245438632141,0.001565996522008336,0.0029422302927846014,0.003699860426969052,0.0022416649008161127,-0.0010684001427108865
2026-04-02,0.002256377732328966,-0.002172938043368721,-0.0016890586344309177,0.0004838794089378033,-0.0049993398573197805,-0.0015693226012665946,-0.0015293336236585433,0.00038907171903475774
2026-04-03,0.0014663898056605958,-0.0020062881223331733,-0.0016410231721749324,0.00036526495015824084,-0.00147581362568668,-0.0018205958616813362,-0.0010305226831745426,-0.0004958487263690969
2026-04-06,-0.00210737627935423,0.0012260591470576523,0.0033436430431609543,0.002117583896103302,0.0016041502786864152,0.0021289373855964966,0.0021517523605031263,0.00026310431782198645
2026-04-07,-0.00250313094211934,0.002145527758619016,0.00145805931584575,-0.0006874684427732661,0.001813015362317159,0.00011628628365175271,0.001665725109366023,0.002385705284195424
2026-04-08,-0.009088706222918831,0.009198758232777066,0.010844670499218306,0.00164591226644124,0.006843787823811444,0.01064650074005861,0.0061854915215278795,0.006945422756928628
2026-04-09,-0.002489843598548644,0.0026950692669526523,0.0023909094586367086,-0.0003041598083159437,0.0008375221231162652,0.001621317996995053,0.0032790156402559716,0.00042485685617192165
2026-04-10,-3.8471596464304154e-05,0.0005650862624757939,0.0012697922186611088,0.0007047059561853149,0.00030018315142875857,0.001956857397032293,0.0016859543196208829,-0.0029417960579935323
2026-04-13,-0.003559641268168226,0.0024934883713875547,0.0046462206887078195,0.0021527323173202648,0.0030189801232846925,0.002191576680731074,0.0038945492179669077,0.0004356898318106002
2026-04-14,-0.0025863563103756806,0.003297726082937432,0.0019195993488991259,-0.0013781267340383062,0.003686616514417873,0.001543823111235983,0.0011816451775419426,0.00229237147718786
2026-04-15,0.00036832354495958553,0.00015088789385432969,-0.0005710350204242154,-0.0007219229142785451,-0.000747609483401912,-0.0020792683304596826,3.548970716503254e-06,-0.0015567029803147392
2026-04-16,0.0006605952718459103,-0.0006440146671241875,-0.0011314754925404458,-0.00048746082541625824,-0.0016305763389055743,-0.000433754127510159,0.0008434516442609254,-0.00011856329465387283
2026-04-17,-0.0018221789955980639,0.0029239389591539135,0.00208172482127314,-0.0008422141378807736,0.0013892914966357566,0.000552158980854108,0.00025245962080933896,0.0034558552458800276
2026-04-20,-0.0005382996711431869,0.00019493887574609237,-0.0003236779064711981,-0.0005186167822172905,0.0018037670646190718,0.0014972472727318165,0.003057432410413095,-0.0018996462715315705
2026-04-21,0.0030294278481742725,-0.004257319215907534,-0.0031622102881405934,0.0010951089277669405,-0.003605268972568428,-0.00130121788620996,-0.0007676723308942931,-0.0038961307109850463
2026-04-22,0.0007740502319601734,-0.0017604757156691256,-0.0020221668676680404,-0.00026169115199891485,-0.0029394111725129513,0.00038157224385830063,0.0009466299695885924,-0.0003892869452772156
2026-04-23,0.0036840558405007275,-0.0026150278276330756,-0.006080541910632342,-0.0034655140829992666,-0.0016869034506131104,-0.005747236540085947,-0.0033551545924066506,-0.0029661139482787626
2026-04-24,-0.0025567723146866436,0.0032338303222067682,0.003954681840789481,0.000720851518582713,0.002464370292188267,0.0037236682777603836,0.0024028989460023503,0.0017619676710524483
2026-04-27,-2.5678140692974097e-06,0.00025729607761761433,2.0552528145062476e-05,-0.00023674354947255186,-0.00038775738960553086,-0.003619898135646671,-0.0020971059174656075,0.00025662651428826067
2026-04-28,0.0006865376493591516,-0.0017308800688626592,-0.0004738972964535848,0.0012569827724090744,-0.0023254064359573465,0.0011525890015394353,0.0001583268349614118,-0.0018799148676447164
2026-04-29,0.0050861908895154335,-0.004812943188469986,-0.006695034197548411,-0.0018820910090784244,-0.0034302306610612585,-0.006855219131968108,-0.0028827782822713316,-0.005225293573152268
2026-04-30,-0.005691426263765409,0.010034121308637772,0.004059042517766537,-0.005975078790871235,0.013758384809649757,0.001393940991848271,0.0023896073918775146,0.006916202830703784
2026-05-01,3.254802791662244e-05,-0.0002151764301560402,0.0007610446332340648,0.000976221063390105,-0.0015213804698312183,0.0004701390641053497,-0.00031053874062380346,-0.00013229321948167913
2026-05-04,0.0036064214451301735,-0.004208570070355442,-0.00410377625729072,0.00010479381306472205,-0.002069817135642693,-0.005983725479928796,-0.0032303848560254317,-0.0029172295531551353
2026-05-05,-0.002443741480555953,0.002113632751515302,0.00426025430337576,0.002146621551860458,-0.0009637530664689994,0.004977052797106214,0.0038474335139118527,0.0013052699694728886
2026-05-06,-0.005819589377968109,0.007029819918452206,0.006316292955573677,-0.0007135269628785294,0.006464353915673608,0.003539952798617222,-0.00034196218013430945,0.008121023602095953
2026-05-07,0.0016474437440225434,-0.0025013810410116077,-0.0008074659090942238,0.001693915131917384,-0.0023973042708620254,-0.0027673816638001205,-0.0019063782173523527,-0.0022139106553413037
2026-05-08,-0.00316352522589402,0.004002628861811738,0.0041391540348334754,0.00013652517302173775,0.003938293562653812,0.002518632352962754,0.003046674019087877,0.000247402116226129
2026-05-11,0.0015471781715982518,-0.0014780301291348434,-0.0024721453262667725,-0.0009941151971319291,-0.0018009097646735546,-0.0019088398620426366,-0.0006417033010405351,-0.0042394996156568015
2026-05-12,0.0030088150363271286,-0.004022797362275399,-0.00394076046894945,8.203689332594855e-05,-0.00342602467107872,-0.002004291777501869,-0.0004969155463485642,-0.0044660542612988685
2026-05-13,0.0005340731860782894,-0.0006529206956725625,-0.0023283450408214945,-0.001675424345148932,-0.0018116937557068058,-0.003029939969825072,-0.003644171089919252,3.3383379887415764e-05
2026-05-14,0.002178089718780119,-0.0021511454410942134,-0.0009357049335297907,0.0012154405075644227,-0.0030001170254470113,-8.178108829696533e-05,-0.00045721366659079443,-0.0016602437482344061
2026-05-15,0.0054780681810315856,-0.004757477110210278,-0.007212489232640534,-0.0024550121224302564,-0.003486044851706375,-0.006723340544341834,-0.005162377808133144,-0.0029783335025087934
2026-05-18,-0.002610925356348992,0.003128258097319446,0.0022972435830986293,-0.0008310145142208167,0.0018255808538658418,0.0016310760519746559,0.00272082945094971,0.0006251858166247034
2026-05-19,0.004062271569639282,-0.00415964971357349,-0.005745635505078256,-0.001585985791504766,-0.003924709394360256,-0.00471055300524618,-0.0027243289308093483,-0.003984585904509415
2026-05-20,-0.004254464725645111,0.003817030104968498,0.005125147708985256,0.0013081176040167578,0.0019792722126358298,0.009188882218326885,0.005361702548692718,0.0019250093663691903
2026-05-21,-0.0003323128412369876,-0.00038552708866133184,0.0009314551706903762,0.001316982259351708,-0.00039826819455577683,0.0012539312571013816,0.0011730644455555858,0.0002685873991238689
2026-05-22,0.0014848700200262178,-0.0001894513010897783,-0.001465328418551154,-0.0012758771174613756,-0.00017414119710483048,-0.002569611114315381,-0.0021272519078279367,-0.0014716538174538811
2026-05-25,-0.004127319457300093,0.004204923808542621,0.004600222767312034,0.00039529895876941334,0.0027755927719395335,0.005033739554186956,0.0037044231156977176,0.003339548820028515
2026-05-26,0.0016148225750975704,-0.0007126938258847151,-0.002984450984961695,-0.00227175715907698,-0.0023907060926433112,-0.004444654513315734,-0.002619448730650231,-0.0024747743529425215
2026-05-27,-0.0006095130720625754,0.001002481024860953,-0.0005332460433097874,-0.0015357270681707405,-0.0012637484093548368,0.0005774082988339035,-4.6923415565003346e-05,0.0007092108312736212
2026-05-28,-0.001808814958167696,0.0017551580248375033,0.002719112144965813,0.0009639541201283096,0.002620902055058272,0.002128638089655688,0.0015347762953544547,0.0008200291924736666
2026-05-29,-0.0006035211210618585,0.001290414492654119,0.00028768941084586497,-0.001002725081808254,0.0013837704853836008,-0.0025230323696100454,-0.0016299870731468055,0.0006984572348990673
2026-06-01,0.001122343191180885,-0.0029222424640749506,-0.0019138378922104737,0.0010084045718644769,-0.00402280859882595,0.004675695506950683,0.004073059130734112,-0.0014079966776708492
2026-06-02,0.0001596413478799387,-0.0023301910517534996,0.0016483417567099423,0.003978532808463442,-0.0006912796961618765,0.0016076608826385286,0.0002566016435557158,-0.001924896023076143
2026-06-03,0.0045127068229996615,-0.0044313137230689095,-0.005366103922564314,-0.0009347901994954042,-0.0033603879459728203,-0.004949481828004291,-0.003399101798009864,-0.0035490690210024933
2026-06-04,-0.0003675394724131512,0.00013006565923342692,0.0010969860627758898,0.0009669204035424629,0.0014933176758557358,0.0004735276726586986,0.00024317830854051322,0.0005452210112019499
2026-06-05,0.007747719303857977,-0.007283894809783975,-0.007429133762889173,-0.00014523895310519785,-0.005988805453151928,-0.009280587484355415,-0.007713479379685814,-0.0034449314237735193
2026-06-08,0.0003354474314242921,0.0011163736696517997,-0.002272766790637981,-0.003389140460289781,0.00010654289978261529,-0.0017637519234285914,-0.0009620394903261149,0.002093375838307191
2026-06-09,-0.0015858293669046017,-0.001336745431269517,0.002120908537152799,0.003457653968422316,-0.00035453615480808093,0.0027993786674388823,0.0009725684468677007,0.0002702468839265541
2026-06-10,0.0009496210818330372,-0.002937103174900712,-0.000488877563102813,0.002448225611797899,-0.0013037472805458212,0.0012098813957198695,0.0014699940570520756,-0.000746836176757748
2026-06-11,-0.005227619408761713,0.00633929930944413,0.007074260124792814,0.0007349608153486842,0.004655720511694023,0.010543598335343796,0.006141699655293027,0.0017050244267110177
2026-06-12,-0.00045350329889190955,-0.0004517850295227173,0.0025968562831830966,0.003048641312705814,-0.001900941671181729,0.0014476860728495078,0.00032138638780471976,0.0004115889668772077
2026-06-15,-0.0020494000824873527,0.00285895910880583,0.003024076593183128,0.00016511748437729803,0.0015144972556288734,0.0023203279632778573,-0.0003260872126553444,0.002252890079847599
2026-06-16,-0.0005793748335702655,0.00042268921952554744,0.0015326228825731092,0.0011099336630475617,-0.0001420044218639338,0.0005517655359291718,0.00031185337961795297,0.0014832884848112737
