start,start_date,end_date,beta,se_cl,t_cl,se_hac5,t_hac5,se_hc3,t_hc3,quiet,covid,shock_sd,usd_sd
0,2019-01-03,2019-01-31,0.029276980707743684,0.09455150968382384,0.3096405420246027,0.043450617939504284,0.6737989491543166,0.0736166086087915,0.39769531986084106,True,False,0.7157410330120507,0.245587993804021
1,2019-01-04,2019-02-01,0.07434170686609155,0.10293390187101781,0.7222276190330962,0.033067103791407086,2.2482073826317444,0.04890838226991413,1.5200197474497672,True,False,0.6572182035952596,0.24908170150025682
2,2019-01-07,2019-02-04,0.040848997062404024,0.13028398995637858,0.31353811835269246,0.06550249456882468,0.6236250593400413,0.07541441735777013,0.5416603150113081,True,False,0.5188714415476146,0.23873763186783412
3,2019-01-08,2019-02-05,0.05185251536092462,0.1305012745605628,0.397333401804141,0.06150295242786322,0.8430898568933323,0.07265749056802673,0.7136568433006488,True,False,0.518038467611723,0.23047709230115543
4,2019-01-09,2019-02-06,0.06576109981429788,0.1317868630917984,0.4989958655324458,0.06210802023769645,1.0588181616902383,0.0767245007988052,0.8571069101738874,True,False,0.5129570187155555,0.23123690196794283
5,2019-01-10,2019-02-07,0.0643511514988993,0.1279733781843138,0.5028479548786896,0.06647435751602003,0.9680597737765417,0.08312270540833995,0.7741705612536856,True,False,0.5282908569421213,0.2053466166301145
6,2019-01-11,2019-02-08,0.05932469328153625,0.12761743196892336,0.46486355638297633,0.06700430012463464,0.8853863583559032,0.0831281009092875,0.7136538984124463,True,False,0.5297659996237827,0.2044599308028054
7,2019-01-14,2019-02-11,0.07778694973623347,0.13096122159613885,0.5939693352595214,0.07471725703813438,1.0410841192488152,0.1047631941585942,0.7425026543050688,True,False,0.5161391679204852,0.22601243198270377
8,2019-01-15,2019-02-12,0.09853223318978559,0.1335790416675014,0.7376324306551573,0.07264781813045464,1.3562999650292313,0.11539098956101665,0.8538988491617323,True,False,0.505991474218581,0.2354514249055653
9,2019-01-16,2019-02-13,0.11082361712734481,0.13344143487215135,0.8305037879240702,0.07074234087309786,1.566581141641147,0.11870770069677376,0.9335840596427016,True,False,0.5065045749257849,0.23214282845286385
10,2019-01-17,2019-02-14,0.12798000371338777,0.13291708777898326,0.9628559115453617,0.06694906941658305,1.9116024289605373,0.13441117732863334,0.9521529850190849,True,False,0.5084462758934362,0.22857379388883942
11,2019-01-18,2019-02-15,0.15159845050504603,0.13095406529261053,1.1576460048514463,0.05521624352962177,2.7455408194097495,0.1344382865312652,1.1276434296846682,True,False,0.5160692739554333,0.22556039133871933
12,2019-01-21,2019-02-18,0.15239347513640658,0.1309351967237847,1.1638847227448654,0.05316485237754209,2.8664327713017532,0.13035709801761008,1.169046238784938,True,False,0.516151360290585,0.22433971107393708
13,2019-01-22,2019-02-19,0.14885904452594423,0.130961793485015,1.1366600942509013,0.049698140195026226,2.9952638859681513,0.11928081292910338,1.2479714119187064,True,False,0.5160667697903913,0.2396604538756939
14,2019-01-23,2019-02-20,0.2318098975941173,0.17564501928893453,1.3197635693431877,0.07398867394951295,3.133045711189466,0.14799293896744453,1.5663578222817158,True,False,0.38447235012838327,0.23646013548056793
15,2019-01-24,2019-02-21,0.21217142827791724,0.17908266095654438,1.1847681240865753,0.07730144715806896,2.744727764851038,0.15252638868577312,1.3910473466661675,True,False,0.3771123077453765,0.23430839505842965
16,2019-01-25,2019-02-22,0.23031148252508837,0.17655259878299287,1.30449216897777,0.07517642251610651,3.06361322894481,0.14724740391281657,1.564112347009208,True,False,0.3824949238861903,0.2382911825247796
17,2019-01-28,2019-02-25,0.08434099529100471,0.17185329294838575,0.49077322781551586,0.08099645383330853,1.0412924430565722,0.11675195906504895,0.722394690131184,True,False,0.3931209817776013,0.20959094213709234
18,2019-01-29,2019-02-26,0.1039733037828457,0.1895700584291252,0.548469017968459,0.108886616092392,0.9548768022566034,0.14410660354700103,0.7215027016366694,True,False,0.35631879886632367,0.2101046807634135
19,2019-01-30,2019-02-27,0.10972482118200501,0.19071628767197274,0.5753301016991741,0.11683135540965406,0.9391727143562539,0.14876463699175818,0.7375732795159105,True,False,0.35417121623741443,0.21013862080287635
20,2019-01-31,2019-02-28,0.16164044992483462,0.2070558990726834,0.7806609261013787,0.13885530319360279,1.1640927368792175,0.17607184952620059,0.9180368716509762,True,False,0.3261621045581553,0.21227748895496204
21,2019-02-01,2019-03-01,-0.011374996210445812,0.20434017622994433,-0.05566695899119471,0.13906773817262558,-0.08179464453736901,0.1495026651967085,-0.07608557476536712,True,False,0.33051762803448265,0.19268361458896832
22,2019-02-04,2019-03-04,0.012156489760878606,0.19174343274461328,0.06339977117792642,0.11443007791390028,0.10623509117965836,0.13217532323913384,0.0919724609932285,True,False,0.35226949911893046,0.19133064919670612
23,2019-02-05,2019-03-05,0.01959595669738041,0.1926066081822883,0.10174083268645823,0.11489242229577332,0.17055917445045732,0.1347508448832194,0.14542362769126288,True,False,0.35069007541687613,0.19116787799254112
24,2019-02-06,2019-03-06,0.03389946269304259,0.18383766329781887,0.1843988989248907,0.10292793343934938,0.3293514360998801,0.12490848692110966,0.271394390634585,True,False,0.36744436403952835,0.19115674862880275
25,2019-02-07,2019-03-07,0.08980196109063951,0.17905215549001344,0.501540798796182,0.10899499236735447,0.8239090543533674,0.1369047266432236,0.6559449282176004,True,False,0.3772374426860649,0.20997116600004503
26,2019-02-08,2019-03-08,0.09156329337204945,0.1838720268436713,0.49797293772095585,0.12037282328909749,0.7606641671280182,0.14556625461993009,0.6290145584298982,True,False,0.3673544389367284,0.21091312694916958
27,2019-02-11,2019-03-11,0.08743522944535381,0.16690254878988767,0.5238699473393025,0.09975198951971397,0.8765261712206152,0.11808644622337344,0.7404340823328742,True,False,0.40477575604526017,0.2118227852629627
28,2019-02-12,2019-03-12,0.08678117695224177,0.16624158469766798,0.5220184655365544,0.09683659915704737,0.8961609319995021,0.12017879780091764,0.7221005580035778,True,False,0.4064140335053422,0.20033317838637202
29,2019-02-13,2019-03-13,0.07790090573647987,0.16699480808410133,0.4664869922018635,0.0966395761411879,0.8060973448669588,0.11890031319977785,0.6551783055910858,True,False,0.40458331662143776,0.19558410381037775
30,2019-02-14,2019-03-14,0.07109810104665162,0.16739472354025298,0.42473322660946866,0.09604167771255842,0.7402838303120858,0.11931489074913361,0.595886235156846,True,False,0.4036180727037031,0.19138977688202138
31,2019-02-15,2019-03-15,0.06994276336287655,0.16893536117640587,0.4140208590778152,0.10023116053613401,0.6978145617466108,0.12396698897633439,0.5642047446697992,True,False,0.39992350491480994,0.1920141548403452
32,2019-02-18,2019-03-18,0.06448808353694034,0.17759978838442603,0.3631090111287283,0.10646295471878776,0.6057326110033275,0.13856498058361502,0.4653995783445872,True,False,0.38037902617762975,0.19273295052979086
33,2019-02-19,2019-03-19,0.04772950325922478,0.17560108799271842,0.27180642104679875,0.10337808943898186,0.4616984461431429,0.13627233874961353,0.3502508557288567,True,False,0.3847099046722494,0.19561492472390993
34,2019-02-20,2019-03-20,0.04451606089246034,0.17447661585191712,0.2551405566591358,0.10362499268795297,0.42958807270087845,0.13149843526755065,0.33852920608436615,True,False,0.3872103746122477,0.180218194515874
35,2019-02-21,2019-03-21,0.05153247623575392,0.17891399544738867,0.2880293188182001,0.1064542064536085,0.484081164591755,0.14001115921545668,0.3680597784098979,True,False,0.3775887903537008,0.18032342939665516
36,2019-02-22,2019-03-22,0.13924252113387828,0.1397223422625999,0.9965658954684582,0.0798034464747014,1.7448183917472755,0.12321906288601323,1.1300404164142033,True,False,0.48365549749289405,0.20694715446414283
37,2019-02-25,2019-03-25,0.13309043122258016,0.1436257079643218,0.9266476949630861,0.09426221095043566,1.4119171392294299,0.13582568307091103,0.9798620423877944,True,False,0.47049287160458075,0.2084147231405473
38,2019-02-26,2019-03-26,0.10389149825337486,0.13889982184920044,0.74795991002902,0.06648551141157319,1.5626186224280194,0.13983495985218145,0.7429579724783977,True,False,0.48657217638547207,0.21056668019502528
39,2019-02-27,2019-03-27,0.12499758912973294,0.1384675625808017,0.902721090773816,0.059868266665777485,2.0878772025846097,0.11963068056756454,1.0448623090390035,True,False,0.4880232882430315,0.22665349321595107
40,2019-02-28,2019-03-28,0.11369558790997121,0.13747187615103268,0.8270461645919506,0.06171272538335105,1.842336198955883,0.1174653856996661,0.9679071603328877,True,False,0.491565180606871,0.2265439874884755
41,2019-03-01,2019-03-29,0.1187077927896144,0.13595928403202606,0.8731128119331081,0.057311592673172936,2.0712701785581418,0.11693281127741623,1.0151794991739926,True,False,0.49706670200732656,0.22796307621728862
42,2019-03-04,2019-04-01,0.1706407534948623,0.1404120762922352,1.2152854512293736,0.051932089448784885,3.285844172766189,0.11226770565079083,1.51994513921609,True,False,0.48120757445429174,0.22457201096423324
43,2019-03-05,2019-04-02,0.17171194065021644,0.14489236201071612,1.1851000167801582,0.053911889432871854,3.1850477224327816,0.1170597126745141,1.466874783194313,True,False,0.46629576926534694,0.2251986727544658
44,2019-03-06,2019-04-03,0.15101369125336214,0.14427697599369105,1.0466929335971504,0.05593962539733862,2.6995835274318223,0.13893603915163172,1.0869295841127955,True,False,0.46833448010506484,0.23769406034730484
45,2019-03-07,2019-04-04,0.14469132327573977,0.14894796488982584,0.9714219551959999,0.056772196668141005,2.548629994388372,0.15348337865930592,0.9427165634457249,True,False,0.4536300164516939,0.24040009504694687
46,2019-03-08,2019-04-05,0.09522118565748991,0.15158834634056892,0.6281563718859983,0.058646811262552355,1.6236379030259627,0.22788283166197396,0.41785151151155875,True,False,0.4457645509514057,0.21704228616053248
47,2019-03-11,2019-04-08,0.07585440034345443,0.15104338244569512,0.5022027388106625,0.07402515131957704,1.0247111825003945,0.24518176843307632,0.309380264398245,True,False,0.447383849695565,0.22174541603590195
48,2019-03-12,2019-04-09,0.06653250545063169,0.15745330589533912,0.4225538807985178,0.09877314709618193,0.6735890007214673,0.27891286641119944,0.2385422598344504,True,False,0.42912573744588484,0.22297246506525076
49,2019-03-13,2019-04-10,0.049406293923241265,0.15435365341481375,0.32008503090280344,0.09538539701533895,0.5179649660135737,0.26857534572000413,0.1839569219981511,True,False,0.43778768993733874,0.21422130544668994
50,2019-03-14,2019-04-11,0.03642104553027449,0.15458781993848758,0.23560100365453682,0.09769039333338489,0.37282115761353884,0.2684766555884831,0.1356581467034516,True,False,0.4371413814749987,0.21535528523200834
51,2019-03-15,2019-04-12,0.05661245335990113,0.15040747625980064,0.3763938786002483,0.08781852535729252,0.6446527441627097,0.24305326679096675,0.232922001449952,True,False,0.4493012973284128,0.22108250973440569
52,2019-03-18,2019-04-15,0.05209329311843881,0.15128493600765036,0.3443389308490337,0.08525460206866159,0.6110320364463655,0.23423197906570087,0.222400431086427,True,False,0.44670023285520705,0.21983287963499393
53,2019-03-19,2019-04-16,0.05453400476426659,0.1515264216227079,0.3598976612808368,0.08309620300662383,0.6562755311445402,0.22615612220008924,0.24113432894829268,True,False,0.44598419879050755,0.2206549180473196
54,2019-03-20,2019-04-17,0.057949521099153224,0.151699649244556,0.382001681531461,0.08539833081585171,0.6785790839883322,0.2227177658633214,0.2601926293330187,True,False,0.44547088804132645,0.21916008038712934
55,2019-03-21,2019-04-18,0.05407013018186763,0.15158965789004322,0.3566874609683982,0.09009487695834276,0.6001465566889901,0.2238306486274588,0.24156714245090424,True,False,0.4457853484137158,0.22085913836408952
56,2019-03-22,2019-04-19,0.0538409052195066,0.151741451179645,0.354820023144269,0.08995485410263407,0.5985325167453084,0.22363272117087998,0.2407559365088002,True,False,0.44534044922168103,0.22096164331859916
57,2019-03-25,2019-04-22,-0.13906890258722251,0.21814089726859415,-0.6375187061598483,0.08977949714949049,-1.5490051404014993,0.15946600228315147,-0.8720912332165235,True,False,0.3095850595846088,0.19824521742437431
58,2019-03-26,2019-04-23,-0.1320209924509108,0.21811527704517616,-0.6052808140695553,0.09651616287776658,-1.3678640811499057,0.16214692994330446,-0.8142059334522871,True,False,0.30960338992730835,0.203180897999514
59,2019-03-27,2019-04-24,-0.009665987843266098,0.23824832549066674,-0.04057106308453261,0.1337248679761147,-0.07228265011256241,0.18331889832588394,-0.052727721645386395,True,False,0.283444538275674,0.20452274313333932
60,2019-03-28,2019-04-25,-0.0584624427401041,0.24307222162840908,-0.24051470113881288,0.12764158248032173,-0.45802035358749293,0.1781601991126231,-0.32814536036271125,True,False,0.27781514297296944,0.19487728039994948
61,2019-03-29,2019-04-26,0.0007915153884940957,0.2471528083467004,0.003202534471644667,0.15462420575199506,0.005118961708774262,0.178353913401305,0.004437891904917991,True,False,0.2732389888113592,0.2029805402847638
62,2019-04-01,2019-04-29,-0.018678616972957016,0.25225165060068994,-0.07404755104070636,0.15136089933629904,-0.12340450575320776,0.1843576990276377,-0.10131726025804237,True,False,0.2677089955604742,0.20136557791100237
63,2019-04-02,2019-04-30,-0.0388722234066838,0.2539818549214722,-0.1530511831985107,0.1537103953112426,-0.25289261229191984,0.1869702727299833,-0.2079059031101798,True,False,0.26588265273548245,0.20108361078589682
64,2019-04-03,2019-05-01,-0.15939827933821096,0.21057143847498297,-0.7569795813364705,0.11312220861191011,-1.4090803326255836,0.1797830425075255,-0.8866146501638982,True,False,0.32071230601643996,0.20844975300831295
65,2019-04-04,2019-05-02,-0.17828618452928624,0.20963308653479287,-0.8504677743209968,0.14593779176912258,-1.2216587791827058,0.20272528318331376,-0.8794472091972438,True,False,0.3221206002940296,0.2191811448108775
66,2019-04-05,2019-05-03,-0.06958976269264545,0.18608192319735659,-0.37397379335358255,0.09004324035254638,-0.7728482717878721,0.1940555763186755,-0.3586073846100978,True,False,0.3630211249556755,0.22388306871287028
67,2019-04-08,2019-05-06,-0.04474914139732476,0.1513656841452089,-0.2956359735697808,0.05836847903483405,-0.7666662235728067,0.12367186201240893,-0.3618376942754751,True,False,0.4464631926443342,0.22470049912507062
68,2019-04-09,2019-05-07,-0.010775712542003704,0.11303233765679352,-0.09533300615902159,0.0367135060433009,-0.29350813102117074,0.0737536169908153,-0.14610419097609312,True,False,0.5984212783530202,0.21956898028749836
69,2019-04-10,2019-05-08,0.002382270920607379,0.1142688588914091,0.020847945308277528,0.03915979090191837,0.06083461800330184,0.0702180521195831,0.03392675884187605,True,False,0.5919117361710359,0.2176825123125543
70,2019-04-11,2019-05-09,-0.016552004088983246,0.11668024073069942,-0.14185781573064832,0.03630341758667264,-0.4559351485150439,0.08003551204784681,-0.20680824880695622,True,False,0.579583462662121,0.2214919543959143
71,2019-04-12,2019-05-10,0.026722780339433636,0.09986795475790892,0.267581131547278,0.040502908944504465,0.6597743479622208,0.06379885473721719,0.4188598752987465,True,False,0.6776829385691929,0.23059251731909014
72,2019-04-15,2019-05-13,0.028016720471209525,0.08394366480922606,0.3337562225199664,0.03459640214764355,0.8098160135740536,0.05078182469077629,0.551707636379957,True,False,0.8070719997416439,0.22970212463859882
73,2019-04-16,2019-05-14,0.01900668279401444,0.0784908742804507,0.24215149809776462,0.029577758285922635,0.6426005179392031,0.0458243495703237,0.4147725602705195,True,False,0.8636290404778304,0.22944756528805146
74,2019-04-17,2019-05-15,0.023142211380413752,0.07653365991425559,0.3023795204141695,0.027838138113742368,0.8313131893324985,0.04191382148562327,0.5521379478211428,True,False,0.8859492610020615,0.2300832165051424
75,2019-04-18,2019-05-16,0.01842797288688797,0.07559526324938928,0.24377152872785116,0.02865327370680642,0.6431367345822866,0.04247749285713524,0.4338291091912336,True,False,0.896972888260481,0.2268952721708299
76,2019-04-19,2019-05-17,0.025282618662114106,0.07568946482660299,0.3340308815769019,0.02725049407739638,0.9277856977677854,0.04231427120075113,0.5974962570468497,True,False,0.8957894344000484,0.23478993209090734
77,2019-04-22,2019-05-20,0.023947979526011576,0.07569960715592496,0.31635540032174636,0.026949920500723073,0.8886103959144905,0.04220150689473554,0.5674674031367108,True,False,0.8957082026918912,0.23781766424031184
78,2019-04-23,2019-05-21,0.02478759149998982,0.07447159135394853,0.3328462713006813,0.02674522407095431,0.9268044056848824,0.040344574686113535,0.6143971449157853,True,False,0.9106273065634721,0.23863259416274907
79,2019-04-24,2019-05-22,0.02775782010345391,0.07446024700794701,0.3727871074681147,0.02550155519742942,1.0884755807462254,0.03911671256996996,0.7096153607950094,True,False,0.9108519986396258,0.23089937653256787
80,2019-04-25,2019-05-23,0.016753986360681424,0.07265757598296005,0.2305882921914521,0.02675554785329623,0.6261873781297798,0.03999888398507427,0.4188613454048677,True,False,0.9337486277423696,0.22727630894351056
81,2019-04-26,2019-05-24,0.0206193691109091,0.07194465436523774,0.28660043324736545,0.024896362313125052,0.82820810733618,0.039031533621065546,0.5282746333026664,True,False,0.9431240357816884,0.2212122429424878
82,2019-04-29,2019-05-27,0.016235832723641673,0.07213951721918511,0.2250615661082334,0.027182956816951726,0.5972798630028632,0.039533922600067266,0.4106810469552052,True,False,0.9405429966438893,0.21264964526959018
83,2019-04-30,2019-05-28,0.02071346733045172,0.07114778331508374,0.2911329962132544,0.025300306120573504,0.8187042177172752,0.0377134215964559,0.5492333088228265,True,False,0.9537726342139482,0.2162077495547338
84,2019-05-01,2019-05-29,0.02036263561895335,0.07114806436128393,0.28620083767217597,0.02641403316790418,0.7709021749732672,0.03791687879217536,0.5370335393522804,True,False,0.9537083011124271,0.21410214163481042
85,2019-05-02,2019-05-30,0.04036734054151865,0.07191553512648594,0.5613160003679326,0.016738007498204928,2.4117171978712433,0.032123573283366624,1.2566267203661492,True,False,0.9433084658549213,0.2047110001692535
86,2019-05-03,2019-05-31,0.052649435910819956,0.07132673792128834,0.7381444524901802,0.018699990411719252,2.8154792998088727,0.030549610919618983,1.7234077399332262,True,False,0.9511868193710435,0.18753569298374856
87,2019-05-06,2019-06-03,0.04324030375293812,0.07285708834406893,0.5934948093002976,0.019966165480773432,2.1656789229046858,0.0302162199508049,1.431029553774025,True,False,0.9310501168330036,0.18429652851451842
88,2019-05-07,2019-06-04,0.06337854277703352,0.07356839423606099,0.8614914520720541,0.02858857790587548,2.216918343602116,0.03298882169968365,1.9212126869521164,True,False,0.9219077620888947,0.2016325456532828
89,2019-05-08,2019-06-05,0.07503521249870221,0.08235316902162014,0.9111393452145509,0.03273075140348974,2.292498927803472,0.03778038779120336,1.986088997111171,True,False,0.8227218345475137,0.19846261688587005
90,2019-05-09,2019-06-06,0.07604517140599279,0.0823931640818656,0.9229548622557392,0.03267565278904072,2.3272732115545685,0.03810125559163411,1.9958704831420313,True,False,0.8223103224298173,0.1977162432306538
91,2019-05-10,2019-06-07,0.07290291746321753,0.0822213263034418,0.8866667656778702,0.032236371267980214,2.2615112866512566,0.03739574097238809,1.949497872419399,True,False,0.8240801256744994,0.1940423513968069
92,2019-05-13,2019-06-10,0.06800858821030603,0.08934011161370423,0.761232407055488,0.04106979187216392,1.6559272669799079,0.044253527516583735,1.5367947376583762,True,False,0.7579917807719466,0.19027771982664268
93,2019-05-14,2019-06-11,0.056135937820118095,0.11900644713736853,0.47170501405962206,0.06979909832267199,0.804250186164427,0.07878517991897795,0.7125190026582138,True,False,0.5682441574223563,0.175518518737271
94,2019-05-15,2019-06-12,0.0980424990357973,0.1328416607693605,0.7380402990144677,0.0706694515416559,1.3873391811737275,0.08393694663845089,1.168049386619989,True,False,0.5088274989575606,0.17597002272186657
95,2019-05-16,2019-06-13,0.10878429580513126,0.14079198149761338,0.772659739908379,0.07734282836259412,1.4065207868418657,0.09496229994820783,1.1455524546526559,True,False,0.4800165070194007,0.1799858118459626
96,2019-05-17,2019-06-14,0.12449235952897386,0.14457582043106412,0.8610870002867018,0.07689188637527346,1.6190571645151828,0.0969153934185172,1.284546810756563,True,False,0.4674053221466806,0.18484157422769573
97,2019-05-20,2019-06-17,0.10132896764753786,0.1464146883603066,0.6920683217122389,0.08456371091229464,1.1982559250815201,0.09254877790089305,1.0948709420674057,True,False,0.46154064356562846,0.16617018635023362
98,2019-05-21,2019-06-18,0.10805824459311494,0.14693738484642685,0.735403346847728,0.0816843866734808,1.3228751416725337,0.09550713407791922,1.1314154239510101,True,False,0.45989055619542796,0.16521810965826697
99,2019-05-22,2019-06-19,0.1250523439182382,0.1517881639255498,0.8238609696838733,0.07705154007291803,1.6229700769107847,0.1013192833080046,1.2342403127555344,True,False,0.44513941790001693,0.16574715912600047
100,2019-05-23,2019-06-20,0.08023244335587247,0.15108045756621696,0.5310577201601832,0.10130860146989118,0.7919608225933065,0.10041276001567453,0.7990263721796722,True,False,0.4471851191123385,0.24616380828705736
101,2019-05-24,2019-06-21,0.12331996637465285,0.1754999998432902,0.7026778717080875,0.12326336011812997,1.000459230191913,0.12024911574625892,1.0255374071512826,True,False,0.38483665727325433,0.24663343063871618
102,2019-05-27,2019-06-24,0.12841669204657324,0.18317527903045824,0.7010590770014343,0.13012902883694957,0.9868412389942457,0.12617282321128886,1.01778408993454,True,False,0.36867860998499496,0.24706165169918354
103,2019-05-28,2019-06-25,0.11879234340126288,0.17538125601292154,0.6773377389457779,0.12232409104514139,0.971127946966921,0.11380548849069629,1.0438191072917742,True,False,0.3850866814093873,0.24688629366391768
104,2019-05-29,2019-06-26,0.07796695817595357,0.19877632281232355,0.39223463374743467,0.15402109923978177,0.5062095944048143,0.1683026930736328,0.46325437075354975,True,False,0.3396976111425228,0.23940018058730672
105,2019-05-30,2019-06-27,0.04055537011741712,0.20015600630766778,0.20261880153163048,0.15738543701287183,0.2576818471082574,0.19089109856961087,0.2124529138409672,True,False,0.33735050545954154,0.23415706265247455
106,2019-05-31,2019-06-28,0.032305757319276894,0.19853548495965082,0.16272031836446027,0.15640302541635218,0.20655455502396744,0.19163656684110747,0.16857825127947904,True,False,0.34011863767104233,0.2338191617687895
107,2019-06-03,2019-07-01,-0.13454226369012995,0.2188928120795965,-0.6146490714423553,0.1471609253460886,-0.9142526344796863,0.26399385769742867,-0.50964164417921,True,False,0.30841256652953614,0.22410694157234437
108,2019-06-04,2019-07-02,-0.1509544716951184,0.21108957961864297,-0.7151204335516447,0.15547797368399774,-0.970905833915271,0.24916462861647848,-0.6058423000620684,True,False,0.3198598914335472,0.2249195407994104
109,2019-06-05,2019-07-03,-0.34226623340769124,0.2540524904013664,-1.3472264446884965,0.10661758353402898,-3.2102231363971088,0.23212428705204466,-1.4744955719818824,True,False,0.2656524195030441,0.21688024645435275
110,2019-06-06,2019-07-04,-0.3605918599155928,0.26399695550304514,-1.3658940089990297,0.11120308811868844,-3.2426425022543315,0.23818020354018424,-1.5139455528039132,True,False,0.2556360453981825,0.2171849094398334
111,2019-06-07,2019-07-05,-0.24134434369633412,0.2481546014381708,-0.9725563914496523,0.13351974311029122,-1.8075554826148565,0.21691264252498374,-1.11263382754897,True,False,0.2720513267269967,0.22754606388402138
112,2019-06-10,2019-07-08,-0.2155913527756256,0.24063720843202702,-0.8959186078512205,0.12350430758467966,-1.7456180840316624,0.1934697025288536,-1.1143416770565038,True,False,0.280574073792068,0.22437293057881322
113,2019-06-11,2019-07-09,-0.224224642546765,0.2409105391732583,-0.9307382039666885,0.12226326138415367,-1.8339494628909545,0.18436719000961552,-1.2161851712068223,True,False,0.28025988997694706,0.22155883302555524
114,2019-06-12,2019-07-10,-0.2031442403208808,0.22662657267284894,-0.8963831466230286,0.123631825412877,-1.6431387277706742,0.17463572236415087,-1.1632456267869633,True,False,0.29794971694995365,0.2206372717947911
115,2019-06-13,2019-07-11,-0.20661181322261568,0.22665025247945234,-0.9115887185757567,0.12322175868281199,-1.6767478035633299,0.17699665171129048,-1.1673204618561497,True,False,0.29790898056132165,0.2246157919754854
116,2019-06-14,2019-07-12,-0.20430723698756387,0.2244749871002059,-0.9101559137025849,0.12654498669950506,-1.6145028129222834,0.1809682246301972,-1.128967460475778,True,False,0.3007892358679857,0.22047050432402948
117,2019-06-17,2019-07-15,-0.17747272780085083,0.22401914381867122,-0.7922212574140688,0.10971637199624264,-1.6175592080909182,0.16886871029750808,-1.0509509280208538,True,False,0.3013933049344238,0.21129571773797517
118,2019-06-18,2019-07-16,-0.15522487475172075,0.2232570328499918,-0.6952742888776884,0.11290624570932459,-1.374812117580677,0.16539507001904308,-0.9385096831111631,True,False,0.30245165621264347,0.22283315490545438
119,2019-06-19,2019-07-17,-0.16256870266073917,0.20524685254788314,-0.7920642905976483,0.08485011725436403,-1.9159514202365806,0.12586409561855336,-1.2916209492612067,True,False,0.3290052530568961,0.22326859053468273
120,2019-06-20,2019-07-18,-0.1773487226330922,0.2103812094710028,-0.8429874658436949,0.09375186574225808,-1.8916820612472713,0.12715737327854998,-1.3947183561632202,True,False,0.3209636151167553,0.22322049255447343
121,2019-06-21,2019-07-19,-0.0852187620367196,0.20251979985100776,-0.4207922489525191,0.047788406954040456,-1.7832517857035293,0.07451119539318798,-1.1437041318023269,True,False,0.33351506595986197,0.12196809990818581
122,2019-06-24,2019-07-22,-0.10883315588566417,0.1997631172723515,-0.5448110610793285,0.05037213913488621,-2.1605823726133884,0.07594169601489134,-1.4331146339465894,True,False,0.33811213978542015,0.12432302098892217
123,2019-06-25,2019-07-23,-0.14673540842523736,0.1932843864988916,-0.7591684516435517,0.06377787539575289,-2.300725878915195,0.07882597013776538,-1.8615109737157132,True,False,0.34942043147382784,0.12979040413947746
124,2019-06-26,2019-07-24,-0.13926385004387665,0.20621886011758028,-0.6753206276306263,0.06710419427561472,-2.075337488918846,0.095303274152907,-1.4612703632871855,True,False,0.32748469278313314,0.13049852475975868
125,2019-06-27,2019-07-25,-0.1286019641110096,0.19856912691314357,-0.647643297375536,0.06081540515326314,-2.1146280911376825,0.08694387917564429,-1.4791376383288295,True,False,0.3401153336429166,0.12887804081012977
126,2019-06-28,2019-07-26,-0.140654267600154,0.1973587937170192,-0.7126830527847147,0.06253518361909201,-2.2492021204717823,0.08644223934956442,-1.627147429989188,True,False,0.34218693806867895,0.13442208751102247
127,2019-07-01,2019-07-29,-0.15229377933377256,0.19445541881805045,-0.7831809484119955,0.059581780676071304,-2.556046120235131,0.07882156296858993,-1.932133461936818,True,False,0.34728875865372094,0.13209651061762848
128,2019-07-02,2019-07-30,-0.13579583896490266,0.19048919281831755,-0.71287949177474,0.06361531057968593,-2.1346408235294523,0.07469809855792187,-1.817928991319703,True,False,0.3545530297103019,0.13076822676851838
129,2019-07-03,2019-07-31,-0.15660819035106854,0.16834464249072356,-0.9302831859332753,0.05823998924042786,-2.6890147541846976,0.06464787595667876,-2.4224800588346227,True,False,0.4012569808675258,0.1339672822117456
130,2019-07-04,2019-08-01,-0.059608813583376614,0.1568575167216397,-0.38001885296424004,0.07882795949980496,-0.7561887173233769,0.13212627132971705,-0.45115035021782046,True,False,0.43075319150666425,0.16587966906093568
131,2019-07-05,2019-08-02,-0.0656460896027828,0.15588687031114873,-0.4211136542272856,0.07401158004928643,-0.8869705194655646,0.13076780059654183,-0.5020049989624037,True,False,0.4334241652182666,0.1660557408978053
132,2019-07-08,2019-08-05,-0.006864966101263895,0.08105108580252489,-0.08469924903893192,0.033174885391994126,-0.20693262448829955,0.07850348807170396,-0.08744791180480456,True,False,0.8361705248509077,0.17194397375724776
133,2019-07-09,2019-08-06,-0.027500449602336566,0.06875705608497527,-0.3999654896269757,0.023025404534916243,-1.1943525057565987,0.06238687078913913,-0.4408050805318495,True,False,0.9871416166498336,0.16913670606728215
134,2019-07-10,2019-08-07,-0.028563845220539796,0.06839092452899471,-0.4176554918252347,0.022912152320359896,-1.2466679175817876,0.06223426513715939,-0.4589729654168382,True,False,0.9924662103384603,0.16921860266466668
135,2019-07-11,2019-08-08,-0.011629690875600705,0.06601783767441478,-0.1761598271811891,0.022898728277333327,-0.5078749673235147,0.05034726049635169,-0.23098954661978932,True,False,1.028687873551369,0.18490640383855664
136,2019-07-12,2019-08-09,-0.015786198751489344,0.06578998607080541,-0.23994835223858693,0.023127657741816146,-0.6825679853843125,0.050007311371486216,-0.31567781427438457,True,False,1.0322425741421979,0.1750739067604838
137,2019-07-15,2019-08-12,-0.01062566489040316,0.06339098176451795,-0.1676210810218229,0.023166863322183817,-0.45865790040848464,0.041346139075721856,-0.25699291706398947,True,False,1.0717688770510592,0.17793086747601558
138,2019-07-16,2019-08-13,-0.01134898189617009,0.05902612109131495,-0.19227050137028182,0.02047459768363837,-0.5542957215339704,0.03408790763150904,-0.33293278129161846,True,False,1.152148029018834,0.17600303738268097
139,2019-07-17,2019-08-14,-0.003730511053686204,0.054877924572416574,-0.06797835528133803,0.01984396941245056,-0.18799217919301953,0.030202967980904948,-0.1235147173630328,True,False,1.2408718953860012,0.17753336785798643
140,2019-07-18,2019-08-15,-0.0025142375977700976,0.05462405700025454,-0.046028027500014904,0.018465613475747957,-0.13615781577320477,0.028387463748417253,-0.08856858858728721,True,False,1.2465853727727885,0.17169803049262175
141,2019-07-19,2019-08-16,0.0018735165043807917,0.05298130007776192,0.035361844681632705,0.018550628313061313,0.10099477347954125,0.027255621433586986,0.06873871905456044,True,False,1.2860186067508872,0.17704103575013436
142,2019-07-22,2019-08-19,-0.002749789386580224,0.052503449623277645,-0.05237349938547833,0.017821384316118967,-0.15429718240760415,0.026684958968395678,-0.10304641614165254,True,False,1.2977214595914404,0.17954116717120217
143,2019-07-23,2019-08-20,-0.0028103252037133338,0.05267724494358531,-0.053349889629251704,0.01771169497605548,-0.15867059632139247,0.02735226175407909,-0.10274562407235757,True,False,1.293480489189076,0.18130704805829198
144,2019-07-24,2019-08-21,0.00568995551091527,0.05227103255065057,0.10885485197564655,0.016177314478118817,0.3517243556470028,0.02802303231936229,0.2030456749316112,True,False,1.30397204178818,0.1861070941027394
145,2019-07-25,2019-08-22,0.005097235940725111,0.05227574127302383,0.09750671758251027,0.016689638449562186,0.30541320329553484,0.027837244688612088,0.18310849359348896,True,False,1.3037701076735235,0.1845064114963793
146,2019-07-26,2019-08-23,-0.004167314767288656,0.05086234533907376,-0.08193320106470234,0.017994510295894734,-0.23158811764048878,0.029157189875556842,-0.14292580269479996,True,False,1.3408836438298126,0.1866363977770607
147,2019-07-29,2019-08-26,-0.005269022725712716,0.05086922690248037,-0.10357976809464349,0.019156186284015313,-0.27505593480834956,0.029120162783108736,-0.1809407030090173,True,False,1.3406446465018613,0.19119589369785042
148,2019-07-30,2019-08-27,-0.005316369680352756,0.050818488152686796,-0.10461487292537013,0.01925066348780893,-0.27616552976054615,0.02904120405419578,-0.18306299113602573,True,False,1.341999867319525,0.19090578827041282
149,2019-07-31,2019-08-28,-0.005391572386431756,0.05065936325855518,-0.10642795407660884,0.019540149336070112,-0.2759227830710173,0.028521753296348974,-0.18903369405140755,True,False,1.3462139936204456,0.19044300159135127
150,2019-08-01,2019-08-29,-0.0004444690344512173,0.05086770686282339,-0.008737744668731215,0.019942055873056006,-0.02228802472927306,0.027058419587645988,-0.016426274750139053,True,False,1.3403053756579388,0.18515876261793787
151,2019-08-02,2019-08-30,-0.008866417374036113,0.05116812042732436,-0.17328010683193562,0.020570468541306855,-0.4310265153286014,0.02694390052454712,-0.3290695556850948,True,False,1.3325195018936806,0.1640275362195253
152,2019-08-05,2019-09-02,-0.00859830883545735,0.051187403144857806,-0.16797704722633738,0.020508522773051534,-0.4192553959447357,0.027288541745525047,-0.3150886154210624,True,False,1.3320841872398101,0.16488994390460074
153,2019-08-06,2019-09-03,-0.01577255734120248,0.062227157717437254,-0.25346742354556717,0.02940244545464762,-0.5364369220761304,0.0371362413004892,-0.42472142545548097,True,False,1.0919840466918587,0.1541486001216901
154,2019-08-07,2019-09-04,0.026827595699372486,0.06674142788263804,0.4019631666638549,0.037374520270766924,0.7178044160838666,0.045089952362547384,0.5949794642421495,True,False,1.017395242724511,0.20361960182812638
155,2019-08-08,2019-09-05,0.03128318227337873,0.06653749360078805,0.4701587117343449,0.038757207734047026,0.8071577934108346,0.044329016370528225,0.7057044084149156,True,False,1.0205885440114741,0.20804865856778346
156,2019-08-09,2019-09-06,0.027675318140594637,0.06837173854412631,0.4047771598309338,0.04441990013576055,0.6230387293985479,0.04649083627842615,0.5952854445304361,True,False,0.9929080999973923,0.2094529340169295
157,2019-08-12,2019-09-09,0.029914859679477695,0.06887193729296245,0.4343548454609028,0.04412502548019389,0.6779567683854456,0.04666871086957711,0.6410046286275053,True,False,0.9856076911895133,0.20997217878119948
158,2019-08-13,2019-09-10,0.021501668950555216,0.07395689475081316,0.2907324465555499,0.04590614784528279,0.46838321139517436,0.052067406206556074,0.4129583268514695,True,False,0.9171822292914615,0.20246173967931527
159,2019-08-14,2019-09-11,0.031557071106872406,0.08045496703032642,0.392232726849262,0.058196030873229734,0.542254697328314,0.06150094359250645,0.5131152347184061,True,False,0.8424266420639634,0.20587004923279542
160,2019-08-15,2019-09-12,0.01705604659064889,0.10274329747009726,0.16600641609359418,0.07903898682830483,0.21579282927423493,0.09287224222246213,0.18365063858147818,True,False,0.6586623953552458,0.21502225759654867
161,2019-08-16,2019-09-13,0.022106871883707604,0.10315488094944947,0.2143075701336999,0.07930711098299108,0.27875018532006346,0.09293884760428989,0.23786470839226537,True,False,0.6560146371851092,0.21336055537577153
162,2019-08-19,2019-09-16,0.03525910096817199,0.11019310863682467,0.31997555386498094,0.10375694754191887,0.3398240002572064,0.12024128802694867,0.2932362214904889,True,False,0.6139159006981862,0.2180250291036591
163,2019-08-20,2019-09-17,0.07012229921143685,0.11392332305854147,0.6155218907668564,0.10560406528903798,0.6640113618686208,0.13083138373076852,0.5359746049597556,True,False,0.593679276855265,0.20934162272790632
164,2019-08-21,2019-09-18,0.07192484156309566,0.11480896989581156,0.6264740605927134,0.10573188546169086,0.6802568709432095,0.13718460233852925,0.524292379297841,True,False,0.5890811097043007,0.20935566516648965
165,2019-08-22,2019-09-19,0.06760165561854545,0.1198417023638263,0.5640912494159522,0.1228125240319971,0.5504459431265558,0.1545335066763002,0.4374562971650541,True,False,0.5642645534530185,0.20766762054903387
166,2019-08-23,2019-09-20,0.060623364858888404,0.11790828560764989,0.5141569529779946,0.12083429217945173,0.5017066245470804,0.1423560629098643,0.4258572737943262,True,False,0.5735589051598359,0.20555257066647747
167,2019-08-26,2019-09-23,0.1621317762263052,0.15179418227581748,1.0681027019316445,0.11458052339938508,1.4150029290857238,0.13439440608917133,1.2063878322341035,True,False,0.445081098045247,0.2066159179445767
168,2019-08-27,2019-09-24,0.10621880826149112,0.1326893988675688,0.8005071178859076,0.10799698806103789,0.9835349130427437,0.13146147220139764,0.8079843202939716,True,False,0.5094039276443229,0.19426058573442606
169,2019-08-28,2019-09-25,0.06712724940938639,0.134072609163055,0.5006783251883186,0.1338141307516735,0.501645446802313,0.14420551941669682,0.4654970883286043,True,False,0.5041922340609277,0.21096761715692525
170,2019-08-29,2019-09-26,0.08110393196981638,0.13571421052316482,0.597608250876373,0.13613565328874497,0.5957582015476446,0.149155040014274,0.5437558929423694,True,False,0.4980616906894023,0.2100104877972194
171,2019-08-30,2019-09-27,0.10737390915255818,0.13683351958966877,0.7847047234811106,0.14741808898116393,0.7283631872766827,0.14657941468305474,0.7325306175135866,True,False,0.4939361829386791,0.20665125264364242
172,2019-09-02,2019-09-30,0.0828616569075452,0.13882125547174878,0.5968945938859356,0.1601728358967029,0.5173265269585633,0.15514065883652978,0.5341066457301546,True,False,0.48688213290462806,0.21051239553991344
173,2019-09-03,2019-10-01,0.05235855130639473,0.12250248649120773,0.4274080698774438,0.13775056161889052,0.38009682640171905,0.12517139271212127,0.41829486891476014,True,False,0.5519807529625337,0.21054999849503475
174,2019-09-04,2019-10-02,0.03335060961381301,0.11497349341697119,0.29007216030969224,0.12132808946028335,0.2748795415980757,0.11113102324156642,0.30010170554552096,True,False,0.5882758203429287,0.20821189062208964
175,2019-09-05,2019-10-03,-0.024327670925426703,0.12241744252201504,-0.1987271619487698,0.0828013143363297,-0.29380778699490706,0.076293799679329,-0.31886825702322474,True,False,0.5523880802502625,0.17971281230698893
176,2019-09-06,2019-10-04,-0.025824893461769513,0.11525526764154762,-0.22406692544489018,0.0696744908900536,-0.37065062308845875,0.0655343348060912,-0.3940666146712635,True,False,0.5868483706116996,0.1776030985276502
177,2019-09-09,2019-10-07,-0.05389287168697529,0.11789881756318443,-0.4571112145216637,0.07195211632619163,-0.7490102367893451,0.06731897188663168,-0.8005599339474975,True,False,0.5736120968421555,0.16385177308406468
178,2019-09-10,2019-10-08,-0.036929645111616956,0.10864199029064626,-0.33992055017420353,0.07196804906494192,-0.5131394499563646,0.0635693030628881,-0.580935189348907,True,False,0.6227083066303393,0.1656887725114686
179,2019-09-11,2019-10-09,-0.03231136799682911,0.10356721930984747,-0.3119845083429488,0.06468571308043716,-0.4995132071381773,0.055216155597013934,-0.5851796027352636,True,False,0.653374122420931,0.16652292536936278
180,2019-09-12,2019-10-10,-0.001737567240130508,0.10225342041288617,-0.016992754209242438,0.06860138686627226,-0.0253284564569755,0.05576892992774728,-0.031156546169733814,True,False,0.6618350444950323,0.1800317528238663
181,2019-09-13,2019-10-11,0.022075585644141492,0.0970181624741215,0.2275407519703324,0.07417536541903179,0.29761343971050225,0.06030484746430713,0.36606651989638905,True,False,0.6977403460641473,0.17826184829369862
182,2019-09-16,2019-10-14,0.018658001824218107,0.09604582679463529,0.19426145254715288,0.07148094349000746,0.2610206428910157,0.05899645912097927,0.3162562991442868,True,False,0.704848763407918,0.17774571684936932
183,2019-09-17,2019-10-15,0.008435930416549229,0.09585612251453675,0.08800617211769551,0.06571273909437,0.12837587555792487,0.054842017052062896,0.1538223951270937,True,False,0.7062535557535394,0.170590142972885
184,2019-09-18,2019-10-16,0.007002452293402015,0.09585535605443403,0.07305227982696642,0.06477917207503692,0.10809727986783665,0.05469692435362143,0.12802277963803624,True,False,0.7062535557535393,0.17307832318543562
185,2019-09-19,2019-10-17,0.005770201774596889,0.09607916493581965,0.0600567436077463,0.06224653629421324,0.09269916236501205,0.05440658164199187,0.1060570541366884,True,False,0.7045665118517896,0.18604702389967465
186,2019-09-20,2019-10-18,0.003084613778444182,0.09584762242604236,0.03218247568763974,0.060771441301630674,0.050757620888636265,0.05425300193152836,0.056856094015538754,True,False,0.7062468728875122,0.18461672820329517
187,2019-09-23,2019-10-21,-0.0017123279342790912,0.09773890811711822,-0.017519409284041203,0.0616433682092791,-0.027777974890433335,0.05421106777350778,-0.031586316311516795,True,False,0.6924841183714474,0.1826800006922823
188,2019-09-24,2019-10-22,0.0008615374167374634,0.09759436927087702,0.008827736919393704,0.05948827293867623,0.014482474850557241,0.05475310546810103,0.01573495072785218,True,False,0.6934787421314165,0.1795914488983345
189,2019-09-25,2019-10-23,0.009987241153606637,0.1038871541718902,0.096135477318802,0.057290160550023415,0.17432733749953777,0.05582532869100543,0.1789016094985533,True,False,0.6512960693222979,0.18136156524179742
190,2019-09-26,2019-10-24,0.03485098831273692,0.10519124153447003,0.3313107422666613,0.04077166184036645,0.8547845915427538,0.04822507958841546,0.7226735261025626,True,False,0.6431001092976724,0.15711685160793418
191,2019-09-27,2019-10-25,0.029579375060645792,0.10402137398791365,0.2843586267576378,0.04044329946563229,0.7313788798508294,0.046433977672087796,0.6370200560790299,True,False,0.6503578893004339,0.1545802953948793
192,2019-09-30,2019-10-28,0.029254346802010382,0.10603949651233575,0.27588160793093897,0.04150829752958556,0.7047831046589896,0.04769390252109099,0.6133770829315897,True,False,0.637916952071914,0.15398454271373033
193,2019-10-01,2019-10-29,0.04468480134237703,0.1069365978445935,0.4178625675684539,0.03191232253215993,1.4002365793760554,0.045352574794301784,0.9852759527997371,True,False,0.6324555953087667,0.14237993319478542
194,2019-10-02,2019-10-30,0.041955887207352056,0.11791177829093868,0.3558243952849984,0.04200132305928041,0.9989182280790483,0.05314510773519429,0.7894590677359302,True,False,0.5734163506367275,0.15048816260954906
195,2019-10-03,2019-10-31,0.02910611135789092,0.12716971180160616,0.22887612895827375,0.061213807807281945,0.4754827775054451,0.070033630250124,0.41560192230416876,True,False,0.5314992856962459,0.15244588826134833
196,2019-10-04,2019-11-01,0.01917772586578439,0.12956149487781105,0.14802025774610605,0.06409358015277297,0.2992144582978905,0.07489652262289875,0.2560562919902642,True,False,0.5216784830468999,0.1480720201291188
197,2019-10-07,2019-11-04,0.038804783575222934,0.13777702409713757,0.28164916341830853,0.06782458566211326,0.5721344730145436,0.08058452951473154,0.48154135550458343,True,False,0.49049905528872967,0.15359714109340813
198,2019-10-08,2019-11-05,0.048609510600739425,0.14068639414944184,0.3455167850069763,0.06715631347790553,0.7238263699023918,0.08149570278122822,0.5964671625843831,True,False,0.48035771492292356,0.16480316864922928
199,2019-10-09,2019-11-06,0.017259665442000083,0.1779242595516076,0.09700568930564442,0.09236993384761419,0.18685371660516656,0.12759648860552594,0.13526755814856023,True,False,0.37963425506004783,0.15756361838000663
200,2019-10-10,2019-11-07,0.04098491559773439,0.19036426677383766,0.21529731546953892,0.11744641230155414,0.348966944111515,0.14829946576543054,0.27636590183380294,True,False,0.3547849613045055,0.15852610878618106
201,2019-10-11,2019-11-08,-0.02028437295639606,0.1948808189469755,-0.1040860412327966,0.1117961875477527,-0.18144065018077457,0.18524727213904318,-0.10949890231674227,True,False,0.3465999833000446,0.15452007499147535
202,2019-10-14,2019-11-11,-0.17109715668825742,0.22478496833861056,-0.7611592445564281,0.061634400306444036,-2.7760009968064665,0.09847939866177322,-1.7373903477608488,True,False,0.30040679739100207,0.13193854959319248
203,2019-10-15,2019-11-12,-0.1717681383825193,0.23741362570081856,-0.7234973893157097,0.06269936884685932,-2.739551315134544,0.11228026362484776,-1.5298159519506758,True,False,0.28441974839629197,0.14084070183167308
204,2019-10-16,2019-11-13,-0.15850197289255627,0.25265262375503883,-0.6273513828466433,0.06780472110854667,-2.337624435307608,0.13484883822546412,-1.1754048086609739,True,False,0.26726030757276714,0.14944940445496493
205,2019-10-17,2019-11-14,-0.15127573606072325,0.253117017840809,-0.5976513841351592,0.06522083326715053,-2.3194388737887466,0.1366342112764998,-1.1071585560266026,True,False,0.26677169235241305,0.14594642348402212
206,2019-10-18,2019-11-15,-0.03515754189166042,0.23678605949061116,-0.14847809016837182,0.12235826157445175,-0.287332799921058,0.1595135451129281,-0.2204047428497093,True,False,0.28521162138137074,0.14407284697315692
207,2019-10-21,2019-11-18,-0.026756491163437125,0.23768171427484608,-0.11257277929465342,0.1131798118017661,-0.23640692396892293,0.16047748445015286,-0.16673049964057832,True,False,0.2841359215301145,0.14263733556769367
208,2019-10-22,2019-11-19,-0.014025362171303301,0.2344785109453251,-0.05981512811028422,0.11997347234336472,-0.11690386130662818,0.16169007726246712,-0.08674225659832119,True,False,0.2880169507702336,0.1443913132562587
209,2019-10-23,2019-11-20,-2.658176567007277e-05,0.23923564510478118,-0.00011111122532944622,0.12311267371404074,-0.00021591412864458955,0.17350299593748472,-0.0001532063785206943,True,False,0.28227095348674924,0.1515608620721838
210,2019-10-24,2019-11-21,-0.009358839800852243,0.23893283139179897,-0.039169333684016566,0.11838339724724348,-0.07905534068520036,0.1720568958482306,-0.05439386637027072,True,False,0.2826369797147248,0.15315309807270958
211,2019-10-25,2019-11-22,-0.03560380516410442,0.23086491093338704,-0.15421921425892832,0.11030397637944234,-0.3227789816173844,0.16342109632021737,-0.21786541619045396,True,False,0.2925171312610967,0.1551792093904581
212,2019-10-28,2019-11-25,-0.06269948141355385,0.24554454917532295,-0.2553486999574377,0.1321372782945003,-0.47450259474705303,0.19161245886749315,-0.327220274632104,True,False,0.2750048379125376,0.15454141716377603
213,2019-10-29,2019-11-26,-0.04704298276863924,0.24928156698575157,-0.1887142452507454,0.12878917292449787,-0.3652712545659253,0.19588704595521966,-0.2401536178119374,True,False,0.270874014833158,0.15329733886684793
214,2019-10-30,2019-11-27,-0.04104292852181832,0.2482162224684913,-0.16535151535886553,0.1250677285211935,-0.32816561879800465,0.19629730245247975,-0.20908554528788859,True,False,0.2720314987560949,0.15228935493663115
215,2019-10-31,2019-11-28,-0.00329013290060803,0.2627087643057676,-0.012523879472778582,0.12652682016948028,-0.02600344256024896,0.2164305624926916,-0.015201794343250993,True,False,0.2570262123149573,0.15039956339408217
216,2019-11-01,2019-11-29,0.06910056740408292,0.26354631903784936,0.2621951528534117,0.1349371853997525,0.5120943289232833,0.17881933133743513,0.38642671844963433,True,False,0.2561910873655172,0.13909264641856167
217,2019-11-04,2019-12-02,-0.12061081962459391,0.20010593106973354,-0.6027348563824582,0.10908744886973805,-1.1056342491666111,0.1770879825925927,-0.6810785117026844,True,False,0.3374892182215988,0.137437646383076
218,2019-11-05,2019-12-03,-0.14274461115238377,0.19342284762882087,-0.7379925014148855,0.10178081384224132,-1.40247071882954,0.14339569452892492,-0.9954595332957517,True,False,0.349165144079997,0.13882691069507105
219,2019-11-06,2019-12-04,-0.09358963895725493,0.1800177856637028,-0.519891068608592,0.08108447910964192,-1.1542238414173398,0.1371158656853278,-0.6825587869753688,True,False,0.37525228739921285,0.14009418323766767
220,2019-11-07,2019-12-05,-0.07873631449699235,0.1814441677379318,-0.4339423828200136,0.0850695868202918,-0.9255518621869131,0.13982117468183405,-0.5631215348902514,True,False,0.37231198247284314,0.1535014937617285
221,2019-11-08,2019-12-06,-0.09675998917461819,0.17465236379390012,-0.5540147700995365,0.07437619853817888,-1.3009536797574996,0.12273081011669315,-0.7883920026488722,True,False,0.3868000785124928,0.15575541142879712
222,2019-11-11,2019-12-09,-0.12276386441145715,0.15260021994134676,-0.8044802586696305,0.0625389909525315,-1.9629972044901984,0.09556505576342088,-1.2846103989660107,True,False,0.44277931412610655,0.15587616044611552
223,2019-11-12,2019-12-10,-0.12055029320207426,0.15303212103991992,-0.7877450327609818,0.061433985512027986,-1.9622736860930512,0.0937139981172777,-1.2863637836816277,True,False,0.441528872248151,0.15648235517595843
224,2019-11-13,2019-12-11,-0.1072372759620988,0.15012497559614274,-0.7143200226095765,0.058968476535839115,-1.8185525938918141,0.0863542611276796,-1.2418295815598779,True,False,0.4500991961978249,0.14986939933101884
225,2019-11-14,2019-12-12,-0.08541381435659338,0.14509743014406973,-0.58866524563381,0.05258292469762424,-1.6243640848766345,0.08100521227289939,-1.0544236841061758,True,False,0.4657162948185504,0.1467402373869325
226,2019-11-15,2019-12-13,-0.06921523744539483,0.1386743627687854,-0.49912064539859335,0.05357794924629985,-1.2918605213351817,0.0763518050314155,-0.9065304666591146,True,False,0.4873484850982832,0.1487997751653219
227,2019-11-18,2019-12-16,-0.09343085413875402,0.14133107620455101,-0.6610779217695184,0.04884633652597283,-1.9127504902865022,0.06962341087412131,-1.341945948435023,True,False,0.47815971847775474,0.13725525736614547
228,2019-11-19,2019-12-17,-0.09161172236032716,0.14187032836875207,-0.6457426539692516,0.04988726338899918,-1.836374981044336,0.07206516360779502,-1.2712345018587852,True,False,0.4763475947311559,0.13729276028357923
229,2019-11-20,2019-12-18,-0.09582872010280728,0.14215608025728285,-0.6741091899085185,0.052124442274242656,-1.8384603445466723,0.06930820824390924,-1.382646046274449,True,False,0.4753773665518365,0.13385786846024592
230,2019-11-21,2019-12-19,-0.09365825900492908,0.14214568832825095,-0.6588892009770151,0.04867753198346045,-1.9240552096345414,0.06388657051803019,-1.4660085561878244,True,False,0.4753773665518365,0.1170342584349365
231,2019-11-22,2019-12-20,-0.09209388816257005,0.14266462484072462,-0.6455271463783445,0.050408501955332655,-1.8269514980662414,0.06898400436316421,-1.3350035129556201,True,False,0.4736744183782174,0.12394628789604788
232,2019-11-25,2019-12-23,-0.07525589096806008,0.14496165399316427,-0.5191434347983419,0.04954666645931676,-1.5188890867128955,0.07348281092244872,-1.0241291810064617,True,False,0.46615066684702855,0.11801477936700847
233,2019-11-26,2019-12-24,-0.06784389395322327,0.1459281526785589,-0.46491299113931367,0.049363176837783365,-1.3743826532107322,0.07490229200760123,-0.905765259444108,True,False,0.4630483615006761,0.11489723839736864
234,2019-11-27,2019-12-25,-0.06440338015436292,0.14648775763665228,-0.4396502560583174,0.04935574189811791,-1.3048812089038586,0.07575698558320274,-0.8501312408164614,True,False,0.4612710331956588,0.11384581136721424
235,2019-11-28,2019-12-26,-0.06590980976351447,0.14656409238274068,-0.4496995730127141,0.04643833447892572,-1.419297451191432,0.07030247191507288,-0.9375176714004473,True,False,0.4609963898377732,0.11250680417332892
236,2019-11-29,2019-12-27,-0.08875435361390885,0.14449693700094757,-0.6142299999987323,0.044189578984524885,-2.008490591073304,0.05926437444128117,-1.4976004463161285,True,False,0.4675101354000765,0.12881041310440985
237,2019-12-02,2019-12-30,-0.11328781679688955,0.14044705196795457,-0.8066229601083983,0.048453869580586166,-2.3380550981273984,0.05284746906105003,-2.143675351151029,True,False,0.4809353201506261,0.13141576540018893
238,2019-12-03,2019-12-31,-0.08819034268641346,0.15735768582902665,-0.5604450918414918,0.05309701066519313,-1.6609285830139056,0.07310616112451136,-1.2063325625347958,True,False,0.42916855122726305,0.13616098614682137
239,2019-12-04,2020-01-01,-0.09326107693923286,0.16416072600881937,-0.5681083363034256,0.06002883371344153,-1.5536046791185623,0.08087145003267297,-1.153201493253235,True,False,0.4113683955104973,0.13758462998296433
240,2019-12-05,2020-01-02,-0.16448364718040706,0.16226527642330396,-1.013671259840682,0.08197307260537237,-2.006557055293632,0.09125784973865024,-1.802405465956795,True,False,0.41619170876490724,0.1567186734809332
241,2019-12-06,2020-01-03,-0.14134462600321251,0.14973066139746571,-0.943992530881887,0.06818566695807968,-2.072937500048371,0.09013320051417528,-1.5681749366148736,True,False,0.45116352314154384,0.15110063962782236
242,2019-12-09,2020-01-06,-0.12364060469496811,0.15318751572016287,-0.8071193276665578,0.06842327535412915,-1.806996289713669,0.09443416320925176,-1.3092783426374979,True,False,0.4409566067578355,0.14495696975337685
243,2019-12-10,2020-01-07,-0.09678581199340365,0.18526815613052283,-0.5224093228693727,0.11466536705150235,-0.8440718804827264,0.13648533932625312,-0.7091297312310435,True,False,0.36455791648282504,0.15084522909626055
244,2019-12-11,2020-01-08,-0.09839425163005483,0.18485763741946043,-0.5322704163246902,0.115046809635371,-0.8552540652096765,0.13584581784270644,-0.7243082870904709,True,False,0.3653732553072091,0.15099723693131048
245,2019-12-12,2020-01-09,-0.12107570633986847,0.18243547566319393,-0.6636631713197836,0.10990914731277612,-1.1015980862385812,0.13281577062771446,-0.9116063986049243,True,False,0.370233046278463,0.1533253730765055
246,2019-12-13,2020-01-10,-0.1646000232188289,0.1899782773726069,-0.8664149685703104,0.08729790035270296,-1.8854980767442076,0.1391593658214736,-1.182816709800136,True,False,0.355486960862821,0.14860819399904346
247,2019-12-16,2020-01-13,-0.2158789508059351,0.20563803703730396,-1.0498006784939957,0.06432511846240165,-3.3560599026664435,0.15517938735323142,-1.3911573855781156,True,False,0.3283559866628341,0.14604476554178333
248,2019-12-17,2020-01-14,-0.23048188445229068,0.2083112828217122,-1.106430152655503,0.0610190551229155,-3.7772116265650593,0.1596039071593443,-1.444086730421854,True,False,0.32413161685956204,0.14443706763594472
249,2019-12-18,2020-01-15,-0.2317895719381665,0.2085362204086753,-1.1115074948798862,0.06104214930014991,-3.7972052851290616,0.1603965058131896,-1.4451036246894735,True,False,0.3237777923303539,0.14459542612026408
250,2019-12-19,2020-01-16,-0.2428200237842638,0.20943180857087432,-1.1594228471846026,0.06236338869472101,-3.8936310047696017,0.1629787644129759,-1.4898874995086855,True,False,0.32238057194301434,0.1429616262215203
251,2019-12-20,2020-01-17,-0.2464013709078073,0.2089880053041618,-1.1790215928861274,0.06370787299281548,-3.86767536463813,0.1617222237053168,-1.523608600366448,True,False,0.3230679372350552,0.1439545745740885
252,2019-12-23,2020-01-20,-0.2474193092532074,0.208988584660098,-1.1838891088506756,0.06323497679266592,-3.91269708320512,0.16292842418529413,-1.5185767031774888,True,False,0.323059067220333,0.1392906064746236
253,2019-12-24,2020-01-21,-0.21653230039266944,0.20271822730250158,-1.0681442082144599,0.06320614654901811,-3.425810814534353,0.15269645475537616,-1.4180571562028734,True,False,0.3330892349427158,0.14164447262058255
254,2019-12-25,2020-01-22,-0.21616518459233378,0.2027195372079798,-1.0663263520109532,0.06364615616326594,-3.396358831754491,0.1524679533134266,-1.4177745545515752,True,False,0.3330892349427158,0.14215325634840395
255,2019-12-26,2020-01-23,-0.2123183121029294,0.2026952002043631,-1.0474757758884472,0.06554288594924,-3.23937997279156,0.1511516782605392,-1.404670557060952,True,False,0.333143547709863,0.15720271960667728
256,2019-12-27,2020-01-24,-0.1841572232573469,0.1815195058490909,-1.0145313165982774,0.059413406203324116,-3.099590395930599,0.1227691457501147,-1.500028546522446,True,False,0.3720755730892442,0.15398347006006471
257,2019-12-30,2020-01-27,-0.04583996927086611,0.1279323257050785,-0.35831420259286667,0.05404307166856317,-0.8482117662000178,0.1148511230976808,-0.3991251285534165,True,False,0.5284799271125128,0.13757822417597435
258,2019-12-31,2020-01-28,-0.009070044995129284,0.12085012000808786,-0.0750520147975217,0.03631285033293733,-0.24977507719635986,0.06329653994498466,-0.14329448344273918,True,False,0.5595611448079375,0.12735836393633176
259,2020-01-01,2020-01-29,-0.03319341379547979,0.12388767023061432,-0.2679315361544126,0.0501851202006823,-0.6614194339426631,0.07771406978885123,-0.427122320136703,True,False,0.5457648804045208,0.10994323828456401
260,2020-01-02,2020-01-30,-0.038803612312848595,0.12151970293373769,-0.31931951260617747,0.04752446229339065,-0.8164976612106796,0.0765104295702702,-0.5071676179416797,True,False,0.5564183965617441,0.11000847943155911
261,2020-01-03,2020-01-31,-0.04520629583481089,0.10689141284224912,-0.4229179373045294,0.03381295411839068,-1.3369519763498994,0.061682531345515094,-0.7328865214948383,True,False,0.6329418113024339,0.10026720804718024
262,2020-01-06,2020-02-03,-0.06260489437341085,0.10760238924985312,-0.5818169541574219,0.04806387393731,-1.3025353398493595,0.07225214992484894,-0.8664779447881841,True,True,0.6286738000187577,0.11937972027514232
263,2020-01-07,2020-02-04,-0.04154440932666547,0.10150647267258742,-0.40927842562974653,0.03200259756510874,-1.2981574149455861,0.06445483918913059,-0.6445506629030789,True,True,0.6666591386037491,0.12694703044598876
264,2020-01-08,2020-02-05,-0.042936528997639646,0.10025905987451623,-0.4282558509064298,0.03263151780796074,-1.3157993216964279,0.06311725282380616,-0.6802661249769274,True,True,0.6750034923772702,0.12381836813860973
265,2020-01-09,2020-02-06,-0.04516069752433417,0.10038543664105011,-0.4498729998636758,0.03214207021234869,-1.4050338769711184,0.0635901853489011,-0.7101834548295525,True,True,0.67412889778627,0.12471090408010416
266,2020-01-10,2020-02-07,-0.03652958617995294,0.101528237191815,-0.359797305560801,0.03258483866229851,-1.1210608270471076,0.06446133926445483,-0.5666898422648198,True,True,0.6664871798033453,0.1372620640346295
267,2020-01-13,2020-02-10,-0.037891347395024096,0.10112121037539033,-0.3747121623085876,0.03151753793194132,-1.2022305637212627,0.06509942961323327,-0.5820534468603336,True,True,0.6691412776219584,0.12971647887829418
268,2020-01-14,2020-02-11,-0.03969468718715604,0.10130470169090856,-0.3918345992298438,0.03162149941253302,-1.2553069248646462,0.0644312389323364,-0.6160782850822116,True,True,0.6679532227734676,0.13907706087070898
269,2020-01-15,2020-02-12,-0.03209789678942728,0.09828742246107218,-0.3265717625481532,0.032474868895650905,-0.9883918821216825,0.060840711854757035,-0.5275726698604957,True,True,0.6885803671289065,0.14100777134574458
270,2020-01-16,2020-02-13,-0.03163087061423262,0.0981479190347761,-0.32227754725013646,0.032529810273629396,-0.9723656654669914,0.06127730652067251,-0.5161922481622399,True,True,0.6895347461290057,0.13895396878512756
271,2020-01-17,2020-02-14,-0.0309501215605876,0.09782852094592392,-0.3163711488359894,0.03264874583527045,-0.947972755729936,0.06095537622169,-0.5077504804174188,True,True,0.6918013175415332,0.13918385428807697
272,2020-01-20,2020-02-17,-0.030673577367638108,0.09792555169524775,-0.31323364368777584,0.03279497551387004,-0.9353133181839174,0.06059161825959659,-0.5062346616362237,True,True,0.6911255655744077,0.13976946719591632
273,2020-01-21,2020-02-18,-0.027005832374137336,0.09664164760703836,-0.2794430045723943,0.03349552638042725,-0.8062519175670547,0.059043184290583486,-0.4573911908481597,True,True,0.7003387443423515,0.14079179823263424
274,2020-01-22,2020-02-19,-0.03069658776449145,0.09677324279428712,-0.31720118989650703,0.03237277292770686,-0.9482223791283318,0.0603360212228056,-0.5087605570002164,True,True,0.6993560462146337,0.1418875113717068
275,2020-01-23,2020-02-20,-0.015005094031191978,0.0954379900225289,-0.1572234916897339,0.03984988842120743,-0.3765404277319513,0.06414013144163985,-0.2339423648491411,True,True,0.7091230160467723,0.15877925160449402
276,2020-01-24,2020-02-21,-0.031716667000143,0.09346945467385553,-0.33932654374429033,0.03174709501303882,-0.9990415496950721,0.05819580482424418,-0.5449991987554735,True,True,0.7242649217964267,0.16085736794934402
277,2020-01-27,2020-02-24,-0.015719574910765616,0.06233306889577987,-0.2521867636109583,0.0185522140295692,-0.8473153061791536,0.027209174596537405,-0.5777306788558761,True,True,1.0902794084343235,0.16848943244180092
278,2020-01-28,2020-02-25,-0.03334414915096857,0.06382233755656029,-0.5224526463233737,0.01942900171851404,-1.7162049617399888,0.05355894725518359,-0.6225691664942392,True,True,1.0645245389923161,0.17148202227568002
279,2020-01-29,2020-02-26,-0.03964595746848169,0.06565693759424171,-0.6038350084722616,0.021618381792212652,-1.8339003284123196,0.06474882210539573,-0.6123039181152589,True,True,1.0343324724862528,0.16982787668881522
280,2020-01-30,2020-02-27,-0.07042221190924276,0.043832011066460196,-1.606638851283032,0.018037626945616142,-3.9041838553135255,0.0394572821174716,-1.7847709758513743,True,True,1.5612838674599465,0.1701416720468212
281,2020-01-31,2020-02-28,-0.07016119541930872,0.044259298807594584,-1.585230613894623,0.01875961830110998,-3.7400118858045945,0.04120808963261829,-1.7026073289204988,True,True,1.545780732191529,0.1744777339451273
282,2020-02-03,2020-03-02,-0.019262682941928917,0.039628233969149135,-0.4860848191449827,0.030304739324486768,-0.6356326888568326,0.08084813418292826,-0.23825760651872147,True,True,1.7338549404131642,0.24490720214992923
283,2020-02-04,2020-03-03,-0.02267970096987091,0.03933119401774144,-0.5766339297922304,0.024291026815348022,-0.9336657994029708,0.07059373803048573,-0.321270718942192,True,True,1.7474317078276607,0.24507434996970331
284,2020-02-05,2020-03-04,-0.0403193144640757,0.03765235093758712,-1.0708312617958269,0.02057720757766667,-1.9594162284602692,0.06185412566503677,-0.6518451927106669,True,True,1.8281608155048907,0.24637022934267358
285,2020-02-06,2020-03-05,-0.04563144916358119,0.03529226933541992,-1.292958770372544,0.020126899417223055,-2.2671872213229873,0.05250083558376214,-0.8691566268650862,True,True,1.9559814243585043,0.2463053061799603
286,2020-02-07,2020-03-06,-0.04546780283025639,0.03533387596916879,-1.2868048461462351,0.02033409959597147,-2.2360371855001797,0.052392571806789454,-0.8678291838379331,True,True,1.953557274078027,0.24630307669996135
287,2020-02-10,2020-03-09,-0.0323211881576253,0.030488524436967403,-1.060109951350607,0.016258926463494867,-1.9879041971309734,0.04027414568576686,-0.8025294542510387,True,True,2.284230275775072,0.25299742357572164
288,2020-02-11,2020-03-10,-0.06006642793408111,0.028350786280438297,-2.118686492145942,0.025428439212389468,-2.3621751784441027,0.04618729970448389,-1.3004966369196471,True,True,2.4677639873246844,0.28306587607976974
289,2020-02-12,2020-03-11,-0.057744924329542875,0.027822250049250492,-2.0754944056402254,0.024273293510290183,-2.3789488766764615,0.04521697714236449,-1.2770629082022549,True,True,2.519121473517542,0.28226907735739437
290,2020-02-13,2020-03-12,0.018906062959058063,0.02225051776521571,0.8496909221867168,0.04197250763204939,0.4504392047479613,0.07810432216334665,0.24206167386637195,True,True,3.2423249532319423,0.480904649052047
291,2020-02-14,2020-03-13,-0.00487346420318662,0.019072286891282427,-0.255525948774092,0.025790026053696097,-0.1889670135671763,0.059254567438370605,-0.08224622023028698,True,True,3.905300480440133,0.48292540960212166
292,2020-02-17,2020-03-16,-0.02156016530164673,0.017036259282621362,-1.2655457365362004,0.018093903254397407,-1.1915707185185103,0.04156507221767586,-0.5187087174716398,True,True,4.575718959034121,0.48468854322919597
293,2020-02-18,2020-03-17,-0.040443368009120156,0.01671679017907059,-2.4193261730206572,0.02061040282729488,-1.9622793570807835,0.041821235357407074,-0.9670534039343512,True,True,4.68823724315622,0.5373912832414777
294,2020-02-19,2020-03-18,-0.04337309873226787,0.016684063735089273,-2.599672323298985,0.021306361016450504,-2.0356877788177803,0.04114323604022888,-1.054197552420492,True,True,4.691466023526225,0.589759038768847
295,2020-02-20,2020-03-19,-0.0494470047062697,0.016531536800687054,-2.9910712659342518,0.023362126904113642,-2.1165455058615827,0.040640267737114676,-1.2166997773273103,True,True,4.744377283066429,0.5956708513338972
296,2020-02-21,2020-03-20,-0.04727022759414397,0.016335491904835374,-2.8937131412707435,0.021556971989673407,-2.192804611741768,0.03958676296256692,-1.194091763422094,True,True,4.8317178924486015,0.6024907605463627
297,2020-02-24,2020-03-23,-0.05444597337093125,0.016169310141103777,-3.367241576529904,0.023141867196294057,-2.3527044256675294,0.03922692396953028,-1.387974581265216,True,True,4.885747675199161,0.6080548980195107
298,2020-02-25,2020-03-24,-0.052131626331929096,0.016255297190024793,-3.2070546433269844,0.023125368460316615,-2.2543046793562462,0.040663361389392826,-1.2820294375744306,True,True,4.845997886682798,0.6359854802669781
299,2020-02-26,2020-03-25,-0.05243211030549327,0.016265793529829112,-3.223458493392306,0.023613943308506115,-2.2203877438211004,0.04102251900449675,-1.2781299534469308,True,True,4.844922105438549,0.657883339807679
300,2020-02-27,2020-03-26,-0.04064881313382467,0.0162699869868731,-2.498392479761712,0.02559685836674501,-1.5880391472820312,0.04253147459870845,-0.9557348649994621,True,True,4.866096656434231,0.8155477088455825
301,2020-02-28,2020-03-27,-0.03504775030184707,0.01651240313355163,-2.1225105769512966,0.025729084001079247,-1.3621841453965846,0.044506507058143636,-0.7874747451212117,True,True,4.750964848283496,0.8154484693395376
302,2020-03-02,2020-03-30,-0.04554813311277331,0.01623912548865838,-2.804839037950949,0.02408013998285502,-1.8915227712631002,0.0434300623454058,-1.0487696920746319,True,True,4.861555921296372,0.8233864492067722
303,2020-03-03,2020-03-31,-0.048931348609000364,0.01633397881781123,-2.9956784660234557,0.02441751269706315,-2.0039448413959726,0.04417430559500298,-1.1076880088984467,True,True,4.815480119195621,0.817855646786189
304,2020-03-04,2020-04-01,-0.04377105419205086,0.01631288465785732,-2.683219743785042,0.022807318912532293,-1.9191670165141286,0.042508113444375356,-1.0297105810006868,True,True,4.816214877338795,0.827161568587433
305,2020-03-05,2020-04-02,-0.04043193849571361,0.01628053047456118,-2.4834533837143535,0.02274348289048737,-1.7777373276730877,0.04229279312083333,-0.956000668487344,True,True,4.836939760095809,0.8330254496299826
306,2020-03-06,2020-04-03,-0.040163262182041526,0.016318519221777263,-2.461207517434741,0.021511820170342096,-1.8670322578009364,0.04304892392953934,-0.9329678541507579,True,True,4.804221486203878,0.8350211015928157
307,2020-03-09,2020-04-06,-0.038156362253122356,0.016322942835668618,-2.33759087667352,0.021570096593876976,-1.7689472129648998,0.04330826117456109,-0.8810411967205712,True,True,4.802977952561789,0.8385849702197677
308,2020-03-10,2020-04-07,-0.038587670203532105,0.016800038560704007,-2.2968798591802213,0.02439067759620942,-1.5820663469197367,0.05029285622340605,-0.767259469856349,True,True,4.60613352308833,0.8749456550554731
309,2020-03-11,2020-04-08,-0.03204689981949992,0.016942581268567663,-1.8915004338184407,0.02784400530806157,-1.1509443223034261,0.05111482822297047,-0.6269589654044534,True,True,4.557307117739573,0.8710768127628166
310,2020-03-12,2020-04-09,-0.03016358337938751,0.01711768263266396,-1.7621300748869686,0.028926316287857492,-1.042773061015356,0.05474255974240077,-0.5510079090442012,True,True,4.4958972760342935,0.8887415060062946
311,2020-03-13,2020-04-10,-0.08606575568967291,0.019522744444698148,-4.408486518556363,0.017423358969367655,-4.9396764332863015,0.0482085619657496,-1.785279464482252,True,True,3.763689324160478,0.8014467070599317
312,2020-03-16,2020-04-13,-0.08577233133545223,0.021708575844237493,-3.9510805292287454,0.020050745479912015,-4.277762710687433,0.09071258208501712,-0.9455395201413755,True,True,3.3140066471136205,0.8025671104246958
313,2020-03-17,2020-04-14,-0.16141304751533195,0.04047941167672597,-3.987534423780619,0.0693267533640902,-2.328293763702203,0.10994449997508411,-1.4681320807490303,True,True,1.6879712780797953,0.8037295776457943
314,2020-03-18,2020-04-15,-0.07447576069872823,0.04053721294796603,-1.8372195640170443,0.06567245829858781,-1.1340486198965651,0.10385114538010178,-0.7171395214385188,True,True,1.69174150090634,0.7731728208709864
315,2020-03-19,2020-04-16,-0.09851023706231807,0.040858043500783967,-2.4110365700802068,0.07390918782921851,-1.3328550881920802,0.10508638105195384,-0.9374215390823614,True,True,1.6774621895691424,0.7138828395882214
316,2020-03-20,2020-04-17,-0.07761466906643485,0.04152965795025664,-1.8688973831520617,0.07105907797616323,-1.0922555045320275,0.11262376266820859,-0.6891500268472552,True,True,1.6503790171934165,0.6989952869058994
317,2020-03-23,2020-04-20,-0.06290562160015724,0.03931669779122118,-1.5999721526512103,0.06453770529141914,-0.974711160183148,0.10331991017119281,-0.6088431696846006,True,True,1.746980586178092,0.7015076542959867
318,2020-03-24,2020-04-21,-0.0164753848554392,0.03980306019940585,-0.4139225670815415,0.06333848544890751,-0.2601164953451437,0.11408725716828877,-0.14441038608840034,True,True,1.7256329280029283,0.6828796561693816
319,2020-03-25,2020-04-22,-0.01636775910409421,0.03937938727816277,-0.4156428079613798,0.059062248300853264,-0.2771272610673331,0.10667032719433579,-0.15344247584686646,True,True,1.7452249654487577,0.6764798650532975
320,2020-03-26,2020-04-23,0.00027194892787562154,0.040190567122243344,0.00676648645062568,0.05910104583191207,0.004601423275132309,0.10998816980375366,0.0024725288943424216,True,True,1.7088985553288845,0.6668530198515669
321,2020-03-27,2020-04-24,-0.04429393151831361,0.03900521833213743,-1.1355898880283581,0.05204329863278408,-0.8510976952258587,0.08331980523796248,-0.5316134788338684,True,True,1.7610232294183656,0.5144605692688259
322,2020-03-30,2020-04-27,-0.031844857793471675,0.041642786853325474,-0.7647148569963836,0.05692582318105181,-0.5594097022047364,0.09807265784016299,-0.3247067887705444,True,True,1.6459008748829738,0.5180469635543781
323,2020-03-31,2020-04-28,0.02956327356908799,0.04672958179399454,0.6326457981031475,0.0713295415115392,0.41446044573699453,0.08747380568597962,0.3379671587082488,True,True,1.462613085615991,0.5043727325603503
324,2020-04-01,2020-04-29,0.02115169453275484,0.04729855936246136,0.44719532302588355,0.06615228559891016,0.3197424600111369,0.08771256303228192,0.24114783334937007,True,True,1.4446018481234528,0.4968009611429282
325,2020-04-02,2020-04-30,-0.05173149121191243,0.04797838656542535,-1.078224903235735,0.08819768860238761,-0.5865402147342895,0.08019673967858128,-0.6450572856109353,True,True,1.423389121984134,0.44464305447140107
326,2020-04-03,2020-05-01,-0.02237567378961376,0.0498027314978339,-0.4492860756158918,0.08241268320350932,-0.27150764809294486,0.08765747771227443,-0.2552625785453162,True,True,1.3703805479524056,0.4710514013869798
327,2020-04-06,2020-05-04,0.016169455228337654,0.051752499157317944,0.31243815258439067,0.06832575159156452,0.23665243120917134,0.08777899520793038,0.18420642877075025,True,True,1.3175935622589565,0.44499220149352453
328,2020-04-07,2020-05-05,0.019856589555229672,0.05136264485949063,0.38659593191803154,0.06942023470652123,0.286034607044686,0.08737224985847589,0.2272642582443859,True,True,1.3277650436146218,0.4481114781911854
329,2020-04-08,2020-05-06,0.05659039096619344,0.051855296455848805,1.0913136137284691,0.06173446606539113,0.9166741785091505,0.086733088482232,0.6524659960400978,True,True,1.3145168112534051,0.4331295721846493
330,2020-04-09,2020-05-07,0.07573884802177008,0.05242193116506271,1.4447931684029076,0.07057259127173397,1.0732048612207516,0.09339881149711342,0.810918755899917,True,True,1.2998088311081,0.441785951865952
331,2020-04-10,2020-05-08,0.0788210469461492,0.05120969844506478,1.539182017068593,0.0695093553714749,1.1339631410032558,0.08956995410026397,0.8799942764056514,True,True,1.3311103505051605,0.4338023077911186
332,2020-04-13,2020-05-11,0.08356137825390525,0.05125820459557869,1.6302049381790655,0.07071818312462147,1.1816109317550079,0.09109862725567797,0.9172627598369992,True,True,1.3294496111793337,0.4461206568075352
333,2020-04-14,2020-05-12,0.04181716291712923,0.04617183624295083,0.905685507006743,0.055328016567245925,0.7558044822789637,0.0766902243075713,0.5452737072383397,True,True,1.4805758398559394,0.44388403500146545
334,2020-04-15,2020-05-13,0.040772937320667356,0.04662767386272709,0.8744364439174853,0.04978228390066209,0.8190250451752594,0.07719545701195062,0.5281779381700571,True,True,1.4655330937157292,0.4430909986754788
335,2020-04-16,2020-05-14,0.013106770737662192,0.047317441985367734,0.27699660395241316,0.04382447946106409,0.29907419092808435,0.0698998052402414,0.1875079721984205,True,True,1.444080405290215,0.41052302165841315
336,2020-04-17,2020-05-15,0.014551902190890594,0.04732039578488353,0.30751860692465277,0.04443588614643459,0.3274808595677842,0.06983269819220277,0.20838235622571719,True,True,1.4440531686946592,0.4051619774314974
337,2020-04-20,2020-05-18,0.02140876687422587,0.04701526618235238,0.4553577723284666,0.04450140505441159,0.48108069504883066,0.07142792601720559,0.29972544448608124,True,True,1.4536403107324454,0.41700035182933376
338,2020-04-21,2020-05-19,0.02176867938606125,0.052367068768888296,0.4156940592213212,0.05413974176633631,0.40208317727139314,0.09269585048446993,0.23483984743964703,True,True,1.3018680394702409,0.41645537746100625
339,2020-04-22,2020-05-20,0.008338137758984216,0.05273749014038632,0.1581064577928952,0.06306530868121286,0.1322143335749365,0.08893237279021744,0.0937581838578967,True,True,1.2924452219678755,0.39310706215411534
340,2020-04-23,2020-05-21,0.015140668397797659,0.05316304735439292,0.28479684952722273,0.060449323520868084,0.25046878138463957,0.09078605953077482,0.16677305388130925,True,True,1.2817924828660656,0.392932851506489
341,2020-04-24,2020-05-22,0.011881104472127106,0.05306091005506619,0.22391444963527748,0.059147238884914737,0.2008733576768422,0.08992960127527745,0.13211561380950257,True,True,1.2844393768480067,0.39657119778874855
342,2020-04-27,2020-05-25,0.06516827300455143,0.05823874827795361,1.1189847812924407,0.045189881274808476,1.4420987877407878,0.09658636091471735,0.6747150672970578,True,True,1.1677277072521652,0.38702833959157795
343,2020-04-28,2020-05-26,0.06360406731938052,0.05961190551384615,1.0669692030664428,0.04498718681942559,1.4138262873533607,0.09477612576373769,0.6710979880939182,True,True,1.1401201964323366,0.41490259112958944
344,2020-04-29,2020-05-27,0.06684918864491318,0.059701578066931264,1.119722305664496,0.047474994102732634,1.4080926160887164,0.10053640805155539,0.6649251742774887,True,True,1.138646588882955,0.4114693976663651
345,2020-04-30,2020-05-28,0.04482675565977279,0.06058036854790833,0.739955149403272,0.046518491730461554,0.9636330412324832,0.09316808448698173,0.4811385347955327,True,True,1.1220449906169268,0.4103231132171533
346,2020-05-01,2020-05-29,0.07624644068768105,0.06330506875569031,1.204428684564496,0.06848414337745974,1.113344446282088,0.11774931048849938,0.6475319504748019,True,True,1.0729791133215163,0.40455429825976674
347,2020-05-04,2020-06-01,0.020140396910656826,0.06693560415068053,0.30089213604942205,0.04889302051263267,0.41192785185879605,0.09301248010141752,0.2165343498925784,True,True,1.0139131234885363,0.3830431874221246
348,2020-05-05,2020-06-02,0.03145769922161921,0.06679787156120426,0.4709386464925871,0.04502706331002879,0.6986398159040653,0.09317711194829048,0.337611872313417,True,True,1.0156413193051592,0.3894495392669749
349,2020-05-06,2020-06-03,0.030234530433533503,0.06804388984599156,0.44433865409466455,0.04251639800973459,0.7111263382803731,0.09524041634827674,0.3174548326518373,True,True,0.9967762979235973,0.39017990413435044
350,2020-05-07,2020-06-04,0.015469808525205568,0.06821980226959233,0.22676419471389964,0.03381968587931388,0.45742023093915896,0.08126808839510324,0.19035526527947336,True,True,0.9937154683826267,0.3484501295005478
351,2020-05-08,2020-06-05,0.012631967128316738,0.07011010465242384,0.18017327446508136,0.03444029539500928,0.3667787103285772,0.0842576697153974,0.14992067987382696,True,True,0.9665673168386689,0.34901953951741765
352,2020-05-11,2020-06-08,-0.006410917347461311,0.07404656847866746,-0.08657953338253983,0.041950138664747005,-0.15282231600461324,0.08418665403190101,-0.07615123110881696,True,True,0.9148170039049067,0.34185140100905786
353,2020-05-12,2020-06-09,0.0035065029834807485,0.07241999924343107,0.0484189867455544,0.03594520193203709,0.09755135025004512,0.07757265867527396,0.04520282072784538,True,True,0.934934454621295,0.3008352765377948
354,2020-05-13,2020-06-10,0.04896130883188618,0.09516416782989687,0.5144931117288082,0.05839720896389737,0.8384186453526451,0.1085139756590156,0.4511981846996162,True,True,0.7100990818296289,0.3020026973503655
355,2020-05-14,2020-06-11,0.040403285398749045,0.043173580720427214,0.9358335520137335,0.01858830285387252,2.1735865676586923,0.05916208129999097,0.6829253554126604,True,True,1.5833376530823773,0.3242071306708881
356,2020-05-15,2020-06-12,0.01538338274211692,0.04171862748807855,0.36874134333668696,0.023656136240701005,0.650291433292027,0.1254593553579199,0.1226164656930529,True,True,1.6412631766018124,0.34020974322210995
357,2020-05-18,2020-06-15,0.008750157077613549,0.041501965607058516,0.21083717239950078,0.026749653956871282,0.327112907393924,0.13630859847434804,0.06419372787594353,True,True,1.6506341336600419,0.3503260133001611
358,2020-05-19,2020-06-16,-0.0007127011007882799,0.04211485579166254,-0.016922795706909983,0.024942038114001364,-0.028574292827665947,0.1735293324882125,-0.004107092965603912,True,True,1.6262038331965127,0.3334117059184842
359,2020-05-20,2020-06-17,-0.001012635314073959,0.0422195566694248,-0.02398498217313837,0.024233655165828635,-0.04178632183814576,0.1704961487063827,-0.005939344212506836,True,True,1.6226623164673122,0.3449592674233802
360,2020-05-21,2020-06-18,-0.008924580511129673,0.04288264278418427,-0.20811638303274502,0.026207277843729473,-0.3405382491209413,0.20191919693267563,-0.04419877181913183,True,True,1.5972825134900492,0.34743247201281624
361,2020-05-22,2020-06-19,-0.008979137826962693,0.04268580680977578,-0.2103541785441037,0.026185027514128316,-0.34291114730041566,0.1885984824915361,-0.0476098095188314,True,True,1.6048717479999755,0.34752077500893247
362,2020-05-25,2020-06-22,0.002183730441008106,0.04173964019454931,0.05231790285756403,0.0240495015769678,0.0908014843475785,0.13782598406813953,0.015844112819310585,True,True,1.6419870079391963,0.3485662811554125
363,2020-05-26,2020-06-23,0.00353329531792242,0.04170439640038972,0.0847223703707507,0.024489108732583365,0.1442802739987545,0.1431175454651542,0.024688065369194687,True,True,1.6430283161798733,0.3520221359843686
364,2020-05-27,2020-06-24,0.012500816712056929,0.041301871839058306,0.30266949548362043,0.030245990617633466,0.41330491932272606,0.07350173756041682,0.1700751183165096,True,True,1.6607094231555637,0.34701303763884217
365,2020-05-28,2020-06-25,0.00714631470085112,0.04104414609216065,0.174112885301713,0.025905416036190676,0.2758618001296522,0.0821049253174933,0.08703880642016154,True,True,1.6716266982207426,0.3515852757956349
366,2020-05-29,2020-06-26,0.012841386702281509,0.0406725333192124,0.3157262568696612,0.028839110620667123,0.44527679342090803,0.05340649761229462,0.24044614937125766,True,True,1.687684251607636,0.34249355503488377
367,2020-06-01,2020-06-29,0.0060728824129182265,0.04000385514413854,0.15180742933492097,0.025124660419842113,0.2417100295660987,0.05888195423416639,0.10313656351769696,True,True,1.717014209608804,0.34351068688827097
368,2020-06-02,2020-06-30,0.010271427270123144,0.03985531253094601,0.25771789550383783,0.026525886077478432,0.387222777030774,0.04417608449841375,0.23251103819515656,True,True,1.7236735829986047,0.3220073320094845
369,2020-06-03,2020-07-01,0.008892007526268756,0.03974706196105958,0.22371483796664784,0.0246118100488976,0.36129027115854256,0.04324784817342015,0.2056057792890081,True,True,1.728539355050743,0.31109182975354044
370,2020-06-04,2020-07-02,0.006813694980137755,0.03978861362450382,0.17124735846391845,0.023903964382720716,0.2850445587621073,0.04436636488980262,0.15357794124133545,True,True,1.726653501622842,0.3028694993181529
371,2020-06-05,2020-07-03,0.0068207402728942415,0.03978833696163757,0.17142561850399893,0.023837515613976436,0.28613469555086934,0.0448609824680629,0.15204170523349578,True,True,1.7266715620317694,0.3028934666632043
372,2020-06-08,2020-07-06,0.0017140031723147165,0.03994076744678615,0.04291362639935038,0.02262852674458411,0.07574523925756432,0.05618426916650715,0.030506816191470134,True,True,1.7198691112679185,0.30801019527654355
373,2020-06-09,2020-07-07,0.005450147445819729,0.03990152784909174,0.13658994378441547,0.024103918816472714,0.22611042989802457,0.0436607842446432,0.12482935293331142,True,True,1.7215455624648304,0.30970389656863684
374,2020-06-10,2020-07-08,0.007692057340222012,0.039951104319422975,0.19253678893883228,0.02375123890696298,0.3238592045809866,0.03853931909452774,0.1995898609769216,True,True,1.7192703653702424,0.309146299195501
375,2020-06-11,2020-07-09,0.00656317898066382,0.03985416279639209,0.164679885867731,0.02350463600565088,0.27922912650448745,0.04007186504877978,0.1637852137072835,True,True,1.72361872018665,0.30883929086996476
376,2020-06-12,2020-07-10,-0.01545656076029602,0.07342078259817553,-0.21052023981940107,0.07920261245715876,-0.19515215825307,0.09934943313087982,-0.15557774486678785,True,True,0.9239520454888918,0.2828604791428909
377,2020-06-15,2020-07-13,0.0003587825577994876,0.06892026165979571,0.005205763140751127,0.05366566213654024,0.006685514414909218,0.08082036681093162,0.004439259210971056,True,True,0.9849865041850762,0.27221699699268
378,2020-06-16,2020-07-14,-0.0047529162496742616,0.06737388935500123,-0.07054537440506911,0.06124959686346334,-0.07759914339141512,0.07661843040952832,-0.06203358936315649,True,True,1.007859331734621,0.26917120949845413
379,2020-06-17,2020-07-15,0.00018782006397609065,0.06660110586981254,0.0028200742543709255,0.056179717343939894,0.003343200586543193,0.07704843727457363,0.0024376881688951816,True,True,1.019704814898132,0.26789987725957337
380,2020-06-18,2020-07-16,-0.001230450055586032,0.06650222292337596,-0.018502389867535104,0.05554286430355417,-0.022153161724994003,0.07456584805164847,-0.0165015229858816,True,True,1.0211851033920234,0.2586753002958198
381,2020-06-19,2020-07-17,-0.012167512304001916,0.06505799499579795,-0.1870256269777113,0.057518075218680416,-0.21154241093328893,0.07032003873778263,-0.1730305119622235,True,True,1.0441314603910357,0.25423782573031056
382,2020-06-22,2020-07-20,-0.010400632598894012,0.06731584328221672,-0.15450497374429562,0.06359063588020356,-0.16355604020830117,0.07936577922016601,-0.13104681515243438,True,True,1.0086937258420388,0.25406229783722417
383,2020-06-23,2020-07-21,-0.04090587372792107,0.07060397895705205,-0.5793706577472618,0.05530335243696852,-0.7396635452533038,0.07470249372388657,-0.5475837778470463,True,True,0.9610478032353752,0.26639018145987514
384,2020-06-24,2020-07-22,-0.04058772158487854,0.07059268613508028,-0.5749564693885321,0.05465970260659129,-0.7425529164877703,0.07482251143739511,-0.5424533446573598,True,True,0.9612351073247911,0.260600894716175
385,2020-06-25,2020-07-23,-0.08622834133105499,0.07217679814250193,-1.1946822739464067,0.03203834210982188,-2.6914108425298413,0.04977968264862968,-1.7321994987332177,True,True,0.9394825559117872,0.2231357556569182
386,2020-06-26,2020-07-24,-0.07329476971757884,0.0729717878113802,-1.0044261202292795,0.036929447099255656,-1.9847242640969882,0.05085713607773431,-1.4411894843144326,True,True,0.9291419222615319,0.21117223585103728
387,2020-06-29,2020-07-27,-0.0889861906967165,0.0771865238127705,-1.1528721116210412,0.03915552117471187,-2.272634561538851,0.05239340901726127,-1.6984233774022903,True,True,0.8775191231102758,0.23236477463537727
388,2020-06-30,2020-07-28,-0.06654901153982426,0.08054263906406241,-0.8262581449174042,0.04731374674486076,-1.4065470633448163,0.05371680610390224,-1.238886232571259,True,True,0.8406113128020505,0.22665193675377165
389,2020-07-01,2020-07-29,-0.06930102597903773,0.08055970469929634,-0.8602442900916325,0.04567078991528392,-1.5174037083130425,0.05317462551356659,-1.3032724783620107,True,False,0.8404648500991593,0.22671055702244003
390,2020-07-02,2020-07-30,-0.07153828429847996,0.08169869986212305,-0.8756355293194372,0.04515656652587599,-1.5842277170804493,0.053565310168265795,-1.3355338384815711,True,False,0.8288588149164758,0.2308465814636619
391,2020-07-03,2020-07-31,-0.07352499428366759,0.08210318649508247,-0.8955193753420438,0.04478744857710449,-1.6416428401160104,0.0538913621560306,-1.3643187208887413,True,False,0.8247356437888664,0.23049305112035273
392,2020-07-06,2020-08-03,-0.07456422161066822,0.08214206760368553,-0.9077470751092062,0.04194017320516072,-1.7778710938059057,0.05325046397619805,-1.4002548718448167,True,False,0.8245614895689034,0.2663315971958557
393,2020-07-07,2020-08-04,-0.06875254005021672,0.08221580110957716,-0.8362448473692227,0.043557666711780116,-1.5784256880688856,0.05687513107799292,-1.2088330830558667,True,False,0.823997893533502,0.25065818098655496
394,2020-07-08,2020-08-05,-0.07634019943701169,0.08421509061227062,-0.9064907355913774,0.04744827521676684,-1.6089141088533243,0.049295254517486446,-1.5486318142435318,True,False,0.8039196068390155,0.2853605269412447
395,2020-07-09,2020-08-06,-0.0733543585578829,0.08510322305350736,-0.8619457163421703,0.04853701926905025,-1.5113074445561903,0.052202044491174604,-1.405200874273887,True,False,0.7955390997826914,0.2900635649733016
396,2020-07-10,2020-08-07,-0.08006883975137868,0.08687984376139934,-0.9216043248336643,0.04657760696997892,-1.7190415085726962,0.05185441013748488,-1.544108582839668,True,False,0.7793442540939673,0.31788359059807425
397,2020-07-13,2020-08-10,-0.08466035318096489,0.08930425625875522,-0.947999084563956,0.048566946432683604,-1.7431681297548465,0.05530273713247702,-1.5308528577557032,True,False,0.7580415184877675,0.3176928814694368
398,2020-07-14,2020-08-11,-0.0869802030143093,0.12112840052229405,-0.718082651461251,0.08390826252339074,-1.036610703148122,0.09496540502975803,-0.915914621614613,True,False,0.5580911604568654,0.3181866242239359
399,2020-07-15,2020-08-12,-0.034900045655288967,0.12971962966521094,-0.26904213144426425,0.0893186324265342,-0.39073645338216223,0.10143884330559745,-0.34405011451232864,True,False,0.5210040240872332,0.3133698981906768
400,2020-07-16,2020-08-13,-0.06310694576930276,0.13602420721825959,-0.46393908157864583,0.10155760731632747,-0.6213906317499174,0.105581329477819,-0.5977093306308532,True,False,0.4967929597889478,0.30965686794889546
401,2020-07-17,2020-08-14,-0.06395075062477987,0.13676527737349975,-0.4675949323755128,0.10286039694223874,-0.6217237394163607,0.10587532209033336,-0.6040194198438118,True,False,0.4940819955699059,0.3101014557320714
402,2020-07-20,2020-08-17,0.007479175732846043,0.15266902626744444,0.048989476881473516,0.09251449040530486,0.08084328952232094,0.1139266423640593,0.06564904905163356,True,False,0.4424327469868505,0.30535044816466234
403,2020-07-21,2020-08-18,0.014379469010588092,0.15738730202103643,0.09136359049261883,0.09539100325691978,0.15074240252887777,0.124469900071652,0.11552567329378786,True,False,0.42910531101761357,0.3055909772854818
404,2020-07-22,2020-08-19,0.05066610076332816,0.15225954445299822,0.3327614104281557,0.09394237453609801,0.5393317021581072,0.12866797874041933,0.39377396971117634,True,False,0.44369241882997906,0.2889276406458367
405,2020-07-23,2020-08-20,0.05200313753706542,0.15277639685923194,0.3403872496415861,0.09560981125364448,0.543910053321888,0.13841988626855023,0.3756912315053738,True,False,0.4422540255610333,0.2930696147447101
406,2020-07-24,2020-08-21,0.08737102199964433,0.17224279618421653,0.507255014057015,0.13932921661806805,0.6270832788728546,0.1951974322539864,0.4476033367383602,True,False,0.39219658321027095,0.2986033025714154
407,2020-07-27,2020-08-24,0.08870485975105821,0.1722698995846823,0.5149179280008448,0.13923122415014264,0.6371046458329034,0.19151642939183108,0.4631710189707715,True,False,0.3921163469443205,0.2981907732441764
408,2020-07-28,2020-08-25,0.00499621867308088,0.17835084310625104,0.02801342895869813,0.09687944326872416,0.05157150479511294,0.15992588846493347,0.031240837371845447,True,False,0.37878879655020997,0.26677831179552836
409,2020-07-29,2020-08-26,-0.02754051109601041,0.1703338436328596,-0.1616854907317872,0.08748093976220497,-0.3148172752930226,0.13682238553202897,-0.20128658763637336,True,False,0.39663926383255377,0.26857807937981065
410,2020-07-30,2020-08-27,-0.031197187052806455,0.17122019293936336,-0.18220506890711632,0.08248672191737522,-0.3782085931849232,0.14577297983962223,-0.21401213782642878,True,False,0.39458298436625683,0.2683881243575756
411,2020-07-31,2020-08-28,0.06149619693042157,0.1611578074817044,0.3815899328203691,0.1147811556158334,0.5357691042617324,0.17304756640389296,0.35537163687635726,True,False,0.4191852011513173,0.29372366834003427
412,2020-08-03,2020-08-31,-0.025034359310037498,0.12050295514642116,-0.2077489243281931,0.048709637988651404,-0.5139508389668205,0.13039389781262486,-0.19199026741275654,True,False,0.5610535166870614,0.2935563697682583
413,2020-08-04,2020-09-01,-0.01035005819908229,0.12030601346139813,-0.08603109604660993,0.05175941141066761,-0.19996475842747205,0.12200984871461952,-0.08482969455433904,True,False,0.5618054169682035,0.26352454638194744
414,2020-08-05,2020-09-02,0.006007677020153011,0.12096801467567364,0.049663351393011985,0.05626441205434045,0.10677578954083385,0.14138707606135054,0.042490991309178536,True,False,0.5588289485329384,0.2842249868243514
415,2020-08-06,2020-09-03,-0.04915140692922822,0.07445008761330794,-0.6601927345541821,0.03354610512569083,-1.4651896768661312,0.04678560969160314,-1.050566771561164,True,False,0.9108334923262325,0.2345097783680292
416,2020-08-07,2020-09-04,-0.04911058967476868,0.06960191055476062,-0.7055925517465501,0.02581513209755826,-1.9023954434621635,0.03829846173502794,-1.2823123292665282,True,False,0.9749264336392057,0.23098995208304163
417,2020-08-10,2020-09-07,-0.03762913804101096,0.0698243383298045,-0.5389114876144694,0.02233481165474738,-1.6847752567912382,0.03600475058645165,-1.0451159202077782,True,False,0.9716395079212884,0.1960632863298184
418,2020-08-11,2020-09-08,-0.034128621023774425,0.06991164225218197,-0.4881679205970771,0.022686002184710775,-1.5043911547701163,0.041506201104122155,-0.8222535456367017,True,False,0.97057906076626,0.2176016249761147
419,2020-08-12,2020-09-09,-0.015055474216157414,0.06727459384321524,-0.223791380312819,0.02486479976742094,-0.6054934830355571,0.053928281202859085,-0.2791758587581172,True,False,1.0091393113926448,0.22224374976061118
420,2020-08-13,2020-09-10,-0.017566802650779537,0.06878006107832832,-0.2554054529084244,0.024706673198928462,-0.7110144902690264,0.0516137754006894,-0.34035104997463334,True,False,0.9867134876674628,0.22484379898432924
421,2020-08-14,2020-09-11,-0.03994739819767015,0.06514363194885822,-0.6132203102988075,0.02148430889282894,-1.8593755282956226,0.041758578119237694,-0.9566273565063473,True,False,1.0425458953485018,0.2299986269243147
422,2020-08-17,2020-09-14,-0.03196259894836493,0.06465289240188236,-0.4943722973704784,0.018989168309887568,-1.6832016245662618,0.043495754099539694,-0.7348441154789217,True,False,1.050529911959355,0.24075325552148882
423,2020-08-18,2020-09-15,-0.034014247405644724,0.06485718759174089,-0.5244483868118913,0.0188699219052269,-1.8025642912821433,0.04375934102983778,-0.777302550841699,True,False,1.0472064329251267,0.2394324656030744
424,2020-08-19,2020-09-16,-0.035018738922006125,0.06483656990871482,-0.5401078275934393,0.019144888303885766,-1.829143025864429,0.04314564722279636,-0.8116401346623834,True,False,1.0475206964424741,0.2406378821858902
425,2020-08-20,2020-09-17,-0.03515978878075706,0.06505948380492181,-0.5404252650725333,0.018875731312101244,-1.8626980962701083,0.043632916009875705,-0.8058088249888944,True,False,1.0439153251743745,0.24187222772309924
426,2020-08-21,2020-09-18,-0.033390190442960294,0.06483162125905013,-0.5150293914375804,0.019223563363843506,-1.7369407435544433,0.041516593300898,-0.8042613275361894,True,False,1.0475016008382236,0.23592321121129262
427,2020-08-24,2020-09-21,0.006721145417068028,0.06386746111303813,0.10523583214263624,0.05208053679655491,0.1290529213115297,0.08370718374990976,0.08029353176124832,True,False,1.0638380452178537,0.3246018643515446
428,2020-08-25,2020-09-22,0.0008626865697100167,0.06349178537744105,0.013587372989774731,0.047317013768591376,0.01823205864024032,0.08182123980869645,0.010543552893197852,True,False,1.070279277937708,0.3258509617006021
429,2020-08-26,2020-09-23,0.017206029090787955,0.06293290074060283,0.27340276529931234,0.06059067876188388,0.28397155209972413,0.09701937200600066,0.17734632512075793,True,False,1.0799364437332202,0.35237482454014574
430,2020-08-27,2020-09-24,0.02029260651726408,0.06318171492825109,0.3211784697567688,0.06406810972682328,0.3167349029616869,0.10814355548391033,0.1876450836710582,True,False,1.0755723465566764,0.353198575769051
431,2020-08-28,2020-09-25,0.00618692901239268,0.06187620958998407,0.09998881724316482,0.05769593151725875,0.10723336723564236,0.10083232990526153,0.061358584277539735,True,False,1.0985333815181566,0.3568513691828693
432,2020-08-31,2020-09-28,-0.012913263024417249,0.06264943048498427,-0.2061194000400735,0.05933612502102534,-0.21762902481147067,0.08901391285644294,-0.1450701649891865,True,False,1.0846591258306824,0.329423838655061
433,2020-09-01,2020-09-29,0.012563629801119382,0.06651333119821982,0.18888889753059968,0.06673300673809823,0.18826710222164678,0.14809874567571849,0.08483279006716969,True,False,1.020768886017519,0.32725744108931365
434,2020-09-02,2020-09-30,0.009777658377355348,0.0665499398850076,0.14692212185691342,0.06545691061518348,0.14937549428260533,0.13766212048717474,0.07102649837699021,True,False,1.0203287096177251,0.3465723870407174
435,2020-09-03,2020-10-01,0.004371461066302511,0.06659306332425531,0.06564439069302112,0.06486228013629368,0.06739604369622616,0.12222885623547575,0.03576455839430277,True,False,1.0197999165654947,0.3413058833424753
436,2020-09-04,2020-10-02,0.10187264615512832,0.10118940532057293,1.0067520985264302,0.1284702553794403,0.7929667910618281,0.15797855147679266,0.6448511218948201,True,False,0.6686119732007128,0.3413323651812497
437,2020-09-07,2020-10-05,0.11339826788063817,0.11146286044932913,1.017363697858704,0.14989465960829199,0.7565197331043882,0.19960995195063158,0.5680992694626986,True,False,0.6067438597439919,0.35857567915878436
438,2020-09-08,2020-10-06,0.10625102782185789,0.10710370296709715,0.9920387893077683,0.1340363202854306,0.7927032583078685,0.18023925431940208,0.5894999300960843,True,False,0.6315591791552078,0.3589223071061844
439,2020-09-09,2020-10-07,0.0782435566825807,0.10551509256511912,0.7415390043305163,0.14415843067923023,0.542760879914696,0.17753810713271256,0.4407141539708565,True,False,0.6411881402160716,0.3498069040243879
440,2020-09-10,2020-10-08,0.06510086172934555,0.11188551352247833,0.5818524640034519,0.1617735502879071,0.4024196885923939,0.19905094233217036,0.3270562850222892,True,False,0.6045524684299671,0.3456585338124521
441,2020-09-11,2020-10-09,0.1379115642709691,0.11136804819385625,1.2383404980835173,0.16322210453294606,0.8449319083686482,0.21506019024907227,0.6412696097369142,True,False,0.607172379172131,0.3822448203824168
442,2020-09-14,2020-10-12,0.248118265111313,0.12670065360705085,1.95830296093678,0.16143986637195876,1.5369082661382196,0.23934191288102022,1.0366686809036059,True,False,0.5330955211309211,0.37949447165309147
443,2020-09-15,2020-10-13,0.26509783879062604,0.12639872557307988,2.0973141745590986,0.15507058711435184,1.7095301160828011,0.23145432027319016,1.1453570556718309,True,False,0.5343289504424824,0.39091123383908116
444,2020-09-16,2020-10-14,0.2584263978327278,0.12637406117111713,2.044932286245077,0.15203464550258425,1.6997862360808749,0.2352118974098807,1.0986961147734524,True,False,0.5344654252811977,0.39329883326188797
445,2020-09-17,2020-10-15,0.2797109329994395,0.12605333917497422,2.2189886823321174,0.1546310706694898,1.8088921701725573,0.22716856165770793,1.2312924418692281,True,False,0.5357053499902024,0.39729758836181156
446,2020-09-18,2020-10-16,0.2675821347102319,0.12603157231824016,2.1231357332793155,0.15412781765552167,1.736105388245246,0.232037211854852,1.153186303917557,True,False,0.5358750281016506,0.4029560711568247
447,2020-09-21,2020-10-19,0.18636437238979772,0.1206780273136394,1.5443107294540126,0.14794975237128924,1.25964639617716,0.22710271195831147,0.8206171154134347,True,False,0.5600417209396608,0.40743070608628673
448,2020-09-22,2020-10-20,0.059515812869264835,0.1291258116904031,0.46091336883102957,0.13046217956001072,0.4561920785777492,0.20415120899960537,0.2915280941068533,True,False,0.5234893214529275,0.34111259835551383
449,2020-09-23,2020-10-21,0.09644960537243101,0.1301930957003947,0.7408196636969484,0.12693673363811714,0.7598242258808894,0.21622649342965244,0.4460582227580272,True,False,0.5190572313321226,0.3423065718204551
450,2020-09-24,2020-10-22,-0.014862525853512842,0.1380215387409189,-0.10768265583106838,0.16726138533771764,-0.08885808175930086,0.19314825345115794,-0.07694879755809535,True,False,0.48952003053231274,0.3115554250369936
451,2020-09-25,2020-10-23,-0.014670522561676605,0.1370732933055974,-0.10702684824949436,0.16493835648028915,-0.08894548772486281,0.19089703233728159,-0.07685044854839002,True,False,0.4928271899346208,0.30175818513185293
452,2020-09-28,2020-10-26,0.09115857821096858,0.10039148356596936,0.9080309900098882,0.05850318148872292,1.5581815534004817,0.07971472512598497,1.1435600896433775,True,False,0.6734649480368986,0.2993590594199855
453,2020-09-29,2020-10-27,0.0840443934023384,0.10029338287232631,0.8379854283041493,0.057307517165441114,1.4665509440883746,0.07907643693884309,1.0628247383899894,True,False,0.6741223965520323,0.2997285834029137
454,2020-09-30,2020-10-28,0.13326208543181506,0.06992004736457898,1.905920983390591,0.03295637485510406,4.0435905349940615,0.0669156460636411,1.9914936680888384,True,False,0.9693048536501432,0.34591486883031913
455,2020-10-01,2020-10-29,0.06764851495082924,0.06581180748091761,1.0279084793476336,0.040262692366080606,1.6801786213338252,0.10808481470876594,0.6258836186480763,True,False,1.0316818189141808,0.3483595400358897
456,2020-10-02,2020-10-30,0.0672106027298922,0.06582403922673985,1.0210646979346882,0.0402762262404001,1.6687413147579075,0.10791011387515399,0.6228387712355778,True,False,1.0315026222582109,0.3474562263591013
457,2020-10-05,2020-11-02,0.06092251088639736,0.06521378823095572,0.9341967786112849,0.04121726938349871,1.4780821679271072,0.10748817327794717,0.5667833867532711,True,False,1.041359480747055,0.3482417456395907
458,2020-10-06,2020-11-03,0.08188267126184687,0.06386179597091812,1.2821855385829617,0.03881467682000074,2.109580137471445,0.09273149198134518,0.8830082371404012,True,False,1.063457331274413,0.3615991579174728
459,2020-10-07,2020-11-04,0.060364568411207874,0.054551607253390096,1.1065589347499296,0.029366392260574064,2.0555663724566706,0.07086581190146042,0.851815096610272,True,False,1.2481974612494509,0.36445024018315486
460,2020-10-08,2020-11-05,0.0786066485562121,0.0541384513432537,1.4519559870270917,0.029928336523001347,2.626495745789251,0.07171074851386917,1.0961627118005781,True,False,1.2573013028663904,0.38420575844932414
461,2020-10-09,2020-11-06,0.08515531038484789,0.05327309972952508,1.5984673468822581,0.031052514487819496,2.7422999969374615,0.06906144339788658,1.233036933419405,True,False,1.2778373870231572,0.3905806970057319
462,2020-10-12,2020-11-09,0.07403337372043603,0.05348430143260422,1.3842075475871323,0.025261877946782262,2.930636189296689,0.0653706603902144,1.132516839794973,True,False,1.2733179690184087,0.35957323632240296
463,2020-10-13,2020-11-10,0.07249209913792028,0.05331068435523119,1.359804324680497,0.024584843172340567,2.948650053602061,0.06466617542523902,1.1210203581890947,True,False,1.2775777557865562,0.35950006895846176
464,2020-10-14,2020-11-11,0.060917128062266755,0.05321501420978764,1.1447357285692972,0.023641487168366965,2.5767045714355796,0.07035226344923508,0.8658872518895352,True,False,1.2798804498282998,0.33270945240765515
465,2020-10-15,2020-11-12,0.06545715382985352,0.052522839749248325,1.2462607532714434,0.023300188547141148,2.809297173600979,0.06428667615601374,1.018207158058681,True,False,1.2971670927515935,0.33618553058814565
466,2020-10-16,2020-11-13,0.05671136793832521,0.05180154039243998,1.09478149701127,0.02496550171206207,2.2715893552792146,0.06667161917521057,0.8506073294738772,True,False,1.3155788716653969,0.3228297402633967
467,2020-10-19,2020-11-16,0.06061217917093409,0.05183824006367066,1.1692561147231615,0.023366018503264703,2.5940311209830353,0.06576199735332154,0.9216900582456633,True,False,1.314549638292626,0.32562643509195865
468,2020-10-20,2020-11-17,0.0709970291204634,0.05252469152474749,1.351688645082523,0.019738057646999096,3.5969612811044525,0.061408039570447735,1.1561520220656958,True,False,1.2969866266588579,0.32142340720597273
469,2020-10-21,2020-11-18,0.06710108898797598,0.052204000947088644,1.2853629562988147,0.020545686496991098,3.2659453359128636,0.0627712266295729,1.0689784570238618,True,False,1.305129134029278,0.32229877781823535
470,2020-10-22,2020-11-19,0.06374759211353247,0.05220974282808365,1.220990348936226,0.0216892804388382,2.939128953276937,0.05994029103350262,1.0635182281297537,True,False,1.305251695976635,0.32375800834595364
471,2020-10-23,2020-11-20,0.0627949380935352,0.05209932577732151,1.2052927203305464,0.02211193092747521,2.839866780494926,0.06319774372959215,0.9936262655549783,True,False,1.3079243609354467,0.3205221926357016
472,2020-10-26,2020-11-23,0.05865180602899691,0.05200983076590501,1.1277061502658463,0.024134024771616483,2.4302538256269655,0.06173583133228014,0.9500448080680389,True,False,1.3104273651850094,0.32712765421544354
473,2020-10-27,2020-11-24,0.06375880554801051,0.057637209869978195,1.1062090911729041,0.026684659973044117,2.3893430012755403,0.08610661446667582,0.740463504957402,True,False,1.1801225510118263,0.32408346521852566
474,2020-10-28,2020-11-25,0.06974875935357404,0.058130839374993214,1.199858114960897,0.028139393265181573,2.4786873937284937,0.08367827274329802,0.833534883870561,True,False,1.169894628255285,0.3238186133965567
475,2020-10-29,2020-11-26,-8.453124611072916e-05,0.08210710627798835,-0.0010295241172491628,0.06307920827963712,-0.0013400809619548931,0.061948115860336446,-0.001364549105921267,True,False,0.8250891536948027,0.2741131377733222
476,2020-10-30,2020-11-27,0.044898590947509365,0.08442261650514936,0.5318313125816324,0.038128229539235906,1.1775682083876045,0.0769666118134617,0.5833515324323587,True,False,0.8020042325947072,0.24596209848139122
477,2020-11-02,2020-11-30,0.05213863855868739,0.08541004367956605,0.6104509061521686,0.0395302990768953,1.318953809513711,0.08120124033020616,0.6420916521307405,True,False,0.7927407467670342,0.2486144713180444
478,2020-11-03,2020-12-01,0.04146241333179106,0.08460028046646051,0.4900978235908886,0.03769355291297475,1.099986871163822,0.08106693007151301,0.5114590289186366,True,False,0.8001689627344358,0.24957370196962517
479,2020-11-04,2020-12-02,0.021656615856186057,0.08419402328919115,0.2572227221141282,0.04189815990104884,0.5168870400832073,0.05938100235453341,0.36470613491644255,True,False,0.8043015475163272,0.2208835365291552
480,2020-11-05,2020-12-03,0.042415763053501455,0.12280407385507124,0.3453937782516804,0.10265150130567013,0.4132015851107532,0.10416190488108859,0.40720994015924883,True,False,0.5501492057457145,0.2358838458812961
481,2020-11-06,2020-12-04,-0.01638490106720563,0.1296744225032957,-0.12635414718572743,0.08705643509357285,-0.18821010818550374,0.11140287177376941,-0.14707790567983878,True,False,0.5210373472009159,0.209086078131568
482,2020-11-09,2020-12-07,-0.07403029826822805,0.14881381438891492,-0.49746926098376076,0.07881567077457324,-0.9392839969600435,0.11816197395841921,-0.6265154159855103,True,False,0.4539117164556083,0.20076958615106627
483,2020-11-10,2020-12-08,-0.10460382819992542,0.153378641953957,-0.6819973554813885,0.08507054921567452,-1.2296127057406119,0.13911970603673815,-0.7518979961925888,True,False,0.44034442626901177,0.19846300333208075
484,2020-11-11,2020-12-09,-0.047731164888647655,0.14276816129972394,-0.33432639640460193,0.07455211039306948,-0.6402389501382223,0.11011753752877604,-0.43345652254686945,True,False,0.473213350811534,0.20478168807401764
485,2020-11-12,2020-12-10,-0.031070252815848496,0.1487327759978771,-0.20889983803093926,0.08399707363273304,-0.369896848450928,0.11695430456253034,-0.2656614729322476,True,False,0.45417443758194037,0.20405722026684053
486,2020-11-13,2020-12-11,-0.07023461801392207,0.1641847468090867,-0.42777797194273215,0.10814147776988361,-0.6494697452107664,0.11732857335361938,-0.5986147790465353,True,False,0.4113272806010719,0.20172757302703923
487,2020-11-16,2020-12-14,-0.020257800750798603,0.18460532141676136,-0.10973573565122204,0.13385273721496815,-0.15134394090323663,0.14697048913171518,-0.13783583949729888,True,False,0.3657562791129904,0.20304446708560592
488,2020-11-17,2020-12-15,-0.006621413743827118,0.16396383287863384,-0.04038337984406777,0.12942683028392069,-0.051159514061357096,0.11675258342415537,-0.056713209674957736,True,False,0.4119142470028577,0.19835760354911913
489,2020-11-18,2020-12-16,-0.002678041797492576,0.16344702795619465,-0.016384769004244706,0.12805345555911413,-0.020913467628027378,0.11395657301223953,-0.0235005469777065,True,False,0.4132243945355675,0.19833408018620421
490,2020-11-19,2020-12-17,0.050943648298923366,0.17015407646704114,0.299397166125439,0.12112103700064547,0.42060115699514594,0.10972373196130794,0.46429015298976256,True,False,0.39685806773835053,0.21216466450345967
491,2020-11-20,2020-12-18,0.06547878033975937,0.17238503848075806,0.3798402745205074,0.09505899166084783,0.6888225847521615,0.1053359570066069,0.6216185071129358,True,False,0.3917331356153032,0.22387364807928542
492,2020-11-23,2020-12-21,0.11233703544284368,0.12307747942873846,0.912734287086912,0.039404191364646735,2.8508905157645734,0.06216531618553969,1.8070693167161025,True,False,0.5491399313456389,0.23801219486550704
493,2020-11-24,2020-12-22,0.11736066750534473,0.1236366215630445,0.9492387127830119,0.03537192379239994,3.3179045673099923,0.05700277464546691,2.0588588579289047,True,False,0.5466355749809004,0.23751507391711865
494,2020-11-25,2020-12-23,0.10943839242258857,0.12415761870690693,0.8814472568206599,0.032113112543053615,3.4079036180583864,0.05961201404797765,1.8358445721110692,True,False,0.5443705651485587,0.23405753864370096
495,2020-11-26,2020-12-24,0.07664456977525971,0.11709104629728977,0.6545724220506326,0.043225602169658886,1.7731290237307191,0.07054399095625914,1.0864790712334838,True,False,0.57745383384321,0.2315080405039192
496,2020-11-27,2020-12-25,0.0766445697752597,0.11709104629728977,0.6545724220506325,0.043241757793040826,1.772466562115442,0.07054399095625911,1.086479071233484,True,False,0.57745383384321,0.2315080405039192
497,2020-11-30,2020-12-28,0.07965577218579276,0.11744301647249342,0.6782503939214565,0.043195307377808384,1.8440839299760594,0.07037617746823358,1.1318570438377078,True,False,0.5757073341218883,0.2314566006188466
498,2020-12-01,2020-12-29,0.04254325462406404,0.11429831657009948,0.37221243409978083,0.07019049437356994,0.6061113403424552,0.1042819487720579,0.4079637475614898,True,False,0.5915448284493146,0.243170922051245
499,2020-12-02,2020-12-30,0.047326709922230835,0.11399052485887767,0.4151810861545041,0.06741117704531427,0.7020602813449984,0.09828257691120817,0.48153712905785323,True,False,0.5931944101855798,0.23506333794343953
500,2020-12-03,2020-12-31,0.04968406279556723,0.11416615248102384,0.435190831221412,0.06719047223521378,0.7394510135549898,0.09483020210454579,0.5239265728949192,True,False,0.5923185440718157,0.2341694466455117
501,2020-12-04,2021-01-01,0.05071665519208977,0.11417493862346347,0.4442012914878613,0.06550104112934761,0.7742877718834651,0.08712963264807605,0.5820827386813235,True,False,0.5923571511546746,0.20824552877196273
502,2020-12-07,2021-01-04,-0.010746212111174573,0.09231659263593449,-0.1164060739714908,0.0640745760002783,-0.16771413534016827,0.08543816457755829,-0.12577765644086927,True,False,0.733442409739924,0.2043714483432809
503,2020-12-08,2021-01-05,-0.0006091253025509194,0.08903775309200984,-0.006841202539348241,0.056542920492573985,-0.010772795201318233,0.08150598777739913,-0.007473381025876289,True,False,0.7605967301363077,0.20805850040125795
504,2020-12-09,2021-01-06,0.0033809918148850803,0.0894448560040748,0.0377997345619412,0.057014075852693066,0.059301001802090574,0.08209532639842995,0.041183730709300655,True,False,0.757082584337279,0.20795719237063096
505,2020-12-10,2021-01-07,-0.06280768142945123,0.0846640151481001,-0.74184624151812,0.0740700544916038,-0.8479497127489056,0.09334639619254728,-0.6728452729968997,True,False,0.8001154533626382,0.22684236558886442
506,2020-12-11,2021-01-08,-0.06311189794034969,0.084241954372139,-0.7491741901137853,0.07380458451376012,-0.8551216480133846,0.09210355524624858,-0.6852275981270578,True,False,0.8041620966088017,0.22683258396037867
507,2020-12-14,2021-01-11,-0.024705765984222142,0.08019248001699854,-0.3080808322549099,0.06260255467814291,-0.39464469319569045,0.09482848634426946,-0.2605310591432331,True,False,0.8452387201047373,0.25077234666283377
508,2020-12-15,2021-01-12,-0.01993476547375503,0.08118769366664025,-0.2455392507589627,0.06647782512272957,-0.299870903371944,0.0997984708492285,-0.19975020963869947,True,False,0.8347782620426001,0.25564448904760906
509,2020-12-16,2021-01-13,-0.0288799561955241,0.08260419450383219,-0.3496185196041624,0.06458401838989627,-0.44716877201995486,0.1016067670838617,-0.2842326060004239,True,False,0.8203454236738082,0.2513715741974155
510,2020-12-17,2021-01-14,-0.03710142867456609,0.08194481478618461,-0.45276115116463916,0.05942287528667524,-0.6243627306079814,0.0990396240286449,-0.3746119700922468,True,False,0.8269691340171547,0.2528514306865837
511,2020-12-18,2021-01-15,-0.035800106034686155,0.08152195134068752,-0.4391468242102586,0.05828803822854345,-0.614193016658347,0.09451473522413006,-0.37877803868138243,True,False,0.8313337698060645,0.24421625495305152
512,2020-12-21,2021-01-18,-0.029799162570653532,0.0816739046328871,-0.364855368487605,0.06094503757221614,-0.4889514184865888,0.09638913421219834,-0.30915479025936055,True,False,0.829782404827954,0.2320087372085091
513,2020-12-22,2021-01-19,-0.0666764592824129,0.09105304184557617,-0.7322815134006684,0.06628929820077896,-1.0058404763987892,0.10773547983359998,-0.6188904470968737,True,False,0.7436287640007156,0.22147123224805443
514,2020-12-23,2021-01-20,-0.05976444620613159,0.08942607932939413,-0.6683111532374557,0.06427199295548464,-0.9298676368651737,0.10511710743230201,-0.5685510918821787,True,False,0.7572439874014579,0.21425414487003872
515,2020-12-24,2021-01-21,-0.06387406716424032,0.09000797015504688,-0.7096490127953275,0.06484218088533523,-0.9850696921683295,0.10552948466721988,-0.6052722361495736,True,False,0.7522963171201767,0.21584427805615516
516,2020-12-25,2021-01-22,-0.05148119507630983,0.09258196261222541,-0.556060744703977,0.06901822684430203,-0.745907239727356,0.11377184718165016,-0.45249502712313383,True,False,0.7313109798472754,0.22906590208323754
517,2020-12-28,2021-01-25,-0.03608526543659747,0.09108840616244572,-0.39615651384045014,0.07219494129344335,-0.49983094092320685,0.1140244096611074,-0.31646965368070484,True,False,0.7434250291779744,0.23832495313653715
518,2020-12-29,2021-01-26,-0.03423679135178824,0.09104091200556214,-0.376059406673085,0.07312290269441127,-0.4682088660356878,0.11474421450434001,-0.29837488103152504,True,False,0.7438078171421485,0.2416636981756564
519,2020-12-30,2021-01-27,-0.016177052256623088,0.041044564626261694,-0.39413384948594304,0.016746179390758356,-0.966014508691496,0.024725591056313317,-0.6542635207295687,True,False,1.6719642359937612,0.2380687245481844
520,2020-12-31,2021-01-28,-0.02356324755518736,0.03707067542695118,-0.6356303812596943,0.01502976724324217,-1.5677719537394763,0.021294680670186406,-1.1065320922223107,True,False,1.858382049739064,0.23409226830759355
521,2021-01-01,2021-01-29,-0.026017075218897668,0.036721397261337704,-0.7084990539368683,0.015092068175930257,-1.7238906500827549,0.0235504826542269,-1.1047363912190589,True,False,1.8768262661845891,0.23468423452598
522,2021-01-04,2021-02-01,-0.03641723072556431,0.03610979803213265,-1.0085138303226755,0.01787360685840254,-2.0374863906354888,0.031807543184650434,-1.1449243506219118,True,False,1.9096779544456608,0.24945673560082188
523,2021-01-05,2021-02-02,-0.027911828656750466,0.035744543439800665,-0.780869636893203,0.015586359287368845,-1.7907856570052352,0.020643196489579577,-1.35210788071702,True,False,1.930176452367199,0.2500692641837942
524,2021-01-06,2021-02-03,-0.030089093246779653,0.03551755693107236,-0.8471611182371713,0.014868999374717076,-2.023612516787276,0.02040165451920897,-1.4748359363918047,True,False,1.9429081305757507,0.24295316505271905
525,2021-01-07,2021-02-04,-0.03289284204732575,0.03545602900413444,-0.9277080082343738,0.01446339092721974,-2.2742137174362234,0.019489884478742014,-1.6876878917985685,True,False,1.9459099047320354,0.25382220680563716
526,2021-01-08,2021-02-05,-0.023090257869824073,0.03579618081500056,-0.6450480845752123,0.01843472656368861,-1.252541381075084,0.018562371689147653,-1.2439282143737922,True,False,1.9274230515102408,0.26739729834029163
527,2021-01-11,2021-02-08,-0.02388156800787277,0.035819969081932364,-0.6667110167864065,0.018459151077167786,-1.2937522374694683,0.019009336290976828,-1.256307303017657,True,False,1.926146422289054,0.271225902395866
528,2021-01-12,2021-02-09,-0.03210854200711627,0.03617685131065388,-0.8875438531506605,0.016551525702904125,-1.9399143368083895,0.03685379120654274,-0.8712412198562618,True,False,1.9061973773087855,0.25675112336732087
529,2021-01-13,2021-02-10,-0.033727930335653605,0.036189148046100086,-0.9319901726531052,0.0165219047169948,-2.0414069027380544,0.038590186843859585,-0.8740027736097977,True,False,1.905477428072896,0.2534556917984883
530,2021-01-14,2021-02-11,-0.03466419428948021,0.03622608777391702,-0.9568848423770072,0.016304684540911094,-2.1260266767199414,0.038802722924528285,-0.8933443757775053,True,False,1.9034167874860504,0.25078984583657826
531,2021-01-15,2021-02-12,-0.03275979770166072,0.0362215168304708,-0.9044292058498787,0.01568867563049156,-2.0881174723244813,0.03335441776185862,-0.9821726745631322,True,False,1.9036907082118473,0.2471617566320425
532,2021-01-18,2021-02-15,-0.035318092474209646,0.036310672340066456,-0.972664238861764,0.01666305409400343,-2.1195449690654034,0.044294476573966714,-0.7973475522446342,True,False,1.898771755398509,0.23716634049388985
533,2021-01-19,2021-02-16,-0.03263682002846342,0.03615712781029064,-0.9026386221743724,0.01573592736807178,-2.0740321981075978,0.03345926084062161,-0.9754196359544293,True,False,1.9072492760480444,0.24431235232891274
534,2021-01-20,2021-02-17,-0.03278745359402938,0.036209993626430854,-0.9054807888752776,0.015195167108955621,-2.157755380966185,0.030289560722434907,-1.0824671210812356,True,False,1.9042848154322305,0.2474758079476145
535,2021-01-21,2021-02-18,-0.03215274202879591,0.036304637619729595,-0.88563732175425,0.015203032599358202,-2.1148900272800337,0.027915454769655262,-1.1517900136001609,True,False,1.8991015257899468,0.2483628389064026
536,2021-01-22,2021-02-19,-0.03125895431240847,0.03629785267947483,-0.8611791608842008,0.015707970017389758,-1.9900059828101753,0.028660812331046635,-1.0906513727298446,True,False,1.8995365753148132,0.26029634808391316
537,2021-01-25,2021-02-22,-0.030990944196256934,0.03621221999644482,-0.8558145344112984,0.016026059836873323,-1.933784380671778,0.02952498113966941,-1.0496516170375423,True,False,1.9042651053304465,0.2544303011587632
538,2021-01-26,2021-02-23,-0.03312128406273305,0.036291201924232436,-0.9126532687421751,0.01611910398878121,-2.05478443999029,0.037733358846937966,-0.877771952321727,True,False,1.8998911441857405,0.2469896568205222
539,2021-01-27,2021-02-24,-0.03177585208687421,0.03612453271596816,-0.8796197403220195,0.016099690013620983,-1.9736934102452013,0.03419068495203308,-0.9293716148551368,True,False,1.9090912941924547,0.24592157332565626
540,2021-01-28,2021-02-25,-0.045434863465372545,0.04945943638362011,-0.9186288156008907,0.027345923951201348,-1.6614857682794266,0.028114851283491896,-1.6160449510202597,True,False,1.3798657118991502,0.2345741636955051
541,2021-01-29,2021-02-26,-0.053953138820803145,0.058070537095707905,-0.9290966042191284,0.027455169014464324,-1.965135920029441,0.042391756597399556,-1.2727271326169296,True,False,1.1714553166414519,0.2933062580948939
542,2021-02-01,2021-03-01,-0.029514822320179514,0.05607948756933177,-0.5263033526062444,0.025659430011110963,-1.1502524532851706,0.03249712198069243,-0.9082288067760341,True,False,1.2139523248285762,0.30035228405650993
543,2021-02-02,2021-03-02,-0.010488895602894786,0.05718666129190944,-0.1834150720804314,0.01880500068990994,-0.5577716148940497,0.029790530241221067,-0.35208824810984174,True,False,1.1902091970655202,0.2865662459594196
544,2021-02-03,2021-03-03,-0.004254793840814767,0.06066133078192944,-0.07014013352444023,0.021495755526844466,-0.19793646403827345,0.04257870967093245,-0.09992773087060977,True,False,1.120975603481891,0.2882045889091934
545,2021-02-04,2021-03-04,-0.006162152823085639,0.06208033031724874,-0.09926095417977364,0.02181420496557655,-0.2824834933388448,0.044278105402647656,-0.13916929749024823,True,False,1.0949944785314534,0.2884594643730425
546,2021-02-05,2021-03-05,-0.0707614122717799,0.057956312081273956,-1.2209440133552485,0.06860524884358321,-1.0314285490475028,0.09592545545364622,-0.7376708501110399,True,False,1.1736168871668358,0.33885025589196394
547,2021-02-08,2021-03-08,-0.07624877065946495,0.05812494284213518,-1.3118080970256314,0.06513530399721923,-1.1706212450120779,0.0945173561943029,-0.8067171335465358,True,False,1.169770997419524,0.33039729937315104
548,2021-02-09,2021-03-09,-0.06450785988663861,0.05750908343130294,-1.1216986263343252,0.0553175039496272,-1.166138297660362,0.08850634763873375,-0.7288500950230999,True,False,1.1826799162326946,0.33630951830962524
549,2021-02-10,2021-03-10,-0.05285255525746478,0.05696494186939187,-0.9278084646982369,0.0495919961507837,-1.0657476883319519,0.08348452151709329,-0.6330820887156109,True,False,1.1942873371595077,0.33904951538203465
550,2021-02-11,2021-03-11,-0.04398397232803308,0.05689962526735151,-0.7730098769784111,0.04968553684284215,-0.8852469978769998,0.08297415271953956,-0.5300924551372407,True,False,1.195935061638558,0.3657266106144677
551,2021-02-12,2021-03-12,-0.04627282346174912,0.05668313543882984,-0.816341987850776,0.04840169178817089,-0.956016654629786,0.08127803866228193,-0.569315207691184,True,False,1.2004953039674302,0.3649655737131228
552,2021-02-15,2021-03-15,-0.049123877199355084,0.05695158554098516,-0.862555040965508,0.04841450170901826,-1.014652128294128,0.08263998729570278,-0.5944322936979625,True,False,1.1946425372974858,0.3646739599497402
553,2021-02-16,2021-03-16,-0.04810067665059131,0.05694275532021844,-0.8447198661198678,0.04883041271434604,-0.9850557055902103,0.08273339231981255,-0.5813937432258827,True,False,1.1949201887633047,0.3687087811405344
554,2021-02-17,2021-03-17,-0.054156496244934786,0.05744314743681334,-0.9427842773501605,0.04845174280997614,-1.117740933640555,0.0825404734412952,-0.6561204944317676,True,False,1.1842983867081622,0.3663931292028173
555,2021-02-18,2021-03-18,-0.07080824376518657,0.05612179826767866,-1.261688790288925,0.05390786502696186,-1.313504879664072,0.08921111746785489,-0.7937154670291026,True,False,1.2126404076802162,0.3746256439459528
556,2021-02-19,2021-03-19,-0.07385248234753253,0.05627340982065518,-1.3123868374584429,0.054421688185227676,-1.3570413710094937,0.08932802111857814,-0.8267560550736631,True,False,1.2092503345538408,0.37546856343546325
557,2021-02-22,2021-03-22,-0.07563479775468956,0.0554515458571394,-1.3639799681968932,0.05117358087547475,-1.4780047919401709,0.08293757634413722,-0.9119484929346638,True,False,1.2272928378053187,0.36171722603735934
558,2021-02-23,2021-03-23,-0.07389464297428992,0.05543821066157848,-1.3329189757832984,0.049017333828239563,-1.5075206504136338,0.0820118712562544,-0.9010237401290189,True,False,1.2275928557414388,0.36322822760921075
559,2021-02-24,2021-03-24,-0.06993637020517682,0.05522385013951841,-1.266416050827468,0.04738602378117255,-1.47588602344314,0.07961948437279111,-0.8783826064198506,True,False,1.2323567654869338,0.3672109778033917
560,2021-02-25,2021-03-25,-0.08133329663635082,0.05544542249060698,-1.4669073294577115,0.04566948617870038,-1.7809111387437406,0.08179427142450849,-0.9943642167094413,True,False,1.226894012609387,0.36640883907482485
561,2021-02-26,2021-03-26,-0.10557130285974586,0.07631337831080541,-1.3833918140772146,0.06683160366277033,-1.579661373868186,0.14342053585661876,-0.736096140132179,True,False,0.8877557427580836,0.3725245224748108
562,2021-03-01,2021-03-29,-0.08472206724510245,0.07368442078536133,-1.149796203079253,0.07003798848091618,-1.2096587735124256,0.1375514494924943,-0.6159300215133352,True,False,0.9201657045982108,0.33413936610574285
563,2021-03-02,2021-03-30,-0.14981059120551163,0.08503220330392534,-1.761810060008123,0.0759121942461952,-1.9734720184698162,0.16286932960593759,-0.9198207640933896,True,False,0.7958925173692879,0.32844016347261634
564,2021-03-03,2021-03-31,-0.14892210400499578,0.08576409793605405,-1.736415441762502,0.07580980658357159,-1.9644174113651947,0.16756134009578075,-0.8887617150821874,True,False,0.7891612695864862,0.33990043605503184
565,2021-03-04,2021-04-01,-0.16804124851209273,0.09050036308350005,-1.8568019263861921,0.0940816876167835,-1.7861206869137345,0.17266022476292892,-0.973248174226703,True,False,0.7475272094616093,0.33924237023224635
566,2021-03-05,2021-04-02,-0.17063880913979942,0.09619821999214548,-1.773825016239718,0.10598801995494424,-1.6099820452569866,0.19630220267578105,-0.8692658911302789,True,False,0.7030152197292976,0.33877083146014497
567,2021-03-08,2021-04-05,-0.01436268667960603,0.11224518453722367,-0.1279581546310609,0.10667114765208557,-0.13464453130710477,0.1274777094164208,-0.11266822054896389,True,False,0.6026561901786589,0.2798590978605462
568,2021-03-09,2021-04-06,-0.05814372056515585,0.11411816532759432,-0.5095045157643839,0.08518795607057053,-0.6825345183418772,0.11897584896846188,-0.4887018757947135,True,False,0.5926379490897781,0.2612679017118737
569,2021-03-10,2021-04-07,-0.08373572316168691,0.11572977983319566,-0.7235451694661252,0.08210222649964917,-1.0198958875012327,0.11788399298661092,-0.7103230984990259,True,False,0.5843474478850399,0.25621535933243655
570,2021-03-11,2021-04-08,-0.10914531348995786,0.11854649824780325,-0.9206962255587368,0.08004044646837072,-1.3636269949229782,0.11640976542675799,-0.9375958545215802,True,False,0.5703685715580342,0.2499819929700098
571,2021-03-12,2021-04-09,-0.1266827917601259,0.11886765022019337,-1.0657465805495068,0.08294090660339354,-1.527386146933468,0.11425005443817848,-1.108820406109083,True,False,0.5687757825748659,0.2143721246383365
572,2021-03-15,2021-04-12,-0.12272518232268996,0.12069044620174903,-1.0168591316460924,0.0807206690471859,-1.5203687453451358,0.11468699071514077,-1.0700880854700812,True,False,0.5601755423570501,0.21363541005803882
573,2021-03-16,2021-04-13,-0.116648376172278,0.12122152947881679,-0.9622744134131888,0.07723042228338009,-1.5103941260901355,0.11468677002134127,-1.0171040317080313,True,False,0.5577308163014557,0.21297291245661734
574,2021-03-17,2021-04-14,-0.12578097616508468,0.12069587008799967,-1.0421315665016329,0.07741218649854004,-1.6248213860676428,0.11166824352983883,-1.1263808956704402,True,False,0.560144647896904,0.21483831835304573
575,2021-03-18,2021-04-15,-0.11726770342069437,0.12092602934597477,-0.969747407195404,0.07307731844806141,-1.6047072595314318,0.11209498837823202,-1.0461458189817419,True,False,0.559081964586087,0.21349618277106008
576,2021-03-19,2021-04-16,-0.04607168901961629,0.13895362906452852,-0.3315616103716234,0.07164321147448625,-0.6430712425003929,0.10563363021251967,-0.4361460353764864,True,False,0.4864481384780797,0.202264772965017
577,2021-03-22,2021-04-19,-0.06889543566036839,0.13434527987581157,-0.5128236416199746,0.07642046180797787,-0.901531265716273,0.11025130676106366,-0.6248945040595155,True,False,0.5031366721658869,0.20450247040721306
578,2021-03-23,2021-04-20,-0.04470501710267044,0.14005310767707996,-0.31920046505320443,0.06680718103889949,-0.6691648473633436,0.1129014198922207,-0.3959650564656076,True,False,0.48258575342274695,0.20487772453102052
579,2021-03-24,2021-04-21,-0.09027679437797696,0.1436965089620427,-0.6282462603306772,0.05823296614203503,-1.550269552778479,0.11843703820791962,-0.7622344812396732,True,False,0.47025898267758676,0.19395403511350345
580,2021-03-25,2021-04-22,-0.11613860926054742,0.14095412601669177,-0.8239461485986888,0.05504623463703315,-2.109837485276668,0.11297736620536782,-1.0279812068678709,True,False,0.4793568061299497,0.17630885238194952
581,2021-03-26,2021-04-23,-0.05838458207641535,0.14104021300286945,-0.41395699023247734,0.05914173606122866,-0.9871976368088107,0.09299974486879282,-0.6277929273761588,True,False,0.4790449127838202,0.15575760489571486
582,2021-03-29,2021-04-26,-0.07926444371293591,0.14319334108570422,-0.553548392068696,0.05354854985420292,-1.480235112412005,0.09758167173461403,-0.8122882330659984,True,False,0.4717927896494081,0.15672271594691317
583,2021-03-30,2021-04-27,-0.1495051581197971,0.160914349331222,-0.9290977388974769,0.07665496888942083,-1.9503648659158261,0.09401900607769084,-1.5901588876216826,True,False,0.419659838018567,0.15128257695476421
584,2021-03-31,2021-04-28,-0.10571958343903237,0.16642127613141117,-0.6352528107977796,0.06324092996236533,-1.6716955854688742,0.07945876844790464,-1.330496124016131,True,False,0.4057145645996471,0.13190110029121047
585,2021-04-01,2021-04-29,-0.10579153996732737,0.16543815176979876,-0.6394627770898487,0.06042567693619928,-1.7507712835228613,0.07486758019434325,-1.4130487414273425,True,False,0.4081898796398842,0.12128385913604778
586,2021-04-02,2021-04-30,-0.041472765023096075,0.1882096743685213,-0.22035405545567713,0.08997230666270117,-0.4609503364026676,0.1087365356610349,-0.3814059807126778,True,False,0.358801802417507,0.14812412640763672
587,2021-04-05,2021-05-03,-0.04120730515317055,0.18716096605991012,-0.2201704020911076,0.08994859692680549,-0.4581205995542373,0.10938679095506637,-0.37671189357860935,True,False,0.36080692376021173,0.14741354375425042
588,2021-04-06,2021-05-04,0.03735505348318741,0.17955460179203997,0.2080428633427731,0.10320855792045784,0.3619375586274222,0.10375955482370389,0.36001555275229113,True,False,0.37619039247633046,0.1543542145178021
589,2021-04-07,2021-05-05,0.045826235021672206,0.17858343987732497,0.2566096557057687,0.10491481834210416,0.4367946849247065,0.1030664277874711,0.44462814910174764,True,False,0.3782495099873591,0.15039122077469297
590,2021-04-08,2021-05-06,0.10615854341632577,0.18129892861142546,0.5855442402743226,0.12353228441081576,0.8593587006234554,0.10434578543493064,1.017372603731327,True,False,0.3725046522462821,0.15577673648071524
591,2021-04-09,2021-05-07,0.22832247301009048,0.16222332105935808,1.4074577657459404,0.17863703346980034,1.2781362776531429,0.15802142335020716,1.4448830302210485,True,False,0.4161151541034532,0.2138414199323711
592,2021-04-12,2021-05-10,0.09513029446319561,0.1296381593529751,0.7338139860824276,0.08504153008149591,1.1186333826782229,0.18053835475057947,0.526925675126605,True,False,0.5210734717936334,0.21102756998098054
593,2021-04-13,2021-05-11,0.09963219364280387,0.11975990087126798,0.8319328332602769,0.07099129851089779,1.403442333534855,0.1434983159877876,0.6943091489051555,True,False,0.5642003225946841,0.2145674114308519
594,2021-04-14,2021-05-12,0.1479852068277113,0.08368425065483343,1.7683758373854064,0.038880126678832776,3.8061914779788464,0.08056449524351424,1.8368538942670865,True,False,0.8087348846007263,0.26325430027355384
595,2021-04-15,2021-05-13,0.07135206752243868,0.07021370299697284,1.0162128541420885,0.04123380778369021,1.7304263505506658,0.11152067868794677,0.6398101980897509,True,False,0.966158800070788,0.26123487375418514
596,2021-04-16,2021-05-14,0.07524946086652919,0.06279478922717042,1.1983392538241022,0.031153057832285037,2.415475914808769,0.08141015516907674,0.92432523571841,True,False,1.0816425254457713,0.2723601937546177
597,2021-04-19,2021-05-17,0.07425120070011905,0.06267420274222807,1.184717115676858,0.03151788436725102,2.3558434263839905,0.08129414111644187,0.9133647232186777,True,False,1.0837745003495294,0.2720398725401958
598,2021-04-20,2021-05-18,0.07109885997550255,0.06226600372288045,1.141856803464269,0.032801060497759243,2.167578087310914,0.08053292188046532,0.8828545930698292,True,False,1.0910181733977444,0.2705949556799669
599,2021-04-21,2021-05-19,0.07135337379390752,0.06258192566027003,1.1401594476535264,0.03270376916306357,2.181808874632584,0.08129277482113811,0.8777332788910275,True,False,1.0854408511918938,0.2705559088084095
600,2021-04-22,2021-05-20,0.06875760949353016,0.062279826799665663,1.1040109298104097,0.03355436845717594,2.049140325239102,0.08030772878240729,0.8561767408443087,True,False,1.0908221455019937,0.27069263776531716
601,2021-04-23,2021-05-21,0.0646065837930369,0.06253562216158423,1.0331165111958358,0.03304668056190584,1.955009782964748,0.08021711073962656,0.8053965444198153,True,False,1.0864111141045385,0.27465740847766534
602,2021-04-26,2021-05-24,0.06379066772269057,0.06216870390736213,1.026089715779588,0.03279791122058051,1.9449612901769877,0.07906243614545395,0.8068391366708284,True,False,1.0929207909039609,0.2747405718019071
603,2021-04-27,2021-05-25,0.06461264694519364,0.062146245113981355,1.039687061168196,0.03240290685103848,1.9940385979019928,0.07759418448988194,0.8326996071931002,True,False,1.093371158515378,0.27101169053816054
604,2021-04-28,2021-05-26,0.05994445605067439,0.06147865613649573,0.9750449963900465,0.03186187908125433,1.8813848328845804,0.07654866653563921,0.7830894875584239,True,False,1.105448820214178,0.26982230178869826
605,2021-04-29,2021-05-27,0.05871730507737092,0.06139523543956995,0.9563821142955814,0.03128676921427847,1.876745555772306,0.07576768223120899,0.7749650424595547,True,False,1.1070168715532822,0.2696113033502503
606,2021-04-30,2021-05-28,0.05881192503170324,0.06143208425042528,0.9573486843122386,0.03142961052364061,1.8712266570235194,0.07621140621632953,0.7716945264697377,True,False,1.106329065664025,0.2699389037287309
607,2021-05-03,2021-05-31,0.05272421354638971,0.061762456171683446,0.8536612177441618,0.03036442268657637,1.736381227814295,0.08052624166391077,0.65474573824571,True,False,1.1002942751401827,0.2585091274674288
608,2021-05-04,2021-06-01,0.04698757791125041,0.061359387296713544,0.7657765173572244,0.03346044422885392,1.4042723877147945,0.08199829498057544,0.573031157811041,True,False,1.1075868675258602,0.26122244101736414
609,2021-05-05,2021-06-02,0.039547436990338206,0.06176290858096001,0.640310469486693,0.03418074818922185,1.157009108501862,0.08695101724426513,0.45482431653721184,True,False,1.1002385094794662,0.2529323358917098
610,2021-05-06,2021-06-03,0.04649262569018042,0.061673567102682875,0.7538501156058142,0.029722611200284868,1.564217402599366,0.08005595165499259,0.5807516459306367,True,False,1.102041444376095,0.28560658513875625
611,2021-05-07,2021-06-04,0.05161607771726378,0.06111078747800317,0.8446311992926452,0.02906421760631515,1.7759321243881858,0.07786446406360671,0.6628964616657365,True,False,1.1122761051654275,0.2908846288766931
612,2021-05-10,2021-06-07,0.0311904525532634,0.06191712087111425,0.5037452018834819,0.028462720333642944,1.0958352605670048,0.08001706742659365,0.38979749641383715,True,False,1.0978148237574619,0.24882318279086016
613,2021-05-11,2021-06-08,0.05633361363221366,0.06469507620815285,0.8707558122501218,0.02897066958991323,1.9445050607952616,0.07379316204775589,0.763398830853147,True,False,1.0499394298379772,0.2467244647675542
614,2021-05-12,2021-06-09,0.05585623539606434,0.06629291265835092,0.8425672241002089,0.031027419321189433,1.8002217592720855,0.08104416027445782,0.6892074050357975,True,False,1.0243210080379934,0.24605226693843252
615,2021-05-13,2021-06-10,-0.01035810942881089,0.085253287914328,-0.12149806397167781,0.0358908264969965,-0.28860047092194163,0.08196193429552957,-0.1263770739165663,True,False,0.7946751962073112,0.20135452545587113
616,2021-05-14,2021-06-11,0.029436110190766106,0.10180053537366635,0.2891547680247329,0.04942093488658559,0.5956202621079109,0.10219892962157211,0.28802757817291996,True,False,0.6647783307392073,0.23287804928958178
617,2021-05-17,2021-06-14,-0.06180226998791165,0.13351893081731026,-0.4628727148247895,0.08348726900516965,-0.7402598111585704,0.0977107575137856,-0.6325022091778607,True,False,0.5062928715273578,0.21628985669888412
618,2021-05-18,2021-06-15,-0.03112041165181791,0.13508061786217418,-0.23038398953409267,0.08187002630366741,-0.38011972216043927,0.10862192468291881,-0.28650211955516663,True,False,0.5004388527468692,0.229255357392177
619,2021-05-19,2021-06-16,-0.014414359750968471,0.14005617320090433,-0.10291841781434165,0.07935733094048261,-0.181638666272422,0.10699294429785927,-0.1347225262895852,True,False,0.4826154423418396,0.22863945058049098
620,2021-05-20,2021-06-17,-0.042094588493339455,0.14366582470016204,-0.29300349321902425,0.10533057167625116,-0.39964264717676934,0.13629440372440385,-0.3088504541863469,True,False,0.470288016072985,0.3634933185466744
621,2021-05-21,2021-06-18,0.0178676296868306,0.12179448279999228,0.1467031122926344,0.07543289310273181,0.23686788285445626,0.12321714340940043,0.1450092835496416,True,False,0.5549575021912521,0.3701532367980415
622,2021-05-24,2021-06-21,0.04556264478206384,0.10759719919630914,0.42345567656399324,0.05754031732859805,0.7918386080818292,0.0885656286292101,0.5144506451008997,True,False,0.628559836395054,0.37420861379895964
623,2021-05-25,2021-06-22,0.029050148127642207,0.10998919718645424,0.2641181940658795,0.06123240354740223,0.4744244296266017,0.0976310201015323,0.2975503902082682,True,False,0.6147940823759317,0.37120431747946986
624,2021-05-26,2021-06-23,0.0432105493833431,0.11041137668799512,0.39135957434394825,0.05974480859581426,0.7232519510719538,0.09404963090805098,0.45944411441219307,True,False,0.6125229784482725,0.3898818054000636
625,2021-05-27,2021-06-24,0.048455951257135074,0.11377423957499651,0.42589562837899164,0.06393532714547329,0.7578900964545362,0.09912920370985319,0.48881610508002776,True,False,0.5943625872852228,0.39060370326680893
626,2021-05-28,2021-06-25,0.05489566172979806,0.11422146132107623,0.4806072439879446,0.06487394807016447,0.8461896240756862,0.0988973600126706,0.5550771195789745,True,False,0.5920788772316304,0.3993706228975187
627,2021-05-31,2021-06-28,0.05553385693193106,0.11415658432875414,0.4864709053662795,0.06588143387073121,0.8429363732564841,0.09824660052573692,0.5652496537769088,True,False,0.592390823582842,0.3979435575460123
628,2021-06-01,2021-06-29,0.058495664431168146,0.11397820551985255,0.513217980265354,0.06793365595914085,0.8610704606616602,0.09688949721879006,0.6037358651895648,True,False,0.5932779479824444,0.3991672429264579
629,2021-06-02,2021-06-30,0.09015522206267029,0.11678764155945241,0.7719585810522211,0.07997141305164335,1.127343117026712,0.08435291712201773,1.0687860614501268,True,False,0.5787661234802992,0.3954603452645104
630,2021-06-03,2021-07-01,0.08847250877302597,0.11686531298693317,0.7570467789952197,0.08071079228533522,1.0961670213848342,0.08517518474377947,1.0387122615485411,True,False,0.5783548348425193,0.3957950592188245
631,2021-06-04,2021-07-02,0.07273339018514802,0.11768388951407703,0.6180403323298372,0.062497560072037384,1.1637796755795327,0.08846557319939445,0.8221660421643645,True,False,0.574516090954189,0.38600749528962713
632,2021-06-07,2021-07-05,0.029981683347086067,0.12279632379692985,0.24415782508821054,0.07003638504330191,0.4280872482003329,0.10611581231624007,0.2825373777259173,True,False,0.5504857296867914,0.37289126859949007
633,2021-06-08,2021-07-06,0.052104824282093246,0.11833520561072132,0.4403154920227095,0.07437330535443208,0.7005850289130412,0.08876890469068635,0.5869715804611036,True,False,0.5711433300506485,0.37168289593646914
634,2021-06-09,2021-07-07,0.05253092045075755,0.1191962434347101,0.4407095302422969,0.07281093371375358,0.7214702211796352,0.08893932901114013,0.5906376968975983,True,False,0.5669867965511927,0.3717306369489423
635,2021-06-10,2021-07-08,0.013686249720519576,0.10615214021552143,0.12893051136540712,0.06848133262282473,0.19985372942287002,0.09884454468519047,0.1384623679952075,True,False,0.6370091689662574,0.3707671360506969
636,2021-06-11,2021-07-09,0.03855544627535065,0.09946875131825507,0.3876136551869505,0.051917644767614644,0.742627028786192,0.08779245594225812,0.4391658242333363,True,False,0.6800710632280934,0.3763543136080282
637,2021-06-14,2021-07-12,0.049467590687106426,0.09976535960696517,0.49583934626195464,0.04292602756743919,1.1523915323725233,0.08246329624968446,0.5998740401708804,True,False,0.6782035894931611,0.36660369977819723
638,2021-06-15,2021-07-13,0.062362032452839895,0.09931481495491874,0.6279227573564673,0.04184066837932508,1.490464537694984,0.08219348872954618,0.7587222956071281,True,False,0.6811756283691629,0.3653508041237768
639,2021-06-16,2021-07-14,0.06042101034798965,0.09904477280796571,0.6100373460913251,0.04031227306486827,1.4988241980491528,0.07932951480615547,0.7616460342109815,True,False,0.6831639509497639,0.3627499003819497
640,2021-06-17,2021-07-15,0.08252244136611525,0.10010378132105348,0.8243688727546541,0.03717378549318711,2.2199095483896643,0.07962733207743518,1.036358235459461,True,False,0.675751163015338,0.3572792120181141
641,2021-06-18,2021-07-16,0.09891972748546471,0.09771054026619946,1.0123751973530284,0.03447748670284769,2.8691107428458342,0.06539161357116623,1.512728040848993,True,False,0.6925849674070691,0.2208518377527549
642,2021-06-21,2021-07-19,0.09656136008058369,0.08975865630483262,1.0757888325851064,0.029889069893325994,3.2306579102397937,0.054207276217201936,1.7813357692733742,True,False,0.7543105806394168,0.2239901717439937
643,2021-06-22,2021-07-20,0.052955551214266816,0.08998653505530381,0.5884830567342265,0.029671944003993145,1.78470110374771,0.07986857934548136,0.6630335940395418,True,False,0.7525084769335151,0.22160327509941743
644,2021-06-23,2021-07-21,0.07749007876941989,0.08827476947882369,0.8778281634369949,0.02890649185182402,2.6807154312130828,0.07862295314108758,0.9855910478249937,True,False,0.7671547810160401,0.23440228157901832
645,2021-06-24,2021-07-22,0.0688246444566291,0.08834317814100756,0.7790600916210614,0.024468608959561534,2.8127730746922857,0.07572419751201663,0.9088857553849594,True,False,0.7665225901982333,0.2051507181126326
646,2021-06-25,2021-07-23,0.0684638835694469,0.08822406025014833,0.7760228148118108,0.024084468821074765,2.8426569868768943,0.0753137260949636,0.9090492147888196,True,False,0.767560433391255,0.20466524616772047
647,2021-06-28,2021-07-26,0.059100440861925195,0.08830336964083098,0.6692886251375563,0.022581513738131647,2.617204565968794,0.07564661921269515,0.7812700881681551,True,False,0.7668761185617972,0.19463227466016764
648,2021-06-29,2021-07-27,0.048941461489120576,0.08601393139215699,0.5689945883997021,0.024683329965897026,1.9827738622276274,0.07346611433735516,0.66617735170234,True,False,0.7874830955070358,0.1949913256237094
649,2021-06-30,2021-07-28,0.048771413247891644,0.08490057230382485,0.5744532919443518,0.02479174620432839,1.9672439708735259,0.07207317058618509,0.6766930447380665,True,False,0.7979199582862797,0.1922923012556807
650,2021-07-01,2021-07-29,0.06768046341022123,0.08457328415926935,0.8002581912600749,0.027625074708674136,2.4499649005101114,0.07664993402870546,0.8829813654487275,True,False,0.8010134734338533,0.23296637354209537
651,2021-07-02,2021-07-30,0.07349523388406087,0.08459161419300648,0.8688241096377732,0.02990722550590727,2.457440723464773,0.07699565480492232,0.9545374225372824,True,False,0.8008136730158204,0.23301203164134518
652,2021-07-05,2021-08-02,0.06750355172324143,0.08400948694492483,0.803522961251931,0.02806183701727683,2.405528607470763,0.07618691844308552,0.8860254897127663,True,False,0.8064322230824988,0.22964410452240044
653,2021-07-06,2021-08-03,0.05406832409209155,0.08217536288171663,0.6579627055607603,0.025917755283348578,2.086149957856455,0.07254991371889703,0.7452569041168743,True,False,0.8246196813379421,0.23140526590182986
654,2021-07-07,2021-08-04,0.04043488798854213,0.08330823901632498,0.48536481464478637,0.03026839244397334,1.335878278418219,0.07650302866842976,0.5285397021834282,True,False,0.81335726401839,0.2175159916493893
655,2021-07-08,2021-08-05,0.04398654578932017,0.08295827374768631,0.5302249408311361,0.029629159253481686,1.4845694882196618,0.07685055404027101,0.5723647192741182,True,False,0.8167913012986342,0.2164035836680107
656,2021-07-09,2021-08-06,0.04073932607629982,0.08849185485888991,0.46037373881769345,0.04111040402322928,0.9909736244207236,0.08406718176065406,0.4846043988043743,True,False,0.7653748444461969,0.24162912474972834
657,2021-07-12,2021-08-09,0.032145907111998384,0.09571736327867257,0.33584196232410246,0.047202340460509744,0.6810235848133882,0.10442356236660319,0.3078415099376011,True,False,0.7072470876546623,0.2373206531129431
658,2021-07-13,2021-08-10,0.031993620807988954,0.09571554802962563,0.3342573016255036,0.046571550520945214,0.6869777890173542,0.10294904363135014,0.3107714232154967,True,False,0.7072502654791641,0.23635835605880237
659,2021-07-14,2021-08-11,0.031195207084499705,0.09617693487818241,0.3243522693254003,0.04479664138064921,0.6963737932811875,0.10988482285239462,0.2838900429989627,True,False,0.7038654169297288,0.23701424607109925
660,2021-07-15,2021-08-12,0.02798824440808405,0.0966076192484326,0.2897105282773868,0.04465048403885648,0.6268295856261639,0.11119064339887436,0.2517140251422216,True,False,0.7007086649486959,0.23540933946196116
661,2021-07-16,2021-08-13,0.026390345794535905,0.09722983126401626,0.2714223140311331,0.04575907600323084,0.5767237474959634,0.11898192281438691,0.22180130536052212,True,False,0.6962098387664566,0.23827121310863225
662,2021-07-19,2021-08-16,0.0320256090787937,0.09937830129676943,0.32225957438291186,0.047163546763329046,0.6790330939168148,0.12313973070115887,0.2600753542048497,True,False,0.68106871745463,0.23905858075188802
663,2021-07-20,2021-08-17,-0.0003843019597229756,0.12359449478399381,-0.003109377649826721,0.07835333087782212,-0.004904730346719084,0.12396040406174359,-0.0031001993147066393,True,False,0.5471138458246457,0.234627329342196
664,2021-07-21,2021-08-18,0.03278723065988643,0.11020750019160973,0.2975045310244917,0.05931792825789141,0.5527372857214472,0.09283839227565999,0.35316456754801495,True,False,0.61383517155929,0.23172591730423725
665,2021-07-22,2021-08-19,-0.0011066216987492303,0.11741403841719582,-0.009424952191978779,0.06269442175537177,-0.017651039243446135,0.09345208726855582,-0.01184159424464326,True,False,0.5760085399242619,0.23329033138122335
666,2021-07-23,2021-08-20,-0.07234434767688364,0.1005515848053751,-0.7194749621988692,0.0587162279939473,-1.2321014163978854,0.09339802281773907,-0.7745811473767439,True,False,0.6729475609854234,0.24294697313288094
667,2021-07-26,2021-08-23,-0.03544548925596487,0.09832194746274084,-0.36050434486559535,0.04853839934642634,-0.7302566572701487,0.10792992218750751,-0.32841207088415336,True,False,0.6884095582183943,0.26917318493474174
668,2021-07-27,2021-08-24,-0.032101381993037276,0.09850049435585481,-0.3259007196153142,0.04929113349305377,-0.6512607789301718,0.10866353095745952,-0.29542001543834046,True,False,0.6871610316506759,0.27087609720668165
669,2021-07-28,2021-08-25,-0.02535076673560908,0.1027977009297491,-0.2466083045274868,0.05211994053232437,-0.4863928561063253,0.11638480509941804,-0.21781852634417345,True,False,0.6582919781813362,0.27117193877247026
670,2021-07-29,2021-08-26,-0.01973692851760558,0.09836754675600762,-0.20064471635712705,0.05131793711182091,-0.38460097245528696,0.11329056131736095,-0.1742151180831076,True,False,0.6880987617371928,0.27209460764464993
671,2021-07-30,2021-08-27,0.0033881613292377592,0.09221779692469001,0.03674086176667952,0.060049217738409905,0.056423071887422016,0.10614671580970086,0.031919605834174206,True,False,0.7342404642719034,0.24905385229501437
672,2021-08-02,2021-08-30,0.0007445687740694416,0.0925947330023025,0.008041156877151175,0.06013194008834845,0.01238225097968715,0.10544851322414879,0.007060969863906319,True,False,0.7312614217758203,0.2484675334234019
673,2021-08-03,2021-08-31,0.0021341691131942387,0.09429353594220877,0.02263324937249402,0.05834525442782647,0.03657828102942327,0.10860968964964297,0.019649896064326468,True,False,0.7180145580820048,0.250480439792723
674,2021-08-04,2021-09-01,0.015812666301631664,0.09609870075945301,0.1645460987158685,0.062106576959020485,0.25460534255599476,0.12002707458245938,0.13174249523817444,True,False,0.7044605187227192,0.25360902252798295
675,2021-08-05,2021-09-02,0.0140459690916002,0.0959326784199813,0.14641485386354688,0.06212674960491959,0.22608569063925327,0.12055484029728415,0.11651103395735349,True,False,0.705687117501553,0.253752493739513
676,2021-08-06,2021-09-03,0.010939331321723334,0.09638328468223745,0.11349822075257986,0.06447214788125054,0.16967530447212933,0.12350282845295645,0.08857555295496931,True,False,0.7023664968219482,0.25675620605487404
677,2021-08-09,2021-09-06,0.04191984233117693,0.0978308030668266,0.4284932865422988,0.06970193707999367,0.6014157437700401,0.13838094854598945,0.30293073411941035,True,False,0.6918376217359639,0.23122005442601387
678,2021-08-10,2021-09-07,0.06444915615025824,0.09487950449919497,0.6792737429484055,0.07842835698285455,0.821758336265385,0.13955955425663283,0.46180396959239484,True,False,0.7134600268619068,0.24630453442086686
679,2021-08-11,2021-09-08,0.061484308301998296,0.09481891548560509,0.6484392696026198,0.07623215660339223,0.8065403242083056,0.1369607621537095,0.4489191454191468,True,False,0.713942231929772,0.2517158469481705
680,2021-08-12,2021-09-09,0.04913770995707231,0.09495314116960328,0.5174943066844264,0.07343967338803044,0.6690894402191203,0.13781934728944548,0.3565370967392137,True,False,0.7129530649965921,0.2509509440817704
681,2021-08-13,2021-09-10,0.033607950395577305,0.09144567526164951,0.36751820465447216,0.06919423511533554,0.4857044859236946,0.12934552938066823,0.2598307846935164,True,False,0.7404824828164366,0.2515414902219676
682,2021-08-16,2021-09-13,0.017714222640898964,0.08855233011535407,0.20004242257457547,0.06404511471484282,0.2765897558271309,0.11222753320585033,0.15784203871261368,True,False,0.7648840737774144,0.2492312164154317
683,2021-08-17,2021-09-14,0.016134987232758236,0.08876571266553034,0.1817704916486724,0.06328254112461362,0.2549674356626391,0.11185445111590847,0.14424984497075094,True,False,0.7630284462008746,0.2482741683109142
684,2021-08-18,2021-09-15,-0.011556152567520782,0.08970462746114163,-0.12882448647954858,0.06302280522338749,-0.18336461740411936,0.10164922754387332,-0.11368657536067331,True,False,0.7549603658480301,0.23059007991900118
685,2021-08-19,2021-09-16,0.0022984641401897366,0.10562692663662765,0.02176021033061764,0.07767333671992241,0.029591417560412392,0.14448797007445563,0.015907650574683293,True,False,0.640588903953636,0.2399325400219338
686,2021-08-20,2021-09-17,0.021694802376209684,0.09898947924799681,0.21916270841124472,0.0777897954892982,0.2788900811443104,0.13475928147632824,0.16098929987260718,True,False,0.6837488017959027,0.2326604304087309
687,2021-08-23,2021-09-20,0.10958954385115954,0.08680788446538362,1.2624376751729338,0.054651803320465535,2.0052319812495814,0.056074038760786114,1.9543722241708417,True,False,0.7799888164795572,0.2297068367481546
688,2021-08-24,2021-09-21,0.08322546051770047,0.08700167994358261,0.9565960171305785,0.045598174233044686,1.8251928266326845,0.046847259079580525,1.7765278514229284,True,False,0.7784243396937108,0.20474962380991457
689,2021-08-25,2021-09-22,0.0687938893628343,0.07719071625177533,0.8912197308604723,0.034500570450836134,1.9939928083469431,0.03881274822102717,1.77245602323941,True,False,0.8782528596036342,0.2019107427374397
690,2021-08-26,2021-09-23,0.0641082307601445,0.07426490313043978,0.8632372501387907,0.03163004639742177,2.026814313031488,0.03603382749276602,1.7791124401928873,True,False,0.9132001750711934,0.202791226630482
691,2021-08-27,2021-09-24,0.05589711038102338,0.07606213421306458,0.7348874832310763,0.03248439523940975,1.7207372946013646,0.03853894792015103,1.4504057167527453,True,False,0.8914704875785711,0.2063086708754265
692,2021-08-30,2021-09-27,0.03247513975843272,0.07915451276077495,0.4102752783859695,0.030551425149763233,1.062966444257164,0.034387658994471576,0.9443835581728222,True,False,0.8564120855762797,0.18573630353141704
693,2021-08-31,2021-09-28,0.05354214976981604,0.06977370150096811,0.7673686305587951,0.025080875401085098,2.13477994342652,0.03317817741468682,1.6137761004953455,True,False,0.9726240483719899,0.20583733417929276
694,2021-09-01,2021-09-29,0.04294682236882546,0.06933976904255454,0.619367831214848,0.023470087172358454,1.8298535516052723,0.03392519277351061,1.2659271431571377,True,False,0.9787023732798702,0.2165912525437764
695,2021-09-02,2021-09-30,0.03774461438000528,0.0695056061757582,0.5430441723587133,0.023225496757182575,1.625137011045097,0.034204774915301536,1.103489628961721,True,False,0.9763270012836778,0.20952815107571363
696,2021-09-03,2021-10-01,0.047609266570013666,0.06741138814330148,0.7062496097663358,0.02260603143762447,2.10604265951674,0.03292637179899564,1.4459311478547385,True,False,1.0069875319116508,0.21737580615740046
697,2021-09-06,2021-10-04,0.03684373585653723,0.06653861941130021,0.5537195719194632,0.022039797145631836,1.6716912416700465,0.034599688907075925,1.064857431391598,True,False,1.0203911552000031,0.21120254967215019
698,2021-09-07,2021-10-05,0.03180002112846565,0.06521471408010189,0.48762034116114256,0.02366206838634751,1.3439239803234428,0.03461221227435615,0.9187514763979988,True,False,1.0413370886817488,0.2105502536604959
699,2021-09-08,2021-10-06,0.020541199289664896,0.06598516779538958,0.31130025088911145,0.030577093102839036,0.6717839142059477,0.03723388331071653,0.5516802832046476,True,False,1.0290627227577107,0.20568165262229293
700,2021-09-09,2021-10-07,0.02801856658612798,0.06514777228757528,0.430077124701186,0.027048330499254144,1.0358704610955782,0.036131081824763774,0.7754699048873875,True,False,1.0425606624195947,0.2100991459428261
701,2021-09-10,2021-10-08,0.03167849906130876,0.06513851516436323,0.4863251638661826,0.02388818074321756,1.3261160153563836,0.03488594020969617,0.9080592029594796,True,False,1.0425953696025914,0.20398998568231297
702,2021-09-13,2021-10-11,0.04129976978005615,0.06626244236795106,0.6232756944080207,0.017769387139279638,2.324209014995349,0.03154555647579965,1.3092103736302607,True,False,1.0246008882677136,0.20154071856793518
703,2021-09-14,2021-10-12,0.04469123144176467,0.06717847023382628,0.6652612256011355,0.017442258943880466,2.5622387321250257,0.03159524444361866,1.4144923461983543,True,False,1.010442470679529,0.20205170333738348
704,2021-09-15,2021-10-13,0.05192676599101596,0.06663642488660791,0.779254980731294,0.017428599604782838,2.979399789341995,0.0312730485697788,1.660431853170727,True,False,1.0187863463506324,0.21293578166303323
705,2021-09-16,2021-10-14,0.05915159663908825,0.0660906159350852,0.895007495423972,0.020135006204150777,2.937749114122165,0.03122470630675603,1.8943844037466488,True,False,1.027315701980705,0.22172818327931346
706,2021-09-17,2021-10-15,0.05747880161427338,0.06614656012328335,0.8689613111724165,0.01982368107999547,2.899501933184173,0.03114322106787828,1.84562802572654,True,False,1.0265370593647365,0.2171462750074512
707,2021-09-20,2021-10-18,0.051609068117910516,0.06813688585032551,0.7574321525535932,0.01972009506653725,2.6170800872803706,0.03407630654990531,1.514514727185242,True,False,0.9962828861075789,0.21216384204552144
708,2021-09-21,2021-10-19,0.05649273668335789,0.08285805918603374,0.681801350868234,0.025400636278524756,2.224067777826506,0.0600406501921647,0.9409081431088531,True,False,0.8177673424595346,0.21241455613543192
709,2021-09-22,2021-10-20,0.05402631714935299,0.08341098359513544,0.6477122654684032,0.026495147728205652,2.039102318038362,0.06263434066541725,0.8625670291310807,True,False,0.812313189440014,0.2127286783617848
710,2021-09-23,2021-10-21,0.056810796404220064,0.09182239179345772,0.6187030776981763,0.03250846671129514,1.747569238154226,0.07781320888739367,0.7300919370441725,True,False,0.7374043110587484,0.21077068890684783
711,2021-09-24,2021-10-22,0.059441646015339,0.09571452088150655,0.6210305966941742,0.037482074546048176,1.5858686248092444,0.08342272646416966,0.7125354029380637,True,False,0.7072359651564594,0.20980272075112752
712,2021-09-27,2021-10-25,0.06931800430582871,0.09633574629693537,0.719546035302099,0.04064131100585251,1.705604533668873,0.07982225632214643,0.8684044713804545,True,False,0.70262716142103,0.20451314808586013
713,2021-09-28,2021-10-26,0.07455320215710114,0.09695881091765611,0.7689162176340703,0.042039545259068015,1.7734064842440194,0.07519334894801254,0.9914866567340419,True,False,0.6980738948509778,0.2050236954749686
714,2021-09-29,2021-10-27,0.0017018788139748812,0.13699182601000498,0.01242321431536059,0.0597361988222169,0.028489908088057382,0.07223224041639807,0.023561207629225395,True,False,0.49343905009371203,0.17796125410015165
715,2021-09-30,2021-10-28,0.02187407802058307,0.1374189338365575,0.15917805072334157,0.05436730750848881,0.4023388139493149,0.06394254812597082,0.3420895579183014,True,False,0.49184594504331886,0.15025972160182635
716,2021-10-01,2021-10-29,0.030215998813711113,0.14013952157250517,0.21561368609409734,0.057287443258299736,0.5274454067966012,0.07913450341048982,0.38183090196413333,True,False,0.4823251110966636,0.20878782143576025
717,2021-10-04,2021-11-01,0.006202897953179921,0.15106065455571588,0.04106230024901752,0.08361204748291667,0.07418665299934529,0.08750121056548754,0.07088928156642538,True,False,0.4473792027697571,0.20399185414121737
718,2021-10-05,2021-11-02,0.06218249439834338,0.17511684811316955,0.35509144361802264,0.06949247142603064,0.8948090796357967,0.09069463829602877,0.6856248127411756,True,False,0.38579238266254184,0.20364463187105342
719,2021-10-06,2021-11-03,0.09175213978880256,0.18598768296421872,0.49332374233864895,0.06762650673733246,1.3567481778287953,0.09148753115246518,1.002892291801999,True,False,0.36319706528431095,0.2033811129413439
720,2021-10-07,2021-11-04,0.08800152576093988,0.18287860038460677,0.4812018769602697,0.061119826205249785,1.4398196334102327,0.07849517149147538,1.1211075036697882,True,False,0.3693820417569043,0.19071992318663225
721,2021-10-08,2021-11-05,-0.001218478029983867,0.18307586851236046,-0.006655590602327804,0.1144168808370018,-0.010649460298779775,0.1128855233259565,-0.010793926396261783,True,False,0.3690015633447065,0.19388186219799353
722,2021-10-11,2021-11-08,-0.019035096103148852,0.18084143962831964,-0.10525848578882896,0.13206156312072947,-0.14413804935617142,0.11254229148330751,-0.1691372714405071,True,False,0.3735490977309475,0.1971320845588356
723,2021-10-12,2021-11-09,-0.023993940589110578,0.19184356954031798,-0.12507034062493294,0.14824502375397955,-0.1618532614553713,0.12745930717763357,-0.18824785039566738,True,False,0.3520917686931202,0.19705247552678926
724,2021-10-13,2021-11-10,0.04152618708071666,0.18289821410168067,0.22704533931441528,0.12791725839093732,0.32463318556910775,0.12836174321392188,0.3235090615083888,True,False,0.3693459892204677,0.21040222177474666
725,2021-10-14,2021-11-11,-0.007516235819151169,0.1853649135255456,-0.040548319939282026,0.11885964465482084,-0.06323622993303571,0.13652485203525702,-0.05505397520745989,True,False,0.3644382951858582,0.2041655132539002
726,2021-10-15,2021-11-12,-0.17084043516217984,0.19665903596115408,-0.868713885061075,0.09467335637498421,-1.804524965667336,0.15411673153194058,-1.1085132254233752,True,False,0.34341428208870356,0.21007777427672047
727,2021-10-18,2021-11-15,-0.18509235510325375,0.19925503341174283,-0.9289218542388178,0.09152817641331905,-2.0222445410408,0.15564721703218623,-1.1891786993209046,True,False,0.338920806436681,0.2086983828409057
728,2021-10-19,2021-11-16,-0.19660402485996048,0.1990673064302607,-0.9876258858650746,0.09424825226356022,-2.086023031070834,0.1524481652311637,-1.2896450709120792,True,False,0.33919655960594347,0.22941374401569473
729,2021-10-20,2021-11-17,-0.2652541318837397,0.19819643932270406,-1.3383395422752882,0.06913262835910364,-3.8368877067120803,0.13621481390975884,-1.9473222057878985,True,False,0.3406024964679534,0.21786405479217502
730,2021-10-21,2021-11-18,-0.2771297592551599,0.1974684572522892,-1.4034127936751641,0.06585128591425359,-4.208418338497091,0.1351836705666118,-2.0500239273988656,True,False,0.34182961199400513,0.2140463171867876
731,2021-10-22,2021-11-19,-0.2770617258668227,0.20072098929502033,-1.3803326041782134,0.0655740163636505,-4.225175476980631,0.14182283022320266,-1.953576341910391,True,False,0.3362880361865736,0.21442754128707084
732,2021-10-25,2021-11-22,-0.19061637033255266,0.18974068183241938,-1.0046151857981975,0.08976929393981267,-2.123402802525712,0.15757237971764645,-1.2097067434922137,True,False,0.3558188872127078,0.22442162089439857
733,2021-10-26,2021-11-23,-0.2021088588487126,0.19097052069297404,-1.0583249085530106,0.08398310439866737,-2.4065418907272456,0.15801639519449084,-1.2790372707841586,True,False,0.3534549991385203,0.22749402051094617
734,2021-10-27,2021-11-24,-0.2118759920479576,0.18586698629268095,-1.1399334345170948,0.08234493547118883,-2.5730300331838816,0.1517290049525683,-1.3964106079400687,True,False,0.3631153727257509,0.22885783169285176
735,2021-10-28,2021-11-25,-0.19291516341902623,0.19289536540944768,-1.0001026360044292,0.09723820143093964,-1.98394417605552,0.16559898312720617,-1.164953792444709,True,False,0.34987601058363604,0.22753310398896126
736,2021-10-29,2021-11-26,-0.07156807854115656,0.061274627770283155,-1.1679887931667778,0.021016336973496693,-3.4053545406799346,0.1570614168355274,-0.45566938069902735,True,False,1.1084836125894582,0.21963948290688387
737,2021-11-01,2021-11-29,-0.062042576529905386,0.05281884565327506,-1.174629542969923,0.015920501145819995,-3.897024092498179,0.0324410643029613,-1.9124704402574728,True,False,1.2894897386490562,0.18975039325735948
738,2021-11-02,2021-11-30,-0.08454576139356065,0.05034270359341151,-1.6794044689452354,0.02202518151963267,-3.8385954421396606,0.06655699724800193,-1.270276077487837,True,False,1.3540946186031175,0.21093740306342845
739,2021-11-03,2021-12-01,-0.09876343950078136,0.048824026031274045,-2.0228450525058874,0.028283140208841186,-3.4919545273798254,0.07470811372560673,-1.3219908062935002,True,False,1.396946784205515,0.2248783528263596
740,2021-11-04,2021-12-02,-0.09918411520165159,0.047156506960462155,-2.1032964821760736,0.027125907915379235,-3.6564348559709745,0.0673027014067757,-1.4737018444799932,True,False,1.4474086635494434,0.22509073287623108
741,2021-11-05,2021-12-03,-0.0961170729273866,0.046635671912891044,-2.061020437465122,0.023928991416140924,-4.016762397371765,0.05796143264971156,-1.6582936020278807,True,False,1.4640267274280658,0.22593957436727186
742,2021-11-08,2021-12-06,-0.08615504194526297,0.0446834108902138,-1.9281214264717637,0.019876886598575474,-4.334433439462168,0.04530085314928173,-1.9018414876504155,True,False,1.5298137650640014,0.21636370978408717
743,2021-11-09,2021-12-07,-0.06590121925533626,0.04158023272277727,-1.584917037254488,0.02691977640254863,-2.448059681844054,0.0357453009738503,-1.8436330779127224,True,False,1.6480718845211628,0.21931245420154866
744,2021-11-10,2021-12-08,-0.057191595227700336,0.04120480980794662,-1.3879834780033509,0.03224402125485815,-1.7737116216260829,0.03384134881772327,-1.6899915997954595,True,False,1.6640000684840293,0.2380413733612356
745,2021-11-11,2021-12-09,-0.05621336985471134,0.04105897663121596,-1.3690884300310089,0.03380998356233735,-1.6626263586040384,0.03335397288170234,-1.6853575450842153,True,False,1.6701830501321693,0.23554709083717157
746,2021-11-12,2021-12-10,-0.05122057097020478,0.04044508594714737,-1.266422601676222,0.03615038790951282,-1.4168747261692953,0.03204503738151755,-1.5983932351330943,True,False,1.6966201976430217,0.24120244371177316
747,2021-11-15,2021-12-13,-0.045468368480385705,0.040448624905439975,-1.1241017114099872,0.03754775255195697,-1.2109478035328087,0.0309127685368452,-1.4708604448091267,True,False,1.6967192160520115,0.2371780922039179
748,2021-11-16,2021-12-14,-0.04234995653289925,0.04030142852720786,-1.0508301586458257,0.039936681367506735,-1.0604275338550289,0.031325488119585944,-1.351932853248035,True,False,1.7030960190330415,0.24537065553580578
749,2021-11-17,2021-12-15,-0.044548544020992606,0.039705285319267467,-1.1219802014462514,0.03687920443932976,-1.2079583792074402,0.03023139892002765,-1.4735852660619073,True,False,1.7296600567599612,0.22798571239042717
750,2021-11-18,2021-12-16,-0.05015725261461919,0.03963599112680711,-1.2654471652834791,0.03381541852303794,-1.4832657647116745,0.03093295246165929,-1.6214828725705377,True,False,1.7328182125309113,0.2686638258469158
751,2021-11-19,2021-12-17,-0.04997574047712207,0.03959217454720767,-1.2622630873061436,0.033791776385049294,-1.478932030907767,0.030748265407095184,-1.62531901606359,True,False,1.7348100795446726,0.2687858715533113
752,2021-11-22,2021-12-20,-0.04875262539069288,0.03950557794021258,-1.2340694132984134,0.03382816921184249,-1.4411842711731992,0.03031007760715109,-1.6084625721707364,True,False,1.7387858049195777,0.270149587679163
753,2021-11-23,2021-12-21,-0.053209821416070426,0.03929073459115102,-1.3542587576882372,0.032002455417864256,-1.6626793388599768,0.031290226804903454,-1.7005252709683771,True,False,1.748538083541828,0.259167052194498
754,2021-11-24,2021-12-22,-0.048057495764251515,0.03888054581087721,-1.2360293499482449,0.030658387114006192,-1.5675154594905807,0.03119041045156807,-1.540777920793135,True,False,1.767848425065053,0.259468394977562
755,2021-11-25,2021-12-23,-0.04567697542124224,0.03889289968015256,-1.1744296721735987,0.029784659237705607,-1.5335738796506997,0.03138564883250764,-1.4553459023581623,True,False,1.7672388779417574,0.256350921184455
756,2021-11-26,2021-12-24,-0.04567697542124229,0.03889289968015256,-1.1744296721736003,0.02978722481368197,-1.5334417928138706,0.031385648832507655,-1.4553459023581634,True,False,1.7672388779417574,0.256350921184455
757,2021-11-29,2021-12-27,-0.05940671714994567,0.04991899975237821,-1.1900622497371947,0.05293934131887014,-1.1221657782275853,0.04675745335544177,-1.2705293570705503,True,False,1.3666105536849655,0.2506119923199488
758,2021-11-30,2021-12-28,-0.04741135115474342,0.054861970024214446,-0.8641933771940281,0.054744408892574294,-0.8660491932204322,0.05289706751892816,-0.8962945089116369,True,False,1.241207155208594,0.24949148796244452
759,2021-12-01,2021-12-29,-0.017808511879162166,0.059854114712633334,-0.29753195690326273,0.04854815425341037,-0.3668216053324245,0.05711957192499587,-0.311776003898395,True,False,1.1362944941310806,0.2415013811929052
760,2021-12-02,2021-12-30,0.018371319460620122,0.0658883451482065,0.27882502465794884,0.0383132222699607,0.4795033769588226,0.04952159930017311,0.3709758917369194,True,False,1.0308714823150371,0.23544209655427598
761,2021-12-03,2021-12-31,0.03464285703941226,0.06835327070142148,0.5068207663498364,0.03612675148662111,0.9589253285682665,0.04851086606735658,0.7141257175518407,True,False,0.9931897041576476,0.23346716381269966
762,2021-12-06,2022-01-03,0.029570835516787786,0.07327451851904361,0.4035623312775846,0.042756062687315854,0.6916173674139635,0.05764615135085035,0.5129715483833698,True,False,0.9258093982277428,0.2303702693779021
763,2021-12-07,2022-01-04,0.03652283746741242,0.07744105188380575,0.4716211438115805,0.04666481242258578,0.7826633296341154,0.06091723695319125,0.5995484906099161,True,False,0.875504338106839,0.23050992802238784
764,2021-12-08,2022-01-05,0.007332233144504652,0.08841883101022689,0.08292614888401516,0.06996066391679998,0.1048050823706367,0.08305136206686477,0.08828552551132708,True,False,0.7660198653502421,0.2265017509390219
765,2021-12-09,2022-01-06,-0.016735904740612113,0.09191152970442108,-0.18208710914107537,0.06302702088418606,-0.2655353926907764,0.08383685837580224,-0.19962466467425005,True,False,0.7367520833090949,0.2202690049889992
766,2021-12-10,2022-01-07,-0.028278147544908934,0.09446607746975623,-0.299347112766086,0.05115668172784256,-0.5527752502664428,0.08677189803608645,-0.32589061879398673,True,False,0.7166623790079374,0.21951859804997545
767,2021-12-13,2022-01-10,-0.037486453647641776,0.10390839462556388,-0.3607644385492146,0.05730609196531651,-0.6541443040703209,0.10171218845892813,-0.3685541941001396,True,False,0.6512088437470082,0.2202957983445996
768,2021-12-14,2022-01-11,-0.04362703148149964,0.10657738604360448,-0.4093460451699418,0.060236618230413555,-0.7242609688781017,0.10637386823157616,-0.41012921882772463,True,False,0.6347645262301375,0.22345486876373633
769,2021-12-15,2022-01-12,-0.0717245141956581,0.11077577297061694,-0.647474734522348,0.08308287285171201,-0.8632888071127904,0.10069694029333681,-0.7122809688826679,True,False,0.6104241376695645,0.21960231689315127
770,2021-12-16,2022-01-13,-0.0457340647324556,0.10856253015181666,-0.4212693336135396,0.049952750872045065,-0.9155464700953966,0.08319202818381764,-0.5497409515176565,True,False,0.6228125151074215,0.21341938134685376
771,2021-12-17,2022-01-14,-0.01934407464760154,0.1093138542314528,-0.1769590394886624,0.05222633148930323,-0.3703893054706228,0.08648132056740186,-0.22367922368305124,True,False,0.6187721566163404,0.18555737815813803
772,2021-12-20,2022-01-17,-0.025860064443293182,0.11134485206199883,-0.23225199876231215,0.050664651724633615,-0.5104163072874689,0.08772267271009614,-0.2947933942773828,True,False,0.6074264411852177,0.1839549745924404
773,2021-12-21,2022-01-18,0.01033446403836067,0.09524009250690263,0.10850959681304036,0.04046449286317447,0.25539586207852266,0.08914195270917526,0.11593266384994681,True,False,0.7107219315129624,0.19374159936374524
774,2021-12-22,2022-01-19,0.027333903942322695,0.09838728469813299,0.27781947663447804,0.04410098153915108,0.6198026209021391,0.08776608186227011,0.31144040342620455,True,False,0.6877745903371735,0.19144999879228322
775,2021-12-23,2022-01-20,-0.004808846842724404,0.10448056238574233,-0.04602623428624108,0.046225154516621944,-0.1040309522598828,0.1004373458618547,-0.047879071290261616,True,False,0.6474833887590181,0.18355323739264784
776,2021-12-24,2022-01-21,0.0010893304633582813,0.09572968677440723,0.011379233548787789,0.04272525363188725,0.02549617312383322,0.07831625983532503,0.01390937802250526,True,False,0.7070513855950353,0.1850490251583099
777,2021-12-27,2022-01-24,0.015286067636256992,0.09578533245321091,0.15958672632601562,0.0434650617902984,0.3516863201530962,0.077296017268047,0.19776009394181324,True,False,0.7067258901118432,0.22089799120514428
778,2021-12-28,2022-01-25,0.013458803056201774,0.09618671928413852,0.139923714587292,0.04401235527664104,0.3057960195860014,0.07784810917753245,0.17288542006214952,True,False,0.7037566834998148,0.22072902961111418
779,2021-12-29,2022-01-26,0.013196569219328989,0.09690970426861718,0.1361738674049644,0.04510647574770055,0.29256484796424664,0.07912150932253893,0.1667886435979521,True,False,0.698468344240516,0.22091930872878496
780,2021-12-30,2022-01-27,-0.07123078799852524,0.09360548323308279,-0.7609681136003184,0.09221614449008708,-0.7724329442788871,0.11995163130014692,-0.5938292562298649,True,False,0.7232378223255119,0.2786152290770828
781,2021-12-31,2022-01-28,-0.07523141320439214,0.08346041342308513,-0.9014023549466764,0.06989993472618171,-1.0762730108274832,0.08917070294441706,-0.8436785930832716,True,False,0.8117402587641339,0.27774132047703987
782,2022-01-03,2022-01-31,-0.031212499778412846,0.07674333427675827,-0.406712844477824,0.04569412233383007,-0.6830747191155564,0.0855775398381705,-0.3647277058611003,True,False,0.8835710787915253,0.29388344454372
783,2022-01-04,2022-02-01,-0.018128248984805643,0.0719337510167233,-0.2520131194130437,0.03862993287206409,-0.46927984692190344,0.07193452275517762,-0.2520104157290851,True,False,0.943265578358145,0.29557271720981554
784,2022-01-05,2022-02-02,-0.017400525754129266,0.07192798393183267,-0.24191593873422101,0.03872656571891148,-0.44931755323793154,0.07167650282714316,-0.24276471462471888,True,False,0.9433352695502609,0.29779703078464975
785,2022-01-06,2022-02-03,-0.016918341464959265,0.07317916979075509,-0.2311906723366053,0.04011153571164807,-0.4217824415046346,0.07357064117655636,-0.22996050047135347,True,False,0.9270372018795278,0.29968531993929415
786,2022-01-07,2022-02-04,-0.023778292854710347,0.07236733221915409,-0.3285777176737868,0.04015165061742434,-0.5922120881474159,0.07220533622123435,-0.3293148969191776,True,False,0.9375314736859602,0.2984580503591321
787,2022-01-10,2022-02-07,-0.03058774036831232,0.07274166841241843,-0.4204981963692545,0.036856915736550214,-0.8299050465033653,0.07350859193002575,-0.4161110907610553,True,False,0.932655701618917,0.29144495764613887
788,2022-01-11,2022-02-08,-0.0370264355016666,0.07168487890089315,-0.5165166778457831,0.03633202842231985,-1.0191128078860623,0.07062056705273215,-0.5243010223072704,True,False,0.9465267320291164,0.28978271800229694
789,2022-01-12,2022-02-09,-0.03767773153827291,0.07108824689983537,-0.5300135139267328,0.03227306349372997,-1.1674668426067751,0.06904242031701174,-0.5457185794656925,True,False,0.9545585969568665,0.2845729499434861
790,2022-01-13,2022-02-10,-0.07305498916560853,0.06573589095210029,-1.1113409753408747,0.03667690936262071,-1.991852378926523,0.06897748720833889,-1.0591135183709142,True,False,1.0329755774925338,0.27383461321013775
791,2022-01-14,2022-02-11,-0.04780063922494972,0.06429550796607758,-0.7434522369769505,0.030788984858538072,-1.5525240421070314,0.06675280300939233,-0.7160843750370155,True,False,1.0565996881838893,0.27605692090870365
792,2022-01-17,2022-02-14,-0.03858030955166239,0.06495410569173718,-0.5939626008363348,0.03289651441915236,-1.1727780353896984,0.06856073092495103,-0.5627173023270966,True,False,1.0457970421799427,0.28092325270324287
793,2022-01-18,2022-02-15,-0.025869517630388916,0.062092395091355626,-0.4166294051361278,0.032773027724010244,-0.7893539116447376,0.062227750578200125,-0.41572316836166706,True,False,1.0947299263981518,0.28672430975506236
794,2022-01-19,2022-02-16,-0.036366426174253196,0.0650190763660685,-0.5593193291381748,0.03426414642232812,-1.0613550889613037,0.06343821854361131,-0.5732573677057575,True,False,1.044758139496244,0.2831325096617934
795,2022-01-20,2022-02-17,-0.03960162920468848,0.06101731276380456,-0.6490228332077604,0.029200767513238895,-1.3561845313392566,0.05656665096966552,-0.7000879232876149,True,False,1.1142312778101453,0.28206345249862597
796,2022-01-21,2022-02-18,-0.035496035971218164,0.06167384922433762,-0.5755443582271298,0.028866269352272298,-1.2296717507218848,0.058010564618435,-0.6118891654424268,True,False,1.1022213054872052,0.28127709065360385
797,2022-01-24,2022-02-21,-0.0399473901282587,0.06502054070233756,-0.6143810816821237,0.031629982340072374,-1.2629596089798922,0.06361689936498487,-0.6279367672270741,True,False,1.0447170502478809,0.2800327238729694
798,2022-01-25,2022-02-22,-0.05485899419821655,0.06500559960828141,-0.843911824962657,0.036729458745015826,-1.4935965863003873,0.05937823794186847,-0.923890571692675,True,False,1.044842087766749,0.2552784579551141
799,2022-01-26,2022-02-23,-0.05555977494285607,0.06387294273910092,-0.8698483670902515,0.0357154794248846,-1.5556217034607422,0.05751043851270041,-0.9660815737057272,True,False,1.0636016139648155,0.255270653633763
841,2022-03-25,2022-04-22,0.11720262328909764,0.07609846376722812,1.5401444061683025,0.04986373090291957,2.3504583625577706,0.0715205891076735,1.638725641823927,True,False,0.890353557972406,0.3026131006814946
842,2022-03-28,2022-04-25,0.08724226927029569,0.07560648506371109,1.1538992878293377,0.04018341267814844,2.171101543043845,0.08291261395874504,1.052219500807259,True,False,0.8961450108569972,0.31175739773146066
843,2022-03-29,2022-04-26,0.06383766231777786,0.06205105352106953,1.0287925618555644,0.035440876880103944,1.8012438725413003,0.06980368341349176,0.9145314286586662,True,False,1.0947313121917808,0.3097766182213986
844,2022-03-30,2022-04-27,0.025407371437526426,0.06066948568859499,0.4187833661214414,0.04011033863231823,0.6334369717102031,0.06590400718374176,0.3855208889907125,True,False,1.1195647269049929,0.27848905636326987
845,2022-03-31,2022-04-28,0.0069716127145721335,0.059345083215503726,0.11747582675477351,0.04771540876497506,0.14610820477115066,0.06432255534515194,0.10838519516463196,True,False,1.1439426332213054,0.25401410866571944
846,2022-04-01,2022-04-29,-0.030900978840593077,0.05745584086097785,-0.5378213664188147,0.06970591613643128,-0.4433049668282448,0.07581998865505958,-0.4075571546334043,True,False,1.1828666114157707,0.2941957125374044
847,2022-04-04,2022-05-02,-0.03408363952884466,0.057350612028088596,-0.5943029781818462,0.07324270631863945,-0.4653519953313188,0.07594728366841734,-0.4487802312674197,True,False,1.1849439704767029,0.29588225195513274
848,2022-04-05,2022-05-03,-0.024390952608648604,0.05498095998729292,-0.4436254407759666,0.06111746830338613,-0.39908316371306984,0.07064685539130168,-0.34525178047276134,True,False,1.2370026317491798,0.3000264411001954
849,2022-04-06,2022-05-04,-0.014960628572667906,0.05244978396704461,-0.2852371819504158,0.055057343101210514,-0.27172812435148136,0.06684795435367227,-0.22380084353091426,True,False,1.2981199498358766,0.3057421659329298
850,2022-04-07,2022-05-05,-0.010916337499466078,0.04788526096101934,-0.22796863336199516,0.04659047118259325,-0.23430408026318805,0.05271119639054319,-0.20709713015401326,True,False,1.4248179008207824,0.3090641526265075
851,2022-04-08,2022-05-06,-0.004779976481400897,0.04775131446516776,-0.10010146390603875,0.0477239868166868,-0.10015878387866722,0.05225996864121041,-0.09146535303566126,True,False,1.429390946328454,0.3133423430563362
852,2022-04-11,2022-05-09,0.006047903508597825,0.045799035900983553,0.1320530746907697,0.04851205467788241,0.12466805516186849,0.04727908183367292,0.12791922503643907,True,False,1.4916059729808373,0.3239202154615994
853,2022-04-12,2022-05-10,0.006954357512916921,0.04601953970594323,0.15111749394613772,0.047849593071193845,0.14533786113018266,0.04871495568310599,0.14275610878424025,True,False,1.4838726021796742,0.32392822296068885
854,2022-04-13,2022-05-11,0.009549084206096296,0.04597446293515334,0.20770409476159,0.04853275350939357,0.1967554592641866,0.04876617166217317,0.19581369380904892,True,False,1.4855837489084427,0.3348569941610192
855,2022-04-14,2022-05-12,-0.004310099458036543,0.04677361460325909,-0.09214809448864412,0.04794949963533889,-0.08988830938415028,0.05129332762627631,-0.08402846252128485,True,False,1.4584767439940527,0.35173436366648875
856,2022-04-15,2022-05-13,0.010120156830239925,0.045524408953796835,0.22230177311057395,0.04798390335555685,0.21090732771884732,0.05097537885693782,0.19853029162651448,True,False,1.500495738231816,0.36855287226168854
857,2022-04-18,2022-05-16,0.0135965927941986,0.045216312159724846,0.30070105554316706,0.0483479165839346,0.2812239648547043,0.050481977209313966,0.2693355836246845,True,False,1.511032787475705,0.37135117182685684
858,2022-04-19,2022-05-17,0.026280609101037473,0.04501973193602038,0.583757565202433,0.052091392570179966,0.5045096282582772,0.05111523772543125,0.5141443191990114,True,False,1.5186040280689537,0.4128597080185586
859,2022-04-20,2022-05-18,0.018830100371985483,0.04301451054417728,0.43776158635226986,0.04635922546660738,0.40617806234810444,0.04765797599087517,0.3951091077722391,True,False,1.591950964871099,0.41188084716916484
860,2022-04-21,2022-05-19,0.02361762461036647,0.04282490728804651,0.5514927201479016,0.04705031707821471,0.5019652592586231,0.047921907849081916,0.4928356501319664,True,False,1.5992945737066104,0.4219608782909768
861,2022-04-22,2022-05-20,0.020688587067844846,0.04320594530973238,0.4788365795386179,0.046377081610672506,0.4460950613822991,0.048812298016967244,0.42383964509627176,True,False,1.5850286962507425,0.41946571134839583
862,2022-04-25,2022-05-23,0.0001537510998922906,0.04622774561200126,0.0033259484722174084,0.05287953484314308,0.0029075728511675364,0.04676998779911459,0.003287388069303736,True,False,1.479083198348656,0.41325222819025137
863,2022-04-26,2022-05-24,0.006668800553920775,0.04632081256368647,0.1439698525312319,0.05046444044533891,0.1321485088325542,0.04667136504149538,0.14288848307718366,True,False,1.4760769429534115,0.39835333977823123
864,2022-04-27,2022-05-25,-0.0014959343048916523,0.05255763007465134,-0.028462742760030663,0.06349230477249153,-0.02356087576678703,0.06197437750545332,-0.024137948053774647,True,False,1.2970948833365954,0.39835355871861455
865,2022-04-28,2022-05-26,0.01243616482017715,0.05300663473901196,0.23461524923075996,0.05568239317012984,0.22334106190766928,0.06063126740629832,0.20511141119384374,True,False,1.285824996096863,0.3873728955838332
866,2022-04-29,2022-05-27,0.03220549560474542,0.05289591250526762,0.6088465834016616,0.04562570317338763,0.7058629974941429,0.05854943881363018,0.5500564353359447,True,False,1.2881562176084742,0.3761919713375386
867,2022-05-02,2022-05-30,0.06843690334643628,0.05532456992725525,1.237007417073862,0.019062098645168772,3.5902082252512835,0.04267733996931255,1.6035887755808194,True,False,1.2303975935882623,0.36455521545925146
868,2022-05-03,2022-05-31,0.07391051447455112,0.055431445483279704,1.3333679796758218,0.017694547719315463,4.17702196444784,0.043437579686350064,1.7015339024005738,True,False,1.2277035243450154,0.35521851368081264
869,2022-05-04,2022-06-01,0.07627997818346696,0.057254724606407716,1.3322914171336355,0.016717106457842683,4.562989317309808,0.0464440415742315,1.6424061213869317,True,False,1.1881389630366066,0.3779259652829686
870,2022-05-05,2022-06-02,0.0974345795372427,0.060609502086874024,1.6075792768860866,0.01869783679538195,5.211008129095843,0.052108069166079636,1.8698558802226526,True,False,1.1209536990708415,0.39265683394865986
871,2022-05-06,2022-06-03,0.10590595201826153,0.07397486789998071,1.43164773422041,0.027508997362446833,3.8498659410552047,0.08738339133406979,1.211968892502459,True,False,0.9162878678921914,0.38258821740477694
872,2022-05-09,2022-06-06,0.1075739959100701,0.07409818794522155,1.4517763374941928,0.027637479919384308,3.8923228971618395,0.08786921271049392,1.2242512774582184,True,False,0.9147836523889377,0.38374911100067405
873,2022-05-10,2022-06-07,0.0614230284603873,0.09090720632923063,0.675667319903517,0.033612240523495804,1.8274005988220587,0.11262007293725111,0.5454003612181157,True,False,0.7446635793202074,0.36155298551253595
874,2022-05-11,2022-06-08,0.08536750081960066,0.09235601363188535,0.924330722630151,0.02999471403662876,2.8460848373267402,0.14144537875638855,0.6035368675185151,True,False,0.73272845557573,0.3546645107150143
875,2022-05-12,2022-06-09,0.11798677366090143,0.08664396388805078,1.3617425653949473,0.047463709348284276,2.4858312862807557,0.1511604787182249,0.7805398253655845,True,False,0.7813689707845685,0.36944503778899235
876,2022-05-13,2022-06-10,0.19113410128168307,0.08391386177390284,2.277741689408527,0.09046410253742418,2.112817083468137,0.1962800656248128,0.9737825421713167,True,False,0.8063054751107792,0.38855551335925353
877,2022-05-16,2022-06-13,0.22224507844445623,0.0674123685069399,3.2967997322565044,0.057073468876082056,3.894017357294242,0.10168099261547643,2.185709174623353,True,False,1.0044616286382306,0.4391547280878731
878,2022-05-17,2022-06-14,0.20149178831468564,0.06753141922604476,2.9836747194700823,0.04582009831439727,4.397454299031356,0.10556409806729974,1.9087151029910718,True,False,1.003135296637126,0.4467718284277146
879,2022-05-18,2022-06-15,0.1577861778741836,0.06455640568278707,2.444159897152619,0.05256708129863075,3.0016157255870617,0.09938282968563879,1.5876603470970028,True,False,1.0505669765503456,0.4171241556394317
880,2022-05-19,2022-06-16,0.11395270441163793,0.06921199649315433,1.6464299570221015,0.10705028863255489,1.0644782547273204,0.1751462466670951,0.6506145954028391,True,False,0.9800880284646533,0.45784557390061664
881,2022-05-20,2022-06-17,0.0683393807053988,0.06890981258585369,0.9917220514894857,0.12107006813540266,0.5644614045229513,0.1930793207519671,0.353944588365259,True,False,0.9846402989078601,0.45090093509714513
882,2022-05-23,2022-06-20,0.06861332421582107,0.06889466953267986,0.9959162977518118,0.12077919183693572,0.5680889495307775,0.19279267095327565,0.3558917664066695,True,False,0.9848354394593004,0.4503538233649152
883,2022-05-24,2022-06-21,0.06595274251126572,0.06898356427333772,0.9560645815565169,0.11420255947534817,0.5775066934949239,0.19425454311286477,0.3395171173574365,True,False,0.983551195158686,0.4466848538843167
884,2022-05-25,2022-06-22,0.07404018485712373,0.06867853498528499,1.0780687863098348,0.11440449335897046,0.647178993440455,0.192855007640933,0.38391632015578986,True,False,0.9878847082383703,0.4471332086224368
885,2022-05-26,2022-06-23,0.0822305660433106,0.06916138416677453,1.1889664591590774,0.1160544745063266,0.7085514487321889,0.18918835550947694,0.43464919297948784,True,False,0.9808934614521165,0.44560340685797295
886,2022-05-27,2022-06-24,0.08606237810526324,0.06810483400744244,1.263675029232997,0.1136402640298107,0.7573229333811378,0.1810278025215466,0.4754097266082638,True,False,0.9962551381806691,0.4476450942941841
887,2022-05-30,2022-06-27,0.07248537981686955,0.06941184633816108,1.0442796675330432,0.11494962367060717,0.6305838810275652,0.1947063994384492,0.3722804182395849,True,False,0.9773714389819843,0.4407689131091352
888,2022-05-31,2022-06-28,0.08165780437656804,0.06887990397948078,1.1855098462520182,0.112471556366795,0.7260307140257187,0.17933518045672808,0.455336226660063,True,False,0.9847681716893463,0.44499937362355446
889,2022-06-01,2022-06-29,0.0773882322962519,0.06891018864952117,1.1230303357584792,0.1102861779298586,0.7017038195436457,0.1776446716956391,0.43563497603149137,True,False,0.9841115132924163,0.44223892799126785
890,2022-06-02,2022-06-30,0.08335095887957403,0.06900979398457484,1.2078134720733227,0.11248742085448385,0.7409802646946508,0.1767098019624391,0.47168271343143064,True,False,0.9829297946086786,0.43247049261590603
891,2022-06-03,2022-07-01,0.04282180595508295,0.06763356727430946,0.6331442755548511,0.1057224277818618,0.405039941415625,0.18406136733771095,0.23264961341135007,True,False,1.0028168167836022,0.41440779810623224
892,2022-06-06,2022-07-04,0.03982090500836266,0.06744166011283177,0.5904496559210016,0.1057930571941863,0.3764037647127468,0.1831506285207384,0.2174216126364736,True,False,1.0058314050184,0.41548244350875946
893,2022-06-07,2022-07-05,0.03801778511806358,0.06739988750602323,0.5640630351892812,0.1028466897450137,0.3696549224123841,0.17759424228216447,0.21407104548840233,True,False,1.0057650387134138,0.4488119396181948
894,2022-06-08,2022-07-06,0.03369980572467529,0.06758572239586523,0.4986231489439104,0.10337647271521455,0.32599105811544565,0.17933210904677138,0.18791841518958596,True,False,1.0027948527916364,0.44968102100472473
895,2022-06-09,2022-07-07,0.039591765352979855,0.06737883821061326,0.5875994066449117,0.10257480616517244,0.38597943133547524,0.17758908202515247,0.22294031199154662,True,False,1.0060524268668982,0.4561808540943606
896,2022-06-10,2022-07-08,0.04064464558053488,0.06834133277214795,0.5947300693717131,0.1069242739567584,0.3801255231994572,0.20223469350040893,0.20097761109644963,True,False,0.9921793607156371,0.45897765271423135
897,2022-06-13,2022-07-11,0.029733475997444477,0.06853194638548542,0.43386300208367956,0.10065665867624657,0.29539502292719283,0.21329108561296087,0.13940327563149543,True,False,0.9895985715192451,0.4427431944488223
898,2022-06-14,2022-07-12,-0.13957635868527205,0.09505089989279156,-1.4684380562698618,0.1673341120020736,-0.8341177839670995,0.23335229447314368,-0.5981357886383919,True,False,0.7114702898387121,0.40011073830134614
899,2022-06-15,2022-07-13,-0.12165636211831779,0.09624936652368035,-1.263970522739872,0.16844542914875776,-0.7222301176892159,0.23744269824349135,-0.512360931788108,True,False,0.7028605497310734,0.39537088742376836
900,2022-06-16,2022-07-14,-0.15784087508015426,0.1070715512793109,-1.4741625874869841,0.2134830073017014,-0.7393603691233758,0.29406714674165557,-0.5367511360213962,True,False,0.6312057040756075,0.41354065329147666
901,2022-06-17,2022-07-15,0.17808187014796428,0.12620470171438844,1.4110557509258104,0.13542128361185912,1.315021283200784,0.16182076324995806,1.1004883833905068,True,False,0.5350155974436448,0.38329663564910316
902,2022-06-20,2022-07-18,0.1486505149951878,0.1267324070378239,1.172947933915769,0.13532277049612465,1.098488557766003,0.18715809907098474,0.7942510408743151,True,False,0.5331914257128795,0.4014030061284368
903,2022-06-21,2022-07-19,0.16010233269967092,0.12616669995313234,1.2689745611095857,0.13035729769609303,1.2281808194039403,0.18588064766096474,0.8613179193978712,True,False,0.5355981461282978,0.4064773013271195
904,2022-06-22,2022-07-20,0.13560712632179206,0.1266378301245244,1.0708263572460777,0.12678333352168797,1.0695974191165645,0.18658268582007473,0.7267937307567789,True,False,0.5335378032108153,0.38721622878179357
905,2022-06-23,2022-07-21,0.11900323043921175,0.12842244291415333,0.9266544673874639,0.13059826684787346,0.9112160008817873,0.1933342355983559,0.6155310779330163,True,False,0.5260458745046243,0.3866602271919919
906,2022-06-24,2022-07-22,0.10777180705992324,0.12875179904340187,0.8370508828664497,0.13429226869728036,0.802516839616887,0.19497554018875318,0.5527452672042391,True,False,0.5248640651219818,0.3985211321557798
907,2022-06-27,2022-07-25,0.0761728784765618,0.13523771359634626,0.5632517472450065,0.1486777217148388,0.5123355240986273,0.21709197092344834,0.3508783772727464,True,False,0.49963014128757527,0.3930522737861319
908,2022-06-28,2022-07-26,0.07856017880305682,0.12880720579968244,0.6099051548810983,0.13507576786816014,0.5816008307258708,0.19471385049876808,0.4034647694646348,True,False,0.5245212793901084,0.38679572892677444
909,2022-06-29,2022-07-27,0.04934656968752892,0.1313562517315085,0.3756697457262488,0.14813237039858648,0.3331248231210361,0.2027916233113126,0.24333633155929354,True,False,0.5144054634813766,0.3819363267479917
910,2022-06-30,2022-07-28,0.08342586278503802,0.13018830968103498,0.6408091708805017,0.14843740105451309,0.5620272397143371,0.2006309151022139,0.41581758595147555,True,False,0.5191760759284682,0.4047935028336931
911,2022-07-01,2022-07-29,0.10844949948129538,0.13098284222901216,0.8279672179634094,0.14791419462693,0.7331919681868756,0.20458016508574647,0.530107595894453,True,False,0.5160127639700313,0.4111491844581503
912,2022-07-04,2022-08-01,0.12632437013650258,0.13063011584147033,0.9670386443644198,0.11483530950069899,1.1000481531835262,0.1812049942287745,0.6971351461594697,True,False,0.5174289830568454,0.40550778108777397
913,2022-07-05,2022-08-02,0.17081831207582304,0.12893471179837876,1.3248434784803307,0.10123142896582873,1.68740393987211,0.17878848059590455,0.9554212413824603,True,False,0.5241305668093059,0.4170128861296378
914,2022-07-06,2022-08-03,0.07730808194331854,0.12130953594249837,0.6372795126342182,0.12072358751837814,0.6403726358078091,0.1836040384977134,0.42105872275941975,True,False,0.5573997753657823,0.37274324721148283
915,2022-07-07,2022-08-04,0.10216678291781793,0.1218447564943454,0.838499627372634,0.1257991133584239,0.8121423131713713,0.18545271484071726,0.5509047576120282,True,False,0.5548476382782508,0.37711463240154075
916,2022-07-08,2022-08-05,0.09518222650468315,0.12224004038977386,0.7786501558833396,0.12132455128202142,0.7845256833749181,0.18495564357437153,0.5146219096926876,True,False,0.5531096033092113,0.3866510524838588
917,2022-07-11,2022-08-08,0.07498706683721279,0.12575331207227725,0.5963029172075696,0.12351909946836163,0.6070888401871817,0.19588878938843385,0.3828042792613244,True,False,0.5376289604049643,0.3918420593629151
918,2022-07-12,2022-08-09,-0.021966684403099516,0.13267195706942822,-0.1655714205798908,0.08448834128157218,-0.2599966346823131,0.18599433307905278,-0.11810405209368967,True,False,0.5094800297062105,0.35770933553116896
919,2022-07-13,2022-08-10,0.07995491741336822,0.12949469956890228,0.6174377613874871,0.12518224525335095,0.6387081271114039,0.21707040005773875,0.3683363433803086,True,False,0.5217686250231678,0.40056690680684914
920,2022-07-14,2022-08-11,0.08053923560123641,0.127803814128135,0.6301786542965648,0.12493712282251808,0.6446381490283558,0.2128627410867058,0.37836229670851695,True,False,0.5287128221628749,0.400810278691816
921,2022-07-15,2022-08-12,0.07534136963525585,0.12747830350912873,0.5910132748970938,0.11647177785882162,0.646863738326198,0.2099827653084072,0.35879787336165425,True,False,0.5299600567224313,0.37387624462595137
922,2022-07-18,2022-08-15,0.05647590469406517,0.13690835895115083,0.4125088133896622,0.16301957491918875,0.34643633883882424,0.2529153155974869,0.2232996628165698,True,False,0.4935614449455097,0.3774374137323549
923,2022-07-19,2022-08-16,0.13984195729084742,0.14292448072784805,0.9784325021066875,0.15326182567043725,0.9124382844789615,0.2574661276740141,0.5431470094889751,True,False,0.47275848927407177,0.3646412527652912
924,2022-07-20,2022-08-17,0.14564544378061314,0.14332796260953073,1.0161690791447022,0.1609363191084294,0.9049880386694182,0.2667245613803413,0.5460518634912181,True,False,0.4714482432939084,0.3700184487094953
925,2022-07-21,2022-08-18,0.14872946852648972,0.14389962052330835,1.0335640079217516,0.16181076259901525,0.9191568356615288,0.2713796679866715,0.5480494158972675,True,False,0.46956906150955413,0.3734668595343029
926,2022-07-22,2022-08-19,0.22311538941103146,0.13987968771309497,1.595052098405166,0.17209371964719247,1.2964760705296974,0.27074498967554517,0.8240794767002264,True,False,0.48291572169185504,0.3900863028467755
927,2022-07-25,2022-08-22,0.2140663873001646,0.11307007697784137,1.8932187279054895,0.11046818420247069,1.9378103192844631,0.1772395735296599,1.2077798599777265,True,False,0.5976328995741088,0.3917078821483401
928,2022-07-26,2022-08-23,0.2057292381154064,0.11310791974736173,1.8188756240493502,0.10970141407282284,1.875356301048568,0.17648420271596618,1.165709083019216,True,False,0.5975208204973519,0.40610652311407497
929,2022-07-27,2022-08-24,0.18467849699205838,0.11358637739994015,1.6258859664288905,0.10918478868032251,1.6914306399655237,0.17061181958823485,1.0824484343334062,True,False,0.5951014827739484,0.4030114291099852
930,2022-07-28,2022-08-25,0.20021686555655432,0.11542188253158744,1.7346525733693616,0.11187976641551185,1.7895717158808329,0.1763008912227204,1.1356543019605099,True,False,0.5855483410524588,0.40309967092670745
931,2022-07-29,2022-08-26,0.08510683537634989,0.0960020099081576,0.8865109746948963,0.10074413216163415,0.8447820587684874,0.15737605722268846,0.5407864250654277,True,False,0.7050010844430165,0.3805019705062479
932,2022-08-01,2022-08-29,0.07581484921830857,0.09740030986065623,0.7783840659929269,0.10814797204194462,0.7010288569156358,0.16591243546932777,0.45695700267340394,True,False,0.6947615289138294,0.3780134287420517
933,2022-08-02,2022-08-30,0.10682007203483775,0.09942724621489589,1.0743541242605017,0.10997705213136685,0.9712941924215416,0.18175281994806947,0.5877216764249295,True,False,0.6802861729633731,0.36945855363598745
934,2022-08-03,2022-08-31,0.09596973352551538,0.10036197640486788,0.9562359866087745,0.10902968983419471,0.8802165141573817,0.17788127356232547,0.5395156645979927,True,False,0.6740926401027993,0.36289224538704234
935,2022-08-04,2022-09-01,0.13711219972273622,0.10636707016841371,1.2890474420856282,0.13617834427842634,1.0068575914126299,0.21312906896818443,0.6433294171768006,True,False,0.6356638471499424,0.3836991282847864
936,2022-08-05,2022-09-02,0.12679295449629832,0.10700812017430159,1.1848909623846298,0.12824092961891878,0.9887089470816902,0.21018716491657416,0.6032383306879084,True,False,0.6318956509604874,0.3872930195848331
937,2022-08-08,2022-09-05,0.13671632770822806,0.10726270883129596,1.2745932784828051,0.13190041042188308,1.0365117687726768,0.2060819492327784,0.6634075823584195,True,False,0.6304390723882881,0.38031922157767123
938,2022-08-09,2022-09-06,0.16027390085847693,0.10650731931560035,1.5048158369619322,0.14674453527564138,1.0921967251279396,0.2285378865801167,0.7013012295547373,True,False,0.6345273433860497,0.4002902126624546
939,2022-08-10,2022-09-07,0.134214599417462,0.09822042304166251,1.3664632594845545,0.12107549189569976,1.1085199598700033,0.18498035220359985,0.7255613789173556,True,False,0.6883502997417476,0.39946274901394296
940,2022-08-11,2022-09-08,0.04736149533605463,0.10260749212073977,0.46157930924111906,0.07076043350722067,0.6693217238588806,0.1306033251388014,0.362636213784911,True,False,0.6587357543647997,0.33301389488266486
941,2022-08-12,2022-09-09,0.08865097736383865,0.10146830723805213,0.8736814457331679,0.09137413353690924,0.9701977346579094,0.14909590170249556,0.594590302963068,True,False,0.6663452803861026,0.37313030729419483
942,2022-08-15,2022-09-12,0.0710047163408316,0.10132597276733044,0.7007553384547912,0.07334581515089478,0.9680813580809372,0.13130947244972735,0.5407432915246552,True,False,0.667583668269533,0.38645030782304934
943,2022-08-16,2022-09-13,0.14642285398878419,0.09034574258304402,1.6206945651500422,0.10049002884077568,1.4570883865581141,0.14074197808531155,1.0403637633970806,True,False,0.7486418255200853,0.42041148085127417
944,2022-08-17,2022-09-14,0.14656253791662777,0.08876658388105048,1.651100352279247,0.09488845863748245,1.544577075243303,0.13627676610295575,1.0754770758641368,True,False,0.7620965050525614,0.4203750762122628
945,2022-08-18,2022-09-15,0.14531502203369026,0.08874003554511146,1.6375362162190998,0.09408844591524408,1.5444512938877921,0.13629144468889684,1.0662079513896923,True,False,0.7623220791606674,0.4211092385955239
946,2022-08-19,2022-09-16,0.15185655573994275,0.08905740488435772,1.7051536134151968,0.09498330014767388,1.5987711050663225,0.13715070687564598,1.1072240107200504,True,False,0.7596420570954046,0.42068824713197717
947,2022-08-22,2022-09-19,0.13548962113901808,0.0889906870971955,1.5225146086470431,0.09343478890464317,1.4500982206669815,0.13797518811737874,0.9819854061279037,True,False,0.7604596827840187,0.4071337036321587
948,2022-08-23,2022-09-20,0.11710297964674728,0.09673436008216045,1.210562405615615,0.11314249043262507,1.0350044373159757,0.17508619627769823,0.6688304511511247,True,False,0.6994401594412752,0.3980526095925745
949,2022-08-24,2022-09-21,0.13221638865249963,0.09621162789884376,1.3742246289763544,0.11172735802324622,1.1833841862168657,0.17400929424749284,0.7598237164530344,True,False,0.7029195441638116,0.3911214839677964
950,2022-08-25,2022-09-22,0.12497821264040941,0.0979816433038095,1.275526807127456,0.11477803097995591,1.0888687632412408,0.18044534674235713,0.6926097840519844,True,False,0.6900883879122197,0.3941869178772088
951,2022-08-26,2022-09-23,0.1787191422984471,0.09407708388575359,1.899709630832968,0.11530837910565407,1.5499232899171307,0.17290728565892455,1.0336125607279902,True,False,0.7181185506597162,0.42595213666406745
952,2022-08-29,2022-09-26,0.35138327263248775,0.10342579547463515,3.397443268576681,0.06170211709942186,5.6948333242163605,0.11882316012358786,2.957195148378602,True,False,0.6509341492132172,0.4545610080958754
953,2022-08-30,2022-09-27,0.34977241588366403,0.10362855640573172,3.375251262926191,0.06479429850995934,5.398197432909958,0.12178391699306662,2.872073952947147,True,False,0.6499031187204143,0.45599301822764354
954,2022-08-31,2022-09-28,0.33862687842523687,0.09476518991287808,3.573325592831628,0.051592149693107665,6.563534964903293,0.09946991176027888,3.4043146558863246,True,False,0.7110297142550773,0.46697688797036246
955,2022-09-01,2022-09-29,0.276895822124549,0.09307987426963975,2.974819468733052,0.0664798648545051,4.165108077920299,0.12090791872904104,2.2901380243347207,True,False,0.7249438859485969,0.4809083517058328
956,2022-09-02,2022-09-30,0.29698919933297296,0.09319915671534684,3.186608224793826,0.06565846178820316,4.523243329869372,0.12458693755719794,2.3837908303719644,True,False,0.7241356635194459,0.46545287075638503
957,2022-09-05,2022-10-03,0.2999326837448551,0.09016117341934671,3.326627997063044,0.05647866505158952,5.310548389748349,0.11467511802263552,2.615499237468863,True,False,0.7484167077689141,0.45575215024404425
958,2022-09-06,2022-10-04,0.33329152846281956,0.0888705935473961,3.7503015920003944,0.055458313910805364,6.009766705112213,0.11864935959217718,2.809046164331714,True,False,0.7590584618345275,0.49056056441121515
959,2022-09-07,2022-10-05,0.2985814673089076,0.08917297657768035,3.3483402569701974,0.06351344118506866,4.701075264350516,0.12319199437555271,2.423708365323459,True,False,0.7570946072687462,0.47477451900390727
960,2022-09-08,2022-10-06,0.3360650157046941,0.09177684129077048,3.66176271680523,0.05612267524393594,5.988043411045449,0.11230832504835156,2.992342870041109,True,False,0.7350292436538693,0.477281002043395
961,2022-09-09,2022-10-07,0.32980900567149307,0.09339458666311713,3.5313503432607343,0.056518939581066255,5.835371436833866,0.11610539875338073,2.8406000858929894,True,False,0.72232571920546,0.4724142936240962
962,2022-09-12,2022-10-10,0.29123568727820015,0.09457709382353262,3.07934696980227,0.05103096735614962,5.70703834096737,0.1155971248244184,2.519402517325244,True,False,0.7135511393789638,0.4420013885565986
963,2022-09-13,2022-10-11,0.3098685766235134,0.09435549039598226,3.2840545401553856,0.047659384100016876,6.501732711720118,0.10743319439081253,2.8842908225952626,True,False,0.7146542762360675,0.4275972094792439
964,2022-09-14,2022-10-12,0.2697227522333753,0.10596400990626649,2.545418510227824,0.07410489664171883,3.6397426412646725,0.13854742667764683,1.946790053783743,True,False,0.6368625543125305,0.3985864464508828
965,2022-09-15,2022-10-13,0.29513917998360845,0.10339426992069645,2.8545022873122528,0.06546619275300455,4.508268582184552,0.1308156342743425,2.256146076275957,True,False,0.6526371478556117,0.41090032798741166
966,2022-09-16,2022-10-14,0.29327744407215267,0.10337309080957724,2.8370772487822458,0.06456493561048426,4.542364075780621,0.13077485642178233,2.2426133898878695,True,False,0.6527345123206734,0.4151486698851045
967,2022-09-19,2022-10-17,0.31738644999861054,0.10228096004349911,3.1030843850471204,0.06956632699831844,4.5623574463875665,0.13042548593324116,2.4334695610109986,True,False,0.6596749661086426,0.4393445573899292
968,2022-09-20,2022-10-18,0.30451925059198326,0.10144645481860967,3.00177321264184,0.06642416459481161,4.584464892401059,0.1305662281876606,2.3322972166608276,True,False,0.6651919329222366,0.4399694299013723
969,2022-09-21,2022-10-19,0.3220669559617687,0.10340278193868356,3.1146836663712785,0.0746307585634064,4.315472094366295,0.1340050613438404,2.403393966854616,True,False,0.6522983681695214,0.4437467471134173
970,2022-09-22,2022-10-20,0.3241862032985061,0.10294612872132478,3.1490859085733893,0.07642070196586949,4.242125431447778,0.13655573754610476,2.3740211076012274,True,False,0.6554389006509239,0.4447777738956814
971,2022-09-23,2022-10-21,0.3474263707729008,0.10349763250523232,3.356853315029565,0.08998891840423168,3.86076838052721,0.13701142398371566,2.5357474630304826,True,False,0.6518496060800332,0.44686369348643384
972,2022-09-26,2022-10-24,0.2907104280958917,0.11408189465404522,2.5482608697679394,0.07979422391183662,3.643251526790875,0.15921725527352237,1.8258726266601863,True,False,0.5919034775527644,0.408864864885248
973,2022-09-27,2022-10-25,0.22240650081524374,0.12325751255312532,1.8044052342804187,0.10979101810129874,2.025725825859819,0.1399796370689178,1.5888489602651545,True,False,0.5481128070196813,0.37096983253985405
974,2022-09-28,2022-10-26,0.2636019472284306,0.1217284121235385,2.165492366407515,0.13357575233272406,1.97342663338945,0.147688774576974,1.7848475483899677,True,False,0.5547109108637176,0.3987991319799421
975,2022-09-29,2022-10-27,0.30179796106354917,0.13493492982917413,2.236618505272293,0.1439820226103615,2.096080855040236,0.18082521572368765,1.6690037385312209,True,False,0.5002734412968969,0.3997769135846717
976,2022-09-30,2022-10-28,0.34155390939967883,0.1398104500171803,2.4429783993807885,0.11577851226281101,2.9500630360871263,0.15989747636706758,2.1360806759425826,True,False,0.4827312698773836,0.4018559354178372
977,2022-10-03,2022-10-31,0.3520732314320461,0.13921329504877927,2.5290201723095653,0.11864472513633516,2.9674579382056576,0.16415731839237183,2.1447306454562947,True,False,0.48475174329769555,0.4083410499318399
978,2022-10-04,2022-11-01,0.33548402232966923,0.14524028950007264,2.3098550924432124,0.12745378575605507,2.632201313908254,0.18408310513602483,1.822459600959955,True,False,0.4647067027133244,0.4029202247215006
979,2022-10-05,2022-11-02,0.27491014879812914,0.14803447945186435,1.8570683655325064,0.14902124824005347,1.8447714808782527,0.1819086894860395,1.5112535282116195,True,False,0.456086620671425,0.3682569468112377
980,2022-10-06,2022-11-03,0.26544274713474664,0.14790820878336428,1.7946451337500198,0.15238306672079321,1.7419438579819972,0.18254272696940702,1.454140362323135,True,False,0.45648609182535765,0.3786298731691021
981,2022-10-07,2022-11-04,0.3526917129950041,0.17135180864059305,2.058289992927754,0.16423453983501443,2.1474880579280624,0.2397535540538379,1.4710593733922517,True,False,0.39386963786259876,0.41665781367358873
982,2022-10-10,2022-11-07,0.3734685558270398,0.18054524719260764,2.0685593314379496,0.16003351260816043,2.333689673746472,0.26009065187436026,1.4359168741191362,True,False,0.3737575163247081,0.4404609194405764
983,2022-10-11,2022-11-08,0.22542738768256163,0.17844586837745022,1.2632816311876478,0.2486323911847992,0.9066694271343344,0.3325309472430558,0.6779140093622344,True,False,0.3783742688357065,0.45341941147483655
984,2022-10-12,2022-11-09,0.2270144047473185,0.19081751940275146,1.1896937212990784,0.26037306762391793,0.8718812848770419,0.39259266856403746,0.5782441266100444,True,False,0.35382456398866025,0.45356161506868764
985,2022-10-13,2022-11-10,0.3873145100871447,0.15989012116087903,2.4223792394117623,0.17085201613576392,2.2669589674573896,0.34404322259647774,1.125772823437999,True,False,0.42164393383146886,0.4871744474234396
986,2022-10-14,2022-11-11,0.37675614018785747,0.1658927326863206,2.2710828502671627,0.18267781526113255,2.0624077403668073,0.3830032413280531,0.9836891690040691,True,False,0.40650886373808065,0.4857577500096835
987,2022-10-17,2022-11-14,0.09173259578217274,0.15325632373279932,0.5985566764742934,0.18725142443484175,0.48988997578543453,0.42071932832403824,0.21803751243755612,True,False,0.4401067715485085,0.5052701322346065
988,2022-10-18,2022-11-15,0.04934351751014006,0.14763649196659992,0.33422304237155087,0.18487749171066487,0.2668984582902237,0.39489402580741345,0.12495382124166265,True,False,0.457005349502785,0.49983738685772644
989,2022-10-19,2022-11-16,0.07175341477920916,0.1488705280656842,0.4819853580928411,0.1942637887678196,0.369360729729036,0.3998197396255276,0.1794644127536415,True,False,0.4531809159928989,0.4992812940009483
990,2022-10-20,2022-11-17,0.04834825878731629,0.15025392344884325,0.32177701372155754,0.18444453447568274,0.2621289859564288,0.4139721927947942,0.11679107831110408,True,False,0.4490982856437239,0.5111125900450433
991,2022-10-21,2022-11-18,0.036700688888749555,0.15015949091335898,0.24441138329328518,0.1862738963890217,0.19702539969477204,0.4191348127864733,0.08756296964396175,True,False,0.44946784099837017,0.5102885259826446
992,2022-10-24,2022-11-21,-0.004916214940524239,0.1495008970145493,-0.032884183564770166,0.20551818642589031,-0.023921070081537633,0.44042226866589035,-0.01116250310279778,True,False,0.45177099282643535,0.541312851845996
993,2022-10-25,2022-11-22,-0.011343184529211769,0.14863343498693943,-0.07631650664743439,0.18165504178148414,-0.062443543641671526,0.4158401400413725,-0.0272777527635577,True,False,0.4542272604520467,0.5364267547469875
994,2022-10-26,2022-11-23,-0.037792761145865134,0.15166445687724023,-0.24918667118199772,0.18363443356144893,-0.20580432772276708,0.44462066209793205,-0.08500001094762642,True,False,0.4451579726151598,0.5328120485073596
995,2022-10-27,2022-11-24,-0.09216337830986944,0.15400516899372826,-0.5984434088288473,0.2084821664239458,-0.44206840273549536,0.49631119493804915,-0.18569675487850623,True,False,0.4385294083424604,0.5167746262177347
996,2022-10-28,2022-11-25,-0.12019313736723765,0.15406582103045469,-0.7801414782547953,0.21483016062800284,-0.5594798096127785,0.4925050144924783,-0.24404449463544148,True,False,0.4381883276475213,0.5148909611255867
997,2022-10-31,2022-11-28,0.04649263323723257,0.1458021467140551,0.3188748196445503,0.18708393875201082,0.248512157416468,0.39537764988751484,0.11759044359351054,True,False,0.46304241564206194,0.50677965419111
998,2022-11-01,2022-11-29,0.02758447284308462,0.14607898676628525,0.18883258608041678,0.1865374501333213,0.14787632629999797,0.39609524491368603,0.0696410098260473,True,False,0.4620748932376884,0.49786990998988695
999,2022-11-02,2022-11-30,0.018304369774036915,0.14160941683802417,0.12925955196167385,0.17021602413079698,0.10753611399107475,0.3627918539577473,0.05045419177512387,True,False,0.47673951748240795,0.49788719659585784
1000,2022-11-03,2022-12-01,0.06741864605192088,0.14100234285954388,0.478138481139128,0.17230262190718035,0.3912804419670375,0.3309296166561542,0.20372502991163488,True,False,0.4782454919484874,0.5506666740504393
1001,2022-11-04,2022-12-02,0.08010455554033702,0.14028643307905717,0.5710071443273121,0.16655934264028455,0.48093702983288966,0.3137689244497295,0.25529792563371256,True,False,0.48029337669929084,0.5155133808418184
1002,2022-11-07,2022-12-05,0.15370311625954702,0.12948503428172242,1.1870338306829573,0.1772826659422928,0.866994612488391,0.2787703633415208,0.5513610357182975,True,False,0.5210658157458185,0.5228329702360196
1003,2022-11-08,2022-12-06,0.1878583856935157,0.12321350601692896,1.5246574159467943,0.174808298387859,1.0746537059510848,0.25053458469915557,0.7498301518694432,True,False,0.5479719382711936,0.5202253277037916
1004,2022-11-09,2022-12-07,0.2437395329406545,0.12650966578986655,1.9266475128114526,0.17637163546174423,1.3819655995281774,0.24617129811602742,0.9901216543358895,True,False,0.5335798209479816,0.5122346402299477
1005,2022-11-10,2022-12-08,0.22796754746391448,0.12766863200228826,1.7856190975699382,0.1807059140949785,1.2615389408013256,0.2503361674129994,0.9106456722564517,True,False,0.5285973972773812,0.5054408312380406
1006,2022-11-11,2022-12-09,0.07410013517527833,0.14623835179252118,0.5067079481339444,0.29491118670057515,0.2512625445114518,0.25744748932320305,0.28782621019174914,True,False,0.4619148413502413,0.4633980104975812
1007,2022-11-14,2022-12-12,0.13424961297598695,0.13412513715799915,1.000928057339775,0.23668880637000916,0.5671988254743158,0.20803405091814892,0.6453251877924904,True,False,0.503696968854946,0.47028767119507126
1008,2022-11-15,2022-12-13,0.3200796486909122,0.12122530749494516,2.6403698642237625,0.09801481006644533,3.265625352678097,0.11994018357674538,2.668660653550733,True,False,0.5567177253438529,0.4455421326077266
1009,2022-11-16,2022-12-14,0.322972242837741,0.11932457579357612,2.7066699436372796,0.06013351940041651,5.370918683257777,0.11013002403053875,2.9326448049097102,True,False,0.5656310875001378,0.441759096685873
1010,2022-11-17,2022-12-15,0.3652987892572529,0.11289742045293984,3.2356699364050043,0.059608246604672,6.128326365309014,0.10889453201923614,3.354610947707853,True,False,0.5975214787412156,0.46101333665739386
1011,2022-11-18,2022-12-16,0.3688401700827715,0.11286399993242671,3.2680054783066463,0.05938143633925067,6.211371647791736,0.10740992357005683,3.4339487248792233,True,False,0.5976004627410921,0.4417303362956807
1012,2022-11-21,2022-12-19,0.37497301155366186,0.11390881977453905,3.2918698683372365,0.058664316161644116,6.39184151606674,0.11084356995676914,3.3829026952118886,True,False,0.5920689127331031,0.441729122898257
1013,2022-11-22,2022-12-20,0.42360912366003833,0.11321371883297389,3.7416766097490006,0.04580906161441582,9.247277912515266,0.09591721335186348,4.416403571964369,True,False,0.5949759891086668,0.41159870584984126
1014,2022-11-23,2022-12-21,0.37214591654106993,0.11183529958337388,3.327624801180355,0.05850649873885153,6.360762044609321,0.10668135533313383,3.488387594804828,True,False,0.6029465428888757,0.40924563500038014
1015,2022-11-24,2022-12-22,0.32200481493208605,0.10736733427351125,2.999094809523722,0.08996769575629898,3.5791159507332524,0.11636983073402131,2.7670815786272884,True,False,0.6285508971977615,0.4030393720265111
1016,2022-11-25,2022-12-23,0.31767324412197157,0.10531028830745688,3.016545194468692,0.08855786664380048,3.5871826655414396,0.10974951671092652,2.8945297769164977,True,False,0.6408248954522893,0.40427948997396024
1017,2022-11-28,2022-12-26,0.3186424110446142,0.10532703695774717,3.025267018310221,0.0872295074358949,3.6529199855769563,0.10969282144179374,2.9048611099286505,True,False,0.6407947326734644,0.39970695839379455
1018,2022-11-29,2022-12-27,0.3103536133879832,0.10902792630280624,2.84655155713069,0.09991751849672435,3.106098090277909,0.11770422637996311,2.636724465493067,True,False,0.6190271762114943,0.39577776581716
1019,2022-11-30,2022-12-28,0.3195739056550603,0.10876977159761736,2.9380764615125905,0.09856767958795791,3.242177425612268,0.11800101866753948,2.708230058211954,True,False,0.6204518637275052,0.3997337012254025
1020,2022-12-01,2022-12-29,0.3414175030753047,0.11088770342937743,3.078948273942277,0.11069344625680992,3.084351554862721,0.12154499460009038,2.808980363186843,True,False,0.6083689468837916,0.4025752118501167
1021,2022-12-02,2022-12-30,0.2840466937505545,0.11211498984509004,2.5335300314705784,0.09038700105364879,3.1425613245201034,0.11567515220799068,2.4555549599781115,True,False,0.6023366871819867,0.30476234381105255
1022,2022-12-05,2023-01-02,0.294691583136517,0.11353611377003602,2.5955757454707844,0.09488610842460153,3.1057400079874182,0.11737195074338344,2.5107496405237137,True,False,0.5947140573864121,0.3047431079738122
1023,2022-12-06,2023-01-03,0.295326340577093,0.11595629017992382,2.5468764145424907,0.0979496167417165,3.0150841871677714,0.12304212463308765,2.4002051448457826,True,False,0.5822938191952809,0.3076747645672818
1024,2022-12-07,2023-01-04,0.3037951730350152,0.11800576486080583,2.574409592559804,0.10895996608215473,2.7881357158826265,0.1266526394385853,2.39864857441307,True,False,0.5720165522020434,0.31366695710255754
1025,2022-12-08,2023-01-05,0.3294579303782381,0.11811681359582975,2.7892551479213794,0.11499248502344936,2.865038791978926,0.12931414936845728,2.547733036077184,True,False,0.5714109532486411,0.3336607883461527
1026,2022-12-09,2023-01-06,0.37518741273835043,0.11484511092484247,3.2668993021730155,0.1366112307799158,2.746387764727682,0.1309927439560613,2.864184697621106,True,False,0.587246917509225,0.3743634797100547
1027,2022-12-12,2023-01-09,0.32192668928849516,0.1140302679509391,2.8231687522386806,0.11530979086994417,2.7918417582735056,0.13877967706428734,2.3196961983084026,True,False,0.5916793117280662,0.4057824241190023
1028,2022-12-13,2023-01-10,0.2903885098164539,0.12185257451136498,2.38311345477046,0.14126799956979325,2.055585912597197,0.1747234492682304,1.661989338195,True,False,0.5538575780446764,0.39868765029756387
1029,2022-12-14,2023-01-11,0.22318505208430436,0.13540145534487444,1.6483209247333466,0.14927285433212537,1.4951482845482924,0.19573748174749345,1.140226440494514,True,False,0.4987790028963922,0.36936196183974485
1030,2022-12-15,2023-01-12,0.29364644630416575,0.1266818801845282,2.3179830128541865,0.13930155276638018,2.107991192292266,0.17305460184541643,1.6968427488941886,True,False,0.5327178476638553,0.3881545945710862
1031,2022-12-16,2023-01-13,0.22421131991844914,0.13647196201906872,1.6429112368672543,0.14993462753044004,1.4953938500492776,0.18442117959128088,1.2157568909132468,True,False,0.4944973597709105,0.35480211741367507
1032,2022-12-19,2023-01-16,0.21826564843928675,0.1310669211213579,1.6652992728591642,0.1386637831395439,1.5740638506857683,0.16571122047002343,1.3171446557462911,True,False,0.5148925018387266,0.35280759200286205
1033,2022-12-20,2023-01-17,0.21872577237200058,0.13108707940355488,1.6685532500014573,0.13814151727543725,1.5833456638230505,0.16626039937135415,1.315561451789018,True,False,0.5148642376074483,0.3548061170923207
1034,2022-12-21,2023-01-18,0.19919509004919955,0.1297943298209439,1.5346979357572597,0.13620286266671272,1.4624882777730472,0.16238554660543797,1.2266799244959952,True,False,0.5201176449773022,0.35213785090566385
1035,2022-12-22,2023-01-19,0.2663551860293852,0.13549701030740027,1.965764303028596,0.12155424158155632,2.1912455095256815,0.1623079410775063,1.641048393942682,True,False,0.49805887035788127,0.37018965702942513
1036,2022-12-23,2023-01-20,0.32148305174237934,0.147770517347528,2.175556108978848,0.1357006370179316,2.3690607414016656,0.18458562815453933,1.7416472504198774,True,False,0.45645581125696827,0.37061062160728353
1037,2022-12-26,2023-01-23,0.33240616369737236,0.15234948719402389,2.1818659834019543,0.14342353405063923,2.3176542531716455,0.19287219437273334,1.723453008757623,True,False,0.442704691820733,0.37008525866473996
1038,2022-12-27,2023-01-24,0.3197059078345383,0.1510362046240306,2.1167501436517924,0.1408350113185043,2.2700740734951905,0.19218396114518121,1.663541046450923,True,False,0.44658965491027636,0.3695839532802022
1039,2022-12-28,2023-01-25,0.34625772298775453,0.15460687255170116,2.239601107460243,0.153145703234532,2.260969231748441,0.2021127613648316,1.7131907982926837,True,False,0.43622164841641525,0.3692645080574892
1040,2022-12-29,2023-01-26,0.3247726663325317,0.15635686979648214,2.0771243806253197,0.15189466945327065,2.138143935541107,0.21054913797232605,1.5425029494787998,True,False,0.43136908413111585,0.3638911354792047
1041,2022-12-30,2023-01-27,0.3193186358285205,0.1578732653642429,2.0226264091756967,0.15064367278199517,2.119694972457451,0.21452625137798778,1.4884828023489405,True,False,0.4272921269845642,0.36186897786608324
1042,2023-01-02,2023-01-30,0.28768261493240377,0.14752258008946542,1.9500920791782381,0.1367052845712049,2.1044001030008475,0.18892860249157717,1.5227054619494644,True,False,0.45741126583150776,0.36180967903082456
1043,2023-01-03,2023-01-31,0.2741356907350338,0.1467647707053311,1.8678575888312692,0.1376751177344582,1.9911781827110897,0.1907128436333991,1.4374264759115838,True,False,0.4598392392152943,0.3631317756000594
1044,2023-01-04,2023-02-01,0.19734536422807356,0.1472970026847467,1.33977854695688,0.08760603800468207,2.252645693411298,0.17668579817298022,1.1169282775906362,True,False,0.45814991271692607,0.33395254380710193
1045,2023-01-05,2023-02-02,0.1477825263279343,0.1447704614072964,1.0208057976147755,0.08304734552488771,1.7794972902974566,0.17554271702880522,0.8418607665944028,True,False,0.46631854287042807,0.32539668472570327
1046,2023-01-06,2023-02-03,0.0805869013869464,0.14620648703892808,0.5511855391579842,0.09048595103264834,0.8906012532030496,0.19445536296992444,0.4144236505290441,True,False,0.4619659277644376,0.3839925811672269
1047,2023-01-09,2023-02-06,0.10435488106383471,0.14581445076379954,0.7156689924572432,0.12142625138743646,0.8594095582418015,0.2277276215595059,0.4582442847696737,True,False,0.4634413469475231,0.399894961885883
1048,2023-01-10,2023-02-07,0.20677344764009956,0.14778918015677206,1.3991108646841268,0.09951249287614447,2.0778642124607867,0.19941906817108399,1.0368790183228926,True,False,0.45707321165229714,0.3627938171855694
1049,2023-01-11,2023-02-08,0.2052847120567872,0.14997417912250555,1.3688003712232462,0.09731346396274783,2.1095201393239007,0.19722496401886933,1.0408657599610298,True,False,0.45041005101919274,0.36438126653662456
1050,2023-01-12,2023-02-09,0.17831984875983758,0.14604883039539235,1.220960471077236,0.10445387805239853,1.7071635068483022,0.19311161926101808,0.9234030010323341,True,False,0.4625894565245816,0.3652739456619086
1051,2023-01-13,2023-02-10,0.04490014205747843,0.17296684209825322,0.2595881471430984,0.08444007764029172,0.5317397059812001,0.2074409323815832,0.2164478415228368,True,False,0.39059160331084763,0.33836535295018005
1052,2023-01-16,2023-02-13,0.03200114047264817,0.174627864295437,0.1832533462042939,0.08802747555814858,0.3635358195806612,0.2120813882976599,0.15089084775196782,True,False,0.386869362837901,0.3359263922704046
1053,2023-01-17,2023-02-14,0.04828383777414935,0.16864063957916056,0.28631199392175416,0.08740147217085649,0.5524373511668298,0.2038247494354926,0.2368889838347646,True,False,0.4006221451538474,0.3363442577958924
1054,2023-01-18,2023-02-15,0.006826371359728551,0.16620270611908886,0.04107256445534206,0.10271230316945462,0.06646108741682497,0.2097574941518378,0.032544111891359286,True,False,0.4064803893452186,0.3482378225247314
1055,2023-01-19,2023-02-16,0.0034772360775618166,0.15146817912830374,0.022956875150762616,0.09895511521105409,0.03513952836238405,0.17157808287208762,0.02026620194931374,True,False,0.4460983275829011,0.34637339425641095
1056,2023-01-20,2023-02-17,-0.006519792715859298,0.15157362486560796,-0.04301403177261243,0.09563881919424251,-0.0681709871659707,0.1694943161957775,-0.03846614365716247,True,False,0.4458280747010841,0.33454849485988936
1057,2023-01-23,2023-02-20,-0.03679433966972969,0.14753065411971442,-0.2494013185888321,0.08665036551956676,-0.424629941825474,0.1585708585007604,-0.23203721047870376,True,False,0.45805228035457907,0.329518777434566
1058,2023-01-24,2023-02-21,-0.043028586863309765,0.13872655112906077,-0.3101683600803944,0.076263636499139,-0.5642084332524,0.14067340113399462,-0.3058757840248993,True,False,0.4871730930858277,0.3256448381701616
1059,2023-01-25,2023-02-22,-0.059461523695269226,0.1388670786836873,-0.4281902108037516,0.07879236863712784,-0.7546609490712822,0.14377892102651127,-0.41356217775695486,True,False,0.48663406802107406,0.32578860769912704
1060,2023-01-26,2023-02-23,-0.08045340202738105,0.1337531091866019,-0.601506780041567,0.07836931571888871,-1.0265931415806662,0.13657346424863384,-0.5890851672394759,True,False,0.5052009939395018,0.3245097973155087
1061,2023-01-27,2023-02-24,-0.07074545205651842,0.13389289919853742,-0.5283734423557184,0.07781623164556963,-0.9091349010415133,0.13985055022365836,-0.5058646672707225,True,False,0.5046036187049674,0.3312796255654914
1062,2023-01-30,2023-02-27,-0.05753475451075007,0.13208655984369527,-0.43558371554860587,0.07697723058793962,-0.7474256227628473,0.1358414453526749,-0.4235434506852966,True,False,0.5115486293934287,0.3332070124482381
1063,2023-01-31,2023-02-28,-0.035161030685671696,0.13753453420985823,-0.25565237769316135,0.0923105173523172,-0.3808995084652624,0.1459876679471145,-0.240849320905716,True,False,0.4912346169605884,0.3337416738776466
1064,2023-02-01,2023-03-01,-0.023950579143747534,0.13864819846083265,-0.17274352937599433,0.09252795496433956,-0.2588469522856971,0.1441490364350869,-0.1661515035831193,True,False,0.4874246877261338,0.3648474342905742
1065,2023-02-02,2023-03-02,-0.12574122464227844,0.1437858943505731,-0.8745031994285972,0.06606906833670402,-1.9031784132549079,0.14367783312426471,-0.8751609201506179,True,False,0.4697299742624666,0.3622390197398989
1066,2023-02-03,2023-03-03,-0.0466854385445002,0.1415306921148171,-0.3298608792686926,0.08797120325914329,-0.5306900078082989,0.14768938776267432,-0.3161055729983807,True,False,0.47731184838830626,0.3649905163043823
1067,2023-02-06,2023-03-06,-0.010967024512687358,0.14213867247992468,-0.0771572178165398,0.10789022903662325,-0.10164983994022861,0.14168024558630396,-0.07740687113650463,True,False,0.47549649340798866,0.31014844652355716
1068,2023-02-07,2023-03-07,-0.026393134891826618,0.14306192361786318,-0.18448748782608348,0.10967363599800477,-0.24065159007135292,0.13011272652029793,-0.20284821936852748,True,False,0.47242083194128365,0.30346098010649875
1069,2023-02-08,2023-03-08,-0.040293229894635955,0.14447608316735602,-0.27889204227637937,0.11560142682947668,-0.34855304990372116,0.1308036063202229,-0.3080437231676419,True,False,0.46776569949220087,0.3003309125260575
1070,2023-02-09,2023-03-09,-0.05074641128143647,0.11474466091516058,-0.44225509820415204,0.06116531093436462,-0.8296599903806835,0.08725411662115022,-0.5815933189923058,True,False,0.5893809147945771,0.29661222486080996
1071,2023-02-10,2023-03-10,-0.06989458482174615,0.1089015590803218,-0.641814363467418,0.05478690012590039,-1.2757535954968848,0.08044993790562045,-0.8687960070738989,True,False,0.6211190190409588,0.29764025194706734
1072,2023-02-13,2023-03-13,-0.09678232549622634,0.10570651417041925,-0.9155757926157191,0.05924060911955679,-1.6337159076285748,0.07840441919891317,-1.2343988576803069,True,False,0.6399632065820198,0.3059310683013814
1073,2023-02-14,2023-03-14,-0.104712403806407,0.09433906993797367,-1.109957983211554,0.04995504159947974,-2.096132851733979,0.06228174859496844,-1.6812694917635376,True,False,0.7174106496090342,0.30400227134360747
1074,2023-02-15,2023-03-15,-0.029735061325894846,0.09244530064900462,-0.3216503285417679,0.06925376766130537,-0.42936380690965525,0.11201224342597146,-0.2654625995911479,True,False,0.7322348343042941,0.3560287647262286
1075,2023-02-16,2023-03-16,0.02404100638011048,0.08312470543551592,0.28921613922301737,0.06737574809262097,0.35681988045700774,0.10263065727180033,0.23424780683652693,True,False,0.8151269296346972,0.35650498658790125
1076,2023-02-17,2023-03-17,0.008377828668196361,0.08148906398070038,0.10280923916589028,0.051988461080134496,0.1611478488521301,0.09997193149048954,0.0838018086005806,True,False,0.8316629235512244,0.35857225076869914
1077,2023-02-20,2023-03-20,0.031894109338854976,0.07990271790649317,0.3991617578788662,0.05756015516592802,0.554100475353379,0.09981490721292284,0.31953252504477314,True,False,0.8483279820782179,0.37445448483409033
1078,2023-02-21,2023-03-21,0.03171021449376017,0.0757029521141676,0.41887685497307964,0.05009114913517565,0.6330502502186004,0.09364801445630618,0.3386106441002587,True,False,0.8958191652455677,0.3752993874312288
1079,2023-02-22,2023-03-22,0.025389726624470116,0.07679311915511497,0.3306250208848169,0.048509045733258746,0.5234018983610396,0.09751554835774653,0.2603659319160582,True,False,0.8830046765772365,0.3787279088956596
1080,2023-02-23,2023-03-23,0.021419603989238506,0.07690003149846748,0.2785382992940045,0.045628899387338495,0.4694306519955685,0.09662448270929175,0.2216788477272616,True,False,0.8816603072514652,0.40710310655021
1081,2023-02-24,2023-03-24,0.013710372590629703,0.07724339555842993,0.17749572622372148,0.055229658624310805,0.24824293562797287,0.09799676984792055,0.13990637254581542,True,False,0.8777849366168256,0.42649037217534475
1082,2023-02-27,2023-03-27,0.009817269608557598,0.07666593511470399,0.12805256459559855,0.053323113976758284,0.18410908284232255,0.09891733237878438,0.09924721353143962,True,False,0.8843559607378769,0.41642892430020845
1083,2023-02-28,2023-03-28,0.015323358360838854,0.07672198187497815,0.19972578896370197,0.05051340621269192,0.3033523080252848,0.0997325296420704,0.15364453720198196,True,False,0.8836037007414952,0.4251030593553941
1084,2023-03-01,2023-03-29,0.012818220771857663,0.07638962806711654,0.1678005391071609,0.05130205826189618,0.24985782649149965,0.09950757677513061,0.1288165302309045,True,False,0.8875134280505218,0.42541941093277635
1085,2023-03-02,2023-03-30,0.012243868111958406,0.07639811159646417,0.16026401511899505,0.051558394979347985,0.23747574215339246,0.09905151543380361,0.12361111345278726,True,False,0.8875040582329222,0.41177692721650394
1086,2023-03-03,2023-03-31,0.026866807963936524,0.07684116000698274,0.3496408430259912,0.05189130325363399,0.5177516516133177,0.09901573389987307,0.2713387752203588,True,False,0.8821731171696916,0.3982054988440372
1087,2023-03-06,2023-04-03,0.020489882430494117,0.07752145996534127,0.2643123909128498,0.05128796011050572,0.39950667537461704,0.09872170526844966,0.20755194994633516,True,False,0.8744487496638458,0.3949163096723429
1088,2023-03-07,2023-04-04,0.019550250949883097,0.07741653891921432,0.25253325998316933,0.05119866446692542,0.38185079930185784,0.09781813064829538,0.1998632648192382,True,False,0.8756692591145148,0.39332532981137874
1089,2023-03-08,2023-04-05,-0.006504647628370596,0.07796939430780504,-0.08342565292596424,0.060784160775537485,-0.10701221412582838,0.09782307443609327,-0.06649400119416621,True,False,0.8691831244389956,0.3437655251425629
1090,2023-03-09,2023-04-06,-0.0076197283607179435,0.07783769699167713,-0.09789252065785926,0.0607820542074662,-0.12536148144499482,0.09770453984504765,-0.0779874545522888,True,False,0.8706777104038194,0.34400456186748507
1091,2023-03-10,2023-04-07,-0.0021990368018677594,0.08714083652558181,-0.0252354336904052,0.07735865254183012,-0.028426513772052516,0.13162680744846747,-0.016706602891122257,True,False,0.7770849431323099,0.344655425496225
1092,2023-03-13,2023-04-10,0.0324297611388735,0.0919662377759121,0.3526268109161201,0.07841237246272038,0.41357964464462016,0.14722885103761357,0.2202677050749275,True,False,0.7361823983160639,0.3576313084878931
1093,2023-03-14,2023-04-11,0.06209074693100774,0.09615923778261765,0.6457075613616361,0.09005224398986979,0.6894969428856486,0.16052775870369188,0.3867913402168478,True,False,0.7038601482961577,0.35577161140747726
1094,2023-03-15,2023-04-12,0.10374138131881604,0.10405576570168766,0.9969786932924706,0.12081979526315438,0.8586455646018907,0.17462055167336826,0.5940960575640986,True,False,0.6499309568473498,0.36331613793093837
1095,2023-03-16,2023-04-13,-0.023960726991110813,0.11477328739636411,-0.2087657113833777,0.0800437443107832,-0.29934540415899696,0.07898678447113593,-0.3033510877995896,True,False,0.588666814860179,0.29787254847584166
1096,2023-03-17,2023-04-14,-0.076604356035629,0.1337387808024762,-0.5727908956248736,0.08203769129311449,-0.9337702564291749,0.09884745054680379,-0.7749755366665446,True,False,0.505100553457266,0.31724529114477407
1097,2023-03-20,2023-04-17,-0.05181710752922615,0.16943655850813574,-0.3058201133537428,0.14248716834329206,-0.363661571295908,0.1624368270361236,-0.31899852068461526,True,False,0.3986054438070205,0.33319336565371166
1098,2023-03-21,2023-04-18,-0.11283994434770922,0.1753762526031727,-0.6434163273121954,0.14269435111100318,-0.7907807384745739,0.17230514602476263,-0.6548843545943344,True,False,0.38509222593039205,0.3230302841448958
1099,2023-03-22,2023-04-19,-0.18093858423339712,0.24507484879297475,-0.7382992792795466,0.2805732561562192,-0.6448889203205208,0.3496380336959823,-0.5175025792266269,True,False,0.2754653884763905,0.32723741212081886
1100,2023-03-23,2023-04-20,-0.15414897453992382,0.25206809748614445,-0.6115370254198749,0.27118993950466347,-0.5684170099432211,0.3647317161069761,-0.42263660584623197,True,False,0.2678351060723845,0.3257890284697831
1101,2023-03-24,2023-04-21,-0.020220502024323312,0.25977952739891264,-0.07783716533317532,0.18105729669842793,-0.11168012774432902,0.33543322669702846,-0.06028175033055675,True,False,0.25994639398109737,0.2916480373675204
1102,2023-03-27,2023-04-24,0.11677025664550535,0.2653181783139791,0.44011404490844475,0.1586536894838514,0.736007192933202,0.286300760917044,0.4078587017075364,True,False,0.25447486295025196,0.2571930837318634
1103,2023-03-28,2023-04-25,0.20093903077746356,0.2114289874179275,0.9503854378315275,0.10502561224971825,1.913238366082485,0.20623610757081942,0.9743154733875256,True,False,0.3193725801640802,0.26924286632516664
1104,2023-03-29,2023-04-26,0.14281063961414883,0.21509431306314072,0.6639442836976676,0.11452941833936012,1.2469341212489975,0.2425619529880774,0.5887594400312582,True,False,0.31396814535290307,0.2563757248600837
1105,2023-03-30,2023-04-27,0.06416312586668901,0.18957263344892505,0.33846196415252067,0.09636407105142691,0.665840755445532,0.2301096906230748,0.27883713064387955,True,False,0.3563287331789081,0.25735989850847757
1106,2023-03-31,2023-04-28,0.08239935567568872,0.17936978257321215,0.4593825921713226,0.07959185097845342,1.035273770652668,0.19118703538671672,0.4309881970240209,True,False,0.3766228398939678,0.25350139850523357
1107,2023-04-03,2023-05-01,0.09299180888272672,0.17818256643724245,0.5218906133304534,0.07965446415602762,1.1674400156728673,0.18372223955034,0.5061543398900649,True,False,0.37913040737234455,0.25672403830094515
1108,2023-04-04,2023-05-02,0.09039392538115786,0.158775289181102,0.5693198598306622,0.06832387141000079,1.323021127399502,0.14268659877186265,0.6335137718552393,True,False,0.42555678236503086,0.2582612211353102
1109,2023-04-05,2023-05-03,0.06639848713964827,0.15817361996796625,0.4197823072715632,0.0773078713008501,0.8588839146954773,0.1512805515122846,0.43890960520630073,True,False,0.42719770141700425,0.27211902643813257
1110,2023-04-06,2023-05-04,0.03128519744676727,0.14467903147922007,0.21623864306321883,0.07614498106124963,0.410863552800703,0.13554873403576714,0.23080405486127276,True,False,0.46715064340305723,0.2707892112880288
1111,2023-04-07,2023-05-05,0.09123645987613134,0.12109137017398253,0.75345137927702,0.05274996213400378,1.729602376668216,0.10514900249225281,0.8676873552162654,True,False,0.5583524607809879,0.28467139454277834
1112,2023-04-10,2023-05-08,0.09022655187712558,0.12105080943195265,0.7453609959365486,0.05228882178689176,1.7255418805352467,0.10502870768417408,0.8590656199297507,True,False,0.558540509249579,0.2844414836915829
1113,2023-04-11,2023-05-09,0.08405469966852647,0.12053128839078611,0.6973682998891094,0.04873580078419808,1.724701314352468,0.10381964518089228,0.8096222976111318,True,False,0.5609480520253144,0.2752453491431847
1114,2023-04-12,2023-05-10,0.09312825461546852,0.11957370974872888,0.7788355384404096,0.050078218074700795,1.8596559181988213,0.09930420103732505,0.9378078031206836,True,False,0.5654464901877888,0.27443279181107033
1115,2023-04-13,2023-05-11,0.09885016248905668,0.11958098094962287,0.82663782905996,0.05610231811401844,1.761962175754672,0.10370171007534926,0.9532163203213576,True,False,0.5654464901877888,0.2723969497426944
1116,2023-04-14,2023-05-12,0.05948678305877494,0.122930679709632,0.48390510163358325,0.06591380099555716,0.9024935925449751,0.12320369761870716,0.4828327737603754,True,False,0.5500005837015386,0.251633120191355
1117,2023-04-17,2023-05-15,0.08179735460844832,0.12413832998804414,0.6589210167103609,0.053716768158223814,1.5227527160143473,0.10890796138297683,0.7510686415367416,True,False,0.5446467013844372,0.24202020177225106
1118,2023-04-18,2023-05-16,0.08228493266059111,0.12247178947857125,0.6718684605730237,0.04902481776225561,1.678434238340863,0.10181290241565784,0.8081974947011872,True,False,0.5520822313051963,0.22899061980655103
1119,2023-04-19,2023-05-17,0.04233390129339015,0.1195395653626817,0.3541413352553991,0.068171520481827,0.6209910090633144,0.12049381460473987,0.35133671742619776,True,False,0.5657145239940959,0.2398709293894557
1120,2023-04-20,2023-05-18,0.021149739270999553,0.11839686371610915,0.17863428647664345,0.08498226016674722,0.2488724026579285,0.12916761369718854,0.1637387164291934,True,False,0.5711899592078378,0.25224351364898473
1121,2023-04-21,2023-05-19,0.013965889209539888,0.11823902685814519,0.11811573201033845,0.09763553143038566,0.14304105283123897,0.13129715425136798,0.10636855984557166,True,False,0.5719675345370483,0.2572410945810027
1122,2023-04-24,2023-05-22,0.024831368259688586,0.11824334071192184,0.21000225560427668,0.09449490561484694,0.2627799678524374,0.13019018239989066,0.19073149604642878,True,False,0.5719360981522471,0.26074426887913366
1123,2023-04-25,2023-05-23,0.034178936876288375,0.11496031763806337,0.29731073798783353,0.08806168964950917,0.38812492710874164,0.12314506083516609,0.2775502049736129,True,False,0.588300844134713,0.2615088272437063
1124,2023-04-26,2023-05-24,0.007922245158475042,0.11737496537630815,0.067495186329351,0.09159589539726203,0.08649126823986321,0.1317942906208192,0.06011068553240943,True,False,0.5761858527612703,0.25334874777798444
1125,2023-04-27,2023-05-25,-0.010487098761721842,0.11561500234063367,-0.09070707563386937,0.09348521474472378,-0.11217922310344508,0.13844291044517895,-0.07575034884776245,True,False,0.5849073774076033,0.2515139440343477
1126,2023-04-28,2023-05-26,0.020045723830999614,0.1195848819828653,0.1676275754812541,0.09378277744650443,0.21374632290490753,0.13823524299355944,0.14501167283319763,True,False,0.5654597060990655,0.25653164496134195
1127,2023-05-01,2023-05-29,0.0038115863973753462,0.12282262790426361,0.031033258792885935,0.10341302867527491,0.0368578934995128,0.1606686347103997,0.023723276196661622,True,False,0.5504823613829178,0.2518813683444574
1128,2023-05-02,2023-05-30,0.0021601255319883515,0.12294047091179051,0.01757049990103126,0.10188440154695992,0.021201729599331455,0.1566381813214696,0.013790542725691583,True,False,0.5499860768561352,0.25137992356427685
1129,2023-05-03,2023-05-31,0.008409558911116412,0.12957801956598552,0.06489957895084189,0.11015167687384482,0.07634526454597476,0.1781094442400399,0.04721568217226462,True,False,0.521688176479872,0.2589234064135661
1130,2023-05-04,2023-06-01,0.15048616341628587,0.11833943339571744,1.2716485037837928,0.1333219280151301,1.1287427781513022,0.14890134604207342,1.0106434052904039,True,False,0.5712129772617905,0.2987773353975085
1131,2023-05-05,2023-06-02,0.19989767518707027,0.1254024745307756,1.5940488888679183,0.1483508722950329,1.3474654519693259,0.14097056111166248,1.4180100696962663,True,False,0.538783918120039,0.2983687711327864
1132,2023-05-08,2023-06-05,0.16224838024367622,0.14926667933660898,1.086969851307487,0.21342215414272286,0.7602227655109087,0.2394952828235319,0.6774596072659445,True,False,0.452536229441954,0.2801268846691006
1133,2023-05-09,2023-06-06,0.16285465417022915,0.14756867904427057,1.1035854981216766,0.20728910050352828,0.7856402182972336,0.22808442183626446,0.7140104214883121,True,False,0.45775569869952154,0.2806250084824749
1134,2023-05-10,2023-06-07,0.15369796016661746,0.15090930349150558,1.0184790242257586,0.20856774473388429,0.736921043868618,0.234707441603793,0.6548491139282804,True,False,0.4476557991769924,0.2801432836700599
1135,2023-05-11,2023-06-08,0.1446984946437905,0.15248082302723506,0.9489619203979864,0.21389579092227853,0.6764906126477652,0.2461128270822952,0.587935608067296,True,False,0.44305332899404004,0.2820126763675082
1136,2023-05-12,2023-06-09,0.13159115994397452,0.152089406250114,0.8652223924628274,0.20459897613490213,0.643166268130345,0.2420271130127993,0.5437042086149062,True,False,0.4442516745515847,0.2731038450888403
1137,2023-05-15,2023-06-12,0.12990004887385892,0.14513396772472145,0.8950354690243361,0.18808481072754382,0.6906461418728264,0.21975725375980215,0.591106990333259,True,False,0.46559430357249726,0.26873544555320755
1138,2023-05-16,2023-06-13,0.14583530371284156,0.1449454890104815,1.0061389609875733,0.180626066475889,0.8073879178025974,0.20886121897687498,0.6982402210770798,True,False,0.4661793534647278,0.27905434143184904
1139,2023-05-17,2023-06-14,0.1752695760320085,0.1478759882100588,1.185247031337075,0.17258935771808134,1.015529452970705,0.1978195370828625,0.8860074116875104,True,False,0.4568683651185648,0.289223091852414
1140,2023-05-18,2023-06-15,0.21025968028804737,0.14924874404401725,1.408786932411548,0.13386171598076313,1.5707230312082894,0.1848042613680805,1.1377425971215376,True,False,0.4525466589299591,0.2779582957704246
1141,2023-05-19,2023-06-16,0.25030582526629025,0.14827217833641243,1.6881509941694879,0.09967730507522253,2.511161643840534,0.15505689919809168,1.614283702052587,True,False,0.45536251888554924,0.2588853951820412
1142,2023-05-22,2023-06-19,0.28022844444241995,0.1490310894300567,1.8803354757326447,0.09484789987700253,2.954503418692627,0.14684426482918278,1.9083376852912635,True,False,0.45299874486695274,0.2553152230190544
1143,2023-05-23,2023-06-20,0.25550456502372015,0.15021024939781746,1.7009795672933128,0.10901542885018836,2.3437468229826504,0.1572830736518472,1.6244886311752174,True,False,0.44953334126700406,0.26882130143516403
1144,2023-05-24,2023-06-21,0.2572022758234629,0.16036501516175244,1.603855277062989,0.12167486527512839,2.113848864692663,0.1726024183404223,1.4901429440935468,True,False,0.421005006378503,0.2644528410670811
1145,2023-05-25,2023-06-22,0.2859672091230502,0.18093997481761084,1.5804534592828796,0.14118807883498463,2.025434523103597,0.2137680625484128,1.337745244607277,True,False,0.37305103876887047,0.26162057213779466
1146,2023-05-26,2023-06-23,0.3692233442256722,0.17819302061211434,2.0720415589642394,0.11438580302922936,3.2278773628168125,0.17177457008932165,2.149464522214659,True,False,0.37863419946926036,0.2638373244383446
1147,2023-05-29,2023-06-26,0.3465778473285705,0.17723499387469863,1.9554707552482196,0.10860239499431038,3.1912541831764165,0.18666112014433572,1.8567222089987414,True,False,0.380735591520897,0.2626824125204366
1148,2023-05-30,2023-06-27,0.35443844403115277,0.17712423836496624,2.0010725087823884,0.10775466274090638,3.2893095761748326,0.17853826300734263,1.9852239965870846,True,False,0.3809359483264005,0.26299421154191444
1149,2023-05-31,2023-06-28,0.3461084289914914,0.17728955464835958,1.9522212105387218,0.12012616086255813,2.8812077777753173,0.19436081949708128,1.7807520563407016,True,False,0.38065234901085326,0.280079936132772
1150,2023-06-01,2023-06-29,0.32393132731085644,0.18001188192039952,1.79949969888153,0.1035613068414719,3.1279184976558807,0.20596849440270054,1.5727227032961661,True,False,0.37492377823837686,0.2700435665741147
1151,2023-06-02,2023-06-30,0.13169593561072243,0.2286623498616451,0.5759406202656739,0.07506773312448156,1.7543614297282266,0.12554404821340467,1.0490018243386618,True,False,0.2953192742660557,0.21807894650939835
1152,2023-06-05,2023-07-03,0.15770074772649165,0.24492880947297743,0.6438636110869207,0.08587611434273891,1.8363749796258186,0.14154013146830838,1.114176919934554,True,False,0.2756766246511036,0.2191088135173927
1153,2023-06-06,2023-07-04,0.15770551956857742,0.24492881169123584,0.6438830878230261,0.08586552014206461,1.8366571274203365,0.14154011619207407,1.1142107538937331,True,False,0.2756766246511036,0.21910941303745102
1154,2023-06-07,2023-07-05,0.19354127322465467,0.2511198848868175,0.7707126550806036,0.10406799350633482,1.8597579015768517,0.15090383008664515,1.2825471236450936,True,False,0.26886652133184635,0.22141551705504628
1155,2023-06-08,2023-07-06,0.2750295719008959,0.22531533405257154,1.220642940514314,0.12104521072495997,2.2721227073231387,0.1525474428927825,1.8029117151062282,True,False,0.2996335178689823,0.23871065488005208
1156,2023-06-09,2023-07-07,0.34656087706148203,0.2205410991592368,1.5714117612665721,0.17374361169537023,1.9946683143039377,0.16709004117879728,2.074096544692566,True,False,0.3060397850713511,0.27026348999294575
1157,2023-06-12,2023-07-10,0.34477527355187204,0.22028928086397379,1.5651023608577985,0.17056811530193355,2.0213348370623856,0.16717506280519015,2.0623606641239323,True,False,0.3063920873899245,0.270024463895154
1158,2023-06-13,2023-07-11,0.3650768240009675,0.24023462137017276,1.5196678227258005,0.1947041469456591,1.8750336329654989,0.19266743785332768,1.8948548237761393,True,False,0.28092431044578553,0.2686468745310201
1159,2023-06-14,2023-07-12,0.5373170456363373,0.2172027304833111,2.4738042861649125,0.2587536350272358,2.076558443632224,0.2528056291707439,2.125415669733507,True,False,0.31039419104597527,0.32467663466500873
1160,2023-06-15,2023-07-13,0.5129197987406074,0.22387561923413604,2.291092708063847,0.2884584842243789,1.778140795961578,0.28201101283902585,1.8187935058883185,True,False,0.301192269743355,0.3265473100688142
1161,2023-06-16,2023-07-14,0.5694552610144524,0.22944751060630594,2.481854170087483,0.25404269155854264,2.2415730896286177,0.27283857129845596,2.087150868384844,True,False,0.29381313099828066,0.325553512684792
1162,2023-06-19,2023-07-17,0.6423227237072484,0.2437873555371554,2.634766361413493,0.2699882348745656,2.3790767179379744,0.29952907833759607,2.1444419595993054,True,False,0.27647260693333325,0.3265128085525146
1163,2023-06-20,2023-07-18,0.6819890634466044,0.25221999553980445,2.703945268046662,0.24939305918423957,2.7345952035609127,0.30448327870980313,2.239824355335435,True,False,0.2671911308944206,0.32636279165149407
1164,2023-06-21,2023-07-19,0.7643301220632182,0.24895052902030881,3.070208868689995,0.22265783429324743,3.4327564735789675,0.2666662573633001,2.8662423570969913,True,False,0.27053818247525485,0.3156873329326877
1165,2023-06-22,2023-07-20,0.8177118226693579,0.25822979148434594,3.1666052858154754,0.23198025868711572,3.524919867307545,0.28782981510824796,2.840955939056662,True,False,0.26079965663404625,0.3200869570813409
1166,2023-06-23,2023-07-21,0.7634250679782063,0.25666113560019305,2.9744474799153506,0.24256593685950711,3.147288847981891,0.3186874608828863,2.395529042351483,True,False,0.2624918678677776,0.3283786108256292
1167,2023-06-26,2023-07-24,0.7131815296494312,0.26059861162383047,2.7367050238889847,0.27078134639468127,2.633791208829884,0.329915994981488,2.161706435874528,True,False,0.25858235760167386,0.3177300580285007
1168,2023-06-27,2023-07-25,0.8170054082976781,0.2768883937881663,2.950666862991479,0.20807042807100867,3.9265810902203593,0.3256906009073253,2.508532349480222,True,False,0.24329278575571253,0.3183388474287814
1169,2023-06-28,2023-07-26,0.7745797042232732,0.27205867804249867,2.847105300211284,0.22971022913774822,3.371986119776965,0.33112760353229065,2.339218162305029,True,False,0.24765824680238183,0.317566913763687
1170,2023-06-29,2023-07-27,0.7046543092976518,0.24217079072071923,2.9097411260893415,0.268477975319559,2.6246261297930635,0.29295721800297997,2.4053147217232382,True,False,0.2781965248500453,0.3053328299431514
1171,2023-06-30,2023-07-28,0.5870855583388003,0.22277489719100801,2.6353308462552265,0.28145719982352224,2.0858786298837315,0.27215593342531014,2.157166117783424,True,False,0.30253635752306235,0.3013273022941664
1172,2023-07-03,2023-07-31,0.5883171833808164,0.2215094982987268,2.6559456271595825,0.28203318618746037,2.0859856647854795,0.27256374697675,2.1584572046223025,True,False,0.30427714068718836,0.3016488776033559
1173,2023-07-04,2023-08-01,0.6319275159659755,0.220319164334466,2.8682367141092087,0.27448872949068437,2.3021984077033735,0.2834457077220593,2.2294481756119233,True,False,0.30589195426088556,0.33710692710585854
1174,2023-07-05,2023-08-02,0.5499581140054373,0.17680656207403986,3.1105073677929203,0.21210904968576785,2.5928083446707295,0.203309262246136,2.705032264293161,True,False,0.38116302964043847,0.35375076940237293
1175,2023-07-06,2023-08-03,0.5360477833575166,0.17736241270382677,3.0223302400190613,0.21265431475046787,2.520747269983795,0.20595108508429288,2.602791741243411,True,False,0.38002109129843814,0.35643692948640693
1176,2023-07-07,2023-08-04,0.3747338599801281,0.17889105906318614,2.0947601402916862,0.22508705284518057,1.6648396931025509,0.2509376717392511,1.4933344100263808,True,False,0.37718113710026235,0.35957283687846703
1177,2023-07-10,2023-08-07,0.21372674961966034,0.16895053735846982,1.2650255687922842,0.22595837462447962,0.9458677952293336,0.2682269475684083,0.7968131150027411,True,False,0.39974854865347353,0.33762353268529255
1178,2023-07-11,2023-08-08,0.22952960115345097,0.1689809549627715,1.3583163925426927,0.2305040888272956,0.9957723627428807,0.2668262147873098,0.8602213292138917,True,False,0.39963889847686246,0.351683451790234
1179,2023-07-12,2023-08-09,0.22399690436051337,0.16943104293894104,1.3220535061053516,0.22754705761572513,0.9843981579352823,0.269774934600294,0.8303102906591132,True,False,0.3985830303849051,0.35039188489787254
1180,2023-07-13,2023-08-10,0.04325993759518802,0.1826322416985211,0.23686911573148767,0.13466901817245222,0.3212315511188396,0.24277476187132094,0.1781895995355452,True,False,0.3698333894534471,0.28343103625540766
1181,2023-07-14,2023-08-11,-0.0237423653696977,0.17382949298309971,-0.13658421803028564,0.14320257660026137,-0.16579565768549423,0.23876115261316982,-0.09943981719741496,True,False,0.38846325240759927,0.27257386410107665
1182,2023-07-17,2023-08-14,-0.03926121081497999,0.17449298323178616,-0.2250016595958344,0.1398415272785396,-0.2807550201935266,0.23589695883915499,-0.16643373025317393,True,False,0.38686892712620097,0.274148810234695
1183,2023-07-18,2023-08-15,-0.04524913697795278,0.1602938901600497,-0.2822885946106403,0.11785376270995729,-0.38394308282980044,0.1816497307284324,-0.24910104075849443,True,False,0.4212043501141798,0.2738857654691158
1184,2023-07-19,2023-08-16,-0.055185223361606764,0.16071932321195423,-0.3433639605912807,0.11711108855273747,-0.4712211631160422,0.18006932695446898,-0.30646653872128093,True,False,0.42002880758212124,0.2696683613592466
1185,2023-07-20,2023-08-17,-0.05996909543012427,0.156683858816584,-0.382739459463561,0.11190760895700433,-0.5358804105372746,0.16840669829186475,-0.35609685385668066,True,False,0.43091321268326027,0.26778865099133464
1186,2023-07-21,2023-08-18,-0.04194137908441718,0.15388145900397437,-0.2725564168411864,0.10928093768923813,-0.3837940996048712,0.16511415972205415,-0.25401442950150027,True,False,0.4388590853541622,0.2706151421556723
1187,2023-07-24,2023-08-21,-0.024845595750948125,0.15483230171065976,-0.16046778014950594,0.1126145243751039,-0.22062514483647575,0.16585413131943963,-0.14980390029051988,True,False,0.43623169513987714,0.2679674496712662
1188,2023-07-25,2023-08-22,-0.013286556320998101,0.15446256534219596,-0.08601797006001485,0.11370666278065183,-0.11684940878643853,0.1647376006246059,-0.08065284592358914,True,False,0.43727169616275957,0.26719276225810656
1189,2023-07-26,2023-08-23,0.029565051522924112,0.14903369199466135,0.19837830712791565,0.11958970533462643,0.24722070716871097,0.15794665975532537,0.1871837718424893,True,False,0.4532963316770057,0.2790582897709649
1190,2023-07-27,2023-08-24,0.019990174025320842,0.14698156202365112,0.1360046372490189,0.116037473218003,0.17227343435654374,0.148446583519374,0.13466240550232597,True,False,0.4596012735100182,0.2768428126966578
1191,2023-07-28,2023-08-25,-0.011169119838718721,0.14114475965231932,-0.0791323735024348,0.10010698386005333,-0.1115718345318727,0.1480821061194588,-0.07542518222767929,True,False,0.47860345947794936,0.2783369501314899
1192,2023-07-31,2023-08-28,-0.01301241223947154,0.14443768736127766,-0.09009014528821681,0.09882367558780786,-0.13167302432411163,0.15553278597792433,-0.08366346785119935,True,False,0.46768761526877717,0.2814120833426817
1193,2023-08-01,2023-08-29,-0.002026096730378271,0.14283344932959494,-0.014185029766402667,0.09846779852502079,-0.020576236706088616,0.15351382912189518,-0.013198138187078127,True,False,0.47296500715017153,0.28272544956838813
1194,2023-08-02,2023-08-30,0.009546035377474338,0.14189776502781695,0.06727403617388181,0.09892438532574134,0.09649830368963982,0.16388692571818897,0.05824769325339094,True,False,0.47628141711565497,0.2740826932504814
1195,2023-08-03,2023-08-31,-0.10798869114176858,0.16415093179230011,-0.6578621879430235,0.1444876311126621,-0.7473905573105146,0.157473502837478,-0.6857578525653254,True,False,0.4115333602032136,0.26691569405581533
1196,2023-08-04,2023-09-01,-0.12642929004097234,0.16343844837089497,-0.77355904501775,0.14311023510378018,-0.8834398877850266,0.15642306799953995,-0.8082522076689109,True,False,0.4132861221546402,0.2782981745417425
1197,2023-08-07,2023-09-04,-0.028060537537745733,0.16931464552080416,-0.16573012601144332,0.07441626553324042,-0.377075325356277,0.10535877857024037,-0.2663331705106888,True,False,0.39889712626506574,0.25023887628529473
1198,2023-08-08,2023-09-05,0.029266459919271418,0.17857460346835344,0.16388926169144735,0.07927265809539219,0.3691873165657424,0.12841275817942568,0.22790928513799724,True,False,0.37812337260994694,0.2700042851382546
1199,2023-08-09,2023-09-06,0.03190654685278657,0.17727751295386118,0.17998079012475018,0.0838722163213428,0.3804185492194675,0.12893737407267852,0.24745770636527553,True,False,0.38091795298079195,0.26316032924574245
1200,2023-08-10,2023-09-07,0.033517474876330944,0.17726754331490158,0.1890784643909113,0.08473956288940904,0.3955351400628955,0.12861967781413747,0.26059367777895964,True,False,0.38089700650785696,0.25811201185502647
1201,2023-08-11,2023-09-08,0.038560579853358444,0.17564070931677908,0.21954238287555541,0.08635860133754406,0.4465169566913121,0.12479392748427859,0.308994040260623,True,False,0.38436623592786023,0.24566051702692784
1202,2023-08-14,2023-09-11,0.09388467205631991,0.1822043769896614,0.5152712223902672,0.05470367795913502,1.7162405812357635,0.13455104686380734,0.6977624793313577,True,False,0.3706507668721236,0.27039542995733534
1203,2023-08-15,2023-09-12,0.08192172512665163,0.18054161546861808,0.45375535670273953,0.054497871701868525,1.503209622107919,0.1335137386539923,0.6135827365223888,True,False,0.3741271508545317,0.2620167310840527
1204,2023-08-16,2023-09-13,0.12914381114372483,0.2035500389810579,0.6344573147232008,0.06994804663390632,1.8462818814603497,0.1688532056264903,0.7648288977669505,True,False,0.3317806903248606,0.2667263495716966
1205,2023-08-17,2023-09-14,0.10697718888936719,0.20345210103186298,0.5258101948655389,0.06768353131178033,1.5805497558421246,0.1588479497707636,0.6734565289872985,True,False,0.3319466140344446,0.26737119703031004
1206,2023-08-18,2023-09-15,0.0640184261757127,0.20732860166334444,0.30877759104199426,0.0866865309391402,0.7385048805408762,0.16754331490362415,0.38210074936465227,True,False,0.32575839939180695,0.26663003597818963
1207,2023-08-21,2023-09-18,0.05150660316918492,0.20758356994907562,0.24812466218699541,0.08301333359944417,0.620461809396964,0.16922262748395026,0.304371843972639,True,False,0.3253579926207588,0.26569920552464665
1208,2023-08-22,2023-09-19,0.04743044416998504,0.2068110337324375,0.2293419423228083,0.08283900941944096,0.5725617013335977,0.16919812786927887,0.28032487573756976,True,False,0.326579074917532,0.2659624796327363
1209,2023-08-23,2023-09-20,-0.012144195958133456,0.19330091455588558,-0.06282534144256428,0.09553475404455296,-0.12711809518523456,0.15658433821068432,-0.07755690062561323,True,False,0.34944631977508483,0.26813346718329645
1210,2023-08-24,2023-09-21,0.07220679260322718,0.1596665588224261,0.45223491466069793,0.07178226855410162,1.0059140517244256,0.18032140214741751,0.40043384613988425,True,False,0.4231160070505019,0.27718269464856404
1211,2023-08-25,2023-09-22,0.0691184605995903,0.1667151611664041,0.4145901315513878,0.08220239931337174,0.8408326420752892,0.21485404553265797,0.32169960043449236,True,False,0.4052113918601243,0.27648243291698044
1212,2023-08-28,2023-09-25,0.12003992183574357,0.182354985472893,0.6582760626173693,0.0705593696059286,1.701261257096853,0.21190708305995848,0.5664743249841188,True,False,0.3703518579111155,0.28954677297382336
1213,2023-08-29,2023-09-26,0.11427086592654245,0.16169002762914142,0.7067279757576552,0.05824149264657942,1.9620181546506723,0.14145900858204805,0.8078019708463027,True,False,0.4177101708159476,0.28883997546145185
1214,2023-08-30,2023-09-27,0.05677883599366306,0.16083387557296505,0.3530278418734265,0.06749277541466427,0.8412579812405615,0.16420464357202166,0.34578093992061404,True,False,0.4198824362639849,0.2962416150972549
1215,2023-08-31,2023-09-28,0.06959873399381317,0.15792144256527957,0.44071744066701596,0.07668112344322472,0.9076384234947287,0.1570437622654049,0.4431805058018853,True,False,0.42762652552365876,0.2943050495131567
1216,2023-09-01,2023-09-29,0.08902768558990493,0.15917726328356366,0.5592990088748294,0.06563989607415521,1.356304487279015,0.16004747368285527,0.5562579873414261,True,False,0.42434973557830524,0.2950036323198393
1217,2023-09-04,2023-10-02,0.11974372744567667,0.1615642302510097,0.7411524646243801,0.05128179125989798,2.335014524723037,0.14798011098712233,0.809187982404589,True,False,0.41801554015415,0.30710782994134395
1218,2023-09-05,2023-10-03,0.19521355765278114,0.1454189825229123,1.342421424397074,0.0801740713908571,2.434871452406282,0.12311338696408633,1.5856403797072638,True,False,0.46425427813891385,0.32508833350593275
1219,2023-09-06,2023-10-04,0.20795091352179665,0.13776459544898956,1.5094655694669763,0.07703304229942118,2.6995028018432445,0.10950092541094418,1.8990790510799902,True,False,0.49022577187707184,0.3138260555368656
1220,2023-09-07,2023-10-05,0.19605612016434096,0.1376714321770754,1.4240871694584405,0.07303654903055466,2.684356295124532,0.11209809202449388,1.7489692877332998,True,False,0.4906083260298408,0.30997617487331636
1221,2023-09-08,2023-10-06,0.23667908627142867,0.13313167201444195,1.7777819709629579,0.0868099750104829,2.7264042668235766,0.10613033004702148,2.230079621598906,True,False,0.5073196056444719,0.3299673177510657
1222,2023-09-11,2023-10-09,0.2395676323219782,0.13473604991781196,1.778051475222205,0.08724983866584804,2.7457659061065,0.11012156224785127,2.1754834151624354,True,False,0.5012638582271055,0.32992993194097103
1223,2023-09-12,2023-10-10,0.2512915152439522,0.13268033589603198,1.8939620068558138,0.09727304607562028,2.5833622507163767,0.10435108475402818,2.4081351510268014,True,False,0.508972578087653,0.31855359274991096
1224,2023-09-13,2023-10-11,0.25757875275925657,0.1296701669907016,1.9864149074299182,0.09443203109742199,2.7276629525581444,0.09629765108583768,2.674818646715031,True,False,0.5207835417627747,0.3205797740134011
1225,2023-09-14,2023-10-12,0.256710076163793,0.13116179599150746,1.957201593827021,0.1068709200503631,2.4020573233843026,0.10000323909669409,2.567017613455276,True,False,0.5147624080332742,0.3214956648722284
1226,2023-09-15,2023-10-13,0.24246672476366446,0.11873382773773161,2.0421031595076977,0.07883234013343952,3.0757265908032285,0.09195101280307716,2.6369119531389247,True,False,0.5687761777237915,0.3250673404948244
1227,2023-09-18,2023-10-16,0.24669461194413198,0.10926626516980122,2.2577381185379157,0.06711572249985313,3.6756605271540033,0.07412678851614855,3.328008900458293,True,False,0.6181455550521061,0.3313469276744914
1228,2023-09-19,2023-10-17,0.23696624218865867,0.10887483599178412,2.176501484755766,0.06738031986653974,3.5168465014416364,0.07404565130347832,3.200272237696248,True,False,0.6204784876463343,0.3351411233144923
1229,2023-09-20,2023-10-18,0.25744768701263915,0.10679010551230542,2.410782214116021,0.06626068537583539,3.8853761555947885,0.07651097199412929,3.364846639674022,True,False,0.6323169886123964,0.3505553137544155
1230,2023-09-21,2023-10-19,0.22896919070245453,0.10229628665820147,2.2382942546829705,0.06931341063190873,3.303389468430624,0.08410069143887264,2.722560145285814,True,False,0.6603298921508074,0.3462995523720943
1231,2023-09-22,2023-10-20,0.2170752758102319,0.10939517154780792,1.9843222761926522,0.07747513445874275,2.801870268787069,0.09392519290535142,2.311150705103997,True,False,0.6176187621256995,0.33961652643304074
1232,2023-09-25,2023-10-23,0.22813604215785155,0.10611957523019877,2.1498016898670187,0.07006907953533462,3.255873256374183,0.0894895007953709,2.5493051154628024,True,False,0.6367104346059856,0.3473756373719093
1233,2023-09-26,2023-10-24,0.20108849613562232,0.10299679599311673,1.9523762287621167,0.07612009275686377,2.6417268930283866,0.09165466914287797,2.193979837755466,True,False,0.6562802704174404,0.3384996479008293
1234,2023-09-27,2023-10-25,0.1971894014999632,0.10678124644358374,1.84666697634163,0.08432322628701262,2.3384945071810437,0.09911311584010223,1.9895389205409104,True,False,0.6330017298796701,0.33453653313838244
1235,2023-09-28,2023-10-26,0.22313360849357355,0.10754192835413937,2.074852217256015,0.08798098053071471,2.536157327954264,0.09820371062059571,2.2721504827413006,True,False,0.6283988219735714,0.3252072891426938
1236,2023-09-29,2023-10-27,0.19427595720111837,0.1089984760566393,1.782373150796769,0.08490851460303249,2.2880621349861636,0.09744970971556775,1.9936022156265332,True,False,0.620142797770135,0.3217346105808479
1237,2023-10-02,2023-10-30,0.19479301893977735,0.10464337158280619,1.861494101283177,0.08081789793032801,2.410270793082316,0.09016267236946587,2.160461905361017,True,False,0.6460187290879291,0.32128638097775103
1238,2023-10-03,2023-10-31,0.14630100406798005,0.10078054486198357,1.4516790345630262,0.0925186019255465,1.5813144710694444,0.09763756345146374,1.498409002603872,True,False,0.6711678480488937,0.30276378957529104
1239,2023-10-04,2023-11-01,0.09525722427737922,0.10573696292894946,0.90088859788216,0.08299146687991904,1.1477954042577365,0.09134255493381002,1.042857016057914,True,False,0.6397929426568723,0.27418603596180896
1240,2023-10-05,2023-11-02,0.13255899049977105,0.10567988837878003,1.2543445354961995,0.07552484260102392,1.7551706952908486,0.10274294835874433,1.2902003749874782,True,False,0.6399895455875355,0.3169259399822616
1241,2023-10-06,2023-11-03,0.15979801870165275,0.10509741242611585,1.520475290616615,0.08096014124259938,1.9737863132280538,0.10923210378779569,1.462921734182572,True,False,0.6432089633914272,0.36508242017780873
1242,2023-10-09,2023-11-06,0.1452673731548566,0.10631112700661229,1.3664362070568712,0.08024668047118773,1.8102602163962946,0.11106456646570614,1.307954262800021,True,False,0.6359867506855206,0.3558826231796558
1243,2023-10-10,2023-11-07,0.14606000595390545,0.10654266679091416,1.370906232716537,0.07962360292116101,1.8343807689602563,0.10954570999587186,1.333324745984207,True,False,0.6346705136240133,0.3672885357699558
1244,2023-10-11,2023-11-08,0.13672820547570635,0.10693019847344121,1.2786678359122865,0.07793844692109358,1.7543101110820527,0.10930551775137659,1.2508810926334448,True,False,0.6324491099036617,0.36102975657617786
1245,2023-10-12,2023-11-09,0.134040942956916,0.10676357526796344,1.2554932018761054,0.07960593700905627,1.6838058566117624,0.11224684700540345,1.1941622106362006,True,False,0.6334603851479923,0.36056400230928376
1246,2023-10-13,2023-11-10,0.11241709332244784,0.1058103561082845,1.0624394195158187,0.07161620086283331,1.5697159576750042,0.1065771204415454,1.054795746560872,True,False,0.6392315146597294,0.3498523288672242
1247,2023-10-16,2023-11-13,0.1023408685161504,0.1189641881041788,0.8602661872203835,0.07910253423308754,1.2937748393065083,0.1288004859854029,0.7945689624785175,True,False,0.56832513411615,0.3466988259153819
1248,2023-10-17,2023-11-14,0.13067929939292602,0.12743543762037265,1.0254549427782935,0.10508893824006785,1.243511463541471,0.161240931298435,0.810459840070363,True,False,0.5302504793859067,0.39072255767748637
1249,2023-10-18,2023-11-15,0.14014601678152427,0.1292182315158962,1.0845684477912372,0.10898793540081937,1.2858856006962276,0.1647077094564538,0.850877091570366,True,False,0.5228845786814287,0.39169928129037296
1250,2023-10-19,2023-11-16,0.06928637108736593,0.1360272541766809,0.5093565367229449,0.10466826829744992,0.6619615688153502,0.14443139282237097,0.4797182228421616,True,False,0.4966426257500937,0.3654781794951633
1251,2023-10-20,2023-11-17,0.09924943310507314,0.16149404515802218,0.6145702338928808,0.13635410254537672,0.7278800655964446,0.1861031526635968,0.5333033411017926,True,False,0.4180973912332421,0.36665349908933864
1252,2023-10-23,2023-11-20,0.10824704383485668,0.1640998546580298,0.6596413144937536,0.1402092154881161,0.7720394373366387,0.19122209433008966,0.5660802127185128,True,False,0.4113544633437167,0.3758250119865735
1253,2023-10-24,2023-11-21,0.10345182639352184,0.16925672078707538,0.6112125173668231,0.1564655432932589,0.6611796068072638,0.21295792535496025,0.4857852846804709,True,False,0.3988559936428156,0.37520563352357145
1254,2023-10-25,2023-11-22,0.17802223463978042,0.17691334107194182,1.006268004216752,0.1613137058822675,1.1035778619437793,0.22589039655904483,0.7880912041926834,True,False,0.3815151803917985,0.3805523440216332
1255,2023-10-26,2023-11-23,0.1670879006515362,0.19614424306091374,0.8518623745670989,0.1946358955386971,0.8584639549096746,0.26637151128842496,0.6272739147040944,True,False,0.3440646911401643,0.37780660787415316
1256,2023-10-27,2023-11-24,0.12481654803845196,0.20375042373903368,0.6125952807750658,0.23329908066612182,0.535006600463544,0.27681415042818913,0.4509037845261157,True,False,0.331106661141678,0.3756953264089668
1257,2023-10-30,2023-11-27,0.19432920346071844,0.21047443277560685,0.9232912563204229,0.2027046775646231,0.9586813969735133,0.28724569515569864,0.6765260776332409,True,False,0.32054670218268405,0.37456141524688974
1258,2023-10-31,2023-11-28,0.19139236988793418,0.22627227683724424,0.8458498432205246,0.23951921095042641,0.7990689729165269,0.3816594869661244,0.5014741580494813,True,False,0.2980707616847385,0.3823126733165268
1259,2023-11-01,2023-11-29,0.539979674308486,0.2505093148995572,2.155527328494724,0.14855125000065136,3.634972269207552,0.32383799006151365,1.6674377030499599,True,False,0.2688844930363842,0.37348447147111785
1260,2023-11-02,2023-11-30,0.7517485358999139,0.2759950895494004,2.723775039357569,0.2815165212938457,2.670353173038971,0.3707395746340674,2.027699731386689,True,False,0.2439337439085753,0.3893104715360895
1261,2023-11-03,2023-12-01,0.6511205159260479,0.3114331115513702,2.090723470868469,0.2833704250661716,2.297771603278644,0.4723922471644625,1.3783471677073513,True,False,0.21639917228293196,0.36557794875916033
1262,2023-11-06,2023-12-04,0.5420362823113862,0.31501844414467456,1.7206493536691205,0.2835746680634104,1.9114411241774987,0.4284539997477888,1.265097962979592,True,False,0.21414405549973708,0.335163653428829
1263,2023-11-07,2023-12-05,0.5193498230508102,0.3145066901988238,1.6513156611151558,0.26609680354841103,1.9517326631709233,0.4094418516174679,1.2684336518095538,True,False,0.21452391186725484,0.34192555340417996
1264,2023-11-08,2023-12-06,0.4915814914140465,0.31268350207832496,1.5721376028688232,0.2576062116801527,1.9082672277499295,0.41140658124760576,1.1948799893363575,True,False,0.21575662593702058,0.3321499523645433
1265,2023-11-09,2023-12-07,0.5201132703365958,0.3147573519475444,1.6524261216407579,0.2587101009325319,2.010409599245738,0.44008875684233706,1.181837214084812,True,False,0.21432213965000874,0.33277246567524554
1266,2023-11-10,2023-12-08,0.49269106483727504,0.3382634980278615,1.4565303903901978,0.26377702948771425,1.8678315765180105,0.45157814974055055,1.0910427466881325,True,False,0.19946264842337066,0.33488079243237573
1267,2023-11-13,2023-12-11,0.7932465160260657,0.39306526851014545,2.0181038101706283,0.4147419822581723,1.9126265243441847,0.5350746175387959,1.4824970013991567,True,False,0.1715613798203632,0.3373404569872136
1268,2023-11-14,2023-12-12,0.7659749795910255,0.41588637314490173,1.8417890776242072,0.42059945279188987,1.8211506803125237,0.5465248736777889,1.4015372702736606,True,False,0.16215107357563205,0.33213937704998964
1269,2023-11-15,2023-12-13,0.5257791473124286,0.43471745812321,1.2094732739337315,0.2500500314153893,2.102695785864515,0.46114129977695123,1.1401692877361926,True,False,0.1552427060620341,0.2896480724379585
1270,2023-11-16,2023-12-14,0.04957328751507907,0.4214967353411516,0.11761250647636778,0.4698206376935631,0.10551534678945472,0.6928178392377289,0.07155313374958987,True,False,0.16013955094024404,0.4059206419271647
1271,2023-11-17,2023-12-15,-0.000808227095605228,0.42545530738912746,-0.0018996756687912509,0.4991876669966788,-0.0016190846630243475,0.7248247593396815,-0.0011150655178246481,True,False,0.15865339646289442,0.4071597865839324
1272,2023-11-20,2023-12-18,-0.02914127411130412,0.4323455260379653,-0.06740274238143766,0.43522811190635896,-0.06695632316502106,0.6964142134194301,-0.041844743472737214,True,False,0.15614024440935279,0.4063102979967865
1273,2023-11-21,2023-12-19,-0.19838423205916506,0.4448716416903723,-0.44593589131770095,0.44430064688080484,-0.44650898766840363,0.6921200997269317,-0.2866326698754094,True,False,0.151738347439648,0.4003944467166365
1274,2023-11-22,2023-12-20,-0.076964509000226,0.3432157872221832,-0.22424524705911175,0.23116655421520618,-0.33293963852822467,0.38358755812044454,-0.20064391394065897,True,False,0.19670836524136526,0.40097283577247506
1275,2023-11-23,2023-12-21,0.07863528049281976,0.3585324222170809,0.21932543786851275,0.2579278287255517,0.30487319216916176,0.3624950679950749,0.2169278631230595,True,False,0.18827367146776863,0.3912869009109072
1276,2023-11-24,2023-12-22,0.1232535028423453,0.33630186139705903,0.36649664182745784,0.24962612134409032,0.4937524253419372,0.33432307360667585,0.36866585818527886,True,False,0.20070640170866874,0.39257963199478585
1277,2023-11-27,2023-12-25,0.05480892798236083,0.34286788725049167,0.1598543637955766,0.2299812725453734,0.2383190917058148,0.3286876190458818,0.1667508138622952,True,False,0.19689137543601165,0.38556318505283493
1278,2023-11-28,2023-12-26,0.05787906667285853,0.3449683565693485,0.16778079951580482,0.23932172138352542,0.2418462742882596,0.3429070767717527,0.16878936188121965,True,False,0.19568568587760451,0.3861742354587541
1279,2023-11-29,2023-12-27,0.1440378826651278,0.32937799656176847,0.43730268618024176,0.25783617319603236,0.5586410970954648,0.3361420925324041,0.42850296307726626,True,False,0.2049531111441648,0.3795774335913849
1280,2023-11-30,2023-12-28,0.1059230646616482,0.3336847000950227,0.317434586097249,0.2527046887352396,0.4191574964112538,0.3521469223738736,0.3007922487227928,True,False,0.2022972133626017,0.37580219638048806
1281,2023-12-01,2023-12-29,0.11529836936106616,0.33370314486223446,0.3455117853584082,0.25274079986265385,0.45619215189523177,0.3531941217837352,0.3264447572875085,True,False,0.202258324795448,0.36421056078879477
1282,2023-12-04,2024-01-01,0.089401087440048,0.33741284951816153,0.26496053000861164,0.24749865401006416,0.3612184793393367,0.35122962431964844,0.2545374343443351,True,False,0.2000550203016992,0.3621901375823935
1283,2023-12-05,2024-01-02,0.2677905862328936,0.32076386721986716,0.8348527175267434,0.382913076470021,0.6993508518998292,0.437815351079168,0.6116518883424678,True,False,0.21042795194607883,0.3851938346908453
1284,2023-12-06,2024-01-03,0.4152063056129973,0.2982400727635673,1.3921881850604165,0.36603806202420014,1.1343254942311067,0.36105736674487676,1.1499732282332358,True,False,0.22626054071207602,0.3894927567032703
1285,2023-12-07,2024-01-04,0.42046206176249185,0.2983490482583899,1.4092958037471064,0.36220726652702256,1.1608327623960664,0.360563854741682,1.1661237149345505,True,False,0.2261837930096752,0.3875795284849062
1286,2023-12-08,2024-01-05,0.40451082400934035,0.27791998566571785,1.4554938287017831,0.3269950273188837,1.2370549709150889,0.32794783146436884,1.233460889810122,True,False,0.24279851842515401,0.3884556145177951
1287,2023-12-11,2024-01-08,0.521977488092205,0.2913171802391898,1.7917840879265292,0.3067087301705615,1.7018670704349759,0.3273714432892913,1.594450275954413,True,False,0.2315405615128808,0.3864615144615165
1288,2023-12-12,2024-01-09,0.43164501164439817,0.2898694979139213,1.4891011808789143,0.32713049941354894,1.3194887435387828,0.3478118736790126,1.2410301209059733,True,False,0.23277488530743698,0.39447634423809885
1289,2023-12-13,2024-01-10,0.42007434845566843,0.3007832056050987,1.3966017404814426,0.3427432848372318,1.2256238620551267,0.36091096734988987,1.1639279114741388,True,False,0.22435500943262562,0.39379011162086963
1290,2023-12-14,2024-01-11,0.37270631856235387,0.29858147055430934,1.248256691449853,0.3691251375965102,1.009701807330603,0.36923540093626,1.0094002839849396,True,False,0.2260167954184398,0.3830178135853677
1291,2023-12-15,2024-01-12,0.5142244471459916,0.2990713966305958,1.7194036371895054,0.28085807054488837,1.830905005322983,0.3259520032112246,1.5776078750243545,True,False,0.22560324365934994,0.25819248948767853
1292,2023-12-18,2024-01-15,0.5021708384127082,0.2917260621107662,1.7213780447975118,0.27078116760862503,1.8545264533999033,0.2917991180774965,1.7209470738679231,True,False,0.23128488949729534,0.25610124354515684
1293,2023-12-19,2024-01-16,0.6595525212196998,0.284225410690132,2.3205262316913546,0.2477345143383992,2.6623360212084433,0.34303032459804456,1.9227236600511894,True,False,0.23724059275033635,0.3186786388780063
1294,2023-12-20,2024-01-17,0.6541306802159862,0.26445939748081654,2.473463550348729,0.21250323241222857,3.078215200731902,0.273837324645219,2.3887564672327692,True,False,0.25489646066924504,0.31400985907875795
1295,2023-12-21,2024-01-18,0.7995372596635756,0.2809047947102414,2.846292675382467,0.166628240187709,4.798329855508801,0.24297773984934465,3.2905782239941765,True,False,0.23985088147378947,0.3166425855985349
1296,2023-12-22,2024-01-19,0.7681184869528235,0.2628329210129677,2.9224591957220074,0.14229884182250593,5.397925078764332,0.22054064818920752,3.4828884981503943,True,False,0.25632483759248065,0.31716610085360203
1297,2023-12-25,2024-01-22,0.7647672797492103,0.27198809274404956,2.8117675006783602,0.1534312143237644,4.9844308612159525,0.2301119424582573,3.323457581467943,True,False,0.24771745445787813,0.3118431860534361
1298,2023-12-26,2024-01-23,0.6290604968006622,0.26220706951525014,2.3990981553763016,0.17980256344266696,3.4986180661503674,0.2606306724188381,2.413608847195663,True,False,0.257064028594575,0.31994253932629907
1299,2023-12-27,2024-01-24,0.46564754779664647,0.25444357306384807,1.8300621320067711,0.29724467974632435,1.566546281649317,0.3064996196821131,1.5192434766463792,True,False,0.2651173981931879,0.34139184500874714
1300,2023-12-28,2024-01-25,0.42031511873458843,0.26029936833139816,1.6147373750037972,0.277199339698046,1.5162919189938866,0.30085467248080083,1.3970702707348213,True,False,0.2591310888364119,0.3308056306903085
1301,2023-12-29,2024-01-26,0.4379031993123669,0.25906507779990856,1.690321223652482,0.26830467310682204,1.6321117118151027,0.30145800892449814,1.4526175664553076,True,False,0.26036495861265246,0.3346511708713965
1302,2024-01-01,2024-01-29,0.4395537697076854,0.2572118045119028,1.7089175613141212,0.2577953545344777,1.7050492259700483,0.2909600940520324,1.5107012222407379,True,False,0.2622151624340589,0.33492902884579484
1303,2024-01-02,2024-01-30,0.46356851384521636,0.2547797318337227,1.8194874078435557,0.2536470841886834,1.8276122326735529,0.2903964910219873,1.5963295982461352,True,False,0.2647199330123962,0.3409641135582743
1304,2024-01-03,2024-01-31,0.21136045004525544,0.24509717777701287,0.862353667073022,0.2342735681416853,0.9021950351540626,0.2838923954754412,0.7445090231856516,True,False,0.275452741791966,0.3122285202261822
1305,2024-01-04,2024-02-01,0.16120267163397667,0.2536115021920855,0.635628393194413,0.26099474136006356,0.6176472016023664,0.3157089010809934,0.5106054060624061,True,False,0.26623997550239875,0.304979682149
1306,2024-01-05,2024-02-02,0.16214725183108378,0.2537886100864444,0.6389067333473077,0.25978223372195064,0.624166054421692,0.3208455819022512,0.5053747378091793,True,False,0.26602462561702783,0.31920746368138964
1307,2024-01-08,2024-02-05,0.08917444632959191,0.26691684993679643,0.33409073406458845,0.2895619378966165,0.307963287500273,0.34536106645306475,0.25820642507690106,True,False,0.2529014423636112,0.32122897827553415
1308,2024-01-09,2024-02-06,0.1495824476189678,0.2597424632803388,0.575887537716635,0.2711407405809831,0.5516782439203053,0.34057999559791097,0.4391991589416924,True,False,0.25989775534203113,0.3304766816423581
1309,2024-01-10,2024-02-07,0.19395451875505756,0.2608947557364522,0.7434205344893341,0.2676810409532652,0.7245732385989949,0.3383414329762318,0.573250863924439,True,False,0.25876677250875196,0.32487490069387287
1310,2024-01-11,2024-02-08,0.193386697965847,0.2609718420810774,0.7410251482447928,0.2670171780603547,0.7242481527616745,0.33856314259926157,0.5711983191116232,True,False,0.25868598498599205,0.325490931714975
1311,2024-01-12,2024-02-09,0.19791991049781765,0.2622281391391673,0.7547622888510047,0.26767020988715357,0.7394170258291284,0.3346278058987681,0.5914628342561962,True,False,0.25745476255290684,0.32573726108309253
1312,2024-01-15,2024-02-12,0.14523202865948345,0.24399465795042272,0.5952262638839951,0.2450441413418437,0.5926770085756939,0.2892843779511439,0.5020389614126038,True,False,0.2767121125414083,0.31765930462941677
1313,2024-01-16,2024-02-13,0.24330437838345742,0.2003174089382598,1.214594276518656,0.15364501252468513,1.5835488206580564,0.2028941236566817,1.1991691725638844,True,False,0.3369710436712305,0.33049479064761794
1314,2024-01-17,2024-02-14,0.15484713224776966,0.18143794949064868,0.8534440158879248,0.10311948876424964,1.5016281995130818,0.18077139582548182,0.8565908978058694,True,False,0.3722552337630734,0.2782390117029095
1315,2024-01-18,2024-02-15,0.11734520902328681,0.1878020550390719,0.6248345312242368,0.12008500091033869,0.9771845620495307,0.22009251379187975,0.5331631094651809,True,False,0.3596697174777608,0.26886978265324585
1316,2024-01-19,2024-02-16,0.10414923747003277,0.19091185547380607,0.5455357249111358,0.12744998252621667,0.8171773381656533,0.22755331037940826,0.45769159453835584,True,False,0.3538102715820806,0.2675468943354569
1317,2024-01-22,2024-02-19,0.07383789610246601,0.19617792725165042,0.3763822828434172,0.15263969881647066,0.483739791646513,0.24254726849305291,0.3044268301235513,True,False,0.34430988927649336,0.26308106822999405
1318,2024-01-23,2024-02-20,0.051862640977777395,0.19285847948507642,0.26891553389951195,0.1556058931326182,0.3332948382204036,0.23654229615494882,0.2192531391671466,True,False,0.35025352277100646,0.2644299874140552
1319,2024-01-24,2024-02-21,0.12051426071246246,0.19801881084305537,0.608600062788878,0.10433846182771495,1.1550319853426363,0.21637155463548724,0.5569783001998029,True,False,0.3410871514579177,0.2494578989666092
1320,2024-01-25,2024-02-22,0.15243583718126816,0.19253063792305727,0.791748465728283,0.08313895730675526,1.8335067231939213,0.18077704623719207,0.8432256215828514,True,False,0.35079500426826143,0.22153973176451228
1321,2024-01-26,2024-02-23,0.13742243796615455,0.18709178372580423,0.7345188293653585,0.08514204720947685,1.6140372761774344,0.1830646321606887,0.7506771589037976,True,False,0.36102347666732115,0.21402119946877476
1322,2024-01-29,2024-02-26,0.13078394496595205,0.18745442197055404,0.6976839681407784,0.0856965728863222,1.5261280651145634,0.1818827129432715,0.7190564889294513,True,False,0.3603252464467683,0.20977225266432747
1323,2024-01-30,2024-02-27,0.12472012032101713,0.1875429849652434,0.665021516769241,0.09226548566470225,1.3517527103716418,0.19332065774557952,0.645146368605654,True,False,0.3601630361293521,0.20661363043719944
1324,2024-01-31,2024-02-28,0.12032513357725058,0.18693088631197066,0.6436878139893847,0.09339509154439832,1.2883453679152959,0.18240254310089735,0.6596680700372244,True,False,0.36134052110913134,0.2024913214821456
1325,2024-02-01,2024-02-29,0.17123912101359715,0.195163290127969,0.8774146044643707,0.07181487912817536,2.3844518446932033,0.17588574277062563,0.9735815894805744,True,False,0.34603440154381426,0.19912260048274066
1326,2024-02-02,2024-03-01,0.17309494329495553,0.19634761249799623,0.881573965136561,0.07204734110980902,2.4025167428613017,0.17875946050242753,0.9683120703567178,True,False,0.343947090772895,0.20117972702201656
1327,2024-02-05,2024-03-04,0.1589012443917653,0.1947613284403717,0.8158767742253035,0.08154052710556034,1.9487394800141002,0.1948930305365451,0.8153254323887644,True,False,0.34677534346052685,0.1754326667300188
1328,2024-02-06,2024-03-05,0.1575268807356052,0.18682285021541742,0.843188510152627,0.08516886390009151,1.849582975773802,0.17635215067227583,0.8932518267290395,True,False,0.36151774560773153,0.15370093449589015
1329,2024-02-07,2024-03-06,0.12883847914652102,0.19064909122524984,0.6757885826704506,0.09090328738039119,1.4173137502430178,0.19254598756434252,0.6691309477610768,True,False,0.35427241785018704,0.1563235009472707
1330,2024-02-08,2024-03-07,0.13428602103751527,0.19130690963680738,0.7019402555425457,0.0924302352675503,1.4528365166312562,0.19658128773565864,0.6831068337393774,True,False,0.35303809985000334,0.16276869090147827
1331,2024-02-09,2024-03-08,0.13203225335695257,0.19101485096581172,0.6912145976575612,0.10052314055808544,1.3134513369154057,0.20409005031522648,0.64693135776596,True,False,0.3535517969996591,0.1609342197051411
1332,2024-02-12,2024-03-11,0.13621203801177345,0.18974995848469398,0.7178501597551648,0.09688527628292365,1.4059106113710003,0.19451367627606816,0.7002697220037694,True,False,0.35591598938038516,0.1623274317970352
1333,2024-02-13,2024-03-12,0.08908035617959219,0.18034651040715077,0.49394000459717313,0.13358155194981297,0.6668612160836398,0.20566921513037584,0.4331244037816901,True,False,0.37455252966905134,0.16500445880783463
1334,2024-02-14,2024-03-13,-0.09915332246961019,0.21974689954193213,-0.45121602478259193,0.06027002977642126,-1.645151376852327,0.09223199288130503,-1.0750426112684386,True,False,0.3072692473721693,0.11886932830249065
1335,2024-02-15,2024-03-14,-0.0629833777790265,0.24431866673777647,-0.2577919183171772,0.060172225731724725,-1.0467184321855598,0.13630055436244237,-0.4620918680311808,True,False,0.2763691429948414,0.13438814056601786
1336,2024-02-16,2024-03-15,-0.07717231969918495,0.24710197277465962,-0.31230960575762345,0.05665679853569924,-1.3621016664144718,0.1253333641193813,-0.6157364420991487,True,False,0.2732692156484661,0.13729890760539462
1337,2024-02-19,2024-03-18,-0.08070336616457231,0.24787982580759693,-0.32557456380985944,0.055148866619232385,-1.4633730684218298,0.11835375275747487,-0.6818826127967905,True,False,0.27242015268074987,0.14251690489337598
1338,2024-02-20,2024-03-19,-0.13337079447043632,0.24783965392633467,-0.5381333953527796,0.06213881053973387,-2.146336457231573,0.11203865968770436,-1.1903997677426075,True,False,0.27246057550754266,0.15864588704264712
1339,2024-02-21,2024-03-20,-0.10843722791099804,0.25039990622141733,-0.433056184194861,0.06662341490874153,-1.62761437641003,0.11548845231109442,-0.9389443337494704,True,False,0.26968093795021336,0.15700556156522713
1340,2024-02-22,2024-03-21,-0.10850535878206435,0.25042226851611943,-0.4332895769414371,0.06605215190120112,-1.642722540582228,0.11886926276724702,-0.9128125829679301,True,False,0.26965593488864115,0.1583125136062621
1341,2024-02-23,2024-03-22,-0.07088340206541334,0.26000425605225996,-0.2726240067822814,0.07058436207212122,-1.0042366323717222,0.12726965239497745,-0.556954472111143,True,False,0.2597186867128587,0.17267153523543713
1342,2024-02-26,2024-03-25,-0.09620743666867265,0.2726325567032047,-0.3528831546461515,0.0602214554709163,-1.5975608014843752,0.13767780927428191,-0.6987868064998628,True,False,0.247676623106686,0.1746356865686039
1343,2024-02-27,2024-03-26,-0.09519657162462822,0.2724906476461542,-0.34935720710769785,0.05999100515937445,-1.5868474177374639,0.13708377747356013,-0.6944408257424125,True,False,0.2478058993052229,0.17478144895269074
1344,2024-02-28,2024-03-27,-0.09415521318343956,0.26972669146512585,-0.34907636567963946,0.058248480006075354,-1.616440689501582,0.13316422740202893,-0.707060860265277,True,False,0.25034710895490464,0.17431681041384128
1345,2024-02-29,2024-03-28,-0.11386056159567659,0.27302730439502243,-0.41702994448841063,0.055302339823131076,-2.0588742168925847,0.133134537787157,-0.8552293303312937,True,False,0.2473149718252585,0.1719724566900008
1346,2024-03-01,2024-03-29,-0.10733447198649332,0.27756078920619287,-0.38670617810773433,0.05616832433374012,-1.9109431028907848,0.14326097081921474,-0.7492234023873946,True,False,0.24327338541165427,0.1717686188890692
1347,2024-03-04,2024-04-01,-0.023095641821994417,0.26915041927832434,-0.08580942167551137,0.1226519564582797,-0.1883022700078204,0.17830719414665686,-0.12952725734104906,True,False,0.25088697739767934,0.19105134026804582
1348,2024-03-05,2024-04-02,-0.0737156608409717,0.2524131430199549,-0.292043670781216,0.06860669382395855,-1.0744674714995377,0.15663519533071835,-0.4706200332902769,True,False,0.2675328450271636,0.1935637765993847
1349,2024-03-06,2024-04-03,-0.044664552546198576,0.2709924041566578,-0.16481846672122394,0.0953258982943618,-0.46854583429443886,0.20946628445589155,-0.21323027074366152,True,False,0.24918292715842047,0.2011850371511764
1350,2024-03-07,2024-04-04,-0.15493422161822928,0.20521271326286256,-0.7549932903999462,0.06631042377940669,-2.3364987401324004,0.14858978220841404,-1.0426976829464387,True,False,0.32909899840046497,0.19130991498440855
1351,2024-03-08,2024-04-05,-0.1745405108962739,0.20363626601837448,-0.8571189911748076,0.07340388199630787,-2.377810357564646,0.1462183818556547,-1.1936974591100216,True,False,0.33162400250046187,0.1859704793115974
1352,2024-03-11,2024-04-08,-0.11623083153487046,0.1961652701094802,-0.5925148293069503,0.06691573718485995,-1.7369730413904536,0.1782644453697862,-0.6520135369325322,True,False,0.3443035248219998,0.18651555545278886
1353,2024-03-12,2024-04-09,-0.11715055570563775,0.1979397000372447,-0.5918497182909466,0.06759900625388654,-1.7330218622689042,0.18553184784277435,-0.6314309756938059,True,False,0.34121561784952814,0.18681900739966603
1354,2024-03-13,2024-04-10,0.026131077705721095,0.21380576314695834,0.12221877147324615,0.17346051117874825,0.15064568603048473,0.370476500037058,0.07053369836712249,True,False,0.3158560472931041,0.23981307174483812
1355,2024-03-14,2024-04-11,0.015027514137216763,0.2032289281026865,0.07394377502017693,0.1609986700355333,0.09333936816931535,0.32919913072089624,0.04564870540304521,True,False,0.33229241687562405,0.23439263034058866
1356,2024-03-15,2024-04-12,0.13304844531332533,0.16409183503501149,0.8108169750489865,0.17051735665268658,0.7802633580833724,0.2470764097138457,0.5384910905392257,True,False,0.41157718490038947,0.25587379377742486
1357,2024-03-18,2024-04-15,0.10558819305896987,0.14935206071775395,0.706975133463413,0.12244537715444435,0.8623289462842524,0.18311716695854027,0.5766154796555814,True,False,0.452323241486308,0.2557024398455363
1358,2024-03-19,2024-04-16,0.041606353138508745,0.14521907708807788,0.2865074890489338,0.11781116100795377,0.35316138795796925,0.19210036022223087,0.21658654408756198,True,False,0.4651835698930922,0.27697957461322503
1359,2024-03-20,2024-04-17,0.06842528501826749,0.14665460965336197,0.4665743898538199,0.11405290585131675,0.5999433728367168,0.193605697874026,0.3534259878177241,True,False,0.4606859702050843,0.2758821953700055
1360,2024-03-21,2024-04-18,0.0698961850542133,0.1501015416341166,0.46565934162482037,0.11616731032337192,0.6016854901748616,0.20243541691101294,0.34527646456715844,True,False,0.4500873367859898,0.2760776070438958
1361,2024-03-22,2024-04-19,0.06110749000680442,0.14981172321524835,0.4078952480841946,0.11325927675594841,0.5395362901573096,0.19761991979702112,0.30921725942186895,True,False,0.4509361807702698,0.27296500366615156
1362,2024-03-25,2024-04-22,0.061393182339563916,0.13503891843043064,0.45463324983006626,0.09949667828968196,0.6170375071298287,0.16098729438777168,0.3813542091817852,True,False,0.5004561431157952,0.26944567657669527
1363,2024-03-26,2024-04-23,0.09279627660413413,0.1292034489661147,0.7182182623350185,0.09467584664218488,0.9801473120683637,0.15226583102369895,0.6094359842930955,True,False,0.5231066459202802,0.27676571969536223
1364,2024-03-27,2024-04-24,0.09339952130919799,0.1291474065885786,0.7232009048910933,0.09412892945675545,0.9922509673511949,0.15132223844117942,0.6172227048141598,True,False,0.5233165937756082,0.27708947420029983
1365,2024-03-28,2024-04-25,0.09288429680939841,0.12863976355359574,0.722049654348903,0.09443850797708377,0.9835426120024843,0.15035031788915496,0.6177858358628607,True,False,0.5253853641107515,0.2768324226928764
1366,2024-03-29,2024-04-26,0.09122888926660877,0.12812550655303503,0.7120275401904176,0.0954695785072055,0.9555807273174809,0.15079273745736008,0.6049952458247913,True,False,0.527490334106582,0.27678775088897833
1367,2024-04-01,2024-04-29,0.10444348225535054,0.12761390784711416,0.8184333825156221,0.09664939949260376,1.0806428472775274,0.1509935475385071,0.6917082481866641,True,False,0.5296410443785291,0.2895690374915883
1368,2024-04-02,2024-04-30,0.10721442324682569,0.12631975450771363,0.8487542084344275,0.10346094654708646,1.0362791645061065,0.14676600490497319,0.73051265050271,True,False,0.535088371958114,0.28672991345705495
1369,2024-04-03,2024-05-01,0.13198269771408652,0.12813434582364575,1.0300337264431612,0.09617556911864869,1.3723100255457157,0.15309807592755487,0.8620794018112937,True,False,0.5273978674089917,0.28193641138476366
1370,2024-04-04,2024-05-02,0.1541212540501183,0.12693132505022076,1.214209762555774,0.10745098195606334,1.4343401171814179,0.15442149985349368,0.9980556735709715,True,False,0.5323951053801167,0.2988349922220737
1371,2024-04-05,2024-05-03,0.27521298529541266,0.1357179195819377,2.027830857879138,0.10771279427903663,2.5550630928992195,0.12173497110122482,2.2607553343612996,True,False,0.49747381394648266,0.3003661369920887
1372,2024-04-08,2024-05-06,0.2747550875831713,0.13579732379042417,2.0232732127122066,0.1058044342864585,2.596820156320576,0.12251436444638074,2.2426357009215825,True,False,0.49723521423664235,0.3041568692217795
1373,2024-04-09,2024-05-07,0.2642527642499185,0.13749044680718425,1.9219718197621753,0.10577630593755293,2.4982226587296896,0.1242761025554976,2.126336108198372,True,False,0.49110214614230935,0.3008316009972238
1374,2024-04-10,2024-05-08,0.2628562895077259,0.13747009012675043,1.9120980372193443,0.1057464454322347,2.4857222238847885,0.12390187250141742,2.1214876272730976,True,False,0.4911627805709371,0.3003337686305871
1375,2024-04-11,2024-05-09,0.21162850950001894,0.1404861725625127,1.506400990502106,0.08970786327169131,2.35908538874765,0.1245439191505164,1.6992279586469192,True,False,0.48084208055521804,0.2599566907392061
1376,2024-04-12,2024-05-10,0.22115743559322493,0.14259436395221384,1.5509549568686958,0.09404916602458942,2.3515087367750045,0.12964118001756356,1.7059196434594541,True,False,0.4737078683614892,0.2618755966828429
1377,2024-04-15,2024-05-13,0.11938166503432543,0.16639857553519716,0.7174440325005873,0.12724137545594882,0.9382299162245032,0.11467831751269714,1.0410133983794063,True,False,0.40600363077092455,0.23059325369124023
1378,2024-04-16,2024-05-14,0.15266305393207003,0.2031752593828686,0.7513860417640118,0.1560466407343712,0.9783168238266606,0.15956595275534494,0.9567395255436553,True,False,0.33240146296403733,0.2293522512402247
1379,2024-04-17,2024-05-15,0.284984233321312,0.2012014170676025,1.416412654914647,0.1234820457075858,2.3079001622322877,0.16986790517045816,1.6776814492139496,True,False,0.33546850101816356,0.20703347538696668
1380,2024-04-18,2024-05-16,0.28118790220608536,0.20063242835745607,1.4015077448253177,0.12258140933756101,2.2938870072194923,0.16928446249846352,1.6610378652360815,True,False,0.3364211744856856,0.20718670414908208
1381,2024-04-19,2024-05-17,0.2772050293966336,0.2004582376844003,1.3828567615817455,0.12087234212952676,2.293370216154005,0.1664761824518728,1.665133265996004,True,False,0.33672233700834187,0.20759112475620528
1382,2024-04-22,2024-05-20,0.2791150327050633,0.20944476670979775,1.332642667991792,0.12858952329895704,2.1705892171024725,0.18411038937878277,1.5160200010810965,True,False,0.32225976613517937,0.20512659642325465
1383,2024-04-23,2024-05-21,0.41169623148147055,0.24226597281021564,1.699356400347571,0.10686807900139766,3.852377953533592,0.17306687325044073,2.3788274656451165,True,False,0.27849023851698856,0.20951526015654837
1384,2024-04-24,2024-05-22,0.43119775225824697,0.25629827773759795,1.6824059687974717,0.11629119203866836,3.7079141136920155,0.19424141702483422,2.2199063354398683,True,False,0.26326155295355347,0.20821127039334972
1385,2024-04-25,2024-05-23,0.43209337448476415,0.25173306869046025,1.7164744255991302,0.11092835901603874,3.8952471515628324,0.1849461985737709,2.3363193070032837,True,False,0.2680332796407822,0.20959183196744333
1386,2024-04-26,2024-05-24,0.4248664008624836,0.2463353415781816,1.7247480533670807,0.11114305674192186,3.8226985411156953,0.17621807480503252,2.411026231744702,True,False,0.2739056703180493,0.2100365087335666
1387,2024-04-29,2024-05-27,0.42017766089297054,0.2408355519934348,1.7446662563524866,0.11272419120050779,3.727484370640379,0.16254989908437084,2.5849149292604547,True,False,0.280152610159632,0.2080497526861649
1388,2024-04-30,2024-05-28,0.3521226718694102,0.2343391435736212,1.5026199485908145,0.1185021923266285,2.971444367027842,0.15897531119169606,2.2149519269996123,True,False,0.2879954906140547,0.19982555932239665
1389,2024-05-01,2024-05-29,0.43130521523553933,0.21994268996563443,1.9609890890346473,0.09529267634963372,4.526110838287912,0.20183729617695012,2.1368955262728817,True,False,0.3067566238906494,0.22930286930670055
1390,2024-05-02,2024-05-30,0.4252528852892107,0.21969686822446874,1.935634716716677,0.0940294515782542,4.522549883589422,0.2025567288312645,2.0994261101217644,True,False,0.3070943817440753,0.2307385248505973
1391,2024-05-03,2024-05-31,0.23006742310928238,0.19873632426323795,1.1576515967183962,0.09834449589990978,2.3394031460940505,0.23925172492303112,0.9616123903946632,True,False,0.3397677357755007,0.21061960438801908
1392,2024-05-06,2024-06-03,0.21897803283928824,0.2126608779246564,1.0297052987661883,0.11042889769142303,1.982977621049786,0.277120550210757,0.790190524205982,True,False,0.31751886056741535,0.20877270248707733
1393,2024-05-07,2024-06-04,0.22434391091978484,0.21259471915284986,1.055265680228339,0.1058794671504742,2.118861352040532,0.2662274044396666,0.8426777528480411,True,False,0.31759671296133124,0.21257970068943563
1394,2024-05-08,2024-06-05,0.24708769703556696,0.21013140775268146,1.1758722776291584,0.09910703943933807,2.4931397248205123,0.2652694400612178,0.9314593380170181,True,False,0.32131511764407233,0.21411127765561325
1395,2024-05-09,2024-06-06,0.2528751771009297,0.21063232332718201,1.2005525700256865,0.10151829795585453,2.490932001351058,0.27283529890555713,0.9268418643603126,True,False,0.32054933148319675,0.2159891240441104
1396,2024-05-10,2024-06-07,0.1739119547887021,0.2102617748059138,0.8271211205614283,0.12405157776201377,1.4019326309766311,0.2625660965816083,0.6623549538683432,True,False,0.32112637939738736,0.2991885311568827
1397,2024-05-13,2024-06-10,0.188939257302715,0.20717430176126775,0.9119821121464888,0.11642838802087574,1.6227937233730143,0.2509741839529931,0.7528234750156729,True,False,0.3258608382206413,0.3007210242374194
1398,2024-05-14,2024-06-11,0.24471991813555094,0.2212957219931315,1.1058501986909013,0.14298539971218757,1.7115028431444241,0.27810005799459797,0.8799707554908334,True,False,0.30499738539306676,0.300406113005638
1399,2024-05-15,2024-06-12,0.2635371000603452,0.21383161101819795,1.232451548232114,0.12635884338408473,2.085624504011078,0.25238149853912806,1.0442013443370042,True,False,0.31564019230496165,0.3031654462051601
1400,2024-05-16,2024-06-13,0.15991152081011156,0.2254992615489282,0.7091443214123981,0.08844753136702084,1.8079817303949908,0.251730356414544,0.635249252763035,True,False,0.2992800183504026,0.27667892065149186
1401,2024-05-17,2024-06-14,0.14521958568833113,0.21803982163858532,0.6660232273031378,0.08368961398968988,1.735216340061282,0.22849345290067813,0.6355525020292612,True,False,0.3094972040639659,0.2724084870856199
1402,2024-05-20,2024-06-17,0.13723489932357205,0.22079433284612537,0.6215508231328245,0.089287555875294,1.5369991705814534,0.23645382313501134,0.5803877370390967,True,False,0.3056308262293433,0.2717059969407809
1403,2024-05-21,2024-06-18,0.17468365120349524,0.21802580465364357,0.8012063135416388,0.09040581647959967,1.9322169524669148,0.233560686945489,0.7479154710838166,True,False,0.3095309696728646,0.2798795535556988
1404,2024-05-22,2024-06-19,0.17409679083385068,0.21897432697029992,0.7950557183695051,0.09564351401765686,1.820267611682591,0.24164961673760876,0.7204513426681359,True,False,0.3082142867083033,0.2808043079282278
1405,2024-05-23,2024-06-20,0.17152702404081926,0.2133947781550508,0.8038014122172624,0.09346922483597615,1.8351176479940037,0.22770815839673372,0.7532757071530541,True,False,0.3162771892320886,0.2811404491444189
1406,2024-05-24,2024-06-21,0.17398737633740927,0.21579819707811398,0.8062503704534187,0.09358861989097314,1.8590655203602462,0.2366463305135378,0.7352211038296914,True,False,0.31278585571090994,0.28311142601464184
1407,2024-05-27,2024-06-24,0.14269703447377194,0.2266526029617728,0.6295848033911139,0.11175949489999495,1.27682247133866,0.277878435704396,0.5135232394411903,True,False,0.2978444698847411,0.29414559271211677
1408,2024-05-28,2024-06-25,0.1334286321458205,0.22458907608745676,0.5941011667631704,0.1034354387028781,1.2899701864183988,0.2619215375879745,0.5094221474666029,True,False,0.3005569522278205,0.2943594317058898
1409,2024-05-29,2024-06-26,0.16615493009978435,0.2278950966193385,0.7290851473532096,0.11476366851495032,1.4478007913988848,0.2503710971087261,0.6636346288310984,True,False,0.2961064773012031,0.2909428808849952
1410,2024-05-30,2024-06-27,-0.015774924405228784,0.26531074903540725,-0.059458293576803135,0.10618393733043664,-0.14856224775446378,0.16718928299602262,-0.09435368178236678,True,False,0.2544156819270923,0.2681613337131914
1411,2024-05-31,2024-06-28,-0.009604438446869666,0.2651615855933358,-0.036221077896251085,0.10747735723427805,-0.08936243590297824,0.16598039888275878,-0.05786489556308282,True,False,0.25455102721957124,0.26549918771034325
1412,2024-06-03,2024-07-01,0.041740821524068536,0.3414651877924273,0.12224034254830772,0.17669908938926385,0.23622544784095922,0.2839051292540654,0.14702383727176294,True,False,0.19763423111516415,0.26673085153206627
1413,2024-06-04,2024-07-02,0.0455532623736626,0.34319133957775183,0.13273430043342416,0.17498563557546032,0.2603257245879382,0.27449636078147893,0.1659521541341185,True,False,0.19667037143397545,0.26997648537427027
1414,2024-06-05,2024-07-03,-0.0032837446865949865,0.3431619944348414,-0.009569080317309131,0.2055929398030903,-0.015972069321738586,0.2886574449699731,-0.011375922373790048,True,False,0.19673407117403463,0.28459452528914936
1415,2024-06-06,2024-07-04,-0.07142203069950889,0.35433785597474543,-0.20156477637150721,0.24777501037292352,-0.28825356758945286,0.3336832642245327,-0.21404139301229563,True,False,0.19051826480185782,0.2812100609129704
1416,2024-06-07,2024-07-05,-0.11989354532967327,0.35138837086641356,-0.3411995252832453,0.2686887246366978,-0.44621725564325404,0.3501168170890956,-0.34243869325238235,True,False,0.19212002965013425,0.28575344096821165
1417,2024-06-10,2024-07-08,0.11916537308548025,0.35824524118337425,0.3326363043702884,0.2526515531899769,0.4716589768829798,0.2091385848518672,0.569791428826417,True,False,0.18845861149155632,0.19522914248758838
1418,2024-06-11,2024-07-09,0.022530104415791556,0.3742662757726544,0.06019806184588568,0.26225426179846095,0.08590939289713298,0.23401718301926658,0.0962754278344452,True,False,0.1803892121891727,0.18313652412346118
1419,2024-06-12,2024-07-10,-0.028683123444018917,0.36725869034317343,-0.07810059829276433,0.272023715353352,-0.10544346623146536,0.25150746435974536,-0.114044819771201,True,False,0.1838239188731612,0.1841003684784658
1420,2024-06-13,2024-07-11,-0.1308199278473378,0.4212989589952649,-0.31051566839691175,0.3514201455835906,-0.3722607525248444,0.3631367985321671,-0.3602497140915605,True,False,0.16022584115889205,0.19421003458893402
1421,2024-06-14,2024-07-12,-0.009711693754391832,0.40098507196118993,-0.02421958929017636,0.332988487919907,-0.02916525377516284,0.3260260175501386,-0.029788094298021168,True,False,0.16832787527063212,0.19471978212528715
1422,2024-06-17,2024-07-15,0.006101863122855536,0.4078403271058837,0.01496140209124383,0.33389162081736745,0.01827498128859347,0.3392349994354252,0.017987127310008153,True,False,0.16550020688911968,0.19679572945174661
1423,2024-06-18,2024-07-16,0.004948518388422979,0.4080490492521469,0.012127263615715785,0.3329818675064125,0.014861224803262543,0.3391041067881843,0.014592917895606579,True,False,0.16541666808580652,0.19738511108289383
1424,2024-06-19,2024-07-17,-0.14697248695153708,0.3291809417617127,-0.4464793318986475,0.20801101453064771,-0.7065610793888157,0.2372232545572479,-0.6195534549336054,True,False,0.20505424737680902,0.1960109265853822
1425,2024-06-20,2024-07-18,0.01691456378955922,0.27015706347088764,0.06261011121547799,0.17246843575020043,0.09807338784041568,0.24348754226660937,0.06946788173268607,True,False,0.24991154166400112,0.2050179993775909
1426,2024-06-21,2024-07-19,0.022868972356204817,0.2760943320616456,0.0828302855239299,0.20267992088431647,0.11283294495293261,0.2564300794523321,0.08918209753335876,True,False,0.24454223541583298,0.21268544219968513
1427,2024-06-24,2024-07-22,-0.05514561960247329,0.2196061405958636,-0.251111464610439,0.12281790346211782,-0.4490031017300544,0.17627858402071983,-0.31283221333336475,True,False,0.307516011700784,0.21362293589563003
1428,2024-06-25,2024-07-23,-0.061718889817148216,0.21871832330193877,-0.282184358792591,0.1077917928509013,-0.5725750373455464,0.16348641563705454,-0.3775169305452648,True,False,0.30878800122155353,0.20618650080260403
1429,2024-06-26,2024-07-24,0.00486194030997225,0.1480169568065368,0.03284718463930434,0.0464027126090912,0.10477707092105862,0.07866265074390705,0.061807481237833056,True,False,0.4565824592902941,0.2042601725540341
1430,2024-06-27,2024-07-25,0.024332180475689864,0.1492057372631501,0.16307804861937622,0.04511903556590692,0.5392885767725911,0.07910696974993775,0.3075857987305728,True,False,0.4529067013739198,0.19457664660833246
1431,2024-06-28,2024-07-26,-0.023006874940393444,0.13144473066154433,-0.17503078917353945,0.04634366696388988,-0.4964405375673006,0.09151879568004843,-0.251389616410884,True,False,0.5142940382102942,0.19616294366799517
1432,2024-07-01,2024-07-29,-0.022523584683229875,0.13145288865590649,-0.17134339848695168,0.0427104226956594,-0.5273556959088329,0.07908732690984559,-0.284793854632428,True,False,0.5142956769921186,0.21386989584788874
1433,2024-07-02,2024-07-30,-0.005666074529077579,0.12990473013675694,-0.04361715330236728,0.050273086848563055,-0.11270592048873822,0.0794658758625821,-0.07130198299048195,True,False,0.5204417391200845,0.21039267894341854
1434,2024-07-03,2024-07-31,0.048983595701895685,0.12394260350831984,0.39521193129211285,0.07329351504302037,0.6683210059327114,0.103742069890869,0.4721671329039777,True,False,0.545511661709678,0.23734748884824566
1435,2024-07-04,2024-08-01,0.05517684206371067,0.11547972170480916,0.47780546444989247,0.07663592254878436,0.7199866619806995,0.0934415090127999,0.5904960509162195,True,False,0.5856732645014351,0.2238855465662884
1436,2024-07-05,2024-08-02,-0.055451389305259925,0.0897971420910577,-0.6175184200075111,0.04633993515080307,-1.1966220739154174,0.12549603159421818,-0.4418577113622027,True,False,0.7541000454810272,0.23505707159592296
1437,2024-07-08,2024-08-05,-0.060943442771944134,0.03981068459547004,-1.53083131805472,0.014957810216900937,-4.074355930996083,0.0221476774622758,-2.7516854927903514,True,False,1.7245894655926557,0.22984474907106042
1438,2024-07-09,2024-08-06,-0.07079102590232021,0.03225780767123422,-2.1945392763144236,0.012306423163859877,-5.752364026471262,0.020172306945467722,-3.5093173078166657,True,False,2.1484720583984562,0.22897267436965757
1439,2024-07-10,2024-08-07,-0.07046184082004632,0.03225779674708843,-2.1843351972389797,0.012302479369298285,-5.727450435388567,0.020615560324241146,-3.4178959830256277,True,False,2.1484720583984562,0.22950092698787897
1440,2024-07-11,2024-08-08,-0.06848716115851937,0.031442154906411904,-2.178195526431714,0.012064794554578798,-5.6766122994218176,0.01900446159859191,-3.603741195361923,True,False,2.2077220123240457,0.22704342681037354
1441,2024-07-12,2024-08-09,-0.06105201565789986,0.03093504191584408,-1.9735552912449972,0.014851002884401894,-4.110969214208637,0.02119025752463079,-2.8811360875126315,True,False,2.246786944639041,0.2337561449022703
1442,2024-07-15,2024-08-12,-0.06222573418158736,0.030957318136313455,-2.0100492525738374,0.015099379881145054,-4.121078790744916,0.021024441095967523,-2.9596855344479156,True,False,2.2449636166853457,0.23012999886284416
1443,2024-07-16,2024-08-13,-0.06005205317980592,0.030680324837779143,-1.9573473715590852,0.01621976210662715,-3.7024003672205255,0.021368418282307462,-2.8103181239917783,True,False,2.2667310149294964,0.23201751088385172
1444,2024-07-17,2024-08-14,-0.05518252474307225,0.030537292568365657,-1.8070536089449267,0.019186544487547346,-2.8761054278891853,0.02351958249353997,-2.346237428246399,True,False,2.2783664006214943,0.2549484632903996
1445,2024-07-18,2024-08-15,-0.05483871664581955,0.03054931398922398,-1.795088317373132,0.019796254695284742,-2.770156147712201,0.024066469565541728,-2.278635696709641,True,False,2.277483966591414,0.2539376640903424
1446,2024-07-19,2024-08-16,-0.05608706238769589,0.030611463107874343,-1.8322241635444183,0.018515052771263384,-3.0292682975630947,0.022799893122112662,-2.459970408076141,True,False,2.2724227618014607,0.2508752462972756
1447,2024-07-22,2024-08-19,-0.056956134659884666,0.03062088589203545,-1.8600420268931235,0.016856641906329538,-3.3788541618421686,0.02297771234326179,-2.4787556658827716,True,False,2.2713026970855665,0.25582612525763415
1448,2024-07-23,2024-08-20,-0.05629393843133857,0.030650685605922084,-1.8366290123200997,0.016957891783312504,-3.3196307153425106,0.0237917635726948,-2.3661103666962164,True,False,2.268814260268003,0.25476256225263216
1449,2024-07-24,2024-08-21,-0.05586140864969278,0.03064859456994903,-1.822641769827349,0.017066831325400905,-3.273097834309356,0.02411768489279487,-2.3162011154056215,True,False,2.268934913469503,0.2525959124532163
1450,2024-07-25,2024-08-22,-0.05555436156488799,0.030963195748306062,-1.7942063221276914,0.01783868813231733,-3.114262727887671,0.023822067945166236,-2.3320545341724035,True,False,2.2446725177433295,0.2701382099397862
1451,2024-07-26,2024-08-23,-0.05015557149505964,0.030880408320130417,-1.6241874451628955,0.020844611592709807,-2.4061648389073866,0.02691229430295699,-1.8636676208445297,True,False,2.2508909968508255,0.3095637187903993
1452,2024-07-29,2024-08-26,-0.04745026149249839,0.031014440784714443,-1.52994090146176,0.022874788719191793,-2.0743475305932746,0.028572100274605074,-1.6607201093533979,True,False,2.2406938943392927,0.3124471172767087
1453,2024-07-30,2024-08-27,-0.04882011711196156,0.03099624990840889,-1.5750330203240903,0.021579929066730955,-2.2622927517971263,0.028049814840986446,-1.7404791221874842,True,False,2.2417780468472106,0.2993093155188426
1454,2024-07-31,2024-08-28,-0.04916651768366686,0.030936727732976,-1.5892604449972065,0.021435624153230984,-2.2936825786925366,0.02811080122389442,-1.7490258385760595,True,False,2.246204080981092,0.2967405994717499
1455,2024-08-01,2024-08-29,-0.054741733810064294,0.030930564461807544,-1.7698265376843774,0.020311036901938386,-2.6951717962188337,0.024783595371997744,-2.2087890392172627,True,False,2.2471355550924903,0.29003513815444076
1456,2024-08-02,2024-08-30,-0.05772124098530531,0.031103834378645143,-1.8557596559520904,0.020116275476894516,-2.869380122160473,0.02432890923599227,-2.372537150161764,True,False,2.233599726552892,0.28638394613988866
1457,2024-08-05,2024-09-02,-0.04857428841809704,0.032023612261574026,-1.5168272717435631,0.020428470737186226,-2.377774090043686,0.027916795794090732,-1.7399664623537838,True,False,2.166421788478874,0.28007048337075136
1458,2024-08-06,2024-09-03,-0.012275481107733308,0.04667243078262777,-0.2630135371544102,0.04489566251716973,-0.2734224292388762,0.1112674254118374,-0.11032412282658387,True,False,1.4646861595011549,0.2932316981318409
1459,2024-08-07,2024-09-04,0.08991007833135473,0.0709496035469132,1.2672386290630153,0.037308535473717284,2.4099063978186335,0.05139145212726545,1.7495142598559388,True,False,0.9560421355785597,0.2951737428840298
1460,2024-08-08,2024-09-05,0.08849041848058711,0.07053298315275867,1.254596282833191,0.03666937963695265,2.413196496823554,0.04930519110516881,1.7947485142453976,True,False,0.9617734910239162,0.2951289473640612
1461,2024-08-09,2024-09-06,0.1044921382414674,0.07407991974570431,1.4105325518731628,0.04899864380662491,2.132551640691317,0.049860939174217266,2.0956712804057958,True,False,0.9151378656731581,0.29533283417057193
1462,2024-08-12,2024-09-09,0.05381624829006342,0.07574748964705086,0.7104690669066773,0.0584440570252576,0.9208164359090576,0.06630199196306263,0.8116837322179533,True,False,0.8952121844473756,0.2850402097721964
1463,2024-08-13,2024-09-10,0.048592097468121175,0.0757852920684262,0.6411811070708494,0.05771929265860785,0.8418692473507728,0.06621209552309808,0.7338855096523841,True,False,0.8947842773732578,0.2850123386274484
1464,2024-08-14,2024-09-11,0.0521307351378858,0.07850260384990207,0.6640637708981016,0.061549888732619004,0.8469671710431309,0.07312745169758646,0.7128750411469125,True,False,0.8635240270683107,0.2856459398938764
1465,2024-08-15,2024-09-12,0.03313777221647319,0.08066980226461473,0.4107828615691159,0.05728489338829365,0.5784731411099213,0.07871371008580819,0.42099111044757903,True,False,0.8401943183213897,0.2720593879354255
1466,2024-08-16,2024-09-13,0.051885961664241406,0.08113484694974026,0.6395027983029616,0.06320174446224272,0.8209577457982752,0.08325693305960913,0.6232028944315403,True,False,0.8352019971160426,0.3043700355260392
1467,2024-08-19,2024-09-16,0.04817331563088237,0.08115283854889635,0.5936122074381526,0.06268170775611359,0.7685386591303239,0.08584986045651892,0.5611344663196174,True,False,0.8350253155673021,0.30396629181500756
1468,2024-08-20,2024-09-17,0.04553518026066033,0.08113190206847304,0.5612487702091579,0.06082344945038169,0.7486451470958883,0.08266362383584877,0.5508490693691687,True,False,0.8353214680993268,0.2914418893785797
1469,2024-08-21,2024-09-18,0.05012113578112655,0.08180239465513499,0.6127098845018993,0.06493826656918737,0.7718274359498931,0.0815708515892995,0.6144490930839008,True,False,0.8284118947890808,0.29097772584110454
1470,2024-08-22,2024-09-19,0.054778690468824325,0.07932159985442633,0.6905898339084943,0.061306248116561116,0.8935254097538966,0.07334606627706385,0.7468524659781822,True,False,0.8544989736491987,0.2936964237858199
1471,2024-08-23,2024-09-20,0.03759077214316846,0.08042541238414208,0.46739918427301014,0.04733058280452225,0.7942173942463435,0.08045187642444543,0.4672454368229806,True,False,0.8426857889358499,0.2773353505114708
1472,2024-08-26,2024-09-23,-0.0007870587683190197,0.08228540528066929,-0.009564986228534961,0.0348041812205935,-0.022613914211356886,0.08832058969942928,-0.008911384887686112,True,False,0.8236002542187155,0.22578244458117774
1473,2024-08-27,2024-09-24,0.0008946168389659351,0.08218461348769193,0.010885454113620843,0.037165653043341886,0.024071064698436746,0.09487725880164513,0.009429202005469648,True,False,0.8245913355091016,0.22734399721972037
1474,2024-08-28,2024-09-25,0.006014637224184081,0.08253467153637277,0.07287406749457347,0.0362404366566824,0.1659648111076233,0.08996495856451801,0.06685533256674273,True,False,0.821074343313694,0.23300577853167767
1475,2024-08-29,2024-09-26,0.007199320252140576,0.08474264869762334,0.08495510068170062,0.03805046352478861,0.18920453485278724,0.10540174467667125,0.06830361560166863,True,False,0.7994862742777381,0.24091583960998483
1476,2024-08-30,2024-09-27,0.02781721345880689,0.08437948323921796,0.3296679760403887,0.04399498746374303,0.6322814270996553,0.08931275804083398,0.3114584530699276,True,False,0.8028659186564427,0.23079946661544248
1477,2024-09-02,2024-09-30,0.02970817458126109,0.08471227259962795,0.35069504889415004,0.045988391190328284,0.6459929084779323,0.08810424563951287,0.33719345039074494,True,False,0.7996969456195739,0.23305828137699253
1478,2024-09-03,2024-10-01,0.050037147665870925,0.08068858789023355,0.6201266991304896,0.04854017413037249,1.030839888037438,0.06927487796678483,0.7222986042626043,True,False,0.8398933279295373,0.24671138555316385
1479,2024-09-04,2024-10-02,0.017380519642139224,0.1073081834256145,0.16196825896495876,0.0824688264387575,0.21075260062111156,0.10578529509113582,0.16429995896088972,True,False,0.6304257035150977,0.2296757900707734
1480,2024-09-05,2024-10-03,0.06446524458380483,0.10385078330310465,0.6207487563733919,0.09293544055476924,0.6936562004654597,0.10742494203575637,0.6000956887865724,True,False,0.6515312871992445,0.2501139312382529
1481,2024-09-06,2024-10-04,0.05604060602706927,0.10438684528131778,0.536855059428632,0.08381663074874267,0.668609624682509,0.10685329734001685,0.5244630481429412,True,False,0.6481916367396444,0.250855861109364
1482,2024-09-09,2024-10-07,0.06310221629930987,0.09702985083131287,0.6503381769494169,0.06104354733868901,1.033724595806969,0.09021204788023439,0.6994876824333313,True,False,0.697588614355905,0.2536390127022148
1483,2024-09-10,2024-10-08,0.10913333828566575,0.10685109822650422,1.0213590697432384,0.0538214463500427,2.027692410491662,0.0734615146024809,1.4855851921405954,True,False,0.6330501932019179,0.25430405810338796
1484,2024-09-11,2024-10-09,0.10754833557919932,0.1065232117523457,1.0096234783948959,0.06129379439739644,1.7546366094080093,0.07269552285230953,1.479435477721205,True,False,0.6350101149385068,0.25186401790018104
1485,2024-09-12,2024-10-10,0.10094282879679921,0.11024687645688291,0.9156071540609817,0.06692539035907993,1.508288980537923,0.07809895889293933,1.2924990323516992,True,False,0.6134980447011378,0.25104058985403344
1486,2024-09-13,2024-10-11,0.09196084830972459,0.11061473361517934,0.8313616577485032,0.060253032136802595,1.5262443241185009,0.07649994165229955,1.2021035091464058,True,False,0.6114669695709503,0.2438600915798195
1487,2024-09-16,2024-10-14,0.06290244617918726,0.10993300696730389,0.5721888986252838,0.04779999516841172,1.3159508899020953,0.06664925617365397,0.943783168641756,True,False,0.6152685938969006,0.1906030120761573
1488,2024-09-17,2024-10-15,0.08459466202169495,0.10917417095729484,0.7748596694614284,0.053625080770292266,1.577520458832754,0.07513701754416148,1.1258719707895617,True,False,0.6194101890771176,0.20287485664153473
1489,2024-09-18,2024-10-16,0.06046600698531712,0.10705643883480326,0.5648049537554771,0.044476018005639356,1.3595193476549612,0.07378933130087575,0.8194410481749344,True,False,0.6316824751161054,0.21032388929015156
1490,2024-09-19,2024-10-17,0.06294246814453763,0.10706802305841029,0.5878736372128563,0.0466951678516947,1.3479439316814295,0.07689007921886891,0.8186032422384536,True,False,0.6315370260314451,0.20875400613660944
1491,2024-09-20,2024-10-18,0.05290662798657014,0.11132280555031557,0.4752541738867465,0.03873088615815368,1.3660061319157855,0.07703946939353623,0.6867470454178533,True,False,0.6073032168037624,0.20501525705798804
1492,2024-09-23,2024-10-21,0.057998391970104916,0.11132299123938061,0.5209920369943126,0.0414469422210273,1.399340671763249,0.08128472801388638,0.713521388177576,True,False,0.6071684924746852,0.21844459209477007
1493,2024-09-24,2024-10-22,0.059006435432923186,0.11143132266016004,0.5295318589448972,0.04201962822774617,1.4042588647645478,0.08110555967791046,0.7275263948273316,True,False,0.6066035462226622,0.22065253760550502
1494,2024-09-25,2024-10-23,0.047470649650339335,0.11073270657365292,0.42869583088140845,0.039628479990107095,1.197892264911245,0.07599189869306032,0.6246803997104815,True,False,0.6102868799319812,0.20530714565726899
1495,2024-09-26,2024-10-24,0.054525914760246666,0.11060487727898767,0.4929792980350362,0.04246619606663191,1.2839839639673014,0.07546856598599588,0.7224983547503024,True,False,0.6111529921362429,0.21216870928253964
1496,2024-09-27,2024-10-25,0.04068927704281422,0.10883286902102227,0.373869377962963,0.03755224356549851,1.0835378443326324,0.06958677845150059,0.5847271270241824,True,False,0.6210237550194668,0.18946913884687017
1497,2024-09-30,2024-10-28,0.0555150858939437,0.11131638426192011,0.498714418924355,0.04542365193106918,1.2221625416245343,0.08076135341187177,0.6873966761159191,True,False,0.6069975457156132,0.18781616253282116
1498,2024-10-01,2024-10-29,0.05850727621619971,0.11093790585198533,0.5273876027032709,0.04565589028049883,1.2814836345703708,0.08069385464110562,0.7250524401940761,True,False,0.6091164959078597,0.1890832582866956
1499,2024-10-02,2024-10-30,0.03306085932497069,0.12122202879813915,0.2727297971561271,0.04805536869856826,0.6879743142196657,0.088581825261809,0.3732239568021691,True,False,0.5573979609012475,0.1873883642050909
1500,2024-10-03,2024-10-31,-0.01793148018321973,0.10786496171234877,-0.1662400829570486,0.052405854440886294,-0.3421655915074604,0.06785213973869662,-0.2642728770570114,True,False,0.6267405032659715,0.18348053407615558
1501,2024-10-04,2024-11-01,-0.03878817094775468,0.10807476667013675,-0.35890126939753675,0.04317922833200456,-0.8983062561820906,0.055464729013788516,-0.6993303967664197,True,False,0.6256331441408386,0.16920053630762466
1502,2024-10-07,2024-11-04,-0.03821223177502958,0.11131601554879236,-0.34327703508468,0.04151596008272571,-0.9204226928363685,0.05739649254285851,-0.6657590051603962,True,False,0.6074347662553724,0.17975318816029226
1503,2024-10-08,2024-11-05,-0.033338623900406754,0.13302134801513824,-0.2506261167689619,0.06850354795693561,-0.48667003235168055,0.09606772914973469,-0.34703249671327147,True,False,0.5080036058265833,0.18074344638102308
1504,2024-10-09,2024-11-06,-0.22849766876817465,0.10199558191294622,-2.240270259580446,0.10732866566096687,-2.1289528511419324,0.21655414633678305,-1.0551525917809819,True,False,0.662064481294656,0.25657460334803966
1505,2024-10-10,2024-11-07,-0.187431558717385,0.10132169481654997,-1.849866004084742,0.10591726129411404,-1.7696035228565792,0.25880621466636655,-0.7242158344574825,True,False,0.6671136043561325,0.31690474557307047
1506,2024-10-11,2024-11-08,-0.1890138024051231,0.10145628168930994,-1.8630073885808371,0.09978528607454902,-1.8942051462768967,0.24790576856128488,-0.7624421307420967,True,False,0.6660482308355128,0.3401599569698318
1507,2024-10-14,2024-11-11,-0.19252388385283323,0.10137666047131058,-1.8990947517680083,0.09662626769679748,-1.992459073933724,0.24614564102980774,-0.7821543499505603,True,False,0.6665204792109836,0.3381827055461639
1508,2024-10-15,2024-11-12,-0.1973338191543367,0.10165391570400704,-1.941231853074186,0.08291263960530748,-2.3800209484791846,0.23053224310718953,-0.8559922746363219,True,False,0.6642108673536273,0.38425077236282634
1509,2024-10-16,2024-11-13,-0.22249862151273364,0.10346887592608832,-2.1503917919401454,0.07547587073543847,-2.947943751356591,0.2207694420644355,-1.0078325126526952,True,False,0.6524834528933596,0.3785983594756293
1510,2024-10-17,2024-11-14,-0.21716464485848902,0.10389722522540447,-2.0901871478025664,0.08189577433598913,-2.651719781872261,0.24169229641419937,-0.8985170321122847,True,False,0.6499908652937485,0.3762471809582062
1511,2024-10-18,2024-11-15,-0.22325360037801428,0.09853010894600761,-2.2658414038733325,0.07421765583509116,-3.0080928569621683,0.21269502065260645,-1.049641875456281,True,False,0.6855986307981113,0.37886246588801636
1512,2024-10-21,2024-11-18,-0.2316642778936969,0.09942350261278089,-2.3300756039137616,0.06758854900157982,-3.4275669668286852,0.21673286421946109,-1.068893168223516,True,False,0.6793868692632138,0.381360525280741
1513,2024-10-22,2024-11-19,-0.2491814310949754,0.09871965291663216,-2.524131960891382,0.06741371293301641,-3.6963018391015927,0.21237273862854106,-1.1733211743848915,True,False,0.6843086848097075,0.3768751120050953
1514,2024-10-23,2024-11-20,-0.23310655501726416,0.09777965361797643,-2.383998576309217,0.06577132943939193,-3.5441970993162166,0.21431353580002985,-1.0876893713086306,True,False,0.6909152944222163,0.381448287132558
1515,2024-10-24,2024-11-21,-0.24696836062633037,0.0992589101381074,-2.4881228323251,0.06262965769848593,-3.943313275242455,0.20943149135915995,-1.1792322110851867,True,False,0.6804746272008424,0.38073336210390263
1516,2024-10-25,2024-11-22,-0.25176395849542366,0.09656429557325909,-2.6072158140937445,0.05328763489136568,-4.724622494668412,0.17528426638284936,-1.4363180660238506,True,False,0.6992598699863972,0.3790278976511412
1517,2024-10-28,2024-11-25,-0.24888650247100733,0.09902196553445214,-2.513447406620238,0.06329728985895108,-3.9320246257875358,0.19300875346843838,-1.2895088849517196,True,False,0.6820542030669359,0.39362463812498255
1518,2024-10-29,2024-11-26,-0.2510678376217636,0.09902687664530582,-2.5353504637032795,0.06030302137923881,-4.163437119391194,0.188676851266859,-1.3306764233979111,True,False,0.6819281496169637,0.3972445902436589
1519,2024-10-30,2024-11-27,-0.25908590799066356,0.09900946918906738,-2.6167790829775686,0.06438043540581465,-4.024295678610208,0.19500197258044852,-1.3286322418291285,True,False,0.6821706788128065,0.41681177581572704
1520,2024-10-31,2024-11-28,-0.25969383583698646,0.10114422375699578,-2.5675597299645534,0.06764958151308764,-3.8388091992371822,0.2036931409716648,-1.2749267579565273,True,False,0.6677158798631484,0.41639961579469026
1521,2024-11-01,2024-11-29,-0.3083297682284192,0.11828482985347147,-2.6066721202572722,0.08907034611846402,-3.461643315254877,0.27998577027955523,-1.1012337088437156,True,False,0.5705450766695651,0.4200613335306614
1522,2024-11-04,2024-12-02,-0.31145067844405844,0.11967062305675434,-2.6025658636067392,0.08100484611539854,-3.8448400729058787,0.2859227309157917,-1.0892826794375614,True,False,0.5638043197524324,0.4271608888725434
1523,2024-11-05,2024-12-03,-0.3085828050190873,0.11994586890174025,-2.572683893530994,0.07815242251436663,-3.948473957571322,0.28981969527954526,-1.064740630278574,True,False,0.5625136621432547,0.42602485794969547
1524,2024-11-06,2024-12-04,-0.337942466190386,0.12214757355600944,-2.7666735928685977,0.08407614167574538,-4.019481144766624,0.2930244417972412,-1.1532910501173343,True,False,0.5522470811230795,0.4287018128716277
1525,2024-11-07,2024-12-05,-0.06903746940240559,0.19612689677809847,-0.35200408784581866,0.14978091485050463,-0.4609230052527816,0.2485485118869056,-0.27776255378997794,True,False,0.3443882113919557,0.389154817640603
1526,2024-11-08,2024-12-06,-0.25191558148661014,0.20082992834570734,-1.2543727100921147,0.09381167715658019,-2.68533288309237,0.1349752606390497,-1.8663833675437886,True,False,0.3360948334601498,0.3483319490494595
1527,2024-11-11,2024-12-09,-0.23228067541232353,0.1811402133690145,-1.2823252832275676,0.07197664607645125,-3.2271672559680336,0.11752472438393262,-1.9764409287487745,True,False,0.37276837430860227,0.32375238249996235
1528,2024-11-12,2024-12-10,-0.2306957736699318,0.18115710549965608,-1.273456942434807,0.07117470640870073,-3.2412606290952044,0.11495381304359618,-2.006856210871757,True,False,0.37270928301570594,0.3279399288434909
1529,2024-11-13,2024-12-11,-0.18273575713160092,0.17923671686540674,-1.0195218944387476,0.057647858187401334,-3.1698620361152803,0.1226716670933443,-1.4896329483527126,True,False,0.37682299770134176,0.2566624077194945
1530,2024-11-14,2024-12-12,-0.16376640745944426,0.1815215425746249,-0.902187173691071,0.05896894015434347,-2.7771638260889064,0.1318155679523253,-1.2423904854597665,True,False,0.3720936940647198,0.2553879796746851
1531,2024-11-15,2024-12-13,-0.17061598557689386,0.18216538079032332,-0.936599395761574,0.05610298475900185,-3.041121364750886,0.1276977135127406,-1.3360927215025762,True,False,0.37076853538403975,0.262486361618808
1532,2024-11-18,2024-12-16,-0.16440016668109547,0.20737551312590755,-0.7927655691020776,0.076585944720869,-2.146610155169867,0.1696697275702609,-0.9689422446500761,True,False,0.3256543754999881,0.2616307234142421
1533,2024-11-19,2024-12-17,-0.1407235865538703,0.19503261257935742,-0.7215387452014511,0.07146195953775425,-1.9692097370982986,0.15897349635892846,-0.8852015573473094,True,False,0.34628615568749604,0.25833820173642724
1534,2024-11-20,2024-12-18,-0.06464443183491525,0.05271725874935584,-1.2262479758719464,0.01298539809264774,-4.978240279866088,0.051891433963610116,-1.2457630652536684,True,False,1.292540035352905,0.254796810842334
1535,2024-11-21,2024-12-19,-0.10539814972088363,0.0500490152752778,-2.105898570454913,0.022749653317848978,-4.6329563025995695,0.2715960307021755,-0.3880695511211659,True,False,1.3617383677926402,0.29263066800705395
1536,2024-11-22,2024-12-20,-0.05839667652341261,0.04541919607084917,-1.2857267757958537,0.022728516680849555,-2.5693131383543433,0.05842520555370035,-0.9995116999586503,True,False,1.5054851572455563,0.32320782462283854
1537,2024-11-25,2024-12-23,-0.058811492359967396,0.04543805110903748,-1.2943225099782059,0.020744047911039953,-2.835102030817621,0.058655906946828255,-1.0026525105694841,True,False,1.504827772277642,0.32453496748244665
1538,2024-11-26,2024-12-24,-0.06193107593369432,0.0447559584605028,-1.383750411430661,0.020807691373043762,-2.976354984480674,0.0563844430775462,-1.0983716882424426,True,False,1.5281631393816888,0.3110017443902665
1539,2024-11-27,2024-12-25,-0.060316892512395574,0.04478781763322569,-1.3467254199867442,0.020029315076804183,-3.0114306096391767,0.055958584369187,-1.0778845317897003,True,False,1.5272123857148734,0.3038137836188084
1540,2024-11-28,2024-12-26,-0.06065884585872323,0.04476130201804231,-1.3551626767754201,0.021102534989590672,-2.874481472896249,0.05771500749310099,-1.0510064625041264,True,False,1.5279619305579197,0.28046252288807916
1541,2024-11-29,2024-12-27,-0.06049034205295114,0.04462206616536623,-1.3556149961496224,0.02145890514459488,-2.8188922801677787,0.058704695272720084,-1.0304174439869862,True,False,1.5328469217340548,0.2802507227071452
1542,2024-12-02,2024-12-30,-0.0590292918658638,0.04446131140197986,-1.3276552131396473,0.02299283559569574,-2.5672906510458455,0.06334068358382543,-0.9319332935165453,True,False,1.5383407323661848,0.2782692604673181
1543,2024-12-03,2024-12-31,-0.05838814704346016,0.044470965865601286,-1.3129498293317696,0.022768883850526608,-2.5643833675276855,0.06316717716206159,-0.9243431425415709,True,False,1.5380663325372672,0.27390876134592596
1544,2024-12-04,2025-01-01,-0.05874208075147207,0.044470067982404056,-1.3209352586264353,0.02313427370298796,-2.539179811981091,0.06413258373822286,-0.9159475157159765,True,False,1.5380013051688928,0.2701983038524167
1545,2024-12-05,2025-01-02,-0.05867610012814423,0.044449109784537456,-1.3200736845478045,0.02405435707840626,-2.4393127588855044,0.06714260491464048,-0.8739026465050044,True,False,1.5385353249437907,0.2645513472796208
1546,2024-12-06,2025-01-03,-0.05704524288985895,0.04403146195420204,-1.2955564125759167,0.02459715546479842,-2.3191804829423375,0.06924260948404391,-0.8238459427645388,True,False,1.5532976326804808,0.25278596348942556
1547,2024-12-09,2025-01-06,-0.05401294419592162,0.04413441349897595,-1.2238282989117977,0.02278209969702229,-2.3708501373550446,0.06267105351815047,-0.8618483520510576,True,False,1.5503529443934043,0.3086932414826806
1548,2024-12-10,2025-01-07,-0.05247657718270491,0.044025076613149874,-1.1919701501900544,0.023387659896490776,-2.2437720325571697,0.0648687729036631,-0.8089651589469422,True,False,1.5542816671227169,0.30704581098132855
1549,2024-12-11,2025-01-08,-0.052949151991009795,0.04401796607240084,-1.2028986506082293,0.02341942933427279,-2.260907011663269,0.0652188949694347,-0.8118682785997032,True,False,1.5544780956357205,0.31015135344123546
1550,2024-12-12,2025-01-09,-0.054112868331105554,0.04407536750414201,-1.2277349321255293,0.024121211479142007,-2.243372741783629,0.06716390870237238,-0.8056837277130384,True,False,1.5522255220029293,0.30823939392834176
1551,2024-12-13,2025-01-10,-0.04974885192931689,0.043914232289550145,-1.1328639790693815,0.026827535992582842,-1.8543951238410874,0.07515886461729712,-0.6619159587180306,True,False,1.557921179081001,0.3180711398579546
1552,2024-12-16,2025-01-13,-0.04931855142446399,0.0438931542002044,-1.1236046331852434,0.026201590177787958,-1.8822732166184752,0.07377586654933677,-0.668491659009966,True,False,1.5588150680305708,0.31575606674502626
1553,2024-12-17,2025-01-14,-0.044232564005162144,0.043897715511755434,-1.0076279252690732,0.026994139320777946,-1.6385987891495923,0.07434411816565305,-0.5949705921133324,True,False,1.55906015613833,0.3418742517790608
1554,2024-12-18,2025-01-15,-0.04092515214115594,0.04328650094661274,-0.9454483787366145,0.02829636123309194,-1.4463044136323409,0.07214608809829624,-0.5672539318472404,True,False,1.5819089431520776,0.3439542293981094
1555,2024-12-19,2025-01-16,0.013134762683514533,0.07542505626119358,0.17414322686123612,0.04799443636370804,0.27367261038295365,0.1557972889589819,0.08430674738488315,True,False,0.8988297300992322,0.34470723822615085
1556,2024-12-20,2025-01-17,0.10553180981889107,0.0811557535738057,1.300361405958938,0.03046472938448831,3.4640652305490223,0.07205755318200774,1.464548894025472,True,False,0.8347059694138759,0.3039238366917729
1557,2024-12-23,2025-01-20,0.04380150472380696,0.11545650867662127,0.3793766607518793,0.07275356877857705,0.6020530052225384,0.07024271682498687,0.6235736130898885,True,False,0.5856789247639693,0.2700886228522057
1558,2024-12-24,2025-01-21,0.1257681541389516,0.11911153189020995,1.0558856236932401,0.06813206678084545,1.8459465576392857,0.09961219780120688,1.2625778460379258,True,False,0.5676197846960236,0.32550874150247106
1559,2024-12-25,2025-01-22,0.18931541302893956,0.13536409663150037,1.3985644475898955,0.06755431005480486,2.802417978591646,0.132389028457178,1.429993219492314,True,False,0.49914791016722226,0.32573931042043197
1560,2024-12-26,2025-01-23,0.19025502171115458,0.13532325110538396,1.4059300242719717,0.0678049641481745,2.805915821965327,0.13364540033175437,1.4235807685028847,True,False,0.4992946765368164,0.32642296551360406
1561,2024-12-27,2025-01-24,0.20230876079773738,0.13580804767387994,1.489666954667868,0.07320924152597343,2.7634320009443285,0.1456848277245895,1.3886741945440801,True,False,0.49744083254667526,0.35058632532514866
1562,2024-12-30,2025-01-27,0.23159911584469878,0.11629817910759992,1.9914251248114694,0.07097796826507435,3.26297189826241,0.1142171729902548,2.0277083540183507,True,False,0.5809655129643119,0.3682032742169194
1563,2024-12-31,2025-01-28,0.17993203647481631,0.11583689840876021,1.5533222914850495,0.05638748247714563,3.1909925495919143,0.1061823223468103,1.6945573660286537,True,False,0.583518967865789,0.3637280040477975
1564,2025-01-01,2025-01-29,0.18084029496951967,0.11575634769574095,1.562249488424153,0.057353547497996045,3.153079501766448,0.1121611319910349,1.6123258722457823,True,False,0.5838924586092675,0.35397631758258863
1565,2025-01-02,2025-01-30,0.18392230961699405,0.11488139557319009,1.6009755861628483,0.05546132491505595,3.316226395577238,0.11065101612912913,1.6621836477521157,True,False,0.5883168893647975,0.35543753628137653
1566,2025-01-03,2025-01-31,0.19125627327825498,0.11485372342094603,1.6652161338930986,0.057429794773154165,3.330262175473743,0.10815535034000774,1.7683477763883437,True,False,0.5884485774273059,0.36112466807582505
1567,2025-01-06,2025-02-03,0.25640080287313066,0.11221327467393222,2.284941809408705,0.055874895926230905,4.588837234017313,0.11771614632234746,2.178127732545854,True,False,0.6020077746215802,0.37871686859741327
1568,2025-01-07,2025-02-04,0.2985464056429178,0.10833202653404182,2.7558462182843386,0.0817986247163164,3.6497729231793143,0.12263177209023429,2.4344947524956493,True,False,0.6232902974931811,0.3852476437092843
1569,2025-01-08,2025-02-05,0.31148943593908085,0.11039321656961501,2.821635654964838,0.07031290691778212,4.430046339903282,0.11304053375399041,2.755555247261782,True,False,0.6115395584973439,0.38531163937152835
1570,2025-01-09,2025-02-06,0.3093788302026445,0.1103442128203752,2.8037612693496627,0.06916092643571277,4.473318189139958,0.11307004257951676,2.736169750578038,True,False,0.6118110014789948,0.3781349857562164
1571,2025-01-10,2025-02-07,0.3064587509421684,0.10854429657898344,2.8233519457115865,0.0671681638485323,4.562559602392121,0.1113369112642242,2.7525350529518646,True,False,0.6219837786364607,0.3786422381719277
1572,2025-01-13,2025-02-10,0.2724196727430511,0.11238011240775853,2.4240914776326896,0.0726107537256595,3.7517813652274796,0.1041144550706531,2.6165403503114377,True,False,0.6009594675386944,0.3652947447604146
1573,2025-01-14,2025-02-11,0.27086203351711935,0.11217896768580846,2.4145527375127163,0.07368142447763026,3.6761237372569155,0.10974082377744857,2.468197560339261,True,False,0.6019952677332822,0.36369996097904117
1574,2025-01-15,2025-02-12,0.26160217458417845,0.11241068841283874,2.327200182454359,0.0772200959782843,3.387747337917655,0.10628368521704208,2.461357771420517,True,False,0.6008802705064064,0.34893535599338177
1575,2025-01-16,2025-02-13,0.33715381282340734,0.12463381801374583,2.705155135231617,0.0759036122511109,4.441867821889765,0.11376529091867357,2.9635911805862265,True,False,0.5414360665785763,0.35460809303925245
1576,2025-01-17,2025-02-14,0.34124245598876707,0.12517767492292298,2.7260648210544254,0.07319856593448174,4.661873516677976,0.1124571293535096,3.0344226102025913,True,False,0.5389084216279484,0.3689966626627064
1577,2025-01-20,2025-02-17,0.3501195452045262,0.12489267596097445,2.8033633078206206,0.07688291424292229,4.553931763021816,0.11802671230907381,2.9664432597908537,True,False,0.5400613714101811,0.3684474538880437
1578,2025-01-21,2025-02-18,0.3514572588439671,0.1249431548438237,2.812937285626261,0.07820865875684327,4.493840764315812,0.11872797497282866,2.9601891123334614,True,False,0.539863243544648,0.3705498359858064
1579,2025-01-22,2025-02-19,0.30905393031633166,0.12645749508622506,2.4439352535458907,0.07480464341493469,4.131480563339324,0.11083503535210236,2.788413693689226,True,False,0.5338396466403227,0.33925797597074187
1580,2025-01-23,2025-02-20,0.2927073178377886,0.1261064109654022,2.3211136975271938,0.07344807423417175,3.98522794354772,0.11459228999675954,2.554336926559944,True,False,0.5353589055468432,0.35384682883033547
1581,2025-01-24,2025-02-21,0.23076431248963367,0.11296149893693935,2.0428580946722175,0.08696805235715058,2.653437742194764,0.12285456945671963,1.8783535159506581,True,False,0.598095285592511,0.35394248860650807
1582,2025-01-27,2025-02-24,0.21791787111890437,0.11255083967814947,1.9361727708301655,0.09144086688057555,2.3831562249241522,0.12176117139530619,1.7897156262682354,True,False,0.6004220879952802,0.33090037584712917
1583,2025-01-28,2025-02-25,0.19308490610975854,0.1321492061582834,1.4611128717526205,0.13464607039274668,1.4340181302473416,0.1650287769834898,1.1700074958991884,True,False,0.5112732996734539,0.3126164869286666
1584,2025-01-29,2025-02-26,0.2560692346565438,0.13967568693581983,1.833312871224368,0.14080979520522438,1.8185470285169694,0.17864273260367863,1.4334153476292648,True,False,0.4834655170070892,0.31013370473988994
1585,2025-01-30,2025-02-27,0.30088212877479303,0.12887780626803105,2.3346310546987383,0.11520513854348231,2.611707538212195,0.15988777524264072,1.881833231578735,True,False,0.5238594902501431,0.3344675507187185
1586,2025-01-31,2025-02-28,0.22300276023019605,0.12365838303794516,1.803377617850353,0.12092436342875965,1.8441507890308144,0.16319267323133446,1.3664998300142897,True,False,0.5463740186779166,0.33641960306091123
1587,2025-02-03,2025-03-03,0.07122980974597033,0.10737103288480598,0.6633987569290676,0.14850455613651245,0.4796473024066178,0.19095253535125664,0.3730236396963429,True,False,0.630009254840302,0.34145338453488394
1588,2025-02-04,2025-03-04,0.026304880893860728,0.11337688219606326,0.23201273826150515,0.12071449629326879,0.21790987579449084,0.19974706880199844,0.13169094821579455,True,False,0.5965139869829815,0.32500256812421247
1589,2025-02-05,2025-03-05,0.0807616376514399,0.11226682194953216,0.7193722619826636,0.10083568487487864,0.8009231826178649,0.23827529968660852,0.33894254988939937,True,False,0.6022827671646953,0.37702786745082606
1590,2025-02-06,2025-03-06,0.02143665827740385,0.10610737195661485,0.20202798243055972,0.07801552374229231,0.2747742660578078,0.2121600002239898,0.10104005587656444,True,False,0.6373817288671606,0.3809534543552962
1591,2025-02-07,2025-03-07,0.025646063889074956,0.10154338244144698,0.25256263158126785,0.06795875577727543,0.37737688978777156,0.1886594588091035,0.13593839424200363,True,False,0.6660872039983353,0.37675669859632227
1592,2025-02-10,2025-03-10,0.038987116623975686,0.08519416861279953,0.4576265871103093,0.05548665731294012,0.7026394905011416,0.13221152377263617,0.29488440577253866,True,False,0.7947253247340694,0.3786359744791004
1593,2025-02-11,2025-03-11,0.054884348944055826,0.08472133940337127,0.6478220166319968,0.0540655360636164,1.015144821267951,0.1282147344367974,0.4280658473859781,True,False,0.7989824898874864,0.3749456791568024
1594,2025-02-12,2025-03-12,0.039631140930117784,0.07798045535298338,0.5082188960134301,0.04407459088925427,0.8991834099991649,0.10654003126760292,0.3719835676655087,True,False,0.8687436254715426,0.3748147610579261
1595,2025-02-13,2025-03-13,0.04049268166058722,0.07816113120871593,0.5180667300279782,0.04499355371849515,0.8999662910365359,0.10769549169842274,0.3759923560586729,True,False,0.8668073641795672,0.3774689884279149
1596,2025-02-14,2025-03-14,0.032781452096352214,0.07308023751602635,0.4485679468291726,0.03698268637278741,0.8863999701350374,0.09215083933414613,0.3557368802413629,True,False,0.9277712024888456,0.3748531334439516
1597,2025-02-17,2025-03-17,0.029136925683561164,0.07210866631432576,0.40406967945505545,0.0364028259336389,0.8004028515993998,0.08975967424927705,0.3246104214086521,True,False,0.9405806916713386,0.35955810770520596
1598,2025-02-18,2025-03-18,0.03158312353979121,0.07177173313586947,0.4400496150762014,0.036817526238639375,0.8578285063227646,0.08925940545383027,0.35383524435559555,True,False,0.9450672583830486,0.3610404696256964
1599,2025-02-19,2025-03-19,0.010949279354306021,0.06990525858904378,0.1566302675264275,0.03847574363967189,0.28457615938100667,0.08725869377798835,0.1254806699509414,True,False,0.9707003348603875,0.3655723081909391
1600,2025-02-20,2025-03-20,0.012355425535291538,0.0698942048406455,0.17677324698751706,0.03859463431726918,0.32013324530356024,0.0868805834636704,0.1422115856353339,True,False,0.9707747705471188,0.3570985446842813
1601,2025-02-21,2025-03-21,0.009089493154269443,0.06970847202209257,0.1303929478096827,0.040196641377675014,0.22612568719031576,0.08782764874251708,0.10349238860893299,True,False,0.9736358134652565,0.3488368200723602
1602,2025-02-24,2025-03-24,0.009391684859102162,0.0708816855947738,0.13249804629074202,0.04069025097857624,0.23080921432622678,0.09115493288055607,0.10302991360224531,True,False,0.9573581762540984,0.3486534632950489
1603,2025-02-25,2025-03-25,0.008807817943443087,0.07116053747684396,0.12377390975031913,0.04042512478939415,0.21787979602610621,0.09182031896237122,0.09592449735502016,True,False,0.9535415568491129,0.34858732633828504
1604,2025-02-26,2025-03-26,0.011125060058992315,0.07057720680401745,0.1576296450762776,0.03939780941040843,0.2823776302662454,0.09014690370526514,0.12341034025267962,True,False,0.96150062607565,0.34861793755861864
1605,2025-02-27,2025-03-27,0.012229100794368,0.07054821427724567,0.17334387439360494,0.039767008982354,0.3075187475073741,0.09042010172489463,0.1352475894306704,True,False,0.9619319742386354,0.3499076829548369
1606,2025-02-28,2025-03-28,-0.015519732877135628,0.06856261995091519,-0.2263585155912419,0.047145400547880134,-0.32918869490511654,0.07834319158554875,-0.1980993186904886,True,False,0.9899562106919264,0.32512098597302835
1607,2025-03-03,2025-03-31,0.0022362942801174212,0.06946644764173365,0.03219243758729233,0.040468074446721784,0.05526070391764285,0.0796710255896348,0.02806910371200698,True,False,0.9769103859144089,0.3244955388562379
1608,2025-03-04,2025-04-01,0.04721652335629818,0.07383306523367189,0.6395037671382615,0.03634549347400309,1.299102552839758,0.07362741037023296,0.6412900184709944,True,False,0.9185399394433703,0.3164168245318547
1650,2025-05-01,2025-05-29,-0.40258517831437185,0.09875882501526734,-4.076447631410513,0.10149460188772587,-3.9665673920246,0.11533168176364045,-3.490672919687634,False,False,0.682413945182776,0.37760964806530123
1651,2025-05-02,2025-05-30,-0.41018216045503625,0.09863460674141661,-4.158602888034845,0.09825469439194018,-4.174682573626563,0.11410954922514956,-3.5946348332838105,False,False,0.6831190429163576,0.3643622855782931
1652,2025-05-05,2025-06-02,-0.48120726259476615,0.10217545636102605,-4.709616964121714,0.06130451927766549,-7.849458217186934,0.08019239564379028,-6.000659523033323,False,False,0.6584974783577845,0.3614136126905781
1653,2025-05-06,2025-06-03,-0.49178010178655324,0.10398381495183169,-4.729390838510397,0.06325280295081377,-7.774834929749565,0.08139906413301924,-6.0415940530090735,False,False,0.6470204321332156,0.3646738824511872
1654,2025-05-07,2025-06-04,-0.5081616869963876,0.10701775393401773,-4.748386770569835,0.07612320598184598,-6.6755160984362,0.09364667266757998,-5.426372048478672,False,False,0.62855152294571,0.36934567663277457
1655,2025-05-08,2025-06-05,-0.49847184527726857,0.10623612850672194,-4.692112300061165,0.07124849187679086,-6.9962441610591535,0.08747674724578168,-5.698335397368195,True,False,0.6332566976782388,0.36870443088778276
1656,2025-05-09,2025-06-06,-0.4723724638350487,0.10407731941375203,-4.538668621519404,0.0637680095845748,-7.407671447052873,0.08928210588168034,-5.290785417416707,True,False,0.6466305729442163,0.34893584920980164
1657,2025-05-12,2025-06-09,-0.47691586492171306,0.10362711532766941,-4.602230443390255,0.06319456417093404,-7.546786201922533,0.08536824013389717,-5.586572525961492,True,False,0.64934731697393,0.3491985926672616
1658,2025-05-13,2025-06-10,-0.4185415496681203,0.125511545706835,-3.3346856443448907,0.039565912725020094,-10.57833677632942,0.07024151220340362,-5.958606763136279,True,False,0.5368994010241371,0.2938888860183461
1659,2025-05-14,2025-06-11,-0.42891323850956725,0.12518243880940474,-3.426305179775294,0.04282168204522207,-10.016263211160437,0.07202417757650065,-5.955128582398543,True,False,0.538238954945408,0.29141422201159534
1660,2025-05-15,2025-06-12,-0.43410301906567056,0.1240438821564917,-3.4995923339291606,0.04333283446688482,-10.017877307274103,0.07234084063581536,-6.000801417985592,True,False,0.5430876255436025,0.2951354565101187
1661,2025-05-16,2025-06-13,-0.305103863087365,0.11014313273823507,-2.7700670527727893,0.10003426078227964,-3.0499936791796833,0.13575936991892132,-2.2473871473444533,False,False,0.6125902141303715,0.2955154955304028
1662,2025-05-19,2025-06-16,-0.2691505310474207,0.10557059721803769,-2.5494838348933193,0.10898610157882788,-2.4695858201033873,0.12465836552671251,-2.1591052466490552,False,False,0.6393125523915206,0.2871304578205394
1663,2025-05-20,2025-06-17,-0.17934224747752722,0.09886402282907349,-1.8140294350311128,0.1319604144012939,-1.3590609599947476,0.11843662123688962,-1.5142465700606058,False,False,0.6837828218515876,0.2831618694922467
1664,2025-05-21,2025-06-18,-0.1930838862729253,0.09589750312899072,-2.013440183246588,0.11808876425338688,-1.6350741536986446,0.11481237030412482,-1.6817341699458708,False,False,0.7050151910055296,0.2888676654169833
1665,2025-05-22,2025-06-19,-0.13838394999364118,0.10017949817717002,-1.3813599839450743,0.10378402244470397,-1.3333839519216169,0.10736139491173914,-1.288954471087167,False,False,0.6751974987107914,0.2737067271134785
1666,2025-05-23,2025-06-20,-0.14988342659536674,0.09753218271706819,-1.5367586618066844,0.0930988787425067,-1.6099380424324443,0.10668750663339713,-1.4048826458228212,False,False,0.6935539275016849,0.2745519843413939
1667,2025-05-26,2025-06-23,-0.10341715121790535,0.10230239561753572,-1.0108966715162488,0.06647171959445733,-1.5558067678834153,0.08859966151712419,-1.1672409289951666,False,False,0.6613432232751493,0.25063951707914506
1668,2025-05-27,2025-06-24,-0.02477093103963285,0.09917878194449695,-0.24976038779640702,0.06831726118750585,-0.36258671101649875,0.10937007778009496,-0.22648727643257732,False,False,0.6823966542283904,0.28881193008139017
1669,2025-05-28,2025-06-25,-0.00421569570588206,0.1015702745410266,-0.041505211292692155,0.06500124156041578,-0.06485561821098074,0.11052302716701451,-0.03814314368635236,False,False,0.666214736590704,0.28417368829492345
1670,2025-05-29,2025-06-26,-0.012203944417979652,0.10182528305385194,-0.11985180941284887,0.0658561287416772,-0.18531220481923585,0.1157802599813546,-0.10540608925860928,False,False,0.6643042518173612,0.29337410942610304
1671,2025-05-30,2025-06-27,-0.012924403266498853,0.10181725838963587,-0.12693725475340875,0.06598702046773366,-0.19586281021460317,0.11370465869473154,-0.11366643561366849,False,False,0.6644711945856858,0.288026496679146
1672,2025-06-02,2025-06-30,-0.009615587168887144,0.10176464285428775,-0.09448848734874718,0.06256734996690433,-0.15368378513671127,0.11625284980372974,-0.0827127006789183,False,False,0.664686788071061,0.2837906896240253
1673,2025-06-03,2025-07-01,-0.012196213171938296,0.10176319870044817,-0.11984895647629228,0.06439034177680578,-0.18941059847474714,0.11520469682524168,-0.1058655897548968,False,False,0.6648256608775415,0.2698594797540652
1674,2025-06-04,2025-07-02,-0.0016953214947963565,0.10223239698962341,-0.016583016193667373,0.05929708933369671,-0.028590298678167283,0.11549918366895968,-0.014678211922739094,False,False,0.6616783060884996,0.2614387202350511
1675,2025-06-05,2025-07-03,-0.002410855714474996,0.1021885778016474,-0.023592222989486895,0.060128111035013164,-0.04009531769709399,0.11399322905259121,-0.02114911328077862,False,False,0.6620496293031558,0.25516827102376505
1676,2025-06-06,2025-07-04,0.0015485677701236114,0.10154424791979319,0.01525017715771335,0.05816408033790154,0.026624125424613926,0.11163564095328696,0.013871625198726608,False,False,0.6662913962215763,0.2556434218693132
1677,2025-06-09,2025-07-07,0.038012695871633924,0.1055722861885969,0.36006320639610967,0.05080487456628227,0.748209619571856,0.11335246605769014,0.3353495269550427,False,False,0.6407438736102214,0.2647139087849292
1678,2025-06-10,2025-07-08,0.02533205872346841,0.10432524537051205,0.2428181082488843,0.05017524402952104,0.5048716595890211,0.11089313160438768,0.22843667914294977,False,False,0.6485413987524544,0.2675420757767279
1679,2025-06-11,2025-07-09,0.027157131839273683,0.10335765099091358,0.26274911996269273,0.046665028581158896,0.5819589672390865,0.10694180588240297,0.25394308255030434,False,False,0.6546084663514583,0.2652532702166836
1680,2025-06-12,2025-07-10,0.03396691428749561,0.10354773726547106,0.3280314489191855,0.048497370029311475,0.7003867275063832,0.10496782139878352,0.32359359120593556,False,False,0.6534698293737559,0.2556415461346839
1681,2025-06-13,2025-07-11,0.05384223839009917,0.10385424737843278,0.5184404080644321,0.0507747194652607,1.060414295876853,0.10172220499688231,0.52930663852351,False,False,0.6515361165995248,0.24599236907414374
1682,2025-06-16,2025-07-14,0.07667242786349156,0.11707620908582785,0.6548933251441672,0.06264518853445968,1.223915669458251,0.1256324095377661,0.6102917881268782,False,False,0.5776286602904953,0.25081561702699773
1683,2025-06-17,2025-07-15,0.07794172704929338,0.1223881094933701,0.6368406814349523,0.07755657677502219,1.0049660556239923,0.1473418761095238,0.528985574958723,False,False,0.5524634481380568,0.25424087648787247
1684,2025-06-18,2025-07-16,0.05161234025822351,0.14305098571932504,0.36079681659440044,0.10722124658044488,0.48136299384936104,0.20019100560154982,0.25781548028661255,False,False,0.4724767285149258,0.24686197756652178
1685,2025-06-19,2025-07-17,0.08011484541752047,0.1486673419921282,0.5388866468182533,0.09709396613491285,0.8251269219572331,0.21630814042526156,0.3703736958767006,False,False,0.45456483536391856,0.24671501481351488
1686,2025-06-20,2025-07-18,0.13401518361694376,0.17626318360317816,0.7603129642696829,0.10521489065632064,1.2737282981616915,0.2834921732599133,0.47272974797111944,False,False,0.3832348687392501,0.251790868754511
1687,2025-06-23,2025-07-21,0.2091243728303621,0.18801862910184877,1.1122534709955811,0.12170674128262424,1.7182644989626243,0.27625466804988785,0.756998512664398,False,False,0.3591469359957805,0.25105624638920987
1688,2025-06-24,2025-07-22,0.23701717730707994,0.19132676465662327,1.2388082646589351,0.12940465715746105,1.8315969650047044,0.2629934359369957,0.901228490599519,False,False,0.35286410047698286,0.25312868913787234
1689,2025-06-25,2025-07-23,0.005392282548999556,0.24156821727000002,0.022321986766051342,0.08850857714827293,0.0609238417646936,0.1454649094041766,0.037069301256820716,False,False,0.27954686148821833,0.21186895242411163
1690,2025-06-26,2025-07-24,0.012337298980944773,0.24911153302701974,0.04952520194882593,0.08492704803933233,0.14526937254702402,0.15440894750821965,0.07990015591737663,False,False,0.2710743196059045,0.21195970600228323
1691,2025-06-27,2025-07-25,-0.05241454400658643,0.246352277241622,-0.21276257152345424,0.09427702514696179,-0.5559630665571077,0.14566405219768144,-0.3598317032637152,False,False,0.2741228228403391,0.18807853365387078
1692,2025-06-30,2025-07-28,-0.02586342238384678,0.24654801951226793,-0.104902170518388,0.08293638520316084,-0.31184651128080615,0.1446815632858348,-0.17876101001722425,False,False,0.2738876177902489,0.21847102483585157
1693,2025-07-01,2025-07-29,0.07310154361182174,0.2325510720056512,0.3143461906296665,0.07605777361901518,0.9611317835570412,0.13714413496731123,0.5330271223719901,False,False,0.2903427284550114,0.21748648705885143
1694,2025-07-02,2025-07-30,0.038302371788717884,0.22964244830181935,0.16679134050328984,0.06365734807915824,0.601696001239145,0.13926498189693903,0.27503232519042714,False,False,0.29397754841222923,0.22510829611927374
1695,2025-07-03,2025-07-31,0.06485105074447552,0.20817464941569927,0.31152232477152353,0.05249542709031927,1.2353657135296412,0.11682465782535881,0.5551144077941265,False,False,0.32428395459536746,0.22673944001850663
1696,2025-07-04,2025-08-01,-0.19283233539784897,0.13417573099681263,-1.437162547692248,0.09885405096782093,-1.950677119550922,0.257186017946786,-0.7497776781852411,False,False,0.5034248229121473,0.25138463317809057
1697,2025-07-07,2025-08-04,-0.10118173303400335,0.11515814120281272,-0.8786329127682377,0.06320562674047424,-1.6008342651115712,0.24769573074943946,-0.40849203467441003,False,False,0.5870801235250467,0.2575233266334141
1698,2025-07-08,2025-08-05,-0.10970087116782225,0.11514367412641367,-0.9527303345156775,0.0563305666444366,-1.9474483873074386,0.2311187740825526,-0.4746514929533095,False,False,0.5872077830718381,0.2524314663634493
1699,2025-07-09,2025-08-06,-0.07153988827195618,0.1147687159837435,-0.623339624032123,0.06685839230965976,-1.0700210669232624,0.24375861793418188,-0.2934866011230541,False,False,0.5892747989449816,0.2637396927440651
1700,2025-07-10,2025-08-07,-0.07849379997657915,0.11622185356194874,-0.6753790063651005,0.06530415747233696,-1.201972477936483,0.2473862515714834,-0.31729249090424094,False,False,0.5818622350064374,0.2625330009876055
1701,2025-07-11,2025-08-08,-0.0613849587352514,0.11241097082983272,-0.5460762262090566,0.07014175056845523,-0.8751557843618746,0.2341704766646436,-0.26213790743211846,False,False,0.6017092184006468,0.2648424151754256
1702,2025-07-14,2025-08-11,-0.04380606931398755,0.11090464623478324,-0.39498858525052993,0.08662806502762418,-0.5056798775318201,0.2378058848028433,-0.18420935777222527,True,False,0.6099229192378895,0.2714570083132032
1703,2025-07-15,2025-08-12,-0.02453624406115638,0.1085709669284931,-0.225992682531016,0.0996349971331193,-0.246261301421771,0.23985239863932117,-0.10229726365193803,True,False,0.6231375696169026,0.2783751874421995
1704,2025-07-16,2025-08-13,-0.028394514297391888,0.10870436573008614,-0.2612085918232181,0.09571997235613179,-0.2966414803354563,0.2332362921555342,-0.12174140668664435,True,False,0.622360728739737,0.27400435289271774
1705,2025-07-17,2025-08-14,-0.01661306525994697,0.10836745042743323,-0.15330309234387388,0.10837784427344392,-0.1532883899963095,0.24637856583171855,-0.06742902006862896,True,False,0.6243142484906454,0.2899479812112893
1706,2025-07-18,2025-08-15,-0.015470616531443555,0.10866374549316868,-0.14237146401709613,0.10341832495921352,-0.14959260399493912,0.2328144225910079,-0.06645042158157552,True,False,0.6226028172598447,0.29252407837472344
1707,2025-07-21,2025-08-18,-0.01647385759919604,0.10866548295746366,-0.1516015679573671,0.10675189685488633,-0.15431910892965073,0.2411521079746825,-0.0683131395265496,True,False,0.6225957779831305,0.2909287517908612
1708,2025-07-22,2025-08-19,-0.006513572174300795,0.10813955858191382,-0.06023301980992347,0.11369799478920535,-0.05728836455187161,0.2504887408604597,-0.026003452897427132,True,False,0.6256139246110952,0.28326595370082874
1709,2025-07-23,2025-08-20,-0.008418529209367155,0.10810681590928699,-0.07787232598202863,0.11562178584452751,-0.07281092527568507,0.2534605610775577,-0.03321435561247387,True,False,0.6257666766276677,0.2752695062243633
1710,2025-07-24,2025-08-21,-0.006288945256725724,0.10890123016518533,-0.05774907452547987,0.12211861443391162,-0.0514986620662093,0.25281358021678835,-0.024875820560481505,True,False,0.6211335832873615,0.27712445119388524
1711,2025-07-25,2025-08-22,0.07561537717980862,0.1005702480022643,0.7518662694170365,0.15278713198853533,0.4949067123367599,0.256439305227242,0.29486656545416295,True,False,0.6728446036870224,0.31950926167506954
1712,2025-07-28,2025-08-25,0.0856102927909244,0.10033859360056403,0.8532139999064444,0.15320031113006424,0.5588127867328079,0.2484307584529298,0.3446042403285783,True,False,0.6743996435223579,0.3117669891566121
1713,2025-07-29,2025-08-26,0.08174639851165444,0.10032605605073103,0.8148072567541021,0.14976119681484712,0.5458449868874861,0.24099507120730132,0.339203611518416,True,False,0.674503113179654,0.29018651745002944
1714,2025-07-30,2025-08-27,0.07176510331361685,0.10151860324272137,0.706915787070408,0.1554618141241422,0.4616252789659953,0.24724532061741916,0.29025869179002284,True,False,0.666563302332825,0.2850319271323407
1715,2025-07-31,2025-08-28,0.08890077988828077,0.10158704195936653,0.8751192885785561,0.1532109399349909,0.580250861498548,0.24336161704032605,0.36530320996983484,True,False,0.6659851265935565,0.2832738461952944
1716,2025-08-01,2025-08-29,0.06974205321103483,0.10255175488035943,0.6800668920039293,0.158956743564326,0.43874862838273915,0.23637216446546275,0.29505188721671627,True,False,0.6596809283305418,0.2745035207704528
1717,2025-08-04,2025-09-01,0.28015096067305345,0.1288151756287569,2.17482885308827,0.10028872738311699,2.7934441684840365,0.13702179196249642,2.0445723024096214,True,False,0.5241910252065857,0.2620227893570628
1718,2025-08-05,2025-09-02,0.4132497848915769,0.1502988034670548,2.7495214556525758,0.04708812896502945,8.776092700529292,0.08140590014495912,5.076410728899316,True,False,0.4487742525115484,0.276044961352185
1719,2025-08-06,2025-09-03,0.4149684124757925,0.14829817565093825,2.798203084119782,0.04576885312817192,9.06661155160929,0.07987184538752003,5.195427881532725,True,False,0.45480976023585956,0.2774408646412854
1720,2025-08-07,2025-09-04,0.3524174141314588,0.1486360476552553,2.371009049896507,0.0806575354740038,4.369305509527305,0.11738617970313,3.0022053279417,True,False,0.45403523783195937,0.2718893781811709
1721,2025-08-08,2025-09-05,0.3559878535108767,0.14869304093082022,2.394112402856169,0.07772905761903252,4.579855518841521,0.11138555893545127,3.1959964730901445,True,False,0.4538441244010388,0.2961101209862402
1722,2025-08-11,2025-09-08,0.3847802697254908,0.15758192885177305,2.441779159128254,0.08168218646352843,4.710699925953836,0.11630240557416988,3.30844635436284,True,False,0.4281642482143022,0.29469099696814327
1723,2025-08-12,2025-09-09,0.374318530310345,0.16448897573028656,2.2756450920097957,0.09001471592619098,4.1584148376058145,0.12945565565181158,2.8914807037641146,True,False,0.4102235646331851,0.28674450819202946
1724,2025-08-13,2025-09-10,0.3679449358789977,0.17860750650570748,2.0600754306328097,0.10675281847270092,3.446699966737547,0.17648996104352685,2.084792436371229,True,False,0.3778392980167131,0.27702318587887026
1725,2025-08-14,2025-09-11,0.3647891482245621,0.1759536413179113,2.073211702197539,0.10445876791310392,3.492183140892674,0.16915731004474366,2.1565083301931915,True,False,0.3835423427009971,0.27749655910050613
1726,2025-08-15,2025-09-12,0.34467098843881605,0.17675761879012597,1.949963972121976,0.10939685603950021,3.1506480251531617,0.17458496137773158,1.9742306881351983,True,False,0.38183066115590464,0.2603133827867115
1727,2025-08-18,2025-09-15,0.2730001678321815,0.17148653902575717,1.5919626658928434,0.14852916798705193,1.8380239486427363,0.22083054036533017,1.2362428103492602,True,False,0.3937039795942567,0.26959697210238354
1728,2025-08-19,2025-09-16,0.23870928420669807,0.1691434644655598,1.411282930504849,0.1697743752459345,1.4060383603880429,0.22543277797449637,1.0588934153741552,True,False,0.3991607251245397,0.27392688480215516
1729,2025-08-20,2025-09-17,0.21122810341677603,0.16815633577029762,1.256141211980943,0.1846654577037348,1.1438419834620972,0.23230454206649812,0.9092723781367612,True,False,0.401540720293329,0.27111134690362354
1730,2025-08-21,2025-09-18,0.20808469083865552,0.1682584566609433,1.2366967757107499,0.18849843540099512,1.1039067268436171,0.24320534269564734,0.8555925973182974,True,False,0.401350649653291,0.290335939776534
1731,2025-08-22,2025-09-19,0.1750518697132898,0.1736169408142108,1.008264912930441,0.19490302044665525,0.898148573132048,0.27854149884000434,0.6284588488332953,True,False,0.38898029001902396,0.2843483891487807
1732,2025-08-25,2025-09-22,-0.05744989578520886,0.2273840379510979,-0.25265579898604956,0.20403722779991418,-0.2815657534886044,0.22135178687609355,-0.2595411430645811,True,False,0.29700398845465525,0.24687239119860452
1733,2025-08-26,2025-09-23,-0.09387555948770665,0.22779268619861542,-0.41210962939282136,0.2090063207891048,-0.4491517726989252,0.22237973114328285,-0.42214080844994417,True,False,0.2964478402608536,0.24667515429227382
1734,2025-08-27,2025-09-24,-0.15573963398693189,0.2243573805763877,-0.6941587283058276,0.2298566402402106,-0.677551163299772,0.22615313722921918,-0.6886467987798941,True,False,0.30098624666450796,0.26805670148310284
1735,2025-08-28,2025-09-25,-0.12049265370915598,0.2214163509778568,-0.5441904049859718,0.20713318699175157,-0.5817158296026904,0.22267129590492782,-0.5411234223947831,True,False,0.3050067806666744,0.27457030515652875
1736,2025-08-29,2025-09-26,-0.12154540565798559,0.1971689543767424,-0.6164530620056015,0.1514307814986672,-0.8026466247818668,0.17894125468264888,-0.6792475322336683,True,False,0.3425602941009513,0.26124559167472416
1737,2025-09-01,2025-09-29,-0.15873675697015632,0.19884255817538118,-0.7983037355119363,0.1547149599083482,-1.025994881582173,0.1906678731727488,-0.8325301705460244,True,False,0.3396496402021116,0.26782755333904834
1738,2025-09-02,2025-09-30,-0.16356788463411007,0.2044070539162931,-0.8002066538324695,0.16184477042562526,-1.010646709213732,0.2060307016932797,-0.7939005366181565,True,False,0.3303918045156821,0.2678693407740738
1739,2025-09-03,2025-10-01,-0.2865695258104537,0.21818926934417476,-1.3133988058707644,0.12147014695156601,-2.359176579614397,0.19031947579048505,-1.505728852079891,True,False,0.3094031492375664,0.2520090437284357
1740,2025-09-04,2025-10-02,-0.30764987324427295,0.22558135652528014,-1.3638089511612441,0.1374721922695594,-2.2379062133600396,0.21821333065357765,-1.4098582901549648,True,False,0.2992514800152211,0.25606367917599177
1741,2025-09-05,2025-10-03,-0.26968939169105116,0.24557551766474586,-1.0981933144460476,0.15631548454593105,-1.725289036300219,0.24752429984914787,-1.0895471347880255,True,False,0.27489509848931115,0.25803228748460244
1742,2025-09-08,2025-10-06,-0.31442893930398225,0.24398038791065074,-1.2887467800040173,0.15819763166199943,-1.987570458550114,0.28085766620372593,-1.1195312684678675,True,False,0.2766782002624748,0.23363000898787642
1743,2025-09-09,2025-10-07,-0.2564973271260633,0.2334049236983767,-1.0989370877948075,0.15116852315141044,-1.6967641264124511,0.2525514071143039,-1.015624225011637,True,False,0.2892585272088741,0.2365258096694823
1744,2025-09-10,2025-10-08,-0.2888932341950009,0.2182285115840163,-1.3238106794481768,0.13196594250758786,-2.189149932971455,0.2245101072236919,-1.2867716191822067,True,False,0.3093473928227997,0.2414462088382958
1745,2025-09-11,2025-10-09,-0.2822350448868101,0.21902306941660754,-1.288608755409075,0.13510952542663418,-2.088935210123779,0.230814939385632,-1.2227763317142502,True,False,0.30821738581146807,0.24640136918113922
1746,2025-09-12,2025-10-10,-0.13964642807320074,0.10878131488215283,-1.283735430340085,0.05027620648576191,-2.777584822608847,0.19764674294085813,-0.706545556963654,True,False,0.6216341686691343,0.24303125182150326
1747,2025-09-15,2025-10-13,-0.11907808672130155,0.09716815179322165,-1.2254847346968711,0.0456845882337928,-2.6065264310124547,0.0821027123344835,-1.4503550898072854,True,False,0.6963551737916652,0.24301155676948646
1748,2025-09-16,2025-10-14,-0.10093615943272474,0.09498269787233336,-1.0626794320834458,0.026717019437520934,-3.7779723022161558,0.040564143897043076,-2.4883098652078908,True,False,0.7124646699958928,0.21938928900155336
1749,2025-09-17,2025-10-15,-0.08556198324862517,0.09503496365039753,-0.9003211024879186,0.021284255086547913,-4.0199660688478644,0.034544312985935965,-2.476876100661201,True,False,0.7121002251651976,0.2108578309314588
1750,2025-09-18,2025-10-16,-0.11643732460693994,0.07993498369153283,-1.456650382969599,0.025046597994997578,-4.6488279418304765,0.045798197671444746,-2.5423997128065765,True,False,0.8474693589832206,0.21656214305150467
1751,2025-09-19,2025-10-17,-0.0981529902912822,0.06794199680728814,-1.4446586044517509,0.014683658526022597,-6.684505099143651,0.032805610367055545,-2.99195744852992,True,False,0.9987539772651567,0.20011688225798016
1752,2025-09-22,2025-10-20,-0.0890096350988924,0.06522322370106515,-1.3646923602986338,0.013805961175015114,-6.447188570975752,0.030394288107245378,-2.928498762162958,True,False,1.0409877640728025,0.2009400616207296
1753,2025-09-23,2025-10-21,-0.09082483320611333,0.06524521636936573,-1.3920535214710066,0.013950573815624256,-6.510472931542933,0.03177885721356608,-2.8580270396677796,True,False,1.0405679121713807,0.20511631078465403
1754,2025-09-24,2025-10-22,-0.08923707065832724,0.0651711073199213,-1.3692735067438317,0.013757298794499136,-6.486525588439552,0.0329468765789994,-2.708513823589811,True,False,1.0417440095725714,0.19991429819519968
1755,2025-09-25,2025-10-23,-0.08421284662898579,0.06462607945106773,-1.3030783755457171,0.01404823372568702,-5.994550508866012,0.029684293953425814,-2.836949625991253,True,False,1.0507752199392002,0.1766725584461452
1756,2025-09-26,2025-10-24,-0.08676773701614798,0.06442109726404656,-1.3468838734693998,0.013617363035790989,-6.371845766914881,0.02771364935267771,-3.1308665239991007,True,False,1.0541638830004858,0.16498467003069384
1757,2025-09-29,2025-10-27,-0.0887508066371185,0.06502708439520531,-1.3648283244214225,0.014021432409088484,-6.329653351221915,0.027627751590966157,-3.21237891345956,True,False,1.04420254489125,0.16580381299504712
1758,2025-09-30,2025-10-28,-0.08570118269965465,0.06512755949708984,-1.3158973460917742,0.013586563893835907,-6.30778932549211,0.0281000089900303,-3.049863177270188,True,False,1.0425945612186136,0.15694768509124662
1759,2025-10-01,2025-10-29,-0.08680628872086496,0.06505450497404054,-1.3343624512323058,0.013423783106709518,-6.466603939501761,0.02742321547918838,-3.1654307200679184,True,False,1.0437775802111031,0.15869757822240413
1760,2025-10-02,2025-10-30,-0.0873421836683905,0.06504773304842666,-1.342739855413041,0.014064335914539868,-6.210188962999324,0.03100424991587168,-2.817103587585208,True,False,1.0437843629208274,0.2065894241442169
1761,2025-10-03,2025-10-31,-0.08815100646586725,0.06499634025166569,-1.356245692058149,0.01359548222385506,-6.483845516799303,0.02976929379450476,-2.9611386509323046,True,False,1.0446451939608283,0.20235563972488488
1762,2025-10-06,2025-11-03,-0.08827713784300512,0.06495932660430528,-1.358960174891259,0.014397508684095825,-6.1314175792455154,0.03228144673543496,-2.7346090950163133,True,False,1.0451582449312293,0.18845885384179228
1763,2025-10-07,2025-11-04,-0.07739847384961175,0.06396495161300662,-1.2100137950213592,0.01848330103044961,-4.187481106437891,0.035329688775842506,-2.1907488158382744,True,False,1.0617020766143757,0.19550689239195107
1764,2025-10-08,2025-11-05,-0.07857131910035224,0.0637934096296936,-1.2316526041865623,0.019147517649195405,-4.103472864726873,0.034204644971387546,-2.297095004671961,True,False,1.064611784172017,0.19379140668987088
1765,2025-10-09,2025-11-06,-0.07931416952689363,0.06351363374811103,-1.2487739221699392,0.016023491250919678,-4.949868183211405,0.030716041407511403,-2.582174196037445,True,False,1.0694614099765938,0.19268546344978274
1766,2025-10-10,2025-11-07,-0.07595625397819272,0.06341773789590789,-1.1977130767872106,0.01793945700191292,-4.234033057416028,0.028950089163703206,-2.6236967198506767,True,False,1.0711851196406865,0.19538021760203264
1767,2025-10-13,2025-11-10,-0.07540047445294842,0.07376672099329024,-1.0221475678688061,0.02758041512463903,-2.733841173608342,0.044570383036135516,-1.691716994933998,True,False,0.9193574901071327,0.1962466177281055
1768,2025-10-14,2025-11-11,-0.07617623113767777,0.07713671410275097,-0.9875483033436739,0.0282051316230251,-2.700793322144674,0.04756293275549964,-1.6015881848427358,True,False,0.8788355588917104,0.1962466177281055
1769,2025-10-15,2025-11-12,-0.08223817617618949,0.07925708160651948,-1.0376129742509317,0.030422846378201873,-2.703171660989406,0.047236518568686034,-1.7409872418224044,True,False,0.8550980571050927,0.20139809646431217
1770,2025-10-16,2025-11-13,-0.0992313330141825,0.07532948941462993,-1.3172972999722805,0.026668768518502032,-3.720881710204902,0.038774744626017474,-2.559174379387124,True,False,0.8999433822804166,0.19919887787837975
1771,2025-10-17,2025-11-14,-0.07679220233228437,0.09244954426416956,-0.8306390576989198,0.04382273602916472,-1.7523370124854356,0.055194834627764186,-1.3912932768106574,True,False,0.7322998256924385,0.19885682420916098
1772,2025-10-20,2025-11-17,-0.05676553365884833,0.10884514930968381,-0.5215256170703602,0.04238657418473095,-1.339233819922563,0.07144589658991098,-0.7945247574493216,True,False,0.6215213551418423,0.20030397605045042
1773,2025-10-21,2025-11-18,-0.06292002268555572,0.1142398605038918,-0.5507711792366222,0.04001653560266763,-1.5723505730306464,0.07162969892961171,-0.8784069125766573,True,False,0.592044143110205,0.19981228764137107
1774,2025-10-22,2025-11-19,-0.07327260300218462,0.11178574281887257,-0.6554735975669891,0.0412560003273966,-1.7760471790942607,0.0713230672273887,-1.0273338745875933,True,False,0.6050757794593786,0.2004525600343378
1775,2025-10-23,2025-11-20,-0.05477457408032339,0.10269357087846374,-0.5333788046493023,0.035758472173577895,-1.5317929081096644,0.06152318005891795,-0.8903079136655204,True,False,0.6589297751568631,0.20247648475857077
1776,2025-10-24,2025-11-21,-0.07387500879213409,0.09273209597362554,-0.7966498332265163,0.030027766174363264,-2.4602232601373517,0.05551885582397806,-1.3306291654560392,True,False,0.7300562419694797,0.20397915219618093
1777,2025-10-27,2025-11-24,-0.07664222273464141,0.08505998339197281,-0.9010373583246457,0.02567739351011271,-2.984813186138105,0.04640879372032635,-1.6514590574474095,True,False,0.7963242435105345,0.20364410574311423
1778,2025-10-28,2025-11-25,-0.05980454926551583,0.08211871106396287,-0.7282694588196059,0.027928189011647096,-2.141368680961558,0.0499029140040365,-1.1984179773685844,True,False,0.8251408392703533,0.20972042121854348
1779,2025-10-29,2025-11-26,-0.03938177320711077,0.08087289774076467,-0.48695884909859055,0.03467461662957803,-1.1357522313171722,0.05301018368458731,-0.7429095783073282,True,False,0.8380326191533478,0.22080314032507803
1780,2025-10-30,2025-11-27,-0.03737695341068277,0.08102461892761116,-0.46130366184228533,0.03610301790361446,-1.0352861223532444,0.053213717505679964,-0.7023932016531865,True,False,0.8364445076402721,0.2194299264121544
1781,2025-10-31,2025-11-28,-0.032791732078970945,0.08053880062759232,-0.4071544624881912,0.03298378175775121,-0.9941774512034195,0.054920556004913204,-0.597075748396236,True,False,0.8415676731103873,0.17547397610802795
1782,2025-11-03,2025-12-01,-0.0362816263424694,0.08019047664582897,-0.4524430812739975,0.030329908417470998,-1.19623263753642,0.0547608377804787,-0.6625469553243974,True,False,0.8452347315555456,0.17438758713387104
1783,2025-11-04,2025-12-02,-0.039049965897212394,0.07997106100082828,-0.4883012105692576,0.029708498002614527,-1.3144375691351262,0.054013702309525215,-0.7229640670331536,True,False,0.847573179506407,0.1767884134042858
1784,2025-11-05,2025-12-03,-0.05544014061049662,0.08232700523122988,-0.6734137899803744,0.02330696727581686,-2.378693888158538,0.054700012420392685,-1.0135306768198833,True,False,0.8230020695837807,0.17472062223679571
1785,2025-11-06,2025-12-04,-0.05325315686995128,0.08284379313533194,-0.6428140824377513,0.02275418940192744,-2.340367126654943,0.05598545958120279,-0.9511962082353097,True,False,0.8178180479743182,0.17417455274776486
1786,2025-11-07,2025-12-05,-0.04750822698023048,0.08483604517807879,-0.5600004913065699,0.02287981822500343,-2.076425018460712,0.05755748481915666,-0.8254048475102665,True,False,0.7985241259227849,0.1735521311818801
1787,2025-11-10,2025-12-08,-0.045007807435209726,0.08339519733564457,-0.5396930383660427,0.025103679816385217,-1.7928768915317765,0.05435675648746013,-0.8280075991214236,True,False,0.8124681849015541,0.16808028021536517
1788,2025-11-11,2025-12-09,-0.04746208246898793,0.08480497322608213,-0.5596615465281553,0.026687487712346723,-1.7784395062046259,0.05679416014666798,-0.8356859639515675,True,False,0.7988476670210641,0.16812637095617475
1789,2025-11-12,2025-12-10,-0.04846533077012707,0.08391946128623545,-0.5775219481547886,0.02561713162946206,-1.891910908338679,0.055203890935410754,-0.8779332389239033,True,False,0.8073399200366141,0.16808485421642105
1790,2025-11-13,2025-12-11,-0.02993270038491251,0.08349599423029312,-0.3584926517834391,0.029669314149977467,-1.0088773954666979,0.05980982889581224,-0.5004645714177647,True,False,0.8114592504265963,0.20381197847941668
1791,2025-11-14,2025-12-12,0.003770603737175926,0.08829813166968062,0.042703097629308705,0.039175657625147166,0.09624863922528121,0.05651437434228273,0.06671937504499362,True,False,0.7670942808957784,0.20281611584592357
1792,2025-11-17,2025-12-15,-0.0023954144256645893,0.08752539171881411,-0.027368222850805937,0.03722552961184519,-0.0643486996865282,0.059647966629968345,-0.040159196717044245,True,False,0.773869573285595,0.20011192456345264
1793,2025-11-18,2025-12-16,-0.012346474042299393,0.09490278089871765,-0.13009601958319666,0.03788673684572196,-0.325878528218867,0.0665887342896421,-0.1854138567733655,True,False,0.713319437186683,0.19663547536169462
1794,2025-11-19,2025-12-17,-0.0020356084770966304,0.10058849520906953,-0.02023699104818789,0.050119808802611236,-0.040614849212883976,0.07510476723854255,-0.027103585457248964,True,False,0.6728073581563164,0.2034719309095385
1795,2025-11-20,2025-12-18,0.010202956902350374,0.10099198752274219,0.10102738992093596,0.05310204055223666,0.19213869742564205,0.08106946109064757,0.1258545050761096,True,False,0.6700518167628294,0.19345233773574444
1796,2025-11-21,2025-12-19,-0.03152272303086387,0.11337328573847064,-0.27804365751188026,0.061497983569976405,-0.5125814083805734,0.08427898384215736,-0.374028276016017,True,False,0.5965584447090012,0.19040692055619457
1797,2025-11-24,2025-12-22,0.026195646116626444,0.1268823414497944,0.20645620042401014,0.05187542913515893,0.5049721333075616,0.09697327195056976,0.2701326416002459,True,False,0.5327657306414749,0.18524852418398496
1798,2025-11-25,2025-12-23,0.09166606951960496,0.147683267374099,0.6206936720014737,0.0645809806709599,1.419397298821515,0.10151221753568673,0.9030052908397913,True,False,0.45741789907310176,0.18656048268370876
1799,2025-11-26,2025-12-24,0.09269677570918378,0.16074273047439475,0.5766778717495393,0.0777872705435056,1.1916702445207852,0.12986306739082176,0.7138039904002393,True,False,0.4201729883095759,0.1862435213080452
1800,2025-11-27,2025-12-25,0.06840206607720467,0.16824159525694837,0.40657047962923226,0.08061737090873686,0.8484780054988328,0.14006077937171982,0.488374164302387,True,False,0.401473128160155,0.17909478997507347
1801,2025-11-28,2025-12-26,0.07035652749136248,0.16790639893894713,0.41902231204985224,0.08014067957393912,0.8779127886786932,0.13987637724725996,0.5029907756832521,True,False,0.4022790146689781,0.17979462118315273
1802,2025-12-01,2025-12-29,0.07791358095245676,0.1677895733172712,0.4643529357162793,0.0838410109348046,0.9293015444797409,0.1461712037060698,0.533029618536427,True,False,0.40258478389777697,0.18222426202812828
1803,2025-12-02,2025-12-30,0.08764821784894081,0.17395492522484055,0.5038559140286115,0.08670387608362311,1.0108915749557368,0.15676435384351572,0.5591080861177945,True,False,0.3882870394176664,0.18228778151947728
1804,2025-12-03,2025-12-31,0.13191622474333428,0.17235328031666636,0.7653827330757113,0.10032123920177345,1.3149381506144942,0.1737870227190737,0.7590683278841628,True,False,0.3918725285480213,0.1871081898334917
1805,2025-12-04,2026-01-01,0.11443972667691849,0.17366424691950802,0.6589711394652256,0.09426720793231286,1.2139929588143759,0.16858482969196772,0.6788257691158732,True,False,0.38895862206921733,0.17547121172751476
1806,2025-12-05,2026-01-02,0.1175779834652062,0.17307119358288053,0.6793619494448123,0.09535308346593357,1.2330800346609958,0.1682243252716511,0.6989356817174898,True,False,0.39028507597714107,0.17628523206822866
1807,2025-12-08,2026-01-05,0.12270511778990247,0.1725379192651923,0.7111776837954307,0.09875708220823995,1.2424943613782098,0.1747714782393025,0.7020889164872247,True,False,0.3914867821765126,0.17633062602544092
1808,2025-12-09,2026-01-06,0.12146813747301538,0.1850714522745274,0.6563310331235448,0.10643727324897381,1.1412180504557081,0.19467321419538106,0.6239591716562792,True,False,0.36494810848536585,0.17881359319881865
1809,2025-12-10,2026-01-07,0.13177367738782497,0.18201249500031647,0.723981490323485,0.10503987282127814,1.254511014232029,0.18992567992293935,0.6938170627652405,True,False,0.3710930009911072,0.18032083074039992
1810,2025-12-11,2026-01-08,0.1650570942632585,0.19242385492700845,0.8577787526700841,0.14058078562120135,1.1741084923796714,0.24651056472126662,0.6695741192670228,True,False,0.35097419182279715,0.18626075300581524
1811,2025-12-12,2026-01-09,0.04076297422676764,0.19178808867925762,0.21254174076961987,0.05910555469051694,0.6896640161860754,0.14422361640796935,0.28263730477718907,True,False,0.3522143069906504,0.1380713753353
1812,2025-12-15,2026-01-12,-0.005141341320401817,0.19561164457554006,-0.026283411355996072,0.07503094953840615,-0.06852294089347909,0.14173389972157743,-0.03627460565539709,True,False,0.34532392512872906,0.14125853632414107
1813,2025-12-16,2026-01-13,0.03990402736032834,0.19401166572473358,0.20567849469910082,0.0683761141517716,0.5835960094449801,0.14800635294569542,0.26961023338619394,True,False,0.3481726245221452,0.13938828275881357
1814,2025-12-17,2026-01-14,0.01002996166066015,0.1885765551653235,0.05318774463700944,0.07566154038644068,0.13256354033280587,0.1341838971282111,0.07474787865996053,True,False,0.3582266251051866,0.14329286971053945
1815,2025-12-18,2026-01-15,-0.04405075635302822,0.19417159920720772,-0.22686508497063992,0.0751370318365264,-0.5862722452075064,0.10879281575515362,-0.40490501185453043,True,False,0.34788444346531516,0.13462192906396908
1816,2025-12-19,2026-01-16,-0.0532510168560983,0.19866903232161376,-0.2680388394397237,0.07736060644839207,-0.688347975808883,0.10880897282089713,-0.48939913203436897,True,False,0.3399973588051028,0.13444204048833525
1817,2025-12-22,2026-01-19,-0.03045688071396588,0.16536545261666225,-0.18417922384652333,0.07539761550206465,-0.4039501847791442,0.07597359681919408,-0.4008877029535505,True,False,0.4085929984395361,0.13276836981799592
1818,2025-12-23,2026-01-20,-0.12842744879110363,0.1659820412599105,-0.773743037597662,0.07108108752593895,-1.8067738305809942,0.127149107232631,-1.0100538775796024,True,False,0.406988067741652,0.17405827666565316
1819,2025-12-24,2026-01-21,-0.08946511398549474,0.12319131004446911,-0.7262290980849215,0.03686755941531864,-2.426662231086595,0.07894301884220521,-1.133287215229526,True,False,0.5488221368835163,0.16763730056484868
1820,2025-12-25,2026-01-22,-0.08732910664757966,0.1197754864691909,-0.7291066746787356,0.03415878757955086,-2.5565634156131227,0.07436478759882673,-1.1743341098301943,True,False,0.5645384234779517,0.16267012714558807
1821,2025-12-26,2026-01-23,-0.093172063771725,0.11954914118846746,-0.7793620501617876,0.03090480617898772,-3.014808222129314,0.07364504431764388,-1.2651504881965676,True,False,0.5655810196955174,0.17092747216802423
1822,2025-12-29,2026-01-26,-0.08999148853851421,0.11951840160587827,-0.7529509040396015,0.03005662071992282,-2.994065413310552,0.06578595560396272,-1.3679437763323063,True,False,0.565622047807721,0.2273749317785452
1823,2025-12-30,2026-01-27,-0.09949558552098232,0.11999225993052566,-0.829183362148436,0.027132461789329126,-3.667031259217059,0.07086319256410749,-1.4040516934228175,True,False,0.5632129359633996,0.2446702829929464
1824,2025-12-31,2026-01-28,-0.10050175117251293,0.11998025337519791,-0.8376524331735448,0.026910687316408093,-3.7346408135489946,0.07134246987318493,-1.4087226213384565,True,False,0.5633063063788852,0.24647942014563387
1825,2026-01-01,2026-01-29,-0.11178953627233913,0.12015108761496676,-0.9304080261893022,0.02430335356342147,-4.599757641702235,0.0769404491217782,-1.4529358425683636,True,False,0.5623988802651192,0.2374570795391912
1826,2026-01-02,2026-01-30,-0.09433025126703923,0.1197467291491488,-0.7877480406963563,0.0280987482249,-3.3570979928368296,0.0682402115761624,-1.3823264771352286,True,False,0.5644484423158047,0.2593896467168803
1827,2026-01-05,2026-02-02,-0.13551092937769743,0.11728281482522139,-1.155420166028929,0.040403178603892156,-3.353967040718011,0.09809921418421186,-1.3813661047603645,True,False,0.5763653532420077,0.27814788050776745
1828,2026-01-06,2026-02-03,-0.16003403859656176,0.11273948951910748,-1.4195029557007055,0.06305837594769009,-2.53787123742796,0.10287737656850006,-1.5555804777934283,True,False,0.5994988615522092,0.28409057258912734
1829,2026-01-07,2026-02-04,-0.14573115342542453,0.11252476196343757,-1.2951029700713932,0.05566296003098708,-2.618099241296138,0.09646400809322632,-1.5107308550209178,True,False,0.600719319700424,0.2887057349466381
1830,2026-01-08,2026-02-05,-0.09249782214978193,0.10003332655440862,-0.9246700608268976,0.04589181800572265,-2.015562384960377,0.08295310544687091,-1.1150615959642902,True,False,0.6762678175841595,0.2931186049274167
1831,2026-01-09,2026-02-06,-0.06047738121660437,0.08293406393640376,-0.7292224490889555,0.04559019064207644,-1.3265437227803152,0.061728738091347414,-0.9797281312815554,True,False,0.8166767564273449,0.2900431773433836
1832,2026-01-12,2026-02-09,-0.044113470732521164,0.08357320235180811,-0.5278422926385179,0.04718586547634339,-0.9348873923831583,0.05904897159127293,-0.7470658598064536,True,False,0.8101509587644213,0.30173871400968283
1833,2026-01-13,2026-02-10,-0.04239498612875603,0.0836975557211932,-0.5065259763376951,0.04718540721899788,-0.8984766398643451,0.05866160297817302,-0.7227041876869692,True,False,0.8089905165142768,0.3011167319778538
1834,2026-01-14,2026-02-11,-0.04894100807874492,0.08407554712743387,-0.5821075181891437,0.049143413202973725,-0.9958813376801318,0.061468957897172626,-0.796190626179398,True,False,0.8052382321418956,0.29715913699950924
1835,2026-01-15,2026-02-12,-0.03452780661482741,0.07811467209801166,-0.44201435770612785,0.04396408840847493,-0.7853638700301473,0.05031012450299988,-0.6862993672927324,True,False,0.8673198215821253,0.2992919991832738
1836,2026-01-16,2026-02-13,-0.030246708488590252,0.07877029015505926,-0.3839862520380416,0.04213258821360046,-0.7178934352489309,0.05035108447947678,-0.6007161275924232,True,False,0.8600117999403954,0.2984708464506202
1837,2026-01-19,2026-02-16,-0.027853577440897326,0.07871584155331411,-0.3538497066315698,0.04149664122014034,-0.6712248659628537,0.050350978258573736,-0.5531884067446978,True,False,0.8605648683805842,0.29676118485523323
1838,2026-01-20,2026-02-17,-0.04364758326080022,0.08333059492939135,-0.5237882112540322,0.05277316023862609,-0.8270792020685808,0.061173255576316844,-0.7135076080158521,True,False,0.8126501164114989,0.3024149366591851
1839,2026-01-21,2026-02-18,-0.026456357623208072,0.08412869731092103,-0.3144748280771689,0.04000931670546984,-0.6612549226463323,0.05199137011271707,-0.508860558316713,True,False,0.8051817100878452,0.28735857545628324
1840,2026-01-22,2026-02-19,-0.011020755023395874,0.09329735243826391,-0.11812505644989715,0.043883916776577096,-0.2511342613173072,0.05908167721113579,-0.18653422759160718,True,False,0.7256234537371705,0.3000326543922515
1841,2026-01-23,2026-02-20,-0.005949275201591487,0.09363639182109092,-0.06353592963042234,0.04270688588281057,-0.1393048235339973,0.05862987895646374,-0.10147172921863248,True,False,0.7229619728805858,0.3016685251891447
1842,2026-01-26,2026-02-23,-0.007783796603071871,0.09073831538334333,-0.0857829084680222,0.04284585896906948,-0.18166975269864497,0.05580744692233577,-0.13947594868305235,True,False,0.7462364157503912,0.2980832449350213
1843,2026-01-27,2026-02-24,-0.017064914807041438,0.08825031060454347,-0.19336945887375573,0.04262414002338443,-0.4003579848808514,0.05696073135834164,-0.2995908654979437,True,False,0.7675179012108686,0.25485975705269936
1844,2026-01-28,2026-02-25,-0.007997083245270348,0.08571865496698262,-0.0932945488744625,0.03706044548697117,-0.21578486551333476,0.053056194727030596,-0.15072854897368027,True,False,0.790361206304494,0.23008960916053342
1845,2026-01-29,2026-02-26,-0.005922529127847147,0.08542967746289999,-0.06932636647749438,0.0375831680828473,-0.15758461646425567,0.05262881952406702,-0.11253395347655082,True,False,0.7930538235352227,0.2310400850868639
1846,2026-01-30,2026-02-27,-0.009602812664505671,0.08460141765831185,-0.11350652187992293,0.037584680850283124,-0.25549804993045017,0.052667082974177576,-0.1823304447906083,True,False,0.8008760458430456,0.23118245986489333
1888,2026-03-31,2026-04-28,0.15755784823827523,0.08469011622814392,1.8604042036479833,0.10029631164570157,1.5709236526548553,0.1893405878494252,0.8321398492940907,False,False,0.799003727513598,0.33087075959046053
1889,2026-04-01,2026-04-29,0.3092198314334404,0.10960460757169882,2.8212302227455313,0.036405427558544444,8.49378381660747,0.14840494417002334,2.083622167460782,False,False,0.6158031456563127,0.339613798596649
1890,2026-04-02,2026-04-30,0.2952952005913788,0.10581071963180787,2.790787186959173,0.04082158335990796,7.233800756523243,0.15653744031306,1.8864189934421853,False,False,0.638109290067183,0.3092921359338431
1891,2026-04-03,2026-05-01,0.29752055080830997,0.10564231686450003,2.816300888117767,0.03209115582609601,9.27110735495451,0.13477604484687947,2.2075180433312633,False,False,0.6389765567444898,0.29903311125373777
1892,2026-04-06,2026-05-04,0.30925360486556613,0.10206699550290095,3.0299079868259327,0.03352049050788309,9.225807861995285,0.10905238716487593,2.83582609152798,False,False,0.6613118722451354,0.31172019355811054
1893,2026-04-07,2026-05-05,0.31629816191551036,0.10202318704932598,3.1002576087197427,0.031018774837912516,10.196990808576901,0.10467613760495666,3.0216835388902705,False,False,0.6615380081617626,0.31146922297755075
1894,2026-04-08,2026-05-06,0.3528162870769932,0.10753357231265046,3.2809873185575107,0.024696541166789713,14.286060735964005,0.0624089703989855,5.65329446746855,False,False,0.6272172643288608,0.3217514629258935
1895,2026-04-09,2026-05-07,0.3006289504199834,0.16867164827492487,1.7823324399485079,0.050534261762937696,5.949012411228445,0.08345302251296131,3.602373423602385,False,False,0.4002136651725517,0.23399948752099775
1896,2026-04-10,2026-05-08,0.33997413970712714,0.18181059343437636,1.8699358122376908,0.05956083956436164,5.708014564498373,0.08732295852681946,3.8932961668117447,False,False,0.37122016499089083,0.23342207474515483
1897,2026-04-13,2026-05-11,0.3006791132609137,0.1707602399438262,1.7608262518243474,0.06543612608654095,4.595001740525682,0.08734798787074216,3.4423129895775,False,False,0.3953256027992769,0.2336643645981667
1898,2026-04-14,2026-05-12,0.27660899585564935,0.1700612693603342,1.6265255275118322,0.08398188998664075,3.2936743374035804,0.09138905610749412,3.02671903658021,False,False,0.3970173150994362,0.2499364237490339
1899,2026-04-15,2026-05-13,0.22995358693465015,0.1734667709774959,1.325634792409218,0.08833472975395065,2.6032070010874264,0.08826140054015638,2.605369793900199,False,False,0.3893068964841022,0.22058227734371139
1900,2026-04-16,2026-05-14,0.20861348187233011,0.17143828680124723,1.2168430154355254,0.10162437282610427,2.0527898580914394,0.0945926175839596,2.205388614890232,False,False,0.3939468071127142,0.223345816154271
1901,2026-04-17,2026-05-15,0.264264374396845,0.16325556174076677,1.6187159051675677,0.07871204275175094,3.3573563225935525,0.09804710975083367,2.6952795963942022,False,False,0.4135849764305684,0.24876104921052813
1902,2026-04-20,2026-05-18,0.26189288705077207,0.16232724236334692,1.6133637412786286,0.08444244864485902,3.10143643693019,0.09718527705704356,2.6947794458316174,False,False,0.41595227669828977,0.24623074455817928
1903,2026-04-21,2026-05-19,0.30272511865936663,0.17394094394723578,1.7403902254962866,0.08617485758715016,3.5129169590238702,0.10279654138591883,2.9448959525094898,False,False,0.3880651403716302,0.2536140865678032
1904,2026-04-22,2026-05-20,0.3190823691845,0.17520274122054186,1.8212179042498269,0.0940512438811518,3.392643797329354,0.10650947596611161,2.9958120278990314,False,False,0.3852678583853788,0.25973810566577593
1905,2026-04-23,2026-05-21,0.310997656224827,0.1744762983148155,1.7824636310410473,0.08514545238854732,3.6525457026834522,0.10843595767418221,2.868030705822532,False,False,0.3868862099806719,0.2605220605021155
1906,2026-04-24,2026-05-22,0.31198559583360863,0.1762295998653125,1.7703359485129102,0.08705651308323821,3.583713438365108,0.11202792580004514,2.784891299250342,False,False,0.3830439290409242,0.26092776226731723
1907,2026-04-27,2026-05-25,0.3185390858077936,0.17793186608144776,1.7902306811191613,0.08710726944984812,3.656859959216056,0.1122018261006079,2.83898307967082,False,False,0.3793677523451363,0.2609652898051159
1908,2026-04-28,2026-05-26,0.2938028678257654,0.178940578432157,1.6419018559122238,0.09046813154705147,3.2475841249463833,0.11564934951666829,2.5404627786810012,False,False,0.37727408148990765,0.25933572582120495
1909,2026-04-29,2026-05-27,0.28625588852606165,0.1759294756800823,1.6271059037690856,0.09329977309746275,3.068130596920458,0.11449282718862219,2.50020805281074,False,False,0.3837541189025834,0.2565550319595973
1910,2026-04-30,2026-05-28,0.2755003204190287,0.18339042573135644,1.502261196681017,0.09864992940890487,2.7927067162620802,0.13223285762926162,2.083448284778379,False,False,0.3681593113218303,0.2512973717177843
1911,2026-05-01,2026-05-29,0.25583962534457133,0.21563439077236934,1.1864509386846551,0.1256342102765958,2.03638503224015,0.1832781685667872,1.3959088927241352,False,False,0.3131068813058868,0.23975505616449339
1912,2026-05-04,2026-06-01,0.2837696983049459,0.2082415416196041,1.3626949555689973,0.11813600133241303,2.4020594493161322,0.15934888896442698,1.7808075107966057,False,False,0.324182577380311,0.238109957627959
1913,2026-05-05,2026-06-02,0.24547201550869313,0.2343419223967792,1.0474951003135873,0.1526347170162525,1.6082318643310705,0.21815791992556768,1.12520331873555,False,False,0.28810882118162257,0.22700678046957096
1914,2026-05-06,2026-06-03,0.25402139991073047,0.24358036812454179,1.0428648329361676,0.16801090886135664,1.5119339668613427,0.22730176619497386,1.117551368663089,False,False,0.2771588791964076,0.23109817421560333
1915,2026-05-07,2026-06-04,0.26175062999533677,0.23760711502864157,1.1016110774451553,0.16054615923481752,1.6303761562585617,0.21596697934085565,1.2119937538331813,False,False,0.28409439104978407,0.2048595358258062
1916,2026-05-08,2026-06-05,0.13383261644067468,0.0946081580687101,1.4145991125149844,0.03160817522597211,4.2341139747512475,0.12639809431933696,1.0588183086254042,False,False,0.7150327426756193,0.23526296212340056
1917,2026-05-11,2026-06-08,0.11717696916090345,0.08740894719080386,1.3405603536800341,0.030310179393096198,3.8659279326995026,0.04149264483402316,2.824041938749121,False,False,0.7743552296296606,0.23649050475654237
1918,2026-05-12,2026-06-09,0.1168955796654546,0.08782200682278868,1.3310511100176965,0.033345910576947746,3.5055446872776446,0.0404984542396059,2.8864207748239266,False,False,0.7707139866270831,0.23807848046816463
1919,2026-05-13,2026-06-10,0.09879187149536342,0.08409694581227092,1.1747379234900621,0.03749438247587396,2.6348446079604537,0.05810333025146806,1.700278986897955,False,False,0.8053331942161568,0.22763719233973373
1920,2026-05-14,2026-06-11,0.06481120982749428,0.07834713216332732,0.8272314255534559,0.0518738729796773,1.2493998636439863,0.08592448113438439,0.7542810730056161,False,False,0.8650150749605459,0.22779057290015184
1921,2026-05-15,2026-06-12,0.09301476513218959,0.07666479535574101,1.2132656808197455,0.043958904919598404,2.115948186205166,0.06948031643835056,1.3387210925373518,False,False,0.8841359106833104,0.2585164890479658
1922,2026-05-18,2026-06-15,0.0807252176142072,0.07633808722210998,1.0574697448120833,0.03722774019454647,2.168415734942534,0.08957459111490043,0.9012066548052468,False,False,0.8880847367168321,0.2366942270100023
1923,2026-05-19,2026-06-16,0.07748450778324212,0.07644500559649177,1.0135980392523911,0.03628322566334691,2.1355462852774,0.09096931533860367,0.8517653177319325,False,False,0.8868491287759737,0.23302694974026805
1924,2026-05-20,2026-06-17,0.07269028230943958,0.07419303018937952,0.9797454305868875,0.034860599404364534,2.0851701792694586,0.08947417155991379,0.812416377175,False,False,0.9140470293597437,0.22252587595676068
1925,2026-05-21,2026-06-18,0.014794209552798098,0.07233748068062634,0.20451651638402069,0.06390007229611554,0.2315210143149937,0.13170543013124836,0.1123280151627403,False,False,0.9378295263155597,0.2819000324243486
1926,2026-05-22,2026-06-19,0.01696652421194737,0.07246929896646885,0.23412016473069083,0.06526822011706951,0.25995077208348966,0.13237789764235672,0.12816734903726573,False,False,0.9361514308040086,0.2806157993030345
1927,2026-05-25,2026-06-22,0.017541362400540713,0.07235520503127378,0.2424340086239668,0.0638585219922081,0.27469101778899735,0.12757919598432296,0.13749390929455466,False,False,0.9376023102153762,0.2800149459563387
1928,2026-05-26,2026-06-23,0.03244834004758596,0.07028151121756965,0.46169098366618805,0.05207340957857009,0.6231268570694767,0.10123530402958154,0.3205239551422137,False,False,0.9654266310389303,0.2911225649560401
1929,2026-05-27,2026-06-24,0.027369468745803024,0.06990375124604564,0.391530758477733,0.051523683210813895,0.5312017123041908,0.09767460402858953,0.2802106956869969,False,False,0.9705384204247832,0.29237277977653414
1930,2026-05-28,2026-06-25,0.02509970339648548,0.0701966214407446,0.35756284107879766,0.05420021012525765,0.4630923632672202,0.1043617274446885,0.24050678357914565,False,False,0.9665929523972978,0.30376751287662507
1931,2026-05-29,2026-06-26,0.02504887071882322,0.07023639311136615,0.35663663250910355,0.054154753106727,0.4625424229976167,0.10475126257882719,0.23912714846728936,False,False,0.9660455057959464,0.30421394509919797
1932,2026-06-01,2026-06-29,0.022084397258103634,0.07002056724315701,0.31539871965635785,0.05300945479975189,0.4166124202093661,0.10323887388137787,0.21391551871709438,False,False,0.9689855761737677,0.30071657733537016
1933,2026-06-02,2026-06-30,0.021093445395779703,0.06952783479416992,0.30338130704378613,0.05147453722226652,0.4097840706114253,0.104808450566331,0.20125710552728876,False,False,0.9760106541889578,0.29926295978040335
