start,start_date,end_date,beta,se_cl,t_cl,se_hac5,t_hac5,se_hc3,t_hc3,quiet,covid,shock_sd,usd_sd
0,2019-01-03,2019-01-31,-0.09738027220163989,0.09940861512921159,-0.9795959039874436,0.047906410935905926,-2.032719009819482,0.10629982834424143,-0.9160905875245966,True,False,0.6545943823525467,0.245587993804021
1,2019-01-04,2019-02-01,-0.055021183373928514,0.11971267460559894,-0.45961034247375493,0.0817939238214723,-0.672680570918943,0.12756624362202257,-0.43131460025550095,True,False,0.5433977781764059,0.24908170150025682
2,2019-01-07,2019-02-04,-0.14155284090965373,0.14352780258919448,-0.986239866813864,0.07036805998700675,-2.0116064154076585,0.12008596812575112,-1.178762540860919,True,False,0.4529533075296379,0.23873763186783412
3,2019-01-08,2019-02-05,-0.2116374662353609,0.15502656973106624,-1.365168993950527,0.08552202493358169,-2.4746545278800784,0.09733851366836038,-2.174241810969352,True,False,0.4192068535080845,0.23047709230115543
4,2019-01-09,2019-02-06,-0.17649170869785039,0.16930362034495483,-1.042456790576893,0.09411417956483237,-1.875293494709484,0.10858424696386049,-1.6253896272503614,True,False,0.38387317933840204,0.23123690196794283
5,2019-01-10,2019-02-07,-0.09184371071967873,0.1568619494270991,-0.5855066257630738,0.08036656011242706,-1.1428100268469368,0.09356925651373628,-0.9815586245060712,True,False,0.4144390980741678,0.2053466166301145
6,2019-01-11,2019-02-08,-0.07131139211361129,0.16611005892084693,-0.42930206982583674,0.08168152310278598,-0.8730418998660789,0.09797344532711103,-0.7278644930319516,True,False,0.3913287213109913,0.2044599308028054
7,2019-01-14,2019-02-11,-0.03457673020922077,0.1749621333827581,-0.1976240775115525,0.10373599232765497,-0.33331469081636156,0.11811300697363653,-0.2927427816391,True,False,0.3714759248550682,0.22601243198270377
8,2019-01-15,2019-02-12,-0.025410099699243856,0.1787480058319651,-0.14215598983034822,0.11102510282107945,-0.22886805824618828,0.12254815849894536,-0.2073478705064551,True,False,0.3636221959604867,0.2354514249055653
9,2019-01-16,2019-02-13,-0.03068780875034914,0.1750216618742566,-0.17533720353082144,0.09433682352236276,-0.3253004246329592,0.1188569305440292,-0.2581911598245522,True,False,0.37137997780632237,0.23214282845286385
10,2019-01-17,2019-02-14,-0.03305114383453655,0.16250513672733352,-0.20338522523132843,0.08420683436737883,-0.39249954095579137,0.10347980518139,-0.31939704347723813,True,False,0.4000071346490417,0.22857379388883942
11,2019-01-18,2019-02-15,-0.009406894544489479,0.1648934225594963,-0.057048330967205886,0.07863446951124044,-0.11962813004219232,0.10739809840193427,-0.08758902331105015,True,False,0.3942427526351107,0.22556039133871933
12,2019-01-21,2019-02-18,0.023109017717189734,0.17442516110960138,0.13248672135477638,0.0799265064530153,0.28912833480060013,0.11971075077531988,0.19304045432445818,True,False,0.3726759912568804,0.22433971107393708
13,2019-01-22,2019-02-19,0.03947125308519156,0.17552350203285116,0.2248773106054144,0.08228331608748672,0.4796993480819883,0.12230266734910691,0.3227341965692606,True,False,0.3703483922417462,0.2396604538756939
14,2019-01-23,2019-02-20,0.06990577916424105,0.17858883642868767,0.3914342047474795,0.09282761932369554,0.7530709036119451,0.12468453254986205,0.5606611961775237,True,False,0.36397369721054074,0.23646013548056793
15,2019-01-24,2019-02-21,0.05676313685702127,0.19204634933112422,0.2955699863846456,0.10090424219712536,0.5625446028932011,0.15004912029415288,0.3782970319702249,True,False,0.3384417924305888,0.23430839505842965
16,2019-01-25,2019-02-22,0.072042580719816,0.16283947681475885,0.4424147149635552,0.0762926602293221,0.944292419523305,0.10187618000970065,0.70715824555805,True,False,0.39922813171639837,0.2382911825247796
17,2019-01-28,2019-02-25,0.020671924325375315,0.16596151563640824,0.12455854145525987,0.08403145029026926,0.24600223194968585,0.09416259286505997,0.21953435750223327,True,False,0.39172225741361766,0.20959094213709234
18,2019-01-29,2019-02-26,0.031150346542936736,0.16572294919095187,0.18796640232997663,0.07991744891225169,0.38978154291610845,0.09031842816433959,0.34489469287770247,True,False,0.39228376700251577,0.2101046807634135
19,2019-01-30,2019-02-27,0.03277077420770401,0.16585804223511527,0.19758326919866306,0.0799951989498563,0.4096592625295656,0.09055590827953239,0.3618844405662145,True,False,0.39196300287762814,0.21013862080287635
20,2019-01-31,2019-02-28,0.03151868368649428,0.16801770668375327,0.18759144085819154,0.07519178462519673,0.4191772258578949,0.09263337781569096,0.3402519095137152,True,False,0.38691381725224167,0.21227748895496204
21,2019-02-01,2019-03-01,0.063134811825404,0.16926661170418594,0.37299034457982644,0.05069891197144515,1.2452892847279058,0.07681810944691334,0.8218740643315955,True,False,0.383976923683144,0.19268361458896832
22,2019-02-04,2019-03-04,0.09527300824917806,0.1709554758778238,0.5572972012740118,0.045096916731091036,2.112627983355994,0.06916962571225943,1.377382156808348,True,False,0.3801746708791992,0.19133064919670612
23,2019-02-05,2019-03-05,0.09284273800033391,0.1731702113519211,0.53613573186474,0.04582051577618992,2.0262263841337753,0.07079964511816257,1.311344680405983,True,False,0.3753048644520495,0.19116787799254112
24,2019-02-06,2019-03-06,0.0929180951223282,0.16971323288546966,0.5475005899217866,0.04207096624824866,2.208603780907842,0.06805776251282442,1.3652828375722643,True,False,0.3829628490210912,0.19115674862880275
25,2019-02-07,2019-03-07,0.14079614011064018,0.1618752935014703,0.8697815278979638,0.060256789600173076,2.3366020832652485,0.08207441492400507,1.7154693120993572,True,False,0.4014561847324465,0.20997116600004503
26,2019-02-08,2019-03-08,0.13481373338227653,0.17469857743969536,0.7716933667007863,0.06559748016841858,2.0551663423068742,0.10065856498721445,1.339317060593904,True,False,0.37198910296852805,0.21091312694916958
27,2019-02-11,2019-03-11,0.13674208445603392,0.1718949811428733,0.7954978298195834,0.06670613607691799,2.0499176312409757,0.09893364003887549,1.3821596415769377,True,False,0.3780707366929745,0.2118227852629627
28,2019-02-12,2019-03-12,0.1129782429130202,0.17374224373769453,0.6502635195824216,0.0914871742318418,1.2349079951547843,0.10543533968347114,1.0715405598558672,True,False,0.3741132309461951,0.20033317838637202
29,2019-02-13,2019-03-13,0.11737491082296325,0.17369266942242537,0.6757620296427377,0.0902446748020245,1.300629772121802,0.10386426959469547,1.1300797789363917,True,False,0.37421407915476956,0.19558410381037775
30,2019-02-14,2019-03-14,0.16094457557564368,0.17902858766245047,0.898988131879232,0.08835193387649178,1.821630478407298,0.10059503859345689,1.5999255810824071,True,False,0.36301635568478463,0.19138977688202138
31,2019-02-15,2019-03-15,0.16780385563287453,0.18047731700008113,0.9297780930154181,0.090120800653326,1.8619880695287803,0.10910861654735048,1.5379523720755066,True,False,0.3600941340433559,0.1920141548403452
32,2019-02-18,2019-03-18,0.17518792620947515,0.17890856609124492,0.9792036794936235,0.08763023956974765,1.9991720560119843,0.10784004663544575,1.6245164173722915,True,False,0.36324727112609306,0.19273295052979086
33,2019-02-19,2019-03-19,0.17977596817900474,0.1805113671427928,0.9959260240757783,0.09316565187755521,1.9296378499586826,0.11436970672837767,1.5718844904093674,True,False,0.3600126226292245,0.19561492472390993
34,2019-02-20,2019-03-20,0.09222911020070756,0.1526125684944507,0.6043349581922618,0.09157861116494691,1.0071031764675815,0.12719205906276543,0.72511688921708,True,False,0.42601500033776757,0.180218194515874
35,2019-02-21,2019-03-21,0.035665664512153715,0.12391482993564565,0.28782402018125225,0.0760422458945877,0.46902434419933686,0.08762039677942672,0.40704751203007583,True,False,0.5249790499403824,0.18032342939665516
36,2019-02-22,2019-03-22,0.08704668828236084,0.11209401657350915,0.7765507111191546,0.0556543566767093,1.564058835285915,0.0969860491941298,0.8975176224379027,True,False,0.5804483794061657,0.20694715446414283
37,2019-02-25,2019-03-25,0.07056294818519793,0.12010778994990423,0.5874968494102591,0.05911542847322862,1.1936469041606204,0.10410993305555546,0.6777734469154245,True,False,0.5416338306174404,0.2084147231405473
38,2019-02-26,2019-03-26,0.044722671109007475,0.11711544574036717,0.38186825679810854,0.061044993133102944,0.7326181692164965,0.10271381312955484,0.4354104842023335,True,False,0.555528248729823,0.21056668019502528
39,2019-02-27,2019-03-27,0.08446925947926565,0.10933781344982667,0.7725530337043662,0.05779968926549398,1.4614137299470433,0.09158046606982287,0.9223501812587906,True,False,0.5950909115113362,0.22665349321595107
40,2019-02-28,2019-03-28,0.07258173226295796,0.10415043942212514,0.6968931928244856,0.05203193697849543,1.3949458059375277,0.08018492330933985,0.9051792939047897,True,False,0.6248665467181035,0.2265439874884755
41,2019-03-01,2019-03-29,0.07075582817759804,0.09555092717523798,0.7405038367428255,0.041015617968752506,1.7250947732032937,0.06875295644485073,1.0291314270151262,True,False,0.6813871477012142,0.22796307621728862
42,2019-03-04,2019-04-01,0.07763594234435889,0.0885984855621812,0.8762671489443411,0.03596458384808981,2.1586776221931,0.060605484136893956,1.2810052332722401,True,False,0.7351529059666915,0.22457201096423324
43,2019-03-05,2019-04-02,0.0737582724404084,0.0885818447082567,0.8326567671211911,0.035899208408155685,2.0545932824427346,0.06100287487840662,1.2090950235939921,True,False,0.7353025966236644,0.2251986727544658
44,2019-03-06,2019-04-03,0.08573870671062213,0.08810648161212406,0.9731259850787628,0.03668302400947406,2.337285679841404,0.0632072424015053,1.3564696615934038,True,False,0.7392548100866301,0.23769406034730484
45,2019-03-07,2019-04-04,0.07323119614920996,0.08781178375848477,0.833956366842782,0.034990958111138365,2.092860558908186,0.06395489689249965,1.145044393900011,True,False,0.7417997405173596,0.24040009504694687
46,2019-03-08,2019-04-05,0.04641878613280551,0.08645295993924568,0.5369253541512754,0.03149331538904151,1.473925039627854,0.06456768720404985,0.7189166616129625,True,False,0.7536004676116613,0.21704228616053248
47,2019-03-11,2019-04-08,0.051649854031709505,0.086439214007526,0.5975280389200729,0.030814408795840152,1.6761591752064402,0.0653712364345886,0.7901006137981051,True,False,0.7537006035036834,0.22174541603590195
48,2019-03-12,2019-04-09,0.05362667017786086,0.08675764254718517,0.6181204168692659,0.03129158260866312,1.7137730247946692,0.06603064632954238,0.812148194191885,True,False,0.7509029178435449,0.22297246506525076
49,2019-03-13,2019-04-10,0.049727068962381715,0.08641426516874855,0.5754497693786483,0.02944359354171397,1.6888926581577517,0.06464803653114826,0.7691968949191917,True,False,0.7539342021968414,0.21422130544668994
50,2019-03-14,2019-04-11,0.007981020570337493,0.08012108534252312,0.0996119877335421,0.048100553462116585,0.1659236743839808,0.07170795525058736,0.11129895619596711,True,False,0.8136316380091348,0.21535528523200834
51,2019-03-15,2019-04-12,-0.000791458241508736,0.07961916688200817,-0.009940549147941218,0.05672291490960301,-0.013953060112831836,0.07342895387981599,-0.01077855804406728,True,False,0.8188055385148656,0.22108250973440569
52,2019-03-18,2019-04-15,-0.007428131778519058,0.08148552481835644,-0.09115891190585675,0.057659007883504754,-0.12882864362714985,0.07483296195275067,-0.09926283264330978,True,False,0.7999160000822098,0.21983287963499393
53,2019-03-19,2019-04-16,-0.011346262983654166,0.08183744319628483,-0.13864390846669622,0.05690021074468714,-0.1994063437579374,0.07348753804542407,-0.15439710303862433,True,False,0.796433406086304,0.2206549180473196
54,2019-03-20,2019-04-17,-0.017441462331744564,0.08170749657504772,-0.21346220436119606,0.05874782107228372,-0.2968869655656585,0.07301370900092766,-0.23887928130760985,True,False,0.7977037132120964,0.21916008038712934
55,2019-03-21,2019-04-18,-0.004233966647432309,0.08443458243486558,-0.050144934993886774,0.05866885800114429,-0.07216719042579163,0.07541444126941195,-0.05614265087911754,True,False,0.7717375078359391,0.22085913836408952
56,2019-03-22,2019-04-19,0.01425082899444394,0.0919683110001316,0.1549536882809944,0.07158782537973787,0.199067773309922,0.08712939995695311,0.16355936115116898,True,False,0.7081401431346299,0.22096164331859916
57,2019-03-25,2019-04-22,-0.02810008824650909,0.0993022367461112,-0.28297538068909134,0.08036682861151746,-0.34964784267326476,0.10086147947111555,-0.2786007938199669,True,False,0.6556167729520553,0.19824521742437431
58,2019-03-26,2019-04-23,0.0024570023108063505,0.09850102530086345,0.024943926251545453,0.0740348519917661,0.033187103704612114,0.08775496047527154,0.02799844359224239,True,False,0.6609000968402114,0.203180897999514
59,2019-03-27,2019-04-24,0.020820729014012655,0.0943350179347583,0.22071050040412546,0.07019999361482732,0.2965916083732378,0.0792497766488724,0.2627228731036292,True,False,0.690246915113556,0.20452274313333932
60,2019-03-28,2019-04-25,0.0030119037173353008,0.09313642081259806,0.032338624257374264,0.06679050884921592,0.045094786208844086,0.06699244759654871,0.04495885469768188,True,False,0.6992087929590101,0.19487728039994948
61,2019-03-29,2019-04-26,0.024025631109966587,0.09601588684548057,0.2502255814043701,0.08159784700616018,0.29443952250545025,0.07288113889775936,0.32965498993739273,True,False,0.6781490809901272,0.2029805402847638
62,2019-04-01,2019-04-29,0.024210011308736536,0.10104295889452503,0.23960117135928752,0.08876751757191197,0.2727350270792875,0.08423201598978675,0.28742053747914614,True,False,0.6442503392851724,0.20136557791100237
63,2019-04-02,2019-04-30,-0.0028834369196506795,0.1062748087480366,-0.027131894694695936,0.09727847078657334,-0.029641059284092486,0.1023847776487497,-0.02816275022389416,True,False,0.6124288746934815,0.20108361078589682
64,2019-04-03,2019-05-01,-0.0067355465968278105,0.1062017277659238,-0.06342219414427452,0.10475312823275865,-0.06429924060942224,0.10922538293761201,-0.06166649560455246,True,False,0.612880538654773,0.20844975300831295
65,2019-04-04,2019-05-02,-0.041637409949160264,0.10573896748751885,-0.39377545420116794,0.0997325030540444,-0.41749087483142006,0.09996699433629239,-0.41651157190032734,True,False,0.6154660651090583,0.2191811448108775
66,2019-04-05,2019-05-03,-0.033815893810729546,0.10628219359312557,-0.31817083057379414,0.10572093033479922,-0.3198599719434995,0.10744727224634718,-0.31472082169940024,True,False,0.6123809514005658,0.22388306871287028
67,2019-04-08,2019-05-06,-0.03296507477209666,0.09548646877312425,-0.34523294447532293,0.0823855390281483,-0.4001318090646179,0.08641575767393045,-0.3814706444683691,True,False,0.6819545341194441,0.22470049912507062
68,2019-04-09,2019-05-07,-0.03464787492455158,0.09501939333812093,-0.36464003512692567,0.07721425546260689,-0.44872381035041853,0.08317448913119802,-0.4165685330498227,True,False,0.6852816923797574,0.21956898028749836
69,2019-04-10,2019-05-08,-0.0518524968620832,0.09313029638817791,-0.5567736695044538,0.07699914093077267,-0.673416563292596,0.08117658188178176,-0.6387617667567784,True,False,0.6992297795512045,0.2176825123125543
70,2019-04-11,2019-05-09,-0.0366719049282986,0.0847132079534994,-0.43289477301377216,0.0631887812017361,-0.5803546805440053,0.07264057779488119,-0.5048404905568191,True,False,0.7691281050492088,0.2214919543959143
71,2019-04-12,2019-05-10,0.019921596566664673,0.07804261726594988,0.25526561338629655,0.03878499477572642,0.5136418525221151,0.042515949257443134,0.46856760614787546,True,False,0.8354342596673354,0.23059251731909014
72,2019-04-15,2019-05-13,0.030835579657855463,0.07697216709037122,0.40060687938865136,0.0381706027366653,0.807835806801026,0.04253175143674464,0.725001407565256,True,False,0.8470318385452461,0.22970212463859882
73,2019-04-16,2019-05-14,0.03270143544196448,0.07661672889580208,0.42681847572007514,0.03704175100095641,0.8828263934153688,0.04128931759145102,0.7920071667334927,True,False,0.8510070982761878,0.22944756528805146
74,2019-04-17,2019-05-15,0.03566003960599091,0.07698926840406237,0.4631819517862738,0.0357895880495034,0.9963802756451596,0.040993456715187684,0.8698958922578296,True,False,0.8469018963605571,0.2300832165051424
75,2019-04-18,2019-05-16,0.02515040533247723,0.07546430248727871,0.3332755290054781,0.036413888532832187,0.6906816697096395,0.04254717638580224,0.5911180827705826,True,False,0.8641036597729451,0.2268952721708299
76,2019-04-19,2019-05-17,0.02817084630779807,0.07556139298082112,0.37282063228967144,0.03630494712833909,0.7759506220519554,0.04299967466211368,0.6551409174409162,True,False,0.8629359630732498,0.23478993209090734
77,2019-04-22,2019-05-20,0.0313651869020059,0.07516211174468962,0.41730050119596224,0.03542127862634866,0.8854899686956648,0.04165282202633605,0.7530146908695518,True,False,0.8675731576443837,0.23781766424031184
78,2019-04-23,2019-05-21,0.030193543075106744,0.07343337100821737,0.4111692362826162,0.03472125109510808,0.8695983618908464,0.039352750399372624,0.7672536930376307,True,False,0.8881751859026381,0.23863259416274907
79,2019-04-24,2019-05-22,0.02788536365354786,0.07318634114681812,0.38101868759373303,0.033210693623249646,0.8396501431101184,0.038078356325697726,0.7323153188397742,True,False,0.8912758671359858,0.23089937653256787
80,2019-04-25,2019-05-23,0.02142856230110092,0.07399367351654247,0.2895999250031859,0.03195628772844775,0.6705585605935397,0.03902840048921554,0.5490504871451786,True,False,0.8815131679079111,0.22727630894351056
81,2019-04-26,2019-05-24,0.010494243335139826,0.07841188560849303,0.13383485492922723,0.03295662703009329,0.3184258912648234,0.0419511461703024,0.2501539121848546,True,False,0.8314980006532902,0.2212122429424878
82,2019-04-29,2019-05-27,-0.003351565785329622,0.08243018977624074,-0.04065944521573406,0.04049563139220333,-0.08276363820258653,0.04894637987602943,-0.06847423228885184,True,False,0.7906745356650651,0.21264964526959018
83,2019-04-30,2019-05-28,-0.01057813449182206,0.08186527572660232,-0.12921393592014335,0.043390776687016,-0.2437876272214182,0.051944600146237495,-0.20364262044643472,True,False,0.7961438188192077,0.2162077495547338
84,2019-05-01,2019-05-29,-0.0001908121970979239,0.08160499796282521,-0.0023382415521270837,0.036965321817033894,-0.0051619244123554805,0.049460598090223976,-0.0038578627122513192,True,False,0.7986413372308907,0.21410214163481042
85,2019-05-02,2019-05-30,0.004761272963587,0.07988051971238676,0.059604932225405735,0.03610605193683417,0.13186911080493158,0.0466333855675903,0.10210009214720264,True,False,0.8159510431133102,0.2047110001692535
86,2019-05-03,2019-05-31,0.031143532553682587,0.07990329928195991,0.389765289212707,0.022394129633380146,1.3907007355740584,0.034782506416154754,0.8953791938127252,True,False,0.815758332456159,0.18753569298374856
87,2019-05-06,2019-06-03,0.020034217971006036,0.07977365823789627,0.2511382631000973,0.023107501527327615,0.8670006122173346,0.03648286979204659,0.549140407133585,True,False,0.8171140491910636,0.18429652851451842
88,2019-05-07,2019-06-04,0.01462930138649915,0.08560060340392858,0.17090184887444085,0.03176103455761668,0.460605316869027,0.04489626144605154,0.32584676129610657,True,False,0.7611856454811989,0.2016325456532828
89,2019-05-08,2019-06-05,0.007115509511625584,0.08582018214255312,0.08291184350793199,0.03469167477209252,0.20510712032125952,0.047310987763572745,0.15039866737054672,True,False,0.7592498637531918,0.19846261688587005
90,2019-05-09,2019-06-06,0.01973123029562697,0.08733715913581859,0.22592022102462486,0.03862795727220005,0.5108018049359093,0.04476877462356475,0.4407364387686663,True,False,0.7459634551482567,0.1977162432306538
91,2019-05-10,2019-06-07,0.01092881860761891,0.1017091867164186,0.10745163697051473,0.048486054303202596,0.2254012780515539,0.06625231849075798,0.16495752686969664,True,False,0.6400685365516707,0.1940423513968069
92,2019-05-13,2019-06-10,0.005405551308279875,0.13832480112588666,0.03907868483657092,0.06316311064794049,0.08558082799958064,0.10976848700419767,0.04924501973023607,True,False,0.47016231341216025,0.19027771982664268
93,2019-05-14,2019-06-11,-0.04676034716831495,0.14947234421932298,-0.31283611301166725,0.060933435315709626,-0.7674004744035723,0.1161282555630467,-0.4026612381422408,True,False,0.43500630455803246,0.175518518737271
94,2019-05-15,2019-06-12,-0.041978470490527726,0.15104777177167078,-0.2779151919829965,0.06046081233658821,-0.6943087409549112,0.11661210348507607,-0.35998382016923397,True,False,0.43046229958161164,0.17597002272186657
95,2019-05-16,2019-06-13,-0.03637306810334167,0.15422514104582788,-0.23584396069726038,0.06649624710256834,-0.5469942995014045,0.12560134912460277,-0.2895913806408065,True,False,0.42158542900271134,0.1799858118459626
96,2019-05-17,2019-06-14,-0.022011373803989088,0.1591811347448797,-0.13827878435008528,0.07537260673445083,-0.2920341322615856,0.12891081057997147,-0.17074885888126543,True,False,0.408439635407253,0.18484157422769573
97,2019-05-20,2019-06-17,-0.05545773074045311,0.16158018423940962,-0.34322111341501305,0.06633508941027705,-0.8360240595659958,0.12999918503437566,-0.4266006031175383,True,False,0.4023507245310864,0.16617018635023362
98,2019-05-21,2019-06-18,-0.06850225771667169,0.1600515240185976,-0.42800128356610895,0.06437039025345466,-1.0641889453667757,0.12338702598588319,-0.5551820150402935,True,False,0.40619311867241564,0.16521810965826697
99,2019-05-22,2019-06-19,-0.06920488976016609,0.17103317963842318,-0.4046284464012793,0.0702286609738376,-0.9854223161957637,0.13599228673976588,-0.5088883452088441,True,False,0.38006713085155835,0.16574715912600047
100,2019-05-23,2019-06-20,-0.13191651208037336,0.1715219563044758,-0.7690940269256423,0.11050282410526742,-1.1937840788096672,0.15177956306795842,-0.8691322429312074,True,False,0.3788600437325838,0.24616380828705736
101,2019-05-24,2019-06-21,-0.15278027169784436,0.174545794642049,-0.8753019344359431,0.13196348832132856,-1.157746537631889,0.1701620784352301,-0.8978514666885555,True,False,0.37228484548469337,0.24663343063871618
102,2019-05-27,2019-06-24,-0.16635044767093832,0.16385392235535012,-1.0152362865636746,0.11929298893308733,-1.3944696093099487,0.14295218390130246,-1.1636789528573455,True,False,0.3965781192510304,0.24706165169918354
103,2019-05-28,2019-06-25,-0.1558770485739932,0.16126708849110738,-0.9665769378765005,0.10756141757935996,-1.4491910954872407,0.13213793406379976,-1.1796540461933631,True,False,0.4029494494382974,0.24688629366391768
104,2019-05-29,2019-06-26,-0.12335301348607892,0.16339957821079965,-0.7549163519072419,0.11878008439256371,-1.0384991231223735,0.12670250692031024,-0.9735641108006018,True,False,0.39767081934455656,0.23940018058730672
105,2019-05-30,2019-06-27,-0.17385899559982068,0.1692731739017597,-1.0270912489696828,0.11012062725295309,-1.5788049881014308,0.13646406186705362,-1.2740277053250697,True,False,0.3837912560991498,0.23415706265247455
106,2019-05-31,2019-06-28,-0.20588991571182555,0.1854625861337327,-1.110142589963472,0.11581472973975801,-1.7777524169375638,0.1563725577356358,-1.3166627104731767,True,False,0.35022820043617114,0.2338191617687895
107,2019-06-03,2019-07-01,-0.30698990670247867,0.158410239093955,-1.9379423227838153,0.07071517797962641,-4.3412166309038325,0.0864079900344216,-3.552795367421297,True,False,0.40987421750196446,0.22410694157234437
108,2019-06-04,2019-07-02,-0.3005720269357704,0.14884125520901134,-2.0194134113804005,0.06427828976133024,-4.676104918967434,0.08502527993829413,-3.5350901185377595,True,False,0.43631992270172915,0.2249195407994104
109,2019-06-05,2019-07-03,-0.26518489059007194,0.15753992459305333,-1.6832868955287363,0.08190077258997917,-3.2378802080130584,0.09362139073226765,-2.832524581358019,True,False,0.4123600184088483,0.21688024645435275
110,2019-06-06,2019-07-04,-0.27960364780264924,0.16372253653958269,-1.7077896159704948,0.08389849855549361,-3.3326418543439,0.10677797758009344,-2.6185516352650566,True,False,0.39676308670142124,0.2171849094398334
111,2019-06-07,2019-07-05,-0.3070146808356327,0.16175019064005805,-1.8980792518435485,0.08834259393902177,-3.4752735588401302,0.11172181187747116,-2.7480281216021223,True,False,0.40156060688628026,0.22754606388402138
112,2019-06-10,2019-07-08,-0.31716599328825734,0.16177135886381186,-1.9605818700902757,0.08846810747835498,-3.5850884836194403,0.11107735640481416,-2.855361376556052,True,False,0.4014875142302881,0.22437293057881322
113,2019-06-11,2019-07-09,-0.3298920260657795,0.16228375030440778,-2.0328099729453895,0.08947148758990485,-3.687119047107489,0.10964490349925855,-3.0087310539519088,True,False,0.4001931363590143,0.22155883302555524
114,2019-06-12,2019-07-10,-0.34072237373117853,0.16368593269416984,-2.0815617330279865,0.09570251934567829,-3.560223660366625,0.1147008268154542,-2.9705311041861764,True,False,0.3967393100030255,0.2206372717947911
115,2019-06-13,2019-07-11,-0.335482968389545,0.16353687076288245,-2.051420984298843,0.08814853729154541,-3.8058824195795493,0.10988049976106196,-3.0531620180019345,True,False,0.39710900858830467,0.2246157919754854
116,2019-06-14,2019-07-12,-0.329690425416343,0.1626159234283243,-2.027417847315916,0.08137496567889109,-4.051496951990306,0.1059824185517464,-3.110802998474414,True,False,0.39936200795897087,0.22047050432402948
117,2019-06-17,2019-07-15,-0.30946837242535097,0.15872798619872835,-1.9496774314133538,0.06598158009571213,-4.690223725719203,0.09022071806135747,-3.430125353412585,True,False,0.40916267866140504,0.21129571773797517
118,2019-06-18,2019-07-16,-0.2587940144152704,0.15465560131296144,-1.6733568795324407,0.08612549325715933,-3.004847979709628,0.09405360822132168,-2.7515585984355946,True,False,0.42008355579276874,0.22283315490545438
119,2019-06-19,2019-07-17,-0.26135335629578105,0.15366443464238713,-1.7008057648733819,0.0846556631386985,-3.0872518932086543,0.09227442549095342,-2.8323487781715215,True,False,0.4227845737706947,0.22326859053468273
120,2019-06-20,2019-07-18,-0.24553668638852139,0.14928570637971414,-1.6447434409024333,0.0838999834701352,-2.9265403428347745,0.08520621562877316,-2.8816757624617053,True,False,0.43523514939596936,0.22322049255447343
121,2019-06-21,2019-07-19,-0.18501138000842574,0.15011562556739638,-1.232459174780326,0.04910346250598254,-3.7677868436647373,0.05828442787278424,-3.174284912125153,True,False,0.432984833867308,0.12196809990818581
122,2019-06-24,2019-07-22,-0.18749764376324804,0.1517319897358045,-1.2357159758447682,0.04748868484552427,-3.9482593458454005,0.05819028188944521,-3.2221470265339467,True,False,0.4283606670426061,0.12432302098892217
123,2019-06-25,2019-07-23,-0.1486797303064274,0.16054959428077206,-0.9260673063203982,0.048351392825583095,-3.0749834000182057,0.06453899345015213,-2.3037193851072826,True,False,0.40483611796091373,0.12979040413947746
124,2019-06-26,2019-07-24,-0.15289624987107964,0.16100884796929715,-0.9496139609683779,0.04779644443920875,-3.1989042629634308,0.0648260979883358,-2.3585601264877973,True,False,0.40367713336681127,0.13049852475975868
125,2019-06-27,2019-07-25,-0.15769574296908165,0.16146903422692485,-0.9766314867992565,0.0443545004203555,-3.5553493213669642,0.06179113761196009,-2.552077030194676,True,False,0.4025122076189194,0.12887804081012977
126,2019-06-28,2019-07-26,-0.17274555712518003,0.15920267139039368,-1.0850669502999528,0.04063830700034387,-4.250805948282204,0.06005318501262056,-2.8765428026652784,True,False,0.4082137427097841,0.13442208751102247
127,2019-07-01,2019-07-29,-0.16843640621575387,0.1507265958249085,-1.1174962540215396,0.03549028418729961,-4.745986403682553,0.0529105682834735,-3.183417069220264,True,False,0.431201892629747,0.13209651061762848
128,2019-07-02,2019-07-30,-0.16525008294732801,0.18372082885367597,-0.8994629731337707,0.05673968129771051,-2.912425293336922,0.07950766050859828,-2.0784171222024224,True,False,0.3537065061244553,0.13076822676851838
129,2019-07-03,2019-07-31,-0.17432578239369048,0.22839050913203493,-0.7632794508676845,0.0987675683768441,-1.7650103698873778,0.13469235906015556,-1.2942514602170867,True,False,0.28449018874304,0.1339672822117456
130,2019-07-04,2019-08-01,0.03642299578893868,0.16436418953067547,0.22159933920485164,0.11617791576038806,0.3135104942324799,0.22855120961769892,0.15936470364722188,True,False,0.39549830175443207,0.16587966906093568
131,2019-07-05,2019-08-02,-0.025028790613378687,0.1082422728254241,-0.23122935208267253,0.04771024938636248,-0.5245998697406291,0.09909930711688537,-0.252562720583483,True,False,0.6012362116515808,0.1660557408978053
132,2019-07-08,2019-08-05,-0.00031422900506194903,0.07277240664432066,-0.00431796912527246,0.02539568862398102,-0.012373320909487928,0.035888576042611954,-0.00875568327617268,True,False,0.8964786873374292,0.17194397375724776
133,2019-07-09,2019-08-06,-0.03262616851297271,0.06224710720363427,-0.5241395139253611,0.023710177542269978,-1.376040666705574,0.04323700189608392,-0.7545890575712592,True,False,1.0496166302765217,0.16913670606728215
134,2019-07-10,2019-08-07,-0.03591304915521543,0.06012987147041435,-0.5972580395899516,0.02432712649187682,-1.4762552892223961,0.04087918056234628,-0.8785168553083684,True,False,1.087053033833851,0.16921860266466668
135,2019-07-11,2019-08-08,-0.0229934152432939,0.05824140928960094,-0.3947949667385434,0.021650880445751405,-1.0620083234446913,0.042047047912186934,-0.5468496930227883,True,False,1.1228700259027473,0.18490640383855664
136,2019-07-12,2019-08-09,-0.02825684172007165,0.05861291265651892,-0.4820924338918504,0.020130504833787654,-1.4036827170198187,0.04132118276408381,-0.683834291031775,True,False,1.1156103412428497,0.1750739067604838
137,2019-07-15,2019-08-12,-0.02560367083150045,0.05806229418509126,-0.44096898324204936,0.021179354587387626,-1.2088975953378447,0.04076515150485332,-0.6280774113755517,True,False,1.1263204101988242,0.17793086747601558
138,2019-07-16,2019-08-13,-0.025156301225493626,0.0567874030573175,-0.44299087246695357,0.020811520750159053,-1.2087680437913875,0.03770604557378971,-0.6671689073377749,True,False,1.151928041300679,0.17600303738268097
139,2019-07-17,2019-08-14,-0.02856344111598424,0.05661802327590185,-0.5044937894916159,0.01930768006385106,-1.4793823505218706,0.036975042149007986,-0.7725059785158508,True,False,1.1553878108510733,0.17753336785798643
140,2019-07-18,2019-08-15,-0.029671569794371754,0.05626148005099118,-0.5273869398295188,0.019148060370622555,-1.5495861836687457,0.03597485354082736,-0.8247863958833884,True,False,1.1627588254478942,0.17169803049262175
141,2019-07-19,2019-08-16,-0.023729431512511303,0.05373100410361128,-0.44163387430380147,0.01937789403144418,-1.2245619402194046,0.033169401723162614,-0.7154012517488593,True,False,1.2183987114286294,0.17704103575013436
142,2019-07-22,2019-08-19,-0.03136008979317832,0.05305135709183672,-0.59112700432698,0.018554374318028494,-1.6901723149299117,0.03182144370347329,-0.9855017919804622,True,False,1.2340540890443745,0.17954116717120217
143,2019-07-23,2019-08-20,-0.029658484472541317,0.05315462437469575,-0.557966213127079,0.018435040127648118,-1.6088104103478862,0.03235114092048318,-0.9167678056684238,True,False,1.2317033627586755,0.18130704805829198
144,2019-07-24,2019-08-21,-0.023266296168892992,0.05260187974516051,-0.4423092155947819,0.018599875818940775,-1.2508844895190252,0.03317038302859989,-0.7014177722588407,True,False,1.2450586269748416,0.1861070941027394
145,2019-07-25,2019-08-22,-0.022707456579182307,0.05258901813086573,-0.43179084505201604,0.01891915848593436,-1.2002360779452423,0.032787328987579634,-0.6925680523651151,True,False,1.2452934824717115,0.1845064114963793
146,2019-07-26,2019-08-23,-0.02120849142947468,0.05233967975075503,-0.40520865871688366,0.019255208014027407,-1.1014418236367174,0.03264590806022696,-0.6496523665492194,True,False,1.2513599638717325,0.1866363977770607
147,2019-07-29,2019-08-26,-0.01200885501454362,0.05128995376700784,-0.2341365926960202,0.022342988244605243,-0.5374775693865919,0.0337460030309217,-0.35586007040714784,True,False,1.2775183709406348,0.19119589369785042
148,2019-07-30,2019-08-27,-0.014522538229501421,0.05031020232989587,-0.28865990508791256,0.020881739106380165,-0.695465935835978,0.031531819448530285,-0.4605677212254342,True,False,1.3027737129950665,0.19090578827041282
149,2019-07-31,2019-08-28,-0.014877251837056465,0.050303983798696564,-0.2957469908663964,0.02096463835396763,-0.7096355103230719,0.03137564229176048,-0.47416565049772263,True,False,1.3028976093044657,0.19044300159135127
150,2019-08-01,2019-08-29,-0.016030772157064898,0.0503311466569881,-0.31850599920395706,0.02157580034918934,-0.7429977983489829,0.031127861521353304,-0.5149975415454736,True,False,1.3020445778249052,0.18515876261793787
151,2019-08-02,2019-08-30,-0.025880236909806245,0.05101695772501269,-0.5072869505332662,0.02193080241365492,-1.1800861829703169,0.02872479915911944,-0.900971901193951,True,False,1.2842971194995487,0.1640275362195253
152,2019-08-05,2019-09-02,-0.017336223920821757,0.054514796317764395,-0.31800951469706784,0.021719024139606188,-0.7982045514286215,0.02992520914778641,-0.5793183878918398,True,False,1.2005296445074083,0.16488994390460074
153,2019-08-06,2019-09-03,-0.016224185122163177,0.06884861450040018,-0.2356501323940059,0.029783710303817098,-0.5447335122677404,0.04535561729292626,-0.35771060103493574,True,False,0.9477757106826428,0.1541486001216901
154,2019-08-07,2019-09-04,0.05738289799481622,0.06698209898017585,0.8566900540366669,0.034916478085139604,1.6434331622706897,0.05060481853770578,1.1339413844960253,True,False,0.9744789655780731,0.20361960182812638
155,2019-08-08,2019-09-05,0.08149413794912441,0.07113701210089178,1.1455940521306038,0.033877160565869896,2.4055775805256543,0.04176082911950459,1.9514492328664563,True,False,0.9168885108167921,0.20804865856778346
156,2019-08-09,2019-09-06,0.08189605932355863,0.06994731208999652,1.1708249663430734,0.03769806920214557,2.172420525953556,0.040102798280008845,2.0421532370818034,True,False,0.9326139957981014,0.2094529340169295
157,2019-08-12,2019-09-09,0.08579926598722154,0.07026902854101544,1.221011130631203,0.03703102880880575,2.3169560432741476,0.03945409036035737,2.1746608578113564,True,False,0.9282690151136016,0.20997217878119948
158,2019-08-13,2019-09-10,0.09034768886910008,0.07617602089936207,1.1860384383749911,0.03867773420689337,2.3359095542105925,0.04498778014161782,2.0082717703494817,True,False,0.8557199633545487,0.20246173967931527
159,2019-08-14,2019-09-11,0.0940820583711023,0.07622607256734155,1.2342503713278152,0.04024870149127854,2.337517854867662,0.045986572709965194,2.045859319946992,True,False,0.8550987207139741,0.20587004923279542
160,2019-08-15,2019-09-12,0.08383154911791188,0.07624096710279979,1.099560410938614,0.03688406904809936,2.2728389595136527,0.041088383876434285,2.0402737029039586,True,False,0.8550987207139741,0.21502225759654867
161,2019-08-16,2019-09-13,0.09077303617970475,0.08028590594150661,1.1306223068073578,0.03448567376761959,2.6321955253470017,0.04156062671784905,2.1841113416299964,True,False,0.8116892179877273,0.21336055537577153
162,2019-08-19,2019-09-16,0.10224460221080231,0.08309944374882318,1.2303885272667696,0.033399444877899656,3.0612665145957965,0.0436973512764774,2.3398352354102827,True,False,0.7839621056536338,0.2180250291036591
163,2019-08-20,2019-09-17,0.11002454162316457,0.08304052891506113,1.324949913742774,0.025744778439761973,4.273664342484115,0.03367644305889763,3.26710696348601,True,False,0.7844833633319438,0.20934162272790632
164,2019-08-21,2019-09-18,0.10833565390777687,0.08264543486347811,1.3108486159790482,0.025721342180787213,4.211897386470724,0.03356503052384173,3.2276346011610055,True,False,0.7882661349167461,0.20935566516648965
165,2019-08-22,2019-09-19,0.1068541875848045,0.08306868142865174,1.2863354244593648,0.028412639348999735,3.7607976602344864,0.036817013820687854,2.9023045732395074,True,False,0.7842348067319519,0.20766762054903387
166,2019-08-23,2019-09-20,0.10244791853255782,0.08394142820316557,1.2204690904781905,0.031155556376435155,3.288271192937046,0.04023620095124151,2.546162811362456,True,False,0.7760607127589199,0.20555257066647747
167,2019-08-26,2019-09-23,0.10167648226379294,0.08288714525261477,1.2266857780409013,0.031225131977870607,3.256238671332167,0.04002687674645993,2.54020524528648,True,False,0.7859917221783005,0.2066159179445767
168,2019-08-27,2019-09-24,0.11077413284503966,0.09659686298728386,1.1467673940883787,0.03148046338155225,3.518821546634349,0.05006134496543895,2.212767813599799,True,False,0.6738805613864575,0.19426058573442606
169,2019-08-28,2019-09-25,0.14283192804159417,0.09681132016991782,1.475363911894844,0.02159471820140132,6.614206618001875,0.027420196449021758,5.209004549151938,True,False,0.6722266884684975,0.21096761715692525
170,2019-08-29,2019-09-26,0.14181191417687325,0.09729636433433246,1.4575253160495825,0.022285079439117866,6.363536399513357,0.0286395968677421,4.95160301423801,True,False,0.6688690667037505,0.2100104877972194
171,2019-08-30,2019-09-27,0.13673502505916232,0.09822954272789415,1.3919949259860884,0.023742667234718663,5.759042305879437,0.03336273198664545,4.098436096716992,True,False,0.6625189624347825,0.20665125264364242
172,2019-09-02,2019-09-30,0.1406011940277249,0.09770107469363659,1.4390956749310193,0.0245831404325855,5.7194154836847,0.031543287897456036,4.4574045193007406,True,False,0.6660943127467209,0.21051239553991344
173,2019-09-03,2019-10-01,0.13936397259231836,0.09733158452834327,1.4318473624739472,0.02353551298242932,5.9214333971119295,0.03167210695023505,4.400211606108008,True,False,0.6686386689108111,0.21054999849503475
174,2019-09-04,2019-10-02,0.13419799987844835,0.09866091327920999,1.3601941784044564,0.026245849516753243,5.113113210253954,0.036080811288025615,3.7193731262629774,True,False,0.6596237547800987,0.20821189062208964
175,2019-09-05,2019-10-03,0.09958849563683317,0.14623672540516172,0.6810087914709145,0.04330526577562894,2.2996855891109425,0.0617191530545482,1.6135752146309517,True,False,0.444615386029485,0.17971281230698893
176,2019-09-06,2019-10-04,0.06199446489577148,0.13070038241199342,0.4743250459692817,0.05696313471966153,1.088326076169634,0.06967553702259607,0.8897594126280851,True,False,0.49762829548450704,0.1776030985276502
177,2019-09-09,2019-10-07,0.020889558778914775,0.15303609254761805,0.13650086349672624,0.04966867562358555,0.42057813132015964,0.05697798368630922,0.36662509670264376,True,False,0.42486198161323496,0.16385177308406468
178,2019-09-10,2019-10-08,0.021888849312643857,0.15448693041614886,0.14168738581108972,0.04569866898323801,0.4789822066956163,0.053071607817337836,0.4124399130318611,True,False,0.42085384195317815,0.1656887725114686
179,2019-09-11,2019-10-09,0.031117677531312123,0.15921447794947335,0.19544502442288764,0.04884941342959944,0.6370123067323653,0.06634587884571938,0.4690220112039382,True,False,0.4083395392895944,0.16652292536936278
180,2019-09-12,2019-10-10,0.04747286042862235,0.15836486530778246,0.2997688934117978,0.05895413723676873,0.8052507025582304,0.10345205829972585,0.4588875389127773,True,False,0.41054112256943004,0.1800317528238663
181,2019-09-13,2019-10-11,0.04994059192890143,0.1583635166144927,0.31535414845878146,0.06012657251978301,0.8305910321508819,0.10518961884270771,0.47476730573174397,True,False,0.41054367567792516,0.17826184829369862
182,2019-09-16,2019-10-14,0.03646430513463507,0.15013205742077287,0.24288153883375557,0.05147900856813913,0.7083334770592918,0.07291432917170412,0.5000979306655375,True,False,0.4331010155271344,0.17774571684936932
183,2019-09-17,2019-10-15,0.024851431296029635,0.15097252432049596,0.16460896714738057,0.05216103736053516,0.4764366767527544,0.07209180424939964,0.3447192306362147,True,False,0.4306886915028511,0.170590142972885
184,2019-09-18,2019-10-16,0.036076020894753785,0.1522750985512744,0.23691346279185752,0.0574752662685368,0.6276790563474531,0.0815414087651553,0.4424257741076701,True,False,0.426993109200952,0.17307832318543562
185,2019-09-19,2019-10-17,0.05845275539601772,0.1529081272734433,0.3822736988432769,0.06984136274697965,0.8369360662073502,0.10435294426330954,0.560144764564824,True,False,0.42520229936288784,0.18604702389967465
186,2019-09-20,2019-10-18,0.05356788125623714,0.1487242152641108,0.360182645180605,0.0685826977012012,0.7810699061390073,0.09516677822939425,0.56288425701577,True,False,0.4371814878450131,0.18461672820329517
187,2019-09-23,2019-10-21,0.06231148078364375,0.14951168692181607,0.4167666225064279,0.07372356288231457,0.845204414267281,0.1056367000479088,0.5898658397638697,True,False,0.43485447788323034,0.1826800006922823
188,2019-09-24,2019-10-22,0.05148720092819324,0.15654876086338282,0.3288892268724194,0.07874172785097111,0.6538744111081665,0.11338052179305223,0.45410975460291353,True,False,0.41527033944559133,0.1795914488983345
189,2019-09-25,2019-10-23,0.05211505847847326,0.15885917934576438,0.32805821289711196,0.08091119621691491,0.644101940339109,0.11613321531287484,0.4487523947224739,True,False,0.4092292779021201,0.18136156524179742
190,2019-09-26,2019-10-24,-0.0155406180773374,0.16762291558410344,-0.092711775255693,0.02926651167266153,-0.5310034298298085,0.0676519740870106,-0.22971418479747288,True,False,0.38778514226490524,0.15711685160793418
191,2019-09-27,2019-10-25,-0.02731394843435769,0.16238647436199533,-0.16820334662521746,0.02993427571249607,-0.912463982649678,0.061622720644015465,-0.4432447666850993,True,False,0.4003031248553494,0.1545802953948793
192,2019-09-30,2019-10-28,-0.020111442118447086,0.16292165854761634,-0.12344240966936394,0.03228828234508351,-0.6228712293674992,0.06474647803680876,-0.3106183182197742,True,False,0.3989760075126024,0.15398454271373033
193,2019-10-01,2019-10-29,-0.04256448253400027,0.16353776772872536,-0.26027310464825326,0.026775746099276295,-1.5896656017047726,0.0561414478402362,-0.7581650308543448,True,False,0.3974335314068803,0.14237993319478542
194,2019-10-02,2019-10-30,-0.021598142878591048,0.162238125643752,-0.1331261859251073,0.03739513051526802,-0.5775656504199862,0.06715692045105746,-0.3216071066619458,True,False,0.4006486064129986,0.15048816260954906
195,2019-10-03,2019-10-31,-0.06282734274835697,0.16351850475496368,-0.3842216074719202,0.03243761892575301,-1.936866663738898,0.06934714777529997,-0.9059830831389257,True,False,0.397459903729018,0.15244588826134833
196,2019-10-04,2019-11-01,-0.04586849728653712,0.16589804875502176,-0.27648605653144354,0.03470330943663945,-1.3217326540652508,0.07215522076239946,-0.6356920095578099,True,False,0.3917757691903533,0.1480720201291188
197,2019-10-07,2019-11-04,0.0032731261841940688,0.22077515838655104,0.014825609040955659,0.06565768102334443,0.049851382704642226,0.124804384854322,0.026226051176123557,True,False,0.2943018764925537,0.15359714109340813
198,2019-10-08,2019-11-05,-0.002611321097802726,0.22967159105304483,-0.01136980453625027,0.06395133477069227,-0.04083294128521375,0.1365233470710073,-0.019127285946516893,True,False,0.2829126003911926,0.16480316864922928
199,2019-10-09,2019-11-06,-0.03843521590161392,0.23519705971142593,-0.16341707650925505,0.059626028610672385,-0.6446046600315495,0.1355062652050003,-0.283641614972321,True,False,0.276246782852175,0.15756361838000663
200,2019-10-10,2019-11-07,-0.0442262523964541,0.23497035714693895,-0.18822056081226096,0.059436634836374486,-0.7440907870744422,0.13627238291559526,-0.32454303249284977,True,False,0.2765198364918487,0.15852610878618106
201,2019-10-11,2019-11-08,-0.037822843419143035,0.23381006729168596,-0.16176738605509983,0.07505279633544037,-0.5039498228699957,0.1354657239548811,-0.27920600366584614,True,False,0.27792634003072186,0.15452007499147535
202,2019-10-14,2019-11-11,-0.007550053215616502,0.22778523089556535,-0.033145490539191455,0.07796060213293657,-0.09684447027156526,0.12949623103726599,-0.05830326608844526,True,False,0.28529591875573235,0.13193854959319248
203,2019-10-15,2019-11-12,0.035677436966365765,0.24835148566164436,0.14365703056422593,0.11433214777810996,0.31205078938608527,0.15745847744271693,0.2265831446220172,True,False,0.2616516233045368,0.14084070183167308
204,2019-10-16,2019-11-13,0.08672830699780235,0.22792599904065344,0.3805108121181615,0.12069677384597882,0.7185635890191759,0.14340325759402575,0.6047861705019977,True,False,0.28510848638969366,0.14944940445496493
205,2019-10-17,2019-11-14,0.06517280206038285,0.22687869685247158,0.2872583586054429,0.10878710667003356,0.5990857193955993,0.13632365983734207,0.4780740345303624,True,False,0.28642891561071837,0.14594642348402212
206,2019-10-18,2019-11-15,0.08938520462961824,0.2127608398597811,0.42012056677594944,0.11878719204694807,0.7524818382295851,0.13847874309409755,0.6454796067067144,True,False,0.30544501652474076,0.14407284697315692
207,2019-10-21,2019-11-18,0.08691208180158291,0.22448781265072584,0.38715723929658014,0.13310022442178376,0.6529822333444428,0.15558042624987142,0.5586312102140467,True,False,0.2894756334202721,0.14263733556769367
208,2019-10-22,2019-11-19,0.07428525893660323,0.22448349801312967,0.33091634616393234,0.13259327709052077,0.5602490606359254,0.16007304472710218,0.4640710062287326,True,False,0.2894756334202721,0.1443913132562587
209,2019-10-23,2019-11-20,0.09748439189404412,0.2244680619490528,0.4342907006350418,0.14085462596095558,0.6920922279192055,0.1625946798825561,0.5995546223557754,True,False,0.2894756334202721,0.1515608620721838
210,2019-10-24,2019-11-21,0.10499781931583581,0.22680737130505946,0.46293830183593154,0.13850009501298324,0.7581064785983946,0.16239711315210326,0.6465497894503425,True,False,0.28649477732108397,0.15315309807270958
211,2019-10-25,2019-11-22,0.04749350038925184,0.21093957087008286,0.225152161793782,0.12849129595649364,0.3696242615945974,0.1594093830277296,0.2979341584992537,True,False,0.30807260037680667,0.1551792093904581
212,2019-10-28,2019-11-25,0.047267543710072475,0.233936911903637,0.20205252486851183,0.15703291312104908,0.30100405558697246,0.20722938190548235,0.22809286634668088,True,False,0.2777565771445545,0.15454141716377603
213,2019-10-29,2019-11-26,0.034783521890958215,0.21983468325195055,0.15822581485512519,0.1462580990945865,0.23782287686142686,0.17887277523036602,0.19445956404579368,True,False,0.2955812395832122,0.15329733886684793
214,2019-10-30,2019-11-27,0.024222275287900302,0.20938681136166132,0.11568195308186156,0.13690940430064236,0.1769219244772264,0.1617544284771458,0.1497472156771439,True,False,0.31033026805803354,0.15228935493663115
215,2019-10-31,2019-11-28,0.008175907594523024,0.21590298729501,0.03786843200715633,0.15411290726340193,0.0530514136661453,0.1720419988319728,0.04752274241191616,True,False,0.30096831322738393,0.15039956339408217
216,2019-11-01,2019-11-29,0.09628268737749762,0.22898557270127567,0.4204749069632597,0.12668747237784134,0.7600016447588249,0.14273690125120747,0.6745465715838015,True,False,0.28372281055236576,0.13909264641856167
217,2019-11-04,2019-12-02,0.03308132321299434,0.21641227185006914,0.15286251066165576,0.14690512768920538,0.22518834933373916,0.15157134052922927,0.21825579359189531,True,False,0.300236071561151,0.137437646383076
218,2019-11-05,2019-12-03,-0.04591585687849351,0.18610039240999804,-0.24672627652141765,0.1411744194935737,-0.32524204486340114,0.13659399468811673,-0.33614843012192874,True,False,0.34922117538891656,0.13882691069507105
219,2019-11-06,2019-12-04,-0.04136183325676607,0.18616415195312397,-0.22217936602091337,0.13760959040520618,-0.3005737691317278,0.13119208602052168,-0.31527689292398364,True,False,0.34913412337006094,0.14009418323766767
220,2019-11-07,2019-12-05,-0.02621315730680945,0.18577999048163268,-0.141097850413557,0.13287326165264693,-0.19727939978876305,0.13054218972483458,-0.20080218787553103,True,False,0.3498718772214996,0.1535014937617285
221,2019-11-08,2019-12-06,-0.022244563682628348,0.18702995560185337,-0.11893583362647131,0.13389139322261775,-0.16613886185830398,0.1348469026448952,-0.1649616212632411,True,False,0.3475272679705258,0.15575541142879712
222,2019-11-11,2019-12-09,-0.02599786260158342,0.1871567074475328,-0.13890959590038535,0.13247416650036517,-0.19624854632704372,0.13007246833869934,-0.19987213999727332,True,False,0.3473009906263366,0.15587616044611552
223,2019-11-12,2019-12-10,-0.03523412959565746,0.18545146125776216,-0.18999111334412694,0.1295978594142206,-0.27187277440318014,0.12618608579383658,-0.2792235718700645,True,False,0.3504974479969671,0.15648235517595843
224,2019-11-13,2019-12-11,-0.043175141205969235,0.18521478157814858,-0.2331085069889637,0.12631371895893231,-0.34180880399861024,0.12299528781639672,-0.35103085632369635,True,False,0.3509397614994419,0.14986939933101884
225,2019-11-14,2019-12-12,-0.10589526041909482,0.19329746781846124,-0.5478357353265912,0.10271506711065191,-1.0309613126671764,0.11490920583061867,-0.9215559332573335,True,False,0.336204547099841,0.1467402373869325
226,2019-11-15,2019-12-13,-0.07431656221724514,0.17254312484625525,-0.4307129726754688,0.07955046244235137,-0.934206539290716,0.09203961811178223,-0.8074410100983642,True,False,0.3767125988881428,0.1487997751653219
227,2019-11-18,2019-12-16,-0.09943113706854452,0.16193957048542001,-0.6140014869157422,0.054862927185019755,-1.8123556683955802,0.07175038102321367,-1.38579246061948,True,False,0.40141701942160823,0.13725525736614547
228,2019-11-19,2019-12-17,-0.0968761980075195,0.15789447599068873,-0.6135502676688476,0.058919784550270325,-1.6442048922440438,0.06957302624052412,-1.3924390420017712,True,False,0.4117189727248294,0.13729276028357923
229,2019-11-20,2019-12-18,-0.09396068088326492,0.15800104401635223,-0.5946839241995168,0.05829646699049047,-1.6117731611178447,0.06863846245736109,-1.3689217024876432,True,False,0.4114388380531042,0.13385786846024592
230,2019-11-21,2019-12-19,-0.1200593380584069,0.15801330525159296,-0.7598052446738283,0.06262879345287502,-1.9169990580889196,0.06133561317889089,-1.9574164475741513,True,False,0.41136240457931916,0.1170342584349365
231,2019-11-22,2019-12-20,-0.12936742834396323,0.15737345834673838,-0.8220409572428031,0.06031945081563977,-2.1447050096553686,0.06433058340583055,-2.010978627814498,True,False,0.41304828666343846,0.12394628789604788
232,2019-11-25,2019-12-23,-0.10405519952464677,0.16259691552741543,-0.6399580163444247,0.049167432542319096,-2.1163439729151,0.0573193616144585,-1.8153586605612058,True,False,0.39977123345547116,0.11801477936700847
233,2019-11-26,2019-12-24,-0.10250476798245373,0.16262611012458109,-0.6303094128238639,0.04763882104870577,-2.1517066486102414,0.05582918803692427,-1.8360426075811669,True,False,0.399692568784184,0.11489723839736864
234,2019-11-27,2019-12-25,-0.08767368430573763,0.16571676837530028,-0.5290574102144101,0.042396211924952465,-2.0679603277041108,0.05514928442545449,-1.5897519835320166,True,False,0.3922276522169722,0.11384581136721424
235,2019-11-28,2019-12-26,-0.07318877846349195,0.1708389806806645,-0.42840795567785445,0.03457777683250725,-2.1166421085431306,0.04841688708927716,-1.5116374237058499,True,False,0.38042547938894533,0.11250680417332892
236,2019-11-29,2019-12-27,-0.1267174853002538,0.16220611630675633,-0.7812127445343174,0.07205064205548764,-1.758728051342917,0.07807504382483099,-1.623021635243099,True,False,0.4005936633680463,0.12881041310440985
237,2019-12-02,2019-12-30,-0.15203174237676445,0.15252903968218043,-0.9967396549112735,0.07869647852119688,-1.9318747831367669,0.07446821597561998,-2.04156552409605,True,False,0.4259559470966691,0.13141576540018893
238,2019-12-03,2019-12-31,-0.1697370170371535,0.14837423418811452,-1.1439790605554494,0.08600099241049414,-1.973663469218776,0.07551963088492036,-2.2475880118615135,True,False,0.4378355265222122,0.13616098614682137
239,2019-12-04,2020-01-01,-0.18823217090504765,0.16099547857303861,-1.1691767531201356,0.09901521343052698,-1.901042924450381,0.09133130801710737,-2.060981880055738,True,False,0.4034745532924009,0.13758462998296433
240,2019-12-05,2020-01-02,-0.2191144631515223,0.15880795872694525,-1.379744849741871,0.12393045515955974,-1.7680437215324813,0.10960747304552339,-1.9990832473668767,True,False,0.409078133241617,0.1567186734809332
241,2019-12-06,2020-01-03,-0.20897250183278818,0.15259555686816034,-1.3694533846312211,0.11799929043863322,-1.7709640545801972,0.11024524095872017,-1.895524015508616,True,False,0.42580089337257293,0.15110063962782236
242,2019-12-09,2020-01-06,-0.20917820038223367,0.15036739524757245,-1.3911140778746094,0.10858212923099707,-1.9264514507468262,0.10141593492056346,-2.0625772522442127,True,False,0.4320954957443725,0.14495696975337685
243,2019-12-10,2020-01-07,-0.23278665937742704,0.1444546423902098,-1.611486176737812,0.11082451635621018,-2.100497859419556,0.10303543547208009,-2.259287383130497,True,False,0.44980450288562557,0.15084522909626055
244,2019-12-11,2020-01-08,-0.23496176513896574,0.14603251058931607,-1.6089688809072344,0.11201655234468955,-2.0975629067386197,0.10478956356599627,-2.2422248661336135,True,False,0.44494530685743566,0.15099723693131048
245,2019-12-12,2020-01-09,-0.23976876755697382,0.13842674701259947,-1.732098548376278,0.10176535172627955,-2.3560943237525973,0.09252014051507346,-2.5915305167301437,True,False,0.46942604936642973,0.1533253730765055
246,2019-12-13,2020-01-10,-0.20635329928718008,0.1334786479762741,-1.5459648596669895,0.09909186862630588,-2.0824443231096716,0.08569700334067443,-2.4079406658696834,True,False,0.4869613582337772,0.14860819399904346
247,2019-12-16,2020-01-13,-0.24367715516413962,0.14228831354014093,-1.7125591631627282,0.09328541251520736,-2.61216784697624,0.09303983871180019,-2.619062527816207,True,False,0.45667980679641756,0.14604476554178333
248,2019-12-17,2020-01-14,-0.29746931085418593,0.1559504269830451,-1.9074607015120693,0.09043521449460219,-3.2893084017834777,0.09338265412018637,-3.185487858069805,True,False,0.41652038225731713,0.14443706763594472
249,2019-12-18,2020-01-15,-0.31199496273639427,0.16056651178337628,-1.943088625835712,0.0877445038021484,-3.555720862470193,0.09613085262040917,-3.2455237234643626,True,False,0.40450976040805764,0.14459542612026408
250,2019-12-19,2020-01-16,-0.3118135249778089,0.1591049523853717,-1.9597977328987115,0.0825690443356856,-3.7763974076062534,0.09296528585987464,-3.3540855825237967,True,False,0.40822401327141966,0.1429616262215203
251,2019-12-20,2020-01-17,-0.3237904454687576,0.1599969267874203,-2.0237291551165937,0.08742133217817884,-3.7037921683556623,0.09535252255319786,-3.395719764918779,True,False,0.40592208144740166,0.1439545745740885
252,2019-12-23,2020-01-20,-0.3158813543880096,0.16102603344871405,-1.9616787895891143,0.08385813089162783,-3.7668542218789947,0.0949011569194924,-3.328530068985161,True,False,0.40334204207749863,0.1392906064746236
253,2019-12-24,2020-01-21,-0.28857862415811775,0.1571585707667358,-1.8362258116131858,0.09014339077015433,-3.201328701889296,0.09502106355331336,-3.036996360246013,True,False,0.4133374740245511,0.14164447262058255
254,2019-12-25,2020-01-22,-0.28971668129379247,0.15656023643945757,-1.8505125431758465,0.08959453693582876,-3.2336422643860447,0.09442650545414764,-3.0681711655047463,True,False,0.41491682325852625,0.14215325634840395
255,2019-12-26,2020-01-23,-0.24803715997921164,0.15351761993184043,-1.6156918019530038,0.11511346297919679,-2.154718949112292,0.10435358981018446,-2.376891493913938,True,False,0.4232528795281676,0.15720271960667728
256,2019-12-27,2020-01-24,-0.24243568996916567,0.15396613581640375,-1.5746039782297132,0.11756464578225874,-2.0621479217330383,0.10699326818951425,-2.265896668748785,True,False,0.4220327135313744,0.15398347006006471
257,2019-12-30,2020-01-27,-0.09738665111869238,0.12299511073429993,-0.7917928650763346,0.09756584467336223,-0.9981633577275966,0.11200835616561387,-0.869458801579928,True,False,0.5288223618197102,0.13757822417597435
258,2019-12-31,2020-01-28,-0.06100447387781917,0.1284138596861931,-0.47506144606895806,0.08147650735633069,-0.7487369777771794,0.09783219240237899,-0.6235623712377902,True,False,0.5064741081865135,0.12735836393633176
259,2020-01-01,2020-01-29,-0.015138036142527738,0.13017419841206632,-0.1162906038768781,0.048310100098709584,-0.3133513718993948,0.04978955029807941,-0.30404042719605917,True,False,0.4995854211832788,0.10994323828456401
260,2020-01-02,2020-01-30,-0.016838649725046326,0.12247806892618929,-0.137482978566506,0.04250177627949759,-0.39618696438268897,0.043424854578721035,-0.3877652530654085,True,False,0.5310652649374493,0.11000847943155911
261,2020-01-03,2020-01-31,-0.03136834471486649,0.11499148371479755,-0.27278841616363886,0.041923161725661955,-0.7482342319535823,0.0532326846434036,-0.5892685090935676,True,False,0.5658159384884446,0.10026720804718024
262,2020-01-06,2020-02-03,-0.039307013146621744,0.11748458245361171,-0.3345716716671479,0.04847938374556333,-0.810798531452434,0.057972957079950205,-0.6780232564713518,True,True,0.5537045129970163,0.11937972027514232
263,2020-01-07,2020-02-04,-0.020274899686094472,0.10874871581048373,-0.1864380607622762,0.03511784346420953,-0.5773389731848912,0.050677874461046095,-0.4000739948491509,True,True,0.5983720548780253,0.12694703044598876
264,2020-01-08,2020-02-05,-0.009608725281513275,0.11035833231251478,-0.08706841685776029,0.03457210765373712,-0.27793287518803056,0.048564747765162376,-0.19785391098862115,True,True,0.5896374641416862,0.12381836813860973
265,2020-01-09,2020-02-06,-0.007735447082783277,0.10999929619190289,-0.07032269614969307,0.03408194083551218,-0.22696615548147464,0.04831910126534542,-0.16009087255791238,True,True,0.5915506491770767,0.12471090408010416
266,2020-01-10,2020-02-07,0.02412301570534847,0.10842705531201133,0.22248151659133156,0.04365044494577729,0.5526407745743291,0.04929297090246568,0.48938043829981076,True,True,0.6001421418759671,0.1372620640346295
267,2020-01-13,2020-02-10,0.01180083305991039,0.11283161448704818,0.10458800145295266,0.04145747731610878,0.2846490868204622,0.0516010221959491,0.2286937846908933,True,True,0.5766110633835229,0.12971647887829418
268,2020-01-14,2020-02-11,0.0278307783663616,0.10907714623973659,0.2551476576513413,0.04986877641090735,0.5580802331511471,0.05131943229203807,0.5423048760163194,True,True,0.5965422497917857,0.13907706087070898
269,2020-01-15,2020-02-12,0.030745821124805395,0.10811177022201379,0.28438921184684207,0.05126977732348466,0.5996870423449635,0.050645003624644865,0.60708498221617,True,True,0.6018948335232496,0.14100777134574458
270,2020-01-16,2020-02-13,0.02242039951710149,0.10322244392967472,0.2172046956413517,0.043886605929109326,0.5108711198427486,0.045988975355991224,0.4875168307958544,True,True,0.6305156992034602,0.13895396878512756
271,2020-01-17,2020-02-14,0.02358801106224141,0.10332057960666734,0.22829925221131125,0.04398351420101951,0.536292096953332,0.045862168146854926,0.5143239409595814,True,True,0.6299186205964165,0.13918385428807697
272,2020-01-20,2020-02-17,0.02626269063702431,0.10321325754366152,0.2544507484991897,0.044208380703091736,0.5940658811596692,0.04532324418746532,0.5794530181554737,True,True,0.6305855154712334,0.13976946719591632
273,2020-01-21,2020-02-18,0.026101055253462308,0.10352132248809046,0.2521321658778566,0.044654483418277095,0.5845114142061519,0.046474508768559616,0.5616208959505966,True,True,0.6286744138260947,0.14079179823263424
274,2020-01-22,2020-02-19,0.025443850303663636,0.1040872911759063,0.24444723285827305,0.04540681644823249,0.5603530988055884,0.047955843438768575,0.5305682994847352,True,True,0.6252237336054937,0.1418875113717068
275,2020-01-23,2020-02-20,0.04729168519451188,0.0941261346612989,0.5024288457683413,0.043734586873998865,1.081333758353798,0.04615091735699076,1.024718205029316,True,True,0.6916258796540359,0.15877925160449402
276,2020-01-24,2020-02-21,0.03617203298330374,0.0941929582097938,0.3840205644963247,0.04099868232426768,0.8822730617830861,0.0467744825787301,0.7733283403492389,True,True,0.6912666127517417,0.16085736794934402
277,2020-01-27,2020-02-24,0.0408750191904831,0.08592225511999421,0.4757209774510613,0.03628907352960551,1.1263726299635692,0.03798204381435203,1.0761669221980603,True,True,0.758155703862286,0.16848943244180092
278,2020-01-28,2020-02-25,0.05270483630632895,0.09266425565862092,0.5687720246790285,0.041543353365478035,1.2686707267624178,0.04305681092239258,1.2240766368258529,True,True,0.7027078494036558,0.17148202227568002
279,2020-01-29,2020-02-26,0.050444597377781564,0.09206823450107987,0.5479044716252259,0.04194506948134549,1.2026347316033443,0.04211340367305872,1.1978276030453594,True,True,0.7072574188008535,0.16982787668881522
280,2020-01-30,2020-02-27,-0.006347375212913604,0.08026508971800445,-0.07908014848315569,0.04692020772008482,-0.13528020273867045,0.071899200871074,-0.08828158221529325,True,True,0.8120881411748251,0.1701416720468212
281,2020-01-31,2020-02-28,-0.01237953410395782,0.06713573165205643,-0.1843956087068074,0.035061252432236414,-0.3530830545167773,0.0450780879192276,-0.2746242060253283,True,True,0.972414835164728,0.1744777339451273
282,2020-02-03,2020-03-02,-0.037026604894061,0.06680535148944292,-0.5542460905981794,0.04150525759173692,-0.8920943283443793,0.051112257774442664,-0.7244173219163715,True,True,0.9772919280841684,0.24490720214992923
283,2020-02-04,2020-03-03,-0.013465371524108994,0.057892567642562426,-0.23259240473226647,0.03231500328793846,-0.4166910151339805,0.04069249040810495,-0.330905564861349,True,True,1.1297741732614812,0.24507434996970331
284,2020-02-05,2020-03-04,-0.03991099250761778,0.05711236475619079,-0.6988152684273429,0.03331269816739661,-1.1980714473221197,0.04996970312805575,-0.7987038146962603,True,True,1.1453121420276382,0.24637022934267358
285,2020-02-06,2020-03-05,-0.04936354791399549,0.053108058804379514,-0.9294926048007758,0.028174781043778373,-1.7520472594727077,0.044124978623257524,-1.118721174586061,True,True,1.2329536739611424,0.2463053061799603
286,2020-02-07,2020-03-06,-0.0776187561435913,0.041960280232666874,-1.8498150086987175,0.021868955519891493,-3.549266725289696,0.040798549454478146,-1.902488132089012,True,True,1.5674227551854951,0.24630307669996135
287,2020-02-10,2020-03-09,-0.0787699187645608,0.02181575382781779,-3.610689751372212,0.012862892050955928,-6.123810916900829,0.016849595210104446,-4.674884932388386,True,True,3.1393828024188393,0.25299742357572164
288,2020-02-11,2020-03-10,-0.10480670426142161,0.019844366426341752,-5.281433632584983,0.016559104039690225,-6.32924969915113,0.0453207618349346,-2.312553894021999,True,True,3.487540221260148,0.28306587607976974
289,2020-02-12,2020-03-11,-0.1064466949350615,0.01993993594773392,-5.338366944311005,0.016408199800017332,-6.487408505042037,0.045008622198459775,-2.3650289596890652,True,True,3.4680253988781806,0.28226907735739437
290,2020-02-13,2020-03-12,-0.05106076347040808,0.016629070657888618,-3.070572283977007,0.03293389565982938,-1.5504015679714644,0.06226749752031278,-0.8200227326262974,True,True,4.395370525837544,0.480904649052047
291,2020-02-14,2020-03-13,-0.05857572545906247,0.015737336770560644,-3.722086291540656,0.027179566081997363,-2.1551383595435927,0.05366299495829402,-1.0915478255469442,True,True,4.7338061035464225,0.48292540960212166
292,2020-02-17,2020-03-16,-0.0593716109119582,0.015616445266054138,-3.8018646305517283,0.026224216406059965,-2.2639994268137005,0.050013203876813586,-1.1871187268505152,True,True,4.799300319557927,0.48468854322919597
293,2020-02-18,2020-03-17,-0.07011137193820578,0.01550600158060492,-4.521563574835557,0.023329373263685838,-3.0052831315164443,0.05046123473127375,-1.389410550724271,True,True,4.83381419616931,0.5373912832414777
294,2020-02-19,2020-03-18,-0.06303786709348656,0.015505941351523474,-4.0654008463209514,0.024621237120967778,-2.5603046176669433,0.047062031570030576,-1.3394633633629516,True,True,4.845782767803519,0.589759038768847
295,2020-02-20,2020-03-19,-0.06292194133481381,0.015243622253422105,-4.1277552204292,0.023606380721815538,-2.6654632947042702,0.041938679303918903,-1.5003319698942965,True,True,5.004778723296371,0.5956708513338972
296,2020-02-21,2020-03-20,-0.06704829264336484,0.014581901229892329,-4.598048744557291,0.022322277916049352,-3.003649219650572,0.03719676461285304,-1.8025302292070007,True,True,5.361928535729969,0.6024907605463627
297,2020-02-24,2020-03-23,-0.06631763696051932,0.014595065623251904,-4.543839587460737,0.022608261101877924,-2.933336476506401,0.03626842324980944,-1.8285227483901652,True,True,5.353466489919512,0.6080548980195107
298,2020-02-25,2020-03-24,-0.0673214030333663,0.013855022709845358,-4.858989006602481,0.02205274275424139,-3.0527451294201677,0.031012926125696387,-2.1707530195799807,True,True,5.9106837603401745,0.6359854802669781
299,2020-02-26,2020-03-25,-0.0635429138351116,0.013746430083817311,-4.622502966054883,0.02360333592746082,-2.692115810680129,0.030486901603734268,-2.0842693252674906,True,True,6.022637126413549,0.657883339807679
300,2020-02-27,2020-03-26,-0.06979187883760551,0.013763145770201799,-5.070924918103385,0.021485834150835915,-3.2482741115680738,0.031515603943273726,-2.214518210192858,True,True,6.024171933658131,0.8155477088455825
301,2020-02-28,2020-03-27,-0.06866204129832662,0.013758772319225029,-4.990419181687138,0.02156765591535165,-3.1835653150166237,0.031568066755458535,-2.1750473929941894,True,True,6.020513331397738,0.8154484693395376
302,2020-03-02,2020-03-30,-0.06962044082755253,0.013737426096441444,-5.0679392441344655,0.021928879419543326,-3.174828932002144,0.03168181088381216,-2.1974893128070887,True,True,6.015400862323796,0.8233864492067722
303,2020-03-03,2020-03-31,-0.06461116499695652,0.013678187632188397,-4.723664182300682,0.02197662703760904,-2.9399946081983437,0.03120541603486904,-2.070511251148191,True,True,6.076812964971524,0.817855646786189
304,2020-03-04,2020-04-01,-0.06562448905501798,0.013702576553588494,-4.789207985693168,0.0226738788617174,-2.8942771307567687,0.03095858055379573,-2.1197512250597024,True,True,6.037774949518496,0.827161568587433
305,2020-03-05,2020-04-02,-0.0640869341588591,0.013727700736211528,-4.66843904819456,0.02218078708088485,-2.8892993708996237,0.031039009851035304,-2.064722246825199,True,True,6.025578322918361,0.8330254496299826
306,2020-03-06,2020-04-03,-0.06298247356281915,0.013712042918092837,-4.5932231935851595,0.022007100401726522,-2.8619160367841094,0.031087269773848993,-2.0259892239170134,True,True,6.01688629995654,0.8350211015928157
307,2020-03-09,2020-04-06,-0.05535820685443296,0.013723142418942484,-4.033930798387714,0.019775278861387927,-2.7993641577678186,0.031710104958955036,-1.7457591807434123,True,True,5.983647152733248,0.8385849702197677
308,2020-03-10,2020-04-07,-0.022701285391307346,0.014662300562440353,-1.5482758176066884,0.019874723412387413,-1.1422189340837925,0.03164562565638532,-0.717359348107146,True,True,5.252996416956747,0.8749456550554731
309,2020-03-11,2020-04-08,-0.008213776711658325,0.014949399217607948,-0.5494385822531141,0.026065682057903564,-0.3151184263435672,0.029404281821948642,-0.2793394772025074,True,True,5.101085177652101,0.8710768127628166
310,2020-03-12,2020-04-09,-0.005231406757501324,0.014927550866327521,-0.3504531188235271,0.026633848155798626,-0.19641948571980428,0.029891852622942475,-0.17501112505439478,True,True,5.120351370410981,0.8887415060062946
311,2020-03-13,2020-04-10,-0.027762773500243806,0.01769316140986415,-1.569124525409333,0.0249454835339852,-1.1129378776090024,0.03336015780946947,-0.8322134942767921,True,True,4.036000090951552,0.8014467070599317
312,2020-03-16,2020-04-13,-0.01838735331515136,0.01840569847100129,-0.9990032893411334,0.026074524329577804,-0.70518461172055,0.03433503035492829,-0.5355275100990882,True,True,3.842233406345466,0.8025671104246958
313,2020-03-17,2020-04-14,-0.013459863562214147,0.019479190632787583,-0.6909867979606072,0.03143957599062583,-0.4281184824575053,0.04121427514229025,-0.32658256188528445,True,True,3.5899432896264987,0.8037295776457943
314,2020-03-18,2020-04-15,-0.003122184346161531,0.01941585052252342,-0.16080595297845082,0.03467696927241285,-0.09003625206212512,0.04279777365172569,-0.07295202716778793,True,True,3.6058569334929733,0.7731728208709864
315,2020-03-19,2020-04-16,-0.02171298112173714,0.02001275049459004,-1.0849573689337064,0.031580337153313445,-0.6875474766569739,0.03855651435454789,-0.5631468893187439,True,True,3.4797067607547914,0.7138828395882214
316,2020-03-20,2020-04-17,-0.02639736017927321,0.023779516437018373,-1.110088182372773,0.04482936702495568,-0.5888407963596338,0.06098564811124666,-0.43284544801623814,True,True,2.8612498718765247,0.6989952869058994
317,2020-03-23,2020-04-20,-0.006173367050451844,0.026182182609650072,-0.2357850429236752,0.05387517529545503,-0.11458648657005178,0.09003929605662223,-0.06856303104113178,True,True,2.574998217158013,0.7015076542959867
318,2020-03-24,2020-04-21,-0.014430869133106119,0.026432311435892374,-0.5459556258674554,0.0631667876068813,-0.22845659372321858,0.08412156533580913,-0.1715477960437232,True,True,2.5485702676321207,0.6828796561693816
319,2020-03-25,2020-04-22,0.04726606098664235,0.04145533484853904,1.1401683561195042,0.1133305782364437,0.4170636179763443,0.13806649176939143,0.3423427392186478,True,True,1.5880842853677601,0.6764798650532975
320,2020-03-26,2020-04-23,0.04844326279898016,0.04856639455990078,0.9974646715689642,0.14484510239142784,0.3344487455852502,0.18043331130173756,0.2684829228565715,True,True,1.3504407602033444,0.6668530198515669
321,2020-03-27,2020-04-24,0.21810211834588195,0.05158474594384931,4.228035136264682,0.026131232106205462,8.346415410473071,0.05749219766081661,3.7935950828076948,True,True,1.2634503408417455,0.5144605692688259
322,2020-03-30,2020-04-27,0.23364743927134493,0.05224081989439276,4.472507126489861,0.027630275280881637,8.456211054582356,0.058752506029835554,3.9768080556886316,True,True,1.2466722599098439,0.5180469635543781
323,2020-03-31,2020-04-28,0.23010920845195967,0.05228107335313279,4.4013864615534155,0.02531248861350108,9.090738250415445,0.06179121745948407,3.723979198222468,True,True,1.2465864988576632,0.5043727325603503
324,2020-04-01,2020-04-29,0.25634724975634415,0.057303334883234976,4.473513631949939,0.03700951218333101,6.9265233350414785,0.07533251159767622,3.4028767170992835,True,True,1.1355015624035556,0.4968009611429282
325,2020-04-02,2020-04-30,0.21928384791023736,0.05658225997678822,3.8754876175005086,0.02863232853885715,7.658610357611872,0.06113025040207207,3.587157691452946,True,True,1.1518661652604487,0.44464305447140107
326,2020-04-03,2020-05-01,0.20515468423360386,0.04976787468387766,4.122231168936452,0.028285694528380093,7.2529484481197555,0.049496352501701334,4.144844495895978,True,True,1.3116867097502825,0.4710514013869798
327,2020-04-06,2020-05-04,0.18286801737196853,0.048428756612501345,3.7760213179779054,0.03655656377801623,5.002330593280177,0.04838283465571719,3.779605280947709,True,True,1.3496659293625575,0.44499220149352453
328,2020-04-07,2020-05-05,0.21920029867403,0.05203683987353982,4.212406041695299,0.037857592795233416,5.790127752169946,0.037862420810416283,5.789389425774013,True,True,1.2531930006416943,0.4481114781911854
329,2020-04-08,2020-05-06,0.21603246370521026,0.05547257988952049,3.894400875810387,0.03483948197306711,6.200794370944308,0.03908080188073692,5.527841121696469,True,True,1.1751087957596502,0.4331295721846493
330,2020-04-09,2020-05-07,0.21021691310476553,0.05542273878964482,3.792972301542818,0.03532365736462393,5.951164992198525,0.03945688896205337,5.327761986175244,True,True,1.1764940972801905,0.441785951865952
331,2020-04-10,2020-05-08,0.2208304741326118,0.05885306314146278,3.7522341632721874,0.042069639937798914,5.249164824303596,0.044002214530391985,5.018621823683122,True,True,1.1070511923268112,0.4338023077911186
332,2020-04-13,2020-05-11,0.220466562462107,0.05913912979789146,3.7279304449617974,0.03993045764453418,5.521263102585182,0.04356377765141265,5.060776965354791,True,True,1.1015460474737806,0.4461206568075352
333,2020-04-14,2020-05-12,0.21796660135292203,0.059129716195233245,3.6862446732070304,0.039858618408935266,5.468493642119306,0.044284470315685096,4.921964738408998,True,True,1.1018885467195028,0.44388403500146545
334,2020-04-15,2020-05-13,0.2144417732150622,0.0600350625776138,3.571942195243491,0.03677974443479608,5.830431301534169,0.044442332338193224,4.82516920091463,True,True,1.0851006616406178,0.4430909986754788
335,2020-04-16,2020-05-14,0.18835148123409554,0.06062383120911909,3.1068884542183723,0.024592662408424833,7.658848729187247,0.036784575624320595,5.120392937456224,True,True,1.0754844640949357,0.41052302165841315
336,2020-04-17,2020-05-15,0.18232224944938485,0.06134880748604694,2.9718955741862123,0.026673254423880303,6.835395732069107,0.03943346488658064,4.623541197147752,True,True,1.06286744821113,0.4051619774314974
337,2020-04-20,2020-05-18,0.17270508423590766,0.061465203650089666,2.8098025220755245,0.025754035995219866,6.70594248870208,0.03922166454209267,4.403308382043823,True,True,1.061105689275528,0.41700035182933376
338,2020-04-21,2020-05-19,0.17591270468318565,0.060818936227127196,2.8924002226254486,0.02756923740700151,6.38076063135902,0.03920446000373701,4.487058479224493,True,True,1.072392509890051,0.41645537746100625
339,2020-04-22,2020-05-20,0.16350071510639202,0.06612466383494091,2.4726131767492885,0.02723784576467884,6.002703610225097,0.04716360505613011,3.466671279937303,True,True,0.9858347028217165,0.39310706215411534
340,2020-04-23,2020-05-21,0.15099972764946434,0.06474783303627063,2.332120174043151,0.03462477463110481,4.361031349899828,0.05035346804643912,2.9987949888616,True,True,1.007217018110341,0.392932851506489
341,2020-04-24,2020-05-22,0.1539920419410638,0.06388408462842489,2.410491483704313,0.03194116344858583,4.8211156174363365,0.04700619672736955,3.275994499920929,True,True,1.0209535716254428,0.39657119778874855
342,2020-04-27,2020-05-25,0.14637693510090566,0.06460445633748942,2.2657405293567088,0.03250874133673,4.502694631721152,0.05009910265108486,2.921747643273127,True,True,1.0095516099177297,0.38702833959157795
343,2020-04-28,2020-05-26,0.16885034637161483,0.06303672352128283,2.6786028356090967,0.03522140956081162,4.793969022735612,0.052481146241563435,3.217352486822984,True,True,1.0342270490629757,0.41490259112958944
344,2020-04-29,2020-05-27,0.1612638045959881,0.06284003047034058,2.5662591725206414,0.03300064184491075,4.8866869121473675,0.052518608086241,3.07060317233039,True,True,1.03786913234695,0.4114693976663651
345,2020-04-30,2020-05-28,0.14841868485613427,0.0654868957461487,2.2663875446388495,0.03375006114744536,4.397582694968495,0.05860533507265931,2.532511496984425,True,True,0.9957872395388363,0.4103231132171533
346,2020-05-01,2020-05-29,0.15827635616674934,0.07074132136941508,2.2373960947127562,0.03732138662511333,4.240902347938117,0.06462262828158392,2.4492404653843947,True,True,0.9211642848050532,0.40455429825976674
347,2020-05-04,2020-06-01,0.1386425752828422,0.08949138676494554,1.5492281469164757,0.06020482687332483,2.3028481682134205,0.09998760648091126,1.3865976010667944,True,True,0.727114665585062,0.3830431874221246
348,2020-05-05,2020-06-02,0.16156720166473088,0.09924663341854917,1.6279363450381181,0.08372267122354202,1.9297903340105054,0.12106097926127278,1.334593546579843,True,True,0.6550921770895392,0.3894495392669749
349,2020-05-06,2020-06-03,0.14871094638157661,0.09950926557703503,1.4944432110842194,0.08261768119384623,1.7999893513430312,0.1219560309493738,1.219381651107597,True,True,0.6533875400721691,0.39017990413435044
350,2020-05-07,2020-06-04,0.08175301111588722,0.10423033459692772,0.7843495027818606,0.07166576270969209,1.1407540787231576,0.11704111121477122,0.6984982479008585,True,True,0.623672765720573,0.3484501295005478
351,2020-05-08,2020-06-05,0.11429786719965178,0.10742796051753242,1.0639489630913934,0.08687748864549723,1.3156212153650428,0.11571334040350188,0.9877674155899896,True,True,0.6049797123943589,0.34901953951741765
352,2020-05-11,2020-06-08,0.0945954080802491,0.11619560529821374,0.8141048694352239,0.08483900426170043,1.1149990373349195,0.1425623508708652,0.6635370944881152,True,True,0.5593209362252168,0.34185140100905786
353,2020-05-12,2020-06-09,0.030651631204288026,0.09791198950964247,0.3130528892099514,0.05760019496377878,0.5321445738779695,0.10519715099505698,0.29137320653986426,True,True,0.6638765798252072,0.3008352765377948
354,2020-05-13,2020-06-10,0.030835285771975265,0.09116109377578373,0.33825050243272126,0.05086110756997174,0.6062645358155813,0.09463241261954494,0.3258427521650937,True,True,0.7132342859622516,0.3020026973503655
355,2020-05-14,2020-06-11,0.08622240569456575,0.0865962284361066,0.9956831521615671,0.05950548150175585,1.4489825730092034,0.10803375149554753,0.798106189047034,True,True,0.7509713121258743,0.3242071306708881
356,2020-05-15,2020-06-12,0.10954693901252568,0.08497106545007643,1.2892263787946552,0.07214800854076484,1.518364002391415,0.10834275072199165,1.0111146180294424,True,True,0.7654780720228528,0.34020974322210995
357,2020-05-18,2020-06-15,0.1458388116297159,0.08450976097493135,1.7257037524100556,0.06848258731205338,2.129575084030847,0.10750743650297168,1.3565462666918366,True,True,0.769493245814622,0.3503260133001611
358,2020-05-19,2020-06-16,0.145874857655744,0.08199513699555613,1.7790671861875167,0.05840632645971814,2.497586588609565,0.09930228318558398,1.4689980227657153,True,True,0.7934852248149141,0.3334117059184842
359,2020-05-20,2020-06-17,0.1614408137741758,0.08445874217906174,1.9114754684826312,0.05845714109995988,2.7616953333061067,0.1069385459030769,1.5096597060567543,True,True,0.7702937690749043,0.3449592674233802
360,2020-05-21,2020-06-18,0.1618996766599191,0.08583529056197682,1.8861668155363265,0.06364134482623089,2.5439386471479675,0.1123138177665308,1.4414938418037175,True,True,0.7581142273705912,0.34743247201281624
361,2020-05-22,2020-06-19,0.18454196690237173,0.08920767734975946,2.068678082255544,0.05994057170121156,3.078748861827116,0.1088543484558377,1.695310931719375,True,True,0.7291400806031632,0.34752077500893247
362,2020-05-25,2020-06-22,0.18525713966082408,0.0881058456382505,2.1026657007693035,0.05601067544284859,3.3075326836551766,0.1051336924829864,1.7621100836994184,True,True,0.7380898296869163,0.3485662811554125
363,2020-05-26,2020-06-23,0.17213903915982698,0.08744414132082529,1.9685600036743818,0.05894823695744425,2.9201728167730803,0.10265779076790525,1.6768239202517907,True,True,0.7436075840955717,0.3520221359843686
364,2020-05-27,2020-06-24,0.1057215004090198,0.09812724728293801,1.077391889983265,0.0785954466635785,1.345135181450806,0.10928552406862076,0.967387962038201,True,True,0.6631609766312829,0.34701303763884217
365,2020-05-28,2020-06-25,0.1508471060702513,0.10179189367240916,1.4819166893162794,0.08106525311214748,1.8608108934362553,0.11521078060249797,1.309314156899139,True,True,0.6390130689758806,0.3515852757956349
366,2020-05-29,2020-06-26,0.11505099790121665,0.09887994051194858,1.163542345449874,0.08448715049181035,1.3617573469041184,0.11115059399419143,1.0350911656597088,True,True,0.6582000400689659,0.34249355503488377
367,2020-06-01,2020-06-29,0.11589828171077321,0.09894787494373543,1.1713064254960126,0.08419206233164284,1.376593927040719,0.11198683912637086,1.0349276987806442,True,True,0.6577619669295555,0.34351068688827097
368,2020-06-02,2020-06-30,0.08950851477478085,0.09499875755206717,0.9422072149282877,0.0680090686920651,1.3161261651745595,0.09875720433522947,0.9063492165183806,True,True,0.6853489884198454,0.3220073320094845
369,2020-06-03,2020-07-01,0.09056356791091666,0.09293209021083049,0.9745134076448676,0.062405001862134296,1.4512229021479806,0.0961264798679671,0.9421292450873965,True,True,0.7006553931094307,0.31109182975354044
370,2020-06-04,2020-07-02,0.09093724403729017,0.0897086498472194,1.0136953815731613,0.0609402824138793,1.4922353562408006,0.09199637211776429,0.9884872842690108,True,True,0.7259417537988219,0.3028694993181529
371,2020-06-05,2020-07-03,0.07399765985317902,0.08496782376746141,0.870890374404488,0.05564307896091074,1.3298627832072767,0.08479829326285666,0.8726314764826931,True,True,0.7667463505394642,0.3028934666632043
372,2020-06-08,2020-07-06,0.04716703853919225,0.08511850722235485,0.554133761016014,0.062445609981564405,0.7553299351726599,0.08143665700048837,0.5791868217148132,True,True,0.7654821798732775,0.30801019527654355
373,2020-06-09,2020-07-07,0.046146579189200114,0.08510128657924276,0.5422547771499359,0.062198130975226903,0.7419287117739918,0.08329538378170474,0.5540112440100899,True,True,0.7655917144205754,0.30970389656863684
374,2020-06-10,2020-07-08,0.09010261996402406,0.09307684910483276,0.9680454466452898,0.06207610592933891,1.4514863426933975,0.08871948069606758,1.0155900288990058,True,True,0.69947407710274,0.309146299195501
375,2020-06-11,2020-07-09,0.13403514931266008,0.10037058847613596,1.335402644814902,0.0801542972579713,1.6722141407001154,0.08845378870324173,1.5153126991806043,True,True,0.6482370328229206,0.30883929086996476
376,2020-06-12,2020-07-10,0.08530917988619213,0.10820212206930313,0.7884242772202921,0.07834197709700075,1.0889332009143042,0.08890111987332644,0.9595962346452733,True,True,0.6013930918066579,0.2828604791428909
377,2020-06-15,2020-07-13,0.052753524823197555,0.12021054535373675,0.4388427376979511,0.08821365357226209,0.5980199514124351,0.10714117781109575,0.4923739490358141,True,True,0.5411924295798421,0.27221699699268
378,2020-06-16,2020-07-14,0.043536025337381504,0.13015907626026385,0.3344832076890867,0.09265508483624829,0.46987194943832644,0.1266191462244017,0.343834456601251,True,True,0.499721776357765,0.26917120949845413
379,2020-06-17,2020-07-15,0.015165891374859634,0.1361422293376069,0.11139740731915812,0.0824856090741235,0.1838610582511576,0.128197638050352,0.11830086423981499,True,True,0.4777170974547855,0.26789987725957337
380,2020-06-18,2020-07-16,-0.007132219365227185,0.13675620589268148,-0.0521528022708099,0.07933781224357823,-0.08989684947866056,0.12976001858811673,-0.054964691303460905,True,True,0.47556201803598547,0.2586753002958198
381,2020-06-19,2020-07-17,-0.04155065319712382,0.14283781679869773,-0.29089392521086643,0.08482408098169397,-0.4898450147204181,0.13792747761087948,-0.3012500041097422,True,True,0.45525687774983764,0.25423782573031056
382,2020-06-22,2020-07-20,-0.02778400951620339,0.14993162402935148,-0.18531120233023177,0.09008872638667126,-0.3084071740225431,0.14841162720238174,-0.18720911588898412,True,True,0.4336717892992508,0.25406229783722417
383,2020-06-23,2020-07-21,-0.06805406838406491,0.15306378517714286,-0.4446124751540999,0.09373335387735704,-0.7260389772578552,0.14227106392063352,-0.47834089735934743,True,True,0.4247484817700205,0.26639018145987514
384,2020-06-24,2020-07-22,-0.08099437923916918,0.13315414702000197,-0.6082753038626914,0.0888418273266495,-0.9116694430583109,0.12210495817384509,-0.6633176936505285,True,True,0.4883949312815424,0.260600894716175
385,2020-06-25,2020-07-23,-0.08383807760476876,0.1317792691722838,-0.6362008086048927,0.07956643695047103,-1.0536864640169419,0.10937357370919532,-0.7665295625036368,True,True,0.49341681182008895,0.2231357556569182
386,2020-06-26,2020-07-24,-0.08486671718007631,0.11308563940253132,-0.7504641405261988,0.045755622809103336,-1.8547822534106475,0.07841697852763364,-1.0822492625136,True,True,0.5751586356775955,0.21117223585103728
387,2020-06-29,2020-07-27,-0.1799417485340041,0.08866831788713025,-2.0293804238291715,0.05182629426935282,-3.4720164941526916,0.12628133548161236,-1.4249275068856486,True,True,0.7332127237096309,0.23236477463537727
388,2020-06-30,2020-07-28,-0.18289241595861935,0.08872439841786425,-2.0613542522683908,0.04741118899096715,-3.8575791886059703,0.12329733961007744,-1.4833443814522584,True,True,0.7326292379039011,0.22665193675377165
389,2020-07-01,2020-07-29,-0.1920034010312537,0.09193458004837246,-2.08847857824802,0.04702545204028411,-4.0829676845376195,0.1285225417480452,-1.493927823242525,True,False,0.7068794064142536,0.22671055702244003
390,2020-07-02,2020-07-30,-0.2141406105725203,0.09393563870625707,-2.2796524676023346,0.04671713748655941,-4.583769941686365,0.1272664904547607,-1.6826158229659098,True,False,0.6918168063494098,0.2308465814636619
391,2020-07-03,2020-07-31,-0.23261038405898624,0.0972301654481831,-2.392368489622198,0.047929852534224306,-4.853142076598104,0.1237921756375234,-1.8790394696680515,True,False,0.6681242976203355,0.23049305112035273
392,2020-07-06,2020-08-03,-0.16283577780063027,0.10218501082902359,-1.593538783032355,0.09544538714713448,-1.706062311315367,0.20151394605421166,-0.8080620770377048,True,False,0.6362300173497026,0.2663315971958557
393,2020-07-07,2020-08-04,-0.15604810600326194,0.10229310706723979,-1.525499718184214,0.10240557238910675,-1.5238243619237009,0.2132381509412849,-0.7318020031332468,True,False,0.6357553737308045,0.25065818098655496
394,2020-07-08,2020-08-05,-0.170866022435949,0.10233438243944569,-1.6696834276305477,0.07501159473127945,-2.2778614832554513,0.18570417339289153,-0.9200979133325686,True,False,0.6349701155066614,0.2853605269412447
395,2020-07-09,2020-08-06,-0.17193857148671285,0.10356330765189412,-1.660226728800972,0.0777837439094559,-2.210469216895214,0.1907782577803752,-0.9012482527471727,True,False,0.6274728434175962,0.2900635649733016
396,2020-07-10,2020-08-07,-0.1999769071427576,0.10299060512092284,-1.9417004775140574,0.08197321334313959,-2.439539686039328,0.18400964182193869,-1.0867740688081444,True,False,0.631050759862263,0.31788359059807425
397,2020-07-13,2020-08-10,-0.2034210542808872,0.10182914005368664,-1.9976703542192245,0.07881057271639298,-2.5811391450347196,0.17897505752074291,-1.136588847064966,True,False,0.6382892963468831,0.3176928814694368
398,2020-07-14,2020-08-11,-0.19748391201248355,0.10082375220243157,-1.9587042507204053,0.07431575975080044,-2.65736248508657,0.17791981439200333,-1.1099601957619822,True,False,0.644700845287144,0.3181866242239359
399,2020-07-15,2020-08-12,-0.2020815696344988,0.10092004773290161,-2.0023927274522766,0.06944090329307648,-2.9101229974156615,0.17483463768132287,-1.155844015319435,True,False,0.6439525396875798,0.3133698981906768
400,2020-07-16,2020-08-13,-0.2160118859406372,0.10195047224985944,-2.1187924015813966,0.06514670686944277,-3.3157759819469574,0.17297422963612025,-1.2488096428875777,True,False,0.6374019248490186,0.30965686794889546
401,2020-07-17,2020-08-14,-0.22312521900716548,0.10574842193753377,-2.1099626350827902,0.06624068297732146,-3.36840154687952,0.1833055156836112,-1.2172313428488635,True,False,0.614375156898209,0.3101014557320714
402,2020-07-20,2020-08-17,-0.20982401205724652,0.1075244810862751,-1.951406879042631,0.07382249972706069,-2.8422772573810926,0.19061424997069187,-1.1007782056667235,True,False,0.6041266950487556,0.30535044816466234
403,2020-07-21,2020-08-18,-0.213775859534483,0.1102239214576521,-1.9394688258901716,0.07543777811007957,-2.833803763712912,0.19467703623670024,-1.098105167753639,True,False,0.5892017829817693,0.3055909772854818
404,2020-07-22,2020-08-19,-0.2552049794323349,0.11169862832242859,-2.2847637725296117,0.06456177482398202,-3.952880479635402,0.18033540135630996,-1.4151684999890635,True,False,0.5814010469221095,0.2889276406458367
405,2020-07-23,2020-08-20,-0.2648437212867802,0.11434677464849953,-2.316145095486132,0.06857589491878598,-3.8620527169267427,0.2088511578270973,-1.268097931762666,True,False,0.5680511644236707,0.2930696147447101
406,2020-07-24,2020-08-21,-0.2769284963787338,0.11319748617587119,-2.4464191364504257,0.068895657109237,-4.019534873434067,0.2015333216875086,-1.374107735931285,True,False,0.5738231007885695,0.2986033025714154
407,2020-07-27,2020-08-24,-0.32679524882270017,0.12318612387636171,-2.6528576315193986,0.0967426150423766,-3.377986512764334,0.22424402860185685,-1.4573197371642035,True,False,0.5269917310885258,0.2981907732441764
408,2020-07-28,2020-08-25,-0.1592135801867189,0.19711712077667684,-0.8077105609060685,0.1906497528645154,-0.8351103413171665,0.5590101270610285,-0.28481340941670846,True,False,0.32965611606254225,0.26677831179552836
409,2020-07-29,2020-08-26,-0.1478858734545755,0.19586460230359257,-0.755041348540103,0.1885723957084522,-0.7842392461472395,0.5509202253079352,-0.2684342789773513,True,False,0.3317669408296792,0.26857807937981065
410,2020-07-30,2020-08-27,-0.15370772248188597,0.19284552522224185,-0.7970510194869591,0.1824351254058426,-0.8425335972990394,0.5362462188104754,-0.28663646864092973,True,False,0.3369706097862609,0.2683881243575756
411,2020-07-31,2020-08-28,-0.25382301963634696,0.1830641031342273,-1.3865253498127779,0.2302287349138623,-1.102481928380105,0.504370073292951,-0.5032475816401583,True,False,0.35478943765664955,0.29372366834003427
412,2020-08-03,2020-08-31,-0.24568956124834576,0.18679186083742771,-1.3153119206954045,0.24797675094743032,-0.9907765962319208,0.5535505914381669,-0.4438430110065016,True,False,0.34772325589518,0.2935563697682583
413,2020-08-04,2020-09-01,-0.326585065601323,0.1335255581260302,-2.4458618273894093,0.12658820022930664,-2.579901325792882,0.44128924136068165,-0.7400703098818429,True,False,0.48601335808852536,0.26352454638194744
414,2020-08-05,2020-09-02,-0.36135294083419206,0.1316581992049281,-2.7446292218515036,0.11880987511865503,-3.0414386049418036,0.49903690651101756,-0.72410063488203,True,False,0.49286206086387124,0.2842249868243514
415,2020-08-06,2020-09-03,-0.30044242996121795,0.13484830113473037,-2.228003077777289,0.06004256733584929,-5.003823841853518,0.3970952833139591,-0.7566003490494154,True,False,0.48164593426710145,0.2345097783680292
416,2020-08-07,2020-09-04,-0.300208781771349,0.1346380017032543,-2.2297477530379357,0.06178117524740041,-4.859227435690146,0.3960059843951051,-0.7580915279093944,True,False,0.482374411342681,0.23098995208304163
417,2020-08-10,2020-09-07,-0.27056956122681153,0.135663971616112,-1.9944098495984002,0.05777830594063899,-4.682891905913488,0.34463012207019555,-0.7851013126812546,True,False,0.4787428352394313,0.1960632863298184
418,2020-08-11,2020-09-08,-0.1557429903959004,0.12345586053360233,-1.2615277211040956,0.10917320752996834,-1.4265678724621929,0.13892245094222785,-1.1210786258059002,True,False,0.5265977720785594,0.2176016249761147
419,2020-08-12,2020-09-09,-0.16378568759664783,0.12594753656846613,-1.3004278770280875,0.11385351123178103,-1.4385650984730347,0.1442301435068327,-1.1355856939079363,True,False,0.5161051510325014,0.22224374976061118
420,2020-08-13,2020-09-10,-0.14497504839037836,0.12260826870740127,-1.1824247248475088,0.12351139322297006,-1.1737787471044137,0.13949344399492522,-1.0392965019607128,True,False,0.5302297359319216,0.22484379898432924
421,2020-08-14,2020-09-11,-0.14139385485308428,0.1228255598081979,-1.1511761483023752,0.12637226149624597,-1.1188678051574201,0.13724857957874223,-1.0302026825127457,True,False,0.5293552682810353,0.2299986269243147
422,2020-08-17,2020-09-14,-0.11388874237608486,0.12049917777633279,-0.9451412406106369,0.140502740552435,-0.810580220202766,0.14195101504005797,-0.8023101655451068,True,False,0.5396233168687764,0.24075325552148882
423,2020-08-18,2020-09-15,-0.11243384377069303,0.12051856671730356,-0.9329171996745149,0.141013754379056,-0.7973253691867679,0.1442425766244484,-0.7794775051989473,True,False,0.5395689271894722,0.2394324656030744
424,2020-08-19,2020-09-16,-0.10490079415477142,0.12126414148787254,-0.8650602962068751,0.14386768088047439,-0.7291477384828581,0.15208810770295797,-0.6897369935041358,True,False,0.5362563618393835,0.2406378821858902
425,2020-08-20,2020-09-17,-0.11320160425792279,0.11920556953296983,-0.9496335171370792,0.13738720431938212,-0.8239603158003318,0.14504639342111106,-0.7804510101072712,True,False,0.5455461821470633,0.24187222772309924
426,2020-08-21,2020-09-18,-0.09535798900568561,0.12034980905779365,-0.7923401769577664,0.13918497146231346,-0.6851169921855055,0.15022048151079545,-0.634786868252934,True,False,0.5402872060863968,0.23592321121129262
427,2020-08-24,2020-09-21,0.10487606589019725,0.10400430491353702,1.0083819701250345,0.20451218117740697,0.5128108520793734,0.26208952437838623,0.40015359690143376,True,False,0.6256209272119553,0.3246018643515446
428,2020-08-25,2020-09-22,0.08138125052620722,0.10176314106984115,0.7997124466741291,0.18632726222379906,0.4367651279524496,0.2509927226350443,0.32423749052094847,True,False,0.6395737981454209,0.3258509617006021
429,2020-08-26,2020-09-23,0.08182987411347135,0.10283149687845955,0.7957666337405278,0.19103925686917617,0.42834062199848544,0.25356998912769335,0.32271119462904296,True,False,0.6329513746000806,0.35237482454014574
430,2020-08-27,2020-09-24,0.0846788153051613,0.10167890595851004,0.8328061214556577,0.18684941532363505,0.45319282995075055,0.2353121443235757,0.35985739515730303,True,False,0.6401438605015174,0.353198575769051
431,2020-08-28,2020-09-25,0.04437213130210101,0.09758335818589804,0.45471002563338014,0.1697261174708512,0.2614337260717785,0.21681233725666998,0.20465685607905118,True,False,0.6671980583846311,0.3568513691828693
432,2020-08-31,2020-09-28,0.08967410036275053,0.09449752099460224,0.948957172832849,0.15120097629302423,0.5930788448678007,0.2146474521698305,0.4177738866977083,True,False,0.6888864918840949,0.329423838655061
433,2020-09-01,2020-09-29,0.0904121729428663,0.09325138014685831,0.9695531883869102,0.15008283878593007,0.6024151306987554,0.21139153942768069,0.4277000545416685,True,False,0.698106110845316,0.32725744108931365
434,2020-09-02,2020-09-30,0.25526725940922207,0.09765878343184203,2.613868926468637,0.06344271009362605,4.023586934298827,0.11438191815025364,2.231709902555573,True,False,0.6654330767797751,0.3465723870407174
435,2020-09-03,2020-10-01,0.26964160830613315,0.09811151927565881,2.748317529856359,0.06476956118335046,4.163091479697205,0.11697555766497188,2.3051106888364665,True,False,0.6623306679260728,0.3413058833424753
436,2020-09-04,2020-10-02,0.26394869068995097,0.09724286947000771,2.714324372866843,0.06390437195015529,4.130369842235959,0.1161674405221471,2.2721400205045374,True,False,0.6683046862821153,0.3413323651812497
437,2020-09-07,2020-10-05,0.2629779627960016,0.09747460908625663,2.697912464191457,0.06874932344500286,3.8251716470544634,0.1229258681774468,2.1393215821456377,True,False,0.6667548929512664,0.35857567915878436
438,2020-09-08,2020-10-06,0.2620216921897639,0.09749250272230997,2.6876086352617907,0.06732723237397337,3.891763896284164,0.12228239865283698,2.1427588522666334,True,False,0.666636980208443,0.3589223071061844
439,2020-09-09,2020-10-07,0.2789134721637052,0.10776298782528444,2.5882121291579825,0.0791123816126075,3.525535023448934,0.15959784398774854,1.7476017544768079,True,False,0.6029266186992809,0.3498069040243879
440,2020-09-10,2020-10-08,0.2659625532710573,0.1025631062356653,2.5931600848743743,0.07365232135904633,3.6110545922174184,0.14356779577037435,1.8525223699641105,True,False,0.6336117689240094,0.3456585338124521
441,2020-09-11,2020-10-09,0.29481713764440826,0.10164596602133137,2.9004312633768277,0.07287822296377063,4.045339274956915,0.13774262414637684,2.1403479095266174,True,False,0.6390803168487457,0.3822448203824168
442,2020-09-14,2020-10-12,0.29375852761084725,0.10310685417905587,2.8490688611322073,0.07598527199939026,3.865992973127799,0.14724543320388866,1.9950264074002484,True,False,0.6300267687022342,0.37949447165309147
443,2020-09-15,2020-10-13,0.2897613365146666,0.10332040119019757,2.8044929479247656,0.06488017214045978,4.46609999565598,0.13354226368222674,2.1698099801885506,True,False,0.6287444345516521,0.39091123383908116
444,2020-09-16,2020-10-14,0.29800214964910077,0.10349117757522101,2.879493273061874,0.06590364527395483,4.521785531139223,0.13138673545953383,2.26812964495098,True,False,0.6276432057475608,0.39329883326188797
445,2020-09-17,2020-10-15,0.3168633903605108,0.1027289137870442,3.0844616055939693,0.0629383320094045,5.034505685869841,0.1091046472705241,2.9042153408447446,True,False,0.6320498756459578,0.39729758836181156
446,2020-09-18,2020-10-16,0.31836011819991716,0.09941366300649908,3.2023779083475143,0.06202795160917346,5.132526706763506,0.10222019231553728,3.1144543068084896,True,False,0.6531468668955828,0.4029560711568247
447,2020-09-21,2020-10-19,0.3233697451258762,0.0997023043605061,3.2433527710315273,0.06645289826459794,4.866149612290845,0.10204941023763361,3.1687566285084166,True,False,0.6512182794172393,0.40743070608628673
448,2020-09-22,2020-10-20,0.197607948965895,0.1240757004996325,1.5926402040863779,0.07296810267913115,2.7081415263715063,0.10517600904538531,1.8788310258152474,True,False,0.523951806113364,0.34111259835551383
449,2020-09-23,2020-10-21,0.10065872379492159,0.11067653453272443,0.9094856847470156,0.106037981324057,0.9492704645829106,0.13778784833018365,0.7305341146899339,True,False,0.5877947340660014,0.3423065718204551
450,2020-09-24,2020-10-22,0.06594578697803252,0.11207651596821593,0.5883996875557255,0.09302892723594174,0.7088739915357678,0.13133175743554892,0.5021313067434998,True,False,0.5804158745424853,0.3115554250369936
451,2020-09-25,2020-10-23,0.03006125108604319,0.12065378396147958,0.24915299047430348,0.1071310481483086,0.28060260405953846,0.15159664041768545,0.19829760740882624,True,False,0.5390111165437701,0.30175818513185293
452,2020-09-28,2020-10-26,0.09153368853410863,0.11688427877724841,0.7831137727987223,0.09591905614225674,0.9542805383567974,0.13711501712079857,0.6675686621069907,True,False,0.5563276680267186,0.2993590594199855
453,2020-09-29,2020-10-27,0.059526548254372494,0.11380859456827748,0.5230408870277419,0.086975604711492,0.6844051093617439,0.12226324983027502,0.48687196141937034,True,False,0.5714215440723202,0.2997285834029137
454,2020-09-30,2020-10-28,0.1520207642722035,0.09398399966815849,1.6175175009465756,0.07712476055279747,1.9711019286488975,0.12203085806712528,1.2457567428443528,True,False,0.6922938927205652,0.34591486883031913
455,2020-10-01,2020-10-29,0.1504570949925059,0.10587751250433901,1.4210486385042334,0.09800292625521181,1.5352306379168403,0.15160151175359324,0.992451152050862,True,False,0.6144161009116429,0.3483595400358897
456,2020-10-02,2020-10-30,0.14247586689633,0.10126022102182856,1.4070270186909488,0.09090014429415494,1.567388786922877,0.14062268608139283,1.0131783915282668,True,False,0.6425740329773569,0.3474562263591013
457,2020-10-05,2020-11-02,0.14974639368689063,0.10153402574503742,1.474839518950224,0.08729761446090524,1.7153549339421184,0.13578821937624724,1.1027937060723032,True,False,0.64080174953287,0.3482417456395907
458,2020-10-06,2020-11-03,0.15974538399499502,0.10148029187688351,1.5741517987433369,0.0886221183681507,1.8025453118981731,0.1347919513955093,1.1851255385884787,True,False,0.6410764882014925,0.3615991579174728
459,2020-10-07,2020-11-04,0.06470271522231441,0.06978666712002055,0.9271500974682936,0.0661977231090689,0.977416022537644,0.12247770349506125,0.5282815841246032,True,False,0.9349319563546139,0.36445024018315486
460,2020-10-08,2020-11-05,0.07106661387384346,0.06980744895740665,1.0180376870268544,0.06772433171372168,1.0493512756131722,0.13637020698877783,0.5211300579729388,True,False,0.9344362954228166,0.38420575844932414
461,2020-10-09,2020-11-06,0.07024134513246416,0.07119794641611311,0.9865642011911672,0.07327951158072764,0.9585400286829626,0.15951290588206574,0.440348978310234,True,False,0.9158888354131602,0.3905806970057319
462,2020-10-12,2020-11-09,0.04976690400581763,0.07157247195199072,0.6953358274281795,0.061751282751355024,0.8059250235530627,0.12566251339996906,0.39603619774351806,True,False,0.9114468790430659,0.35957323632240296
463,2020-10-13,2020-11-10,0.04982376692817713,0.07157229273600435,0.6961320508755108,0.06179995179768015,0.8062104496665226,0.12606587293359725,0.39522010016478315,True,False,0.9114457290474138,0.35950006895846176
464,2020-10-14,2020-11-11,0.047013150158120534,0.07122053903776912,0.6601066320656305,0.06641498058253603,0.707869666538497,0.12944137831565147,0.36320032102467126,True,False,0.9158487799218807,0.33270945240765515
465,2020-10-15,2020-11-12,0.048997094003242384,0.07121685181133866,0.6879985952347504,0.062474017055391365,0.7842795503256988,0.12697912389734078,0.3858673181810202,True,False,0.9159918272048624,0.33618553058814565
466,2020-10-16,2020-11-13,0.04016286119073347,0.07133706379364702,0.5630013215417791,0.06665322490342804,0.6025644107831887,0.12395503127494567,0.32401154497430523,True,False,0.9143643468623225,0.3228297402633967
467,2020-10-19,2020-11-16,0.036270295493612964,0.07281540896244096,0.4981129133302212,0.06907019901157063,0.5251222091822404,0.13597392528625343,0.2667444910283824,True,False,0.8955943389775137,0.32562643509195865
468,2020-10-20,2020-11-17,0.035496981271101034,0.07282582481853059,0.4874229898467116,0.06774904638824633,0.5239480577730957,0.13161302760848545,0.2697072008456133,True,False,0.8955346491126484,0.32142340720597273
469,2020-10-21,2020-11-18,0.0383953847840411,0.0734220474994258,0.5229408071784075,0.06849656728188086,0.5605446565816107,0.13820356582535867,0.2778176131327866,True,False,0.8881822666348553,0.32229877781823535
470,2020-10-22,2020-11-19,0.06884003078613737,0.07639471409832793,0.9011098686426537,0.07054924097439703,0.9757728054242292,0.17802392038011047,0.3866897810089371,True,False,0.8533833656691049,0.32375800834595364
471,2020-10-23,2020-11-20,0.06883454074532881,0.0754195621870687,0.9126881507823318,0.07347371454124108,0.9368594084989635,0.1689469575820537,0.40743285188724065,True,False,0.8644347458331386,0.3205221926357016
472,2020-10-26,2020-11-23,0.07572554334851891,0.07564156161195679,1.001110259158754,0.07140050030415004,1.0605744081056179,0.1817317640506884,0.4166885395301486,True,False,0.8618968174814765,0.32712765421544354
473,2020-10-27,2020-11-24,0.06550791042844903,0.07677962621655408,0.8531939220918633,0.07383296067850453,0.8872447999707639,0.18738702569117555,0.3495861583096462,True,False,0.8489612999441091,0.32408346521852566
474,2020-10-28,2020-11-25,0.07817998534714975,0.07819066625022315,0.9998633992574097,0.08878208570168214,0.8805828870684943,0.21426417373306908,0.3648766099578859,True,False,0.8334860599423345,0.3238186133965567
475,2020-10-29,2020-11-26,-0.002702127683643986,0.09058140167565153,-0.029830932549703783,0.043257388871923944,-0.06246626886436487,0.17317782048259256,-0.015603197199930101,True,False,0.7188116028819019,0.2741131377733222
476,2020-10-30,2020-11-27,-0.025811428175054524,0.09114830442994791,-0.2831805631106601,0.032606731691127655,-0.7915981405176482,0.1086262058405946,-0.23761695417155554,True,False,0.7141316386497509,0.24596209848139122
477,2020-11-02,2020-11-30,-0.01654263266096748,0.0896447183906724,-0.18453549699241126,0.032899197981788766,-0.5028278400623807,0.1515371593446556,-0.10916551908791543,True,False,0.7262059323686956,0.2486144713180444
478,2020-11-03,2020-12-01,-0.024056531830621373,0.09096802147912704,-0.26445042378041866,0.04176957592694972,-0.5759343085669228,0.15709956260717298,-0.15312920947319672,True,False,0.7153869204980011,0.24957370196962517
479,2020-11-04,2020-12-02,-0.026110117254177275,0.08770472065203268,-0.29770481064262005,0.026132863054855817,-0.9991296093110504,0.08538418333378162,-0.3057957133829844,True,False,0.7423590756411511,0.2208835365291552
480,2020-11-05,2020-12-03,-0.11185274979290123,0.16487712815958167,-0.678400643202864,0.11289896290535838,-0.9907331911158992,0.19348552475131123,-0.5780936322583647,True,False,0.39383310544565464,0.2358838458812961
481,2020-11-06,2020-12-04,-0.17722601620299924,0.1690366258515463,-1.0484474314971546,0.10648016308435294,-1.664404064281925,0.17657247321498362,-1.0037012733418527,True,False,0.38416795834807127,0.209086078131568
482,2020-11-09,2020-12-07,-0.12270855711524024,0.15335580275088548,-0.8001559439819222,0.08166280903181675,-1.5026247390955119,0.15587367919615486,-0.78723077397064,True,False,0.4236761387014585,0.20076958615106627
483,2020-11-10,2020-12-08,-0.12323814599798434,0.14785251139360306,-0.8335208163621111,0.078730450432607,-1.5653174257332083,0.14444376068796663,-0.8531912033515139,True,False,0.4394627870862678,0.19846300333208075
484,2020-11-11,2020-12-09,-0.1313087703099167,0.14753943828295416,-0.8899909870748596,0.08263941898361488,-1.5889362718771245,0.14499837429612725,-0.9055878795009622,True,False,0.44042769015577804,0.20478168807401764
485,2020-11-12,2020-12-10,-0.1169323650561558,0.15157939321944283,-0.7714265281882464,0.08761999596122283,-1.3345397220504949,0.1486495745610126,-0.7866310105594106,True,False,0.4286566407004516,0.20405722026684053
486,2020-11-13,2020-12-11,-0.08242918280278169,0.1429560672018726,-0.5766049977185015,0.08843208753328612,-0.9321184776029977,0.13584067891084298,-0.6068077947172428,True,False,0.454574872205595,0.20172757302703923
487,2020-11-16,2020-12-14,-0.09183705438673277,0.14158138497996475,-0.6486520413663751,0.08410784892447463,-1.0918963635510242,0.13395316591628156,-0.6855907716591735,True,False,0.4590080630283129,0.20304446708560592
488,2020-11-17,2020-12-15,-0.08692766207309124,0.13933374396830195,-0.6238809034864308,0.08618916569867133,-1.0085683202573488,0.132030790463014,-0.6583893178875001,True,False,0.46646038420457064,0.19835760354911913
489,2020-11-18,2020-12-16,-0.08698923295561285,0.1393338768208639,-0.6243222031886151,0.08645894972530097,-1.0061333526719525,0.132037184702441,-0.6588237484133866,True,False,0.4664603842045706,0.19833408018620421
490,2020-11-19,2020-12-17,-0.12148537852231714,0.1362772368871846,-0.8914575999430285,0.07238160362119925,-1.6784013125503108,0.12540645493141495,-0.9687330575508075,True,False,0.4768166676883612,0.21216466450345967
491,2020-11-20,2020-12-18,-0.11563198814785351,0.13655481398417127,-0.8467807525354396,0.07735838239564892,-1.4947570588595622,0.12602759431929011,-0.917513253921999,True,False,0.4758925096957346,0.22387364807928542
492,2020-11-23,2020-12-21,-0.0443923079880625,0.12868170875981458,-0.34497760727533616,0.08730494811022903,-0.5084741351889229,0.1440567902818602,-0.3081583860171042,True,False,0.5052412420933277,0.23801219486550704
493,2020-11-24,2020-12-22,-0.1025650976200912,0.11744927391420934,-0.8732714490428415,0.06163174109994393,-1.6641603139812076,0.14459872900357992,-0.7093084311795848,True,False,0.553647720266284,0.23751507391711865
494,2020-11-25,2020-12-23,-0.09507436800225774,0.11352579594486552,-0.837469292427874,0.060289341125278374,-1.576968104605717,0.1346306949154513,-0.7061864165669269,True,False,0.5728962536810431,0.23405753864370096
495,2020-11-26,2020-12-24,-0.10594717213227614,0.1040005944561891,-1.0187169860544119,0.054966005790848774,-1.9275035653020864,0.11369854192738749,-0.9318252489107408,True,False,0.6256058485167656,0.2315080405039192
496,2020-11-27,2020-12-25,-0.1044777693693081,0.1042824860871982,-1.001872637385597,0.05427025824138321,-1.9251386073125352,0.11324297487244937,-0.922598240526497,True,False,0.623908008685463,0.2315080405039192
497,2020-11-30,2020-12-28,-0.10347940080099866,0.1040635413013463,-0.9943866940040402,0.053348482009744694,-1.9396878205849792,0.11193199597911273,-0.9244845488175572,True,False,0.6252237336054932,0.2314566006188466
498,2020-12-01,2020-12-29,-0.10000186770530278,0.10546855489891709,-0.9481676107266884,0.05688075874140546,-1.758096585172799,0.12209435667050882,-0.8190539713082222,True,False,0.6167760068311106,0.243170922051245
499,2020-12-02,2020-12-30,-0.12407993129419068,0.10449593368439877,-1.1874139683649316,0.060981133954277636,-2.0347265334098767,0.11529378185737303,-1.0762066201253313,True,False,0.6224851145116337,0.23506333794343953
500,2020-12-03,2020-12-31,-0.11813667115905546,0.10651167385538636,-1.109142940701999,0.06189573903254339,-1.908639803087929,0.12246619382987928,-0.9646472015220947,True,False,0.6107510382101142,0.2341694466455117
501,2020-12-04,2021-01-01,-0.058891865495479055,0.11219558742066017,-0.5249035799837032,0.03046892915384605,-1.932849861513601,0.10502815692267074,-0.5607245449316935,True,False,0.5799389272306855,0.20824552877196273
502,2020-12-07,2021-01-04,-0.0652745076729,0.11126633277966495,-0.5866510205037473,0.030558173612089227,-2.1360735920119427,0.10152699109070415,-0.6429276291127725,True,False,0.5847984434540702,0.2043714483432809
503,2020-12-08,2021-01-05,-0.05936724635193952,0.1148747786648941,-0.5167996582184687,0.03449532726070741,-1.7210228476238565,0.11729045920338071,-0.5061558012062788,True,False,0.5663584532693372,0.20805850040125795
504,2020-12-09,2021-01-06,-0.048364098128257156,0.11465009299880033,-0.42184089749288933,0.03470584752118931,-1.3935432090724462,0.11535431546372105,-0.4192656159748759,True,False,0.5674696335949553,0.20795719237063096
505,2020-12-10,2021-01-07,-0.0390665726560261,0.1147621274772368,-0.34041345794826783,0.036518602606412764,-1.0697718386728716,0.1095198810329364,-0.35670758849963907,True,False,0.5669522165507195,0.22684236558886442
506,2020-12-11,2021-01-08,-0.037557223582832526,0.11566016321134256,-0.32472047885844035,0.03884198439004774,-0.9669233993218842,0.11265005845025745,-0.33339728447115324,True,False,0.5625442731371297,0.22683258396037867
507,2020-12-14,2021-01-11,0.022214382367824317,0.10877775612096209,0.2042180603828753,0.08107350240852136,0.2740029936771233,0.11569687356334903,0.1920050359499212,True,False,0.598300231487028,0.25077234666283377
508,2020-12-15,2021-01-12,0.04090163780515627,0.10377160575301458,0.39415057238784296,0.08453825011900527,0.48382404115981414,0.10505848719044213,0.3893225468877432,True,False,0.6272506347994151,0.25564448904760906
509,2020-12-16,2021-01-13,0.035705975724743245,0.1040813539125163,0.34305833256891777,0.0883689562848652,0.4040556460760027,0.10514997517600207,0.3395718892465537,True,False,0.6253896806011295,0.2513715741974155
510,2020-12-17,2021-01-14,0.040221154978952504,0.10343299920004269,0.3888619230808876,0.09000394208329976,0.4468821481366597,0.10408389807510109,0.3864301368683481,True,False,0.629319309959246,0.2528514306865837
511,2020-12-18,2021-01-15,0.09167171737651401,0.10483646779030593,0.8744258492176208,0.08623140523028429,1.0630896844566218,0.08373883813114481,1.0947335719292568,True,False,0.6207601661573721,0.24421625495305152
512,2020-12-21,2021-01-18,0.0801050910686844,0.10305562058288675,0.7772995845894359,0.08223381426232622,0.974113772871447,0.08517456625947442,0.9404813500858171,True,False,0.6315737501459632,0.2320087372085091
513,2020-12-22,2021-01-19,0.050125558446126,0.11150595421733209,0.4495325724797453,0.11046743761778287,0.4537586779152092,0.11249941091419659,0.4455628526300179,True,False,0.5835873580100033,0.22147123224805443
514,2020-12-23,2021-01-20,0.08398332658074743,0.11448858831529182,0.7335519444913103,0.09894485844610966,0.8487891932908164,0.1065650213199139,0.7880946819184222,True,False,0.5682706989748377,0.21425414487003872
515,2020-12-24,2021-01-21,0.061196653233191414,0.11461297017578541,0.5339417793582371,0.10515046528638039,0.5819912738048332,0.1102083818067974,0.5552812973923635,True,False,0.5676801611557216,0.21584427805615516
516,2020-12-25,2021-01-22,0.10681910465689837,0.12289983275527916,0.8691558178895077,0.09250836747484813,1.1546966785025274,0.1072641706932525,0.9958507483582107,True,False,0.5292305093121004,0.22906590208323754
517,2020-12-28,2021-01-25,0.10395723053739585,0.12310493598397451,0.8444602948408887,0.09536070561440513,1.0901474550508374,0.10594562998250581,0.9812318880407026,True,False,0.5283583554883409,0.23832495313653715
518,2020-12-29,2021-01-26,0.11437562172663072,0.12327186187945623,0.9278323534893562,0.09458133911133429,1.2092831715143728,0.1089519198594271,1.0497806910993532,True,False,0.5276198643957128,0.2416636981756564
519,2020-12-30,2021-01-27,0.13414978902820604,0.11891113195280187,1.1281516442165624,0.08869953179529978,1.512406957657861,0.09216765683596487,1.4554974449112748,True,False,0.5469431019556273,0.2380687245481844
520,2020-12-31,2021-01-28,0.1654468114920249,0.12194655452507489,1.3567157525389977,0.07085296835567945,2.335072408843729,0.07947122400379249,2.0818455178710917,True,False,0.533192591548881,0.23409226830759355
521,2021-01-01,2021-01-29,0.16406370742653922,0.12053490646994926,1.3611302504095957,0.06948794881880446,2.361038283837516,0.07826881961535039,2.0961566589712874,True,False,0.5394581883980427,0.23468423452598
522,2021-01-04,2021-02-01,0.18643054696562894,0.1166955283962916,1.5975808972947194,0.0653161324917482,2.854280249817025,0.07123104781853874,2.6172652610777423,True,False,0.5571108890864365,0.24945673560082188
523,2021-01-05,2021-02-02,0.20748769553267307,0.11844316777024015,1.7517911707255613,0.06761176816161067,3.0688103739088817,0.07010304428625938,2.9597529985347855,True,False,0.5487854877484077,0.2500692641837942
524,2021-01-06,2021-02-03,0.18177891077731365,0.11497465830448483,1.5810345815154554,0.061099546674399784,2.975126996375532,0.06596484644031628,2.755693685147645,True,False,0.5654323463534914,0.24295316505271905
525,2021-01-07,2021-02-04,0.1789113565246392,0.1178291942868913,1.5183958237805193,0.062158835455657396,2.878293250076575,0.0653096516978328,2.7394321034263927,True,False,0.5515916866870166,0.25382220680563716
526,2021-01-08,2021-02-05,0.19931698990202398,0.11627606339891955,1.714170432638469,0.06438498954099597,3.0957058675161004,0.07466467652852458,2.6694951236529865,True,False,0.5590828894189132,0.26739729834029163
527,2021-01-11,2021-02-08,0.2047809654577136,0.11537844476144211,1.7748632847419743,0.06509368365738012,3.1459421859665513,0.07445659144718349,2.7503403188014186,True,False,0.5634379221837368,0.271225902395866
528,2021-01-12,2021-02-09,0.16563711037067505,0.13373477220149987,1.2385493140191506,0.074961395385532,2.2096321649135686,0.10197812005789107,1.6242416537650033,True,False,0.4861427396916481,0.25675112336732087
529,2021-01-13,2021-02-10,0.16564666525249375,0.1440116497308119,1.1502310095198705,0.08671348769235271,1.9102756636912688,0.1191012949417298,1.3908049054675369,True,False,0.45139558340833746,0.2534556917984883
530,2021-01-14,2021-02-11,0.15689384398635794,0.14407096525289761,1.0890039065883361,0.08582072827023111,1.828157918822744,0.11716232290283021,1.339115170296508,True,False,0.4512213966862945,0.25078984583657826
531,2021-01-15,2021-02-12,0.1476922445227468,0.1452430342460237,1.0168628415774792,0.08848959457818134,1.669035158616976,0.11654652916765545,1.2672384632775064,True,False,0.44758294410383165,0.2471617566320425
532,2021-01-18,2021-02-15,0.12387507190584753,0.1474468695974965,0.8401336172412764,0.10113937385033377,1.2247957169396568,0.11946883596790384,1.036881885574975,True,False,0.44092955613679613,0.23716634049388985
533,2021-01-19,2021-02-16,0.1595883895278124,0.14285519615051362,1.117133949819148,0.08224643736066797,1.9403684177587373,0.11026395425786045,1.4473305496971667,True,False,0.4550588328350495,0.24431235232891274
534,2021-01-20,2021-02-17,0.22199005805119107,0.1568082559821655,1.41567838160536,0.0581362138670238,3.818447113858389,0.11112376115435962,1.997683085463868,True,False,0.4144011597883445,0.2474758079476145
535,2021-01-21,2021-02-18,0.2176213405136176,0.15932325592046787,1.3659107030944144,0.056133912466062655,3.8768247384357313,0.11528841644755629,1.8876253765929005,True,False,0.4078541101139233,0.2483628389064026
536,2021-01-22,2021-02-19,0.28033965147642365,0.15995487674694958,1.7526170953819942,0.05323155681046648,5.266418423090395,0.11376268981749962,2.4642494997802014,True,False,0.4061234406622389,0.26029634808391316
537,2021-01-25,2021-02-22,0.19412493639918918,0.1331934156694359,1.4574664627640097,0.05345214210547107,3.631752232046087,0.10733638527279354,1.8085659947074242,True,False,0.48804713429398683,0.2544303011587632
538,2021-01-26,2021-02-23,0.19978803500994702,0.13307714815269325,1.5012948337359124,0.05453078008944004,3.663766311104657,0.10617345808984213,1.8817135525612236,True,False,0.48846574845574636,0.2469896568205222
539,2021-01-27,2021-02-24,0.18347709474333548,0.13489402791370647,1.3601572848036554,0.05456333907403493,3.3626441830178746,0.1055118104782736,1.7389247128985248,True,False,0.48192005782733965,0.24592157332565626
540,2021-01-28,2021-02-25,0.1517566570653865,0.12951300469914917,1.1717484079526066,0.04230073123269686,3.5875658089826197,0.08659070067570027,1.7525745360780247,True,False,0.502052938102342,0.2345741636955051
541,2021-01-29,2021-02-26,0.23424362051145875,0.10267356274976157,2.2814404627446585,0.04821196273354593,4.858620293184451,0.09926002687308794,2.3598988222213397,True,False,0.6331633054635718,0.2933062580948939
542,2021-02-01,2021-03-01,0.17193705536830006,0.08395464086673929,2.0479755924537244,0.03298415721693357,5.212716342500034,0.1030961125681899,1.6677355827027651,True,False,0.7753797039688161,0.30035228405650993
543,2021-02-02,2021-03-02,0.15762788598408933,0.0844772985809737,1.8659200593754648,0.032513204529190626,4.848119041682579,0.10498139392310285,1.501484025822225,True,False,0.770710038963524,0.2865662459594196
544,2021-02-03,2021-03-03,0.14998723222860696,0.08425596434966384,1.780137861886633,0.032475575581285,4.618462630575869,0.09904136263074668,1.5143898291040323,True,False,0.7727920939894152,0.2882045889091934
545,2021-02-04,2021-03-04,0.14191640194046212,0.08431235628585869,1.6832218691563847,0.04500453088284508,3.153380318748264,0.10542192149996785,1.346175443600745,True,False,0.7723525188116408,0.2884594643730425
546,2021-02-05,2021-03-05,0.16486710129623242,0.08429201459730849,1.9559041515837343,0.04479012736914324,3.6808803854800476,0.10451894378547906,1.5773896609079359,True,False,0.7722982329202497,0.33885025589196394
547,2021-02-08,2021-03-08,0.15646062155095056,0.08499957932109219,1.840722304752933,0.0363568331426799,4.303472223142526,0.09467611959399193,1.6525880255962606,True,False,0.7657245040424657,0.33039729937315104
548,2021-02-09,2021-03-09,0.15570074990408503,0.08623960616519645,1.8054436566631826,0.03789380782772359,4.10887052079713,0.1021227348557142,1.5246433629501739,True,False,0.7547220639900767,0.33630951830962524
549,2021-02-10,2021-03-10,0.16397448572625428,0.08560796242502959,1.9154116168791364,0.04160902461446466,3.940839451190869,0.1023936136169533,1.6014132125434144,True,False,0.7602500816015273,0.33904951538203465
550,2021-02-11,2021-03-11,0.19067283265999438,0.08385677433985603,2.273791642488329,0.06469842282165464,2.947101711978301,0.114560061541584,1.6643918490806877,True,False,0.7760242452954641,0.3657266106144677
551,2021-02-12,2021-03-12,0.18842023221379903,0.08356857115697192,2.254678159566446,0.06406065512767502,2.941278571664171,0.11349554641719356,1.6601552938579012,True,False,0.7787141868752643,0.3649655737131228
552,2021-02-15,2021-03-15,0.18761964973229636,0.08373850470557369,2.2405421543168336,0.06465252922678398,2.9019692187783748,0.11284125323522526,1.662686689070977,True,False,0.7770972928484808,0.3646739599497402
553,2021-02-16,2021-03-16,0.19177926555120195,0.08330080487899483,2.302249850163946,0.06580295989611476,2.914447402578395,0.11343887569211207,1.6905956126691164,True,False,0.7811896080040024,0.3687087811405344
554,2021-02-17,2021-03-17,0.1827048162390669,0.08372545306280858,2.182189639535383,0.05997388465237426,3.0464062366157556,0.10836012202440022,1.686089059570512,True,False,0.7773144214812904,0.3663931292028173
555,2021-02-18,2021-03-18,0.1905051345830891,0.08350566880192133,2.2813437376925227,0.06070158540800853,3.1383881212096845,0.11274730018623579,1.6896647127550999,True,False,0.7793626950228617,0.3746256439459528
556,2021-02-19,2021-03-19,0.19177909980759741,0.0838074400867113,2.288330243820517,0.060498291557528804,3.169991992670265,0.11403721606082917,1.6817237953730784,True,False,0.776526535152398,0.37546856343546325
557,2021-02-22,2021-03-22,0.1616177528060088,0.08185727391331464,1.974384744074901,0.057989884141156536,2.7869990637092092,0.10129752498136653,1.5954758305865622,True,False,0.7953785382776857,0.36171722603735934
558,2021-02-23,2021-03-23,0.17803402459435083,0.0856405472361916,2.0788520197488163,0.06291675623208577,2.8296758328993206,0.11351590965588085,1.5683618722173323,True,False,0.7599025689485278,0.36322822760921075
559,2021-02-24,2021-03-24,0.17118629132748367,0.08540094387582671,2.0045011630830354,0.06251791351945452,2.738195849645772,0.10575874407765204,1.6186490565904628,True,False,0.7620100273042603,0.3672109778033917
560,2021-02-25,2021-03-25,0.17459251251791424,0.08546063772896445,2.042958222142322,0.06301486574358899,2.770655946937044,0.10097561902351183,1.7290561246993787,True,False,0.7612723920889087,0.36640883907482485
561,2021-02-26,2021-03-26,0.19188929295906906,0.08666509331039397,2.2141474223285154,0.06087679167282765,3.15209273823671,0.10800116051638839,1.7767336206535602,True,False,0.7505887824547351,0.3725245224748108
562,2021-03-01,2021-03-29,0.14348530487909897,0.10387053261650002,1.3813860511225113,0.08469790895219363,1.6940832029287398,0.12147956073451517,1.1811477092239062,True,False,0.6262773358875542,0.33413936610574285
563,2021-03-02,2021-03-30,0.22414881926606406,0.144185228265919,1.5545893429018207,0.14987169663777172,1.4956047358816147,0.19976378778378537,1.1220693287447667,True,False,0.45060539766575863,0.32844016347261634
564,2021-03-03,2021-03-31,0.25779747310589657,0.13994746885712595,1.842101720103885,0.14223797247996944,1.812437766168248,0.19149073372678133,1.3462660468663805,True,False,0.46421692852903507,0.33990043605503184
565,2021-03-04,2021-04-01,0.253955897932574,0.13336832519758476,1.9041695061877633,0.12057576319201149,2.1061935766324833,0.17185358362827433,1.4777457215084326,True,False,0.48717655554249395,0.33924237023224635
566,2021-03-05,2021-04-02,0.3474125343779289,0.14605487642974627,2.3786438554486575,0.17079953225684694,2.034036802018244,0.21520480815807289,1.6143344442506433,True,False,0.44451636203187783,0.33877083146014497
567,2021-03-08,2021-04-05,0.2720328857663505,0.1481973531266078,1.835612310389563,0.1290293886259551,2.1083017494173366,0.17303928398310275,1.5720874445649835,True,False,0.4383905726564693,0.2798590978605462
568,2021-03-09,2021-04-06,0.20776206144181014,0.1559179654778737,1.3325088023374294,0.11049897140763433,1.88021715311149,0.1610695666585275,1.2898902365725746,True,False,0.41676943790850574,0.2612679017118737
569,2021-03-10,2021-04-07,0.2112791032814751,0.1518142800421324,1.3916945311260551,0.11213809681641033,1.8840974591121866,0.15484575667839848,1.364448776728728,True,False,0.4280693859164929,0.25621535933243655
570,2021-03-11,2021-04-08,0.19565863605378583,0.1478944451742422,1.3229613581718378,0.10167436183339998,1.9243655187566868,0.1456560512569484,1.3432921898220973,True,False,0.43946994230476294,0.2499819929700098
571,2021-03-12,2021-04-09,0.10002820871424167,0.15326718719254392,0.6526394236528913,0.07838656076685567,1.2760887547006243,0.11397019529971683,0.8776698894933823,True,False,0.42417805598053593,0.2143721246383365
572,2021-03-15,2021-04-12,0.08244396052001272,0.14911651162325043,0.5528828405556528,0.08416743757172863,0.9795232324823108,0.10990299472155866,0.7501520839253386,True,False,0.4360219391765874,0.21363541005803882
573,2021-03-16,2021-04-13,0.08115121982823569,0.14796260247381401,0.5484576404540977,0.08385719960912986,0.9677310977052999,0.10799459845866699,0.751437766207306,True,False,0.43943655028834455,0.21297291245661734
574,2021-03-17,2021-04-14,0.07209913589577795,0.14784999354453876,0.48765058534857897,0.08412690293835945,0.8570282915158025,0.10269138112423887,0.7020952986166427,True,False,0.439779889949421,0.21483831835304573
575,2021-03-18,2021-04-15,0.0759378492455104,0.1480531058188105,0.5129095321947803,0.08431408299516839,0.9006543930491662,0.09915134003655861,0.765878194056792,True,False,0.43916932275498616,0.21349618277106008
576,2021-03-19,2021-04-16,0.06085968194550012,0.14893694034254834,0.4086271801040464,0.08628222655701771,0.7053559507447613,0.09562548210118102,0.6364379097310556,True,False,0.43657208843062223,0.202264772965017
577,2021-03-22,2021-04-19,0.04004376903453069,0.14645727214230586,0.27341605130827495,0.08635077341322321,0.46373376232434116,0.08524305689653516,0.46975989004165253,True,False,0.4439713352498614,0.20450247040721306
578,2021-03-23,2021-04-20,0.08220980472721952,0.17423328784297124,0.47183753314298693,0.13763832417970792,0.5972886201366563,0.1127017887665097,0.7294454296332239,True,False,0.37306953649367725,0.20487772453102052
579,2021-03-24,2021-04-21,0.031196341019782525,0.17666778531065447,0.17658194426859744,0.13038651951767008,0.23926047827018476,0.10766841451995952,0.2897445937034706,True,False,0.3679206154261871,0.19395403511350345
580,2021-03-25,2021-04-22,0.03000815480763355,0.17629655748931286,0.1702140713068243,0.13307048862205928,0.22550570842842052,0.10856243468712945,0.27641379722290943,True,False,0.3686719508709944,0.17630885238194952
581,2021-03-26,2021-04-23,0.004334348919935624,0.1759468480475376,0.024634422088451183,0.11860015470617392,0.03654589600387758,0.10815101506775555,0.040076821444719656,True,False,0.36935933243096153,0.15575760489571486
582,2021-03-29,2021-04-26,0.0012966137938181504,0.17892902187199305,0.00724652591431342,0.11187648872473642,0.011589689742662284,0.11108468909136775,0.011672299795984293,True,False,0.36318955602974035,0.15672271594691317
583,2021-03-30,2021-04-27,-0.014981926164986992,0.1811202879458336,-0.08271810041218317,0.09873326020749754,-0.15174143073469892,0.11232366739623847,-0.13338173968390843,True,False,0.35877896495714784,0.15128257695476421
584,2021-03-31,2021-04-28,-0.08112328210343793,0.18629499716348039,-0.4354560419690144,0.06242649852441083,-1.2995007572259725,0.09623956021876075,-0.8429307232809229,True,False,0.34872859517673555,0.13190110029121047
585,2021-04-01,2021-04-29,-0.12015798018739911,0.1922541825204877,-0.6249954025036328,0.052153398052666076,-2.3039338695833385,0.08516108776792104,-1.4109493353918958,True,False,0.3379272968855953,0.12128385913604778
586,2021-04-02,2021-04-30,-0.12918775319620954,0.20811367175297993,-0.6207557250229512,0.05393147204514723,-2.3954056564238337,0.09644022524086161,-1.3395629559508,True,False,0.3121891143611827,0.14812412640763672
587,2021-04-05,2021-05-03,-0.12865431514514125,0.2073738212893037,-0.6203980538394853,0.05281434113351968,-2.4359731160877476,0.09529991761327031,-1.3499939807631736,True,False,0.31329511367865354,0.14741354375425042
588,2021-04-06,2021-05-04,-0.035013556717541076,0.19518163604095326,-0.17938960563992037,0.0764392434123688,-0.45805734272711884,0.11376514062843836,-0.30777052200811494,True,False,0.33297161549089127,0.1543542145178021
589,2021-04-07,2021-05-05,-0.019181949878493167,0.1968675281759969,-0.09743582426323129,0.07300819553039203,-0.26273693986188246,0.11276790739727621,-0.1701011424368817,True,False,0.33012635460735174,0.15039122077469297
590,2021-04-08,2021-05-06,-0.0667291077134263,0.20648598895233805,-0.32316530555895967,0.07980475860535124,-0.8361544960421926,0.13071898993528214,-0.5104775346448386,True,False,0.31469712749856604,0.15577673648071524
591,2021-04-09,2021-05-07,-0.04799770927697285,0.21686168008713563,-0.22132867944990203,0.12403881816690149,-0.38695716378391415,0.15665379543626662,-0.3063935293958476,True,False,0.2995545301687374,0.2138414199323711
592,2021-04-12,2021-05-10,-0.009583696549257474,0.22476898403234913,-0.04263798490933327,0.12192042827749948,-0.07860615882552763,0.1740679290106825,-0.05505722164747146,True,False,0.28895375489767144,0.21102756998098054
593,2021-04-13,2021-05-11,0.12466894727635848,0.24163572351650453,0.5159375669377925,0.13839325869033356,0.9008310697800362,0.15976067937680946,0.7803481292309475,True,False,0.2687460954462055,0.2145674114308519
594,2021-04-14,2021-05-12,0.13995844665176074,0.266304672574628,0.5255576077529749,0.15020759399785347,0.9317667830679773,0.19064422041638948,0.7341342231412784,True,False,0.24391723481223204,0.26325430027355384
595,2021-04-15,2021-05-13,0.1382323551805895,0.2618695436313162,0.5278672474230359,0.14772691107725602,0.9357290027427622,0.18850948673956286,0.7332912394566421,True,False,0.24807161878728382,0.26123487375418514
596,2021-04-16,2021-05-14,0.18632783863239302,0.19210309597994052,0.9699366773966488,0.08243510887215495,2.260297113470922,0.1053790092824277,1.768168441715117,True,False,0.33818154311470605,0.2723601937546177
597,2021-04-19,2021-05-17,0.1853999078678159,0.19361537773359494,0.9575680921528706,0.08455151214417213,2.192745028044953,0.10984429662652712,1.6878428244497703,True,False,0.3355460836778931,0.2720398725401958
598,2021-04-20,2021-05-18,0.20884357136977616,0.19632171033898907,1.0637823550394176,0.06017973601984846,3.4703304664031003,0.09414162083389917,2.218397872480376,True,False,0.33090332131436906,0.2705949556799669
599,2021-04-21,2021-05-19,0.184594647260225,0.18193224991876156,1.0146340043760922,0.0648757690142882,2.8453558249085265,0.09275399989156277,1.9901529581045743,True,False,0.3571127839035202,0.2705559088084095
600,2021-04-22,2021-05-20,0.16884415165159777,0.1789649112911928,0.9434483577446777,0.064433254899809,2.620450447740741,0.09616553076826147,1.7557658165322914,True,False,0.36306832446384996,0.27069263776531716
601,2021-04-23,2021-05-21,0.08219574812528521,0.16501076443788903,0.4981235521530121,0.11691860226386876,0.7030168556050732,0.14979512229623973,0.5487211256634392,True,False,0.3939076184399464,0.27465740847766534
602,2021-04-26,2021-05-24,0.07281999349872781,0.16737375819022876,0.4350741375835284,0.12975225129825377,0.5612233527365997,0.16483478632221157,0.44177564168028577,True,False,0.388336150197783,0.2747405718019071
603,2021-04-27,2021-05-25,0.052572322002131196,0.17110563931941003,0.3072506681325228,0.1387271872369774,0.37896192555483577,0.1886635785287876,0.2786564445140605,True,False,0.3798767931476659,0.27101169053816054
604,2021-04-28,2021-05-26,0.052485527020113734,0.1710642504155825,0.3068176249134795,0.13928146964669377,0.3768306520117166,0.18768071898804373,0.27965327127427164,True,False,0.37996231898431365,0.26982230178869826
605,2021-04-29,2021-05-27,0.048083843307832094,0.16899712321303634,0.284524626180873,0.1346881680229723,0.35700124230385966,0.17564500043789757,0.27375583243448476,True,False,0.38463422975265477,0.2696113033502503
606,2021-04-30,2021-05-28,0.04762966264468466,0.16903782267581455,0.28176926258704926,0.13520985910725253,0.3522647161913199,0.17511838584836814,0.27198550519947307,True,False,0.3845361143361792,0.2699389037287309
607,2021-05-03,2021-05-31,0.06787706427121495,0.16867367928282595,0.4024164562000283,0.14198028246362973,0.47807387824152714,0.17154804455048117,0.3956737860176592,True,False,0.38532033813176153,0.2585091274674288
608,2021-05-04,2021-06-01,0.0717136968270994,0.16852091996126584,0.4255477411563065,0.14276282448650146,0.502327528788001,0.16877196123187438,0.42491475659616557,True,False,0.38564662737642563,0.26122244101736414
609,2021-05-05,2021-06-02,0.03861522801684057,0.17361942889115858,0.2224130574755451,0.14130838223854242,0.27326919610228273,0.1792489493516549,0.2154279183030763,True,False,0.37429249786458996,0.2529323358917098
610,2021-05-06,2021-06-03,0.02175839960882604,0.17381733954833087,0.12517968382996678,0.13858195807838228,0.15700744823160484,0.18855437966865402,0.11539588551091734,True,False,0.3739563018975311,0.28560658513875625
611,2021-05-07,2021-06-04,0.08120234487861783,0.1661084912530725,0.48885125778972377,0.13068443659854803,0.6213620151882724,0.14996337967904086,0.5414811606167529,True,False,0.3913126502062685,0.2908846288766931
612,2021-05-10,2021-06-07,0.07172555274094872,0.16127927972074507,0.4447288756816216,0.1224605731794806,0.5857032257706841,0.14173339504758475,0.5060596531739608,True,False,0.40309249102926425,0.24882318279086016
613,2021-05-11,2021-06-08,0.05348289239021558,0.15703868097365611,0.34057145703603786,0.1141681015987222,0.4684574030861714,0.1383306550119409,0.3866308041814655,True,False,0.4140114589882563,0.2467244647675542
614,2021-05-12,2021-06-09,0.05264406581799344,0.16854580014070686,0.31234279213154326,0.1325888388796676,0.3970474910468981,0.1567842815512173,0.33577387539831927,True,False,0.38570098208104747,0.24605226693843252
615,2021-05-13,2021-06-10,0.02469463674732679,0.16843178793280267,0.14661506031853638,0.11537756851248787,0.21403325677342533,0.14802627542626198,0.16682603596027254,True,False,0.3859481993331301,0.20135452545587113
616,2021-05-14,2021-06-11,-0.07177422013999436,0.16633693423191995,-0.43149899612746945,0.14313671142965126,-0.5014382363763464,0.18654969139618097,-0.38474585298329644,True,False,0.39082216404968323,0.23287804928958178
617,2021-05-17,2021-06-14,-0.2200942155606035,0.17993436417961625,-1.2231916708300277,0.135930610973081,-1.6191659405120293,0.1614510752278801,-1.3632254554511423,True,False,0.36112308448436553,0.21628985669888412
618,2021-05-18,2021-06-15,-0.16257445110712998,0.174867840591247,-0.9296989689896568,0.11616706738673886,-1.3994882953005388,0.16421922826043694,-0.9899842596343317,True,False,0.37165082335236843,0.229255357392177
619,2021-05-19,2021-06-16,-0.15222913649675385,0.17668953737659662,-0.861562822320895,0.1188112429266304,-1.2812687818673862,0.165513981770211,-0.9197358124590285,True,False,0.36782374097396275,0.22863945058049098
620,2021-05-20,2021-06-17,0.2943214853598655,0.1401412531578855,2.1001773476955994,0.22699212775358238,1.2966153860603236,0.4918451719047401,0.5984027132360858,True,False,0.46333776967541274,0.3634933185466744
621,2021-05-21,2021-06-18,0.3081995735207123,0.14152084717142127,2.177768008605803,0.2274442270869677,1.3550555996431874,0.46919941124528275,0.656862660382997,True,False,0.4586768314748699,0.3701532367980415
622,2021-05-24,2021-06-21,0.36445057209495324,0.15021131002621185,2.426252537384546,0.22542648812625182,1.6167158310643597,0.510944044714897,0.7132886191056674,True,False,0.4320615337918242,0.37420861379895964
623,2021-05-25,2021-06-22,0.35795943223344656,0.14710478328130402,2.4333636490183435,0.19689803454026666,1.817993933099632,0.4872167147883846,0.7347026925973198,True,False,0.4411410724791402,0.37120431747946986
624,2021-05-26,2021-06-23,0.36644912766800575,0.1477421478297948,2.480328958600024,0.2025896390973373,1.808824623513642,0.5074719236192259,0.7221071957134825,True,False,0.4392934128972369,0.3898818054000636
625,2021-05-27,2021-06-24,0.35743520503030857,0.14429324424922998,2.4771444213488603,0.19271657477338164,1.8547195821149378,0.4854728455522444,0.7362619934462287,True,False,0.4498231445410224,0.39060370326680893
626,2021-05-28,2021-06-25,0.3530459823120535,0.1322453409914231,2.6696288857159107,0.1649948069131399,2.1397399646518056,0.3733585796504987,0.9455949362206706,True,False,0.4908290161754187,0.3993706228975187
627,2021-05-31,2021-06-28,0.33661471508293556,0.12932528488276404,2.6028530722981476,0.16481160177536788,2.0424212340447303,0.3484741551546846,0.9659675189786033,True,False,0.5019652450888418,0.3979435575460123
628,2021-06-01,2021-06-29,0.3271496617032661,0.12461478588245689,2.6252876766313316,0.1570171027355326,2.0835288386023243,0.30585706959293013,1.0696161515529936,True,False,0.5209424318185238,0.3991672429264579
629,2021-06-02,2021-06-30,0.327160843947265,0.12278733826017103,2.664450981534041,0.1469749093513138,2.2259639103791056,0.27938598227753847,1.1709994942490265,True,False,0.5285725628712655,0.3954603452645104
630,2021-06-03,2021-07-01,0.3280283109706223,0.12225101121298812,2.68323597257715,0.14513442613045724,2.2601688635594073,0.2727636238230444,1.2026101808334637,True,False,0.5308579868221357,0.3957950592188245
631,2021-06-04,2021-07-02,0.33033838242556635,0.11798819203352606,2.7997579819826504,0.1425321781433959,2.3176407371900694,0.26043463051314847,1.2684118919772025,True,False,0.550187518683297,0.38600749528962713
632,2021-06-07,2021-07-05,0.3098513087327894,0.12074007620949957,2.5662672946732075,0.15009591755116275,2.064355338826396,0.27662850861364324,1.1200989742006207,True,False,0.5377008102632015,0.37289126859949007
633,2021-06-08,2021-07-06,0.30628649440793193,0.12030678223124633,2.5458788667392565,0.1482540486305115,2.0659570327909176,0.2576223332410362,1.1888972922287937,True,False,0.5395125892412161,0.37168289593646914
634,2021-06-09,2021-07-07,0.3140333014016011,0.12077952219513373,2.6000541788387173,0.14285851632323876,2.1982119756238667,0.2508831918006221,1.2517112013273677,True,False,0.5373868756002025,0.3717306369489423
635,2021-06-10,2021-07-08,0.24347361203588602,0.11351295891463,2.144897061656158,0.15099397740299503,1.6124723397812595,0.23660757912141028,1.0290186516423998,True,False,0.5722427210117971,0.3707671360506969
636,2021-06-11,2021-07-09,0.2023792417850123,0.09703543990536465,2.0856219334130484,0.12875043146475112,1.571872338466058,0.17900041924907556,1.130607641222368,True,False,0.6699213046878204,0.3763543136080282
637,2021-06-14,2021-07-12,0.2577931315822355,0.09987627576572379,2.581124792707846,0.14619941438456652,1.7632979767219186,0.18508564714029402,1.3928315650906715,True,False,0.6505854242508893,0.36660369977819723
638,2021-06-15,2021-07-13,0.26247853406335586,0.10006771217818784,2.6230092439404182,0.1529695671508012,1.715887277137929,0.18301250493004567,1.4342109254429642,True,False,0.6491854817583269,0.3653508041237768
639,2021-06-16,2021-07-14,0.25540102000835246,0.10040426710311645,2.5437267496415505,0.15409295074661108,1.6574477857091032,0.19046352431211558,1.3409445243164921,True,False,0.6471932673035683,0.3627499003819497
640,2021-06-17,2021-07-15,0.2558687806332326,0.10038493662027438,2.548876248247346,0.1522439178949521,1.6806502628878837,0.18648880957817782,1.3720328914747566,True,False,0.6472272768766117,0.3572792120181141
641,2021-06-18,2021-07-16,0.09378371966983613,0.11316144887968857,0.8287603295849055,0.0586767178629878,1.5983122963493699,0.06629791606808262,1.4145802045048868,True,False,0.5749289695729682,0.2208518377527549
642,2021-06-21,2021-07-19,0.11651078958360155,0.10150857198358222,1.14779261797167,0.05555739237418733,2.0971248758200165,0.06300619452384493,1.8491957888284716,True,False,0.6411091873434921,0.2239901717439937
643,2021-06-22,2021-07-20,0.12305239565057174,0.10131867105866632,1.2145085833125564,0.05546713858306021,2.218473835031256,0.06128499951412285,2.0078713653610274,True,False,0.6422526084787668,0.22160327509941743
644,2021-06-23,2021-07-21,0.14744704863221017,0.09997486360193489,1.474841208279043,0.06513017639377894,2.2638822247423533,0.06622922090605284,2.22631410448518,True,False,0.6508463703952261,0.23440228157901832
645,2021-06-24,2021-07-22,0.14429967969027313,0.09996689651423413,1.4434746373238319,0.0627645072181091,2.2990649665873444,0.06335562112364439,2.277614474154691,True,False,0.6508463703952261,0.2051507181126326
646,2021-06-25,2021-07-23,0.1424334627952705,0.09983939743982792,1.4266258255526185,0.06174933513833626,2.306639617676508,0.06294405059109555,2.2628582281836818,True,False,0.6516848777081647,0.20466524616772047
647,2021-06-28,2021-07-26,0.12117491523018897,0.10678119228982628,1.1347964246484075,0.0616405428544837,1.9658314093087967,0.06583775710362803,1.840507948037488,True,False,0.6092578516804201,0.19463227466016764
648,2021-06-29,2021-07-27,0.1145818025651643,0.10598207010069673,1.0811432769363414,0.06061101945803361,1.8904450641108166,0.06466017413612946,1.7720614597160618,True,False,0.6139006897293964,0.1949913256237094
649,2021-06-30,2021-07-28,0.11078816374177274,0.1080325495345727,1.0255072588684782,0.06267612810728666,1.7676293524725981,0.06863365290199785,1.6141959382515658,True,False,0.6022482405889032,0.1922923012556807
650,2021-07-01,2021-07-29,0.1384738535018662,0.10702086967581687,1.2938957973461194,0.0717575067562928,1.929747280269359,0.08660366626619047,1.5989375447021408,True,False,0.6079092961874177,0.23296637354209537
651,2021-07-02,2021-07-30,0.1239752588436216,0.10668057596535131,1.162116512043274,0.0651536689043029,1.9028131635336654,0.08253572782152124,1.5020799127344093,True,False,0.6099078112756684,0.23301203164134518
652,2021-07-05,2021-08-02,0.12179923116235425,0.11042959923495597,1.1029581924245477,0.06930889002767335,1.7573392260895073,0.08993234952260895,1.3543428122239147,True,False,0.5891430747755313,0.22964410452240044
653,2021-07-06,2021-08-03,0.12468067438864147,0.10994018298800312,1.134077377352072,0.06962274560903474,1.7908037567030684,0.08957520910761542,1.391910503260455,True,False,0.5917632370895121,0.23140526590182986
654,2021-07-07,2021-08-04,0.10705812465495661,0.11180059084613914,0.9575810274767765,0.07543017618349625,1.4193010022211827,0.08941565118224515,1.19730856107901,True,False,0.5819362370384721,0.2175159916493893
655,2021-07-08,2021-08-05,0.10571911535157476,0.11428688018530969,0.9250328224915861,0.08119156191303603,1.3020948588821348,0.09498201864799208,1.1130434671363942,True,False,0.5692345403499032,0.2164035836680107
656,2021-07-09,2021-08-06,0.14972859769196675,0.12441450492115108,1.2034657678126737,0.06265995053708204,2.3895422260724204,0.09702879348119939,1.5431357262107834,True,False,0.5226739364838032,0.24162912474972834
657,2021-07-12,2021-08-09,0.2191094902550659,0.16074334473980337,1.3631014746504144,0.04830176094369246,4.536262984500539,0.10728068762142137,2.042394536361221,True,False,0.40425833740782857,0.2373206531129431
658,2021-07-13,2021-08-10,0.2172340480106432,0.16089997020181704,1.3501186341934448,0.04933078418937869,4.403620408236191,0.10860852092174611,2.0001565822553022,True,False,0.40386144483222836,0.23635835605880237
659,2021-07-14,2021-08-11,0.2463102168838893,0.16063717451431517,1.5333326026718639,0.04392558767860175,5.607442720769305,0.1007406724025203,2.4449927820585717,True,False,0.4044864390782737,0.23701424607109925
660,2021-07-15,2021-08-12,0.20452621681426691,0.14850007218379788,1.377280251831297,0.05202775390332265,3.9310983363670684,0.0985935250974731,2.074438626796891,True,False,0.43765594294143917,0.23540933946196116
661,2021-07-16,2021-08-13,0.21066027062794496,0.1468898537425167,1.4341376566227062,0.047938053519506967,4.394426873052387,0.09420642426692881,2.2361561036543587,True,False,0.4424530596563538,0.23827121310863225
662,2021-07-19,2021-08-16,0.212944832926598,0.1449686247347317,1.468902897549393,0.05077266740517161,4.194084018223313,0.09556553600634479,2.2282597035029466,True,False,0.4483176729561049,0.23905858075188802
663,2021-07-20,2021-08-17,0.23756893666992843,0.18098716181559382,1.3126286654076893,0.07016126745828279,3.386041120354398,0.15224278823358575,1.5604610203632567,True,False,0.3589980077782406,0.234627329342196
664,2021-07-21,2021-08-18,0.22799071361113304,0.1839914913810179,1.2391372660760687,0.07173853803004708,3.178078615369065,0.15437387782765152,1.4768736577678638,True,False,0.35314598718426854,0.23172591730423725
665,2021-07-22,2021-08-19,0.19275548594521014,0.15532401512027774,1.2409895906692001,0.05568775692497059,3.4613620046667366,0.11238685294868303,1.7151070689133383,True,False,0.41841850541945746,0.23329033138122335
666,2021-07-23,2021-08-20,0.15932474167989102,0.15331236294761516,1.0392165290305402,0.05387968911226735,2.957046417768136,0.11117340116893094,1.4331192533886126,True,False,0.42394324255840077,0.24294697313288094
667,2021-07-26,2021-08-23,0.20412329239026653,0.15874735805376355,1.2858374141958024,0.05224554465824131,3.906999031697677,0.12992415522780948,1.5710957830155294,True,False,0.40937780639595217,0.26917318493474174
668,2021-07-27,2021-08-24,0.22856661983762597,0.1559706132020745,1.4654466963048773,0.050776069666391414,4.501463412575113,0.12366053452975607,1.8483392515388704,True,False,0.4166260604137413,0.27087609720668165
669,2021-07-28,2021-08-25,0.25783244351502266,0.16079460497239262,1.6034893929388414,0.0626532109498079,4.115231120741358,0.1306836052960782,1.972951717477297,True,False,0.40405864281508824,0.27117193877247026
670,2021-07-29,2021-08-26,0.26122024605441346,0.16091155000477736,1.6233778497979667,0.06622193560408486,3.9446181038281254,0.1349614990866432,1.9355167793943522,True,False,0.4037472335567569,0.27209460764464993
671,2021-07-30,2021-08-27,0.20159755990660513,0.165570746362562,1.2175916599732701,0.045779583383982296,4.403656499354287,0.09356843267523052,2.154546722037508,True,False,0.39246808766480024,0.24905385229501437
672,2021-08-02,2021-08-30,0.2263579846460022,0.16519972921866002,1.3702079641207674,0.040997952034560574,5.5212022409116015,0.0993085641091456,2.2793400214428865,True,False,0.393329773516512,0.2484675334234019
673,2021-08-03,2021-08-31,0.22659601083761288,0.16539376482735182,1.3700396207447585,0.04015988544974515,5.642347041083276,0.09891274052188122,2.290867785505204,True,False,0.39287382231253126,0.250480439792723
674,2021-08-04,2021-09-01,0.21448115102525145,0.16794371874009872,1.2771013565393996,0.03925769378052137,5.463416985836068,0.09734116993668751,2.2033960673038337,True,False,0.38693277996406106,0.25360902252798295
675,2021-08-05,2021-09-02,0.2148703894485743,0.16781456955826277,1.2804036622933055,0.03854624970228642,5.574352657084276,0.09617575136464758,2.234143080763668,True,False,0.38723064348501235,0.253752493739513
676,2021-08-06,2021-09-03,0.2206936732461786,0.16735740598208998,1.3186967851891567,0.037902084081725906,5.822731878550809,0.09735911616503458,2.2668002950240242,True,False,0.38827946489659826,0.25675620605487404
677,2021-08-09,2021-09-06,0.2147256322955711,0.16731141799578458,1.283388993218509,0.04260738650851638,5.039633967050564,0.10148297136567515,2.1158784513891193,True,False,0.38837663463323796,0.23122005442601387
678,2021-08-10,2021-09-07,0.22213855449866965,0.16978284660562964,1.3083686540764123,0.04438437559163501,5.0048818201812315,0.10067462767654545,2.206499886072309,True,False,0.3827219195393318,0.24630453442086686
679,2021-08-11,2021-09-08,0.22807519255010272,0.15911511863401048,1.4333973698295204,0.041910537194873636,5.441953451696634,0.09190389310920237,2.4816706325933158,True,False,0.4083934402476178,0.2517158469481705
680,2021-08-12,2021-09-09,0.22618167664090952,0.1594635208287046,1.4183913378149566,0.04719640905904478,4.792349272970033,0.09198720337204087,2.4588384943731914,True,False,0.4075044488233294,0.2509509440817704
681,2021-08-13,2021-09-10,0.2809793992941964,0.17019939116531038,1.6508836921824719,0.04505413369863934,6.236484340673987,0.10008212336704575,2.807488388947542,True,False,0.38168528826120024,0.2515414902219676
682,2021-08-16,2021-09-13,0.2737312277739473,0.1733429565583648,1.5791309506237807,0.04542977935238961,6.025369959441572,0.10393532340396494,2.6336688895462173,True,False,0.3747794463274732,0.2492312164154317
683,2021-08-17,2021-09-14,0.2710981789782548,0.175426389417372,1.545367147318194,0.04598393889373533,5.895497112692713,0.11067023493266659,2.449603356703769,True,False,0.3703314106642916,0.2482741683109142
684,2021-08-18,2021-09-15,0.21987914188927613,0.18181466432883098,1.2093586768754887,0.041069718829951626,5.353801977551428,0.06538235706958316,3.362973617718765,True,False,0.3573739117232489,0.23059007991900118
685,2021-08-19,2021-09-16,0.24676944082985147,0.17165257051116795,1.4376099355517447,0.04318993395795422,5.713586898977055,0.07468936670960527,3.3039434085617465,True,False,0.3785112899198347,0.2399325400219338
686,2021-08-20,2021-09-17,0.3114523167218013,0.24157162317712785,1.2892752576880055,0.06797400577354167,4.581932654659461,0.12174280541534471,2.558281088227208,True,False,0.2688825672438777,0.2326604304087309
687,2021-08-23,2021-09-20,0.29143078226155283,0.17566889101046543,1.6589777540303987,0.048718675253307774,5.981911058670792,0.11372847623442385,2.562513733683009,True,False,0.36977058109998884,0.2297068367481546
688,2021-08-24,2021-09-21,0.2621772419375606,0.17693999499450622,1.4817296787292262,0.03272966619880788,8.010385451077711,0.09661461339631953,2.713639611246926,True,False,0.36717630657201283,0.20474962380991457
689,2021-08-25,2021-09-22,0.24699983113493743,0.1817089293178133,1.3593158688582043,0.02898388879439918,8.521970011928401,0.0856771468985565,2.8829138233021494,True,False,0.3575586397369184,0.2019107427374397
690,2021-08-26,2021-09-23,0.1728515006665486,0.15379458427281986,1.1239114919672544,0.06185308077831334,2.794549576052048,0.09420329528499566,1.8348774333595923,True,False,0.422635796761289,0.202791226630482
691,2021-08-27,2021-09-24,0.18336579718981091,0.15242249799205435,1.203010051700961,0.05559223688518836,3.2984065305468167,0.09822345798657578,1.8668228644003915,True,False,0.4264281440444087,0.2063086708754265
692,2021-08-30,2021-09-27,0.1708463717361679,0.15190740040693845,1.1246744482394841,0.04976128579892156,3.4333190751246727,0.0825854402439701,2.0687226614214493,True,False,0.4278906027281364,0.18573630353141704
693,2021-08-31,2021-09-28,0.20547458589714476,0.15040236689318254,1.3661659064386609,0.056078620969166694,3.664044913125082,0.10468546152130508,1.9627805323791554,True,False,0.4320833667820445,0.20583733417929276
694,2021-09-01,2021-09-29,0.228049257344332,0.14612296614546774,1.5606667682703987,0.06796368819528552,3.3554573537719112,0.1093720984774865,2.0850770947882507,True,False,0.4446366025883508,0.2165912525437764
695,2021-09-02,2021-09-30,0.23095612752258654,0.14365842867608547,1.607675439937715,0.06876977760584707,3.358395730844268,0.10247789157591732,2.2537166209307733,True,False,0.4522307457560397,0.20952815107571363
696,2021-09-03,2021-10-01,0.2402355714621315,0.14331590233116007,1.676265979940029,0.07643575247289995,3.142973853070999,0.10835603516797,2.21709451706798,True,False,0.4533141565178908,0.21737580615740046
697,2021-09-06,2021-10-04,0.23233535175613831,0.1439894841621613,1.6135577754725592,0.07533024297763305,3.0842241120226177,0.10455801762039345,2.2220711241834277,True,False,0.4511935205703282,0.21120254967215019
698,2021-09-07,2021-10-05,0.22873160919241461,0.14378871754614359,1.5907479605902446,0.07274921759872585,3.144110916134728,0.10345753800583045,2.210874273651517,True,False,0.4518249568767499,0.2105502536604959
699,2021-09-08,2021-10-06,0.23555100117325262,0.13727571274948547,1.7158971274336763,0.06834345083678763,3.4465775182435068,0.09936460523709711,2.370572505281903,True,False,0.47328862355457535,0.20568165262229293
700,2021-09-09,2021-10-07,0.2205853086410178,0.12727469202874098,1.7331435270038253,0.05705208769579049,3.866384518954131,0.07504825633352037,2.939246285226392,True,False,0.5106169039469196,0.2100991459428261
701,2021-09-10,2021-10-08,0.21034390718423499,0.12727278290956703,1.6527014054033349,0.055341254155379424,3.800851830962501,0.0689121337296113,3.052349358525971,True,False,0.5106169039469196,0.20398998568231297
702,2021-09-13,2021-10-11,0.17870709061153164,0.12489100247557304,1.430904445230026,0.05736852985570237,3.1150718183127424,0.06537948413723779,2.733381778241143,True,False,0.5204774420457494,0.20154071856793518
703,2021-09-14,2021-10-12,0.17483514631075606,0.12274935092260825,1.4243264424346096,0.05627454605507118,3.10682464039176,0.06251479099546259,2.796700485225102,True,False,0.529588864732421,0.20205170333738348
704,2021-09-15,2021-10-13,0.18992780706810378,0.12309400714757111,1.5429492586134517,0.054592521988991775,3.4790077495669,0.07132501717165689,2.662849790992791,True,False,0.5280944436784494,0.21293578166303323
705,2021-09-16,2021-10-14,0.2011895376314579,0.12238017852329182,1.643971597844718,0.05632928623603792,3.571668506297216,0.07539072799946173,2.6686244180172176,True,False,0.531165913693959,0.22172818327931346
706,2021-09-17,2021-10-15,0.19423003811378078,0.12448107015650618,1.5603178689706105,0.058363870062213406,3.32791567637204,0.07724850341760335,2.5143534116613027,True,False,0.5222466160955845,0.2171462750074512
707,2021-09-20,2021-10-18,0.18474103892934707,0.12449308339072257,1.4839462072727028,0.0574949038381002,3.213172413498752,0.07855766503128507,2.351661532401392,True,False,0.5222466160955845,0.21216384204552144
708,2021-09-21,2021-10-19,0.19250203715736947,0.14096015208527998,1.3656486199086035,0.07772813495303711,2.4766069232675925,0.11182615207015277,1.7214402319468676,True,False,0.46112458390321637,0.21241455613543192
709,2021-09-22,2021-10-20,0.1920977643594909,0.14105746598653343,1.3618404599571512,0.07836450044460323,2.451336552515728,0.11244486325868061,1.7083729642462009,True,False,0.4608062470058377,0.2127286783617848
710,2021-09-23,2021-10-21,0.1949121182292149,0.14098247782250958,1.3825272561502304,0.07692256872628402,2.5338742771679503,0.10834270040208634,1.7990332297962688,True,False,0.4610518405619461,0.21077068890684783
711,2021-09-24,2021-10-22,0.2671274373567104,0.16500656183347348,1.6188897846759482,0.1167820646252201,2.287401222216634,0.12559227877733245,2.1269415600803874,True,False,0.39373195811258477,0.20980272075112752
712,2021-09-27,2021-10-25,0.2439123763168826,0.1639759303951681,1.4874888999200944,0.10650897766107584,2.2900640084354262,0.12180172581231308,2.0025362915853298,True,False,0.39624760547791305,0.20451314808586013
713,2021-09-28,2021-10-26,0.23300370771786516,0.16308020551139854,1.4287675624837208,0.10871394224540055,2.1432734652553087,0.11629634602166404,2.0035342097030333,True,False,0.3984476057619052,0.2050236954749686
714,2021-09-29,2021-10-27,0.18746267045684709,0.168205745369305,1.1144843479945494,0.07875380149199075,2.380363447927171,0.10746428559095578,1.7444183379247626,True,False,0.38634450310601903,0.17796125410015165
715,2021-09-30,2021-10-28,0.12006504986211519,0.17434700769852388,0.688655638241457,0.05460109143871343,2.198949630830755,0.09459338280177676,1.2692753584435716,True,False,0.37273504953162667,0.15025972160182635
716,2021-10-01,2021-10-29,0.18345550164135663,0.17604751953906056,1.0420794460591785,0.06862673402114242,2.673236665828188,0.1173266984992495,1.563629625549637,True,False,0.3691294009549781,0.20878782143576025
717,2021-10-04,2021-11-01,0.17158213291352165,0.17765024982735295,0.9658423395422832,0.06409535076728384,2.6769825090200183,0.110361423408862,1.5547292488051005,True,False,0.3658207007592106,0.20399185414121737
718,2021-10-05,2021-11-02,0.16356134448218768,0.17785385909879947,0.9196389963702043,0.05968599676078908,2.740363793164293,0.10512879862012127,1.5558186398877256,True,False,0.36541361204326145,0.20364463187105342
719,2021-10-06,2021-11-03,0.15466609591954827,0.17816713767989353,0.8680955305990898,0.05584175984407477,2.769721017951756,0.10385343706956777,1.4892727702015571,True,False,0.36477914066148165,0.2033811129413439
720,2021-10-07,2021-11-04,0.09329918634708377,0.18888692184346514,0.49394201269478527,0.06060276111782937,1.5395203886120479,0.10168523180601637,0.9175293667527793,True,False,0.34409007065091435,0.19071992318663225
721,2021-10-08,2021-11-05,0.13906070158470452,0.2185940109968406,0.636159705156398,0.08096743804356839,1.717489214736871,0.14488288590343934,0.9598145475745482,True,False,0.2972643887763896,0.19388186219799353
722,2021-10-11,2021-11-08,0.14885090444230983,0.22104943410620248,0.6733828794639434,0.07484463240381672,1.9887986574534788,0.14121282310511385,1.0540891483453345,True,False,0.29393837791708527,0.1971320845588356
723,2021-10-12,2021-11-09,0.2030155038861311,0.25167326906128434,0.806662958856768,0.10299362852989437,1.971146242577568,0.16889954564902118,1.201989638906454,True,False,0.25813075342374914,0.19705247552678926
724,2021-10-13,2021-11-10,0.2829151094983826,0.26749754597178194,1.05763628025293,0.11997353187859906,2.3581460432844783,0.2122091957147604,1.3331896789178783,True,False,0.24283192779757884,0.21040222177474666
725,2021-10-14,2021-11-11,0.16798931210106474,0.23737525934248618,0.7076951177068076,0.07758891325013255,2.1651200547106226,0.17423733857246762,0.9641407144840872,True,False,0.27371961168658376,0.2041655132539002
726,2021-10-15,2021-11-12,0.11630290818838654,0.2401309987956258,0.4843310891625921,0.08565527864300944,1.3578019945870357,0.17915886069560139,0.6491607935930681,True,False,0.2706000882801162,0.21007777427672047
727,2021-10-18,2021-11-15,0.10816857123163642,0.2406197275798873,0.44954157466462824,0.08929723314592967,1.2113317223935391,0.18143395411700605,0.5961870354315209,True,False,0.2700494964626855,0.2086983828409057
728,2021-10-19,2021-11-16,0.21560738329669438,0.1877140184765375,1.1485950013032367,0.059166418374682436,3.6440837424249715,0.13725389921104775,1.5708652689361255,True,False,0.34612196383112676,0.22941374401569473
729,2021-10-20,2021-11-17,0.15473941930049373,0.18254315658848333,0.847686772774128,0.050470441979193224,3.0659414348756067,0.14984535579464694,1.032660762022907,True,False,0.35598097951501784,0.21786405479217502
730,2021-10-21,2021-11-18,0.1343908828073011,0.18055448193064727,0.7443231614650361,0.053453351682236146,2.5141713022265444,0.14732952664238108,0.9121788813827763,True,False,0.35991070740156494,0.2140463171867876
731,2021-10-22,2021-11-19,0.13461085365669714,0.1773580758129759,0.7589778646372116,0.05009999459283766,2.686843676345251,0.1371406519004773,0.9815532578508083,True,False,0.36640474081674007,0.21442754128707084
732,2021-10-25,2021-11-22,0.13618570264702415,0.17974336073942546,0.75766749929892,0.05406737607024508,2.5188147186963503,0.13633000520545144,0.9989415201869183,True,False,0.36149731291325227,0.22442162089439857
733,2021-10-26,2021-11-23,0.14859319744750807,0.1582374608130529,0.9390519582658187,0.04479459832546379,3.3172124095828592,0.09253226089028911,1.6058528778810195,True,False,0.41062536676817435,0.22749402051094617
734,2021-10-27,2021-11-24,0.14902493496785257,0.1625614186036018,0.9167300350105994,0.05453571352680734,2.732611812158624,0.09739589799530166,1.5300945731312163,True,False,0.3996610985803045,0.22885783169285176
735,2021-10-28,2021-11-25,0.12121319389602073,0.14753914845957453,0.8215663107831541,0.05298619136443456,2.2876374159887543,0.08728549421626602,1.3886980303473166,True,False,0.44042769015577915,0.22753310398896126
736,2021-10-29,2021-11-26,0.017287373052803756,0.09665422388396394,0.1788579159619317,0.05737910205305765,0.3012834365518367,0.1164629709899439,0.14843664819693161,True,False,0.6732923604153631,0.21963948290688387
737,2021-11-01,2021-11-29,0.007097257523196517,0.09036968928308345,0.0785358185858571,0.04671723463569719,0.1519194699459676,0.07804627352013681,0.09093653294497585,True,False,0.7205418425762173,0.18975039325735948
738,2021-11-02,2021-11-30,0.015729393566052,0.09014960350243344,0.17448100662614022,0.043929441760429185,0.35806040176501275,0.08004523569441313,0.1965063058356371,True,False,0.7224159451888673,0.21093740306342845
739,2021-11-03,2021-12-01,0.024200933772068514,0.09025648043457922,0.26813513728368926,0.04434214039340827,0.5457773025243078,0.08237766557628527,0.2937802813756285,True,False,0.721626219423231,0.2248783528263596
740,2021-11-04,2021-12-02,0.02504890600958157,0.09072783572332697,0.27608843316804993,0.045633566182489864,0.5489140583361449,0.08400998288328328,0.29816582684444193,True,False,0.7178514768503254,0.22509073287623108
741,2021-11-05,2021-12-03,0.01878281637437021,0.09189623312139407,0.20439158098633145,0.044643089174873994,0.4207329000194177,0.08424251889941167,0.22296123881097984,True,False,0.7086461763608968,0.22593957436727186
742,2021-11-08,2021-12-06,-0.002755902282935167,0.09510950456756247,-0.02897609755686899,0.03003991353855161,-0.0917413520314694,0.06848962888387038,-0.040238242312686766,True,False,0.6845685600840499,0.21636370978408717
743,2021-11-09,2021-12-07,0.017566116752719615,0.08952853520849316,0.19620690444462002,0.0428907262304582,0.40955512523463183,0.08007968057670901,0.2193579772823005,True,False,0.7274591102240573,0.21931245420154866
744,2021-11-10,2021-12-08,0.03047383892164944,0.08897634411557363,0.34249371812878937,0.05246177253717061,0.5808770357512775,0.08659946898615237,0.3518940621509162,True,False,0.7320481506641165,0.2380413733612356
745,2021-11-11,2021-12-09,0.02466893177162076,0.0890214533784992,0.27711221099406236,0.04909189873175425,0.5025051466519075,0.08242729174989732,0.2992811148820923,True,False,0.7316872437115438,0.23554709083717157
746,2021-11-12,2021-12-10,0.03957476067997982,0.08774765665761329,0.4510064677213939,0.05665156512432283,0.6985642954988505,0.09533130642741858,0.41512869342780334,True,False,0.7423590756411499,0.24120244371177316
747,2021-11-15,2021-12-13,0.038468980088665346,0.08746025913910972,0.43984525620349,0.054861627501098846,0.701200125495636,0.09252756031326191,0.41575699130534205,True,False,0.7448286697810428,0.2371780922039179
748,2021-11-16,2021-12-14,0.021398194433430877,0.08637443904453448,0.2477375791974523,0.0488711611067719,0.4378491107809142,0.08269569826669414,0.2587582532336999,True,False,0.7542080323101803,0.24537065553580578
749,2021-11-17,2021-12-15,-0.006825117024132523,0.08980008040489701,-0.07600346228376353,0.0368524382299923,-0.18520123367516866,0.05873955541690969,-0.1161928614489945,True,False,0.7253264080371944,0.22798571239042717
750,2021-11-18,2021-12-16,0.06222619199672609,0.08145031989797749,0.7639772572369141,0.06877890257282543,0.9047278986581516,0.11902473979698651,0.5228004875529376,True,False,0.8001085963904192,0.2686638258469158
751,2021-11-19,2021-12-17,0.06366438390742882,0.08160548593619606,0.7801483341108385,0.0697987695389755,0.9121132697314778,0.12196836569025969,0.5219745591172827,True,False,0.7985665253285087,0.2687858715533113
752,2021-11-22,2021-12-20,0.06339707982606861,0.07966374015981564,0.7958084782221619,0.06643870505508054,0.9542190771705997,0.11033756283355814,0.5745738640403156,True,False,0.8181639531886171,0.270149587679163
753,2021-11-23,2021-12-21,0.05322305960853149,0.07873321728527508,0.6759924393244048,0.05995879210575742,0.8876606372365673,0.0983917270523182,0.5409302306507029,True,False,0.8279697502410611,0.259167052194498
754,2021-11-24,2021-12-22,0.04384046576852319,0.08250035241277343,0.5313973151190494,0.06479887030002943,0.6765621926051276,0.10031100253266557,0.4370454353125107,True,False,0.7899543786597297,0.259468394977562
755,2021-11-25,2021-12-23,0.04448608948577923,0.08233198497665356,0.5403257251527934,0.0637594220203288,0.6977178913509514,0.09305369243562689,0.4780690408019437,True,False,0.7915542791761421,0.256350921184455
756,2021-11-26,2021-12-24,0.04987630512831365,0.08336952632373182,0.5982558295298356,0.062041391118191604,0.8039198385042184,0.09866027953334754,0.505535818104542,True,False,0.781616167284085,0.256350921184455
757,2021-11-29,2021-12-27,0.1167933994075507,0.12495897309454128,0.9346539629385984,0.07720528568192361,1.5127642929620815,0.12676479976560653,0.9213393593766299,True,False,0.5204492474953301,0.2506119923199488
758,2021-11-30,2021-12-28,0.1542635854779853,0.1311239792345272,1.1764712021290231,0.04834648227823505,3.1907923432814624,0.11707790285211142,1.3176148677077475,True,False,0.4958325860213796,0.24949148796244452
759,2021-12-01,2021-12-29,0.16319011676639852,0.13131446635344032,1.2427428698309833,0.046521375821361635,3.5078523342266474,0.11827629268115639,1.37973648875112,True,False,0.4951154424618417,0.2415013811929052
760,2021-12-02,2021-12-30,0.1666197204672191,0.1310550736560923,1.271371766227484,0.04650418081552663,3.5828976566250743,0.12040053455140286,1.383878577350367,True,False,0.49609887069104225,0.23544209655427598
761,2021-12-03,2021-12-31,0.15471608158720396,0.13071804439271953,1.1835862623708362,0.054974871380671524,2.8143054763307767,0.12198703993354233,1.2682993346792593,True,False,0.49740708380217463,0.23346716381269966
762,2021-12-06,2022-01-03,0.15476703445429218,0.12704939865089623,1.2181642423948649,0.04843570618998294,3.195308722190155,0.11137492556778114,1.3896039316327375,True,False,0.5117917673615245,0.2303702693779021
763,2021-12-07,2022-01-04,0.17132322872854158,0.13012960438499693,1.316558438321772,0.05063963110138393,3.3831847705513693,0.10820035726254855,1.5833887527083221,True,False,0.49961479313457524,0.23050992802238784
764,2021-12-08,2022-01-05,0.1612178248797919,0.13185076495296563,1.2227295377262484,0.05392279787987504,2.9897896848553787,0.12048915155535027,1.3380277211573832,True,False,0.4931108195041929,0.2265017509390219
765,2021-12-09,2022-01-06,0.16792094926092815,0.12357874704210009,1.3588173798502894,0.04668798962055805,3.596662666901121,0.10907500849979174,1.539499758656895,True,False,0.5261696542606463,0.2202690049889992
766,2021-12-10,2022-01-07,0.16703219766478064,0.1170088314811922,1.4275178680989487,0.04215779816667831,3.9620711927219086,0.08237640576084203,2.027670376269076,True,False,0.5557791337456972,0.21951859804997545
767,2021-12-13,2022-01-10,0.16603121129604465,0.115305954598578,1.4399187958163977,0.040115928423163645,4.138785211317091,0.08566619046467427,1.938118298426146,True,False,0.564016176391359,0.2202957983445996
768,2021-12-14,2022-01-11,0.17928478622646715,0.11430519859164054,1.5684744739123244,0.03894644309376967,4.603367393392277,0.07124435860004728,2.516476949886502,True,False,0.5688864189949926,0.22345486876373633
769,2021-12-15,2022-01-12,0.2044458056601569,0.11461842862844875,1.783707978783201,0.03905970538909051,5.234187089318375,0.05289016452929579,3.8654787233061954,True,False,0.5670964015936942,0.21960231689315127
770,2021-12-16,2022-01-13,0.18986842556140812,0.11374863172357103,1.6691930503640822,0.03444730307379523,5.511851687043823,0.05443885489427863,3.4877373142792307,True,False,0.57142154407232,0.21341938134685376
771,2021-12-17,2022-01-14,0.15508968477264098,0.13697632777811966,1.132237133878068,0.05459472182726557,2.8407450314214526,0.05742312092899603,2.700822983209327,True,False,0.47456916212531214,0.18555737815813803
772,2021-12-20,2022-01-17,0.15276240448221184,0.13858477340176642,1.1023029495408094,0.055795019042372586,2.7379218988383,0.05847669626390461,2.6123638003213623,True,False,0.4690485454458079,0.1839549745924404
773,2021-12-21,2022-01-18,0.1643402789759141,0.1584602327200461,1.0371073937917052,0.0652167494193664,2.519909079171501,0.06980517985325813,2.3542705472772103,True,False,0.41014264301957093,0.19374159936374524
774,2021-12-22,2022-01-19,0.20541529516245227,0.1641157113094511,1.25164917803103,0.051534443369339204,3.9859806710295356,0.06226207588484978,3.2992040860050404,True,False,0.39590622595632413,0.19144999879228322
775,2021-12-23,2022-01-20,0.19986194821723335,0.1642182524527955,1.217050755516252,0.052361022418046126,3.8169985800038795,0.05985116584781166,3.3393158744048246,True,False,0.3956890719086661,0.18355323739264784
776,2021-12-24,2022-01-21,0.19105252234138848,0.1553453018772422,1.2298570992018996,0.053001592117757935,3.6046562887566016,0.05510951081418086,3.466779499923025,True,False,0.4183508636013125,0.1850490251583099
777,2021-12-27,2022-01-24,0.23347376142714107,0.12820849001948134,1.8210475873451486,0.04721731498786076,4.9446640811144285,0.06079839166396985,3.8401305534123455,True,False,0.5069188601311415,0.22089799120514428
778,2021-12-28,2022-01-25,0.23643001855271734,0.128154317922831,1.8448853100297822,0.040569930618785555,5.827715624518236,0.056488929844328205,4.18542215623963,True,False,0.5071255886011076,0.22072902961111418
779,2021-12-29,2022-01-26,0.18593306024363263,0.11659319432092542,1.594716238169508,0.045007550525840885,4.13115261931173,0.07939206753676277,2.3419601732570534,True,False,0.5576975830444809,0.22091930872878496
780,2021-12-30,2022-01-27,0.24808971032722568,0.11106486809834751,2.2337370455213903,0.04075923568148998,6.086711543511372,0.09264657386367203,2.6778077157206672,True,False,0.5851675495894076,0.2786152290770828
781,2021-12-31,2022-01-28,0.2442718787006581,0.11012861909912328,2.21805994389884,0.03845376877598221,6.352352096453744,0.09051103161509744,2.698807806538281,True,False,0.5901616330283261,0.27774132047703987
782,2022-01-03,2022-01-31,0.27382104310138433,0.1099300587990955,2.4908659750815794,0.04397920851075616,6.226147590500973,0.09797705963660266,2.794746485728269,True,False,0.5910667268348105,0.29388344454372
783,2022-01-04,2022-02-01,0.2786316655510345,0.1110374261918674,2.5093491006318196,0.045255249526038294,6.156891597531013,0.1010937499455067,2.756171036302713,True,False,0.5851406807887034,0.29557271720981554
784,2022-01-05,2022-02-02,0.2801923223645026,0.11116693833107939,2.520464506542662,0.04669411097416585,6.000592291381729,0.10295465594223753,2.7215119102695446,True,False,0.5844470386834627,0.29779703078464975
785,2022-01-06,2022-02-03,0.2764283295851123,0.11466186823980046,2.4108130612960035,0.04259737340280916,6.489328038401606,0.11804700111969686,2.3416802372202623,True,False,0.5666433893111039,0.29968531993929415
786,2022-01-07,2022-02-04,0.2814944693886984,0.1178155891603787,2.389280326948149,0.044051522597445,6.390118951416793,0.12467397147684878,2.2578447293705586,True,False,0.551439646141205,0.2984580503591321
787,2022-01-10,2022-02-07,0.29998275857697193,0.1298977071285148,2.309376856669093,0.061781942679816286,4.855508673976582,0.16720255308543266,1.7941278589430079,True,False,0.50005516537615,0.29144495764613887
788,2022-01-11,2022-02-08,0.29305325924308545,0.1310822422994876,2.2356442345068963,0.05943975531107883,4.930256824063068,0.16488903141541303,1.7772756424578782,True,False,0.4955661582678649,0.28978271800229694
789,2022-01-12,2022-02-09,0.2735760178509524,0.12816597094844479,2.1345448860290643,0.05102457249537311,5.361652326940323,0.1485396736365578,1.841770694342103,True,False,0.5069333338681444,0.2845729499434861
790,2022-01-13,2022-02-10,0.24495770955179072,0.12924181318243247,1.8953441113211436,0.054522492271001664,4.492782691118358,0.14752195885897876,1.6604830321291633,True,False,0.5028268955097905,0.27383461321013775
791,2022-01-14,2022-02-11,0.24162398971885055,0.12092928071905457,1.9980602570538433,0.04944325794949392,4.886894588654907,0.12335766511224071,1.9587270032956738,True,False,0.5374278339994994,0.27605692090870365
792,2022-01-17,2022-02-14,0.16265868380115664,0.09335292597188467,1.742405844356126,0.06075236574342497,2.677404934124078,0.10607304467319535,1.5334591771387183,True,False,0.6970994251577272,0.28092325270324287
793,2022-01-18,2022-02-15,0.14534216138214298,0.08390969702718613,1.732125922645784,0.06008159172066735,2.4190797417264,0.07995882065298231,1.8177126700370112,True,False,0.7760485571281738,0.28672430975506236
794,2022-01-19,2022-02-16,0.14983045179668164,0.08180584242428153,1.8315373004729196,0.05841186908710891,2.5650686091424557,0.07737389053109443,1.9364471757623318,True,False,0.7960700888765438,0.2831325096617934
795,2022-01-20,2022-02-17,0.1436070399855598,0.08113622725173941,1.7699496864698145,0.05672039913655163,2.531841139548979,0.07207690570262937,1.9924140553153769,True,False,0.8027335033466222,0.28206345249862597
796,2022-01-21,2022-02-18,0.14053447332758928,0.08130689501142914,1.7284447193295802,0.05636823482430713,2.4931501539052623,0.07143512682930275,1.9673020762376796,True,False,0.8010708833614368,0.28127709065360385
797,2022-01-24,2022-02-21,0.13969213568494485,0.08196541476839711,1.7042814469939713,0.05759147413973354,2.4255697179414333,0.07320162855917717,1.9083200529072364,True,False,0.7946072443586009,0.2800327238729694
798,2022-01-25,2022-02-22,0.11447137246167415,0.08669792072480521,1.3203473797834997,0.049263683956722634,2.323646208883514,0.0702539851544165,1.629393296480889,True,False,0.7511555269634771,0.2552784579551141
799,2022-01-26,2022-02-23,0.09140625803792957,0.0817921091911608,1.1175437208043997,0.04754809581186278,1.9223957653236792,0.06208127482598069,1.4723643851410815,True,False,0.7966228971130801,0.255270653633763
841,2022-03-25,2022-04-22,0.09686686823104478,0.07306342953517031,1.3257914232511667,0.05447506583400475,1.7781872632557327,0.0922068625094221,1.0505385997831398,True,False,0.8921280750569921,0.3026131006814946
842,2022-03-28,2022-04-25,0.10571768129615033,0.07123446709866735,1.484080468373829,0.05747879513535111,1.8392466482153333,0.09093484749938249,1.162565113411206,True,False,0.9148937960189609,0.31175739773146066
843,2022-03-29,2022-04-26,0.1695340620831998,0.08865411720578152,1.912308953341467,0.09064366238097085,1.8703355273825595,0.08897783683179308,1.9053515810200365,True,False,0.7335928836557,0.3097766182213986
844,2022-03-30,2022-04-27,0.12134577187788077,0.10470281769478333,1.1589542148866798,0.10324671781948463,1.1752990743012317,0.11341385823057731,1.0699377815996471,True,False,0.6206200040653849,0.27848905636326987
845,2022-03-31,2022-04-28,-0.008599446513175546,0.053783522861287236,-0.15988998220429568,0.029772278343950152,-0.28884072672667954,0.08667024327133642,-0.09922028817034086,True,False,1.2153598677277235,0.25401410866571944
846,2022-04-01,2022-04-29,0.022103191264866106,0.04992304424121207,0.442745261247904,0.02784355307137727,0.7938351548814305,0.11441166382535709,0.19319001687280218,True,False,1.311550057778746,0.2941957125374044
847,2022-04-04,2022-05-02,0.02449193663945522,0.049266083959233035,0.49713585231823865,0.027104792621482403,0.903601698101305,0.10168271323328876,0.24086627766574073,True,False,1.329443028996128,0.29588225195513274
848,2022-04-05,2022-05-03,0.024963201380837952,0.04976564854545621,0.501615112240252,0.028201640634647883,0.8851684093218585,0.10327781676416257,0.24170922820572432,True,False,1.3159923464357433,0.3000264411001954
849,2022-04-06,2022-05-04,0.031043576416732947,0.04832681492104828,0.6423675234432265,0.028070446896092782,1.1059167148868585,0.097280018172156,0.3191156519090619,True,False,1.3562146960511328,0.3057421659329298
850,2022-04-07,2022-05-05,0.031112317674760238,0.048824175840310985,0.6372318045166632,0.028604280435386337,1.0876804870179921,0.1116264244665645,0.278718214109593,True,False,1.3418617696224282,0.3090641526265075
851,2022-04-08,2022-05-06,0.021796306927730952,0.048269056656143984,0.45155858509939584,0.026682954399958176,0.8168625782969938,0.07597078505781672,0.28690380007450383,True,False,1.358328357107042,0.3133423430563362
852,2022-04-11,2022-05-09,0.028696820349501755,0.04760828685363433,0.602769438810653,0.02423129440926372,1.1842875524854688,0.0811443544845302,0.35365147127977553,True,False,1.377205337321041,0.3239202154615994
853,2022-04-12,2022-05-10,0.016067749883205286,0.04586009712365591,0.35036449748199716,0.027126919067767027,0.5923175368004633,0.06575193323070788,0.2443692389519161,True,False,1.4306683452861617,0.32392822296068885
854,2022-04-13,2022-05-11,0.023673197969483185,0.04342450093082145,0.5451576290351937,0.023207413356431266,1.0200705096211353,0.06280821765153746,0.37691243048518025,True,False,1.5128816643560457,0.3348569941610192
855,2022-04-14,2022-05-12,0.03238828847792098,0.03874180781500587,0.8360035399632544,0.02162133422583783,1.4979782533131778,0.049590880806790305,0.6531097643558322,True,False,1.7005515766868147,0.35173436366648875
856,2022-04-15,2022-05-13,0.04964346967987799,0.03779447882448072,1.313511158876526,0.024406286265786954,2.0340443908284747,0.04991182222447635,0.9946234672941522,True,False,1.7451751888309892,0.36855287226168854
857,2022-04-18,2022-05-16,0.05125510479712298,0.03752245416850933,1.3659848731360105,0.025231551257493566,2.0313893614408918,0.05018578025873787,1.0213073211748847,True,False,1.7582160295894143,0.37135117182685684
858,2022-04-19,2022-05-17,0.06777887761028362,0.036183731220232974,1.8731865212502872,0.032494436377468995,2.0858610016476593,0.05329371043939246,1.2717988117446657,True,False,1.82561663746523,0.4128597080185586
859,2022-04-20,2022-05-18,0.06730744476861086,0.036287572470612754,1.8548345944915259,0.03233779439692158,2.081386378503855,0.05448661179971732,1.2353024448651817,True,False,1.8202405138679694,0.41188084716916484
860,2022-04-21,2022-05-19,0.04727958143839612,0.03588293540824378,1.3176062911378779,0.026904162986331196,1.7573332967993378,0.04653534435081406,1.0159929425249659,True,False,1.8427455494224114,0.4219608782909768
861,2022-04-22,2022-05-20,0.0441486720134461,0.03478102231650698,1.269332212598399,0.027279949416707663,1.618356080470118,0.0430899409240362,1.024570260870776,True,False,1.9037699063159685,0.41946571134839583
862,2022-04-25,2022-05-23,0.039875846083313,0.03497876482720745,1.1400015489482482,0.024991052920121076,1.5956048835064374,0.03973818261979007,1.0034642616860483,True,False,1.8931694429132448,0.41325222819025137
863,2022-04-26,2022-05-24,0.03406872353491548,0.035244820873757056,0.9666306336736901,0.026040317860416,1.3083067463897395,0.038639819108363886,0.881699871300408,True,False,1.8784375464162089,0.39835333977823123
864,2022-04-27,2022-05-25,0.030246317881259213,0.035168862536407705,0.860031166772808,0.02758777468947896,1.0963667139413797,0.03864850952682532,0.7825998531784447,True,False,1.88276817773812,0.39835355871861455
865,2022-04-28,2022-05-26,0.031254174363903584,0.03508422962512108,0.8908325677336494,0.027342516162210347,1.1430613839080208,0.03817714811582849,0.8186618410856469,True,False,1.8872999251519291,0.3873728955838332
866,2022-04-29,2022-05-27,0.0477319495311008,0.04242455285121326,1.1251020063429085,0.038326894114463085,1.245390492340693,0.055115798453596626,0.8660302648302832,True,False,1.550503896443424,0.3761919713375386
867,2022-05-02,2022-05-30,0.03882855041771737,0.04359076995063519,0.8907516536571655,0.03979858047991871,0.975626516059014,0.05911354806952168,0.6568468935759408,True,False,1.50827291375885,0.36455521545925146
868,2022-05-03,2022-05-31,0.03150353608973209,0.044894235761272265,0.7017278622862407,0.04481942160024352,0.7028992112107247,0.0691680245781339,0.4554638690619959,True,False,1.4633902450984875,0.35521851368081264
869,2022-05-04,2022-06-01,0.04107034343037295,0.04455285684168713,0.9218341166383819,0.04211309603348646,0.9752392319414284,0.06198031437966415,0.6626352873719563,True,False,1.4749365509218295,0.3779259652829686
870,2022-05-05,2022-06-02,0.04115509814981272,0.04502213358013872,0.914108125874516,0.04206140588326736,0.9784527474908968,0.06411501135739824,0.6418948898004653,True,False,1.4590346682208326,0.39265683394865986
871,2022-05-06,2022-06-03,0.03591251411017888,0.04503201621433984,0.7974884788468126,0.0437839667938582,0.8202206592943175,0.06756255758015259,0.5315446217022528,True,False,1.4587027332151175,0.38258821740477694
872,2022-05-09,2022-06-06,0.04959822922014439,0.04607114773353846,1.07655727413186,0.04464984990575577,1.1108263370388336,0.06348738973599025,0.7812296178248409,True,False,1.424964392146931,0.38374911100067405
873,2022-05-10,2022-06-07,0.033810089263290044,0.04682381257567993,0.7220704039989014,0.04621889570933245,0.731520923302007,0.07423283111429978,0.45546005393800837,True,False,1.4016181742925187,0.36155298551253595
874,2022-05-11,2022-06-08,0.04381154155032102,0.0466536021190884,0.9390816477254487,0.04721830084847293,0.9278508705960332,0.0664851601069215,0.6589672263684596,True,False,1.4063841595670812,0.3546645107150143
875,2022-05-12,2022-06-09,0.049005022694871864,0.048846926278927796,1.0032365683572657,0.04905850332467793,0.998909860142856,0.06727302548576335,0.7284498109163018,True,False,1.3422147908473971,0.36944503778899235
876,2022-05-13,2022-06-10,0.054491874302745436,0.06260623641086827,0.8703905142153825,0.07918522251451765,0.6881571153349353,0.10578822027328745,0.5151034223089691,True,False,1.043375727875964,0.38855551335925353
877,2022-05-16,2022-06-13,0.0915330309404437,0.048888591645899926,1.8722779253576673,0.0562636321650125,1.6268596146084477,0.07111058114982885,1.2871928405082933,True,False,1.3404690854607622,0.4391547280878731
878,2022-05-17,2022-06-14,0.0883543939676791,0.049188428279627126,1.7962434877040734,0.05234723954567311,1.6878520192185045,0.0708557245172767,1.2469619719453398,True,False,1.332188625493442,0.4467718284277146
879,2022-05-18,2022-06-15,0.06081544589701583,0.05191548583282072,1.1714317013781772,0.062311052047707795,0.9759977387390785,0.08789387322176245,0.6919190572427519,True,False,1.2614652060455558,0.4171241556394317
880,2022-05-19,2022-06-16,0.06500574625082073,0.05199278489337515,1.2502839842899753,0.06729186164859281,0.9660268665219802,0.09349390774354978,0.6952939268420464,True,False,1.2596275648046984,0.45784557390061664
881,2022-05-20,2022-06-17,0.07127976221087631,0.05198264697235734,1.3712222513174548,0.0447493435512811,1.5928672144473432,0.07697938641262614,0.925959085056893,True,False,1.2595118950347703,0.45090093509714513
882,2022-05-23,2022-06-20,0.0834529189012845,0.05467070094383607,1.5264651350824419,0.047750898550630964,1.7476722205090691,0.07786481071701645,1.071766798542372,True,False,1.196457674998253,0.4503538233649152
883,2022-05-24,2022-06-21,0.08992127158959222,0.05259003458319131,1.709853821209173,0.035587228891348174,2.5267848717339585,0.06378995834062681,1.4096461877185893,True,False,1.2443209431388567,0.4466848538843167
884,2022-05-25,2022-06-22,0.08095021313405976,0.05196777595102529,1.557700164239233,0.03925668400434793,2.0620746552381752,0.06945592930682493,1.1654903179893867,True,False,1.259691636292781,0.4471332086224368
885,2022-05-26,2022-06-23,0.08811630253052911,0.05231486723625795,1.6843453340441281,0.03977076404933891,2.2156049710589816,0.06682250674898296,1.3186620319638076,True,False,1.2511187071704504,0.44560340685797295
886,2022-05-27,2022-06-24,0.08243809729401444,0.04971599549841489,1.658180560754191,0.03733381258844413,2.2081349741261453,0.060723650291145105,1.357594559924468,True,False,1.317752183167901,0.4476450942941841
887,2022-05-30,2022-06-27,0.07697677191102935,0.05063145261320221,1.5203350474475141,0.03718611753749763,2.0700405691292656,0.06571325728016644,1.1714039920870345,True,False,1.2935773184147934,0.4407689131091352
888,2022-05-31,2022-06-28,0.07477806690327181,0.05126156143724058,1.4587551531145309,0.036277979920733956,2.0612522270164746,0.06688007205032047,1.1180919010824166,True,False,1.2772853375874564,0.44499937362355446
889,2022-06-01,2022-06-29,0.07161984635070726,0.049943554099642004,1.4340158132883183,0.03259390781836677,2.197338433605965,0.06153130878763176,1.1639577925750764,True,False,1.3114517554507579,0.44223892799126785
890,2022-06-02,2022-06-30,0.06573621038125793,0.049914606995808644,1.316973413950306,0.036899308167536636,1.7815025171418117,0.06844301164620728,0.9604517510284143,True,False,1.312666031824853,0.43247049261590603
891,2022-06-03,2022-07-01,0.06440229681260352,0.0495685998500962,1.2992559202270575,0.0318564861747628,2.0216384336708177,0.06164992688634608,1.0446451450190937,True,False,1.321432993577053,0.41440779810623224
892,2022-06-06,2022-07-04,0.06558414874842865,0.04911398489700857,1.3353457042013148,0.031189890759113797,2.1027373662495026,0.06008496850888904,1.091523393887209,True,False,1.3339506676851398,0.41548244350875946
893,2022-06-07,2022-07-05,0.09138027848413453,0.04759880277215424,1.919802036230896,0.030180166269279274,3.02782554836855,0.049299613275086786,1.8535698844987272,True,False,1.375870522500564,0.4488119396181948
894,2022-06-08,2022-07-06,0.09479073675244135,0.047894185541209104,1.979170032464202,0.029902687080563393,3.169973872149265,0.0479494821407713,1.9768876017086547,True,False,1.3667794560832096,0.44968102100472473
895,2022-06-09,2022-07-07,0.10484220414825562,0.04623553375011333,2.2675677264783096,0.03191519745098551,3.285024456115912,0.04226598803169059,2.48053361652509,True,False,1.4163313507991422,0.4561808540943606
896,2022-06-10,2022-07-08,0.10853712538578111,0.04564639989165298,2.377780627681626,0.03444645068932587,3.150894307360792,0.0418405691471585,2.594064268199663,True,False,1.4355196951984994,0.45897765271423135
897,2022-06-13,2022-07-11,0.10381399203261668,0.04509647869518958,2.3020420892350173,0.03661123857491594,2.835577163558309,0.040569590348158685,2.5589115182507247,True,False,1.453863856803201,0.4427431944488223
898,2022-06-14,2022-07-12,0.09193156127844515,0.056510826292489436,1.6267955595380015,0.06283873209674225,1.4629760692324847,0.06582545795951658,1.3965958479921876,True,False,1.1564433009373831,0.40011073830134614
899,2022-06-15,2022-07-13,0.09485011805032416,0.055926602694238436,1.6959749650606906,0.0639254919112889,1.4837604719874533,0.06581891669404916,1.4410768638326705,True,False,1.16890842464269,0.39537088742376836
900,2022-06-16,2022-07-14,0.08895971407358023,0.046637233533624346,1.9074826556648643,0.03967125240966967,2.242422627723665,0.047227786592027844,1.8836308134033288,True,False,1.4058899477081683,0.41354065329147666
901,2022-06-17,2022-07-15,0.09892289101780026,0.04363831494981264,2.2668815496558254,0.03293997127522941,3.003126207708307,0.04506838689327617,2.1949507811773654,True,False,1.5037587772345617,0.38329663564910316
902,2022-06-20,2022-07-18,0.12355820768393491,0.04423559234205477,2.7931853320401485,0.02945769259559449,4.194429257585963,0.044034989154443115,2.805909801648445,True,False,1.482781131259166,0.4014030061284368
903,2022-06-21,2022-07-19,0.12724364160304766,0.04462594238428786,2.851337917019502,0.029734484535913503,4.279328987504793,0.044034157745005686,2.889657668483043,True,False,1.4695135830164243,0.4064773013271195
904,2022-06-22,2022-07-20,0.10281614973075548,0.04424723817180171,2.3236738377103747,0.03242329312074978,3.1710582064520993,0.04206148371736586,2.4444251758124724,True,False,1.483136652996194,0.38721622878179357
905,2022-06-23,2022-07-21,0.11262580117022257,0.04475770089704793,2.516344649366272,0.03094062703699816,3.6400620141132554,0.04574031953263163,2.462287153238493,True,False,1.4651146852356993,0.3866602271919919
906,2022-06-24,2022-07-22,0.11697030592234309,0.04459315857545321,2.6230549631155906,0.03191177382820387,3.6654278935432862,0.046463257217806815,2.517479680213095,True,False,1.4708011837137482,0.3985211321557798
907,2022-06-27,2022-07-25,0.11911337218076046,0.046035684010139,2.587413975526608,0.03253872781716471,3.660664696237024,0.049913520842835894,2.3863949120282673,True,False,1.4236375439339881,0.3930522737861319
908,2022-06-28,2022-07-26,0.11328618762009891,0.04691142506938602,2.4148954642187683,0.03282753130432993,3.4509505624980257,0.0509954630157671,2.221495421760802,True,False,1.396473446529475,0.38679572892677444
909,2022-06-29,2022-07-27,0.11424253659080004,0.046825323502612995,2.4397596865385234,0.03291231728875985,3.471117988699505,0.04919051957911533,2.322450292623127,True,False,1.399363176107159,0.3819363267479917
910,2022-06-30,2022-07-28,0.121915516691421,0.04824051942505983,2.527243034370992,0.03831383375922211,3.182023429385373,0.0553860493575451,2.201195393164701,True,False,1.3576475878294647,0.4047935028336931
911,2022-07-01,2022-07-29,0.12910365253568282,0.04823639914910726,2.67647782199912,0.04187559263876796,3.0830286665879947,0.05930390581609046,2.176983973636592,True,False,1.3575410420226721,0.4111491844581503
912,2022-07-04,2022-08-01,0.12225507469406584,0.04913604153123978,2.4880936861049,0.0420506840892037,2.907326654537214,0.05903336561168807,2.0709487495298835,True,False,1.3326441019072721,0.40550778108777397
913,2022-07-05,2022-08-02,0.12970530488944174,0.049396967343005735,2.6257746551278336,0.044203836484835855,2.934254472096267,0.062224182079015686,2.0844838864211153,True,False,1.3251826774605893,0.4170128861296378
914,2022-07-06,2022-08-03,0.10437084363153763,0.0518606919627274,2.012523159285063,0.030255311678383603,3.449670085735956,0.04631059320658951,2.253714245592664,True,False,1.2620641472425824,0.37274324721148283
915,2022-07-07,2022-08-04,0.10753442764201686,0.051585543733988576,2.0845845533109073,0.03356691939737827,3.203583455752445,0.046153397966681886,2.3299352242633558,True,False,1.2687404145287864,0.37711463240154075
916,2022-07-08,2022-08-05,0.09542386683311109,0.052731957711658665,1.8096022028026004,0.03138547922180961,3.0403826609982594,0.04757437205812967,2.0057830025904617,True,False,1.2411032004533458,0.3866510524838588
917,2022-07-11,2022-08-08,0.09582363328907793,0.05320472499113678,1.8010361543084927,0.032342459490843536,2.9627812725932774,0.04843836321180399,1.9782591098314937,True,False,1.229884318689257,0.3918420593629151
918,2022-07-12,2022-08-09,0.06969024262594738,0.05586090674718533,1.2475673361578377,0.02692419662975251,2.5883870774044326,0.040644996715475945,1.7146081500213826,True,False,1.1709242597159497,0.35770933553116896
919,2022-07-13,2022-08-10,0.09673335034089899,0.05554242495387475,1.741611937563606,0.03511152149848932,2.7550315740393354,0.0482495864952236,2.00485345818404,True,False,1.1769581738158743,0.40056690680684914
920,2022-07-14,2022-08-11,0.0939402284575184,0.05544258060335844,1.6943696962732642,0.032693370305088135,2.873372417125753,0.04743898501215923,1.9802326806410444,True,False,1.1792224869302268,0.400810278691816
921,2022-07-15,2022-08-12,0.10701915474120652,0.08684028381929985,1.2323676297960464,0.06712299183778458,1.5943740261137131,0.10248802736338937,1.0442112849118583,True,False,0.7497644245951102,0.37387624462595137
922,2022-07-18,2022-08-15,0.10753342099956867,0.08256923625950037,1.3023424446074603,0.06226250651266257,1.7270975266262238,0.10560074579508337,1.0183017192722827,True,False,0.7888802181811942,0.3774374137323549
923,2022-07-19,2022-08-16,0.10284211856919315,0.0791224412941572,1.2997844465750519,0.06255030435982782,1.6441505700369103,0.1001275262991903,1.0271113486004977,True,False,0.8236072245777417,0.3646412527652912
924,2022-07-20,2022-08-17,0.11280342152359722,0.07469688493551992,1.5101489388877696,0.055804110154794376,2.021417798988159,0.09307043223530216,1.2120221085726324,True,False,0.8726818841570232,0.3700184487094953
925,2022-07-21,2022-08-18,0.16801290094656912,0.0797233938070354,2.1074479261787573,0.03706926291439101,4.532404686183907,0.09648193819055798,1.7413922657185112,True,False,0.81678944703411,0.3734668595343029
926,2022-07-22,2022-08-19,0.1767939524468658,0.07191827879926306,2.458261729821562,0.032843141161068866,5.382979404431367,0.0822006170483857,2.15076186524001,True,False,0.9058094194961611,0.3900863028467755
927,2022-07-25,2022-08-22,0.17767554964880247,0.07094240200306184,2.5045042828002084,0.03836797102931889,4.630829957441109,0.08614244192726465,2.062578511517294,True,False,0.9182478752332977,0.3917078821483401
928,2022-07-26,2022-08-23,0.19305188599880635,0.07168293805418573,2.693135789898523,0.04147706652964849,4.654424773767683,0.08767107132846383,2.2020021322144943,True,False,0.9085165815030609,0.40610652311407497
929,2022-07-27,2022-08-24,0.20511397591290104,0.07220247052115937,2.8408165874710773,0.04244640658970461,4.832304837852906,0.08792965282099958,2.332705399513589,True,False,0.9017421556133549,0.4030114291099852
930,2022-07-28,2022-08-25,0.20455542460305307,0.07205150375932025,2.8390167301205387,0.03978774688100945,5.141166329795031,0.08447663997167419,2.42144366385361,True,False,0.9036499137535005,0.40309967092670745
931,2022-07-29,2022-08-26,0.14949752599697763,0.06570618662861437,2.2752427688730457,0.047798150418540054,3.12768432853398,0.0836163805214193,1.787897599306898,True,False,0.9924512453825551,0.3805019705062479
932,2022-08-01,2022-08-29,0.13591666737257802,0.0627598790520518,2.1656617161395646,0.050119769262535405,2.711837452016682,0.08138009904170629,1.6701462516397578,True,False,1.0395926356041525,0.3780134287420517
933,2022-08-02,2022-08-30,0.1341031848397474,0.06271027622451247,2.1384562931861004,0.05066942669611894,2.6466292118126358,0.08056335041092477,1.664568121307457,True,False,1.0402397245475026,0.36945855363598745
934,2022-08-03,2022-08-31,0.13195169891773667,0.06237465585827655,2.115469770567526,0.04822601240889756,2.736110499847007,0.07713234692242019,1.7107180603548062,True,False,1.0461477131551074,0.36289224538704234
935,2022-08-04,2022-09-01,0.14540829059881014,0.05926436958893256,2.4535533172357358,0.04291275745239502,3.3884629940203177,0.0738721403324008,1.9683779290070618,True,False,1.1012129599692948,0.3836991282847864
936,2022-08-05,2022-09-02,0.14709380632929864,0.05744214912407469,2.560729509120157,0.0431582132395999,3.408245969606833,0.06812093598478987,2.1593039526371443,True,False,1.1364694612723478,0.3872930195848331
937,2022-08-08,2022-09-05,0.16911430102071645,0.05844623078121864,2.8935022628535414,0.049057569647880696,3.4472621092843365,0.06947078014860716,2.434322756401449,True,False,1.1163701694393577,0.38031922157767123
938,2022-08-09,2022-09-06,0.17818820151334047,0.05808083033595686,3.067934815715387,0.05323582973570971,3.3471480091126447,0.07201973883260523,2.4741578406372944,True,False,1.122673047619741,0.4002902126624546
939,2022-08-10,2022-09-07,0.16182203639070156,0.0570510778244789,2.8364413532826998,0.049271109050660865,3.284318934739527,0.074306718005419,2.1777578223667513,True,False,1.1437177151899107,0.39946274901394296
940,2022-08-11,2022-09-08,0.11705391302151884,0.057611696884887195,2.0317733958678907,0.041402608069126115,2.8272110980565457,0.05324432675907044,2.1984297698266624,True,False,1.133070334998525,0.33301389488266486
941,2022-08-12,2022-09-09,0.14300060523130373,0.057909297284049074,2.469389406158323,0.04510009670312201,3.1707383284037314,0.06190520063355839,2.3099934055263214,True,False,1.1270544182891296,0.37313030729419483
942,2022-08-15,2022-09-12,0.15973699294053237,0.05698371323507431,2.803204352120246,0.045418158737159625,3.5170292539807626,0.06222486031559587,2.56709283283833,True,False,1.1454210424931954,0.38645030782304934
943,2022-08-16,2022-09-13,0.17272094683163233,0.05990702362692147,2.8831501946628793,0.047595320530019046,3.6289480753196055,0.06648065079258382,2.598063418038923,True,False,1.0882643846117734,0.42041148085127417
944,2022-08-17,2022-09-14,0.16918642465737885,0.06004252200042003,2.8177767858617813,0.04669636528524152,3.6231176371847202,0.06674323206876272,2.5348851024036905,True,False,1.0859928380311488,0.4203750762122628
945,2022-08-18,2022-09-15,0.1727279591280336,0.06082349079793964,2.8398231811759915,0.04815126626152518,3.5871945337821836,0.06857327286484274,2.518881656246432,True,False,1.0717931945961603,0.4211092385955239
946,2022-08-19,2022-09-16,0.1703505057561273,0.06095461503654161,2.794710550694219,0.0482350982879276,3.531671164828186,0.06882062396900526,2.475282784893785,True,False,1.0696620804945038,0.42068824713197717
947,2022-08-22,2022-09-19,0.16609661453277932,0.06466450415481839,2.5685902444270554,0.05214216909055986,3.1854565590530926,0.07661283625320998,2.1679998112042234,True,False,1.0080408751044816,0.4071337036321587
948,2022-08-23,2022-09-20,0.15630173830834068,0.06587231878032747,2.37279848656276,0.05383176741308525,2.903522321846475,0.07779970255199828,2.0090274535930868,True,False,0.9896909027490278,0.3980526095925745
949,2022-08-24,2022-09-21,0.15684407901911687,0.06417361068226088,2.4440588171934094,0.05304236248538883,2.956958771629403,0.07324380328428351,2.1413972511825055,True,False,1.0157010789269982,0.3911214839677964
950,2022-08-25,2022-09-22,0.1534580726083347,0.06420037487411591,2.3902987001125036,0.052345986662461076,2.931611043992112,0.07294247620520074,2.103823184952326,True,False,1.0151519296402352,0.3941869178772088
951,2022-08-26,2022-09-23,0.17178334452285288,0.05854242013009536,2.9343396487727857,0.04845016479706843,3.5455678064741476,0.0652644505885028,2.632112014639633,True,False,1.1131413195242488,0.42595213666406745
952,2022-08-29,2022-09-26,0.18476160171540282,0.0523284758138116,3.5308041910641084,0.027932981311707357,6.6144605065111675,0.048682458018926074,3.7952397893215215,True,False,1.2458118596834296,0.4545610080958754
953,2022-08-30,2022-09-27,0.1824809405040149,0.051694043489604075,3.5300187059407087,0.03331253968633769,5.477845346593461,0.05055450550201655,3.609588081061063,True,False,1.261451080560717,0.45599301822764354
954,2022-08-31,2022-09-28,0.10532850669095296,0.04741935482122668,2.221213407226789,0.06614111470176817,1.5924815776976493,0.08870988203721937,1.1873367912580588,True,False,1.3810942774795907,0.46697688797036246
955,2022-09-01,2022-09-29,0.11415858632838663,0.047048893454570355,2.4263819602604744,0.05793968227031329,1.970300523841125,0.08821393581390613,1.2941105651289913,True,False,1.392129863965078,0.4809083517058328
956,2022-09-02,2022-09-30,0.0976752334439837,0.046946080193377836,2.0805833637578472,0.056744632467162374,1.7213122932906033,0.09095628108876821,1.0738701305153204,True,False,1.3961581690700324,0.46545287075638503
957,2022-09-05,2022-10-03,0.09070995993247488,0.047294960014698864,1.9179625039176058,0.05077830942959347,1.7863918856583545,0.09114259246896557,0.9952532342478847,True,False,1.3857591553891206,0.45575215024404425
958,2022-09-06,2022-10-04,0.11046070010457805,0.04328847417455635,2.5517346640391287,0.04738229337183496,2.3312653787720254,0.08207505767152914,1.345849801856375,True,False,1.5163687808832278,0.49056056441121515
959,2022-09-07,2022-10-05,0.10809041716762638,0.04286191896457996,2.521828694999625,0.045097876460836066,2.3967961609344144,0.07799698291736117,1.3858281836638426,True,False,1.5321202801624485,0.47477451900390727
960,2022-09-08,2022-10-06,0.11195903499074046,0.04345448808065586,2.576466550081854,0.04976214844030867,2.2498834656433493,0.08517550020376104,1.3144511593463675,True,False,1.5102889773807808,0.477281002043395
961,2022-09-09,2022-10-07,0.11042951533391239,0.04441613212832866,2.4862479023354744,0.04927809954496107,2.2409450923154433,0.0861057714547578,1.2824868004572134,True,False,1.4769101186468063,0.4724142936240962
962,2022-09-12,2022-10-10,0.09237677615009372,0.04462602305770298,2.070020356298552,0.04099429610386906,2.2534055936961233,0.08374083695744511,1.1031269749195027,True,False,1.470138274360708,0.4420013885565986
963,2022-09-13,2022-10-11,0.0837188622087347,0.045359921834076014,1.845657109264286,0.04087800088167561,2.0480175253937962,0.08653651644177675,0.9674397081267095,True,False,1.4455622381122706,0.4275972094792439
964,2022-09-14,2022-10-12,0.0873053593921677,0.045022195487871494,1.9391626384743241,0.03809804738464266,2.291596692888794,0.08158375674260662,1.0701316398999925,True,False,1.4571642124831594,0.3985864464508828
965,2022-09-15,2022-10-13,0.09466213389684774,0.04475262445363275,2.115230895451175,0.03963706463236854,2.388222608682896,0.08168554814707406,1.1588602395910899,True,False,1.4660780272591214,0.41090032798741166
966,2022-09-16,2022-10-14,0.08203399077047227,0.044373186294025035,1.8487288748412092,0.03930913646001156,2.086893739167328,0.08366253279782387,0.9805343924826292,True,False,1.4791035839012727,0.4151486698851045
967,2022-09-19,2022-10-17,0.09392109096318775,0.04378585272795999,2.1450099772343427,0.04063617978927691,2.311267728665077,0.08268565912835134,1.1358812634896684,True,False,1.499326826774588,0.4393445573899292
968,2022-09-20,2022-10-18,0.09196421144527842,0.04369540301480871,2.1046655963811807,0.04043169393382044,2.2745574695882795,0.08303268235551228,1.1075664285001048,True,False,1.5024680277563924,0.4399694299013723
969,2022-09-21,2022-10-19,0.09543856328243991,0.04374763899108129,2.1815706054879143,0.040853196344309374,2.3361345457057237,0.08196525015624066,1.164378356687946,True,False,1.5003590223740517,0.4437467471134173
970,2022-09-22,2022-10-20,0.09297557128018027,0.044087465819698045,2.1088889903633175,0.04039810619413927,2.301483411954312,0.08336464520848708,1.1152877943360424,True,False,1.4891351587178232,0.4447777738956814
971,2022-09-23,2022-10-21,0.08333465025595971,0.04363926299601697,1.9096255191927922,0.038363393491386275,2.17224397196955,0.0792021850070945,1.0521761520656916,True,False,1.5054655228916416,0.44686369348643384
972,2022-09-26,2022-10-24,0.04689781224525755,0.0450765698947206,1.0404033038625295,0.04175601852789169,1.1231389844779216,0.08926032137058423,0.5254049226481133,True,False,1.4573202953613678,0.408864864885248
973,2022-09-27,2022-10-25,0.016027728880759446,0.050660322712350526,0.316376367591753,0.06549393565609599,0.24472080842598792,0.09991379906553398,0.16041556852669345,True,False,1.2937912145399064,0.37096983253985405
974,2022-09-28,2022-10-26,0.03510065664919888,0.05081556999993824,0.6907460970966486,0.06365588498523417,0.5514125937820352,0.1014212798714,0.3460876917911681,True,False,1.2893846194855076,0.3987991319799421
975,2022-09-29,2022-10-27,0.12480474919778145,0.06033554047043578,2.06851133220453,0.04687744784378634,2.6623622858837965,0.06583299055918064,1.8957782129856016,True,False,1.0821998828731065,0.3997769135846717
976,2022-09-30,2022-10-28,0.12236157507304186,0.06063908140468738,2.017866567872899,0.04759396616402407,2.570947221573101,0.06913571582493389,1.7698750003961339,True,False,1.0768129879621702,0.4018559354178372
977,2022-10-03,2022-10-31,0.13456180964804687,0.06152611072933508,2.187068352817059,0.051462829529745666,2.614737877369719,0.06974756153444399,1.9292690194136055,True,False,1.0608774831347796,0.4083410499318399
978,2022-10-04,2022-11-01,0.13173915170648778,0.06337591740325156,2.078694196539217,0.05201364808658543,2.5327804634503988,0.0742626719214647,1.7739619151571386,True,False,1.0296593827027742,0.4029202247215006
979,2022-10-05,2022-11-02,0.10004718990931018,0.07467447205831097,1.3397776663380552,0.05521635002803112,1.811912411061583,0.09866567992796718,1.0140019303809753,True,False,0.8729604898533119,0.3682569468112377
980,2022-10-06,2022-11-03,0.09906811968093256,0.07869610759006467,1.258869373781326,0.07004263879752609,1.4143973068649098,0.1116515093099789,0.8872976307547175,True,False,0.8280013981139085,0.3786298731691021
981,2022-10-07,2022-11-04,0.15826571627266026,0.07227132008231689,2.1898827376114887,0.08913320417040538,1.7756089635248267,0.10279650590113233,1.5396020991693737,True,False,0.9016375361189177,0.41665781367358873
982,2022-10-10,2022-11-07,0.15972397524900742,0.07341563888653224,2.1756124127158967,0.08898748944065402,1.7949037134655623,0.10336312952298829,1.5452703104687275,True,False,0.8874361190677835,0.4404609194405764
983,2022-10-11,2022-11-08,0.19533000784289736,0.07445136144718655,2.6235921552819197,0.10176484034155343,1.9194252866442973,0.10964364489703414,1.781498672598224,True,False,0.8744432895288026,0.45341941147483655
984,2022-10-12,2022-11-09,0.1944607936225927,0.07327048400852122,2.6540126799213892,0.09977147193070207,1.9490620901900562,0.10466520858315523,1.857931553904046,True,False,0.8886117255165128,0.45356161506868764
985,2022-10-13,2022-11-10,0.20336807425091202,0.07844420956082662,2.5925186242487137,0.11896904884264838,1.709420023353234,0.12421816061416034,1.637184717962479,True,False,0.8291550867104097,0.4871744474234396
986,2022-10-14,2022-11-11,0.20230305212892308,0.07833765364920046,2.5824497250689333,0.11898474830567492,1.7002435607057913,0.12341105670720189,1.6392619715500523,True,False,0.830443497634161,0.4857577500096835
987,2022-10-17,2022-11-14,0.14366478447740882,0.07614998203585502,1.8866029989313016,0.11614657553261225,1.2369265629968562,0.12721428148666633,1.1293133349376872,True,False,0.8540635393754523,0.5052701322346065
988,2022-10-18,2022-11-15,0.13362402991887287,0.07617625012922145,1.7541429210836708,0.11647323056560374,1.1472509972461777,0.12659492225832428,1.055524404416516,True,False,0.8540635393754523,0.49983738685772644
989,2022-10-19,2022-11-16,0.1457501193732188,0.07496340439292516,1.9442836215023112,0.10898843733840258,1.337298918422634,0.12065899477859245,1.2079507179772897,True,False,0.8677579850435346,0.4992812940009483
990,2022-10-20,2022-11-17,0.1542449748643585,0.07569943553828389,2.037597424175658,0.11769409895280135,1.3105582712877992,0.12720435834434404,1.2125761795583696,True,False,0.8593391966971222,0.5111125900450433
991,2022-10-21,2022-11-18,0.1176196598665584,0.07067596350227293,1.6642102072336908,0.10479277224909818,1.122402407553166,0.12063089611605717,0.9750376035787572,True,False,0.9215988461882633,0.5102885259826446
992,2022-10-24,2022-11-21,0.20497528797699152,0.07421526576778573,2.761901959879044,0.09571226764330738,2.1415780131850664,0.13222496892545774,1.550201067489356,True,False,0.8767667996413793,0.541312851845996
993,2022-10-25,2022-11-22,0.2371823208110857,0.0752880898764689,3.1503299021166487,0.0928661330430751,2.5540238732786564,0.13715779155204377,1.729266111149713,True,False,0.8632735678385104,0.5364267547469875
994,2022-10-26,2022-11-23,0.278050564132178,0.08575994225706376,3.2421962610320656,0.11906521224796844,2.335279624354949,0.17562209386406694,1.5832322574823166,True,False,0.7570142723064531,0.5328120485073596
995,2022-10-27,2022-11-24,0.247190116486252,0.08654236256613408,2.8562903664359043,0.11116406355920158,2.2236513183472133,0.16938538016992605,1.4593356064040053,True,False,0.7508624366602158,0.5167746262177347
996,2022-10-28,2022-11-25,0.23967265832352908,0.08694011928178871,2.756755572725941,0.11022115657130185,2.174470544305034,0.17227221635495477,1.3912438313889248,True,False,0.7472690631159647,0.5148909611255867
997,2022-10-31,2022-11-28,0.2373295422336814,0.08348326825639421,2.8428396155358198,0.09876270257348022,2.403028026264332,0.15750684850381075,1.5067887173676733,True,False,0.7781486561318974,0.50677965419111
998,2022-11-01,2022-11-29,0.21669948881163537,0.08326693717489995,2.6024673917867776,0.0962551369132585,2.251303107146549,0.1545547049680759,1.4020892398998515,True,False,0.7803142981795457,0.49786990998988695
999,2022-11-02,2022-11-30,0.21866788226941103,0.08361586105590287,2.615148364294386,0.09742313497767903,2.2445169960863076,0.15609213910927328,1.4008897790575554,True,False,0.7770406406182027,0.49788719659585784
1000,2022-11-03,2022-12-01,0.22949858384053062,0.08378505963910318,2.7391349344271605,0.09524303152966977,2.409610237669073,0.1654593113627125,1.3870393992963872,True,False,0.7744301580440139,0.5506666740504393
1001,2022-11-04,2022-12-02,0.18351280803684358,0.08522273291544272,2.1533316494194508,0.07803742478486925,2.3515999988818836,0.16311762504635882,1.125033594528417,True,False,0.7612765226331966,0.5155133808418184
1002,2022-11-07,2022-12-05,0.11627204087664005,0.09520591986262304,1.2212690244935847,0.09098678637553237,1.2779002919912692,0.18743296631139766,0.6203393307208713,True,False,0.6825598406909714,0.5228329702360196
1003,2022-11-08,2022-12-06,0.11028095656012332,0.09511888189070863,1.1594013130519751,0.09454824579522174,1.1663987589888916,0.17875353389307366,0.6169442033302173,True,False,0.6838056352545504,0.5202253277037916
1004,2022-11-09,2022-12-07,0.08544353142759019,0.10166330674947852,0.8404559536720801,0.10229269884851393,0.835284750421183,0.19734367034689276,0.4329681883254561,True,False,0.639788450198428,0.5122346402299477
1005,2022-11-10,2022-12-08,0.06161832636888942,0.10025545489181632,0.614613204193034,0.10795106619090392,0.5707986826171936,0.19147465231048444,0.32180931327125556,True,False,0.6486831542821121,0.5054408312380406
1006,2022-11-11,2022-12-09,0.012778947250160709,0.09856022255083917,0.1296562337160825,0.12234048487367623,0.10445395294416011,0.17106235791139107,0.07470344385630473,True,False,0.6603812851904743,0.4633980104975812
1007,2022-11-14,2022-12-12,0.0357537214787307,0.09526964206753408,0.3752897639038662,0.1080831525969784,0.3307982846507962,0.1573310343211599,0.2272515504204124,True,False,0.683345630873416,0.47028767119507126
1008,2022-11-15,2022-12-13,0.13340243224390863,0.06646080011595874,2.007234821295443,0.03726522514855237,3.5798101772394864,0.0523007618571737,2.5506785657962805,True,False,0.9814049444428978,0.4455421326077266
1009,2022-11-16,2022-12-14,0.09697301766714159,0.06241995735573624,1.5535578967874768,0.04033157960643084,2.4043942392893363,0.06116564397870973,1.5854164422906352,True,False,1.0461717590268953,0.441759096685873
1010,2022-11-17,2022-12-15,0.10907535617932501,0.0630429790093168,1.7301745236881227,0.03820476249998666,2.8550198729638248,0.06106253807326668,1.7862892637782193,True,False,1.0355558695609455,0.46101333665739386
1011,2022-11-18,2022-12-16,0.08066673054707454,0.06171700119344733,1.3070422895991123,0.030267043909642445,2.6651671298952264,0.06455189140432949,1.2496416261733927,True,False,1.058419426582341,0.4417303362956807
1012,2022-11-21,2022-12-19,0.08750518483757413,0.0636949554764162,1.373816563385054,0.03553440316836995,2.462548320368714,0.06450351900109498,1.3565955190148415,True,False,1.0250877234946196,0.441729122898257
1013,2022-11-22,2022-12-20,0.0030277399807683916,0.05774563720436356,0.05243235900321141,0.0565818807299876,0.053510769555663286,0.1021172705401992,0.029649636782805508,True,False,1.1322504342226711,0.41159870584984126
1014,2022-11-23,2022-12-21,-0.0012331066046683298,0.05778757120568243,-0.021338612766391447,0.06199156774720753,-0.01989152153235996,0.10961993271165743,-0.011248926852672628,True,False,1.1316504015647717,0.40924563500038014
1015,2022-11-24,2022-12-22,-0.003160212908356468,0.057264784637353246,-0.05518597386455712,0.06349719534825377,-0.049769330614117854,0.11189531271975012,-0.028242585248154668,True,False,1.1422247613326142,0.4030393720265111
1016,2022-11-25,2022-12-23,-0.007850420326759198,0.05751098244587251,-0.13650297722087712,0.06542864601937137,-0.11998445336061112,0.11343994354793834,-0.0692033165852353,True,False,1.137192310106956,0.40427948997396024
1017,2022-11-28,2022-12-26,-0.006386453147074167,0.056953968144894083,-0.11213359411282235,0.06616308265578738,-0.09652593093794633,0.11352725762651046,-0.05625479977755427,True,False,1.1485682764876506,0.39970695839379455
1018,2022-11-29,2022-12-27,-0.01298593179144047,0.058132234146847574,-0.22338607799997443,0.06857630290787593,-0.1893647111435202,0.1183747433675344,-0.10970187915103863,True,False,1.1248667979529832,0.39577776581716
1019,2022-11-30,2022-12-28,-0.008609609811901266,0.05815369955733246,-0.14804921918016994,0.06797685465150766,-0.12665501891841818,0.11885071732918051,-0.07244053721657609,True,False,1.124489352601737,0.3997337012254025
1020,2022-12-01,2022-12-29,-0.012608585010733702,0.057966490514475846,-0.21751506601188816,0.0665083555832609,-0.189578961923802,0.11836384180410014,-0.10652395882521058,True,False,1.1280908903960958,0.4025752118501167
1021,2022-12-02,2022-12-30,-0.02098999380545011,0.057524174873613616,-0.3648899589010574,0.0774423450721512,-0.27104026596681996,0.13446539665562718,-0.15609959385466707,True,False,1.1370899959126899,0.30476234381105255
1022,2022-12-05,2023-01-02,-0.0217722377894458,0.056889460434682515,-0.38271127240595887,0.0746718658734735,-0.2915721675729572,0.13242595517611344,-0.164410653187216,True,False,1.149945445140771,0.3047431079738122
1023,2022-12-06,2023-01-03,-0.002437300330865062,0.056977426766229675,-0.04277659538513314,0.0673148814635044,-0.03620745187208678,0.12212280343015859,-0.019957782350279417,True,False,1.1481803649078899,0.3076747645672818
1024,2022-12-07,2023-01-04,0.010006552126816599,0.0566655574873135,0.1765896705252905,0.059309092528810836,0.16871868545207758,0.10286302377281022,0.09728036139514723,True,False,1.154385835740346,0.31366695710255754
1025,2022-12-08,2023-01-05,0.015876331252389027,0.05656095400123113,0.2806941914742714,0.06455868946492545,0.2459209036610725,0.10737428524179381,0.1478597153558458,True,False,1.1567206152595726,0.3336607883461527
1026,2022-12-09,2023-01-06,0.023990269467599468,0.05730441482294336,0.4186460945761952,0.06364118147346867,0.3769614094546745,0.10178165721712827,0.2357032703488176,True,False,1.1413076636675497,0.3743634797100547
1027,2022-12-12,2023-01-09,0.019771558463338612,0.057878236510731554,0.3416060967868751,0.05783028364551102,0.3418893565270165,0.0993316614820378,0.19904588495093192,True,False,1.1293927995320747,0.4057824241190023
1028,2022-12-13,2023-01-10,0.004145338759746442,0.05770867340608542,0.07183216170256504,0.054116557391723,0.07660019335192342,0.10496003061561254,0.03949445074885328,True,False,1.1327455920171674,0.39868765029756387
1029,2022-12-14,2023-01-11,-0.08125973365310246,0.08097296367352354,-1.003541552223964,0.07592023655016293,-1.0703303538762232,0.0909435170142357,-0.8935187061259419,True,False,0.8044708656845357,0.36936196183974485
1030,2022-12-15,2023-01-12,-0.132588028089927,0.09495034355177073,-1.3963933476200083,0.11061360466248334,-1.1986593194796833,0.13168432796511173,-1.0068626247236854,True,False,0.6848134960902362,0.3881545945710862
1031,2022-12-16,2023-01-13,-0.1219690782149806,0.09407159491455663,-1.296555866048223,0.10075518524933874,-1.2105488954552945,0.12172395270689317,-1.0020137820259394,True,False,0.6908115765772708,0.35480211741367507
1032,2022-12-19,2023-01-16,-0.14072200312462327,0.09689568772640729,-1.4523040852134006,0.10742228504812289,-1.3099889195392076,0.12152354566446923,-1.1579813801118153,True,False,0.6704968304993917,0.35280759200286205
1033,2022-12-20,2023-01-17,-0.15625122547805675,0.08630702536516154,-1.810411433101351,0.09024133211163982,-1.7314818146163273,0.09135546376792601,-1.7103654125711416,True,False,0.7532331887809203,0.3548061170923207
1034,2022-12-21,2023-01-18,-0.12662313860630026,0.0935862104433724,-1.3530106412730325,0.11392177274454787,-1.1114919962686436,0.1204425937309202,-1.051315275467979,True,False,0.6949097505066122,0.35213785090566385
1035,2022-12-22,2023-01-19,-0.09169477740161076,0.09355889164979488,-0.9800754988081541,0.11682375424856518,-0.7848983966609423,0.1304349933790318,-0.7029921574431669,True,False,0.6953922513896212,0.37018965702942513
1036,2022-12-23,2023-01-20,-0.08972318530249364,0.09346720644888645,-0.9599429437485085,0.12058376720101305,-0.744073496666638,0.13453274780846028,-0.6669244980429313,True,False,0.6960430970252762,0.37061062160728353
1037,2022-12-26,2023-01-23,-0.08535349297730535,0.09434689660586992,-0.9046772713030071,0.12478617860051236,-0.6839979710457685,0.1409122615443971,-0.6057208367946966,True,False,0.6895753990784703,0.37008525866473996
1038,2022-12-27,2023-01-24,-0.09728064058591994,0.09455080010824551,-1.028871680351189,0.12584829577449083,-0.7729992685815814,0.1452114811065249,-0.6699238919996716,True,False,0.6880750401668585,0.3695839532802022
1039,2022-12-28,2023-01-25,-0.09990723798247368,0.09512116019932891,-1.050315595111702,0.12498000022733699,-0.7993858041346112,0.14376151471191612,-0.6949512057011775,True,False,0.6839313159440173,0.3692645080574892
1040,2022-12-29,2023-01-26,-0.10067904329666795,0.09496826767842743,-1.060133513623496,0.12396835007515727,-0.8121350589535966,0.14128616760427037,-0.7125895266595434,True,False,0.6849542946329383,0.3638911354792047
1041,2022-12-30,2023-01-27,-0.0957049994321089,0.09520429613867558,-1.005259251039512,0.12835560178208827,-0.7456238613924236,0.14844653573782587,-0.6447102248390305,True,False,0.6833839763984272,0.36186897786608324
1042,2023-01-02,2023-01-30,-0.08660657708505688,0.09606086274443473,-0.9015802545462192,0.13551697978431232,-0.6390828457282561,0.15732445554755814,-0.5504965949739218,True,False,0.6773696416925103,0.36180967903082456
1043,2023-01-03,2023-01-31,-0.07147167666613873,0.08764909299787799,-0.8154297348846391,0.11320455819912399,-0.6313498131446423,0.12746787895016143,-0.5607034278344224,True,False,0.7427740671613622,0.3631317756000594
1044,2023-01-04,2023-02-01,-0.08133975105023214,0.08423015717342848,-0.9656844268111118,0.10025495252913302,-0.8113290066802004,0.11679312922814464,-0.6964429464968133,True,False,0.772694432227411,0.33395254380710193
1045,2023-01-05,2023-02-02,-0.0925720054808639,0.08438844694074968,-1.0969748684421223,0.09710495846935943,-0.9533190368447986,0.11496003874334239,-0.8052537776847694,True,False,0.771320433541546,0.32539668472570327
1046,2023-01-06,2023-02-03,-0.10234567060619415,0.08498964112913615,-1.204213469388424,0.10473027898678122,-0.9772309555206279,0.11705058687443048,-0.8743712726189791,True,False,0.76603243258373,0.3839925811672269
1047,2023-01-09,2023-02-06,-0.020611837412626767,0.0778929266834185,-0.2646175755649777,0.14055486794449665,-0.1466462009751674,0.14897161828237548,-0.13836083443463076,True,False,0.8370549218191256,0.399894961885883
1048,2023-01-10,2023-02-07,-0.003145451628569395,0.0779788202746942,-0.04033725590473137,0.12777661124324366,-0.024616802699372844,0.14835057198799623,-0.02120282777759636,True,False,0.8361528525147794,0.3627938171855694
1049,2023-01-11,2023-02-08,0.007632056835612364,0.07481973917470958,0.10200592677543224,0.11842459100378006,0.06444655430871407,0.13790581859050985,0.05534252951483204,True,False,0.8717481467741302,0.36438126653662456
1050,2023-01-12,2023-02-09,0.0020989832560122284,0.07437942602460376,0.028219944253373392,0.1138755216444371,0.01843226029353399,0.13284666464508718,0.01580004482325444,True,False,0.8769532750670758,0.3652739456619086
1051,2023-01-13,2023-02-10,0.09360188603782346,0.07893576371386801,1.1857981937961386,0.06372969077092633,1.4687327822485672,0.09728390605158435,0.9621518073934191,True,False,0.8255787366958774,0.33836535295018005
1052,2023-01-16,2023-02-13,0.08300564753323125,0.07820638430074352,1.0613666425752675,0.06388060168611101,1.2993873780509244,0.09419799620550355,0.8811827308103781,True,False,0.8333917375551368,0.3359263922704046
1053,2023-01-17,2023-02-14,0.0699194685473572,0.07354813957895287,0.9506626401106946,0.06599662429452145,1.0594400743184889,0.0883891545973763,0.791041263669159,True,False,0.8866373295041811,0.3363442577958924
1054,2023-01-18,2023-02-15,0.0975769365533094,0.07689839492251664,1.268907324419822,0.059545195795434575,1.6387037652631378,0.0890642046740472,1.09557972151008,True,False,0.8474821505318811,0.3482378225247314
1055,2023-01-19,2023-02-16,0.1091088194349737,0.08237933217674036,1.3244683654498035,0.06625016444841073,1.6469214883222998,0.09989538409195345,1.0922308415626023,True,False,0.7906639303778662,0.34637339425641095
1056,2023-01-20,2023-02-17,0.09611285412613585,0.08262694399403914,1.1632144368436235,0.06731866986752234,1.427729548359736,0.10167709245191325,0.9452753988966696,True,False,0.7884442948905468,0.33454849485988936
1057,2023-01-23,2023-02-20,0.08915873052827156,0.08316215313023681,1.072107048366626,0.06784018197568188,1.3142466298252495,0.10162116368474582,0.8773638019425183,True,False,0.7833361385819082,0.329518777434566
1058,2023-01-24,2023-02-21,0.0912061835962109,0.08312819075017984,1.097175131241667,0.06740108947462378,1.3531855984397645,0.10146123876626313,0.8989263752862621,True,False,0.7835796296413128,0.3256448381701616
1059,2023-01-25,2023-02-22,0.0896064406073986,0.08438700352681,1.061851195829348,0.06792406861456042,1.3192148591079875,0.10306919010904461,0.8693814369997207,True,False,0.7717768940823901,0.32578860769912704
1060,2023-01-26,2023-02-23,0.08924271402050085,0.08434217906468158,1.058103015717214,0.06743861618342037,1.3233176934974085,0.10281425679005701,0.8679994079296924,True,False,0.7720701904952468,0.3245097973155087
1061,2023-01-27,2023-02-24,0.09121107902308868,0.08441132881778687,1.0805549480210173,0.06658437302345858,1.36985714337137,0.10290385690397803,0.8863718209143497,True,False,0.7712633569790706,0.3312796255654914
1062,2023-01-30,2023-02-27,0.09123832882748842,0.08458257841741434,1.0786893771105912,0.06751854024011046,1.351307781581552,0.10306523589759518,0.8852483384226871,True,False,0.7697261369022187,0.3332070124482381
1063,2023-01-31,2023-02-28,0.09157144342089271,0.08109052886323022,1.1292495523779347,0.06440139639608032,1.4218859923115899,0.09853880740565132,0.9292931975919263,True,False,0.8030194089576947,0.3337416738776466
1064,2023-02-01,2023-03-01,0.12685455735192822,0.09042270356492305,1.4029060440649983,0.09546870616652019,1.3287553843105784,0.11275240212516062,1.1250718828243989,True,False,0.7197296722652465,0.3648474342905742
1065,2023-02-02,2023-03-02,0.11633840648610702,0.09500756648188227,1.2245172757718459,0.08860700342050593,1.3129707810340343,0.11662962315786385,0.997503064282711,True,False,0.6846665450014784,0.3622390197398989
1066,2023-02-03,2023-03-03,0.1167554027553627,0.09559817885328592,1.2213140894090322,0.08187238441887346,1.426065743462675,0.1186301329909247,0.9841968462118691,True,False,0.680446613926399,0.3649905163043823
1067,2023-02-06,2023-03-06,0.09844043943563098,0.09532535147927347,1.0326784838242618,0.08428686472081022,1.167921475804121,0.13626477867852677,0.7224202790353461,True,False,0.6828684325383501,0.31014844652355716
1068,2023-02-07,2023-03-07,0.0009875317300883863,0.11098438721122639,0.008897933798642397,0.04113874862679079,0.0240049044526667,0.06683599553001857,0.01477544730585854,True,False,0.5862806249956374,0.30346098010649875
1069,2023-02-08,2023-03-08,-0.0066471655068629405,0.10421351625012586,-0.06378410158341541,0.02554898294377576,-0.2601733901302839,0.05908898147210365,-0.11249416289230027,True,False,0.6245091555383488,0.3003309125260575
1070,2023-02-09,2023-03-09,-0.03125381922813198,0.11645601045711892,-0.26837446264433185,0.033766121218990953,-0.9255969622757266,0.055823326737401105,-0.5598702380306585,True,False,0.5586121205980209,0.29661222486080996
1071,2023-02-10,2023-03-10,-0.06915775948616557,0.10553329859269964,-0.6553169512219683,0.05644368070088532,-1.2252524751646967,0.06970340737546882,-0.9921718620387662,True,False,0.6166196406973705,0.29764025194706734
1072,2023-02-13,2023-03-13,-0.15106015589880956,0.07297633655162927,-2.069988204901702,0.052163574265448716,-2.8958935047299166,0.08182575277816086,-1.8461199655364153,True,False,0.8929536462001597,0.3059310683013814
1073,2023-02-14,2023-03-14,-0.14384258435677003,0.06425760764198252,-2.2385300299102777,0.04426399749486936,-3.2496519179823924,0.06384156887413706,-2.2531179432691273,True,False,1.0151157909825939,0.30400227134360747
1074,2023-02-15,2023-03-15,-0.030174467635988196,0.04876396323844445,-0.6187862025988753,0.05142795073348467,-0.5867328409090514,0.14086308154767826,-0.21421132708767962,True,False,1.3447784381088574,0.3560287647262286
1075,2023-02-16,2023-03-16,-0.018454768403289613,0.04538546667142793,-0.4066228631490016,0.04911581605712774,-0.3757398305634268,0.11466008657268177,-0.160951983858754,True,False,1.4474324794251097,0.35650498658790125
1076,2023-02-17,2023-03-17,-0.016085275212192905,0.04478859966007035,-0.35913771214716383,0.04860800045334195,-0.3309182657622978,0.11064156211646482,-0.14538185203188864,True,False,1.4672186293990155,0.35857225076869914
1077,2023-02-20,2023-03-20,-0.027244773270128864,0.04445245835098709,-0.6128968853648087,0.04479142625434776,-0.6082586679740813,0.11615286873706589,-0.23455962445320735,True,False,1.4785762580573256,0.37445448483409033
1078,2023-02-21,2023-03-21,-0.026067300774897956,0.04418525284245466,-0.5899547721915858,0.04423159835233885,-0.5893366223678324,0.11480049441588472,-0.22706610200183142,True,False,1.4877492954045166,0.3752993874312288
1079,2023-02-22,2023-03-22,-0.021733168448338596,0.04357921430889062,-0.4987049168508024,0.042524618122342,-0.5110726305833705,0.11107964175026577,-0.19565392997215528,True,False,1.508991310705186,0.3787279088956596
1080,2023-02-23,2023-03-23,-0.016885763456708554,0.04359310844153953,-0.38734937838519085,0.04029618267965364,-0.419041267281988,0.11374221011933226,-0.1484564388101208,True,False,1.5082604047856878,0.40710310655021
1081,2023-02-24,2023-03-24,-0.0020715174174778467,0.04300215368788411,-0.04817241091023537,0.0412284131970878,-0.05024489804095031,0.09762966346428716,-0.021218114904550563,True,False,1.5297041036222299,0.42649037217534475
1082,2023-02-27,2023-03-27,-3.0002509355662112e-05,0.042626487129991,-0.0007038466309496343,0.03971140620600251,-0.0007555136476412948,0.09847611168345459,-0.0003046678919665648,True,False,1.5432875753005295,0.41642892430020845
1083,2023-02-28,2023-03-28,0.004673317553385728,0.04242105138970021,0.11016505721308936,0.04061426229686856,0.11506592239017596,0.09749741788074487,0.04793273150168912,True,False,1.5507715741015513,0.4251030593553941
1084,2023-03-01,2023-03-29,0.008224330517985278,0.04310266010412784,0.19080795705222967,0.042014380148971166,0.19575037139246412,0.09866714778757932,0.08335429474146201,True,False,1.5255584839057348,0.42541941093277635
1085,2023-03-02,2023-03-30,0.008450078998528525,0.04308596294751823,0.19612139129445297,0.04314259981288278,0.19586392649441708,0.0970226190545793,0.08709390738849258,True,False,1.5263937274511803,0.41177692721650394
1086,2023-03-03,2023-03-31,0.008148000594190588,0.042960494141262406,0.18966263673314343,0.041482708587625386,0.19641920384680955,0.0994941504370824,0.08189426773730962,True,False,1.530678153515756,0.3982054988440372
1087,2023-03-06,2023-04-03,0.0018727311548493947,0.04246590306182654,0.04409964276805479,0.040966773472050584,0.04571341592539764,0.0984003293603888,0.0190317569770581,True,False,1.5492392381919384,0.3949163096723429
1088,2023-03-07,2023-04-04,0.0027402398526681403,0.04227316388861883,0.06482220871586791,0.0408200783025005,0.06712970593445144,0.09750394701401069,0.028103886422919735,True,False,1.5566003557489132,0.39332532981137874
1089,2023-03-08,2023-04-05,0.004503451162487515,0.04198586417792048,0.10726112825506136,0.03860528388169312,0.11665375072201144,0.09708393479932022,0.046387192400024646,True,False,1.5669545846870432,0.3437655251425629
1090,2023-03-09,2023-04-06,0.0026145255979133845,0.04212621358694692,0.06206410154848364,0.03926637961880129,0.06658433049584009,0.10142776979157084,0.025777216666462332,True,False,1.561744440439321,0.34400456186748507
1091,2023-03-10,2023-04-07,0.0006885449482679549,0.04206186903564113,0.016369813421379734,0.03960902560556664,0.017383536649565726,0.10290768721537168,0.006690899065945625,True,False,1.564298078491291,0.344655425496225
1092,2023-03-13,2023-04-10,0.008226572704051192,0.04273424721401519,0.19250538479950555,0.039137585729851126,0.21019622316091405,0.10321983728756574,0.07969953179767507,True,False,1.5394318477167008,0.3576313084878931
1093,2023-03-14,2023-04-11,0.05924891005053204,0.04775340309408375,1.2407264448525237,0.02736518792791964,2.1651197940461673,0.08441770074354589,0.70185410794977,True,False,1.3736205657222698,0.35577161140747726
1094,2023-03-15,2023-04-12,0.09155977182905167,0.04936009282288134,1.8549351630596664,0.02994328287706022,3.057773331166581,0.05440157654438281,1.683035265611353,True,False,1.327110413508509,0.36331613793093837
1095,2023-03-16,2023-04-13,0.05167698103104648,0.08102857880353084,0.637762401786006,0.0882899962681434,0.5853095844981075,0.12100395871215289,0.4270685156175503,True,False,0.8038021910314458,0.29787254847584166
1096,2023-03-17,2023-04-14,-0.006998098297427269,0.0874009915958946,-0.080068866149523,0.10097399265223697,-0.06930594813190477,0.16747701803500895,-0.04178542452890106,True,False,0.7451747725848711,0.31724529114477407
1097,2023-03-20,2023-04-17,0.005933193534401976,0.08913968936021373,0.06656062610254254,0.09756694030753767,0.06081151582390658,0.16778824056233332,0.035361200013285764,True,False,0.7306694440189174,0.33319336565371166
1098,2023-03-21,2023-04-18,0.08625956877006424,0.09823030007113692,0.8781360609465343,0.0834979493669326,1.0330740985146316,0.1616023439349073,0.5337767180209293,True,False,0.6626629162521933,0.3230302841448958
1099,2023-03-22,2023-04-19,0.09551292817987349,0.09696939429963887,0.9849801462586757,0.08032766226184648,1.1890415516951949,0.15314840031033014,0.6236625912274121,True,False,0.6713092322976216,0.32723741212081886
1100,2023-03-23,2023-04-20,0.08991344805779847,0.0993892683234191,0.9046595228492306,0.08845906012388599,1.0164413677002178,0.166406286600907,0.5403248272310668,True,False,0.6549113500964021,0.3257890284697831
1101,2023-03-24,2023-04-21,0.11288334636034167,0.0989017765981496,1.141368236679923,0.08821284247975833,1.2796702065942873,0.15030686039803323,0.7510192552848955,True,False,0.6580965218260172,0.2916480373675204
1102,2023-03-27,2023-04-24,0.03783176047152045,0.12011105915589264,0.314973165147253,0.07958276002801758,0.47537633098175475,0.1734995347909056,0.21805107729604983,True,False,0.5416531820778474,0.2571930837318634
1103,2023-03-28,2023-04-25,0.06922214080953712,0.1130126881811098,0.6125165406082932,0.084030142515651,0.823777500991911,0.16862607987799139,0.4105067309850438,True,False,0.5757524260040231,0.26924286632516664
1104,2023-03-29,2023-04-26,-0.026108603143529006,0.09811620726175756,-0.2660987809473275,0.06772226879956549,-0.3855246377052347,0.1408243681038646,-0.18539833336424194,True,False,0.6636049626440034,0.2563757248600837
1105,2023-03-30,2023-04-27,-0.02608264654087486,0.09831323202301168,-0.26530148591564795,0.06837079798235468,-0.38148811057618986,0.14135742999283774,-0.18451556838714744,True,False,0.6622641982587487,0.25735989850847757
1106,2023-03-31,2023-04-28,-0.011691290956266948,0.09004552035160376,-0.1298375633858916,0.05641952356349636,-0.20722066082513424,0.11700737349236193,-0.09991926668647201,True,False,0.7233902984866528,0.25350139850523357
1107,2023-04-03,2023-05-01,-0.0046478489183215425,0.08870092817436569,-0.05239910127191608,0.0552524574150431,-0.08412022081494086,0.11513068446197262,-0.04037020139367551,True,False,0.7343997133335415,0.25672403830094515
1108,2023-04-04,2023-05-02,0.0025771431729996594,0.09020849868470221,0.02856874031356314,0.05883714274108042,0.04380129715578938,0.12248151052333363,0.021041079277910234,True,False,0.722050223725861,0.2582612211353102
1109,2023-04-05,2023-05-03,-0.03861793623081002,0.08804937973921909,-0.43859407465659594,0.060402971716424836,-0.6393383493135155,0.11566900204207052,-0.333865906587178,True,False,0.7398684884346699,0.27211902643813257
1110,2023-04-06,2023-05-04,-0.049787219939119616,0.09244601277798706,-0.5385545405693775,0.06357060562618672,-0.7831798902763749,0.12616587283875577,-0.3946171719728786,True,False,0.7044776420007896,0.2707892112880288
1111,2023-04-07,2023-05-05,-0.03234720553266066,0.09222628363015078,-0.35073738482600697,0.05983474872137818,-0.5406090311047538,0.12878179045910892,-0.25117841130599605,True,False,0.7061984742176002,0.28467139454277834
1112,2023-04-10,2023-05-08,-0.030552268389007802,0.0924650268066885,-0.33041972131670644,0.06120482147967231,-0.4991807450848459,0.13013295971890596,-0.23477732662810644,True,False,0.7043660441744545,0.2844414836915829
1113,2023-04-11,2023-05-09,-0.055810697983043576,0.09232928738898949,-0.6044744799979811,0.053371858707563474,-1.0456952284319543,0.12297181325392856,-0.4538495164562486,True,False,0.7053564151235976,0.2752453491431847
1114,2023-04-12,2023-05-10,-0.06547350478449943,0.09374248779802206,-0.698440017141095,0.05229855942508529,-1.2519179400779958,0.12627923007058162,-0.5184819763939338,True,False,0.6946427232481647,0.27443279181107033
1115,2023-04-13,2023-05-11,-0.07335467316734326,0.09510671275722862,-0.7712880725316406,0.06505326575074336,-1.127609387796262,0.12884857212729495,-0.5693091662271048,True,False,0.6846114302110436,0.2723969497426944
1116,2023-04-14,2023-05-12,-0.10575244104791502,0.09545969330814949,-1.1078229709636709,0.06925284897211637,-1.5270482387012652,0.12337294327971089,-0.8571769322885756,True,False,0.6818500105910835,0.251633120191355
1117,2023-04-17,2023-05-15,-0.022647360927139894,0.1065506912890597,-0.21255010787025516,0.058717314681040376,-0.3857015779785422,0.1189911088271625,-0.19032817788122086,True,False,0.6108454208687184,0.24202020177225106
1118,2023-04-18,2023-05-16,-0.026866206984027315,0.10327653158804455,-0.2601385481378558,0.05413720967900768,-0.49626139107137973,0.11098019408389562,-0.24208109569278435,True,False,0.6303028781186091,0.22899061980655103
1119,2023-04-19,2023-05-17,-0.01705357155634531,0.10285843455245854,-0.16579653025584273,0.05865899701816387,-0.2907238859038902,0.1129933671186368,-0.15092542147575796,True,False,0.6328520075765832,0.2398709293894557
1120,2023-04-20,2023-05-18,-0.005218220593510484,0.10243877655971785,-0.05093989569924688,0.06618827531975376,-0.07883904767576133,0.11558214906065534,-0.04514728819215898,True,False,0.6354305001088542,0.25224351364898473
1121,2023-04-21,2023-05-19,-0.0020705973607109177,0.10235468536033109,-0.020229629483218606,0.06828459222134013,-0.030323053757122968,0.11528420414246691,-0.01796080717313273,True,False,0.6359696664481479,0.2572410945810027
1122,2023-04-24,2023-05-22,0.001888591145198282,0.10213810818966325,0.01849056320576549,0.07099041286164175,0.02660346755383845,0.11549806268217906,0.016351712758985393,True,False,0.6373114750886604,0.26074426887913366
1123,2023-04-25,2023-05-23,-0.0014274291901870768,0.10338800141444117,-0.013806526585856746,0.07240045603775952,-0.019715748605818446,0.11776024351611111,-0.012121486399540148,True,False,0.6295341285296464,0.2615088272437063
1124,2023-04-26,2023-05-24,-0.0186633017374895,0.10473956156186175,-0.1781877015636207,0.08044919019247576,-0.2319886837000758,0.11686578463323237,-0.15969859609518539,True,False,0.6214048419370893,0.25334874777798444
1125,2023-04-27,2023-05-25,0.07716467256852082,0.1166987112575861,0.6612298605268845,0.07887672832925124,0.9782945388710359,0.10121253850899462,0.7624023041538801,True,False,0.5573196875226595,0.2515139440343477
1126,2023-04-28,2023-05-26,0.07598717022184844,0.11686155581852466,0.6502324026889525,0.07731122757234092,0.9828736731769839,0.10146544513973677,0.7488970271327345,True,False,0.5566045571519982,0.25653164496134195
1127,2023-05-01,2023-05-29,0.0964658235826435,0.14873105569383757,0.648592340937982,0.10147047352330266,0.9506787564215925,0.16143284969063748,0.5975600614590288,True,False,0.43705200161011004,0.2518813683444574
1128,2023-05-02,2023-05-30,0.07288152170689796,0.14745183664250017,0.4942734072794266,0.10040441387428592,0.7258796590172943,0.1584667801316625,0.4599167197462092,True,False,0.4409081611944039,0.25137992356427685
1129,2023-05-03,2023-05-31,0.0922677118576834,0.14633893718117783,0.6305069152132049,0.10012046026739146,0.9215669965086482,0.15763346613098284,0.5853307303476732,True,False,0.4442238766781059,0.2589234064135661
1130,2023-05-04,2023-06-01,0.24607537321410103,0.1532899807921508,1.6052932614543147,0.09153098525450014,2.688437937490711,0.13279511496188812,1.853045372073544,True,False,0.42383691582053745,0.2987773353975085
1131,2023-05-05,2023-06-02,0.1294951973631903,0.11768087313814803,1.1003929008172226,0.0762229790520928,1.6988997146738367,0.14963139853014235,0.865427969231366,True,False,0.5526168662391654,0.2983687711327864
1132,2023-05-08,2023-06-05,0.09369219587349213,0.11917205565907651,0.7861926636687687,0.0652383582972029,1.436151955980615,0.12949030433520456,0.723546031917233,True,False,0.5456941023919973,0.2801268846691006
1133,2023-05-09,2023-06-06,0.09396375945517058,0.11937179518085297,0.7871521016569432,0.0654800317229339,1.4349986855956343,0.13298920317470386,0.7065517892586607,True,False,0.5447905869742954,0.2806250084824749
1134,2023-05-10,2023-06-07,0.12258727734711912,0.12182427935689709,1.006263102841649,0.0762702425062008,1.607275305793773,0.17816377656405963,0.688059490606062,True,False,0.5337996835160819,0.2801432836700599
1135,2023-05-11,2023-06-08,0.13279139672275708,0.11945955239003958,1.11160132501743,0.0744322934300881,1.7840562288663568,0.16891808769851044,0.7861289370015054,True,False,0.5443690750659612,0.2820126763675082
1136,2023-05-12,2023-06-09,0.11352641378567481,0.12781425610024064,0.8882140165697923,0.08738175547555098,1.2992004242514787,0.18092167292857736,0.6274892993637736,True,False,0.5087887532015367,0.2731038450888403
1137,2023-05-15,2023-06-12,0.13146304990107271,0.12858254457276713,1.0224019935044562,0.09625266035920661,1.3658121179244707,0.21106726337469164,0.6228490756887124,True,False,0.5057202411437776,0.26873544555320755
1138,2023-05-16,2023-06-13,0.12770941475125636,0.13107681803682222,0.9743096961308605,0.09965680712342788,1.2814921372414079,0.24169114266183214,0.5283992344309613,True,False,0.49609887069104375,0.27905434143184904
1139,2023-05-17,2023-06-14,0.1291729829071151,0.1362739008831815,0.9478923115134603,0.12028725691222349,1.0738708839405635,0.34423615085150183,0.37524525703530287,True,False,0.47714409359532695,0.289223091852414
1140,2023-05-18,2023-06-15,0.09788084803236044,0.1374057737235753,0.7123488728302733,0.1114653864550133,0.8781277412236355,0.3277846232377346,0.29861329999415415,True,False,0.4732221799841763,0.2779582957704246
1141,2023-05-19,2023-06-16,0.06272111045935559,0.1385939108167728,0.4525531467416028,0.09784118518769971,0.6410501910727129,0.27960851788349994,0.22431759566598256,True,False,0.46913792292648354,0.2588853951820412
1142,2023-05-22,2023-06-19,0.0521409801910283,0.13195282516964646,0.3951486459194241,0.07824000716654442,0.6664235099063729,0.2224741582327345,0.23436870423612355,True,False,0.49284292038317784,0.2553152230190544
1143,2023-05-23,2023-06-20,0.07094884485688609,0.1309297101295797,0.5418849914711397,0.07655900278436435,0.9267211206593194,0.23691200881739222,0.29947340031873293,True,False,0.4967069853043512,0.26882130143516403
1144,2023-05-24,2023-06-21,0.06718642256865455,0.13102804565684636,0.5127636776679954,0.08075690316775012,0.8319588782285688,0.2415733389678468,0.27812018849313913,True,False,0.49628898655174336,0.2644528410670811
1145,2023-05-25,2023-06-22,0.0568485411968375,0.13442080523407038,0.4229147496761806,0.07896360065912968,0.7199334974888172,0.24861897074594927,0.2286572944384363,True,False,0.4837305777255791,0.26162057213779466
1146,2023-05-26,2023-06-23,0.06607704430246848,0.13267375585848923,0.49804155972599984,0.08884469335876939,0.7437365339946481,0.249789743473821,0.2645306543957183,True,False,0.49011096710743784,0.2638373244383446
1147,2023-05-29,2023-06-26,0.05858438017039575,0.1288841792955681,0.4545505933357817,0.07530068543042508,0.7780059349463088,0.22025677390339005,0.2659821949271457,True,False,0.5045769423670143,0.2626824125204366
1148,2023-05-30,2023-06-27,0.06203406321541144,0.12950210161453013,0.4790197413170878,0.07940074330071678,0.7812781170129353,0.2419675215780575,0.25637351166321537,True,False,0.502128091353039,0.26299421154191444
1149,2023-05-31,2023-06-28,0.10654308781131744,0.12735072174051404,0.8366115743608143,0.09362232385809593,1.1380094342969482,0.2686796516500485,0.3965431961706141,True,False,0.5106394834916798,0.280079936132772
1150,2023-06-01,2023-06-29,0.09140087170932233,0.12554121422484096,0.7280547051713695,0.10392490717427717,0.879489567943971,0.245466117348372,0.3723563671299033,True,False,0.5180147285730863,0.2700435665741147
1151,2023-06-02,2023-06-30,0.06737749465095998,0.12444292095562863,0.5414329246979351,0.09733891203586477,0.6921948606343018,0.18682083304320918,0.36065300402218237,True,False,0.5227040163018452,0.21807894650939835
1152,2023-06-05,2023-07-03,0.212485459045642,0.17536269681255232,1.2116913283602768,0.06942789716111641,3.0605198736257564,0.1019707487743605,2.0837883569515308,True,False,0.37052665181628325,0.2191088135173927
1153,2023-06-06,2023-07-04,0.0525134559711866,0.12662889001374508,0.41470359540770246,0.09504462824432362,0.5525136658559435,0.17438727374262084,0.3011312399360718,True,False,0.5136622865598692,0.21910941303745102
1154,2023-06-07,2023-07-05,0.0550452672904365,0.12663953265947342,0.43466101093763615,0.09258136312242066,0.594560994070156,0.1755172599265253,0.3136174032883116,True,False,0.5136255551465364,0.22141551705504628
1155,2023-06-08,2023-07-06,0.09415458769659332,0.11808111053138166,0.7973721391413443,0.07387522038295014,1.2745083833052566,0.17588261262963728,0.5353262968344588,True,False,0.550920491873133,0.23871065488005208
1156,2023-06-09,2023-07-07,0.13525697358041983,0.11729524459952602,1.1531326273475062,0.08944130331170441,1.5122428740673317,0.21732188130368205,0.6223808333014288,True,False,0.5545103420366777,0.27026348999294575
1157,2023-06-12,2023-07-10,0.13699096306619013,0.12042673646163188,1.137546088943759,0.09693650239026769,1.4132030730246758,0.25576493007913115,0.5356127715547494,True,False,0.5400465920247183,0.270024463895154
1158,2023-06-13,2023-07-11,0.1400908362335056,0.12055605595188154,1.1620389795218675,0.10188701503168728,1.3749626111819724,0.2761150496343847,0.5073640006910367,True,False,0.5394173841652244,0.2686468745310201
1159,2023-06-14,2023-07-12,0.1658408821158795,0.12040780400597861,1.3773266897853647,0.13219125644714685,1.2545525821685986,0.31579768859359775,0.5251491322005883,True,False,0.539908772792945,0.32467663466500873
1160,2023-06-15,2023-07-13,0.18674052426985316,0.11857025874089684,1.5749356225824214,0.13702804802911533,1.3627905159254334,0.30057206079349025,0.6212837073973895,True,False,0.5482236714176153,0.3265473100688142
1161,2023-06-16,2023-07-14,0.18538278014489273,0.11835408880343096,1.566340309989516,0.1358783326497935,1.3643292240175606,0.2987575145855626,0.6205125263612409,True,False,0.5492455956487099,0.325553512684792
1162,2023-06-19,2023-07-17,0.19374225971136444,0.12020176014094275,1.6118088411034222,0.1497837929220538,1.2934794608398403,0.3415116270687213,0.5673079460699542,True,False,0.54077974257395,0.3265128085525146
1163,2023-06-20,2023-07-18,0.20255728043395313,0.12301412770422074,1.6466180284673366,0.15670150121466192,1.2926313970436978,0.365650694292486,0.5539638884752848,True,False,0.5283563716808679,0.32636279165149407
1164,2023-06-21,2023-07-19,0.20148447784688547,0.11918836475454436,1.6904710309753903,0.15245102867352073,1.3216340985036685,0.34147632954784857,0.5900393685081265,True,False,0.5453040442862652,0.3156873329326877
1165,2023-06-22,2023-07-20,0.20737990652820415,0.11916960176823423,1.7402081021595157,0.15811054482628215,1.31161338262451,0.3538206462934329,0.5861158999642391,True,False,0.5454366569057659,0.3200869570813409
1166,2023-06-23,2023-07-21,0.1849156313279609,0.11819544945838126,1.564490275855104,0.14173594250120317,1.3046488284112634,0.3069233590072237,0.6024814531096304,True,False,0.5500751066163957,0.3283786108256292
1167,2023-06-26,2023-07-24,0.16632110718478296,0.11953868369358304,1.3913580277587685,0.1356258753041213,1.2263228297095379,0.3054783600961021,0.5444611760141017,True,False,0.5438778618880262,0.3177300580285007
1168,2023-06-27,2023-07-25,0.17170674696478888,0.12099366518488494,1.4191383218485991,0.1352600353333169,1.269456617704243,0.30454425199052804,0.5638154253199608,True,False,0.5373342102135874,0.3183388474287814
1169,2023-06-28,2023-07-26,0.167391327112737,0.12055638866589849,1.3884898922829678,0.1357112132533739,1.2334377027505905,0.3033667442467616,0.5517787637809739,True,False,0.5393085577844371,0.317566913763687
1170,2023-06-29,2023-07-27,0.14504897833745486,0.1228520595655256,1.1806800704068792,0.13710766033611035,1.057920308623726,0.30015820111812413,0.48324176316732503,True,False,0.5292324898429044,0.3053328299431514
1171,2023-06-30,2023-07-28,0.09155952123135187,0.11228180293848515,0.815443988564325,0.10116409150385798,0.9050594916661726,0.17090124144939714,0.5357452084890917,True,False,0.5793186705490516,0.3013273022941664
1172,2023-07-03,2023-07-31,0.09347347467538691,0.11284801115731133,0.8283130000854325,0.10695816292492982,0.8739255809862092,0.1812287094940085,0.5157763079390972,True,False,0.5764201635665132,0.3016488776033559
1173,2023-07-04,2023-08-01,0.1353165719596309,0.11339002306133145,1.1933728233430168,0.10191622593943957,1.327723536780477,0.1935094091348768,0.6992764463732858,True,False,0.5736568538842792,0.33710692710585854
1174,2023-07-05,2023-08-02,0.329155963050717,0.13433431278154664,2.450274663525377,0.16125815592302054,2.04117404894451,0.23876443122031055,1.3785803914277381,True,False,0.48341194957964856,0.35375076940237293
1175,2023-07-06,2023-08-03,0.2931292836435535,0.12139405292006665,2.4146922900462675,0.14785880876541777,1.982494557416674,0.18909591346013338,1.5501619166685652,True,False,0.5351175835303431,0.35643692948640693
1176,2023-07-07,2023-08-04,0.2692563908775458,0.11068525681020754,2.4326310353983356,0.0915465113332052,2.941197725138028,0.12518182580286052,2.150922381509098,True,False,0.5869935283767271,0.35957283687846703
1177,2023-07-10,2023-08-07,0.22754965114757514,0.11499616848809585,1.9787585459521686,0.0805177944443953,2.8260790390218453,0.11675434223746915,1.948960927592372,True,False,0.5652710487782928,0.33762353268529255
1178,2023-07-11,2023-08-08,0.2492603475342823,0.1132972880273039,2.2000557283790605,0.08739195328392285,2.85221165299366,0.11902583581886324,2.094170108694834,True,False,0.5736294459228932,0.351683451790234
1179,2023-07-12,2023-08-09,0.2540638483357995,0.11246260408221427,2.2590962605673752,0.08525972274831736,2.979881239888427,0.11478559262910018,2.213377502494941,True,False,0.5778567235550652,0.35039188489787254
1180,2023-07-13,2023-08-10,0.21822153507255915,0.10563599950387108,2.065787573341059,0.056704651438219005,3.8483886160611784,0.08206530835949075,2.6591203936824312,True,False,0.615368984546778,0.28343103625540766
1181,2023-07-14,2023-08-11,0.18842510173126062,0.10677729570257924,1.764655121591632,0.05792317153668376,3.2530176910621633,0.082867441303174,2.273813439489455,True,False,0.6087311856235957,0.27257386410107665
1182,2023-07-17,2023-08-14,0.18075908899756468,0.09780275294241665,1.8482004193071155,0.049336708259902794,3.6637849457920204,0.07104645834554786,2.5442378579718743,True,False,0.6646324170826996,0.274148810234695
1183,2023-07-18,2023-08-15,0.17988965415398886,0.09754811233574735,1.844112098600464,0.0493612839321808,3.6443471446396245,0.07095901827231868,2.535120391091492,True,False,0.6663617693348314,0.2738857654691158
1184,2023-07-19,2023-08-16,0.17823988274976224,0.0974186640817047,1.8296276635478501,0.05030855234676749,3.5429340427287173,0.07228992307690368,2.46562556941922,True,False,0.6671556403949042,0.2696683613592466
1185,2023-07-20,2023-08-17,0.17811051721256274,0.09907682447715106,1.797701108735457,0.05208985506206371,3.4192937761172244,0.0743911236146217,2.3942442129957935,True,False,0.6560051511912571,0.26778865099133464
1186,2023-07-21,2023-08-18,0.18138696234745158,0.09853823037532329,1.8407775505665658,0.05087640804027931,3.5652470238041545,0.07185347271007,2.5244007771113735,True,False,0.6596857238826455,0.2706151421556723
1187,2023-07-24,2023-08-21,0.19137496483124697,0.09861734808140968,1.9405811305457625,0.046277363008247266,4.135390445586567,0.06944568266191102,2.755750357627497,True,False,0.6592025283994166,0.2679674496712662
1188,2023-07-25,2023-08-22,0.19497156287404313,0.0966065112633963,2.0182031244504413,0.04417931781373408,4.413186362362347,0.06749183272581774,2.8888171353429613,True,False,0.6728999407884776,0.26719276225810656
1189,2023-07-26,2023-08-23,0.18114682584695735,0.09631460217056477,1.8807825788052583,0.04716088615080218,3.84103948487567,0.0657909222142183,2.7533711300950436,True,False,0.6751749731635277,0.2790582897709649
1190,2023-07-27,2023-08-24,0.18634662018811035,0.0965239267075057,1.9305743823787065,0.04515128916727676,4.127160566727836,0.06774652474265551,2.750644714189748,True,False,0.6735678518020496,0.2768428126966578
1191,2023-07-28,2023-08-25,0.17472102746268414,0.09564706433617046,1.826726504104639,0.050490945079845556,3.4604428019000864,0.06946114727094954,2.515377795030417,True,False,0.6797669585327981,0.2783369501314899
1192,2023-07-31,2023-08-28,0.20375378377836506,0.10226212789306124,1.9924657150830742,0.04712745598994985,4.323462395717191,0.07185299855008408,2.835703281559523,True,False,0.6355476056813675,0.2814120833426817
1193,2023-08-01,2023-08-29,0.20930541118232468,0.10173668889375341,2.05732478084586,0.04736688383106933,4.418813192964049,0.07307310905693724,2.864328805542374,True,False,0.6388047196625303,0.28272544956838813
1194,2023-08-02,2023-08-30,0.20518479190195757,0.10183322920790693,2.01491000037958,0.04420968824311918,4.641172558684411,0.06324487553258128,3.244291180496583,True,False,0.638509304959504,0.2740826932504814
1195,2023-08-03,2023-08-31,0.19977405745702265,0.10626014789410924,1.8800468606170417,0.04854500137251835,4.115234355933422,0.0682260909264812,2.9281181838820927,True,False,0.611892947209541,0.26691569405581533
1196,2023-08-04,2023-09-01,0.21806539653972645,0.1182725503335866,1.8437532286627376,0.07414968581428051,2.94088092410675,0.08512555606289382,2.5616913019471133,True,False,0.549480274008144,0.2782981745417425
1197,2023-08-07,2023-09-04,0.17361660081394764,0.13398374829665877,1.295803431544072,0.061492122901706865,2.8233957882941865,0.08409532206661806,2.0645215042569576,True,False,0.4850008359059273,0.25023887628529473
1198,2023-08-08,2023-09-05,0.21095305049103835,0.12444318276330506,1.695175627999469,0.06113201389744887,3.450778684388177,0.08796967694718959,2.3980200656833013,True,False,0.5220539066420444,0.2700042851382546
1199,2023-08-09,2023-09-06,0.1959567298628396,0.1277810610143721,1.5335350036011948,0.0635772754565653,3.0821819345925454,0.08884538315915069,2.205592715063404,True,False,0.508469336347296,0.26316032924574245
1200,2023-08-10,2023-09-07,0.17084677875800564,0.12468602991899935,1.3702158844017571,0.05133322932178383,3.328190745356145,0.08344534409370602,2.0474093625421577,True,False,0.5211496311829097,0.25811201185502647
1201,2023-08-11,2023-09-08,0.1451422948231532,0.13247968834993812,1.0955814935174626,0.05981230361605525,2.4266294064653455,0.08937217708649134,1.6240210270662807,True,False,0.4904252429364876,0.24566051702692784
1202,2023-08-14,2023-09-11,0.14611171355604638,0.13282254114872116,1.1000520867346255,0.057644092138872664,2.5347213935478914,0.09182423498647625,1.5912107906759638,True,False,0.489398289733389,0.27039542995733534
1203,2023-08-15,2023-09-12,0.14928506383264342,0.16274117325960177,0.9173158878147363,0.09891371670188925,1.5092453181449614,0.1523313068531436,0.9800025150218337,True,False,0.3993305117044503,0.2620167310840527
1204,2023-08-16,2023-09-13,0.1532927716404731,0.1673413105307896,0.916048590478012,0.11138754222997758,1.3762110966051788,0.16905052957851271,0.9067866987620339,True,False,0.3883658391964281,0.2667263495716966
1205,2023-08-17,2023-09-14,0.1443089197867831,0.16668844527920218,0.8657403909735104,0.11530423962920423,1.251549121271275,0.17097044665242558,0.8440576872338408,True,False,0.38989311059058107,0.26737119703031004
1206,2023-08-18,2023-09-15,0.13899503436646293,0.17128293699744832,0.811493758823937,0.12931585469793103,1.0748491334735522,0.19051286545036977,0.7295834537887014,True,False,0.3794405877571877,0.26663003597818963
1207,2023-08-21,2023-09-18,0.135092562506279,0.17236965911108124,0.7837374814277521,0.13063163719092896,1.0341488892834592,0.19251734433089257,0.7017163205518059,True,False,0.377043557260063,0.26569920552464665
1208,2023-08-22,2023-09-19,0.13567654355238376,0.170837977468998,0.7941825673802829,0.12977034499530787,1.0455126982770173,0.1900958868717194,0.7137268763944433,True,False,0.38043098980689827,0.2659624796327363
1209,2023-08-23,2023-09-20,0.1156035482495127,0.17677576462383135,0.6539558660402934,0.14046180275284076,0.8230248080535524,0.2092155289973062,0.5525572064538344,True,False,0.36766412740972915,0.26813346718329645
1210,2023-08-24,2023-09-21,0.22804769113579176,0.1627940307562599,1.4008357067909425,0.07385679289545999,3.087700970966612,0.13589113769522093,1.6781645588048661,True,False,0.3990521868243952,0.27718269464856404
1211,2023-08-25,2023-09-22,0.1986937142608909,0.15236074768170654,1.304100414865235,0.07176250339728574,2.7687678781340574,0.1298023565057089,1.5307404242091096,True,False,0.4264773011599006,0.27648243291698044
1212,2023-08-28,2023-09-25,0.2513667908277593,0.15372833536416414,1.6351363607255702,0.06560470534680748,3.8315360079578737,0.11652599286472337,2.1571735597187702,True,False,0.4225390636138611,0.28954677297382336
1213,2023-08-29,2023-09-26,0.2528863317335905,0.1577209762854342,1.603377925304822,0.06114911106200377,4.1355684055189235,0.11780700410240391,2.146615421216965,True,False,0.41175970370929665,0.28883997546145185
1214,2023-08-30,2023-09-27,0.2715791673099539,0.15296052134211416,1.775485366596883,0.05632771845064852,4.821412526195211,0.10928032596963114,2.4851606627292218,True,False,0.4244448439802047,0.2962416150972549
1215,2023-08-31,2023-09-28,0.15226734232860187,0.15144085137779256,1.0054575165372486,0.06675522466123356,2.2809801495137108,0.1364955056266162,1.1155483957481325,True,False,0.42896462762898774,0.2943050495131567
1216,2023-09-01,2023-09-29,0.150259488131837,0.1426020304390015,1.0536980972098502,0.06004998982389371,2.502240026559492,0.13279637232809852,1.1315029582328693,True,False,0.45570561425155987,0.2950036323198393
1217,2023-09-04,2023-10-02,0.2183023540451302,0.14390215761623074,1.5170193252231534,0.05597052472384949,3.9003092274407396,0.11919758301224707,1.831432723117385,True,False,0.45141648129827716,0.30710782994134395
1218,2023-09-05,2023-10-03,0.25236716423693406,0.1296556710316224,1.9464413876303406,0.046813058525159344,5.390956544770539,0.0903306195052071,2.793816378314403,True,False,0.5008175599758605,0.32508833350593275
1219,2023-09-06,2023-10-04,0.18681157919473507,0.13452835350116024,1.388640939496252,0.04640088308333107,4.026034997205576,0.11185327156745542,1.670148548869887,True,False,0.48304754577166253,0.3138260555368656
1220,2023-09-07,2023-10-05,0.11469920360362627,0.12444099242201183,0.92171559685615,0.0691807527940262,1.6579640864146625,0.13216356621028091,0.8678579648882379,True,False,0.5224633292674647,0.30997617487331636
1221,2023-09-08,2023-10-06,0.16584267826797824,0.1227411365026577,1.3511580794625222,0.05956840570578059,2.7840711246681002,0.13900531360848842,1.1930671854392405,True,False,0.5296719843720911,0.3299673177510657
1222,2023-09-11,2023-10-09,0.15461254275240902,0.12255126075472209,1.261615276744116,0.05989730241504067,2.5812939234068852,0.13935302451469278,1.1095025981018973,True,False,0.530543954371024,0.32992993194097103
1223,2023-09-12,2023-10-10,0.17528507519651781,0.12200995691899486,1.4366456609184242,0.055483674703047874,3.159218925830969,0.13619612296229516,1.2870048822538371,True,False,0.5328071520186086,0.31855359274991096
1224,2023-09-13,2023-10-11,0.17712901359712468,0.11929748075722488,1.4847674273825553,0.053861386385789134,3.2886085094136877,0.1302514507537055,1.3599005045407186,True,False,0.5449521762650202,0.3205797740134011
1225,2023-09-14,2023-10-12,0.1607267922241257,0.11883575483327496,1.3525120654942893,0.051030681055828656,3.149610957539194,0.1271224451263881,1.2643462927756572,True,False,0.5469948421862253,0.3214956648722284
1226,2023-09-15,2023-10-13,0.1713840185563902,0.11917942893750724,1.4380335606932375,0.05066941764749355,3.3823956641599175,0.12596768946124734,1.360539510483875,True,False,0.5453444080624683,0.3250673404948244
1227,2023-09-18,2023-10-16,0.1826455715961292,0.11842530747810054,1.5422849683536133,0.05328454188732278,3.427740300035936,0.12550466532894217,1.455289101145549,True,False,0.548831324915977,0.3313469276744914
1228,2023-09-19,2023-10-17,0.1899628353174483,0.1165579138028566,1.6297720945722063,0.0553119570766293,3.4343900551968063,0.12225738044042098,1.5537944182439098,True,False,0.5576487154569104,0.3351411233144923
1229,2023-09-20,2023-10-18,0.19758148219179053,0.117725929831794,1.678317448620653,0.05889063832787528,3.355057574546061,0.12194169616059096,1.6202946851877955,True,False,0.5519127346430545,0.3505553137544155
1230,2023-09-21,2023-10-19,0.1756084482875623,0.11461961127262416,1.5320977478267261,0.05156968207918202,3.4052652878085716,0.11825855966605482,1.4849533833614694,True,False,0.5669522165507196,0.3462995523720943
1231,2023-09-22,2023-10-20,0.13112343570909252,0.11779909504596611,1.113110721758322,0.05680194872223316,2.308431993245485,0.12821465816041486,1.022686778488606,True,False,0.5519450190706738,0.33961652643304074
1232,2023-09-25,2023-10-23,0.15913972390950068,0.12287066935305657,1.2951807355442055,0.05562447615830466,2.86096579959866,0.13969537028296616,1.1391911098209493,True,False,0.5290997778877685,0.3473756373719093
1233,2023-09-26,2023-10-24,0.10380691961626917,0.11826390188774483,0.8777565931724618,0.07529874205990225,1.3786009802618995,0.14128968196352323,0.7347098399093928,True,False,0.5499264587836223,0.3384996479008293
1234,2023-09-27,2023-10-25,0.09522740025105499,0.11894293752400026,0.800614161995453,0.0766001087553408,1.2431757839301427,0.14482247898943246,0.6575457133143234,True,False,0.54682235571226,0.33453653313838244
1235,2023-09-28,2023-10-26,0.06976509811664586,0.11817492388872056,0.5903545000997011,0.07434483617508204,0.938398706701688,0.14308119786379225,0.4875909564515914,True,False,0.5504674963566955,0.3252072891426938
1236,2023-09-29,2023-10-27,0.1399722578345275,0.11328870843798224,1.23553582492427,0.07309732044967239,1.914875360320473,0.11843223509030355,1.1818763508752483,True,False,0.5740860744463441,0.3217346105808479
1237,2023-10-02,2023-10-30,0.13850129464866656,0.11777676783813841,1.175964472373788,0.07463034875047686,1.855830730628625,0.12930415634592798,1.0711279402197516,True,False,0.5521633641531227,0.32128638097775103
1238,2023-10-03,2023-10-31,0.13089227456059477,0.1141245804716615,1.1469244751624466,0.06690262497176212,1.9564594754815827,0.12173782152849151,1.0751981012734053,True,False,0.5699466968194158,0.30276378957529104
1239,2023-10-04,2023-11-01,0.060617332980340624,0.12812065549365884,0.4731269345038654,0.09251380518394141,0.6552247295397445,0.11943316488521272,0.5075418794988811,True,False,0.5076771411765374,0.27418603596180896
1240,2023-10-05,2023-11-02,0.18063580319467798,0.12305680237602615,1.4679058752291239,0.12271062371689591,1.4720469811270824,0.13904835210194313,1.2990862564285914,True,False,0.5283643068660732,0.3169259399822616
1241,2023-10-06,2023-11-03,0.3017769814007432,0.12629065697972192,2.389543206265833,0.14298858909891105,2.1104969515573844,0.13140378047808984,2.296562399519862,True,False,0.5141701352264142,0.36508242017780873
1242,2023-10-09,2023-11-06,0.28459459599288905,0.1292061552537597,2.2026396144514004,0.1568619627229122,1.8142995985305204,0.14113495448501864,2.01647137685582,True,False,0.5027038930147343,0.3558826231796558
1243,2023-10-10,2023-11-07,0.32341274217008226,0.13492312890275274,2.397014839488235,0.17491250405415437,1.8489972681995963,0.15278495939346162,2.116783899763386,True,False,0.481293260275997,0.3672885357699558
1244,2023-10-11,2023-11-08,0.31894580891537183,0.1345884298468094,2.3697862385228863,0.17798166433507193,1.7920149814697648,0.1555618771147544,2.050282593852303,True,False,0.4825373525554472,0.36102975657617786
1245,2023-10-12,2023-11-09,0.3270571491368638,0.1376411969511218,2.376157403317308,0.18921962166283024,1.7284526111126348,0.16577552885303412,1.9728916046879967,True,False,0.47181137440309917,0.36056400230928376
1246,2023-10-13,2023-11-10,0.3376949705233279,0.1375348442075547,2.455341208033873,0.18708704807717236,1.8050152268372455,0.16255097083492132,2.077471262022016,True,False,0.4721045298107844,0.3498523288672242
1247,2023-10-16,2023-11-13,0.33121463567445764,0.1382850612328024,2.395158469914975,0.18817915064033616,1.760102724172153,0.1630382627531865,2.0315147504721813,True,False,0.4695666980247998,0.3466988259153819
1248,2023-10-17,2023-11-14,0.40443777275963466,0.13032753714991652,3.1032411231281656,0.18439548582244356,2.193317102941838,0.16056315051636244,2.518870434835045,True,False,0.4977230703942003,0.39072255767748637
1249,2023-10-18,2023-11-15,0.4053129168843962,0.13186664607914625,3.073657584656606,0.1849716043722738,2.1912169614351376,0.16556260643994902,2.4480945643447978,True,False,0.49189773197802306,0.39169928129037296
1250,2023-10-19,2023-11-16,0.37942241863868975,0.13259972757764169,2.861411750763401,0.18942161195492588,2.0030577014040816,0.16040750779892204,2.365365710402487,True,False,0.48921835128476093,0.3654781794951633
1251,2023-10-20,2023-11-17,0.416789236554374,0.14070071300151088,2.9622396906396515,0.18792941232301447,2.217796732307094,0.16661093300195404,2.5015719499601254,True,False,0.46086083466201894,0.36665349908933864
1252,2023-10-23,2023-11-20,0.3804692862315829,0.1414744326654687,2.689314804543114,0.17928999704019694,2.122088752928483,0.18226200660298658,2.0874854464888153,True,False,0.45841167391034493,0.3758250119865735
1253,2023-10-24,2023-11-21,0.3743842771298741,0.14029816557935368,2.668490180066678,0.18079015296260315,2.0708222820482725,0.18311301712350678,2.0445530471345896,True,False,0.46233906639695893,0.37520563352357145
1254,2023-10-25,2023-11-22,0.48811940000242093,0.14452946466092997,3.377300269862358,0.1378669323741452,3.5405110681490735,0.16540663995071014,2.951026634407643,True,False,0.4482849399932436,0.3805523440216332
1255,2023-10-26,2023-11-23,0.4825605659633602,0.14451965396110608,3.3390653294342205,0.13911345016529605,3.4688275317014763,0.16444489628994946,2.9344818650528914,True,False,0.44831299696487686,0.37780660787415316
1256,2023-10-27,2023-11-24,0.5014814541779595,0.1500034013974875,3.3431338856717363,0.14229908288256302,3.5241369376345424,0.17436857057704555,2.8759853482676663,True,False,0.43174604522562954,0.3756953264089668
1257,2023-10-30,2023-11-27,0.580883785813254,0.163683842277589,3.548815678630892,0.13766610687740558,4.219511969860109,0.16847521507494076,3.4478886734459224,True,False,0.39550890251034165,0.37456141524688974
1258,2023-10-31,2023-11-28,0.5376322407223553,0.16225576361686678,3.3134862438037143,0.14274984287261278,3.7662545184174245,0.16536329799463384,3.2512186636468865,True,False,0.3990443068803401,0.3823126733165268
1259,2023-11-01,2023-11-29,0.5473464062458051,0.17498633541738828,3.1279379897878337,0.1639398780455887,3.3387020459634478,0.1989395371824181,2.751320396125756,True,False,0.3700426046147831,0.37348447147111785
1260,2023-11-02,2023-11-30,0.5773651454275115,0.16795040515648182,3.437712132278407,0.1441459252022253,4.005421205056709,0.1819527075332543,3.1731605055780236,True,False,0.38548351727718966,0.3893104715360895
1261,2023-11-03,2023-12-01,0.5531934303980524,0.1987912100258495,2.7827861721155513,0.19261322863621946,2.8720427683751963,0.2658355181315331,2.080961318811947,True,False,0.32603378032576247,0.36557794875916033
1262,2023-11-06,2023-12-04,0.46798777958217075,0.20937726985043192,2.2351412830842454,0.17206373854104504,2.7198512804052224,0.3284095653786491,1.4250126333640465,True,False,0.30995175042693884,0.335163653428829
1263,2023-11-07,2023-12-05,0.4824238889785477,0.20888700455239628,2.3094968976757895,0.17449451803406535,2.7646936672495777,0.3296311830115466,1.4635262494618082,True,False,0.310681335784159,0.34192555340417996
1264,2023-11-08,2023-12-06,0.4884533025984542,0.20869858908698388,2.3404724714974994,0.17187584172061598,2.841896206637548,0.3073514236003048,1.5892339032522698,True,False,0.3108971804203799,0.3321499523645433
1265,2023-11-09,2023-12-07,0.16294292057852403,0.12813524724557385,1.2716479195317785,0.14307826079078234,1.1388377219428811,0.35785957043076,0.45532642981264304,True,False,0.5072805796667593,0.33277246567524554
1266,2023-11-10,2023-12-08,0.13348044888530136,0.12488377274426912,1.0688374153993256,0.15562050310016043,0.8577304804071396,0.29895824273266136,0.4464852605006249,True,False,0.5206183918943337,0.33488079243237573
1267,2023-11-13,2023-12-11,0.1184154297117923,0.12371972320068743,0.9571265328464164,0.1582553180127945,0.7482556112409363,0.2827364652435997,0.418819092223453,True,False,0.5255936348520472,0.3373404569872136
1268,2023-11-14,2023-12-12,0.12100079042844003,0.12356566787347041,0.9792427986740072,0.15250172086667832,0.7934388526292279,0.26984919742095403,0.44840152049695964,True,False,0.5261517254534154,0.33213937704998964
1269,2023-11-15,2023-12-13,-0.059141360357216996,0.1318410222867957,-0.44858086907552897,0.08994638091092512,-0.6575179541218599,0.10098796114729873,-0.5856278281621584,True,False,0.49330846124858385,0.2896480724379585
1270,2023-11-16,2023-12-14,-0.2860506689569711,0.12040172361211057,-2.3758021095986934,0.24048888479304328,-1.1894548440487667,0.3747952996788949,-0.7632184000227442,True,False,0.5393785201212414,0.4059206419271647
1271,2023-11-17,2023-12-15,-0.2793611224671537,0.12113232523474263,-2.3062475018602933,0.23822349071707774,-1.1726850346548419,0.3664781267284083,-0.7622859376657539,True,False,0.5361664433352983,0.4071597865839324
1272,2023-11-20,2023-12-18,-0.2915226330140589,0.11661297300851736,-2.4999159655484147,0.22881449263918055,-1.274056680814197,0.3398720425872893,-0.8577423161812057,True,False,0.55698105601277,0.4063102979967865
1273,2023-11-21,2023-12-19,-0.17617265323720205,0.1031983785779235,-1.7071261745084183,0.17017215285402404,-1.035261353179949,0.24525547858455704,-0.7183230085376575,True,False,0.6302629661647867,0.4003944467166365
1274,2023-11-22,2023-12-20,-0.17643485886495647,0.10329673482347403,-1.7080390698357477,0.17090821506190615,-1.0323369113711034,0.24729959229349818,-0.7134458137543608,True,False,0.6296739709911526,0.40097283577247506
1275,2023-11-23,2023-12-21,-0.18688697479135788,0.09991665087163418,-1.8704287339600383,0.15601956545876566,-1.197843195126384,0.22366263909066036,-0.8355752912117089,True,False,0.6508512017445766,0.3912869009109072
1276,2023-11-24,2023-12-22,-0.1899601286545421,0.09986540019007192,-1.902161592433361,0.1535594277341134,-1.2370463439304822,0.22013141304906494,-0.8629396687341575,True,False,0.6510927235028858,0.39257963199478585
1277,2023-11-27,2023-12-25,-0.2329114642932347,0.10408409662079776,-2.237723839231507,0.14994877078060956,-1.5532735819089045,0.24874838937769053,-0.9363335572781956,True,False,0.6244436955617781,0.38556318505283493
1278,2023-11-28,2023-12-26,-0.23068813064240734,0.10394522222394886,-2.2193240411318977,0.15097441589794103,-1.527994854428534,0.24768532184240902,-0.9313758640456853,True,False,0.625268996244881,0.3861742354587541
1279,2023-11-29,2023-12-27,-0.2233611971868057,0.10383965608324565,-2.151020194132217,0.1514216618244647,-1.475094081623122,0.24547468296193634,-0.9099154116086196,True,False,0.6259927533836898,0.3795774335913849
1280,2023-11-30,2023-12-28,-0.22501555816416946,0.10304388695427294,-2.183686629212881,0.14840404254655035,-1.5162360425160801,0.23923072786223565,-0.9405796662281102,True,False,0.6307566988429101,0.37580219638048806
1281,2023-12-01,2023-12-29,-0.23980588165949046,0.10203204014843367,-2.350299781427744,0.14793490834867346,-1.6210229508121423,0.2436834776153012,-0.9840875713291803,True,False,0.6368294080345283,0.36421056078879477
1282,2023-12-04,2024-01-01,-0.23381211984181555,0.10153336431854412,-2.302810720506303,0.1451315772521035,-1.611035477383863,0.23645519980318339,-0.9888220687742632,True,False,0.6400799994636708,0.3621901375823935
1283,2023-12-05,2024-01-02,-0.2667189035444698,0.1013598126764151,-2.631406831778126,0.14329298527494078,-1.861353527060015,0.25234811250620987,-1.0569482802765418,True,False,0.6409963682538699,0.3851938346908453
1284,2023-12-06,2024-01-03,-0.2653831526590204,0.10135610079646096,-2.6183244084335056,0.14233727388875297,-1.8644670184314251,0.25153081547334666,-1.0550721276818729,True,False,0.6410519627504111,0.3894927567032703
1285,2023-12-07,2024-01-04,-0.2682324140011605,0.10139193140764942,-2.6455005864591308,0.14048147152195675,-1.9093793017340135,0.25270857557303666,-1.0614298046392858,True,False,0.6408311914527204,0.3875795284849062
1286,2023-12-08,2024-01-05,-0.3647189713638066,0.12402623566817782,-2.9406598482887345,0.20718892593554014,-1.7603207783280688,0.35632149325517215,-1.0235671388551932,True,False,0.5232752043156312,0.3884556145177951
1287,2023-12-11,2024-01-08,-0.35378187604896677,0.1261851297122408,-2.8036732763658407,0.21259881226380842,-1.6640820909665661,0.3678874648125664,-0.9616578706458884,True,False,0.5143535716123454,0.3864615144615165
1288,2023-12-12,2024-01-09,-0.3730727294629673,0.12401206640348396,-3.008358301595774,0.20092481979951718,-1.8567777233057587,0.3569042447085955,-1.0453020242658448,True,False,0.523275204315631,0.39447634423809885
1289,2023-12-13,2024-01-10,-0.3725269451355886,0.12399539371175101,-3.00436116200891,0.2019384226473556,-1.8447551498712613,0.36237553814470996,-1.028013499594514,True,False,0.5233873644746203,0.39379011162086963
1290,2023-12-14,2024-01-11,-0.3454064732030349,0.12053568748931706,-2.8655950814039857,0.17550275290749515,-1.968097180704017,0.32897235098505606,-1.0499559375393386,True,False,0.5385325332685548,0.3830178135853677
1291,2023-12-15,2024-01-12,-0.06809799775856287,0.13632224015145145,-0.4995369624421318,0.07950062053837041,-0.8565719021739693,0.1570782745417918,-0.43352906668480695,True,False,0.4770540189448006,0.25819248948767853
1292,2023-12-18,2024-01-15,-0.07909577677265658,0.13555918605201217,-0.5834778083007126,0.07695079869766501,-1.027874669415961,0.14937956609441172,-0.5294952906923429,True,False,0.47973579283343026,0.25610124354515684
1293,2023-12-19,2024-01-16,0.08246102364011455,0.12667079971017936,0.6509868401303535,0.13919344148040194,0.5924203235662138,0.1867382750683081,0.4415860841059534,True,False,0.5134479829385641,0.3186786388780063
1294,2023-12-20,2024-01-17,0.04330372597746675,0.14813762829152413,0.29232090777265685,0.20306357792705468,0.2132520583923843,0.23425924816320748,0.18485385877827634,True,False,0.43883983648469177,0.31400985907875795
1295,2023-12-21,2024-01-18,0.054766978516751025,0.14601771474077288,0.37507078243197783,0.2074907123035746,0.26394906021924874,0.23173222738481103,0.23633734131336773,True,False,0.44524202658187606,0.3166425855985349
1296,2023-12-22,2024-01-19,0.16831816528144827,0.15564442083032576,1.0814275538018718,0.2082495411950658,0.808252274245281,0.24116554923131822,0.6979361928680904,True,False,0.4175232447980156,0.31716610085360203
1297,2023-12-25,2024-01-22,0.2203130816162448,0.15861108811590455,1.389014376190722,0.20031925552904384,1.0998098062734767,0.23938376574786294,0.9203342629687561,True,False,0.4095774666876897,0.3118431860534361
1298,2023-12-26,2024-01-23,0.25280531581380755,0.16179006370805987,1.562551556132514,0.20253148084091527,1.248227262073798,0.23981417609861924,1.0541716921265152,True,False,0.4013778502891297,0.31994253932629907
1299,2023-12-27,2024-01-24,0.1854078410380212,0.1589925404152696,1.1661417608257465,0.20740602368150127,0.893936626077644,0.2605244873930229,0.711671455122443,True,False,0.40864488404665134,0.34139184500874714
1300,2023-12-28,2024-01-25,0.19291631135881251,0.158951690173732,1.2136788929262574,0.20482206367165978,0.941872705999424,0.2537517494829199,0.7602560839557788,True,False,0.4085935815526577,0.3308056306903085
1301,2023-12-29,2024-01-26,0.26674893460693283,0.16928506492340015,1.5757381475302275,0.19218621654500576,1.3879712052319118,0.27530935670165946,0.9689061708716163,True,False,0.38352625119608297,0.3346511708713965
1302,2024-01-01,2024-01-29,0.25791450062397253,0.16503331366027704,1.5628026542258764,0.18309210719912014,1.4086598519699158,0.24779084791002162,1.0408556361114154,True,False,0.39339638877205246,0.33492902884579484
1303,2024-01-02,2024-01-30,0.2816660985167728,0.17185290536008346,1.6389952670663188,0.19914455622105462,1.4143801058971333,0.27056470104858704,1.041030472286894,True,False,0.37777952365544654,0.3409641135582743
1304,2024-01-03,2024-01-31,0.20014992238287385,0.16157963323875665,1.2387076166160382,0.21669897163740087,0.9236311592552534,0.2751061790506856,0.7275369934384434,True,False,0.40213183754896176,0.3122285202261822
1305,2024-01-04,2024-02-01,0.17902110147149966,0.16314994463537008,1.097279572307552,0.22841094727664174,0.7837676066142173,0.29828152355884036,0.6001749600027947,True,False,0.39833447357557206,0.304979682149
1306,2024-01-05,2024-02-02,0.18319949917153536,0.16332443257611567,1.1216907126627065,0.22957850379221134,0.7979819370952385,0.2907193922403591,0.6301591983931738,True,False,0.39783947132842906,0.31920746368138964
1307,2024-01-08,2024-02-05,0.18855595562550836,0.1587255466824495,1.1879370370211315,0.20075504570677885,0.9392339552994928,0.24202385899947526,0.7790800312208772,True,False,0.4092933054138946,0.32122897827553415
1308,2024-01-09,2024-02-06,0.21799712822332684,0.15179159399672704,1.4361607417340077,0.18456366719610295,1.1811486601623498,0.22143847933260635,0.9844591097281222,True,False,0.42798857536854096,0.3304766816423581
1309,2024-01-10,2024-02-07,0.2693266831587812,0.15316725742601653,1.7583828795059053,0.16553766758506294,1.6269812610497572,0.21208560609206883,1.2698960958334125,True,False,0.42409156089852734,0.32487490069387287
1310,2024-01-11,2024-02-08,0.25900166017017806,0.15240605204264449,1.699418472553224,0.17026653626580338,1.521154220027417,0.21470969123812622,1.2062877026027172,True,False,0.4262216222494741,0.325490931714975
1311,2024-01-12,2024-02-09,0.2884404406931449,0.15347765927398102,1.8793643456487352,0.18194873079435592,1.5852841590807754,0.20569927357418963,1.4022433608114468,True,False,0.4231909640629684,0.32573726108309253
1312,2024-01-15,2024-02-12,0.2733625959986546,0.15390976551349697,1.7761224902566843,0.17543032177760287,1.5582402929477766,0.20691154803919215,1.321156786990331,True,False,0.42201036056416025,0.31765930462941677
1313,2024-01-16,2024-02-13,0.2861085725248735,0.15818856350770363,1.8086552288019244,0.1858320645482895,1.5396082114264333,0.20694705024459012,1.382520660172361,True,False,0.4104823966912269,0.33049479064761794
1314,2024-01-17,2024-02-14,0.12427515724553301,0.18243484348739727,0.6812029701668147,0.13791011110067067,0.9011315867537478,0.1751482439818992,0.7095426960625212,True,False,0.35622234053959906,0.2782390117029095
1315,2024-01-18,2024-02-15,0.09031980374935174,0.18633865492872723,0.4847078228824728,0.13344797616149562,0.6768165868626499,0.18865240064760097,0.478763076638857,True,False,0.3488007235366741,0.26886978265324585
1316,2024-01-19,2024-02-16,0.08254454407555972,0.1838864366407457,0.4488887031773035,0.13404186788818317,0.6158116518073131,0.1859306911109442,0.443953300998089,True,False,0.35345749633383655,0.2675468943354569
1317,2024-01-22,2024-02-19,0.05887375166394413,0.18913169618584358,0.31128442694287434,0.14831687071797325,0.39694575120785447,0.19353027482209148,0.3042095182165457,True,False,0.3436419908716435,0.26308106822999405
1318,2024-01-23,2024-02-20,0.06412012006216426,0.17585334010533601,0.36462270221172005,0.1318288833558782,0.4863890099794672,0.16941120704341384,0.37848806570236315,True,False,0.3696259871813237,0.2644299874140552
1319,2024-01-24,2024-02-21,0.042683117184130766,0.1762864484847511,0.24212364337138984,0.14032091414135883,0.304182148793101,0.1747972303844017,0.24418646159475796,True,False,0.3687401781807792,0.2494578989666092
1320,2024-01-25,2024-02-22,0.13742557951140447,0.18223720056772372,0.7541027796919753,0.10933240441252638,1.2569519553679496,0.15203982710024413,0.9038788199936317,True,False,0.3566017119918374,0.22153973176451228
1321,2024-01-26,2024-02-23,0.14228296421037284,0.18209143567055697,0.7813819671771587,0.10004314950762065,1.4222159629184268,0.15110801095735266,0.9415977571866093,True,False,0.35690726824648406,0.21402119946877476
1322,2024-01-29,2024-02-26,0.13887654187331905,0.18049328165229775,0.7694277626402228,0.10612778986178455,1.3085784793425437,0.15180203193112102,0.9148529838937413,True,False,0.36005920283968645,0.20977225266432747
1323,2024-01-30,2024-02-27,0.12720844453364416,0.19050383465500648,0.667747422323612,0.12992219465196037,0.9791124978639263,0.18353764986517462,0.693091824086723,True,False,0.34114091753344933,0.20661363043719944
1324,2024-01-31,2024-02-28,0.12705448145308862,0.16373623581457902,0.7759704552935357,0.08397439050147903,1.513014630940975,0.12379228800524857,1.026352154083312,True,False,0.3969611704711967,0.2024913214821456
1325,2024-02-01,2024-02-29,0.19319061336741908,0.17171423412536502,1.1250704657738193,0.09822185067156582,1.966880200755021,0.11422264170301827,1.6913512985430639,True,False,0.37840327716921945,0.19912260048274066
1326,2024-02-02,2024-03-01,0.20392939748004096,0.16479455186583675,1.237476574141024,0.09985262973868693,2.042303723133999,0.11301400579648141,1.8044612793150823,True,False,0.39429060569538615,0.20117972702201656
1327,2024-02-05,2024-03-04,0.174496733849436,0.1640959048995649,1.0633826234496038,0.08565650238843138,2.037168562616949,0.09611897656970383,1.8154243842046525,True,False,0.3960623972896509,0.1754326667300188
1328,2024-02-06,2024-03-05,0.11591811600505664,0.18577659584114065,0.623965120472868,0.06496220836930726,1.784393094305959,0.07961122185712571,1.4560524672399715,True,False,0.3498509057305421,0.15370093449589015
1329,2024-02-07,2024-03-06,-0.030407446368279634,0.1771932426984516,-0.1716061284573204,0.09369889149431586,-0.3245230107137849,0.12539750071412525,-0.24248845626996154,True,False,0.3668564466213142,0.1563235009472707
1330,2024-02-08,2024-03-07,-0.1019624205675302,0.1554204209246746,-0.6560426227191013,0.10905662062741009,-0.9349493866666098,0.116430296616454,-0.8757378751976899,True,False,0.41829072835791753,0.16276869090147827
1331,2024-02-09,2024-03-08,-0.09162797609318993,0.1558120191687445,-0.5880674455155914,0.1030018172474366,-0.88957630595076,0.11374365638462383,-0.8055655937712272,True,False,0.4172269099123093,0.1609342197051411
1332,2024-02-12,2024-03-11,-0.08469176024908302,0.16217073678292757,-0.522238240567696,0.10448633155323526,-0.8105534857057642,0.11909404615090156,-0.7111334528157006,True,False,0.400847384963747,0.1623274317970352
1333,2024-02-13,2024-03-12,-0.11064089907992136,0.15566188870076786,-0.71077705662822,0.1094725383118185,-1.010672637961266,0.11471109766691774,-0.964517830708805,True,False,0.4176286691868225,0.16500445880783463
1334,2024-02-14,2024-03-13,-0.10232108146655128,0.14900539423715942,-0.6866938072301958,0.09243007959881148,-1.1070106388598953,0.10667159852963408,-0.9592157882411952,True,False,0.4362742771394434,0.11886932830249065
1335,2024-02-15,2024-03-14,-0.056760097572116947,0.1406244460526058,-0.40362895048051406,0.0920061160653918,-0.6169165703264298,0.10270495443074602,-0.5526519911986358,True,False,0.46240027348423957,0.13438814056601786
1336,2024-02-16,2024-03-15,-0.07995635348891195,0.13909128371261434,-0.5748480519750974,0.08679164743503921,-0.921244795459802,0.1030403334596064,-0.7759714162828891,True,False,0.46751306232373074,0.13729890760539462
1337,2024-02-19,2024-03-18,-0.08228636299912563,0.1409360798807301,-0.583855908783344,0.08838640290442003,-0.9309844081799448,0.10481006726257462,-0.785099801462567,True,False,0.461385910617005,0.14251690489337598
1338,2024-02-20,2024-03-19,-0.07105000809184646,0.14057440743203808,-0.5054263389030909,0.09221172654697146,-0.7705094650370146,0.10513074498650618,-0.6758252127002993,True,False,0.46259064374291564,0.15864588704264712
1339,2024-02-21,2024-03-20,-0.08786788812641563,0.13765361296445827,-0.6383260579517288,0.07601353253988115,-1.155950594459151,0.09175196266438276,-0.9576676680783975,True,False,0.4724108159547406,0.15700556156522713
1340,2024-02-22,2024-03-21,-0.07965098836399466,0.13637355595373737,-0.5840647609938031,0.07525002914775145,-1.0584844852033486,0.09029671241099646,-0.8821028610815143,True,False,0.4768628285738782,0.1583125136062621
1341,2024-02-23,2024-03-22,-0.013445371554523848,0.10406123891086577,-0.1292063374917202,0.05296999748295118,-0.2538299451279255,0.0812253596422937,-0.16553169618128596,True,False,0.6255388276961212,0.17267153523543713
1342,2024-02-26,2024-03-25,-0.015360150318963341,0.09077444995015621,-0.16921226542708354,0.044782094735714234,-0.34299758440539063,0.06018593598079765,-0.25521162159651395,True,False,0.7175754584751184,0.1746356865686039
1343,2024-02-27,2024-03-26,-0.01648907486312917,0.09062404659188925,-0.18195032646671647,0.04416643239275343,-0.37333952438129464,0.06032120853258692,-0.27335451766059016,True,False,0.7187722308465738,0.17478144895269074
1344,2024-02-28,2024-03-27,-0.022555427902600473,0.0899015000126906,-0.25089045120956294,0.04135734755677078,-0.5453789770158467,0.05970744149216502,-0.37776577490027374,True,False,0.7245760200671986,0.17431681041384128
1345,2024-02-29,2024-03-28,-0.028832702349478226,0.0923656740353447,-0.3121581978435527,0.04715159665744318,-0.6114894169745321,0.06900488100153841,-0.4178356940987323,True,False,0.705133479966715,0.1719724566900008
1346,2024-03-01,2024-03-29,-0.029603302315279485,0.09270626329080064,-0.3193236493894696,0.04881035344176283,-0.6064963727541969,0.07162781144288864,-0.4132934082298917,True,False,0.7025273425754344,0.1717686188890692
1347,2024-03-04,2024-04-01,-0.022084779989645607,0.09461112564850341,-0.23342688122847582,0.04745629458296512,-0.4653709309528171,0.06538103381722063,-0.33778572623042136,True,False,0.6883080688488202,0.19105134026804582
1348,2024-03-05,2024-04-02,-0.026694305183405126,0.09446719054674137,-0.28257752801695807,0.047550607053167646,-0.5613872637536991,0.06698056480487949,-0.3985380723672319,True,False,0.6893625652832651,0.1935637765993847
1349,2024-03-06,2024-04-03,-0.022780026022819602,0.09435889755518335,-0.24141895054991813,0.047274227940999496,-0.48186986895375994,0.0680336928305417,-0.33483447796314814,True,False,0.6901679471389212,0.2011850371511764
1350,2024-03-07,2024-04-04,0.003227617677525727,0.09412606297458845,0.034290371609371345,0.03401890789755132,0.09487716910977177,0.057105722499016014,0.05652003925843582,True,False,0.6918880115455529,0.19130991498440855
1351,2024-03-08,2024-04-05,0.036137670161866774,0.0953998603305603,0.3788021286053232,0.02783728638950904,1.2981750324444654,0.038898502747955005,0.9290247081236725,True,False,0.6825398772105745,0.1859704793115974
1352,2024-03-11,2024-04-08,0.03741798312120876,0.09526156702457436,0.3927920177038044,0.03027697615864362,1.2358560156452907,0.03893913153874853,0.9609352248643228,True,False,0.6835342701125848,0.18651555545278886
1353,2024-03-12,2024-04-09,0.03698286298736437,0.09527554369814258,0.3881674305059396,0.03002496223410783,1.2317372024985427,0.039566238762237374,0.9347075725242143,True,False,0.6834437911214786,0.18681900739966603
1354,2024-03-13,2024-04-10,0.1009844825838531,0.09324242696427087,1.0830314683094733,0.08091608579028349,1.2480149230844215,0.07507725060227546,1.3450743304229689,True,False,0.698164664261909,0.23981307174483812
1355,2024-03-14,2024-04-11,0.07911887383317531,0.09314483670443621,0.8494177093705412,0.06779715695166058,1.1669939771897386,0.06752822841061472,1.1716414852775654,True,False,0.6989734001627926,0.23439263034058866
1356,2024-03-15,2024-04-12,0.10420248092931388,0.08449093476765189,1.2332977640248421,0.07294226563144947,1.4285610685005428,0.06558930068778185,1.588711570890784,True,False,0.7707875545945548,0.25587379377742486
1357,2024-03-18,2024-04-15,0.10909333352008202,0.08515457373545338,1.2811212449844247,0.07022641356167546,1.5534515859089426,0.06686236173123686,1.6316105308783257,True,False,0.7647287051550009,0.2557024398455363
1358,2024-03-19,2024-04-16,0.12740012700405687,0.07634438727081817,1.6687556421420675,0.06220295168137132,2.048136359455285,0.05593365328182738,2.2777008031665376,True,False,0.8533170381503887,0.27697957461322503
1359,2024-03-20,2024-04-17,0.1230954539086826,0.07282053641909106,1.6903947699623258,0.05482618555133094,2.2451945666260995,0.05191329229147451,2.3711740957892977,True,False,0.8950429341436006,0.2758821953700055
1360,2024-03-21,2024-04-18,0.11700511731070527,0.07018333176137449,1.667135406288865,0.04719990957333051,2.47892672609731,0.04806129302849105,2.4344979075228768,True,False,0.9289451325269894,0.2760776070438958
1361,2024-03-22,2024-04-19,0.11479654471320418,0.07082494396317113,1.6208490722265623,0.0486155191654594,2.3613147958474423,0.04799641781449821,2.3917731768417045,True,False,0.9204414578375677,0.27296500366615156
1362,2024-03-25,2024-04-22,0.12842041958663408,0.07633552240335945,1.6823153303131444,0.04568489246046897,2.811004090635782,0.05312815396352314,2.417182040144013,True,False,0.8534410909803261,0.26944567657669527
1363,2024-03-26,2024-04-23,0.16350108989470527,0.08335787306343449,1.9614354815685209,0.047483346818447465,3.443335418622692,0.055193345800880686,2.962333366862068,True,False,0.7809118168581546,0.27676571969536223
1364,2024-03-27,2024-04-24,0.16961192923966797,0.08439199290026607,2.0098106871360923,0.050733809772016164,3.343173516868879,0.056451567914045875,3.0045565695876153,True,False,0.771236176178967,0.27708947420029983
1365,2024-03-28,2024-04-25,0.15609568325619932,0.08282368474053853,1.8846744593071383,0.05096501608566688,3.062800627666216,0.05845691471315223,2.670268932634574,True,False,0.7860437289090109,0.2768324226928764
1366,2024-03-29,2024-04-26,0.15548525749647313,0.08285489549547667,1.876597110727894,0.05108740045047655,3.0435147634336666,0.05825184743529415,2.6691901517661796,True,False,0.7857409747753814,0.27678775088897833
1367,2024-04-01,2024-04-29,0.15856668799594745,0.08295850934872415,1.9113975075106158,0.05292061636701125,2.9963121913824127,0.060656971233749614,2.6141543959537623,True,False,0.7847959517548687,0.2895690374915883
1368,2024-04-02,2024-04-30,0.15178453110663664,0.0830918081256376,1.8267087277380383,0.051144136140385266,2.967779740965887,0.06109225129300123,2.4845136313387943,True,False,0.7835970189646437,0.28672991345705495
1369,2024-04-03,2024-05-01,0.1508650713473709,0.08291891931013448,1.8194288179649722,0.05025133091794791,3.002210460728066,0.059545711396993335,2.5336009564408126,True,False,0.7852085381158846,0.28193641138476366
1370,2024-04-04,2024-05-02,0.15907858615486048,0.082725342115119,1.9229728410610833,0.05176715263304967,3.072963801630844,0.0619387253099917,2.568321923945028,True,False,0.7870272084652017,0.2988349922220737
1371,2024-04-05,2024-05-03,0.15792181511669945,0.08101389492773149,1.949317648010551,0.0485754675194973,3.2510611463144956,0.05899921183987911,2.6766766909580304,True,False,0.8037474211012181,0.3003661369920887
1372,2024-04-08,2024-05-06,0.1619503101895929,0.0805903855401643,2.0095487706642223,0.04962795571250237,3.2632879566464608,0.05966111527297022,2.71450356649577,True,False,0.8079927603334178,0.3041568692217795
1373,2024-04-09,2024-05-07,0.14723676574457148,0.08012925501389281,1.8374907606347215,0.04257308072025502,3.458447527254483,0.05864771688590502,2.5105285177769185,True,False,0.8127525780347961,0.3008316009972238
1374,2024-04-10,2024-05-08,0.14502044613914586,0.0797378972777427,1.8187142010280413,0.04182873381192257,3.4670054033003086,0.05796002934459258,2.502076823959987,True,False,0.8167714810926341,0.3003337686305871
1375,2024-04-11,2024-05-09,0.1135008367636223,0.08189446473260781,1.3859402724495715,0.03174442527814421,3.575457289559649,0.061781095912940155,1.837145085991415,True,False,0.7954918620263068,0.2599566907392061
1376,2024-04-12,2024-05-10,0.12472053257505124,0.08252697698308178,1.51126985543914,0.03566040360022651,3.4974515143810385,0.057223275507202076,2.1795420040111826,True,False,0.7892787176971761,0.2618755966828429
1377,2024-04-15,2024-05-13,0.08879775801877118,0.09291036288055791,0.9557357787196059,0.03474479376026607,2.555714062701381,0.08865565980070095,1.0016028104510155,True,False,0.7008289041184548,0.23059325369124023
1378,2024-04-16,2024-05-14,0.09506660652516515,0.0933980672285764,1.0178648161155763,0.03651095805130425,2.6037828531253555,0.08903765363311891,1.0677123963406385,True,False,0.6971174681344012,0.2293522512402247
1379,2024-04-17,2024-05-15,0.05075507622844638,0.12143916256990296,0.41794652692232365,0.052360054680921315,0.9693472731788466,0.07267181736752797,0.6984148472819854,True,False,0.5356050891544903,0.20703347538696668
1380,2024-04-18,2024-05-16,0.06788294260304215,0.12895292992562435,0.5264164423576472,0.054782482199430105,1.2391359404986642,0.08492003638383053,0.7993748647988994,True,False,0.5042777219884306,0.20718670414908208
1381,2024-04-19,2024-05-17,0.07989403069364934,0.1338918699550989,0.5967056156616684,0.04114985005680718,1.9415388047187534,0.08592206328864731,0.9298430186115603,True,False,0.4856185312995256,0.20759112475620528
1382,2024-04-22,2024-05-20,0.07192055653313462,0.13341705448054908,0.5390656900135652,0.04083725629385412,1.761150553690808,0.0829425526438924,0.8671128900736887,True,False,0.48734219271515916,0.20512659642325465
1383,2024-04-23,2024-05-21,0.08313059347013257,0.1366616766180567,0.6082948455437637,0.04295916577870515,1.9351072573979171,0.08981747270481813,0.9255503519158044,True,False,0.475753731161791,0.20951526015654837
1384,2024-04-24,2024-05-22,0.07957979085227881,0.1377497882740199,0.5777126182871081,0.04960423159489307,1.60429439774795,0.0939467194613937,0.8470736531144251,True,False,0.47203791956860014,0.20821127039334972
1385,2024-04-25,2024-05-23,0.07184245877862955,0.14007720166757043,0.5128775983769667,0.05618959813219347,1.2785722120597953,0.09575761577391403,0.7502532116949452,True,False,0.46419209087254115,0.20959183196744333
1386,2024-04-26,2024-05-24,0.1269940295246029,0.16113645259567236,0.7881148398075978,0.04776344919558732,2.658811950631392,0.09991478312716806,1.2710234216589282,True,False,0.4033784220397489,0.2100365087335666
1387,2024-04-29,2024-05-27,0.12444701473679447,0.16121719609467858,0.7719214683755574,0.04741155915497646,2.624824345683475,0.09975309896348912,1.2475503621430712,True,False,0.40317049232475666,0.2080497526861649
1388,2024-04-30,2024-05-28,0.14106370316333114,0.161985352162263,0.8708423402507756,0.05424651692539829,2.600419550573669,0.09901587244011271,1.4246574785133566,True,False,0.4012550955810557,0.19982555932239665
1389,2024-05-01,2024-05-29,0.21845208115906273,0.14434668045251176,1.5133848625700175,0.10165357815763128,2.1489856542021117,0.13562624825971947,1.6106917647735468,True,False,0.4502237534375989,0.22930286930670055
1390,2024-05-02,2024-05-30,0.22041974759513372,0.14830956464637568,1.486213974942851,0.10117776548669533,2.1785393908913564,0.14656504983726312,1.5039038832236904,True,False,0.43816576800127277,0.2307385248505973
1391,2024-05-03,2024-05-31,0.1887208276117366,0.1460805090725026,1.291896015491504,0.08110233568647139,2.326946887711114,0.14152303701648775,1.3334989948650566,True,False,0.4449547295722931,0.21061960438801908
1392,2024-05-06,2024-06-03,0.18741518804761853,0.15489338378843326,1.2099625139806252,0.09028353859467493,2.0758511569757254,0.15724367906604197,1.191877404298742,True,False,0.4196042190938476,0.20877270248707733
1393,2024-05-07,2024-06-04,0.1798111099144198,0.14014853777595945,1.2830038241416737,0.07704227004983347,2.333927982627096,0.12135539642221621,1.4816902685466589,True,False,0.463799027378032,0.21257970068943563
1394,2024-05-08,2024-06-05,0.21073689408688862,0.1401336707442912,1.50382768800391,0.06772058532621832,3.1118587217128044,0.11846037771578716,1.7789652384233772,True,False,0.46379902737803186,0.21411127765561325
1395,2024-05-09,2024-06-06,0.21914171595244133,0.14465070543738417,1.5149716366043062,0.07081083577837133,3.0947483325620713,0.1271700833855255,1.7232175219080188,True,False,0.44928688840521136,0.2159891240441104
1396,2024-05-10,2024-06-07,0.27089926819861143,0.14348684661956998,1.8879728322196179,0.07378546369498998,3.6714449517921164,0.12723863753577666,2.129064515662081,True,False,0.45270332050481576,0.2991885311568827
1397,2024-05-13,2024-06-10,0.2611180911527221,0.13803134258656505,1.8917304306372618,0.05898879156514789,4.42657128963797,0.11663669411734336,2.238730213752646,True,False,0.47059015514480695,0.3007210242374194
1398,2024-05-14,2024-06-11,0.2635179147218776,0.13689428973714146,1.9249737533090194,0.06199983927447917,4.250299965379891,0.1141479628206177,2.3085643248490832,True,False,0.4744763895708919,0.300406113005638
1399,2024-05-15,2024-06-12,0.2695692082734947,0.13537569776105432,1.991267359886849,0.05913614625268281,4.558450716785847,0.11207751954893773,2.4052031964874945,True,False,0.47979259603336416,0.3031654462051601
1400,2024-05-16,2024-06-13,0.20615359847852677,0.14341873891887397,1.4374244260726579,0.0665835839621711,3.09616254053929,0.09903047223920833,2.081718826711866,True,False,0.45291165260756255,0.27667892065149186
1401,2024-05-17,2024-06-14,0.07914981433681477,0.11183545927364137,0.7077345132830306,0.08630765473481661,0.9170659842398156,0.13036999689113044,0.6071167923928947,True,False,0.5814551288958884,0.2724084870856199
1402,2024-05-20,2024-06-17,0.07495928425087432,0.11282265325661944,0.6643992326645303,0.09513797738699149,0.7879007554045787,0.13205186011393769,0.5676503472665781,True,False,0.5763437859350546,0.2717059969407809
1403,2024-05-21,2024-06-18,0.09531169118429565,0.11098902505776403,0.8587487919160552,0.09025096613542404,1.0560739155000054,0.1426156706517402,0.668311488833802,True,False,0.5859050642764678,0.2798795535556988
1404,2024-05-22,2024-06-19,0.09943386669946208,0.11037109762265067,0.9009049365388931,0.09023451806539555,1.1019493297165892,0.142082572582958,0.6998315478937817,True,False,0.589223129970116,0.2808043079282278
1405,2024-05-23,2024-06-20,0.1000511478705432,0.10999593965059279,0.9095894647417015,0.0894553162594077,1.1184483164802537,0.14027128796258528,0.7132689043051345,True,False,0.5912298511408167,0.2811404491444189
1406,2024-05-24,2024-06-21,0.1021262918560736,0.11017961584226178,0.9269073147094858,0.09019762632163059,1.132250326543043,0.13690716040490947,0.7459528891990033,True,False,0.5903108027631269,0.28311142601464184
1407,2024-05-27,2024-06-24,0.09686085097997293,0.11093189443372901,0.8731560158998082,0.08694412064040732,1.1140586651118167,0.13024573039652107,0.7436777442537966,True,False,0.5863700087606443,0.29414559271211677
1408,2024-05-28,2024-06-25,0.08266217410530759,0.10948006808526914,0.7550431375410336,0.0808264511728462,1.0227119081170064,0.12318970342231142,0.6710152862527006,True,False,0.5941496098164756,0.2943594317058898
1409,2024-05-29,2024-06-26,0.07802904317812426,0.1060679972861237,0.7356511405380552,0.06865637989342224,1.1365155474152808,0.10710066144404168,0.7285579951239903,True,False,0.6132447068813156,0.2909428808849952
1410,2024-05-30,2024-06-27,0.03946540183954402,0.10787829893750532,0.36583263017900025,0.053738542356825826,0.7343965822052327,0.08534858860168641,0.4624025128725353,True,False,0.6031056527253189,0.2681613337131914
1411,2024-05-31,2024-06-28,0.03981722056178925,0.1078657647286758,0.3691367753424359,0.053761792494550584,0.7406230096555134,0.0864852121659688,0.46039339633437343,True,False,0.6031577885648516,0.26549918771034325
1412,2024-06-03,2024-07-01,0.03123013608099901,0.10767192838948508,0.290049008577512,0.056285001803993116,0.5548571569697169,0.08453518936145231,0.36943356153691687,True,False,0.604229051326049,0.26673085153206627
1413,2024-06-04,2024-07-02,0.03348607709085174,0.10770314816073172,0.3109108476650887,0.058035382144438825,0.5769941689625026,0.08156309627494016,0.4105542655954831,True,False,0.6041423098390769,0.26997648537427027
1414,2024-06-05,2024-07-03,0.057488447491859565,0.10816361365595176,0.5314952556477964,0.06623971065934246,0.8678849427273484,0.10330582414515432,0.5564879615217331,True,False,0.6016318197347615,0.28459452528914936
1415,2024-06-06,2024-07-04,0.048831882332661315,0.10939711070353159,0.4463726877119883,0.061498860032186256,0.7940290650445307,0.10267265389333362,0.4756074814564806,True,False,0.5948160785199954,0.2812100609129704
1416,2024-06-07,2024-07-05,0.06582498235931251,0.10607953950203593,0.6205247747898563,0.06995893832459676,0.9409088236001604,0.10674591553245934,0.6166510637055376,True,False,0.6134702801030145,0.28575344096821165
1417,2024-06-10,2024-07-08,0.04476562437912659,0.1053126940204195,0.4250733949550925,0.05136475429344245,0.8715241607773377,0.0797378480635316,0.5614099886851639,True,False,0.6180458631004759,0.19522914248758838
1418,2024-06-11,2024-07-09,0.011049461481365923,0.1098652767293818,0.10057282710517136,0.0383672647934365,0.2879918998879523,0.06783470322059906,0.1628880345423341,True,False,0.5923580773581126,0.18313652412346118
1419,2024-06-12,2024-07-10,0.003646745202834526,0.11283197325959705,0.03232014027127145,0.03653427128682156,0.09981710526548697,0.06681917324971577,0.054576329300064154,True,False,0.5767128507813922,0.1841003684784658
1420,2024-06-13,2024-07-11,-0.012432136468507327,0.11263274448502739,-0.11037763951636612,0.037893826013032324,-0.32807815352906583,0.06604149695838667,-0.18824734509487157,True,False,0.5777115954106354,0.19421003458893402
1421,2024-06-14,2024-07-12,0.0027350850151097272,0.11161110327196953,0.024505492150229714,0.03291552954648452,0.08309406085194952,0.06599684804148442,0.04144266122210113,True,False,0.5829565992505352,0.19471978212528715
1422,2024-06-17,2024-07-15,0.033726522372796185,0.15543954225962656,0.2169751781465212,0.05435883180176638,0.6204423688829208,0.12997122517297943,0.25949222474366435,True,False,0.4182305844679818,0.19679572945174661
1423,2024-06-18,2024-07-16,0.0748286840673196,0.1645688521068276,0.45469530296502036,0.05404458934027933,1.3845730901233795,0.12602103918614796,0.5937792970964856,True,False,0.3949679011969354,0.19738511108289383
1424,2024-06-19,2024-07-17,0.002238947653327796,0.14684377476344623,0.015247140418002498,0.0582947287941235,0.038407377470353665,0.1322002666556483,0.01693602978244928,True,False,0.44275144961879753,0.1960109265853822
1425,2024-06-20,2024-07-18,0.015147921033271453,0.14719108639011727,0.10291330409181977,0.05694357413343239,0.26601633746726644,0.13152132787184903,0.11517463576729696,True,False,0.44172755915352924,0.2050179993775909
1426,2024-06-21,2024-07-19,0.005293285334313149,0.1509735891791656,0.03506100214674915,0.058117654603598606,0.0910787844144246,0.14003127617453273,0.037800736227781594,True,False,0.4306546186080054,0.21268544219968513
1427,2024-06-24,2024-07-22,0.007611129149036878,0.15175877634317836,0.05015281048277247,0.060719750332523525,0.12534849216861985,0.14274396289748983,0.05332014744821632,True,False,0.42843406800392897,0.21362293589563003
1428,2024-06-25,2024-07-23,0.03357473483441811,0.1513835213205108,0.22178592849173673,0.06753900946036732,0.4971161866701666,0.14292170351308145,0.23491697908110268,True,False,0.4295140549923176,0.20618650080260403
1429,2024-06-26,2024-07-24,0.05632284062750016,0.13828173508107747,0.40730498929939596,0.055259886648895466,1.01923554395539,0.11151752078244909,0.5050582207380313,True,False,0.4702826832406768,0.2042601725540341
1430,2024-06-27,2024-07-25,-0.0038681476869174315,0.13589288610405764,-0.028464681248696593,0.0511815239473737,-0.07557703226841724,0.10081331435119954,-0.038369412927365044,True,False,0.47857203161524564,0.19457664660833246
1431,2024-06-28,2024-07-26,-0.05355156991398818,0.11766787906108202,-0.455107802922064,0.05312974905431955,-1.0079394476197763,0.09239029149791862,-0.5796233461953586,True,False,0.5529069881939999,0.19616294366799517
1432,2024-07-01,2024-07-29,-0.0373186295958954,0.11737958414480949,-0.31793117915510716,0.05476149970234655,-0.6814756681014762,0.09562326466577105,-0.39026726107222987,True,False,0.5543004853542509,0.21386989584788874
1433,2024-07-02,2024-07-30,-0.01701411465208707,0.11938294894130531,-0.14251712495770286,0.0681993336227795,-0.24947625949242597,0.1048217046870493,-0.16231480591623274,True,False,0.5449791031553516,0.21039267894341854
1434,2024-07-03,2024-07-31,-0.09547111476890978,0.11156242859389298,-0.8557640414627541,0.09279992439632762,-1.0287844024653954,0.11253404059866677,-0.8483754272130957,True,False,0.5831831039648071,0.23734748884824566
1435,2024-07-04,2024-08-01,-0.137389275202818,0.11590719087789284,-1.1853386676203406,0.0798683180797847,-1.720197426288263,0.10240615609308087,-1.3416114855237766,True,False,0.5611768506673301,0.2238855465662884
1436,2024-07-05,2024-08-02,-0.18549596680940902,0.09829173204372073,-1.8871980679605824,0.08027258803049278,-2.3108257919745347,0.08032278843651956,-2.309381564311722,True,False,0.6617892207668629,0.23505707159592296
1437,2024-07-08,2024-08-05,-0.12670782330165492,0.06107732852478571,-2.074547567191577,0.03436042860631,-3.6876089280907896,0.094792353647529,-1.336688228807977,True,False,1.0688582624545915,0.22984474907106042
1438,2024-07-09,2024-08-06,-0.13184998381297658,0.06098863307609548,-2.161877995338368,0.03318648172727578,-3.973002769516536,0.09955575041131193,-1.3243834059634114,True,False,1.070361498704718,0.22897267436965757
1439,2024-07-10,2024-08-07,-0.12959404868227095,0.06187266725719304,-2.0945282372193987,0.03501236006225221,-3.7013799827218694,0.10311228330779351,-1.2568245462611716,True,False,1.0549297767267876,0.22950092698787897
1440,2024-07-11,2024-08-08,-0.134068869446964,0.06204335243821001,-2.1608901546783015,0.03460079167896529,-3.874734159000989,0.1068703920239801,-1.254499650538205,True,False,1.051920893631335,0.22704342681037354
1441,2024-07-12,2024-08-09,-0.11027074604403639,0.05973272584560627,-1.8460692105205092,0.04196245733466566,-2.627842911214365,0.06724810166008723,-1.6397599831354608,True,False,1.093499023503738,0.2337561449022703
1442,2024-07-15,2024-08-12,-0.12920242353313016,0.059243970669916574,-2.1808535463126497,0.03868849847952533,-3.3395564214389575,0.08211717597469279,-1.5733909745379981,True,False,1.1023203245990034,0.23012999886284416
1443,2024-07-16,2024-08-13,-0.13115422405842195,0.0591764244271987,-2.2163255946592946,0.03884329412752765,-3.376495917875177,0.08857812263000395,-1.4806615918725314,True,False,1.1035177657957471,0.23201751088385172
1444,2024-07-17,2024-08-14,-0.10897159054391146,0.058147262136599306,-1.8740622780813971,0.04088530323944633,-2.6652997999235866,0.06842966594803526,-1.5924612378885978,True,False,1.1236081537006513,0.2549484632903996
1445,2024-07-18,2024-08-15,-0.11372766339398577,0.05447692901616421,-2.08762985446997,0.031987513007120646,-3.5553768549830425,0.05931222039770548,-1.9174406662136252,True,False,1.2003392978204253,0.2539376640903424
1446,2024-07-19,2024-08-16,-0.10898829680552828,0.05401131363289737,-2.017879023389377,0.030339216853099826,-3.592323998778258,0.058123997863683226,-1.8750998006216957,True,False,1.2108781952127483,0.2508752462972756
1447,2024-07-22,2024-08-19,-0.12311501862845509,0.052673296992522246,-2.337332683882178,0.0337036577284146,-3.652868172959765,0.07157600003513107,-1.7200600559968082,True,False,1.2413455593049718,0.25582612525763415
1448,2024-07-23,2024-08-20,-0.12211961055932255,0.05275765948459831,-2.314727600737733,0.0339015663817166,-3.6021819518399214,0.07165988392255347,-1.7041558522660112,True,False,1.2392446689948304,0.25476256225263216
1449,2024-07-24,2024-08-21,-0.12129872839145031,0.05276449806432932,-2.298870127477865,0.03381520531835352,-3.5871060740126364,0.07142938266729651,-1.6981629108630973,True,False,1.2390492726447953,0.2525959124532163
1450,2024-07-25,2024-08-22,-0.12932459503772076,0.05301785631815323,-2.439264882036361,0.036697203150582475,-3.524099493551406,0.07855626518958733,-1.6462671020014683,True,False,1.2330344327709488,0.2701382099397862
1451,2024-07-26,2024-08-23,-0.11823503143433317,0.05325986485142429,-2.2199649166246673,0.0359550934080675,-3.2884084069102695,0.08187999656874702,-1.4440038640580817,True,False,1.227276249048324,0.3095637187903993
1452,2024-07-29,2024-08-26,-0.10277271187301294,0.055063070162988816,-1.866454441584927,0.03389683073450163,-3.031926868856401,0.07138795626588082,-1.4396365612462863,True,False,1.186797875582241,0.3124471172767087
1453,2024-07-30,2024-08-27,-0.10462622028320104,0.054880540933940396,-1.9064356601211243,0.032716164053837135,-3.197997788219609,0.07541342810605929,-1.3873685749447395,True,False,1.1905930256084414,0.2993093155188426
1454,2024-07-31,2024-08-28,-0.10262500077200647,0.05491891962133599,-1.86866386810961,0.032293222370370286,-3.17791143897015,0.07431873762496975,-1.380876533316227,True,False,1.189681496411433,0.2967405994717499
1455,2024-08-01,2024-08-29,-0.09069977621992519,0.055377285100448176,-1.6378516219313746,0.0295190548251537,-3.0725840226645174,0.05765214563846886,-1.5732246426472118,True,False,1.1805683361504202,0.29003513815444076
1456,2024-08-02,2024-08-30,-0.09403798543965668,0.05479601886180249,-1.716146307577998,0.02911300613229616,-3.230102209724635,0.05973790215750896,-1.5741762272084785,True,False,1.193179376938998,0.28638394613988866
1457,2024-08-05,2024-09-02,-0.07833209060755263,0.05689195903415596,-1.376856974823538,0.03219242708435701,-2.433245881159916,0.04748326820291303,-1.649677740647748,True,False,1.1491439695589847,0.28007048337075136
1458,2024-08-06,2024-09-03,-0.08048958737506197,0.09293743306969272,-0.86606208840203,0.0833593955692424,-0.9655730685835332,0.12227528684500878,-0.6582653735835216,True,False,0.7006239770399567,0.2932316981318409
1459,2024-08-07,2024-09-04,-0.07946409881076517,0.0934592763396987,-0.8502537353481648,0.08345434794024943,-0.952186444110244,0.12285896878189172,-0.6467911915477306,True,False,0.6966481988659289,0.2951737428840298
1460,2024-08-08,2024-09-05,-0.08069028424825027,0.09212415124136236,-0.8758863247146156,0.07888146484872664,-1.0229308545802547,0.11810236028490652,-0.6832232992938964,True,False,0.7067815349786022,0.2951289473640612
1461,2024-08-09,2024-09-06,-0.08009120354014469,0.09297506630828596,-0.8614266891144657,0.08371355454577448,-0.9567292175647721,0.12183830923710297,-0.6573564919083333,True,False,0.700323209075627,0.29533283417057193
1462,2024-08-12,2024-09-09,-0.13347079899196015,0.09428852650088201,-1.415557162097677,0.06590672712116062,-2.02514682221425,0.10328383430508875,-1.2922719212544194,True,False,0.6903380207827177,0.2850402097721964
1463,2024-08-13,2024-09-10,-0.12344794441491629,0.09608850581743146,-1.284731647815066,0.06890002226224222,-1.7916967275432476,0.10952599553705714,-1.1271109092375133,True,False,0.6774021362356983,0.2850123386274484
1464,2024-08-14,2024-09-11,-0.11733288782288422,0.09797396872889998,-1.1975924762990011,0.07438611245721463,-1.577349372712167,0.11753629422856299,-0.9982694162087226,True,False,0.6643405985645213,0.2856459398938764
1465,2024-08-15,2024-09-12,-0.14061259734402476,0.09934640052943372,-1.4153768691636186,0.07788387444338543,-1.805413487052926,0.10691890611446471,-1.3151331458020008,True,False,0.6550249728856309,0.2720593879354255
1466,2024-08-16,2024-09-13,-0.1792562357438953,0.11880903087642081,-1.508776179904612,0.10190645182779308,-1.759027348403926,0.14527029418456644,-1.2339496987329672,True,False,0.5472324011619428,0.3043700355260392
1467,2024-08-19,2024-09-16,-0.2009402186407695,0.12186753661118467,-1.6488412273554378,0.10779775196529927,-1.8640483217632715,0.14361322472686655,-1.3991762877195422,True,False,0.5333852068653864,0.30396629181500756
1468,2024-08-20,2024-09-17,-0.11187731040311084,0.1481728083345013,-0.7550461630621653,0.16014714210935532,-0.6985907393009625,0.16640340269843715,-0.6723258574577309,True,False,0.43877534284007347,0.2914418893785797
1469,2024-08-21,2024-09-18,-0.10455845129154297,0.15046752883381473,-0.6948904664143419,0.17026628569992955,-0.6140878146353211,0.17347592293015424,-0.6027260124947762,True,False,0.43208336678204573,0.29097772584110454
1470,2024-08-22,2024-09-19,-0.09668463174371754,0.15084604134545015,-0.6409490821326996,0.17356842715409276,-0.5570404325775311,0.17855247160819823,-0.5414914219494806,True,False,0.4309952263409859,0.2936964237858199
1471,2024-08-23,2024-09-20,-0.11392843348763759,0.14557635978435665,-0.7826025712993554,0.16786954501220716,-0.6786724386448592,0.1694274904535852,-0.6724318065659385,True,False,0.446584213939863,0.2773353505114708
1472,2024-08-26,2024-09-23,-0.17003044305895204,0.14682373597205398,-1.1580582794277565,0.12639551495209506,-1.3452252884399813,0.1534044957979929,-1.108379791442701,True,False,0.4427348776745887,0.22578244458117774
1473,2024-08-27,2024-09-24,-0.24447932744192347,0.16344802999050406,-1.4957618483142754,0.13704060499944054,-1.783991886513647,0.17053461986671467,-1.4336052564165682,True,False,0.397523190163855,0.22734399721972037
1474,2024-08-28,2024-09-25,-0.2116940418205185,0.16195056969817764,-1.3071521898011613,0.13628483027300092,-1.553320654958153,0.16852403750857484,-1.256165262535602,True,False,0.4012629321099618,0.23300577853167767
1475,2024-08-29,2024-09-26,-0.24790097493035404,0.16307028485355118,-1.5202093695548942,0.12875676178656684,-1.925343348889794,0.16825991499274578,-1.4733216461035405,True,False,0.3984239295903708,0.24091583960998483
1476,2024-08-30,2024-09-27,-0.29674584218237493,0.16668129285359604,-1.7803188174393432,0.11573755729839952,-2.563954597877784,0.16849141412056323,-1.7611926621379048,True,False,0.38967529544677887,0.23079946661544248
1477,2024-09-02,2024-09-30,-0.23770799818849378,0.16473123748317853,-1.443004992982993,0.12025473418948804,-1.976703867757356,0.16791050825066967,-1.4156826792140078,True,False,0.39440224025698384,0.23305828137699253
1478,2024-09-03,2024-10-01,-0.09750499345326248,0.14012965477498396,-0.6958198363496514,0.14715458622110603,-0.6626024778239469,0.1863582117471462,-0.5232127553657727,True,False,0.46400237765386115,0.24671138555316385
1479,2024-09-04,2024-10-02,-0.123042358375952,0.14063816141586766,-0.8748859991998559,0.1665674527404006,-0.7386938825781078,0.20788904853884516,-0.5918655130742054,True,False,0.46223703657430804,0.2296757900707734
1480,2024-09-05,2024-10-03,-0.09254057448467151,0.13972616765234946,-0.6622995251320447,0.16276469983977415,-0.5685543276629921,0.1847084663967012,-0.5010088399841982,True,False,0.46536928940795147,0.2501139312382529
1481,2024-09-06,2024-10-04,-0.10733642732898019,0.13067673745315636,-0.8213889435941653,0.14715596198035738,-0.7294059029922799,0.17471820914550984,-0.6143402445224678,True,False,0.49766199529800775,0.250855861109364
1482,2024-09-09,2024-10-07,-0.09480851108599808,0.1330724192679489,-0.7124580105145284,0.14227615006895822,-0.666369669407321,0.16990444425168108,-0.5580107777849374,True,False,0.48870173158843283,0.2536390127022148
1483,2024-09-10,2024-10-08,-0.06448166882635344,0.1434729000806046,-0.44943448407418374,0.1342491066009255,-0.48031357868201185,0.18261137490048193,-0.353108719878453,True,False,0.4532285965297229,0.25430405810338796
1484,2024-09-11,2024-10-09,-0.07180376798378521,0.14028563799238336,-0.5118397650063345,0.13117018427128854,-0.5474092179003069,0.17882979775836477,-0.4015201542687345,True,False,0.46354132229976414,0.25186401790018104
1485,2024-09-12,2024-10-10,-0.07097851893001185,0.14029493817095312,-0.5059235910815445,0.1286052899815558,-0.5519097926702035,0.17716212012259464,-0.400641620685592,True,False,0.46351192577748895,0.25104058985403344
1486,2024-09-13,2024-10-11,-0.09443146549033603,0.14206513532220105,-0.6647054203423468,0.1500229349814355,-0.6294468609217743,0.18201385666529132,-0.5188147057615938,True,False,0.45769543919918537,0.2438600915798195
1487,2024-09-16,2024-10-14,0.013125831504447445,0.1468339747017239,0.08939233260634019,0.06154778827094154,0.21326244001922198,0.10852177813711594,0.12095112824140346,True,False,0.4427798572230115,0.1906030120761573
1488,2024-09-17,2024-10-15,0.06536146767828331,0.14764912573469066,0.44268103419542576,0.0486268319331323,1.344144067788811,0.08745597154064738,0.747364262575311,True,False,0.44020868795058976,0.20287485664153473
1489,2024-09-18,2024-10-16,0.07878905964025436,0.14682353206712545,0.5366241945755209,0.055142138457799035,1.42883576596422,0.08394093670606657,0.9386249752745507,True,False,0.44263069696112495,0.21032388929015156
1490,2024-09-19,2024-10-17,0.07065697938605284,0.14072902963915365,0.502078210638032,0.04529574943743176,1.559903087234559,0.07455337171443313,0.9477368730779218,True,False,0.4618150741652987,0.20875400613660944
1491,2024-09-20,2024-10-18,0.06336292841976976,0.1414642701051218,0.4479076474411871,0.05023278755693691,1.261385869696169,0.07236553306423733,0.8755954076027305,True,False,0.4594029440896555,0.20501525705798804
1492,2024-09-23,2024-10-21,0.0749887941030426,0.14777201055887518,0.5074627720055662,0.0506488322775696,1.480563138989726,0.07661583906863195,0.9787635952908921,True,False,0.4396583211502641,0.21844459209477007
1493,2024-09-24,2024-10-22,0.04635743168934725,0.1434757420796057,0.32310292330550494,0.04942829759939503,0.9378723108180573,0.07668220631926227,0.6045396176570684,True,False,0.45290470974807945,0.22065253760550502
1494,2024-09-25,2024-10-23,0.020657422507033275,0.12298934453742275,0.16796107487789488,0.04309125865933177,0.47938777259549226,0.05317082096617001,0.3885105050414132,True,False,0.5284396851825796,0.20530714565726899
1495,2024-09-26,2024-10-24,0.0402996588177026,0.11837058113645581,0.34045333249860255,0.03640711154449152,1.1069172232588178,0.05684492942735355,0.7089402559502619,True,False,0.5492398705336174,0.21216870928253964
1496,2024-09-27,2024-10-25,0.05295968962393435,0.11617441680914031,0.4558636150585575,0.03741939340046357,1.4153005917856025,0.05700324270792279,0.9290645077034112,True,False,0.5594614674782139,0.18946913884687017
1497,2024-09-30,2024-10-28,0.038838640148466996,0.11146292935742089,0.3484444592688361,0.0343771732909663,1.1297799216863793,0.05108406391485025,0.7602887705489797,True,False,0.5831938877092846,0.18781616253282116
1498,2024-10-01,2024-10-29,0.014496695672274403,0.10643896245359773,0.13619726590809514,0.04037029080651004,0.3590931693248217,0.052318428188780824,0.2770858409577197,True,False,0.6109174850799208,0.1890832582866956
1499,2024-10-02,2024-10-30,0.008197985696589161,0.11460249230437917,0.07153409608942597,0.03963900549460747,0.20681612957480539,0.05683113779441832,0.1442516552500613,True,False,0.5673366285681637,0.1873883642050909
1500,2024-10-03,2024-10-31,0.0032198578160078485,0.11501195734601816,0.027995852694870458,0.03757979580448437,0.08568055645538195,0.056322939367692844,0.057167787266706065,True,False,0.5652821742265993,0.18348053407615558
1501,2024-10-04,2024-11-01,-0.0031825660567557624,0.11263099331956465,-0.02825657452674647,0.03739127005836408,-0.08511521678156668,0.0495350442424601,-0.06424877791928472,True,False,0.5774121534114536,0.16920053630762466
1502,2024-10-07,2024-11-04,0.004229473870662103,0.12196822046288025,0.034676851516000425,0.03679456163284337,0.11494834244435766,0.05307139548828099,0.07969403916646658,True,False,0.533174898898524,0.17975318816029226
1503,2024-10-08,2024-11-05,0.0065115311320554075,0.12155178824364365,0.05357001510338468,0.03806042915156545,0.171084017632197,0.05195095794457918,0.12533996272026113,True,False,0.5350470640370834,0.18074344638102308
1504,2024-10-09,2024-11-06,-0.2216253048103117,0.08253880719218934,-2.6851042842703468,0.11932723371176072,-1.8572902255126076,0.23641656089854118,-0.9374356177417825,True,False,0.7874559298432133,0.25657460334803966
1505,2024-10-10,2024-11-07,-0.16662421712252148,0.08152057837931402,-2.0439528329549077,0.11191703450135233,-1.488819086968464,0.30134476510036295,-0.5529354958830204,True,False,0.7984116292887767,0.31690474557307047
1506,2024-10-11,2024-11-08,-0.19871714877409005,0.07921413367908786,-2.5086072338950594,0.108282464230193,-1.835173868518968,0.2268619976247983,-0.8759384597447812,True,False,0.8211281999486573,0.3401599569698318
1507,2024-10-14,2024-11-11,-0.1994381316778721,0.0743343795746486,-2.68298642995454,0.08840515996125627,-2.255955780921343,0.19247544164801855,-1.0361744333211418,True,False,0.8753023060744508,0.3381827055461639
1508,2024-10-15,2024-11-12,-0.16986387577189888,0.07377904826150158,-2.3023321630530575,0.07962548858663765,-2.1332851928070253,0.2054750223538272,-0.8266886837437298,True,False,0.8818163223888068,0.38425077236282634
1509,2024-10-16,2024-11-13,-0.1745896184789257,0.07319890722840225,-2.385139684314609,0.08095762750810583,-2.1565555198791495,0.19373751774073125,-0.9011657654898305,True,False,0.88892660877296,0.3785983594756293
1510,2024-10-17,2024-11-14,-0.17934963484042932,0.07226401994209958,-2.481866286765259,0.07950745247757776,-2.2557587905487035,0.1895321691415484,-0.9462754299323485,True,False,0.9006523550775405,0.3762471809582062
1511,2024-10-18,2024-11-15,-0.18110178627650736,0.07306656027465132,-2.4785864504331436,0.08426097559657149,-2.149296100529321,0.1934453171674968,-0.9361911103782282,True,False,0.8907818013060641,0.37886246588801636
1512,2024-10-21,2024-11-18,-0.18267324794083445,0.07312670908757131,-2.49803731386405,0.08428146216432048,-2.167419065235047,0.19452556753424738,-0.9390706335231421,True,False,0.8900637410928256,0.381360525280741
1513,2024-10-22,2024-11-19,-0.18273839570463132,0.07313714681300337,-2.498571569545306,0.09108298253050373,-2.0062847156265677,0.2015585128661362,-0.9066270290751542,True,False,0.8902227059649723,0.3768751120050953
1514,2024-10-23,2024-11-20,-0.17493044300741253,0.07384575241469626,-2.368862626316732,0.09179232424104578,-1.9057197260638792,0.20438532305104343,-0.8558855420539428,True,False,0.8815333814500695,0.381448287132558
1515,2024-10-24,2024-11-21,-0.19593285249720857,0.07847790696647602,-2.4966625649293452,0.09133840402965401,-2.1451311152053503,0.22468044455357275,-0.872051205375332,True,False,0.8289426857734947,0.38073336210390263
1516,2024-10-25,2024-11-22,-0.201477391851441,0.078852156383172,-2.5551284973411166,0.08278188254244555,-2.433834380948459,0.22372067856529596,-0.9005756336137567,True,False,0.8247213077441113,0.3790278976511412
1517,2024-10-28,2024-11-25,-0.18821179194348103,0.07884591272622958,-2.38708368558043,0.09514957226940755,-1.9780624069499344,0.24287461367654167,-0.7749339838133099,True,False,0.8252053882662871,0.39362463812498255
1518,2024-10-29,2024-11-26,-0.18699692859542197,0.08066728791038394,-2.3181258901769857,0.10035663558824116,-1.8633240094124128,0.2574193130902527,-0.7264292890481756,True,False,0.8063955784263948,0.3972445902436589
1519,2024-10-30,2024-11-27,-0.21033040504487716,0.08439586193649233,-2.4921886004689453,0.10537440595494314,-1.9960293312098192,0.28411494550490257,-0.7403003902913223,True,False,0.7705699470820746,0.41681177581572704
1520,2024-10-31,2024-11-28,-0.21284966333843328,0.08436157749085214,-2.5230640496440917,0.10340586831553406,-2.0583905614422284,0.28475990179624844,-0.7474706305058765,True,False,0.7708528248695651,0.41639961579469026
1521,2024-11-01,2024-11-29,-0.21103653615161477,0.08435012367441584,-2.5019114016500734,0.1063778638596346,-1.9838388222391559,0.28915367095324734,-0.7298421474501592,True,False,0.77104316494584,0.4200613335306614
1522,2024-11-04,2024-12-02,-0.17995554855996804,0.08191645424226177,-2.1968180901453938,0.11280294752212165,-1.5953089215570113,0.30056092830662307,-0.5987323421372418,True,False,0.7942826816808064,0.4271608888725434
1523,2024-11-05,2024-12-03,-0.18011568149859528,0.08180682718634903,-2.2017194370380238,0.10813814332824409,-1.6656073052028415,0.29888936360773644,-0.602616564619475,True,False,0.7953350492967206,0.42602485794969547
1524,2024-11-06,2024-12-04,-0.16255827483238938,0.07987914067638549,-2.0350528743287564,0.11574101265065158,-1.4045001949572473,0.28218572026432115,-0.5760683945315246,True,False,0.8148404049322018,0.4287018128716277
1525,2024-11-07,2024-12-05,0.11780469280111582,0.10531318972608207,1.1186129022159896,0.0926314656964704,1.2717567612190401,0.18120151354859962,0.6501308432477287,True,False,0.6178524974281626,0.389154817640603
1526,2024-11-08,2024-12-06,0.032396958035558684,0.1085399747459191,0.2984795059276237,0.12103086691164873,0.26767517131979335,0.16214845417655105,0.19979813067033075,True,False,0.5994378817444697,0.3483319490494595
1527,2024-11-11,2024-12-09,0.14281447655452942,0.11649209343138406,1.225958538024297,0.0691935361030162,2.063985808470685,0.13735139145943473,1.039774515838874,True,False,0.558308066993563,0.32375238249996235
1528,2024-11-12,2024-12-10,0.2343142287724038,0.1354179778442332,1.730303704888635,0.08612728971139641,2.720557323440299,0.13612889572878822,1.721267387926453,True,False,0.4798384706320252,0.3279399288434909
1529,2024-11-13,2024-12-11,0.13844096508916376,0.13995040565063369,0.9892144609767117,0.0869957284593141,1.5913535933423377,0.1084498930022408,1.276543122880751,True,False,0.4645712848950013,0.2566624077194945
1530,2024-11-14,2024-12-12,0.17535483447271902,0.1453128578341543,1.2067399752942143,0.08417998943843123,2.0830940422126396,0.10404599503115798,1.6853588109778435,True,False,0.4473346421683078,0.2553879796746851
1531,2024-11-15,2024-12-13,0.21060463013509964,0.15490958102831637,1.359532630177359,0.09139763039268047,2.304267946885041,0.10940675426688387,1.924969180799902,True,False,0.419521777942966,0.262486361618808
1532,2024-11-18,2024-12-16,0.2002557197146737,0.15393859532952814,1.30088051853401,0.08978367442960362,2.230424639968233,0.10760411264497506,1.8610415047553976,True,False,0.4221891511642557,0.2616307234142421
1533,2024-11-19,2024-12-17,0.20031268447545372,0.15336940527723314,1.3060798150280697,0.08248494572613192,2.4284756777380405,0.10236892439457637,1.956772386348005,True,False,0.4237355096646319,0.25833820173642724
1534,2024-11-20,2024-12-18,0.19382526488189208,0.15267806687240734,1.2695030062430077,0.0756238955215175,2.563016141197624,0.09909684837625116,1.955917549930305,True,False,0.4256457831656996,0.254796810842334
1535,2024-11-21,2024-12-19,0.2332174003797548,0.10815301590542233,2.156365205605536,0.054174549996599285,4.304925475050455,0.07067126198811385,3.3000316368905294,True,False,0.6009519800064244,0.29263066800705395
1536,2024-11-22,2024-12-20,0.24026734283143747,0.10855343442022426,2.2133555157852656,0.06732708559060833,3.5686580032947854,0.08288432823527941,2.898827172121165,True,False,0.5987835593298766,0.32320782462283854
1537,2024-11-25,2024-12-23,0.2276917594689885,0.10849054926357889,2.098724368293215,0.060745619004351215,3.7482828095418523,0.09118802435492106,2.496948048603061,True,False,0.599203527510836,0.32453496748244665
1538,2024-11-26,2024-12-24,0.20406470227658227,0.10964480618456694,1.861143353503464,0.055999911211461584,3.644018318279334,0.10483431250416868,1.9465449565328885,True,False,0.5929717652270241,0.3110017443902665
1539,2024-11-27,2024-12-25,0.19358299975660279,0.11079894702192677,1.7471555909127303,0.06400280740429114,3.024601694950397,0.13024028903442816,1.486352657781882,True,False,0.5868703062641499,0.3038137836188084
1540,2024-11-28,2024-12-26,0.21393902543634957,0.11117472193394268,1.9243495438060727,0.04940345155457078,4.330446936486486,0.09132257566245537,2.3426740199171188,True,False,0.5847159898719342,0.28046252288807916
1541,2024-11-29,2024-12-27,0.2096423198037356,0.11059814801748911,1.8955319194909523,0.04682946891945101,4.476717858242867,0.09048996883823456,2.3167465134008958,True,False,0.587769768647292,0.2802507227071452
1542,2024-12-02,2024-12-30,0.20615220865367617,0.11090469348296778,1.858823122624076,0.04143929723775372,4.974799825173169,0.08198860437182173,2.5144007540214655,True,False,0.5860553174445207,0.2782692604673181
1543,2024-12-03,2024-12-31,0.19227475087554638,0.11732024845019799,1.638888030118401,0.047222906662444275,4.071641592288088,0.12889993047269482,1.491659073596447,True,False,0.5540054172717737,0.27390876134592596
1544,2024-12-04,2025-01-01,0.20176550714681846,0.11775488690090571,1.7134363800681174,0.03689559245253475,5.468553118001417,0.10760301872080172,1.8750915127236418,True,False,0.5518785490729362,0.2701983038524167
1545,2024-12-05,2025-01-02,0.2037347005196023,0.12599824498817763,1.6169645897743945,0.0421201709353581,4.836986555260526,0.13955506686075125,1.459887520407194,True,False,0.5156479954806493,0.2645513472796208
1546,2024-12-06,2025-01-03,0.1913081089090371,0.13922357238558267,1.3741071690015625,0.06680983371799726,2.863472310327012,0.3609073565511513,0.5300753931346452,True,False,0.4665817090663256,0.25278596348942556
1547,2024-12-09,2025-01-06,0.29862643873902694,0.13953163582367378,2.140205961008021,0.07426337128636719,4.021180745855083,0.13331112882741772,2.2400713381222928,True,False,0.46543685402132795,0.3086932414826806
1548,2024-12-10,2025-01-07,0.14387834573891697,0.10760890491219642,1.3370486936588997,0.08549303463046423,1.6829247711327346,0.2197966091819423,0.6545976586009021,True,False,0.6043487341328342,0.30704581098132855
1549,2024-12-11,2025-01-08,0.1416245617644914,0.09678010998608803,1.4633643398922533,0.07603919534142256,1.8625205215360956,0.16238461542695892,0.8721550461668861,True,False,0.6722407214357707,0.31015135344123546
1550,2024-12-12,2025-01-09,0.13895153491158488,0.09706786059730914,1.4314885901115328,0.07487357847169082,1.855815332295377,0.1629048104276095,0.8529615211905065,True,False,0.6701934899015695,0.30823939392834176
1551,2024-12-13,2025-01-10,0.13341356376441207,0.09712689333343998,1.3736006494761313,0.07375508093481227,1.8088728542285566,0.15567493843542352,0.8570009091075002,True,False,0.6696803128465787,0.3180711398579546
1552,2024-12-16,2025-01-13,0.10339275027341528,0.08950580852230357,1.1551512910768387,0.07944462187376933,1.3014442996241768,0.1347435332520942,0.7673299621732187,True,False,0.7272314203287311,0.31575606674502626
1553,2024-12-17,2025-01-14,0.14016103423355733,0.08216902478522693,1.7057648499530045,0.06282328593704903,2.2310363449311335,0.11427727315619307,1.226499638663819,True,False,0.7923880725903539,0.3418742517790608
1554,2024-12-18,2025-01-15,0.1428512724194918,0.08164785489684886,1.7496022718535014,0.06316297004782008,2.26163007077312,0.1128390853855746,1.265973327693721,True,False,0.797530250222929,0.3439542293981094
1555,2024-12-19,2025-01-16,0.14302434380127482,0.08175470851529133,1.7494324962888672,0.06274858624088557,2.2793237643987485,0.1120512499929045,1.2764189940793311,True,False,0.7964570949301403,0.34470723822615085
1556,2024-12-20,2025-01-17,0.08432657578749168,0.09740651628604687,0.8657180135654966,0.04597525388728719,1.8341731400597916,0.12185963627764561,0.6919975995608717,True,False,0.6683046862821151,0.3039238366917729
1557,2024-12-23,2025-01-20,0.07490135722663224,0.09291025213765434,0.8061689157366573,0.03838633637712028,1.9512504785759213,0.09967931156052544,0.7514232999206863,True,False,0.700691295464058,0.2700886228522057
1558,2024-12-24,2025-01-21,0.150608976449565,0.0828331149499025,1.8182218131076364,0.07277886082183212,2.0694055217251424,0.1170951562119584,1.2862101330386542,True,False,0.7861317324615785,0.32550874150247106
1559,2024-12-25,2025-01-22,0.1429493211522207,0.08090264036540838,1.7669302325186123,0.06459168069970758,2.213122798535073,0.10822216480473135,1.3208876518978219,True,False,0.8050608710209971,0.32573931042043197
1560,2024-12-26,2025-01-23,0.14188421027476925,0.0810024013786816,1.7516049877517663,0.06309608230262811,2.2487007924556894,0.10795392116061432,1.3143034430743215,True,False,0.8040798953854874,0.32642296551360406
1561,2024-12-27,2025-01-24,0.16612171224380598,0.07974090356741495,2.083268495990424,0.06969163753108003,2.3836677990199546,0.10397249763274075,1.597746673650115,True,False,0.8166251722846042,0.35058632532514866
1562,2024-12-30,2025-01-27,0.17896553928472908,0.07408809433876448,2.4155775753445243,0.06845555569295253,2.614331846014852,0.09369765125998393,1.910032288729964,True,False,0.879104437891522,0.3682032742169194
1563,2024-12-31,2025-01-28,0.17298187444709015,0.07434850773954318,2.326635459222372,0.06688805608029372,2.586139956578187,0.09266742503148759,1.8666955986778786,True,False,0.8760946809078337,0.3637280040477975
1564,2025-01-01,2025-01-29,0.16742519200087855,0.07396389903725822,2.2636068971504675,0.06396707443762246,2.617365159698578,0.09126582422151275,1.83447849651276,True,False,0.8807339987358879,0.35397631758258863
1565,2025-01-02,2025-01-30,0.16762847748632853,0.07419919377072584,2.259168448707104,0.06326178590674286,2.649758856530504,0.09111146915585802,1.8398175228584912,True,False,0.8779017733199659,0.35543753628137653
1566,2025-01-03,2025-01-31,0.17221601147023752,0.07385109247379781,2.331935868536262,0.06488727934631554,2.6540797087683163,0.09134209303851742,1.88539594114202,True,False,0.8820159907573611,0.36112466807582505
1567,2025-01-06,2025-02-03,0.16445570137409007,0.06473117083837164,2.540595191530249,0.05117282778458985,3.2137309680512547,0.07282809110946349,2.2581355472698945,True,False,1.007332523515826,0.37871686859741327
1568,2025-01-07,2025-02-04,0.1814402431592707,0.06219392661198484,2.917330566555786,0.055797995655859786,3.251734063680767,0.07123777198734571,2.546966842133984,True,False,1.0483566248332106,0.3852476437092843
1569,2025-01-08,2025-02-05,0.22227489236148823,0.06595494906379537,3.3701017970083083,0.03335353588141933,6.664207751517994,0.06113158250162118,3.6360074983433255,True,False,0.9871585861604691,0.38531163937152835
1570,2025-01-09,2025-02-06,0.22865862704158693,0.06923142968712971,3.302815326433958,0.034619719519923396,6.6048665388521,0.06873765267970522,3.326541104146525,True,False,0.9400737907915684,0.3781349857562164
1571,2025-01-10,2025-02-07,0.22344145596302842,0.06939263607942103,3.2199591856878866,0.035511411753176396,6.292102874311726,0.07033593819955293,3.1767750837287996,True,False,0.9380110529248281,0.3786422381719277
1572,2025-01-13,2025-02-10,0.22127136700545508,0.06841437371313441,3.234281847455905,0.03402314083990981,6.5035549788483795,0.06408076880958391,3.453007370479016,True,False,0.9514667030801642,0.3652947447604146
1573,2025-01-14,2025-02-11,0.247145669311808,0.07251418986575374,3.4082387153376645,0.02679213128524601,9.22456174466072,0.06944811991998939,3.5587092868250787,True,False,0.8968983304802026,0.36369996097904117
1574,2025-01-15,2025-02-12,0.2273464671011393,0.07378827601618287,3.08106489777968,0.03392631517785836,6.701183606568463,0.0737268660591937,3.0836312358456652,True,False,0.8818377175907388,0.34893535599338177
1575,2025-01-16,2025-02-13,0.2197048167172003,0.07368512467448515,2.981671235378627,0.037980220633397566,5.784716703936281,0.07050658638082544,3.116089261938087,True,False,0.8831762628140176,0.35460809303925245
1576,2025-01-17,2025-02-14,0.22894866827812668,0.07121125358858386,3.215063023617805,0.030851912018026312,7.420890742342173,0.06313746244186864,3.626193695841391,True,False,0.913606311403213,0.3689966626627064
1577,2025-01-20,2025-02-17,0.22772729794213734,0.07157896649767842,3.1814834592439025,0.031157791695253952,7.308839476477578,0.06461853611340933,3.5241791541433645,True,False,0.9089318200792158,0.3684474538880437
1578,2025-01-21,2025-02-18,0.24600239555152686,0.07281486757137821,3.378463818675192,0.03512520870988478,7.003585304883838,0.06642994316157988,3.7031853986863514,True,False,0.8930757142559734,0.3705498359858064
1579,2025-01-22,2025-02-19,0.20836625536473033,0.07889168380056459,2.6411688194090637,0.033718378476891714,6.179604855777107,0.072436571637908,2.8765339199969358,True,False,0.8249119245308565,0.33925797597074187
1580,2025-01-23,2025-02-20,0.1719310891214358,0.07847929963319289,2.1907826640277173,0.0744118730948387,2.310533009998389,0.08343978616535778,2.0605408645308523,True,False,0.8296517408028413,0.35384682883033547
1581,2025-01-24,2025-02-21,0.17205698709176487,0.07849104170080798,2.1920589071503396,0.0742395931709174,2.3175906513340974,0.08434102280508296,2.0400154203654686,True,False,0.8295531918861148,0.35394248860650807
1582,2025-01-27,2025-02-24,0.1457711911814667,0.08018598434192652,1.817913596469351,0.07563721552372923,1.9272416385520528,0.08976454077164406,1.6239284457801706,True,False,0.8122701089881771,0.33090037584712917
1583,2025-01-28,2025-02-25,0.12548762396913765,0.08515794357948056,1.473586828127386,0.08723280227800231,1.4385371178289217,0.10127137352818223,1.2391223659489166,True,False,0.7647341876510679,0.3126164869286666
1584,2025-01-29,2025-02-26,0.13028529672606498,0.08510958337761192,1.5307946714768732,0.08712616886352935,1.4953635449085132,0.09865642391104625,1.3205961817908276,True,False,0.7651041653116399,0.31013370473988994
1585,2025-01-30,2025-02-27,0.14896704883481177,0.08451941984554041,1.7625185916686326,0.08084152258440079,1.8427046407900844,0.09905758506969391,1.5038429286359352,True,False,0.770387653494787,0.3344675507187185
1586,2025-01-31,2025-02-28,0.14477345925276908,0.08450769529866839,1.7131393625291578,0.08020929836984646,1.8049460872381176,0.10305274473211119,1.4048481642008874,True,False,0.770538660950168,0.33641960306091123
1587,2025-02-03,2025-03-03,0.13102698806789193,0.08458557910232145,1.549046414985127,0.08110656844849365,1.6154916990613406,0.10052558999611451,1.303419239548421,True,False,0.7698936114912067,0.34145338453488394
1588,2025-02-04,2025-03-04,0.11849379160428784,0.09913460543247289,1.1952818199796211,0.10441907786057493,1.1347906343561673,0.14473884192677397,0.8186730667931973,True,False,0.6564699437859979,0.32500256812421247
1589,2025-02-05,2025-03-05,-0.061177430180321825,0.1109537808592547,-0.5513776070229246,0.10825390876970996,-0.5651290643967917,0.17818487447730505,-0.3433368312533948,True,False,0.5863271062540014,0.37702786745082606
1590,2025-02-06,2025-03-06,-0.07653146032961151,0.10968516894434982,-0.6977375434270492,0.11187359687596246,-0.6840886720971722,0.17533666362777847,-0.43648292802057564,True,False,0.5930460013662905,0.3809534543552962
1591,2025-02-07,2025-03-07,-0.0875033687832597,0.10829642118588496,-0.8079987115462005,0.10829334670351745,-0.8080216508852018,0.1719405347646156,-0.5089164629099863,True,False,0.6005978101884767,0.37675669859632227
1592,2025-02-10,2025-03-10,-0.07681845531450189,0.10910073925057927,-0.704105726892167,0.11163448189338804,-0.6881247981055193,0.17185422071078413,-0.44699778100754795,True,False,0.596183702224091,0.3786359744791004
1593,2025-02-11,2025-03-11,-0.1053852033479563,0.10963098415539495,-0.9612720724880065,0.10569587034096856,-0.9970607461577253,0.17581280138546632,-0.5994171216059585,True,False,0.5931113921716314,0.3749456791568024
1594,2025-02-12,2025-03-12,-0.10174386570411156,0.0994410731367186,-1.0231573583706897,0.08534636537150232,-1.1921288652566857,0.14210722923444657,-0.7159654456161123,True,False,0.6541715197897815,0.3748147610579261
1595,2025-02-13,2025-03-13,-0.1088040024998325,0.10518330168866752,-1.0344227719898156,0.09544282448493767,-1.1399914355741163,0.1628751004477987,-0.668021092239965,True,False,0.6183459689228573,0.3774689884279149
1596,2025-02-14,2025-03-14,-0.08781613386316221,0.10133123271506941,-0.8666245491169544,0.09588742715238532,-0.9158253221624549,0.14981604586979658,-0.5861597357834568,True,False,0.6420714304001588,0.3748531334439516
1597,2025-02-17,2025-03-17,-0.17194109556618414,0.11166558083707931,-1.5397859777136442,0.10155034332242252,-1.6931611449138173,0.14875875851662462,-1.155838468139466,True,False,0.5822387530033263,0.35955810770520596
1598,2025-02-18,2025-03-18,-0.1703811477982844,0.11333874674280023,-1.5032912635334725,0.10364758185638591,-1.6438506788741538,0.15138913854479072,-1.1254515973606298,True,False,0.5736422364678355,0.3610404696256964
1599,2025-02-19,2025-03-19,-0.13775723138329926,0.1102386072969691,-1.2496278278643198,0.10591204705602952,-1.3006757513658764,0.13550901912024213,-1.0165908681034892,True,False,0.5899573513930426,0.3655723081909391
1600,2025-02-20,2025-03-20,-0.10727660672148309,0.11205686987050201,-0.9573407399783413,0.0894721636332002,-1.1989942163606766,0.12482009825517253,-0.8594497859004655,True,False,0.5803815618780634,0.3570985446842813
1601,2025-02-21,2025-03-21,-0.06165830986725452,0.11734725566612375,-0.525434612997552,0.10281640812199112,-0.5996932881967366,0.1262159849151791,-0.48851427106234396,True,False,0.5543780092369095,0.3488368200723602
1602,2025-02-24,2025-03-24,-0.059989161249770266,0.11734543400557541,-0.5112185383107452,0.10258628996960353,-0.5847678209977683,0.12565908654538543,-0.4773961270847169,True,False,0.5543780092369095,0.3486534632950489
1603,2025-02-25,2025-03-25,-0.060743240150999606,0.1177850140092061,-0.5157128066075698,0.1123228553230908,-0.5407914531399229,0.1382750121566574,-0.4392929655444984,True,False,0.5522943297685358,0.34858732633828504
1604,2025-02-26,2025-03-26,-0.08096933719539581,0.11712338096667384,-0.691316597310615,0.1130145159267919,-0.7164507721100696,0.1476572641189077,-0.5483599989377534,True,False,0.5554037073255498,0.34861793755861864
1605,2025-02-27,2025-03-27,-0.07548618613221662,0.1168847700420582,-0.6458171248919318,0.10861198085514959,-0.6950079129197433,0.14007244013749548,-0.538908196773892,True,False,0.5565650099964302,0.3499076829548369
1606,2025-02-28,2025-03-28,-0.1120296790605192,0.11533431278987821,-0.9713473497225447,0.0995716774960041,-1.125115915266317,0.13182441874176234,-0.8498401140685469,True,False,0.5639120972199536,0.32512098597302835
1607,2025-03-03,2025-03-31,-0.06883017012092216,0.10911534789868817,-0.6308019123471966,0.08861157466789424,-0.7767627466150956,0.10791319564925007,-0.6378290412660992,True,False,0.5962294114521174,0.3244955388562379
1608,2025-03-04,2025-04-01,-0.056364212570752886,0.10913850764433702,-0.5164466125415039,0.0907819449908252,-0.6208746967962548,0.10842007258298945,-0.519868795767585,True,False,0.5961731534430093,0.3164168245318547
1650,2025-05-01,2025-05-29,-0.3177841147503492,0.05692495269720398,-5.582509948505551,0.05211028788214595,-6.098298966780963,0.08263854203653706,-3.845470974183535,False,False,1.1400064894753932,0.37760964806530123
1651,2025-05-02,2025-05-30,-0.3100312610522147,0.05724543539875655,-5.4158250154378065,0.049037160849158795,-6.322373801490857,0.08470090401674861,-3.6603063999282655,False,False,1.1339885486182366,0.3643622855782931
1652,2025-05-05,2025-06-02,-0.30751978418803383,0.05764685326704861,-5.334545890361973,0.05058397839829754,-6.079391023114618,0.08541073181999931,-3.6004817853115116,False,False,1.1262534046532984,0.3614136126905781
1653,2025-05-06,2025-06-03,-0.3196978937828803,0.06021996165935626,-5.308835890519195,0.05868356538269036,-5.447826690454978,0.08953760212330544,-3.5705433940771933,False,False,1.077675066659826,0.3646738824511872
1654,2025-05-07,2025-06-04,-0.3210406798944751,0.06022109770103656,-5.331033344630467,0.058838409179969686,-5.456311351187359,0.09001980569750608,-3.5663338462790004,False,False,1.0775729376009908,0.36934567663277457
1655,2025-05-08,2025-06-05,-0.3184885574606018,0.05966386928943534,-5.338047318312231,0.056992398656850886,-5.5882637854604,0.0893778228982358,-3.563395785811743,True,False,1.0877152519053275,0.36870443088778276
1656,2025-05-09,2025-06-06,-0.29859336357510413,0.06037614068555311,-4.945552335486591,0.055681948367753184,-5.362480522467261,0.09143633576947235,-3.2655875923102644,True,False,1.0757417257934245,0.34893584920980164
1657,2025-05-12,2025-06-09,-0.30739095888067697,0.06121508640950463,-5.021490238931519,0.05570375266684862,-5.518316884665057,0.09436716010539675,-3.257393340409506,True,False,1.0605869679388562,0.3491985926672616
1658,2025-05-13,2025-06-10,-0.25338492554765785,0.07138916938367272,-3.549346879018444,0.09769618781009244,-2.5936009503277884,0.10094998879521234,-2.510004494024024,True,False,0.9105459877865513,0.2938888860183461
1659,2025-05-14,2025-06-11,-0.30315387689551626,0.0771503335082679,-3.9293916579508816,0.07027813456519509,-4.313630103745693,0.07087783534316855,-4.277132271714267,True,False,0.8413713919144866,0.29141422201159534
1660,2025-05-15,2025-06-12,-0.322184390303353,0.07815934411480766,-4.122148080338275,0.07571033045339867,-4.255487835991739,0.0614556742700224,-5.242549107634021,True,False,0.8300458194655046,0.2951354565101187
1661,2025-05-16,2025-06-13,-0.3289655297422592,0.07822193375281633,-4.205540747455824,0.07522555075158968,-4.373055782982186,0.06197382723137265,-5.308136425302597,False,False,0.8292536829381522,0.2955154955304028
1662,2025-05-19,2025-06-16,-0.3226343482399632,0.07858147859423711,-4.10573017982922,0.07368560549365474,-4.378526118886898,0.06160610449684987,-5.237051601866185,False,False,0.8253920835906036,0.2871304578205394
1663,2025-05-20,2025-06-17,-0.31152609405440623,0.0796428350664553,-3.9115394849324954,0.07191275465074878,-4.332000568847108,0.0604843394747738,-5.150524859155226,False,False,0.815060338862202,0.2831618694922467
1664,2025-05-21,2025-06-18,-0.29707217268080466,0.07911219771695055,-3.7550742016253467,0.07629637758596232,-3.8936602507254894,0.06449890878138866,-4.605848041362921,False,False,0.8208766935368034,0.2888676654169833
1665,2025-05-22,2025-06-19,-0.2773611219277902,0.08663951498393112,-3.201323575959906,0.08273787662388714,-3.352287165751528,0.07393650435429865,-3.751342105635598,False,False,0.74998247851928,0.2737067271134785
1666,2025-05-23,2025-06-20,-0.2828496103848651,0.08140194273653191,-3.4747280086464896,0.07191474319371523,-3.9331241109067037,0.0645522977931995,-4.3817125037284566,False,False,0.7982081184782861,0.2745519843413939
1667,2025-05-26,2025-06-23,-0.23386849423862158,0.08340378859130776,-2.8040512090477754,0.05991472684517385,-3.903355761647101,0.06434262982803286,-3.6347363305428573,False,False,0.7798144480798245,0.25063951707914506
1668,2025-05-27,2025-06-24,-0.22797296130152558,0.08406093310833697,-2.711996558588234,0.066408169244653,-3.432905377373904,0.06515698765038684,-3.4988259820230057,False,False,0.7737422955045602,0.28881193008139017
1669,2025-05-28,2025-06-25,-0.21780451228693862,0.08775169571758477,-2.482054739864044,0.06593749337541949,-3.303196726737157,0.0723329152897308,-3.011139692275898,False,False,0.7411848328535128,0.28417368829492345
1670,2025-05-29,2025-06-26,-0.23704360018720733,0.08337451187311369,-2.843118296727903,0.055672663095957024,-4.257809614363886,0.0747440723883713,-3.17140333156488,False,False,0.7796047381439858,0.29337410942610304
1671,2025-05-30,2025-06-27,-0.22935905721542366,0.08149377407054677,-2.8144365607227155,0.05152191837225004,-4.451679294204184,0.0723661264555244,-3.1694256477356952,False,False,0.7979480743300679,0.288026496679146
1672,2025-06-02,2025-06-30,-0.22786950408024897,0.08150575883003668,-2.7957472864638127,0.05064998977421068,-4.498905233664483,0.07158366235741083,-3.18326132773868,False,False,0.7976958293490851,0.2837906896240253
1673,2025-06-03,2025-07-01,-0.2053206793160286,0.0811893158518932,-2.5289125442389206,0.04161899057226311,-4.93334116211997,0.07417077190283777,-2.768215485002564,False,False,0.8012828238383753,0.2698594797540652
1674,2025-06-04,2025-07-02,-0.19569821828145018,0.08165268210238542,-2.3967151261003465,0.03964366577292686,-4.936430939620494,0.07590508949364054,-2.5781962657174144,False,False,0.7967176257257885,0.2614387202350511
1675,2025-06-05,2025-07-03,-0.19258593133069404,0.0785402269764166,-2.4520674149378525,0.03861597107767437,-4.987209332203913,0.07137975409679864,-2.698046999006564,False,False,0.8286075379064324,0.25516827102376505
1676,2025-06-06,2025-07-04,-0.19496930218464512,0.07839896130702247,-2.4868862920404666,0.04035679160049608,-4.831139802061185,0.07122558802285327,-2.737349140902673,False,False,0.830136734128458,0.2556434218693132
1677,2025-06-09,2025-07-07,-0.16790482270603768,0.0839033580338457,-2.0011692814286017,0.04971246791987999,-3.3775193574506215,0.08939783501642042,-1.8781754913326174,False,False,0.7757364974204883,0.2647139087849292
1678,2025-06-10,2025-07-08,-0.17185414891375236,0.0845176328009407,-2.03335260605926,0.04919991065700706,-3.4929768493243567,0.09211057183734803,-1.8657375096662983,False,False,0.7701168542896901,0.2675420757767279
1679,2025-06-11,2025-07-09,-0.1663094201788118,0.08381187055609322,-1.9843182006957476,0.050492519022682654,-3.2937437742827003,0.09043331090371899,-1.8390283239311598,False,False,0.7766439592964675,0.2652532702166836
1680,2025-06-12,2025-07-10,-0.20606559733664645,0.08716793460208955,-2.3640068825458522,0.051012574901451016,-4.039505900941791,0.07985735761186337,-2.580420934263845,False,False,0.7463174583897132,0.2556415461346839
1681,2025-06-13,2025-07-11,-0.17555907664429743,0.10280489735346957,-1.7076917653123116,0.07702900115026083,-2.2791296008348016,0.1252767544543675,-1.4013699301912026,False,False,0.6327426858272259,0.24599236907414374
1682,2025-06-16,2025-07-14,-0.15810775835224036,0.10173570868589009,-1.5541028847638885,0.07932591864848676,-1.9931412210031363,0.1262201062054306,-1.252635282170582,False,False,0.6395049631504557,0.25081561702699773
1683,2025-06-17,2025-07-15,-0.14143990998175318,0.10060092131789483,-1.4059504438812127,0.08437634703699111,-1.6762980971402455,0.12907803319668376,-1.0957705697779956,False,False,0.6468141825105849,0.25424087648787247
1684,2025-06-18,2025-07-16,-0.13588485818268936,0.10037065040425582,-1.3538306032231082,0.08599182966872479,-1.580206616211943,0.1283742173317936,-1.0585058355719816,False,False,0.6483388919332266,0.24686197756652178
1685,2025-06-19,2025-07-17,-0.14877642862748922,0.10277229744420949,-1.4476316315518132,0.09019423206815996,-1.6495115620592964,0.13322140301894486,-1.116760710036452,False,False,0.6330788727625495,0.24671501481351488
1686,2025-06-20,2025-07-18,-0.13834180401238966,0.10279931115479567,-1.3457464107329857,0.10128553990067253,-1.3658593728982145,0.1399160600697321,-0.9887485678444787,False,False,0.6329563425417674,0.251790868754511
1687,2025-06-23,2025-07-21,-0.0725588214583364,0.1116010007501426,-0.6501628208584294,0.12644953113992785,-0.5738164531274023,0.1768790252213401,-0.410217216922916,False,False,0.5830051433831758,0.25105624638920987
1688,2025-06-24,2025-07-22,-0.09457647410942231,0.11726559008553959,-0.8065151425958231,0.1405537300060258,-0.672884839878441,0.19589799175684008,-0.48278429636387543,False,False,0.5546690997214629,0.25312868913787234
1689,2025-06-25,2025-07-23,-0.1174979428760001,0.11726966580196878,-1.0019465995103696,0.14391851710273604,-0.8164199106646183,0.18787418212899198,-0.6254076081370644,False,False,0.5546690997214629,0.21186895242411163
1690,2025-06-26,2025-07-24,-0.11837744338045122,0.11843386095632279,-0.9995236364379578,0.14541567500793698,-0.8140624686712078,0.19068768614405307,-0.6207922796389914,False,False,0.5491997930568968,0.21195970600228323
1691,2025-06-27,2025-07-25,0.043504196276867774,0.14318862611444222,0.30382438506042675,0.10304068588762934,0.422204063395998,0.08732583953189023,0.4981823995059403,False,False,0.4541250183802634,0.18807853365387078
1692,2025-06-30,2025-07-28,0.04828425953246003,0.15393480858248493,0.31366693457501676,0.110581335144168,0.436640229289242,0.09957905630494036,0.48488368261494086,False,False,0.42231574870948296,0.21847102483585157
1693,2025-07-01,2025-07-29,0.0427082326187436,0.15339325945145635,0.2784231378319415,0.10838942203979013,0.3940258358704529,0.10195606012619628,0.41888861305430414,False,False,0.42372808874917095,0.21748648705885143
1694,2025-07-02,2025-07-30,0.10835813390771877,0.16996454358462945,0.6375337562905562,0.08605451041295206,1.259180179954981,0.08861934734589794,1.2227367629415804,False,False,0.38221492482600467,0.22510829611927374
1695,2025-07-03,2025-07-31,0.1395888802041067,0.17064097915080317,0.8180267184282017,0.07316742334402764,1.9078009560042923,0.08757747157958341,1.5938902743642178,False,False,0.3805990192294888,0.22673944001850663
1696,2025-07-04,2025-08-01,0.026300246464447282,0.19139776390236657,0.13741146149368408,0.2111555423224323,0.12455390076518608,0.19406912299185816,0.1355199944174049,False,False,0.33943139042698234,0.25138463317809057
1697,2025-07-07,2025-08-04,-0.07857947061808254,0.18538691339084193,-0.42386740887377194,0.272053275550166,-0.2888385389191635,0.21213245620540844,-0.37042644027085525,False,False,0.3504914669649468,0.2575233266334141
1698,2025-07-08,2025-08-05,-0.10231724565487606,0.1860673234721896,-0.5498936822733886,0.2470100505806712,-0.41422300596412454,0.20405343114005883,-0.501423794166182,False,False,0.3492391834423216,0.2524314663634493
1699,2025-07-09,2025-08-06,-0.11960345769845475,0.1876141374874667,-0.6374970420682967,0.24558102439765808,-0.4870223910491812,0.19839764718331662,-0.6028471576981094,False,False,0.34639440312733744,0.2637396927440651
1700,2025-07-10,2025-08-07,-0.14666958610006717,0.19400778753267447,-0.7559984471003016,0.2642417236007945,-0.5550583916174022,0.2115863531505014,-0.6931901983099121,False,False,0.33494891763373025,0.2625330009876055
1701,2025-07-11,2025-08-08,-0.10040627442244827,0.18497218552833752,-0.5428182304039769,0.2368792008608191,-0.42387121392495347,0.1929333193816287,-0.5204195664297945,False,False,0.351369586156642,0.2648424151754256
1702,2025-07-14,2025-08-11,-0.1515874015869994,0.17594164797765507,-0.8615777067533851,0.2101533476416841,-0.7213180436481037,0.18261528195169374,-0.8300915452798634,True,False,0.3693678456627857,0.2714570083132032
1703,2025-07-15,2025-08-12,-0.16108255634335478,0.18144960999794224,-0.8877536653023479,0.18834842075133537,-0.8552370957015987,0.1840549080313187,-0.8751875082621815,True,False,0.3581649323918514,0.2783751874421995
1704,2025-07-16,2025-08-13,-0.23893395104633108,0.18448245326697,-1.2951581400566194,0.14660697939228384,-1.6297583650980436,0.16204490018365963,-1.47449225971028,True,False,0.3521919505074098,0.27400435289271774
1705,2025-07-17,2025-08-14,-0.2059848530231675,0.18355878996175426,-1.1221737355431787,0.16564784407321578,-1.2435106184184497,0.17842725987216418,-1.1544472137875523,True,False,0.3539967961648612,0.2899479812112893
1706,2025-07-18,2025-08-15,-0.1738506116177173,0.17834533873040606,-0.9747976193564377,0.15093492002045486,-1.151824982543184,0.16916369808963228,-1.0277063789750072,True,False,0.36439677700473067,0.29252407837472344
1707,2025-07-21,2025-08-18,-0.22073360089628782,0.17951558711919785,-1.2296068794835142,0.14023307834467066,-1.5740480313336604,0.17223868248169885,-1.2815564872875858,True,False,0.3619551430469482,0.2909287517908612
1708,2025-07-22,2025-08-19,-0.29945012440206525,0.18247501009638925,-1.6410473096775604,0.1480360083017901,-2.0228195007230836,0.1603451038057885,-1.8675351931217186,True,False,0.3559397551783738,0.28326595370082874
1709,2025-07-23,2025-08-20,-0.22432215238718375,0.15319872290402373,-1.4642560207745177,0.1270034799075948,-1.7662677632959038,0.13326759545450603,-1.6832460405857723,True,False,0.4241138041758516,0.2752695062243633
1710,2025-07-24,2025-08-21,-0.2079494039089143,0.15385812879677802,-1.3515659233291615,0.13024437965986171,-1.596609423393027,0.13443303944959908,-1.546862324621304,True,False,0.4222710715567965,0.27712445119388524
1711,2025-07-25,2025-08-22,-0.1887382753462637,0.15413629556571115,-1.2244894990732478,0.13083857634058038,-1.4425277362768534,0.1325113386361242,-1.424317928479604,True,False,0.42163515071548946,0.31950926167506954
1712,2025-07-28,2025-08-25,-0.16558439803795275,0.15565406180699137,-1.0637974757335587,0.12250184170094229,-1.351689050048617,0.13131800978879274,-1.2609420315177855,True,False,0.4175759603194492,0.3117669891566121
1713,2025-07-29,2025-08-26,-0.13295016919324304,0.1532132090576283,-0.8677461297950904,0.1072069084619582,-1.2401268826851741,0.12366314741344508,-1.075099348302599,True,False,0.4242991194729672,0.29018651745002944
1714,2025-07-30,2025-08-27,-0.10898071912727762,0.15458996765191074,-0.7049663104443415,0.09705565048781221,-1.1228683603636544,0.1241256795612504,-0.8779868880677554,True,False,0.42053991504549537,0.2850319271323407
1715,2025-07-31,2025-08-28,-0.15473231631557471,0.14620679459143052,-1.0583113920797487,0.08228628288742913,-1.8804144613902976,0.12795335212799247,-1.2092869295115856,True,False,0.44457294987417173,0.2832738461952944
1716,2025-08-01,2025-08-29,-0.16436405129185375,0.14511269474378022,-1.1326648683774008,0.08602715366487436,-1.9106066432483286,0.1250205962997195,-1.314695787387014,True,False,0.4478755761083195,0.2745035207704528
1717,2025-08-04,2025-09-01,-0.1259597077014953,0.14866400114484296,-0.8472777991409842,0.07644477704532147,-1.6477215654225552,0.12346409505866518,-1.0202132663884533,True,False,0.43727737885388596,0.2620227893570628
1718,2025-08-05,2025-09-02,-0.03311148458763038,0.1540809345226022,-0.21489670146550963,0.06660853444620081,-0.49710573671868225,0.1505840021862012,-0.21988713347309718,True,False,0.4219805547659856,0.276044961352185
1719,2025-08-06,2025-09-03,-0.04437136109773902,0.156570775923793,-0.28339491093367064,0.06451395376922019,-0.6877792865782897,0.15348485688054989,-0.2890927613287035,True,False,0.4152501466281108,0.2774408646412854
1720,2025-08-07,2025-09-04,-0.04895613788443152,0.15647069401461325,-0.3128773614301178,0.06592381352465373,-0.7426168977030316,0.1555563468724675,-0.31471642828285296,True,False,0.4155150992742617,0.2718893781811709
1721,2025-08-08,2025-09-05,-0.01828394934067643,0.15623616403877225,-0.11702763859549832,0.07868072135249306,-0.23238156725538317,0.15909471869008085,-0.11492492957163378,True,False,0.41615029737518716,0.2961101209862402
1722,2025-08-11,2025-09-08,-0.03290772016974741,0.16254541514208376,-0.2024524662290979,0.08761049961093124,-0.375613885503302,0.1711125627727541,-0.1923162135877217,True,False,0.3999678274455733,0.29469099696814327
1723,2025-08-12,2025-09-09,0.03545408419869259,0.17116044545752296,0.20713947141187627,0.10226784430677734,0.3466787086304412,0.17870794247161012,0.19839120583196737,True,False,0.37979400787130047,0.28674450819202946
1724,2025-08-13,2025-09-10,-0.005396777639475102,0.17021615810146404,-0.031705436779146084,0.09191901775725521,-0.058712307541484064,0.1699933022589142,-0.0317470016039535,True,False,0.38191863839539786,0.27702318587887026
1725,2025-08-14,2025-09-11,0.02112392805698141,0.17314765847284602,0.12199950171601183,0.0996726813919358,0.2119329766389778,0.183698956900425,0.11499209583662331,True,False,0.37544168773789593,0.27749655910050613
1726,2025-08-15,2025-09-12,-0.02224621382066087,0.167788591523647,-0.1325847819488111,0.08778635900576015,-0.25341310509530496,0.16641280110937293,-0.13368090478832695,True,False,0.38744442236420756,0.2603133827867115
1727,2025-08-18,2025-09-15,-0.010362665169154793,0.17227312516790572,-0.06015253487190668,0.10283719815774194,-0.10076767312601716,0.17913041621261602,-0.057849835824949965,True,False,0.377335338288841,0.26959697210238354
1728,2025-08-19,2025-09-16,-0.10726643267607713,0.1437169308636651,-0.74637297103035,0.09047988691308512,-1.1855279259921838,0.17269303701129096,-0.6211393031964796,True,False,0.4523141771774516,0.27392688480215516
1729,2025-08-20,2025-09-17,-0.07732787744333057,0.14838166464674277,-0.52114173019576,0.10260585213796763,-0.7536400296091555,0.18837570952865962,-0.41049813501334603,True,False,0.4380652860796578,0.27111134690362354
1730,2025-08-21,2025-09-18,-0.2227089818735088,0.1436925739847695,-1.5498990358201428,0.12085801009744908,-1.8427324899188413,0.1800155862524863,-1.237164995041827,True,False,0.4522307457560397,0.290335939776534
1731,2025-08-22,2025-09-19,-0.23932880448780092,0.14158459851261046,-1.6903590291742412,0.11654946523528979,-2.053452617776019,0.16494623955914978,-1.4509503528389172,True,False,0.4589121446910194,0.2843483891487807
1732,2025-08-25,2025-09-22,-0.26265216614395126,0.1413536328244488,-1.8581210889015258,0.1035206582413995,-2.537195672881769,0.15301521412465036,-1.7165101368938886,True,False,0.4596515677801721,0.24687239119860452
1733,2025-08-26,2025-09-23,-0.26170594509934086,0.14134971651403727,-1.8514783867525562,0.10516227622039633,-2.488591484563005,0.15297651264367837,-1.7107589954604423,True,False,0.45965156778017213,0.24667515429227382
1734,2025-08-27,2025-09-24,-0.2730078930817986,0.14368966950867426,-1.8999827476485196,0.10300205588266477,-2.6505091645238297,0.15436280923389567,-1.7686118465758678,True,False,0.4521472989396406,0.26805670148310284
1735,2025-08-28,2025-09-25,-0.26267031966964227,0.14333031323666862,-1.8326222397624856,0.1054273760394557,-2.491481145953392,0.15945659104943952,-1.6472841789788504,True,False,0.4533141565178908,0.27457030515652875
1736,2025-08-29,2025-09-26,-0.20521448939647596,0.15353670359929428,-1.3365826189160102,0.14891516101614724,-1.3780631065108544,0.22595545601336636,-0.9082077194203114,True,False,0.4232825957345395,0.26124559167472416
1737,2025-09-01,2025-09-29,-0.22889290120999486,0.1520993217030985,-1.504891005738995,0.13373578065314642,-1.7115307518460257,0.19853833249191005,-1.1528902169021777,True,False,0.42724587314353435,0.26782755333904834
1738,2025-09-02,2025-09-30,-0.2284889272712233,0.15206120614794183,-1.502611567140433,0.13362831505820003,-1.7098840703911293,0.19850847468627913,-1.1510285776580822,True,False,0.42735380440031323,0.2678693407740738
1739,2025-09-03,2025-10-01,-0.30114849424114865,0.15676418519785054,-1.9210286702990997,0.07654489840886122,-3.934272570754189,0.13563363566664668,-2.2203083531676153,True,False,0.4143530996396986,0.2520090437284357
1740,2025-09-04,2025-10-02,-0.31269175780330827,0.1553928627432985,-2.0122658935749187,0.0701598376628198,-4.456848365386324,0.12426351905692279,-2.5163600723400568,True,False,0.41797989177359496,0.25606367917599177
1741,2025-09-05,2025-10-03,-0.22220708739561235,0.1409754221905903,-1.5762115405847248,0.11233232685056846,-1.978122359124691,0.17132109066442755,-1.297021204650494,True,False,0.4610040965062154,0.25803228748460244
1742,2025-09-08,2025-10-06,-0.2061605308710623,0.13680863450322706,-1.5069263107526985,0.12680870017588414,-1.6257601456770463,0.1781709230134078,-1.1570941396287664,True,False,0.475096737285599,0.23363000898787642
1743,2025-09-09,2025-10-07,-0.1848862035392293,0.13363734194976698,-1.3834920752069904,0.13691600387489422,-1.350362253547565,0.18013895477448696,-1.0263532602966712,True,False,0.4864337224764991,0.2365258096694823
1744,2025-09-10,2025-10-08,-0.13724848781279744,0.12361062380528713,-1.1103292224217947,0.1451159422482982,-0.9457850439199899,0.1700956252554003,-0.80689016902532,True,False,0.5260859812660628,0.2414462088382958
1745,2025-09-11,2025-10-09,-0.14040417317649745,0.12491695746710395,-1.1239800906411923,0.14569814710441978,-0.9636647820639187,0.17599594790547846,-0.7977693512120168,True,False,0.5205338265651419,0.24640136918113922
1746,2025-09-12,2025-10-10,-0.14526553044512056,0.12129139391307274,-1.1976573585198438,0.1343730009821528,-1.0810618902856421,0.16405038933288138,-0.8854933599112423,True,False,0.5361038824374127,0.24303125182150326
1747,2025-09-15,2025-10-13,-0.14388685224344136,0.12374182507227331,-1.1627988528486795,0.13772555928436814,-1.0447360169825248,0.17316126140200214,-0.8309413495747248,True,False,0.5254879295593615,0.24301155676948646
1748,2025-09-16,2025-10-14,-0.17541385258625827,0.1176906613198867,-1.4904653488986541,0.13707922838235972,-1.279653049234932,0.15147969543009027,-1.158002411400503,True,False,0.5524138799528984,0.21938928900155336
1749,2025-09-17,2025-10-15,-0.04916286497959729,0.12548262226699072,-0.391790226339014,0.10425498255303439,-0.4715636967718852,0.1394088987385632,-0.35265227273470956,True,False,0.5182271437013697,0.2108578309314588
1750,2025-09-18,2025-10-16,-0.029660395004238897,0.12384743892706047,-0.23949138763949157,0.10085803149143571,-0.29408064549383445,0.13145906573250496,-0.22562456867442182,True,False,0.5251267755987654,0.21656214305150467
1751,2025-09-19,2025-10-17,0.068491731719967,0.13689426599320495,0.5003257895649679,0.040864385184108974,1.6760739556312116,0.08686041410723576,0.7885264239634959,True,False,0.4750062743984576,0.20011688225798016
1752,2025-09-22,2025-10-20,0.0747084202088982,0.13016090791415993,0.5739697226003356,0.03459894577498742,2.1592686868195585,0.07403081576032555,1.0091530052939899,True,False,0.49964835896466575,0.2009400616207296
1753,2025-09-23,2025-10-21,0.08169289529034665,0.1304383702376656,0.6262949708854678,0.03515510851403994,2.323784472396689,0.07635638290910877,1.0698895387382379,True,False,0.49855631272484263,0.20511631078465403
1754,2025-09-24,2025-10-22,0.07904811287552298,0.13008289120774616,0.6076749381998348,0.03673459642624135,2.151871003516864,0.07853336036152772,1.0065545713519146,True,False,0.49990003085108936,0.19991429819519968
1755,2025-09-25,2025-10-23,0.08168158699596902,0.12994739463520935,0.6285742567233997,0.033486714013935825,2.4392237160677044,0.07241617087123077,1.1279467833395094,True,False,0.5004721129249096,0.1766725584461452
1756,2025-09-26,2025-10-24,0.06564465835219717,0.12432739890625454,0.5279983248237552,0.037408468589076815,1.7548074227065593,0.06475480591211547,1.013741874870097,True,False,0.5231950751953048,0.16498467003069384
1757,2025-09-29,2025-10-27,0.06727219917596951,0.1239735776499164,0.542633361488821,0.03758498350853819,1.7898690619536193,0.06420120432708876,1.047833913414378,True,False,0.5246914645786632,0.16580381299504712
1758,2025-09-30,2025-10-28,0.08756347352092368,0.1243386280590424,0.7042338723517524,0.030955678229326978,2.8286724287619474,0.06362955183878174,1.376144747063178,True,False,0.5231069189863393,0.15694768509124662
1759,2025-10-01,2025-10-29,0.08138659563682266,0.1237488060654236,0.657675804918838,0.030988359589801912,2.626360243464017,0.06220874541887731,1.3082822212345373,True,False,0.5256255417064182,0.15869757822240413
1760,2025-10-02,2025-10-30,0.08273690195430808,0.1245787451274074,0.6641333709830884,0.035025307406974356,2.3622034488648977,0.07003993661721819,1.1812817936498323,True,False,0.5220398521283645,0.2065894241442169
1761,2025-10-03,2025-10-31,0.0905443051109433,0.12372777862183401,0.7318025597767025,0.04532132655444892,1.9978299841281921,0.06530539943528027,1.386475021880474,True,False,0.5256494705762094,0.20235563972488488
1762,2025-10-06,2025-11-03,0.05940591917492626,0.1359446355618462,0.4369861225447203,0.03908359298718546,1.519970776340957,0.06794837593624543,0.8742801922251331,True,False,0.47829598922013355,0.18845885384179228
1763,2025-10-07,2025-11-04,0.07652590802882989,0.13230448241348805,0.5784075235611843,0.03616258850067392,2.1161623435060175,0.07005708490052538,1.0923364587249047,True,False,0.4914479173891014,0.19550689239195107
1764,2025-10-08,2025-11-05,0.07231665676309304,0.13411193866583895,0.5392260933851788,0.03660207364640807,1.9757529986334477,0.07103567380916696,1.0180329528142065,True,False,0.484834398840756,0.19379140668987088
1765,2025-10-09,2025-11-06,0.07219011147995048,0.14372526992984022,0.5022784894764173,0.04782423556332842,1.5094880373855009,0.08356636344125626,0.8638656572712679,True,False,0.4523697895764948,0.19268546344978274
1766,2025-10-10,2025-11-07,0.04417140393108225,0.14201116243180778,0.3110417742851227,0.039406986002221416,1.1209028756625097,0.07575374966213767,0.5830919806357714,True,False,0.4579083671337354,0.19538021760203264
1767,2025-10-13,2025-11-10,0.05838895671340028,0.14960617932890571,0.39028439183005614,0.04022983484988566,1.4513844496571735,0.08792990890475184,0.664039772594884,True,False,0.43460855081393185,0.1962466177281055
1768,2025-10-14,2025-11-11,0.058760377778033855,0.14976375128177408,0.392353805744881,0.04052281924009393,1.450056508405402,0.0883168245136495,0.6653361701082487,True,False,0.4341500799396386,0.1962466177281055
1769,2025-10-15,2025-11-12,0.033480856558105336,0.16608011696434385,0.20159461090272127,0.10056071292737649,0.33294171832577135,0.12372926705363248,0.2705977118864893,True,False,0.39144120056911236,0.20139809646431217
1770,2025-10-16,2025-11-13,-0.059775825796102924,0.16791721462216566,-0.3559839051082753,0.11501981212163044,-0.5197002559254014,0.122919141005813,-0.48630201372198045,True,False,0.38714401591586073,0.19919887787837975
1771,2025-10-17,2025-11-14,-0.06393924640626353,0.1694909527647608,-0.37724282838273865,0.09743513299367676,-0.6562237300010971,0.11734765948103643,-0.5448702316606171,True,False,0.3835371828529993,0.19885682420916098
1772,2025-10-20,2025-11-17,-0.06899705287338725,0.1699453697076605,-0.40599548544379743,0.10494498317961652,-0.6574592780228161,0.121770764965057,-0.5666142681553036,True,False,0.3825027610488315,0.20030397605045042
1773,2025-10-21,2025-11-18,-0.088821547601177,0.19092148379129137,-0.4652255253697566,0.11863250248684212,-0.7487117420542355,0.1460222229220401,-0.6082741778872796,True,False,0.34041503261781014,0.19981228764137107
1774,2025-10-22,2025-11-19,-0.05818525542154093,0.18059433017976723,-0.32218760890013637,0.10113855210693706,-0.5753024362067175,0.13207359741696406,-0.44055175719827394,True,False,0.35991944412328686,0.2004525600343378
1775,2025-10-23,2025-11-20,-0.07508672341552375,0.17883915581801155,-0.4198561722799269,0.09948146796040283,-0.7547810155496594,0.13230975184574917,-0.5675070988196107,True,False,0.3634405499183974,0.20247648475857077
1776,2025-10-24,2025-11-21,-0.07540881623480845,0.1792333874058285,-0.4207297386176401,0.10276267978320681,-0.7338151982207411,0.13392499777352118,-0.5630675190477235,True,False,0.3626321333312427,0.20397915219618093
1777,2025-10-27,2025-11-24,-0.08805248116528958,0.19924851427381773,-0.4419228995819926,0.11803347868529096,-0.7459958153064454,0.1630383836730614,-0.5400720933412834,True,False,0.3261591365236909,0.20364410574311423
1778,2025-10-28,2025-11-25,-0.07380925721586662,0.19981761258889047,-0.36938314025262403,0.12226105459630404,-0.60370211478691,0.16580062450976177,-0.4451687527360368,True,False,0.32524195846230014,0.20972042121854348
1779,2025-10-29,2025-11-26,-0.03454676417654567,0.19669016222402025,-0.17564052917501097,0.14264142509764705,-0.24219306665575047,0.16989583150430398,-0.20334085816384784,True,False,0.33043736051868566,0.22080314032507803
1780,2025-10-30,2025-11-27,-0.025165277929688402,0.197637653764826,-0.12733038188984575,0.1464517266092351,-0.17183326214264996,0.17228855586321598,-0.14606470989093276,True,False,0.328847517764292,0.2194299264121544
1781,2025-10-31,2025-11-28,0.020118865649716645,0.1923444549761371,0.10459810579001437,0.13199264858710835,0.15242413774612024,0.1634069296444058,0.12312125130493454,True,False,0.3379210933683457,0.17547397610802795
1782,2025-11-03,2025-12-01,0.06979346192106935,0.20715837496508394,0.3369087150487296,0.15402613627383097,0.4531273951908333,0.17372170532773695,0.40175441398873896,True,False,0.3137163757204892,0.17438758713387104
1783,2025-11-04,2025-12-02,0.01895713675166027,0.19492340973773334,0.09725428452727576,0.13924473186478223,0.13614257787554337,0.16963040037392776,0.11175553857016061,True,False,0.3334434652361028,0.1767884134042858
1784,2025-11-05,2025-12-03,-0.06063457510194983,0.21469731697758582,-0.28241887674954047,0.12754418705589335,-0.47540053766133694,0.1799994144290584,-0.33685984642937383,True,False,0.30266652498987484,0.17472062223679571
1785,2025-11-06,2025-12-04,-0.05897787368743716,0.21469395135217675,-0.2747067316800735,0.1260777030176458,-0.46778988096874385,0.1800524350357434,-0.32755943387118913,True,False,0.3026665249898749,0.17417455274776486
1786,2025-11-07,2025-12-05,-0.08392004744194861,0.2206754351193153,-0.38028721863208076,0.14014922659473072,-0.5987906567948468,0.1895219984805054,-0.44279845144510116,True,False,0.2944585412656231,0.1735521311818801
1787,2025-11-10,2025-12-08,-0.030241706361276235,0.21476768962035644,-0.14081124779399692,0.12749913633132431,-0.23719146051851628,0.17535294714757918,-0.17246192238687866,True,False,0.3025937915083518,0.16808028021536517
1788,2025-11-11,2025-12-09,-0.028028408792749482,0.2124056320788314,-0.13195699435289515,0.12709520302299088,-0.22053081568845115,0.17189952878055909,-0.16305110893311153,True,False,0.30596274646502114,0.16812637095617475
1789,2025-11-12,2025-12-10,-0.028664222525634397,0.212848874751526,-0.13466936369335394,0.1284506741693486,-0.22315353898293797,0.17313706641812773,-0.1655579773796676,True,False,0.3053248875701454,0.16808485421642105
1790,2025-11-13,2025-12-11,-0.17899212899199493,0.2004823420616538,-0.8928074520246275,0.18584154409653103,-0.963143789308066,0.27514136789267196,-0.6505460460668232,True,False,0.3240894102151496,0.20381197847941668
1791,2025-11-14,2025-12-12,-0.17015845972926286,0.20372865312144633,-0.8352210507563133,0.23531782377943838,-0.7231006006954709,0.31833058557287813,-0.5345338068066571,True,False,0.3189549248093248,0.20281611584592357
1792,2025-11-17,2025-12-15,-0.2301158363739085,0.20201744686648002,-1.139088924958049,0.21396230263462146,-1.0754971017809247,0.2883936968347207,-0.7979225582929039,True,False,0.3215927188704293,0.20011192456345264
1793,2025-11-18,2025-12-16,-0.21171669412338762,0.19470368353459014,-1.087378986775949,0.20044371000478595,-1.0562401490090785,0.27122826535309347,-0.7805849211466518,True,False,0.3336854222749775,0.19663547536169462
1794,2025-11-19,2025-12-17,-0.2522848518752699,0.19089149459841576,-1.3216138959255843,0.19562808013838692,-1.289614720426659,0.26335680403109407,-0.9579583592056465,True,False,0.34032264819576075,0.2034719309095385
1795,2025-11-20,2025-12-18,-0.3870036411491048,0.21037987418467374,-1.8395468798949313,0.12611687573317404,-3.0686110712724117,0.2353828329308762,-1.6441455663113478,True,False,0.3086130939479661,0.19345233773574444
1796,2025-11-21,2025-12-19,-0.37777004705022066,0.2115709502094453,-1.7855478111538756,0.13423084877065486,-2.8143310610787675,0.24010356628526605,-1.5733629154070692,True,False,0.3068828961032654,0.19040692055619457
1797,2025-11-24,2025-12-22,-0.3619407161954844,0.19251061359758193,-1.880107851882254,0.11321214996074223,-3.197013008948174,0.18208428759615983,-1.9877646829045659,True,False,0.3372317936077652,0.18524852418398496
1798,2025-11-25,2025-12-23,-0.3497322338608393,0.17239597386755962,-2.028656621235919,0.09808447784862864,-3.5656226299187974,0.13420727158762713,-2.605911212735524,True,False,0.3765177815998921,0.18656048268370876
1799,2025-11-26,2025-12-24,-0.3694776793521729,0.1697454931403987,-2.1766567849113563,0.08768414977542173,-4.213733956461755,0.12387233368726183,-2.982729624558348,True,False,0.38233556828653475,0.1862435213080452
1800,2025-11-27,2025-12-25,-0.40479201728219516,0.17272161181868337,-2.3436095403459443,0.07249914953547042,-5.583403665778858,0.11683859418130024,-3.464540292688503,True,False,0.375715184829807,0.17909478997507347
1801,2025-11-28,2025-12-26,-0.3998637627513653,0.1724981202975084,-2.318076058230189,0.07401098597211081,-5.4027622723745905,0.11675142024485641,-3.4249156191226864,True,False,0.37621700846047745,0.17979462118315273
1802,2025-12-01,2025-12-29,-0.4181050714022943,0.17616469894856193,-2.3733760162947073,0.06943927452107895,-6.021161284963807,0.11630463342853362,-3.59491328141462,True,False,0.3683818438312534,0.18222426202812828
1803,2025-12-02,2025-12-30,-0.40937329041896625,0.17437129572633975,-2.347710319601233,0.07166776571709821,-5.712097849330604,0.11571964277055137,-3.537630091294618,True,False,0.372186290757041,0.18228778151947728
1804,2025-12-03,2025-12-31,-0.41774664462839545,0.18264434794810186,-2.287213644011024,0.07567469949643241,-5.520294727408724,0.12754607670490598,-3.2752606385134473,True,False,0.3553355653587807,0.1871081898334917
1805,2025-12-04,2026-01-01,-0.43152868977713865,0.18302459692886694,-2.3577633663351465,0.0652688073567861,-6.611560824426064,0.12917404420193418,-3.3406764682736254,True,False,0.35460326705006806,0.17547121172751476
1806,2025-12-05,2026-01-02,-0.38256280552331273,0.1733579590948658,-2.2067795878582355,0.08619100927247068,-4.43854653463842,0.13151224494904995,-2.908951981403131,True,False,0.37446887991908356,0.17628523206822866
1807,2025-12-08,2026-01-05,-0.381957214858026,0.17294788353624882,-2.2085104891033263,0.08783293336407996,-4.348678795398523,0.1309492922650468,-2.9168329836019935,True,False,0.3753579242992884,0.17633062602544092
1808,2025-12-09,2026-01-06,-0.39830425093972416,0.1603807729245466,-2.4834912793886583,0.08649055752679115,-4.605176129386681,0.10720782953668016,-3.715253378984303,True,False,0.4047040525599008,0.17881359319881865
1809,2025-12-10,2026-01-07,-0.40469526534317835,0.16150807813021797,-2.5057277012292074,0.09268537320903229,-4.366333665512395,0.11065770256786409,-3.657181162739097,True,False,0.4018737105506083,0.18032083074039992
1810,2025-12-11,2026-01-08,-0.3907782444401303,0.16078594831557905,-2.4304253483217266,0.10023479212575041,-3.898628771034674,0.11485492921997321,-3.402363721731972,True,False,0.4037316567886301,0.18626075300581524
1811,2025-12-12,2026-01-09,-0.2892946530264554,0.17568776413762013,-1.6466408713576914,0.08634553029435892,-3.350429976400938,0.07859105871800916,-3.6810122900172035,True,False,0.36974506863494533,0.1380713753353
1812,2025-12-15,2026-01-12,-0.2983240827607892,0.17556595927467028,-1.699213697195512,0.07636092609177829,-3.9067635508012715,0.07827271144931253,-3.8113421298044146,True,False,0.3699887825018394,0.14125853632414107
1813,2025-12-16,2026-01-13,-0.2853667594709005,0.18030873214512882,-1.582656347676004,0.08783186847231587,-3.2490115994839224,0.08623463205827904,-3.3091897380398643,True,False,0.3602774672978773,0.13938828275881357
1814,2025-12-17,2026-01-14,-0.3228177243779802,0.18740601509040067,-1.7225579671082585,0.10022102422207373,-3.2210579255572944,0.08912010986470188,-3.6222770019927872,True,False,0.34657591034629237,0.14329286971053945
1815,2025-12-18,2026-01-15,-0.298083021964617,0.19512241184056228,-1.5276718812198034,0.09332298285513645,-3.1941008832446536,0.0907284185788512,-3.2854427161160746,True,False,0.3329055031575286,0.13462192906396908
1816,2025-12-19,2026-01-16,-0.2946151573317038,0.18678070938527344,-1.5773318256544349,0.08827940305643717,-3.3373034607331435,0.08323397802379848,-3.5396020270407678,True,False,0.3477805238124226,0.13444204048833525
1817,2025-12-22,2026-01-19,-0.2708552951086851,0.17928986993515394,-1.5107116492786168,0.07870500131310777,-3.4413987750429786,0.079944099908883,-3.3880585986632514,True,False,0.3623487614221291,0.13276836981799592
1818,2025-12-23,2026-01-20,-0.36608539497095477,0.16312180432253195,-2.2442456205738983,0.0914855493046503,-4.001565249959605,0.12963009744710585,-2.824077140884137,True,False,0.39802121919373173,0.17405827666565316
1819,2025-12-24,2026-01-21,-0.3110670433330791,0.16443167144031795,-1.8917708529526434,0.07408319436823183,-4.198888101219217,0.15907463335950384,-1.9554786125458297,True,False,0.3950077059432087,0.16763730056484868
1820,2025-12-25,2026-01-22,-0.28838519534041623,0.16684313451375682,-1.7284810440709972,0.08033846902093598,-3.5896277195083695,0.17828096335170598,-1.6175882714493794,True,False,0.38935238236422354,0.16267012714558807
1821,2025-12-26,2026-01-23,-0.2804485058632308,0.1668976966232972,-1.6803617517635834,0.07626608292570582,-3.6772375754033173,0.17785517475202436,-1.5768363571892006,True,False,0.3892339137786639,0.17092747216802423
1822,2025-12-29,2026-01-26,-0.3499889013407265,0.09904495817602449,-3.5336367220098164,0.028553140031392067,-12.257457532024134,0.07791611919275035,-4.491867728613606,True,False,0.6550793768203389,0.2273749317785452
1823,2025-12-30,2026-01-27,-0.3682727452826029,0.09196707419758993,-4.004397753171687,0.02493891949625757,-14.766988815929547,0.04146044046641307,-8.882509233854838,True,False,0.7048569424466719,0.2446702829929464
1824,2025-12-31,2026-01-28,-0.3631933542701789,0.0920093324562864,-3.947353432248103,0.026094163062744733,-13.918566899304727,0.050252158647866134,-7.227417966563338,True,False,0.7046368243048133,0.24647942014563387
1825,2026-01-01,2026-01-29,-0.34939639734421,0.09147325980475247,-3.819656127812526,0.02803932648567184,-12.460941154301706,0.05565377848461009,-6.278035505546644,True,False,0.7088073800373732,0.2374570795391912
1826,2026-01-02,2026-01-30,-0.3683082513365039,0.08965972191332827,-4.107845122389939,0.03315976960049273,-11.107081133972388,0.051642886498940326,-7.1318293051659944,True,False,0.7230062237094472,0.2593896467168803
1827,2026-01-05,2026-02-02,-0.4022225804414057,0.08921711311784376,-4.50835682062615,0.03721009514398393,-10.809501531372366,0.04774328084717607,-8.424695021041822,True,False,0.7261568572808365,0.27814788050776745
1828,2026-01-06,2026-02-03,-0.33636117121924874,0.0840276880693245,-4.002980195548688,0.053059010720389224,-6.339378866142217,0.09315282943186073,-3.6108529743080924,True,False,0.7720430381007881,0.28409057258912734
1829,2026-01-07,2026-02-04,-0.3322049981118133,0.08729258654227438,-3.8056496120771013,0.0657491585845037,-5.052612159056741,0.11168561038376439,-2.9744655284626136,True,False,0.7432819044843904,0.2887057349466381
1830,2026-01-08,2026-02-05,-0.320556352774339,0.08708633371911695,-3.6809030657811626,0.07518480033420265,-4.263579225447691,0.11974665460139204,-2.6769545574479254,True,False,0.7452591635205377,0.2931186049274167
1831,2026-01-09,2026-02-06,-0.3141221925272465,0.08681211033262451,-3.6184144277068393,0.0740866583785984,-4.239929285540401,0.11403172501871207,-2.7546912271624455,True,False,0.747562160139275,0.2900431773433836
1832,2026-01-12,2026-02-09,-0.3238738418127154,0.08624127973291557,-3.7554387274369607,0.06104266513513506,-5.305696287927957,0.10394007764468732,-3.115966902775058,True,False,0.7519964799037836,0.30173871400968283
1833,2026-01-13,2026-02-10,-0.319983784648158,0.0858118402010783,-3.728900159912165,0.061773421653729864,-5.1799588897928155,0.10201815871699353,-3.1365375406923235,True,False,0.7559071701838315,0.3011167319778538
1834,2026-01-14,2026-02-11,-0.31637799538351824,0.0855653038207208,-3.697503325020661,0.060013725692298514,-5.2717606136577295,0.09945686432236799,-3.1810574115633403,True,False,0.7580506256757005,0.29715913699950924
1835,2026-01-15,2026-02-12,-0.31636680273401113,0.08558637937982973,-3.696462042517127,0.06242327329508784,-5.0680905699782715,0.10268657800073058,-3.0808973177756522,True,False,0.7579884014623887,0.2992919991832738
1836,2026-01-16,2026-02-13,-0.3152961237448673,0.08521791230690053,-3.6998808725725634,0.06138316441388374,-5.136524432317359,0.10054375901087742,-3.1359094472562608,True,False,0.7612668846616627,0.2984708464506202
1837,2026-01-19,2026-02-16,-0.3063949282571354,0.0837533935329372,-3.6582986710459826,0.06054681244490062,-5.060463398233619,0.09723608120834924,-3.151041511027355,True,False,0.7746980965289988,0.29676118485523323
1838,2026-01-20,2026-02-17,-0.31635291033957336,0.08401317850263185,-3.7655153153104797,0.06032301304630255,-5.244315467079673,0.09507772629677709,-3.327308326159425,True,False,0.7722615877863219,0.3024149366591851
1839,2026-01-21,2026-02-18,-0.2991287732905968,0.08596293227135195,-3.4797413883737955,0.06965831389916015,-4.29422931085622,0.1131116971414609,-2.644543233371323,True,False,0.7553550920878338,0.28735857545628324
1840,2026-01-22,2026-02-19,-0.30601586874256964,0.08779639165249044,-3.485517604798843,0.07893710196432659,-3.87670513772934,0.1251990324022682,-2.444235094080692,True,False,0.739582263055794,0.3000326543922515
1841,2026-01-23,2026-02-20,-0.31038632629501356,0.0881477375775813,-3.5212058167894984,0.07908498694942566,-3.924718688940337,0.12354532295145162,-2.512327612895415,True,False,0.736537451053813,0.3016685251891447
1842,2026-01-26,2026-02-23,-0.3178243208202278,0.08849736072544735,-3.5913423656355175,0.08532911623776952,-3.72468783029008,0.12560413749886049,-2.530365059217187,True,False,0.7335643070507253,0.2980832449350213
1843,2026-01-27,2026-02-24,-0.23560325802309187,0.1220912990333559,-1.9297301272773253,0.10794404964901892,-2.1826423854687502,0.18947150112592295,-1.2434759666917385,True,False,0.5323426810418279,0.25485975705269936
1844,2026-01-28,2026-02-25,-0.10199736398422662,0.1368213208029508,-0.7454785802800615,0.07261326611832095,-1.4046656959077595,0.16637337900721216,-0.6130630067915199,True,False,0.475264379047092,0.23008960916053342
1845,2026-01-29,2026-02-26,-0.10874364359059467,0.14251650494571963,-0.7630249116199695,0.08276795402854406,-1.3138375216221052,0.18374414359846644,-0.5918210042559542,True,False,0.4562182437192883,0.2310400850868639
1846,2026-01-30,2026-02-27,-0.09706545626895413,0.15303647318598446,-0.6342635467754865,0.09538973901236086,-1.0175670598739779,0.2144914553223721,-0.4525376366301801,True,False,0.4248101702293368,0.23118245986489333
1888,2026-03-31,2026-04-28,0.35666172360899384,0.130917017784649,2.724334312256348,0.08489222393843537,4.201347391577917,0.19320577903507166,1.8460199554602912,False,False,0.4957437926798049,0.33087075959046053
1889,2026-04-01,2026-04-29,0.4140879634725417,0.1343368074761028,3.0824609520827257,0.0835049099936456,4.958845695469311,0.15746743719399459,2.6296736065018904,False,False,0.48289128853058055,0.339613798596649
1890,2026-04-02,2026-04-30,0.2818451543060203,0.13341497373113445,2.112545139603377,0.13490506826311974,2.0892110128605967,0.3543118144265547,0.7954720752458679,False,False,0.4869032386536344,0.3092921359338431
1891,2026-04-03,2026-05-01,0.2548304958512226,0.13445551659010116,1.8952773550236288,0.1371627740436991,1.8578692187286574,0.3798612382680839,0.6708515378222879,False,False,0.48315168919042484,0.29903311125373777
1892,2026-04-06,2026-05-04,0.3011326488610703,0.1330416115609376,2.263447092439505,0.11944505054837848,2.5210977556504393,0.3176695273754808,0.9479431387359223,False,False,0.48813732767804857,0.31172019355811054
1893,2026-04-07,2026-05-05,0.3143344950723122,0.13285408098356286,2.366013093050583,0.12480698988137826,2.518564828549016,0.28820077166322455,1.0906788807617285,False,False,0.488781082126506,0.31146922297755075
1894,2026-04-08,2026-05-06,0.3078444764951816,0.1328444687024809,2.3173300288823584,0.1213090519068075,2.537687597555993,0.28271679965204183,1.0888793197788955,False,False,0.48878108212650595,0.3217514629258935
1895,2026-04-09,2026-05-07,0.040392173102664075,0.20853326807151273,0.19369654288836208,0.08657388803431952,0.46656300207577434,0.1949172264486951,0.20722731304252295,False,False,0.31164136952291277,0.23399948752099775
1896,2026-04-10,2026-05-08,0.03091163848383258,0.20709788785093444,0.14926100311598664,0.08166470857456047,0.3785189345971893,0.19307761496664144,0.16009954592184739,False,False,0.31381325280146255,0.23342207474515483
1897,2026-04-13,2026-05-11,0.014841071184525535,0.20183058569642467,0.07353231985784421,0.07774960391333223,0.19088291692223835,0.18533642352208135,0.08007638705058609,False,False,0.3220161459384424,0.2336643645981667
1898,2026-04-14,2026-05-12,0.1004193742160108,0.18812064272284962,0.533803057243189,0.09080400864057978,1.1058914217486866,0.17608042626007145,0.5703040158915279,False,False,0.3454945381646033,0.2499364237490339
1899,2026-04-15,2026-05-13,0.07126096718155354,0.1885393795030575,0.37796330596493727,0.09246810049598722,0.7706546019580667,0.16900456206227182,0.42165114546018323,False,False,0.3447352553165441,0.22058227734371139
1900,2026-04-16,2026-05-14,0.09203048440727478,0.194009453434325,0.47436082509468247,0.09823355974730724,0.936853806825396,0.17124166318534018,0.5374304517684305,False,False,0.3349927251210652,0.223345816154271
1901,2026-04-17,2026-05-15,0.17399843825377564,0.18338726927448687,0.9488032563118741,0.13043494834444658,1.3339863315948777,0.16923536679071632,1.0281446576645503,False,False,0.35432826499622316,0.24876104921052813
1902,2026-04-20,2026-05-18,0.13589368394391507,0.18214215023015728,0.7460858662983718,0.11873113280132258,1.1445497127641429,0.16421856617903213,0.8275171748592842,False,False,0.35678390202905025,0.24623074455817928
1903,2026-04-21,2026-05-19,0.2029680397521404,0.1864086191397043,1.0888339857290912,0.11408385748385565,1.7791127003297817,0.15753265657283821,1.2884188216447316,False,False,0.3485391872140068,0.2536140865678032
1904,2026-04-22,2026-05-20,0.26992483356306946,0.184310209801122,1.4645137339615044,0.11300558961460791,2.388597187834831,0.15237197723020918,1.7714860597710635,False,False,0.3524596979426741,0.25973810566577593
1905,2026-04-23,2026-05-21,0.2580957995092283,0.1838710405890075,1.4036783534941186,0.11060053549899782,2.333585441921906,0.15393627210565708,1.6766405732631964,False,False,0.3533151262301814,0.2605220605021155
1906,2026-04-24,2026-05-22,0.2871363939293208,0.19303277997496374,1.4875006927142749,0.12213923524533937,2.350893988754342,0.1796520136201433,1.5982920989488196,False,False,0.3365099355306261,0.26092776226731723
1907,2026-04-27,2026-05-25,0.28649531578528165,0.19309838792151807,1.4836753370604179,0.12079093045322709,2.3718280396574887,0.1779016410367461,1.6104141261187421,False,False,0.3363977842408822,0.2609652898051159
1908,2026-04-28,2026-05-26,0.260690019783075,0.18826989086589566,1.3846612359740733,0.11659821798651968,2.2357976329725235,0.17279271133485788,1.5086864357251704,False,False,0.34505739526485807,0.25933572582120495
1909,2026-04-29,2026-05-27,0.23824896745621704,0.179674396848209,1.3260039918625275,0.11590763599271084,2.0555070890342373,0.1655091589531564,1.4394911373070778,False,False,0.3616103754980954,0.2565550319595973
1910,2026-04-30,2026-05-28,0.2018957846139724,0.18688258494644025,1.0803349315391526,0.15005068010604614,1.3455172910331727,0.18725144510715466,1.078206817033842,False,False,0.34770818382298113,0.2512973717177843
1911,2026-05-01,2026-05-29,0.2917540235882401,0.18169086365947956,1.605771571073811,0.112530602697077,2.592663831843304,0.1288079347459958,2.2650314529424573,False,False,0.357517597315831,0.23975505616449339
1912,2026-05-04,2026-06-01,0.31455983696808437,0.17868974347139022,1.7603687310595313,0.09559337360990827,3.2906029475612124,0.11312371309467353,2.7806710756110737,False,False,0.3634492017885141,0.238109957627959
1913,2026-05-05,2026-06-02,0.2884317635423951,0.18359517500378902,1.5710203905763998,0.10464300123907744,2.756340702455735,0.127723981482461,2.258242815441847,False,False,0.35381317095809284,0.22700678046957096
1914,2026-05-06,2026-06-03,0.2442474462659032,0.15676947373691485,1.5580038667208316,0.08127739163379469,3.0051093096883594,0.09296741236379573,2.627237222760654,False,False,0.4144390980741677,0.23109817421560333
1915,2026-05-07,2026-06-04,0.2395582084493786,0.15675365616527734,1.5282463855056376,0.07460324245879268,3.21109646918764,0.09080807158564293,2.638071751402037,False,False,0.4144390980741676,0.2048595358258062
1916,2026-05-08,2026-06-05,0.27543527254600586,0.15558162466290112,1.7703586342075535,0.06988165969534006,3.9414529326694394,0.10306363649828787,2.6724777225436003,False,False,0.4173650582841408,0.23526296212340056
1917,2026-05-11,2026-06-08,0.23848107212296352,0.15217167646625018,1.567184364797714,0.06621842792510214,3.6014305925942995,0.09364551181000254,2.546636432580111,False,False,0.4268408878651745,0.23649050475654237
1918,2026-05-12,2026-06-09,0.26041799957263323,0.15748181090536917,1.6536385889613527,0.07976458391898732,3.264832420327373,0.09999840436662423,2.604221549554556,False,False,0.41241339390494125,0.23807848046816463
1919,2026-05-13,2026-06-10,0.2076049533216114,0.15795769384471622,1.314307320324023,0.07540151714864675,2.75332594319473,0.0933151104704578,2.2247731613342094,False,False,0.41134711618028597,0.22763719233973373
1920,2026-05-14,2026-06-11,0.20807069050931956,0.157914198420456,1.3176186346164953,0.0726609562753554,2.863583156280196,0.09269681049962118,2.2446369987041774,False,False,0.41142864774368126,0.22779057290015184
1921,2026-05-15,2026-06-12,0.26629663197473147,0.1409263440658533,1.8896156977597747,0.07401986925592462,3.5976371567748595,0.10632510001120493,2.5045509662974044,False,False,0.46099727552317615,0.2585164890479658
1922,2026-05-18,2026-06-15,0.2197332660973127,0.13813793512180306,1.590680111900927,0.054421712691968,4.037602920382598,0.09505988186092237,2.311524712588998,False,False,0.47048991464578693,0.2366942270100023
1923,2026-05-19,2026-06-16,0.2391371859722064,0.1391766035020624,1.7182283512807721,0.05968667642005857,4.0065421684602445,0.09820424332645418,2.4351003365227073,False,False,0.4669118225806428,0.23302694974026805
1924,2026-05-20,2026-06-17,0.22242171289035015,0.1417152349471088,1.5694975418370702,0.05616480698949405,3.960161617433412,0.09889313247648787,2.2491118171752884,False,False,0.45859455760309203,0.22252587595676068
1925,2026-05-21,2026-06-18,0.30985156231518296,0.1270888792789283,2.4380698301315276,0.10188203986705255,3.041277566875507,0.12980686486417942,2.3870198439765833,False,False,0.510959595073951,0.2819000324243486
1926,2026-05-22,2026-06-19,0.28094104413245863,0.12299928755432753,2.2840867595137073,0.0809102565901931,3.472255014038735,0.12547131850517224,2.23908577258537,False,False,0.5281361227317232,0.2806157993030345
1927,2026-05-25,2026-06-22,0.27604613563869257,0.12210448020963452,2.260737158577343,0.07887062869828187,3.499986499343145,0.12039924317148466,2.292756402509275,False,False,0.5320117936084028,0.2800149459563387
1928,2026-05-26,2026-06-23,0.28927182912946325,0.11802570482885269,2.4509222762018834,0.07415088968176166,3.9011241857103878,0.10684674629845274,2.7073527192063147,False,False,0.5502580026697552,0.2911225649560401
1929,2026-05-27,2026-06-24,0.3045982261112654,0.12103298012632557,2.516654764621573,0.07075791251421114,4.3047938426686825,0.10485099665792623,2.90505799487066,False,False,0.536430291805249,0.29237277977653414
1930,2026-05-28,2026-06-25,0.3418516763177825,0.12279562117531506,2.783907708156153,0.06599862312239516,5.179678910631437,0.10317979068251433,3.313165049633265,False,False,0.5285904095681844,0.30376751287662507
1931,2026-05-29,2026-06-26,0.3076952855679949,0.11283050321637897,2.727057637755253,0.06053457206915474,5.08296788183261,0.09873000983710697,3.1165325120057856,False,False,0.5754592503028896,0.30421394509919797
1932,2026-06-01,2026-06-29,0.3146557401072593,0.1172323936425779,2.6840340824788784,0.06335560415109712,4.966502084911623,0.1046764546636472,3.0059839255955927,False,False,0.5537764420946969,0.30071657733537016
1933,2026-06-02,2026-06-30,0.3064301729966575,0.11700165591710947,2.6190242402530592,0.06777124831991008,4.521536500997774,0.1055745289768711,2.902500972216406,False,False,0.5549864788498816,0.29926295978040335
