start,start_date,end_date,beta,se_cl,t_cl,se_hac5,t_hac5,se_hc3,t_hc3,quiet,covid,shock_sd,usd_sd
0,2019-01-03,2019-01-31,0.029743719548437304,0.09448054758268576,0.3148131579403341,0.04342190492218835,0.6849934290477991,0.07360191729790458,0.40411609697678486,True,False,0.7157410330120507,0.245587993804021
1,2019-01-04,2019-02-01,0.07480589355627451,0.10285701757115458,0.7272804065558792,0.0330291522625255,2.2648444913661447,0.048886346674027054,1.530200120190579,True,False,0.6572182035952596,0.24908170150025682
2,2019-01-07,2019-02-04,0.04131218259200967,0.13018775374741176,0.31732771633930273,0.06548401314967726,0.630874324968174,0.07540018148714549,0.547905612124458,True,False,0.5188714415476146,0.23873763186783412
3,2019-01-08,2019-02-05,0.05231420141413776,0.1304051148139349,0.40116679080249956,0.061483099006933786,0.8508712517603904,0.07264271659956217,0.7201575582933674,True,False,0.518038467611723,0.23047709230115543
4,2019-01-09,2019-02-06,0.0662224318374061,0.13168974915646053,0.502867020869842,0.06208781256520783,1.066593089712347,0.07671051516967044,0.8632771099364083,True,False,0.5129570187155555,0.23123690196794283
5,2019-01-10,2019-02-07,0.06481052875460136,0.12787929055854474,0.5068101994586081,0.06645601829319132,0.9752394202834967,0.08310978833089235,0.7798182386960905,True,False,0.5282908569421213,0.2053466166301145
6,2019-01-11,2019-02-08,0.05978380474340969,0.12752367109645424,0.46880554981977746,0.0669861574394889,0.8924799843522095,0.08311518287103556,0.7192886146466446,True,False,0.5297659996237827,0.2044599308028054
7,2019-01-14,2019-02-11,0.07824420956862779,0.13086519151587653,0.5978993241998597,0.07470103650800022,1.047431377478251,0.1047529510191346,0.7469403850430466,True,False,0.5161391679204852,0.22601243198270377
8,2019-01-15,2019-02-12,0.09899008420919193,0.13348101651239835,0.7416042130604936,0.07263119480715512,1.3629141648023684,0.1153816974589765,0.8579357592168156,True,False,0.505991474218581,0.2354514249055653
9,2019-01-16,2019-02-13,0.1112813956873105,0.1333434319101273,0.8345472596079088,0.07072476797467234,1.5734430649127353,0.11869866983389964,0.9375117332235614,True,False,0.5065045749257849,0.23214282845286385
10,2019-01-17,2019-02-14,0.1284365950177188,0.1328195468406254,0.9670007018758628,0.06693070895754404,1.9189486712174173,0.1344032037099925,0.9556066482972526,True,False,0.5084462758934362,0.22857379388883942
11,2019-01-18,2019-02-15,0.15205559995668277,0.13085773273533924,1.161991704870941,0.05519388964755027,2.7549353909945284,0.13443031703308092,1.1311109228379235,True,False,0.5160692739554333,0.22556039133871933
12,2019-01-21,2019-02-18,0.1528509361257031,0.1308388165425906,1.168238449145152,0.053141500579452466,2.876300715241827,0.1303488788687034,1.1726294652650244,True,False,0.516151360290585,0.22433971107393708
13,2019-01-22,2019-02-19,0.14931759634167388,0.13086524422140794,1.1410026950245615,0.04967328108994496,3.0059942300026417,0.11927182989759122,1.2519099981100354,True,False,0.5160667697903913,0.2396604538756939
14,2019-01-23,2019-02-20,0.23226900546719126,0.17551618445247041,1.3233480786502025,0.07397241135408496,3.1399409754994383,0.14798572760615689,1.5695365304777391,True,False,0.38447235012838327,0.23646013548056793
15,2019-01-24,2019-02-21,0.21263031063741736,0.1789514234873005,1.1882012810728322,0.07728599499333427,2.751213989750099,0.15251939028536557,1.3941198574134315,True,False,0.3771123077453765,0.23430839505842965
16,2019-01-25,2019-02-22,0.23077083393693998,0.17642299393343816,1.3080541758859758,0.07516027579683322,3.070383011376113,0.14724015586905184,1.567309084772881,True,False,0.3824949238861903,0.2382911825247796
17,2019-01-28,2019-02-25,0.08480032234604898,0.1717275591968821,0.49380730002006934,0.08098135027543354,1.0471586613167891,0.11674279891734594,0.7263858938835938,True,False,0.3931209817776013,0.20959094213709234
18,2019-01-29,2019-02-26,0.10443284403702739,0.18943148708842686,0.5512961210523465,0.10887509640148008,0.9591986366829771,0.14409919064194981,0.7247288730199513,True,False,0.35631879886632367,0.2101046807634135
19,2019-01-30,2019-02-27,0.11018440465841065,0.19057689382075055,0.5781624542692251,0.11682051983005926,0.943193925336899,0.14875745749067312,0.740698359040716,True,False,0.35417121623741443,0.21013862080287635
20,2019-01-31,2019-02-28,0.1620992870074344,0.20690465976670505,0.7834491847124619,0.1388460804897402,1.1674747060606616,0.17606578773853723,0.9206745335905718,True,False,0.3261621045581553,0.21227748895496204
21,2019-02-01,2019-03-01,-0.010917069326908285,0.2041916389152261,-0.05346482052304162,0.13905813337749529,-0.07850723335450055,0.14949551629012836,-0.07302606524814666,True,False,0.33051762803448265,0.19268361458896832
22,2019-02-04,2019-03-04,0.01261423923605336,0.19160386433281348,0.06583499388166089,0.11441879386705052,0.11024621751135165,0.13216723337261066,0.09544150175626995,True,False,0.35226949911893046,0.19133064919670612
23,2019-02-05,2019-03-05,0.020053606306949148,0.19246638786098128,0.10419277116289985,0.11488125802343212,0.17455942467881794,0.13474290979959605,0.14882865700892908,True,False,0.35069007541687613,0.19116787799254112
24,2019-02-06,2019-03-06,0.03435690480325476,0.18370370267448816,0.18702347477520972,0.10291572500126586,0.3338353279135154,0.12489992252510104,0.275075469293026,True,False,0.36744436403952835,0.19115674862880275
25,2019-02-07,2019-03-07,0.0902579247929135,0.1789216684542281,0.504454969443812,0.10898334194937107,0.828180923602466,0.13689691579768615,0.6593130624381756,True,False,0.3772374426860649,0.20997116600004503
26,2019-02-08,2019-03-08,0.09202031325665123,0.1837379639958573,0.5008236254252061,0.12036226730198789,0.7645279149301256,0.14555891191133616,0.6321860478917517,True,False,0.3673544389367284,0.21091312694916958
27,2019-02-11,2019-03-11,0.08789273541659942,0.16678065759627234,0.5269959759324266,0.0997396884290138,0.8812212751111005,0.11807738880359367,0.7443655072928275,True,False,0.40477575604526017,0.2118227852629627
28,2019-02-12,2019-03-12,0.08724098753011793,0.1661197740519627,0.5251691920964732,0.0968241231903699,0.901025329799164,0.12016989755522503,0.7259803769910483,True,False,0.4064140335053422,0.20033317838637202
29,2019-02-13,2019-03-13,0.07836054850037046,0.16687251557964272,0.4695833117166114,0.09662678835125492,0.8109609129873637,0.11889131649486176,0.6590939591770526,True,False,0.40458331662143776,0.19558410381037775
30,2019-02-14,2019-03-14,0.07155821542421884,0.16727207954661955,0.4277953357079847,0.09602874361145386,0.7451749625482313,0.1193059248266725,0.5997876092757214,True,False,0.4036180727037031,0.19138977688202138
31,2019-02-15,2019-03-15,0.07040385969880426,0.16881144039679802,0.4170562109612784,0.10021861740884769,0.7025028035618134,0.12395836193683014,0.5679637791170753,True,False,0.39992350491480994,0.1920141548403452
32,2019-02-18,2019-03-18,0.06494923269701794,0.1774695707820545,0.36597390984159367,0.10645121842875262,0.6101314165839089,0.13855726279479474,0.46875372237403873,True,False,0.38037902617762975,0.19273295052979086
33,2019-02-19,2019-03-19,0.04819131843200328,0.17547222296005274,0.2746378749813542,0.10336593150544474,0.46622052092148786,0.13626448779051314,0.3536601444250862,True,False,0.3847099046722494,0.19561492472390993
34,2019-02-20,2019-03-20,0.044977035004740366,0.17434874486591825,0.2579716592702153,0.10361292180492232,0.4340871217725244,0.1314902980666484,0.34205592097709664,True,False,0.3872103746122477,0.180218194515874
35,2019-02-21,2019-03-21,0.051993303845497454,0.17878290598892277,0.2908180933624544,0.10644237820840315,0.48846431957485914,0.14000351778254919,0.3713714102973646,True,False,0.3775887903537008,0.18032342939665516
36,2019-02-22,2019-03-22,0.1397006021048394,0.13961952862468524,1.0005806743580412,0.07978812343007481,1.7508946958411804,0.12321036966600644,1.1338380242144714,True,False,0.48365549749289405,0.20694715446414283
37,2019-02-25,2019-03-25,0.13354869842330516,0.1435200850973889,0.9305227092966297,0.09424984815955656,1.4169646002741476,0.1358177958351891,0.9832930773325358,True,False,0.47049287160458075,0.2084147231405473
38,2019-02-26,2019-03-26,0.10434938156739786,0.13879783799573595,0.751808407639632,0.06646694886370777,1.5699439097372894,0.1398273004653206,0.7462733044272578,True,False,0.48657217638547207,0.21056668019502528
39,2019-02-27,2019-03-27,0.1254536732936934,0.13836603897367378,0.9066796608780775,0.05984799206499194,2.0962052186722815,0.1196217320138569,1.0487531920969086,True,False,0.4880232882430315,0.22665349321595107
40,2019-02-28,2019-03-28,0.11415143457782646,0.137371152891136,0.8309709293063099,0.06169320020890025,1.8503082056255247,0.11745627032654872,0.9718632667329361,True,False,0.491565180606871,0.2265439874884755
41,2019-03-01,2019-03-29,0.11916438779119576,0.13585954765621042,0.8771145631423609,0.05729020710956996,2.080013213484964,0.11692365480014222,1.0191640690233608,True,False,0.49706670200732656,0.22796307621728862
42,2019-03-04,2019-04-01,0.17109792150752914,0.14030881184641922,1.2194381753785457,0.05190833008502745,3.2961553805962445,0.1122581781070904,1.5241466091165996,True,False,0.48120757445429174,0.22457201096423324
43,2019-03-05,2019-04-02,0.17216920416415163,0.14478591844291508,1.1891294817598783,0.053889192304660334,3.194874459999328,0.11705058037117685,1.4708957752980734,True,False,0.46629576926534694,0.2251986727544658
44,2019-03-06,2019-04-03,0.15147250210429086,0.14417081168166035,1.0506461074711375,0.0559180509735032,2.7088301445997502,0.13892834126239495,1.0902923098909219,True,False,0.46833448010506484,0.23769406034730484
45,2019-03-07,2019-04-04,0.1451501483027298,0.1488385168546479,0.9752189914958633,0.05675146630728315,2.5576457798783268,0.15347641366899784,0.9457488928284102,True,False,0.4536300164516939,0.24040009504694687
46,2019-03-08,2019-04-05,0.0956820222617383,0.1514768984448272,0.6316608225021771,0.05862597394161963,1.6320756113496637,0.2278781385057752,0.41988241122705766,True,False,0.4457645509514057,0.21704228616053248
47,2019-03-11,2019-04-08,0.07631579951547002,0.1509322800417774,0.5056294087278489,0.07400854175346407,1.0311755603791228,0.24517740431654775,0.3112676705596366,True,False,0.447383849695565,0.22174541603590195
48,2019-03-12,2019-04-09,0.06699417822353201,0.15733751176652422,0.4257991465057983,0.09876071249884079,0.6783484700388159,0.27890902829990155,0.24020082330033224,True,False,0.42912573744588484,0.22297246506525076
49,2019-03-13,2019-04-10,0.04986753523824025,0.15424025200811323,0.32331077386736345,0.09537223309766625,0.5228726812674422,0.2685713589100743,0.18567704106876637,True,False,0.43778768993733874,0.21422130544668994
50,2019-03-14,2019-04-11,0.036881388629883834,0.1544744551771679,0.23875396477420358,0.0976776604151095,0.37758263735173114,0.2684726668847032,0.13737483617176832,True,False,0.4371413814749987,0.21535528523200834
51,2019-03-15,2019-04-12,0.057073467750767985,0.15029695644495003,0.37973801400078616,0.0878043707746239,0.6500071379961717,0.24304886170087223,0.2348230201588439,True,False,0.4493012973284128,0.22108250973440569
52,2019-03-18,2019-04-15,0.05255342031695392,0.15117393404051896,0.34763546143390095,0.08524009230602675,0.6165340615573011,0.23422740725950633,0.22436921849512123,True,False,0.44670023285520705,0.21983287963499393
53,2019-03-19,2019-04-16,0.054993287307126625,0.15141538759504963,0.3631948389169171,0.08308115586167622,0.6619225110286892,0.22615138810379215,0.24317023993630082,True,False,0.44598419879050755,0.2206549180473196
54,2019-03-20,2019-04-17,0.058408650217333206,0.15158850387253017,0.3853105527477775,0.08538327615246892,0.6840760023430452,0.2227129590392938,0.26225977360853986,True,False,0.44547088804132645,0.21916008038712934
55,2019-03-21,2019-04-18,0.05452869366651439,0.1514787313825381,0.3599759066426949,0.09008030915603385,0.6053342198466677,0.22382586635747173,0.24362105485800623,True,False,0.4457853484137158,0.22085913836408952
56,2019-03-22,2019-04-19,0.05429950934353067,0.1516303988832342,0.3581043757943617,0.08994025051917055,0.6037286868792617,0.22362793445075127,0.24281183599399048,True,False,0.44534044922168103,0.22096164331859916
57,2019-03-25,2019-04-22,-0.1386079789869454,0.2179820006429056,-0.6358689184342823,0.08976560845936479,-1.5441100591401955,0.1594592984247615,-0.8692373562169253,True,False,0.3095850595846088,0.19824521742437431
58,2019-03-26,2019-04-23,-0.13156165982176488,0.2179568049081307,-0.603613453946613,0.09650337472993677,-1.3632855865397266,0.16214033697856667,-0.8114061082724653,True,False,0.30960338992730835,0.203180897999514
59,2019-03-27,2019-04-24,-0.009207902492543121,0.23807516064999243,-0.038676451870928996,0.13371573920223231,-0.06886177010633764,0.18331307355015394,-0.05023047355116145,True,False,0.283444538275674,0.20452274313333932
60,2019-03-28,2019-04-25,-0.05800376387914261,0.24289554279308895,-0.23880126910584454,0.12763128375772487,-0.4544635309729222,0.1781542044663381,-0.32558178490871553,True,False,0.27781514297296944,0.19487728039994948
61,2019-03-29,2019-04-26,0.0012509358364784194,0.2469728321174905,0.005065074671384589,0.1546158764028567,0.008090604054263258,0.1783479272530105,0.007014019482849379,True,False,0.2732389888113592,0.2029805402847638
62,2019-04-01,2019-04-29,-0.018219639503074554,0.25206808480990084,-0.07228062813590638,0.15135218698077674,-0.12037909637466046,0.18435190656516542,-0.09883076254833419,True,False,0.2677089955604742,0.20136557791100237
63,2019-04-02,2019-04-30,-0.0384132063129566,0.25379704919995927,-0.15135403045088977,0.1537020828310557,-0.24991988140576563,0.18696456037989584,-0.20545715313588997,True,False,0.26588265273548245,0.20108361078589682
64,2019-04-03,2019-05-01,-0.1589369811583871,0.21041777682176988,-0.7553400837088562,0.11311077414382263,-1.405144490977451,0.17977708662223627,-0.884078077716098,True,False,0.32071230601643996,0.20844975300831295
65,2019-04-04,2019-05-02,-0.177827258350012,0.20948066753710298,-0.848895797596766,0.1459295343656729,-1.2185830587549824,0.20272000278688074,-0.877206274197626,True,False,0.3221206002940296,0.2191811448108775
66,2019-04-05,2019-05-03,-0.06912973131591461,0.18594617908710437,-0.3717727982113124,0.09002945816978883,-0.7678567962226442,0.19405005964059208,-0.3562468954864151,True,False,0.3630211249556755,0.22388306871287028
67,2019-04-08,2019-05-06,-0.044289281908832696,0.15125492666621443,-0.2928121608003498,0.058347209882694075,-0.759064263704733,0.12366317701095131,-0.35814446126441135,True,False,0.4464631926443342,0.22470049912507062
68,2019-04-09,2019-05-07,-0.01031697906753716,0.11294912431706705,-0.09134182429405718,0.036679419846983474,-0.2812743252367889,0.07373896082535292,-0.13991218417048776,True,False,0.5984212783530202,0.21956898028749836
69,2019-04-10,2019-05-08,0.0028405268817912536,0.11418476860497109,0.02487658307228544,0.03912746548537895,0.07259675132427615,0.07020267495215152,0.040461804108280625,True,False,0.5919117361710359,0.2176825123125543
70,2019-04-11,2019-05-09,-0.016094739558823012,0.11659456807001069,-0.13804021769829553,0.03626853469698309,-0.4437659170212304,0.08002202113344846,-0.2011288809112016,True,False,0.579583462662121,0.2214919543959143
71,2019-04-12,2019-05-10,0.027181269599111244,0.09979406333053337,0.2723736131385158,0.040472039442841695,0.6716061254461642,0.06378189347723472,0.42615965311241333,True,False,0.6776829385691929,0.23059251731909014
72,2019-04-15,2019-05-13,0.02847350103671993,0.08388106575269612,0.3394508734625219,0.03455980105918542,0.8238907680040637,0.05076034319725303,0.5609398842335017,True,False,0.8070719997416439,0.22970212463859882
73,2019-04-16,2019-05-14,0.019464782888482256,0.0784321365518203,0.24817356436059634,0.029535230764790588,0.6590360862081541,0.04580049160531529,0.4249906978339793,True,False,0.8636290404778304,0.22944756528805146
74,2019-04-17,2019-05-15,0.023601175674880594,0.07647624640180922,0.3086079244904239,0.027793010628929617,0.8491766505609953,0.04188772118656947,0.5634389985017346,True,False,0.8859492610020615,0.2300832165051424
75,2019-04-18,2019-05-16,0.018886447002656206,0.07553859792837858,0.2500237960540817,0.028609433413081344,0.6601475370015748,0.042451733783306425,0.4448922415998719,True,False,0.896972888260481,0.2268952721708299
76,2019-04-19,2019-05-17,0.025739976871086076,0.07563273162711819,0.3403285365652056,0.027204350675372673,0.9461713377481106,0.042288420219527986,0.6086767190040323,True,False,0.8957894344000484,0.23478993209090734
77,2019-04-22,2019-05-20,0.02440572626159526,0.07564284599240749,0.3226442096592312,0.026903253189271482,0.9071663597667738,0.042175580031612744,0.578669605570378,True,False,0.8957082026918912,0.23781766424031184
78,2019-04-23,2019-05-21,0.025245876377030192,0.07441568647244787,0.3392547670225065,0.02669814570375201,0.9456041126287761,0.04031744535892592,0.6261774810452118,True,False,0.9106273065634721,0.23863259416274907
79,2019-04-24,2019-05-22,0.028217161501191412,0.07440426491197513,0.379241183748997,0.02545236167047573,1.1086264554350884,0.03908873157541475,0.7218745752020994,True,False,0.9108519986396258,0.23089937653256787
80,2019-04-25,2019-05-23,0.017214738489128183,0.07260282316857512,0.2371083896993593,0.026708247755273154,0.6445476560973336,0.039971446250275204,0.43067589752296387,True,False,0.9337486277423696,0.22727630894351056
81,2019-04-26,2019-05-24,0.02108147638965953,0.07189030298562436,0.2932450624651716,0.024845436814090602,0.8485049607863437,0.03900341219026588,0.5405033869042066,True,False,0.9431240357816884,0.2212122429424878
82,2019-04-29,2019-05-27,0.016697316094083176,0.07208509494920849,0.23163340640458593,0.027136213665748986,0.6153148814257139,0.039506153674841664,0.42265101866184385,True,False,0.9405429966438893,0.21264964526959018
83,2019-04-30,2019-05-28,0.021174185177829527,0.07109405476789622,0.29783341584549916,0.025250229062437096,0.8385739838427367,0.037684285081271286,0.5618836905666252,True,False,0.9537726342139482,0.2162077495547338
84,2019-05-01,2019-05-29,0.020822094111298515,0.07109440418842669,0.29287950787395584,0.026366295368710227,0.7897239191217131,0.03788790094254248,0.5495710660475889,True,False,0.9537083011124271,0.21410214163481042
85,2019-05-02,2019-05-30,0.04082530772819411,0.0718613271719584,0.5681123538186599,0.016663405721778685,2.4499978221640717,0.03208945337463755,1.2722344395078133,True,False,0.9433084658549213,0.2047110001692535
86,2019-05-03,2019-05-31,0.053107226524467185,0.071272830822486,0.745125820198407,0.018632157721880104,2.850299322128555,0.03051372262930163,1.7404374802001223,True,False,0.9511868193710435,0.18753569298374856
87,2019-05-06,2019-06-03,0.04369827194152001,0.07280214568847422,0.6002332970858875,0.019903153113678164,2.1955451828127166,0.030179930904997723,1.4479248504271323,True,False,0.9310501168330036,0.18429652851451842
88,2019-05-07,2019-06-04,0.06383713653285002,0.07351284426138881,0.8683807186927092,0.028544467669589273,2.2364101258353775,0.03295569339650168,1.9370594259632987,True,False,0.9219077620888947,0.2016325456532828
89,2019-05-08,2019-06-05,0.07549430033491647,0.08229144601248543,0.9174015525679584,0.03269235796578361,2.3092338709226823,0.03775165735192354,1.9997612192533276,True,False,0.8227218345475137,0.19846261688587005
90,2019-05-09,2019-06-06,0.07650414390616275,0.08233142218697001,0.9292216977914721,0.032637276141064445,2.344072574423719,0.038072770018679696,2.009418906704908,True,False,0.8223103224298173,0.1977162432306538
91,2019-05-10,2019-06-07,0.07336332219923976,0.08215957370070681,0.8929369870696958,0.032197583337801726,2.278535051203896,0.037366708896236715,1.9633337900579289,True,False,0.8240801256744994,0.1940423513968069
92,2019-05-13,2019-06-10,0.0684687368166943,0.08927335567455431,0.7669560116715767,0.04103954400990088,1.6683600772994958,0.04422905245717494,1.5480489183662614,True,False,0.7579917807719466,0.19027771982664268
93,2019-05-14,2019-06-11,0.05659757413768184,0.11891850264655153,0.4759358121578492,0.06978083419494603,0.8110762043853725,0.07877154059187064,0.7185028211003761,True,False,0.5682441574223563,0.175518518737271
94,2019-05-15,2019-06-12,0.09850312163690933,0.13274367540708337,0.7420551023228115,0.0706519543527327,1.394202361977541,0.08392417287705344,1.1737157276630374,True,False,0.5088274989575606,0.17597002272186657
95,2019-05-16,2019-06-13,0.10924402535315603,0.14068835212218847,0.7764965877081075,0.07732697297446538,1.412754452307737,0.09495101597324354,1.150530346973224,True,False,0.4800165070194007,0.1799858118459626
96,2019-05-17,2019-06-14,0.12495160435030463,0.14446946938507507,0.8648997250571558,0.07687604253117203,1.6253646810661295,0.09690434115342801,1.2894324739535616,True,False,0.4674053221466806,0.18484157422769573
97,2019-05-20,2019-06-17,0.10178946047442294,0.14630692679185003,0.695725504638876,0.08454892471064554,1.203911945926932,0.09253720170771705,1.0999842073886086,True,False,0.46154064356562846,0.16617018635023362
98,2019-05-21,2019-06-18,0.10851854881836878,0.14682926084583584,0.739079855018193,0.08166923082418708,1.3287568368555032,0.09549591998819672,1.136368431570497,True,False,0.45989055619542796,0.16521810965826697
99,2019-05-22,2019-06-19,0.1255125982225555,0.15167647510264254,0.8275020772840257,0.07703572571142714,1.629277806672723,0.10130871706871226,1.2389121277434305,True,False,0.44513941790001693,0.16574715912600047
100,2019-05-23,2019-06-20,0.08069569895570702,0.15096892102823656,0.5345186175147536,0.10129646600925547,0.7966289657956462,0.10040208937481561,0.8037252955409946,True,False,0.4471851191123385,0.24616380828705736
101,2019-05-24,2019-06-21,0.12378266295965322,0.17537072563970776,0.7058342406244006,0.12325345249622262,1.0042936765884658,0.1202402276204213,1.029461315978333,True,False,0.38483665727325433,0.24663343063871618
102,2019-05-27,2019-06-24,0.12887946849305257,0.1830404033357601,0.704103936313135,0.13011934521317237,0.990471234557102,0.12616435258950945,1.0215204679278709,True,False,0.36867860998499496,0.24706165169918354
103,2019-05-28,2019-06-25,0.11925526611516926,0.1752520307444323,0.6804786547043077,0.12231375166638887,0.9749947531691969,0.1137960895428446,1.0479733231102748,True,False,0.3850866814093873,0.24688629366391768
104,2019-05-29,2019-06-26,0.07843097310628815,0.19862998941447782,0.3948596752055782,0.1540132979032974,0.5092480595768669,0.16829634423454806,0.46602897682068456,True,False,0.3396976111425228,0.23940018058730672
105,2019-05-30,2019-06-27,0.041019939516974704,0.20000863959714443,0.20509083807377868,0.15737816132046328,0.26064569043634545,0.1908855008705694,0.2148929034939559,True,False,0.33735050545954154,0.23415706265247455
106,2019-05-31,2019-06-28,0.032770214534601376,0.1983893588498989,0.16518131176277087,0.15639545411642095,0.2095343161969861,0.19163099050981336,0.17100686296835282,True,False,0.34011863767104233,0.2338191617687895
107,2019-06-03,2019-07-01,-0.13407651525138933,0.21873188809999633,-0.6129719649751955,0.14715318418498372,-0.9111356712665087,0.2639898098886381,-0.5078851918865671,True,False,0.30841256652953614,0.22410694157234437
108,2019-06-04,2019-07-02,-0.15048931849850078,0.21093464251511043,-0.7134405079417924,0.15547022874120608,-0.9679622890952552,0.24916033883422967,-0.6039858478384222,True,False,0.3198598914335472,0.2249195407994104
109,2019-06-05,2019-07-03,-0.3418015682496983,0.2538665637439076,-1.3463827737255574,0.10660575749798962,-3.206220529469471,0.23211968301729757,-1.472522983861852,True,False,0.2656524195030441,0.21688024645435275
110,2019-06-06,2019-07-04,-0.3601274167939741,0.26380381798788216,-1.3651334523540388,0.11119186289606534,-3.238792906371188,0.2381757167044576,-1.512024071038448,True,False,0.2556360453981825,0.2171849094398334
111,2019-06-07,2019-07-05,-0.24088108057668609,0.24797326542197648,-0.9713993972970368,0.13351007549083546,-1.8042164959544262,0.21690771572715253,-1.1105233383200142,True,False,0.2720513267269967,0.22754606388402138
112,2019-06-10,2019-07-08,-0.21512849915444388,0.24046143965644515,-0.8946486366454628,0.12349394657125917,-1.7420165532592258,0.19346417780166206,-1.111981047855753,True,False,0.280574073792068,0.22437293057881322
113,2019-06-11,2019-07-09,-0.22376254068553672,0.2407347937341219,-0.9294981303478296,0.12225289104021764,-1.8303251463552332,0.18436139179197206,-1.2137169203952622,True,False,0.28025988997694706,0.22155883302555524
114,2019-06-12,2019-07-10,-0.20268225600021395,0.22646128367894378,-0.8949973819258149,0.12362155324212738,-1.6395381766740695,0.17462960022917356,-1.160640897844499,True,False,0.29794971694995365,0.2206372717947911
115,2019-06-13,2019-07-11,-0.2061490578172102,0.226484732005539,-0.9102117215219988,0.1232116615598168,-1.673129436024438,0.17699061105238706,-1.16474572629275,True,False,0.29790898056132165,0.2246157919754854
116,2019-06-14,2019-07-12,-0.20384382806294582,0.22431087187758886,-0.9087558991531524,0.12653508334990315,-1.6109668770617824,0.18096231667837565,-1.126443514896184,True,False,0.3007892358679857,0.22047050432402948
117,2019-06-17,2019-07-15,-0.17700860363884813,0.2238550692066826,-0.7907285917899777,0.10970486806504795,-1.6134981679563516,0.16886237887881334,-1.0482417979310896,True,False,0.3013933049344238,0.21129571773797517
118,2019-06-18,2019-07-16,-0.15476152415640115,0.22309369374972607,-0.6937064044939691,0.11289483218782488,-1.370846841766167,0.16538860644296868,-0.9357447739894218,True,False,0.30245165621264347,0.22283315490545438
119,2019-06-19,2019-07-17,-0.16210495771889824,0.20509655923158057,-0.7903836043190795,0.08483525589293905,-1.9108206371590664,0.1258555917244257,-1.2880234838817841,True,False,0.3290052530568961,0.22326859053468273
120,2019-06-20,2019-07-18,-0.1768851743641507,0.2102272407933265,-0.841399876137107,0.09373852682172895,-1.8870061260995625,0.12714895604264473,-1.3911649758636229,True,False,0.3209636151167553,0.22322049255447343
121,2019-06-21,2019-07-19,-0.08475825673117054,0.20237205710394485,-0.4188239124714533,0.047762006659477406,-1.7745958065677707,0.07449683223526865,-1.1377430984380015,True,False,0.33351506595986197,0.12196809990818581
122,2019-06-24,2019-07-22,-0.10837258731496527,0.19961748118239328,-0.5429012863655148,0.05034729177368011,-2.152500829679559,0.0759276043313075,-1.4273147199809597,True,False,0.33811213978542015,0.12432302098892217
123,2019-06-25,2019-07-23,-0.14627555563510145,0.19314373986212036,-0.7573403918735511,0.0637582521365155,-2.2942215436192424,0.07881238694544411,-1.8559970241271466,True,False,0.34942043147382784,0.12979040413947746
124,2019-06-26,2019-07-24,-0.13880397500400266,0.20606890254469434,-0.6735804058251702,0.06708550731762529,-2.0690605252013183,0.09529204959730242,-1.4566165340191402,True,False,0.32748469278313314,0.13049852475975868
125,2019-06-27,2019-07-25,-0.12814245785459571,0.1984247307783389,-0.6457988243297365,0.06079483986171481,-2.107785103901436,0.08693157106805514,-1.4740612217197624,True,False,0.3401153336429166,0.12887804081012977
126,2019-06-28,2019-07-26,-0.1401949627720006,0.19721536044273652,-0.7108724313221415,0.06251509523193069,-2.2425777686473642,0.08642985770213692,-1.6220663379448603,True,False,0.34218693806867895,0.13442208751102247
127,2019-07-01,2019-07-29,-0.15183484701523564,0.19431410719361275,-0.7813886969305261,0.05956079564547426,-2.549241415762935,0.07880797875057202,-1.9266430813534037,True,False,0.34728875865372094,0.13209651061762848
128,2019-07-02,2019-07-30,-0.13533695115659006,0.19035061117850466,-0.7109877416136869,0.06359561712486612,-2.1280861366729753,0.07468375777008002,-1.8121336579398668,True,False,0.3545530297103019,0.13076822676851838
129,2019-07-03,2019-07-31,-0.15614826190048797,0.16822185841530227,-0.9282281349846506,0.058218082507096924,-2.6821265004984167,0.06463125861699352,-2.415986710483646,True,False,0.4012569808675258,0.1339672822117456
130,2019-07-04,2019-08-01,-0.059151418266359695,0.15674308046946525,-0.37737817892307435,0.07881098854165204,-0.7505478532996429,0.13211814285703447,-0.4477160894576581,True,False,0.43075319150666425,0.16587966906093568
131,2019-07-05,2019-08-02,-0.0651889795605796,0.15577319185196598,-0.4184865109686514,0.0739935340561536,-0.8810091367052123,0.13075958785731548,-0.4985407236960218,True,False,0.4334241652182666,0.1660557408978053
132,2019-07-08,2019-08-05,-0.006406241915559196,0.08099056827696806,-0.07909861668893847,0.033135182471903855,-0.19333655159410115,0.0784895237374718,-0.08161906978804591,True,False,0.8361705248509077,0.17194397375724776
133,2019-07-09,2019-08-06,-0.027039171686096382,0.06870526211189099,-0.3935531406904661,0.02296975901617686,-1.1771639252746868,0.06236917049350947,-0.4335342521335962,True,False,0.9871416166498336,0.16913670606728215
134,2019-07-10,2019-08-07,-0.02810243969467864,0.06833940145689855,-0.4112186980800931,0.022856222067024014,-1.2295312677777859,0.062216519734903275,-0.4516877481160885,True,False,0.9924662103384603,0.16921860266466668
135,2019-07-11,2019-08-08,-0.011167851308462462,0.06596786911247376,-0.16929228514902492,0.02284287292286061,-0.4888987189210311,0.05032530207158257,-0.22191324937458579,True,False,1.028687873551369,0.18490640383855664
136,2019-07-12,2019-08-09,-0.015324790588791172,0.06574020752136318,-0.23311138139944523,0.023072383081706397,-0.6642049299598304,0.04998518355706765,-0.3065866622515248,True,False,1.0322425741421979,0.1750739067604838
137,2019-07-15,2019-08-12,-0.01016560216524973,0.06334283887602779,-0.1604854210141333,0.02311112844317885,-0.43985745612737764,0.04131927101948111,-0.24602569005771852,True,False,1.0717688770510592,0.17793086747601558
138,2019-07-16,2019-08-13,-0.010887539503691956,0.05898100837311388,-0.18459398718342312,0.02041186159013863,-0.533392775353324,0.03405516818314419,-0.31970300205655156,True,False,1.152148029018834,0.17600303738268097
139,2019-07-17,2019-08-14,-0.003269079733360829,0.05483553031302993,-0.05961608677255804,0.01977823365031016,-0.16528673850051134,0.03016569679433087,-0.10837076814931047,True,False,1.2408718953860012,0.17753336785798643
140,2019-07-18,2019-08-15,-0.002053466588974005,0.05458187700020248,-0.03762176571843411,0.018395247005418367,-0.11163028082032012,0.028347840381332444,-0.07243820204117733,True,False,1.2465853727727885,0.17169803049262175
141,2019-07-19,2019-08-16,0.002335091000221178,0.052940207631058195,0.04410808163984723,0.01848048206478119,0.12635444205599114,0.027214262050234098,0.08580394338493892,True,False,1.2860186067508872,0.17704103575013436
142,2019-07-22,2019-08-19,-0.0022880347952268865,0.052462757909463906,-0.043612552721216,0.017748350255243756,-0.12891535057185868,0.026642683678963313,-0.0858785407204863,True,False,1.2977214595914404,0.17954116717120217
143,2019-07-23,2019-08-20,-0.002348471209783529,0.05263640386123701,-0.04461686280800448,0.017638255389100098,-0.13314645683352633,0.027311015352209273,-0.08598989014128887,True,False,1.293480489189076,0.18130704805829198
144,2019-07-24,2019-08-21,0.0061525660257957405,0.052230376988887876,0.117796699554834,0.01609692198290968,0.38222003140277394,0.027982779303085212,0.2198697262754524,True,False,1.30397204178818,0.1861070941027394
145,2019-07-25,2019-08-22,0.005559036050414855,0.05223509550026931,0.10642339211165402,0.01661172182072993,0.33464538537345834,0.027796707187046167,0.19998901355501128,True,False,1.3037701076735235,0.1845064114963793
146,2019-07-26,2019-08-23,-0.0037039080467964293,0.050822638504818766,-0.07287909789345631,0.017921475763849115,-0.20667427702956737,0.02911827389305264,-0.12720218445641274,True,False,1.3408836438298126,0.1866363977770607
147,2019-07-29,2019-08-26,-0.004805843857707068,0.050829531480200835,-0.09454826196025523,0.019087713922520406,-0.2517768171303611,0.029081194623310984,-0.16525606736439866,True,False,1.3406446465018613,0.19119589369785042
148,2019-07-30,2019-08-27,-0.004853321238931587,0.05077882685031674,-0.09557765588476398,0.019182614574990778,-0.25300624270786715,0.029002119945674927,-0.1673436717047769,True,False,1.341999867319525,0.19090578827041282
149,2019-07-31,2019-08-28,-0.004928476998860834,0.05061983894851457,-0.09736255786735289,0.019473109438761838,-0.2530914240665923,0.028481978115799503,-0.1730384378087459,True,False,1.3462139936204456,0.19044300159135127
150,2019-08-01,2019-08-29,1.7684716817527853e-05,0.05082809656067116,0.00034793191195775784,0.019876425582475175,0.0008897332543090782,0.027016587404236337,0.0006545873671207934,True,False,1.3403053756579388,0.18515876261793787
151,2019-08-02,2019-08-30,-0.008402026266113145,0.05112830852008159,-0.16433217740448217,0.020506728113430107,-0.40972046928395933,0.026901851028186406,-0.3123214925735008,True,False,1.3325195018936806,0.1640275362195253
152,2019-08-05,2019-09-02,-0.008133628617754391,0.05114755899543575,-0.1590228112055203,0.020444605633710845,-0.39783739356375536,0.02724702325084762,-0.2985143934026395,True,False,1.3320841872398101,0.16488994390460074
153,2019-08-06,2019-09-03,-0.015309002073691997,0.062179959380374544,-0.24620476157023477,0.029358390645165235,-0.5214523595220673,0.03710636121988491,-0.4125708253356856,True,False,1.0919840466918587,0.1541486001216901
154,2019-08-07,2019-09-04,0.027288681719623977,0.06669083010717627,0.4091819171506695,0.03733971365792211,0.7308219331734036,0.04506554326359401,0.6055331799732017,True,False,1.017395242724511,0.20361960182812638
155,2019-08-08,2019-09-05,0.03174477727224587,0.0664869690549295,0.4774586317210415,0.038723850473206596,0.8197732633589829,0.04430419205150419,0.716518591183023,True,False,1.0205885440114741,0.20804865856778346
156,2019-08-09,2019-09-06,0.02813683932236139,0.0683199459203718,0.41183930905266547,0.044391372051176874,0.6338357663269263,0.04646719945280957,0.6055204456841898,True,False,0.9929080999973923,0.2094529340169295
157,2019-08-12,2019-09-09,0.030376374798939457,0.06881979258344015,0.441390095183879,0.04409629492100799,0.6888645600124512,0.046645181654513715,0.6512221353092325,True,False,0.9856076911895133,0.20997217878119948
158,2019-08-13,2019-09-10,0.021964262740952863,0.07390123148791636,0.2972110518150737,0.045878642262891324,0.47874700857742103,0.05204639658030722,0.42201313028582416,True,False,0.9171822292914615,0.20246173967931527
159,2019-08-14,2019-09-11,0.03201770964206463,0.08039475258400294,0.39825621216521484,0.058174394822186934,0.55037460621513,0.06148323668712882,0.5207551093153064,True,False,0.8424266420639634,0.20587004923279542
160,2019-08-15,2019-09-12,0.017518650510863053,0.10266720817489164,0.17063530627053153,0.07902310160390418,0.22169024190765926,0.0928606160969562,0.18865533363004774,True,False,0.6586623953552458,0.21502225759654867
161,2019-08-16,2019-09-13,0.022569695934020598,0.10307841394041216,0.21895656977286967,0.07929128991811477,0.28464281458062596,0.09292723395899716,0.24287493528516257,True,False,0.6560146371851092,0.21336055537577153
162,2019-08-19,2019-09-16,0.03572014239535569,0.11011167439133632,0.3243992300798777,0.10374515093513172,0.344306621305995,0.12023232831054143,0.29709266132729384,True,False,0.6139159006981862,0.2180250291036591
163,2019-08-20,2019-09-17,0.07058322380541786,0.11383900432663624,0.6200267142436934,0.10559241955687994,0.6684497249103803,0.13082316102885058,0.5395315573352647,True,False,0.593679276855265,0.20934162272790632
164,2019-08-21,2019-09-18,0.07238576606390557,0.11472403065307415,0.6309555692198469,0.10572027109522755,0.6846914533420376,0.13717676375446047,0.5276824156128399,True,False,0.5890811097043007,0.20935566516648965
165,2019-08-22,2019-09-19,0.06806178883839395,0.11975325705267312,0.568350210370121,0.12280272855247734,0.5542367799206438,0.15452655089339506,0.44045368543395813,True,False,0.5642645534530185,0.20766762054903387
166,2019-08-23,2019-09-20,0.06108383648894011,0.1178212061282718,0.5184451805937058,0.12082399648368114,0.5055604703258618,0.14234850758182782,0.42911469552166953,True,False,0.5735589051598359,0.20555257066647747
167,2019-08-26,2019-09-23,0.16259067363418592,0.15168270246820117,1.0719130855957124,0.11457025402540873,1.4191351412918007,0.1343864491907984,1.2098740208794705,True,False,0.445081098045247,0.2066159179445767
168,2019-08-27,2019-09-24,0.10667913472814393,0.1325915326448311,0.8045697383550282,0.10798542906254846,0.9879030500156842,0.1314533155305578,0.8115362803713015,True,False,0.5094039276443229,0.19426058573442606
169,2019-08-28,2019-09-25,0.06758754851039711,0.13397400740953253,0.5044825471540543,0.13380482938793567,0.5051203967716509,0.14419808142494434,0.46871323004097454,True,False,0.5041922340609277,0.21096761715692525
170,2019-08-29,2019-09-26,0.08156403328081509,0.13561436244697142,0.6014409669382079,0.13612661667614326,0.5991777014106127,0.14914785098224465,0.5468669695450382,True,False,0.4980616906894023,0.2100104877972194
171,2019-08-30,2019-09-27,0.10783391089974485,0.13673269445811984,0.7886475968830816,0.1474097487933299,0.7315249621036203,0.1465720990695968,0.7357055782392943,True,False,0.4939361829386791,0.20665125264364242
172,2019-09-02,2019-09-30,0.08332183310172281,0.13871913988397355,0.6006513100601276,0.1601654229414827,0.520223601146203,0.15513374868596513,0.5370967555898486,True,False,0.48688213290462806,0.21051239553991344
173,2019-09-03,2019-10-01,0.05281915485200266,0.12241211702466352,0.4314863277902521,0.13774183976229262,0.38346485674327485,0.12516280117869544,0.4220036173255067,True,False,0.5519807529625337,0.21054999849503475
174,2019-09-04,2019-10-02,0.03381204450085662,0.11488849459872683,0.2943031381771741,0.12131834256452965,0.2787051305359853,0.11112132469815639,0.3042804303557551,True,False,0.5882758203429287,0.20821189062208964
175,2019-09-05,2019-10-03,-0.023866150739498923,0.12232732273664049,-0.19510073633247543,0.08278610982707728,-0.28828689727479984,0.07627966929240598,-0.3128769560865796,True,False,0.5523880802502625,0.17971281230698893
176,2019-09-06,2019-10-04,-0.025363197467755866,0.11517031753511642,-0.2202233875062679,0.06965633445878489,-0.364119037626981,0.0655178663730375,-0.38711879479325595,True,False,0.5868483706116996,0.1776030985276502
177,2019-09-09,2019-10-07,-0.053431794675208824,0.11781211005441043,-0.45353397584112404,0.07193459956270473,-0.7427829584097819,0.06730292864048322,-0.7938999944657563,True,False,0.5736120968421555,0.16385177308406468
178,2019-09-10,2019-10-08,-0.03646928382159359,0.10856191119837605,-0.3359307460510066,0.0719501537102138,-0.5068687409408069,0.06355227051929042,-0.5738470635840436,True,False,0.6227083066303393,0.1656887725114686
179,2019-09-11,2019-10-09,-0.03185051742326577,0.10349074848385321,-0.30776197766349267,0.06466593107428797,-0.49253937729089553,0.05519653267697663,-0.5770383732192501,True,False,0.653374122420931,0.16652292536936278
180,2019-09-12,2019-10-10,-0.0012757307937955782,0.1021776599297553,-0.012485417993254226,0.06858271745457219,-0.018601345078526475,0.05574951058977226,-0.022883264450210657,True,False,0.6618350444950323,0.1800317528238663
181,2019-09-13,2019-10-11,0.02253694521877419,0.09694609160772079,0.23246883752639438,0.07415787924706548,0.3039049315810364,0.06028688565345487,0.37382832061225674,True,False,0.6977403460641473,0.17826184829369862
182,2019-09-16,2019-10-14,0.01911934572282779,0.09597447961791564,0.1992128094775183,0.07146291596166988,0.26754219955260033,0.05897809436057223,0.3241770682846845,True,False,0.704848763407918,0.17774571684936932
183,2019-09-17,2019-10-15,0.008898397583038665,0.09578488511437562,0.09289980953062889,0.06569332369338007,0.1354536059793753,0.05482226119297901,0.1623135819173082,True,False,0.7062535557535394,0.170590142972885
184,2019-09-18,2019-10-16,0.007465266498340767,0.0957840839504437,0.07793848612889705,0.06475961914567964,0.11527656581097734,0.0546771125780139,0.13653366365477407,True,False,0.7062535557535393,0.17307832318543562
185,2019-09-19,2019-10-17,0.006233989008653489,0.09600762470302295,0.06493222833016514,0.06222633852436255,0.10018248151002469,0.054386659579583566,0.11462349511521926,True,False,0.7045665118517896,0.18604702389967465
186,2019-09-20,2019-10-18,0.0035491107080135582,0.09577618258458957,0.03705629742424722,0.060750681669144456,0.05842091990576243,0.05423301610938974,0.06544188324055014,True,False,0.7062468728875122,0.18461672820329517
187,2019-09-23,2019-10-21,-0.0012473210037792775,0.09766608520015174,-0.012771280851721285,0.06162277252750281,-0.020241234735463853,0.05419108591636953,-0.023017088192405066,True,False,0.6924841183714474,0.1826800006922823
188,2019-09-24,2019-10-22,0.0013269294052720673,0.09752158335586897,0.013606520316942856,0.059466850410465434,0.02231376634398892,0.05473331580496256,0.024243541356063016,True,False,0.6934787421314165,0.1795914488983345
189,2019-09-25,2019-10-23,0.010451698247099508,0.10380991072883113,0.1006811216166161,0.05726846762491149,0.18250354305888697,0.055805977396832816,0.1872863577458403,True,False,0.6512960693222979,0.18136156524179742
190,2019-09-26,2019-10-24,0.035315609876281705,0.10511287473853503,0.33597796620183945,0.040741022546476595,0.8668317010451645,0.04820269817775006,0.7326479888336018,True,False,0.6431001092976724,0.15711685160793418
191,2019-09-27,2019-10-25,0.030044447460978542,0.10394382309470228,0.28904504920513957,0.040412359169083326,0.743447006775181,0.04641072955783711,0.6473599477365921,True,False,0.6503578893004339,0.1545802953948793
192,2019-09-30,2019-10-28,0.029719482392316914,0.10596048458070106,0.2804770335839878,0.04147819928046322,0.716508501040815,0.04767128425350211,0.6234252518618398,True,False,0.637916952071914,0.15398454271373033
193,2019-10-01,2019-10-29,0.04515017008317887,0.10685679941116907,0.42252968769397375,0.031873137308886475,1.416558704140827,0.04532879804091758,0.9960592831608404,True,False,0.6324555953087667,0.14237993319478542
194,2019-10-02,2019-10-30,0.04242069343322525,0.11782417519609853,0.36003386709580726,0.04197182612741874,1.010694490738712,0.05312487590113118,0.7985090358078746,True,False,0.5734163506367275,0.15048816260954906
195,2019-10-03,2019-10-31,0.029571587445516245,0.12707534597103864,0.23270908467371645,0.0611931784363585,0.4832497379797159,0.07001830046890001,0.42234083443157894,True,False,0.5314992856962459,0.15244588826134833
196,2019-10-04,2019-11-01,0.019643074834333522,0.12946547190934993,0.15172442926008375,0.06407371309033616,0.3065699471269781,0.07488218903670246,0.2623197196426208,True,False,0.5216784830468999,0.1480720201291188
197,2019-10-07,2019-11-04,0.03926911326037401,0.13767512435408566,0.28523027267713275,0.06780577760021417,0.579141109359536,0.08057121940485727,0.48738387665517513,True,False,0.49049905528872967,0.15359714109340813
198,2019-10-08,2019-11-05,0.04907314699509668,0.14058248558452072,0.34907013338865045,0.06713758605947671,0.7309340397139558,0.0814825492208382,0.6022534575114495,True,False,0.48035771492292356,0.16480316864922928
199,2019-10-09,2019-11-06,0.017723895165053485,0.17779333591765867,0.09968818613798856,0.09235670384029689,0.19190696969547144,0.12758811052696087,0.13891494349944322,True,False,0.37963425506004783,0.15756361838000663
200,2019-10-10,2019-11-07,0.041448672774930556,0.19022429578237374,0.21789368494942382,0.1174357739659893,0.3529475846681485,0.14829226166855505,0.27950664659476043,True,False,0.3547849613045055,0.15852610878618106
201,2019-10-11,2019-11-08,-0.01982157373765291,0.19473804932280686,-0.1017858287406163,0.1117844374387429,-0.17731961793442844,0.1852415019712527,-0.10700395714092722,True,False,0.3465999833000446,0.15452007499147535
202,2019-10-14,2019-11-11,-0.17063488910064256,0.22462087341392356,-0.7596573128188425,0.06161408623309645,-2.7694136119312405,0.09846854027353096,-1.7328873630770216,True,False,0.30040679739100207,0.13193854959319248
203,2019-10-15,2019-11-12,-0.1713066565065845,0.23724051311930291,-0.7220801129377015,0.06267947731295849,-2.7330581531695093,0.11227074224182047,-1.5258352540112925,True,False,0.28441974839629197,0.14084070183167308
204,2019-10-16,2019-11-13,-0.15804145377501908,0.2524686100514002,-0.625984567914575,0.0677865298971219,-2.331458093737429,0.13484091233125994,-1.1720586211013093,True,False,0.26726030757276714,0.14944940445496493
205,2019-10-17,2019-11-14,-0.1508155799789568,0.252932758795563,-0.5962674850704331,0.06520204055020686,-2.3130500012929174,0.13662638973579558,-1.1038539499623747,True,False,0.26677169235241305,0.14594642348402212
206,2019-10-18,2019-11-15,-0.03469779494954571,0.2366135896354806,-0.14664328876037946,0.12234874515421125,-0.28359747299256555,0.15950684857618835,-0.2175316938380381,True,False,0.28521162138137074,0.14407284697315692
207,2019-10-21,2019-11-18,-0.02629691006812818,0.23750862339654216,-0.11071981173594318,0.11316937819320881,-0.2323677172037889,0.16047082870949536,-0.1638734608626854,True,False,0.2841359215301145,0.14263733556769367
208,2019-10-22,2019-11-19,-0.013566556838451274,0.23430787725788957,-0.057900558006077296,0.11996355078111744,-0.11308899036511917,0.161683470856633,-0.08390812472402284,True,False,0.2880169507702336,0.1443913132562587
209,2019-10-23,2019-11-20,0.00043132879670365387,0.23906179842712552,0.0018042564706762972,0.1231026075206989,0.003503815275652295,0.17349684144657745,0.0024860901968435383,True,False,0.28227095348674924,0.1515608620721838
210,2019-10-24,2019-11-21,-0.008900578388686775,0.2387590858283435,-0.03727849081766828,0.1183729110773599,-0.07519100702752851,0.1720506881999591,-0.05173230332181194,True,False,0.2826369797147248,0.15315309807270958
211,2019-10-25,2019-11-22,-0.03514556531535739,0.23069709299525099,-0.15234507231558778,0.11029261531674402,-0.3186574660000993,0.1634145589125592,-0.2150699763181032,True,False,0.2925171312610967,0.1551792093904581
212,2019-10-28,2019-11-25,-0.062241624100658303,0.24536622642291336,-0.2536682615535628,0.13212792387631372,-0.47107093091785285,0.19160688400823309,-0.32484022911193455,True,False,0.2750048379125376,0.15454141716377603
213,2019-10-29,2019-11-26,-0.04658536034912654,0.24910062571894723,-0.1870142245314446,0.12877964543212914,-0.3617447477262893,0.19588159451381007,-0.23782408176099554,True,False,0.270874014833158,0.15329733886684793
214,2019-10-30,2019-11-27,-0.04058563896539758,0.24803611457553537,-0.16362794198277075,0.12505798735577037,-0.3245345605150177,0.19629186244936997,-0.20676169892608734,True,False,0.2720314987560949,0.15228935493663115
215,2019-10-31,2019-11-28,-0.0028327128421821697,0.2625180130927209,-0.01079054655644396,0.12651712644621343,-0.022389955587447274,0.21642563006747906,-0.013088620055300114,True,False,0.2570262123149573,0.15039956339408217
216,2019-11-01,2019-11-29,0.06955706511049352,0.26335505404335613,0.2641189680720627,0.1349281643480806,0.5155118313998095,0.17881336362429978,0.3889925434020586,True,False,0.2561910873655172,0.13909264641856167
217,2019-11-04,2019-12-02,-0.12015336452569704,0.1999604817706774,-0.6008855522937461,0.109076627056858,-1.1015500549266628,0.17708193463455266,-0.6785184766230379,True,False,0.3374892182215988,0.137437646383076
218,2019-11-05,2019-12-03,-0.14228635894106584,0.19328212234670758,-0.736158922581748,0.1017690890204857,-1.3981294350824363,0.14338821934672952,-0.992315544396299,True,False,0.349165144079997,0.13882691069507105
219,2019-11-06,2019-12-04,-0.09313021636766142,0.1798865205596991,-0.5177164808007625,0.08106874236387925,-1.1487808204750964,0.13710804771647442,-0.6792468999357739,True,False,0.37525228739921285,0.14009418323766767
220,2019-11-07,2019-12-05,-0.07827626516252661,0.18131171686956574,-0.4317220448518391,0.08505434792088724,-0.9203088034410043,0.13981350837572945,-0.5598619623518064,True,False,0.37231198247284314,0.1535014937617285
221,2019-11-08,2019-12-06,-0.09629996354157291,0.17452491864760547,-0.5517834604238858,0.0743591927799366,-1.2950646711102585,0.122722073899609,-0.7846996101153709,True,False,0.3868000785124928,0.15575541142879712
222,2019-11-11,2019-12-09,-0.12230190287411864,0.15248847423015752,-0.8020403082368247,0.06251935182235174,-1.956224741766974,0.095553797985223,-1.2799271766574065,True,False,0.44277931412610655,0.15587616044611552
223,2019-11-12,2019-12-10,-0.12008815793821216,0.15292004316421032,-0.7853003141599806,0.06141390498794932,-1.95539036252093,0.09370252260303534,-1.2815893809706473,True,False,0.441528872248151,0.15648235517595843
224,2019-11-13,2019-12-11,-0.10677425535845136,0.15001484900796427,-0.711757909730541,0.05894764779200793,-1.8113403902933634,0.08634180756545089,-1.236646050958706,True,False,0.4500991961978249,0.14986939933101884
225,2019-11-14,2019-12-12,-0.08494951138311051,0.14499070124203442,-0.5858962723499312,0.05255944303973712,-1.6162559279573254,0.08099193750792644,-1.0488638004838045,True,False,0.4657162948185504,0.1467402373869325
226,2019-11-15,2019-12-13,-0.06875061229613307,0.13857221060806432,-0.49613563927753396,0.05355485331098394,-1.2837419588643055,0.07633772015080859,-0.9006112857485546,True,False,0.4873484850982832,0.1487997751653219
227,2019-11-18,2019-12-16,-0.09296652323658698,0.14122712327758305,-0.6582766899093493,0.048820751122456624,-1.9042419688177254,0.06960796186850517,-1.3355731261347366,True,False,0.47815971847775474,0.13725525736614547
228,2019-11-19,2019-12-17,-0.09114763865750135,0.141766019759543,-0.6429441893910951,0.04986223699072941,-1.82798935945148,0.07205024138830575,-1.2650566729717472,True,False,0.4763475947311559,0.13729276028357923
229,2019-11-20,2019-12-18,-0.09536440837324024,0.14205154147260962,-0.6713366668508022,0.052100292805369514,-1.830400622305368,0.06929269200277435,-1.3762549212176953,True,False,0.4753773665518365,0.13385786846024592
230,2019-11-21,2019-12-19,-0.09319307617063402,0.14204099955950286,-0.6560998335666752,0.04865149758816727,-1.9155232786359262,0.06386973644655503,-1.4591116443484342,True,False,0.4753773665518365,0.1170342584349365
231,2019-11-22,2019-12-20,-0.09162937953309343,0.14255967145768084,-0.6427440425204249,0.050383430782465426,-1.8186411308255437,0.06896841875453019,-1.3285701077070837,True,False,0.4736744183782174,0.12394628789604788
232,2019-11-25,2019-12-23,-0.07479136452736385,0.14485495423768804,-0.5163189959291347,0.04952123027010797,-1.510288902747827,0.07346818292185574,-1.0180102672052678,True,False,0.46615066684702855,0.11801477936700847
233,2019-11-26,2019-12-24,-0.06737923226606934,0.14582069586937377,-0.4620690627236321,0.049337698610509906,-1.365674406461193,0.07488794117409231,-0.8997340721309531,True,False,0.4630483615006761,0.11489723839736864
234,2019-11-27,2019-12-25,-0.0639386593318967,0.1463798695861209,-0.43679953748202466,0.04933030521023882,-1.2961334631804757,0.0757427961718318,-0.8441549898269405,True,False,0.4612710331956588,0.11384581136721424
235,2019-11-28,2019-12-26,-0.06544442400202732,0.1464560384034611,-0.44685370924576856,0.04641121391857037,-1.4100993806550974,0.07028718141544468,-0.9311004180862881,True,False,0.4609963898377732,0.11250680417332892
236,2019-11-29,2019-12-27,-0.08828742574817672,0.1443902116114171,-0.61145021371515,0.044161784149440435,-1.9991815876237733,0.05924621638585021,-1.4901782954913292,True,False,0.4675101354000765,0.12881041310440985
237,2019-12-02,2019-12-30,-0.11281965223926456,0.14034317812995406,-0.8038841199306215,0.04842806842208151,-2.329633535163313,0.052827080280702335,-2.1356405017991773,True,False,0.4809353201506261,0.13141576540018893
238,2019-12-03,2019-12-31,-0.08772301019314081,0.15724140952152862,-0.5578874576364712,0.053073283955126026,-1.6528656916596958,0.07309147955128374,-1.2001810707852896,True,False,0.42916855122726305,0.13616098614682137
239,2019-12-04,2020-01-01,-0.09279411645511476,0.16403954315753538,-0.5656813879687529,0.060008018198028035,-1.5463619569786782,0.0808581912581926,-1.1476155354354751,True,False,0.4113683955104973,0.13758462998296433
240,2019-12-05,2020-01-02,-0.16401710603591182,0.16214582323915294,-1.0115407400534695,0.08195787396448034,-2.001236709812593,0.09124608823150321,-1.7975247949235815,True,False,0.41619170876490724,0.1567186734809332
241,2019-12-06,2020-01-03,-0.1408786428089414,0.14962044562288856,-0.941573474283184,0.06816766513922536,-2.0666490853282338,0.09012127264415361,-1.563211866361505,True,False,0.45116352314154384,0.15110063962782236
242,2019-12-09,2020-01-06,-0.12317446103563381,0.15307467787476525,-0.8046690853493504,0.06840500694823058,-1.8006644035407111,0.09442278249669306,-1.3044993779964884,True,False,0.4409566067578355,0.14495696975337685
243,2019-12-10,2020-01-07,-0.09632178542396075,0.18513223230920128,-0.520286414864201,0.11465397141745325,-0.8401085826609066,0.1364774938086722,-0.7057704734745076,True,False,0.36455791648282504,0.15084522909626055
244,2019-12-11,2020-01-08,-0.09793034874595066,0.18472205040691703,-0.5301497494761654,0.11503537504192947,-0.8513063804091205,0.13583793547668158,-0.7209351968012039,True,False,0.3653732553072091,0.15099723693131048
245,2019-12-12,2020-01-09,-0.12061206877979402,0.1823017906025047,-0.6616066050759728,0.10989713056101234,-1.0974997087192644,0.13280770592017366,-0.9081707115119507,True,False,0.370233046278463,0.1533253730765055
246,2019-12-13,2020-01-10,-0.1641364612879872,0.18983919590696643,-0.864607861952938,0.08728286183056516,-1.8805119108790387,0.13915166707018592,-1.1795508077183103,True,False,0.355486960862821,0.14860819399904346
247,2019-12-16,2020-01-13,-0.21541571198109702,0.20548768315587856,-1.0483144715670734,0.06430532380659,-3.3498892351277028,0.1551724844147772,-1.3882339565131225,True,False,0.3283559866628341,0.14604476554178333
248,2019-12-17,2020-01-14,-0.2300189495111197,0.2081590647551856,-1.1050152909826114,0.0609984170413964,-3.770900306396771,0.1595971947030917,-1.4412468210298925,True,False,0.32413161685956204,0.14443706763594472
249,2019-12-18,2020-01-15,-0.23132644402414218,0.20838379734695908,-1.1100980353044607,0.061021521407469116,-3.7908993202491263,0.1603898266833339,-1.442276289012159,True,False,0.3237777923303539,0.14459542612026408
250,2019-12-19,2020-01-16,-0.2423566854424156,0.20927870889480962,-1.1580570556951977,0.062343291246033036,-3.887454136580205,0.1629721916043372,-1.4871045364034101,True,False,0.32238057194301434,0.1429616262215203
251,2019-12-20,2020-01-17,-0.24593832800955004,0.2088353115688726,-1.1776663925364992,0.06368817489575626,-3.8616011278718188,0.16171559998685126,-1.520807689731521,True,False,0.3230679372350552,0.1439545745740885
252,2019-12-23,2020-01-20,-0.24695584582707128,0.2088357901002537,-1.1825360284677147,0.06321508589288684,-3.9065966982235727,0.1629218492238412,-1.5157932898722153,True,False,0.323059067220333,0.1392906064746236
253,2019-12-24,2020-01-21,-0.2160691202561041,0.20257001112112083,-1.0666392278910024,0.06318650499280029,-3.4195453646427167,0.15268943721279096,-1.415088850939872,True,False,0.3330892349427158,0.14164447262058255
254,2019-12-25,2020-01-22,-0.2157021111262788,0.2025713439046701,-1.064820457664476,0.06362662140439924,-3.3901236049501255,0.15246092535594954,-1.4148025838271705,True,False,0.3330892349427158,0.14215325634840395
255,2019-12-26,2020-01-23,-0.21185612376774043,0.2025472152641068,-1.0459592026061455,0.06552367532966953,-3.2332759525748194,0.15114458985344778,-1.4016785117691577,True,False,0.333143547709863,0.15720271960667728
256,2019-12-27,2020-01-24,-0.18369527282866402,0.18138690519104542,-1.0127262088472557,0.059392367399340444,-3.0929104339879196,0.122760404557851,-1.496372331862896,True,False,0.3720755730892442,0.15398347006006471
257,2019-12-30,2020-01-27,-0.0453800147423256,0.1278384351383278,-0.35497942925554493,0.054019647728764546,-0.8400649883942415,0.11484173417113629,-0.39515264263338834,True,False,0.5284799271125128,0.13757822417597435
258,2019-12-31,2020-01-28,-0.008610850601572365,0.12076134715201485,-0.07130469148156315,0.03627782200862607,-0.23735853270146406,0.06327951680167493,-0.13607642783619434,True,False,0.5595611448079375,0.12735836393633176
259,2020-01-01,2020-01-29,-0.032734699166166586,0.12379683084821394,-0.26442275575133484,0.05016082170383659,-0.6525949546728189,0.07770020207044104,-0.42129490392431845,True,False,0.5457648804045208,0.10994323828456401
260,2020-01-02,2020-01-30,-0.03834490663947669,0.12143061407726588,-0.3157762721604781,0.047498827077026774,-0.8072811266959168,0.0764963403136981,-0.5012645896814271,True,False,0.5564183965617441,0.11000847943155911
261,2020-01-03,2020-01-31,-0.0447459430665665,0.10681260362097127,-0.41892006701146656,0.033775630130336666,-1.324799652705117,0.06166495930481746,-0.7256299780460701,True,False,0.6329418113024339,0.10026720804718024
262,2020-01-06,2020-02-03,-0.062145101816223854,0.10752323220268686,-0.5779690634585567,0.048037657419982414,-1.2936746951022868,0.07223716388352115,-0.8602926592803359,True,True,0.6286738000187577,0.11937972027514232
263,2020-01-07,2020-02-04,-0.04108416597842878,0.10143160293221219,-0.40504305158113063,0.03196313999206934,-1.2853607620722665,0.06443802832867443,-0.6375763977270336,True,True,0.6666591386037491,0.12694703044598876
264,2020-01-08,2020-02-05,-0.04247577134742824,0.10018506397250225,-0.42397309202783506,0.0325926942279894,-1.3032298296761127,0.06310008129665363,-0.673149233322475,True,True,0.6750034923772702,0.12381836813860973
265,2020-01-09,2020-02-06,-0.044700324072193764,0.10031139219595674,-0.4456156284310398,0.03210272544692114,-1.3924152373324683,0.06357314120832902,-0.7031322225483702,True,True,0.67412889778627,0.12471090408010416
266,2020-01-10,2020-02-07,-0.03607038145653432,0.10145340215392105,-0.3555364402842773,0.03254615651825015,-1.1082839055452822,0.06444453209547178,-0.5597120544392753,True,True,0.6664871798033453,0.1372620640346295
267,2020-01-13,2020-02-10,-0.03743266138692866,0.10104672750015954,-0.37044902208109176,0.031477502801868194,-1.1891877707880636,0.06508278835217807,-0.5751545429241883,True,True,0.6691412776219584,0.12971647887829418
268,2020-01-14,2020-02-11,-0.03923551219850479,0.10123004489629032,-0.3875876202435885,0.03158168959321119,-1.2423500041916333,0.0644144217341376,-0.6091106795997396,True,True,0.6679532227734676,0.13907706087070898
269,2020-01-15,2020-02-12,-0.03163837557047262,0.0982148988072258,-0.3221341767359734,0.03243623098799936,-0.9754023388900538,0.06082289560412943,-0.520172136762338,True,True,0.6885803671289065,0.14100777134574458
270,2020-01-16,2020-02-13,-0.031171917719356654,0.09807553120855562,-0.3178358285214913,0.0324912007741291,-0.9593956818049361,0.0612596162302514,-0.5088493796989092,True,True,0.6895347461290057,0.13895396878512756
271,2020-01-17,2020-02-14,-0.0304910495595721,0.09775635816849573,-0.31190860759171113,0.032610299800717356,-0.9350128562418603,0.06093759240931391,-0.5003651827063608,True,True,0.6918013175415332,0.13918385428807697
272,2020-01-20,2020-02-17,-0.03021437141155811,0.0978533009662691,-0.30877212228101814,0.032756701163010965,-0.9223874913776828,0.060573727007814555,-0.498803242000615,True,True,0.6911255655744077,0.13976946719591632
273,2020-01-21,2020-02-18,-0.02654728132676395,0.09657031961222876,-0.2749010403337451,0.03345799954667989,-0.793450944062742,0.05902481336647164,-0.44976476523420617,True,True,0.7003387443423515,0.14079179823263424
274,2020-01-22,2020-02-19,-0.030237927943723146,0.0967018619523306,-0.31269230326329184,0.03233397935316562,-0.9351749629531058,0.06031804860700715,-0.5013081265399293,True,True,0.6993560462146337,0.1418875113717068
275,2020-01-23,2020-02-20,-0.014548141585510693,0.0953675860460762,-0.1525480741274279,0.03981629800807136,-0.365381572705769,0.06412322802215094,-0.2268778730304272,True,True,0.7091230160467723,0.15877925160449402
276,2020-01-24,2020-02-21,-0.03125772512226923,0.09340034914426693,-0.33466390017438047,0.03170946938271981,-0.9857536480665059,0.05817713588016627,-0.5372853896873532,True,True,0.7242649217964267,0.16085736794934402
277,2020-01-27,2020-02-24,-0.0152585075878587,0.06228563067209999,-0.24497636811588944,0.018482242435572224,-0.8255766388223057,0.0271681674483684,-0.5616318294878243,True,True,1.0902794084343235,0.16848943244180092
278,2020-01-28,2020-02-25,-0.032880795610578044,0.06377389912716168,-0.5155838996924985,0.01936344616145649,-1.698085936584379,0.053538144145793776,-0.6141564324874217,True,True,1.0645245389923161,0.17148202227568002
279,2020-01-29,2020-02-26,-0.0391834882980553,0.06560726808628814,-0.597243101884997,0.02155973130772223,-1.817438619191911,0.06473163237234751,-0.60532211010322,True,True,1.0343324724862528,0.16982787668881522
280,2020-01-30,2020-02-27,-0.06994319975978475,0.04379702899223781,-1.5969850322993564,0.01796342455898083,-3.8936450858874005,0.039427731813733435,-1.7739595087593192,True,True,1.5612838674599465,0.1701416720468212
281,2020-01-31,2020-02-28,-0.06968325999300184,0.04422403512322164,-1.5756875146929274,0.018689246128130343,-3.7285217132496986,0.041179799033072104,-1.6921709583147355,True,True,1.545780732191529,0.1744777339451273
282,2020-02-03,2020-03-02,-0.018786325170717093,0.03959566030352825,-0.47445414539641106,0.03025142655946653,-0.6210062568053776,0.0808336590626285,-0.23240720992429376,True,True,1.7338549404131642,0.24490720214992923
283,2020-02-04,2020-03-03,-0.02219923802295386,0.0392987416159183,-0.5648841950186483,0.02422947718346861,-0.9162078840933493,0.07057704911627347,-0.31453905059676435,True,True,1.7474317078276607,0.24507434996970331
284,2020-02-05,2020-03-04,-0.039834988159853826,0.0376210793277227,-1.0588475629007197,0.020513821070032422,-1.9418609543224834,0.06183489886434155,-0.6442153038407498,True,True,1.8281608155048907,0.24637022934267358
285,2020-02-06,2020-03-05,-0.04514009413498732,0.03526236725460222,-1.280120923506516,0.020061604745606698,-2.250073945100158,0.05247755592925619,-0.8601790486553845,True,True,1.9559814243585043,0.2463053061799603
286,2020-02-07,2020-03-06,-0.04497501795799578,0.035303919966764144,-1.2739383615285842,0.020269590221806452,-2.2188419926521608,0.05236915746555442,-0.8588073617105239,True,True,1.953557274078027,0.24630307669996135
287,2020-02-10,2020-03-09,-0.031816800675432286,0.030461045048432615,-1.0445078501031084,0.01615277829426714,-1.9697416813257775,0.04024143023366078,-0.7906478594495496,True,True,2.284230275775072,0.25299742357572164
288,2020-02-11,2020-03-10,-0.059548475653896364,0.028324648446799234,-2.1023553307552354,0.02539043828616004,-2.345311056972001,0.046158353852675124,-1.2900909734337334,True,True,2.4677639873246844,0.28306587607976974
289,2020-02-12,2020-03-11,-0.05722613877582637,0.02779627762805614,-2.0587698662955227,0.024224665828609444,-2.3623086972882836,0.04518680162158979,-1.2664348155255207,True,True,2.519121473517542,0.28226907735739437
290,2020-02-13,2020-03-12,0.019404528000033887,0.02222494450265144,0.8730968033561983,0.04185300040038593,0.4636352905263862,0.07808743793304564,0.24849743458956708,True,True,3.2423249532319423,0.480904649052047
291,2020-02-14,2020-03-13,-0.004324356079363102,0.01904679084214173,-0.22703856598221805,0.02567930415438435,-0.16839849138298335,0.0592308581397755,-0.0730084995418824,True,True,3.905300480440133,0.48292540960212166
292,2020-02-17,2020-03-16,-0.02091731627550868,0.017007674550391542,-1.2298751492176885,0.01798536019818184,-1.1630190357612762,0.0415314391739038,-0.5036501669957066,True,True,4.575718959034121,0.48468854322919597
293,2020-02-18,2020-03-17,-0.039768603082354026,0.016688291045426584,-2.3830242997381443,0.02052412681635176,-1.93765140111442,0.04178960008851312,-0.9516387569663628,True,True,4.68823724315622,0.5373912832414777
294,2020-02-19,2020-03-18,-0.04270542377722073,0.016655624022603045,-2.5640242430584395,0.021227406303092885,-2.0118060194192657,0.0411112344564999,-1.0387774617278316,True,True,4.691466023526225,0.589759038768847
295,2020-02-20,2020-03-19,-0.04876721188055308,0.016503125064070742,-2.955028922778091,0.023288274617043102,-2.0940671940060205,0.0406077714842758,-1.2009329765716592,True,True,4.744377283066429,0.5956708513338972
296,2020-02-21,2020-03-20,-0.04657990404863141,0.01630686639532756,-2.856459537926799,0.021469310820158405,-2.169604065953326,0.03955276743802577,-1.1776648529490708,True,True,4.8317178924486015,0.6024907605463627
297,2020-02-24,2020-03-23,-0.05374351827975828,0.016140799400297796,-3.3296689306953855,0.023058577424912453,-2.3307386786876916,0.03919274554865813,-1.3712618885817849,True,True,4.885747675199161,0.6080548980195107
298,2020-02-25,2020-03-24,-0.05143431380243963,0.01622727919277739,-3.1696203159758642,0.023043961273173524,-2.2320083423467887,0.04063153501782874,-1.265871786036898,True,True,4.845997886682798,0.6359854802669781
299,2020-02-26,2020-03-25,-0.05173092267536333,0.0162378016067378,-3.185832905724001,0.023533964849059924,-2.1981388604576653,0.0409910375007248,-1.2620056926943757,True,True,4.844922105438549,0.657883339807679
300,2020-02-27,2020-03-26,-0.0399538503285769,0.01624166560123202,-2.4599601610777024,0.02551453457880011,-1.56592510849774,0.04250157886784729,-0.9400556730564718,True,True,4.866096656434231,0.8155477088455825
301,2020-02-28,2020-03-27,-0.03438100884114876,0.01648481860137888,-2.0856164494447604,0.02564889254306133,-1.3404480830284302,0.04447828642600711,-0.7729841143575549,True,True,4.750964848283496,0.8154484693395376
302,2020-03-02,2020-03-30,-0.044847435494778626,0.01621143277534423,-2.7664078873390228,0.0239972711306869,-1.8688556398993734,0.04340217522402193,-1.0332992589264693,True,True,4.861555921296372,0.8233864492067722
303,2020-03-03,2020-03-31,-0.04823150063450005,0.016306539280221348,-2.957801149935068,0.0243436733374952,-1.9812745581091808,0.04414727189241549,-1.0925137288672697,True,True,4.815480119195621,0.817855646786189
304,2020-03-04,2020-04-01,-0.04308963977982953,0.016285365982337787,-2.645911662443582,0.02272665140899081,-1.895995983059035,0.042480613843897556,-1.0143365615706483,True,True,4.816214877338795,0.827161568587433
305,2020-03-05,2020-04-02,-0.03975164671467505,0.016252846231629623,-2.4458267892373504,0.022663016838770228,-1.754031557116917,0.04226490765937522,-0.9405355155403332,True,True,4.836939760095809,0.8330254496299826
306,2020-03-06,2020-04-03,-0.039487126402527856,0.016291314937354806,-2.4238145634264754,0.02142779660297539,-1.8427991983573713,0.04302213497606013,-0.9178327952459973,True,True,4.804221486203878,0.8350211015928157
307,2020-03-09,2020-04-06,-0.037481593776637546,0.016295772732832958,-2.300080787277985,0.021485130707888496,-1.7445364557580176,0.043281716088812976,-0.8659913969151841,True,True,4.802977952561789,0.8385849702197677
308,2020-03-10,2020-04-07,-0.03792559384630161,0.016773926869683164,-2.260984809397704,0.024312008130086323,-1.5599531574427354,0.050271656639668795,-0.7544130506408447,True,True,4.60613352308833,0.8749456550554731
309,2020-03-11,2020-04-08,-0.03140256268670651,0.016916469421247405,-1.8563307688343231,0.02776046075919521,-1.1311974595488266,0.05109368534687114,-0.6146075091964281,True,True,4.557307117739573,0.8710768127628166
310,2020-03-12,2020-04-09,-0.029521708049840525,0.01709181934810631,-1.7272419891982644,0.028844412233135688,-1.0234810059997264,0.05472325210981072,-0.5394728367130049,True,True,4.4958972760342935,0.8887415060062946
311,2020-03-13,2020-04-10,-0.08541488334704044,0.019499614450293974,-4.380337035112647,0.017335521436482107,-4.927159743074545,0.048188886429240775,-1.7725017047750478,True,True,3.763689324160478,0.8014467070599317
312,2020-03-16,2020-04-13,-0.08517896558589168,0.02168543124622956,-3.927935055508833,0.019968775532155876,-4.265607846045809,0.09070078637734032,-0.9391204750036417,True,True,3.3140066471136205,0.8025671104246958
313,2020-03-17,2020-04-14,-0.1608931680797506,0.040447581623042524,-3.977819232289814,0.06933485678062645,-2.32052355121771,0.10993414525486042,-1.4635413565708073,True,True,1.6879712780797953,0.8037295776457943
314,2020-03-18,2020-04-15,-0.0739777817061467,0.040504737619805574,-1.8263982450777274,0.06564163604666624,-1.1269947880877633,0.10384021433940518,-0.7124193856567733,True,True,1.69174150090634,0.7731728208709864
315,2020-03-19,2020-04-16,-0.09800733635311999,0.040825282291875445,-2.400652998610722,0.07390430680850069,-1.3261383616935152,0.10507553865816824,-0.9327321811021828,True,True,1.6774621895691424,0.7138828395882214
316,2020-03-20,2020-04-17,-0.07711701104572605,0.041496084452451384,-1.8584165726308752,0.07104623712561121,-1.085448211836773,0.1126137536285476,-0.684792119620608,True,True,1.6503790171934165,0.6989952869058994
317,2020-03-23,2020-04-20,-0.06241065368465464,0.039284454926905646,-1.588685748619361,0.06452585993539674,-0.9672192474015869,0.10330898727021107,-0.6041164020068815,True,True,1.746980586178092,0.7015076542959867
318,2020-03-24,2020-04-21,-0.015990612521943837,0.039770167898832746,-0.4020755598171151,0.06331649574504401,-0.2525504978407696,0.11407746723869457,-0.14017327794002682,True,True,1.7256329280029283,0.6828796561693816
319,2020-03-25,2020-04-22,-0.015882900170424236,0.03934686583541754,-0.4036636675678361,0.059039528643407294,-0.2690214596114973,0.10665981057979818,-0.14891176052240734,True,True,1.7452249654487577,0.6764798650532975
320,2020-03-26,2020-04-23,0.0007527901001898261,0.040157536850034384,0.018745923162595105,0.059077169858835155,0.012742487529253981,0.10997801556230323,0.006844914379850451,True,True,1.7088985553288845,0.6668530198515669
321,2020-03-27,2020-04-24,-0.04380508783225158,0.03897358199318266,-1.1239687396430242,0.05201932630723972,-0.8420925633201649,0.08330608649860617,-0.5258329813990782,True,True,1.7610232294183656,0.5144605692688259
322,2020-03-30,2020-04-27,-0.03135790688598156,0.04160950317636246,-0.7536236795010657,0.05690448044609256,-0.5510621771810729,0.09806111561688115,-0.31977921818159816,True,True,1.6459008748829738,0.5180469635543781
323,2020-03-31,2020-04-28,0.03003468958938094,0.046692429929490166,0.6432453747799389,0.07130379326045899,0.4212214836827827,0.0874609393049412,0.3434068948729447,True,True,1.462613085615991,0.5043727325603503
324,2020-04-01,2020-04-29,0.021623464452106608,0.04726110385849623,0.45753193824776295,0.0661274543054828,0.3269967773477975,0.08769974392994813,0.24656245825961326,True,True,1.4446018481234528,0.4968009611429282
325,2020-04-02,2020-04-30,-0.05124839695735816,0.04794055068519356,-1.068998921057163,0.0881810053920853,-0.5811727449634858,0.08018253872867895,-0.6391465993708692,True,True,1.423389121984134,0.44464305447140107
326,2020-04-03,2020-05-01,-0.02190077318257035,0.04976366840595146,-0.44009563370435006,0.08239835028863376,-0.26579140366104387,0.08764468126806092,-0.24988137175816658,True,True,1.3703805479524056,0.4710514013869798
327,2020-04-06,2020-05-04,0.01663996535102495,0.051711809787330525,0.32178269179628993,0.06830795596963347,0.24360215607128252,0.0877663140704144,0.18959398634053154,True,True,1.3175935622589565,0.44499220149352453
328,2020-04-07,2020-05-05,0.020327171114430134,0.05132217457430852,0.3960699499394508,0.06940322133694035,0.29288512439134945,0.0873595038031889,0.23268414115795524,True,True,1.3277650436146218,0.4481114781911854
329,2020-04-08,2020-05-06,0.0570536478724773,0.051814628070114166,1.1011108252147217,0.06171398977231214,0.9244848385750342,0.08672028746679834,0.6579042752172704,True,True,1.3145168112534051,0.4331295721846493
330,2020-04-09,2020-05-07,0.07620088393349779,0.0523806815009204,1.45475167084565,0.0705536138718676,1.0800422508744372,0.09338696755610236,0.8159691435287263,True,True,1.2998088311081,0.441785951865952
331,2020-04-10,2020-05-08,0.079282868397068,0.05116926935075491,1.5494234997494316,0.06949077286496232,1.1409121690319106,0.08955757157459977,0.8852726464453857,True,True,1.3311103505051605,0.4338023077911186
332,2020-04-13,2020-05-11,0.08402109329262811,0.051217880439851766,1.6404640834620074,0.07069899384499545,1.1884340741374735,0.0910864489606983,0.9224324172400361,True,True,1.3294496111793337,0.4461206568075352
333,2020-04-14,2020-05-12,0.04228239218263593,0.046134907991753536,0.916494559611862,0.055304270176258885,0.7645411836713287,0.0766755446840916,0.5514456057252964,True,True,1.4805758398559394,0.44388403500146545
334,2020-04-15,2020-05-13,0.041235246334582504,0.046590517924050084,0.8850566203578694,0.04975650754497194,0.8287407691810448,0.07718089771175991,0.5342675138164344,True,True,1.4655330937157292,0.4430909986754788
335,2020-04-16,2020-05-14,0.013575522135326932,0.04727993832798986,0.28713070734464524,0.04379539316779203,0.3099760306595587,0.0698836459934426,0.1942589277125118,True,True,1.444080405290215,0.41052302165841315
336,2020-04-17,2020-05-15,0.015021313727815244,0.04728282396731689,0.31769070599925175,0.044407401772798526,0.3382614863321379,0.06981653029210916,0.21515411414699007,True,True,1.4440531686946592,0.4051619774314974
337,2020-04-20,2020-05-18,0.0218778887510691,0.0469778307005959,0.46570666258524335,0.04447192159281981,0.49194835679422005,0.07141212254257737,0.3063609926735486,True,True,1.4536403107324454,0.41700035182933376
338,2020-04-21,2020-05-19,0.022237588167963392,0.05232607300079092,0.4249810255706991,0.05411644238066281,0.41092110252815606,0.0926838359687454,0.2399295188371605,True,True,1.3018680394702409,0.41645537746100625
339,2020-04-22,2020-05-20,0.008811015954350862,0.05269610211371617,0.16720432064096558,0.06304361223241513,0.1397606457236044,0.08891982470436298,0.0990894435930949,True,True,1.2924452219678755,0.39310706215411534
340,2020-04-23,2020-05-21,0.015612158077416893,0.053121310171358196,0.29389632949668126,0.060427843191269176,0.25836033942168884,0.09077380288809567,0.17198968844197576,True,True,1.2817924828660656,0.392932851506489
341,2020-04-24,2020-05-22,0.012352362904010554,0.05301933681276522,0.2329784498744717,0.05912559717589539,0.20891734703774673,0.08991721504322737,0.13737483860095312,True,True,1.2844393768480067,0.39657119778874855
342,2020-04-27,2020-05-25,0.06563385968993232,0.05819331165561752,1.1278591615192353,0.04516261632053998,1.4532785085810453,0.09657496026503326,0.6796157048349961,True,True,1.1677277072521652,0.38702833959157795
343,2020-04-28,2020-05-26,0.06407109609417036,0.05956539375189081,1.0756429540455532,0.044959480556992774,1.425085327953262,0.09476452526513063,0.6761084479124789,True,True,1.1401201964323366,0.41490259112958944
344,2020-04-29,2020-05-27,0.06731445045175677,0.05965513382148661,1.1283932520072804,0.04744848921511668,1.4186848004069004,0.10052547600138488,0.669625781735462,True,True,1.138646588882955,0.4114693976663651
345,2020-04-30,2020-05-28,0.04529369606960663,0.06053341686106048,0.7482428453290044,0.046492308996786795,0.9742191138051886,0.09315627208060306,0.48621198613890915,True,True,1.1220449906169268,0.4103231132171533
346,2020-05-01,2020-05-29,0.07670999815816595,0.06325620097912713,1.2126874040930504,0.06846339425604028,1.1204527469275758,0.11774001509067339,0.6515201998155887,True,True,1.0729791133215163,0.40455429825976674
347,2020-05-04,2020-06-01,0.020610608612534814,0.0668841205160385,0.30815399011776623,0.04886833543076035,0.4217579426607887,0.09300069285404451,0.2216177963843898,True,True,1.0139131234885363,0.3830431874221246
348,2020-05-05,2020-06-02,0.03192844575748515,0.06674627151112386,0.4783554951404887,0.044999676281065625,0.7095261209894433,0.0931653569156637,0.3427072767658456,True,True,1.0156413193051592,0.3894495392669749
349,2020-05-06,2020-06-03,0.030705364217402935,0.06799140968685259,0.4516065243951015,0.04248686311710234,0.7227025476739192,0.09522892700968094,0.3224373641664726,True,True,0.9967762979235973,0.39017990413435044
350,2020-05-07,2020-06-04,0.015943010541341958,0.06816704798769617,0.23388148690580815,0.03378275435680616,0.47192749214452206,0.08125461312950157,0.19621052796020808,True,True,0.9937154683826267,0.3484501295005478
351,2020-05-08,2020-06-05,0.013105309535610125,0.07005601815129875,0.1870690039406296,0.03440297206562079,0.380935388681328,0.0842446884463309,0.1555624428946523,True,True,0.9665673168386689,0.34901953951741765
352,2020-05-11,2020-06-08,-0.005937266520386102,0.07398987968032639,-0.0802443056542069,0.041918963191504906,-0.1416367693366357,0.08417366506627187,-0.07053591542808021,True,True,0.9148170039049067,0.34185140100905786
353,2020-05-12,2020-06-09,0.003982101207985883,0.07236422863329194,0.05502858640510506,0.035908022309776674,0.11089725782256954,0.07755853575518586,0.051343171569863275,True,True,0.934934454621295,0.3008352765377948
354,2020-05-13,2020-06-10,0.04943217304250272,0.09509190122362517,0.5198357841879127,0.058374103596799815,0.8468168245278663,0.10850402884337561,0.4555791482531725,True,True,0.7100990818296289,0.3020026973503655
355,2020-05-14,2020-06-11,0.040882186694813846,0.04313784660957965,0.9477104192246608,0.018515249135367833,2.2080279015376942,0.05914244176094474,0.6912495574677266,True,True,1.5833376530823773,0.3242071306708881
356,2020-05-15,2020-06-12,0.015865782211072047,0.04168402941234336,0.38062016639816293,0.023598671572219624,0.6723167514966927,0.1254500331399654,0.1264709288149051,True,True,1.6412631766018124,0.34020974322210995
357,2020-05-18,2020-06-15,0.009232748029020427,0.04146759461285452,0.22264971275084214,0.026698390243379604,0.34581665579294135,0.13630000487017407,0.06773842772650399,True,True,1.6506341336600419,0.3503260133001611
358,2020-05-19,2020-06-16,-0.00022961755804877843,0.04208020596873144,-0.005456664309566366,0.0248869764507956,-0.009226414406055256,0.17352257993392867,-0.0013232719230904058,True,True,1.6262038331965127,0.3334117059184842
359,2020-05-20,2020-06-17,-0.000531420655589353,0.04218492188326709,-0.012597407601225031,0.02417731215830502,-0.021980137912344714,0.17048928687780482,-0.0031170325439289293,True,True,1.6226623164673122,0.3449592674233802
360,2020-05-21,2020-06-18,-0.008444405451937805,0.04284772499239266,-0.1970794354528054,0.02615548006607314,-0.32285415639880505,0.20191340568744912,-0.041821915801912045,True,True,1.5972825134900492,0.34743247201281624
361,2020-05-22,2020-06-19,-0.008498748984852077,0.04265101463482704,-0.19926252769406225,0.026132993421705233,-0.3252114615309736,0.1885922740971911,-0.04506414181353073,True,True,1.6048717479999755,0.34752077500893247
362,2020-05-25,2020-06-22,0.0026646206808741955,0.04170530165302855,0.06389165346513437,0.02399307259670903,0.11105791766077029,0.13781747869442057,0.01933441756529588,True,True,1.6419870079391963,0.3485662811554125
363,2020-05-26,2020-06-23,0.004015094596781108,0.041670015269644055,0.09635452664943085,0.024433882738812748,0.1643248696779251,0.14310935603517072,0.0280561292987326,True,True,1.6430283161798733,0.3520221359843686
364,2020-05-27,2020-06-24,0.012977183964657236,0.04126788240284824,0.3144620758093847,0.030201350292394857,0.42968886619367747,0.07348579139726165,0.17659446428906272,True,True,1.6607094231555637,0.34701303763884217
365,2020-05-28,2020-06-25,0.0076232998331678325,0.04101037241632017,0.18588711547847644,0.025853301018443457,0.2948675616985798,0.0820906291424415,0.09286443425765543,True,True,1.6716266982207426,0.3515852757956349
366,2020-05-29,2020-06-26,0.013315405543007917,0.04063903481015905,0.32765063454900994,0.02879193653116435,0.4624699533008258,0.05338448909640911,0.24942461318607193,True,True,1.687684251607636,0.34249355503488377
367,2020-06-01,2020-06-29,0.006548051151009858,0.039970843069126405,0.16382069148968217,0.025070643814084633,0.2611840046696837,0.058861922028958485,0.1112442632741145,True,True,1.717014209608804,0.34351068688827097
368,2020-06-02,2020-06-30,0.01074460590774691,0.039822427261082934,0.2698129332324059,0.026473929541948826,0.4058561042372543,0.04414940877110228,0.24336919127170112,True,True,1.7236735829986047,0.3220073320094845
369,2020-06-03,2020-07-01,0.009365017476824415,0.03971427487256804,0.23580985695632434,0.024556225127427164,0.3813704031555121,0.04322058280186509,0.2166795741685438,True,True,1.728539355050743,0.31109182975354044
370,2020-06-04,2020-07-02,0.007286502512889957,0.039755832999151614,0.1832813442255241,0.023847048474915734,0.3055515453224534,0.04433978177944499,0.16433329665749122,True,True,1.726653501622842,0.3028694993181529
371,2020-06-05,2020-07-03,0.007293682080227865,0.03975555297439625,0.18346322801559853,0.023780454613469726,0.3067091104346078,0.04483469349269599,0.162679423277781,True,True,1.7266715620317694,0.3028934666632043
372,2020-06-08,2020-07-06,0.002187946640252853,0.039907902509943124,0.054824896891229054,0.02256871875656545,0.09694598368001546,0.056163262661829604,0.0389569005886806,True,True,1.7198691112679185,0.30801019527654355
373,2020-06-09,2020-07-07,0.0059221456937107834,0.03986870479709932,0.14854121105388038,0.02404786370861469,0.24626493918415246,0.04363377166578098,0.13572390072241045,True,True,1.7215455624648304,0.30970389656863684
374,2020-06-10,2020-07-08,0.0081637150886336,0.03991826654595738,0.20451076148897454,0.023694667655225325,0.34453807107242873,0.03850876891784245,0.21199626261879975,True,True,1.7192703653702424,0.309146299195501
375,2020-06-11,2020-07-09,0.007034937000204934,0.03982138465071988,0.17666228992059316,0.02344761936527412,0.30002777214234644,0.040042452028214465,0.17568696830174185,True,True,1.72361872018665,0.30883929086996476
376,2020-06-12,2020-07-10,-0.014990136443178302,0.07336565357088787,-0.20432090104253525,0.0791905589168432,-0.1892919641963787,0.09933841964566752,-0.15089968711649493,True,True,0.9239520454888918,0.2828604791428909
377,2020-06-15,2020-07-13,0.0008248202459079316,0.06886798571551096,0.011976831285805407,0.053644675757158054,0.015375621797804828,0.08080678517701413,0.010207314201413813,True,True,0.9849865041850762,0.27221699699268
378,2020-06-16,2020-07-14,-0.004286033810323763,0.06732269536575991,-0.06366402573512564,0.06122935010369989,-0.06999966197689189,0.07660408004271062,-0.05595046383866348,True,True,1.007859331734621,0.26917120949845413
379,2020-06-17,2020-07-15,0.0006545337974366894,0.06655044423129075,0.009835152942960222,0.05615736526002002,0.011655350894865968,0.07703416181990003,0.00849666929546062,True,True,1.019704814898132,0.26789987725957337
380,2020-06-18,2020-07-16,-0.0007626751867166185,0.0664515377940647,-0.011477163840514448,0.05552036391261133,-0.013736854965811535,0.0745510947979098,-0.010230234563074474,True,True,1.0211851033920234,0.2586753002958198
381,2020-06-19,2020-07-17,-0.011698374349479892,0.06500834021660652,-0.1799519001792868,0.05749650681257391,-0.20346234924521667,0.07030435952418569,-0.1663961442598092,True,True,1.0441314603910357,0.25423782573031056
382,2020-06-22,2020-07-20,-0.009931624594020614,0.06726462058853264,-0.14765005001327208,0.06357090367556634,-0.15622909255319997,0.07935192420300488,-0.12515921565572477,True,True,1.0086937258420388,0.25406229783722417
383,2020-06-23,2020-07-21,-0.04043555978612375,0.07055048862174403,-0.5731435823629619,0.05528014908289694,-0.7314661855467763,0.07468779493254366,-0.5413944784772966,True,True,0.9610478032353752,0.26639018145987514
384,2020-06-24,2020-07-22,-0.04011773521547078,0.0705392391009503,-0.56872934450083,0.05463559936351592,-0.7342783035754569,0.07480783612714978,-0.5362771775310177,True,True,0.9612351073247911,0.260600894716175
385,2020-06-25,2020-07-23,-0.08575461032487372,0.07212219110810747,-1.1890183729489299,0.03199794280545777,-2.6800038629435536,0.04975757183844498,-1.7234484553085803,True,True,0.9394825559117872,0.2231357556569182
386,2020-06-26,2020-07-24,-0.07282144058541891,0.07291651491179035,-0.9986961208104027,0.03689484279009879,-1.9737566304242795,0.050835527402958,-1.432491100331962,True,True,0.9291419222615319,0.21117223585103728
387,2020-06-29,2020-07-27,-0.0885111159847526,0.07712802393793373,-1.1475869789686177,0.03912205119958462,-2.2624354621184173,0.05237250566620697,-1.6900301954020092,True,True,0.8775191231102758,0.23236477463537727
388,2020-06-30,2020-07-28,-0.06607503421584464,0.08048161794533067,-0.8209953515190004,0.04728665710464124,-1.3973293580391264,0.05369648105584004,-1.2305282006679712,True,True,0.8406113128020505,0.22665193675377165
389,2020-07-01,2020-07-29,-0.06882712106376142,0.08049870630608577,-0.8550090333384405,0.04564268587707539,-1.5079551025793314,0.05315408992901143,-1.2948603043656979,True,False,0.8404648500991593,0.22671055702244003
390,2020-07-02,2020-07-30,-0.07106555654644862,0.0816370620739496,-0.8705060513088412,0.04512804430866129,-1.5747537398337739,0.05354492266933067,-1.3272137301480011,True,False,0.8288588149164758,0.2308465814636619
391,2020-07-03,2020-07-31,-0.07305226638924586,0.08204127122905304,-0.8904331356018296,0.04475880665333042,-1.6321316820409504,0.05387109711017913,-1.356056778272711,True,False,0.8247356437888664,0.23049305112035273
392,2020-07-06,2020-08-03,-0.07409287851916423,0.08208030171309255,-0.9026876969598875,0.04190937340824507,-1.7679309541904893,0.05322995475266235,-1.3919395359895246,True,False,0.8245614895689034,0.2663315971958557
393,2020-07-07,2020-08-04,-0.06828272159627079,0.082154122948368,-0.8311539232082719,0.04352746637238313,-1.568727226439123,0.0568559388066315,-1.2009778227126293,True,False,0.823997893533502,0.25065818098655496
394,2020-07-08,2020-08-05,-0.07586776739228727,0.08415165956481445,-0.9015599666677181,0.047421329723907946,-1.5998658796368117,0.0492731382398574,-1.5397388943032106,True,False,0.8039196068390155,0.2853605269412447
395,2020-07-09,2020-08-06,-0.07288255393588608,0.08503920606883031,-0.8570465001389512,0.04851060761637506,-1.5024044743418987,0.052181168820408554,-1.3967213763786184,True,False,0.7955390997826914,0.2900635649733016
396,2020-07-10,2020-08-07,-0.07959841342835883,0.08681477117972618,-0.9168763834390825,0.04655007202229138,-1.70995253004639,0.05183341112758654,-1.5356584044300978,True,False,0.7793442540939673,0.31788359059807425
397,2020-07-13,2020-08-10,-0.08419037406823435,0.08923748556977944,-0.9434418006141769,0.04854081831017017,-1.7344242845324047,0.055283063820895616,-1.5228963130732363,True,False,0.7580415184877675,0.3176928814694368
398,2020-07-14,2020-08-11,-0.08651287817822752,0.12103873303214188,-0.714753666128131,0.083894886828676,-1.0312056127436917,0.09495406000194079,-0.911102465512894,True,False,0.5580911604568654,0.3181866242239359
399,2020-07-15,2020-08-12,-0.03443339769357356,0.12962350965441646,-0.265641609190917,0.08930500176007705,-0.3855707632824512,0.10142824922075432,-0.3394852810544991,True,False,0.5210040240872332,0.3133698981906768
400,2020-07-16,2020-08-13,-0.06264050696142517,0.13592365153826416,-0.4608506779542419,0.10154668836355421,-0.6168641042941906,0.10557115219982133,-0.5933487099095163,True,False,0.4967929597889478,0.30965686794889546
401,2020-07-17,2020-08-14,-0.06348415807391723,0.13666415085124786,-0.46452678100650246,0.1028497439066117,-0.6172514939031963,0.10586517470030773,-0.5996698938402895,True,False,0.4940819955699059,0.3101014557320714
402,2020-07-20,2020-08-17,0.007945334547573697,0.15255602687895853,0.052081420250133466,0.0925016930676594,0.08589393646840782,0.11391723583341297,0.06974655318351095,True,False,0.4424327469868505,0.30535044816466234
403,2020-07-21,2020-08-18,0.014845842684091825,0.15727078612107964,0.09439669661638435,0.09537834451314764,0.15565213214667786,0.12446129085189926,0.11928080274980757,True,False,0.42910531101761357,0.3055909772854818
404,2020-07-22,2020-08-19,0.051130571085862414,0.15214703928926473,0.3360602435953554,0.09392896375179735,0.5443536162175964,0.1286596489707867,0.3974095335630215,True,False,0.44369241882997906,0.2889276406458367
405,2020-07-23,2020-08-20,0.05246634889906896,0.15266376842645946,0.34367256514005695,0.09559680641795311,0.5488295149702382,0.13841214258924253,0.37905885941503137,True,False,0.4422540255610333,0.2930696147447101
406,2020-07-24,2020-08-21,0.08783305809738129,0.1721162058307301,0.5103125395627292,0.13931960501753826,0.6304429163887194,0.19519195296648317,0.4499829873235773,True,False,0.39219658321027095,0.2986033025714154
407,2020-07-27,2020-08-24,0.08916738872307835,0.17214316571023086,0.5179839022664082,0.1392216484285616,0.6404707150758422,0.19151084482282357,0.46559968343083463,True,False,0.3921163469443205,0.2981907732441764
408,2020-07-28,2020-08-25,0.0054579427586609495,0.1782201856638532,0.030624717050600263,0.0968665168729684,0.056344988287527084,0.1599191965304239,0.03412937831777188,True,False,0.37878879655020997,0.26677831179552836
409,2020-07-29,2020-08-26,-0.027078104381893755,0.1702089522596177,-0.15908742767296893,0.0874670642465632,-0.3095805788743815,0.13681455626429279,-0.197918299932833,True,False,0.39663926383255377,0.26857807937981065
410,2020-07-30,2020-08-27,-0.03073514147208357,0.17109469318630188,-0.17963819274404166,0.08247180638545314,-0.3726745274431726,0.1457656259430249,-0.2108531505507132,True,False,0.39458298436625683,0.2683881243575756
411,2020-07-31,2020-08-28,0.06195963199886823,0.16103901682476765,0.3847491944532221,0.11476799434825748,0.5398685613591448,0.17304137722947482,0.35806252233361446,True,False,0.4191852011513173,0.29372366834003427
412,2020-08-03,2020-08-31,-0.024568869629292174,0.12041370302036818,-0.2040371570097492,0.048683990137569584,-0.5046601472037581,0.13038562553134303,-0.18843234849830998,True,False,0.5610535166870614,0.2935563697682583
413,2020-08-04,2020-09-01,-0.009882741942925901,0.12021657006343735,-0.08220781825426275,0.05173551149605886,-0.19102434009333716,0.12200100881217706,-0.08100541166950985,True,False,0.5618054169682035,0.26352454638194744
414,2020-08-05,2020-09-02,0.006473412889107058,0.1208782501635507,0.05355316510909449,0.0562420290054384,0.11509920612005486,0.1413794496773144,0.04578750945686964,True,False,0.5588289485329384,0.2842249868243514
415,2020-08-06,2020-09-03,-0.04868215162885389,0.07439393635463223,-0.6543833276517117,0.03350784931133536,-1.452858140089141,0.046762007869934764,-1.0410620468706107,True,False,0.9108334923262325,0.2345097783680292
416,2020-08-07,2020-09-04,-0.04863993393473238,0.06954913621358627,-0.6993607193820284,0.025764883061772853,-1.88783833476423,0.0382695456847855,-1.2709827896929997,True,False,0.9749264336392057,0.23098995208304163
417,2020-08-10,2020-09-07,-0.03715736289580956,0.06977125958887877,-0.5325597260928951,0.022276292180694865,-1.6680227837921322,0.03597399968671862,-1.0328949580084594,True,False,0.9716395079212884,0.1960632863298184
418,2020-08-11,2020-09-08,-0.033658456928789576,0.06985858033572984,-0.48180848747615673,0.02262876075523402,-1.4874193639174162,0.041479535678373786,-0.8114472927028956,True,False,0.97057906076626,0.2176016249761147
419,2020-08-12,2020-09-09,-0.014586047196094045,0.06722330458465384,-0.21697902663689997,0.02481174709478181,-0.5878686067681891,0.0539077930078868,-0.2705740001999355,True,False,1.0091393113926448,0.22224374976061118
420,2020-08-13,2020-09-10,-0.01709685242217161,0.06872769427757866,-0.24876219989456552,0.024653576555982545,-0.6934836567566021,0.05159235904727099,-0.33138342068264,True,False,0.9867134876674628,0.22484379898432924
421,2020-08-14,2020-09-11,-0.03947642317530891,0.065093951493801,-0.6064530155166308,0.021424045745249663,-1.8426222406690849,0.04173200767184841,-0.9459507312881792,True,False,1.0425458953485018,0.2299986269243147
422,2020-08-17,2020-09-14,-0.031491351588881306,0.06460348000617187,-0.4874559634538695,0.018920899979240534,-1.6643685883564052,0.04347025550444714,-0.7244344718806551,True,False,1.050529911959355,0.24075325552148882
423,2020-08-18,2020-09-15,-0.03354327037363215,0.06480766449885104,-0.5175818421018217,0.01880130430456149,-1.7840927326246208,0.04373399397734794,-0.7669839253877869,True,False,1.0472064329251267,0.2394324656030744
424,2020-08-19,2020-09-16,-0.034547520548104775,0.06478705387229562,-0.5332472844991962,0.019076947312771042,-1.8109564377198324,0.04311993175897004,-0.8011960858662077,True,False,1.0475206964424741,0.2406378821858902
425,2020-08-20,2020-09-17,-0.034688889718889435,0.0650098307593533,-0.5335945243004431,0.018807114793837686,-1.8444556806903496,0.04360750503620421,-0.7954798076636055,True,False,1.0439153251743745,0.24187222772309924
426,2020-08-21,2020-09-18,-0.0329181528137435,0.06478203683915823,-0.5081370456979172,0.01915659852689632,-1.7183714931189706,0.04148988807135503,-0.7934018225628927,True,False,1.0475016008382236,0.23592321121129262
427,2020-08-24,2020-09-21,0.007188089395205565,0.0638185607077716,0.1126332107068379,0.05205751052268757,0.13807977605984195,0.0836939970583167,0.08588536391919499,True,False,1.0638380452178537,0.3246018643515446
428,2020-08-25,2020-09-22,0.0013291955605016779,0.0634432248349743,0.020950945730755684,0.047291326994097195,0.02810653971853201,0.08180774408277945,0.01624779628633561,True,False,1.070279277937708,0.3258509617006021
429,2020-08-26,2020-09-23,0.017669077763849746,0.06288477481673244,0.2809754477986672,0.0605695663231476,0.29171544120990733,0.09700800106906142,0.18214041696695585,True,False,1.0799364437332202,0.35237482454014574
430,2020-08-27,2020-09-24,0.02075396505097175,0.06313349064591345,0.32873146785707036,0.06404792208852512,0.32403806984223843,0.10813336969388247,0.19192932865890225,True,False,1.0755723465566764,0.353198575769051
431,2020-08-28,2020-09-25,0.0066490239848657155,0.06182901006313097,0.10753890411760887,0.05767402014269337,0.11528629300359375,0.10082139050658823,0.0659485447627429,True,False,1.0985333815181566,0.3568513691828693
432,2020-08-31,2020-09-28,-0.012451326215883836,0.06260182621951804,-0.19889717230009102,0.05931524953759215,-0.20991779201725475,0.08900151201388846,-0.1399001649987793,True,False,1.0846591258306824,0.329423838655061
433,2020-09-01,2020-09-29,0.013023283284752095,0.06646304036442119,0.1959477510108563,0.06671526677071615,0.1952069431050901,0.1480913443493341,0.08794088096081663,True,False,1.020768886017519,0.32725744108931365
434,2020-09-02,2020-09-30,0.010238437966790666,0.066499568944722,0.15396247117483428,0.06543892242822086,0.15645792422729884,0.1376541554572391,0.07437797960244749,True,False,1.0203287096177251,0.3465723870407174
435,2020-09-03,2020-10-01,0.004834407600052974,0.06654256968343372,0.07265135120347684,0.06484323977603809,0.07455530625475412,0.12221988018186784,0.03955500195924911,True,False,1.0197999165654947,0.3413058833424753
436,2020-09-04,2020-10-02,0.10233066457742777,0.10111443860902933,1.0120282126383664,0.12846145506745074,0.79658652880506,0.15797175891188725,0.647778218602385,True,False,0.6686119732007128,0.3413323651812497
437,2020-09-07,2020-10-05,0.11385690346171368,0.1113803652372763,1.022234962321784,0.14988634350310392,0.7596215959418335,0.1996045882183307,0.5704122559406059,True,False,0.6067438597439919,0.35857567915878436
438,2020-09-08,2020-10-06,0.10670942735632924,0.10702433474044715,0.997057609515802,0.13402705716800556,0.796178246475761,0.180233306470801,0.5920627515848015,True,False,0.6315591791552078,0.3589223071061844
439,2020-09-09,2020-10-07,0.07870370233413448,0.10543685477050406,0.7464534341947369,0.14414974279632034,0.5459857285027603,0.17753206346874473,0.4433210587223902,True,False,0.6411881402160716,0.3498069040243879
440,2020-09-10,2020-10-08,0.06556084491294019,0.11180280897178,0.5863971175311733,0.16176601032744758,0.40528195496836195,0.19904555637471785,0.32937607905959526,True,False,0.6045524684299671,0.3456585338124521
441,2020-09-11,2020-10-09,0.1383715486388323,0.11128532034721253,1.2433944405884818,0.1632152518330438,0.8477856516765686,0.21505521513294196,0.6434233578260092,True,False,0.607172379172131,0.3822448203824168
442,2020-09-14,2020-10-12,0.24857691572054005,0.1266065193178147,1.9633816414820513,0.16143245643498202,1.539819942098546,0.23933745796941006,1.0386043113749077,True,False,0.5330955211309211,0.37949447165309147
443,2020-09-15,2020-10-13,0.2655533244531802,0.12630512467611374,2.1024746631155535,0.15506256402810312,1.7125560003319178,0.23144971500554207,1.1473478135275368,True,False,0.5343289504424824,0.39091123383908116
444,2020-09-16,2020-10-14,0.25888241769714154,0.12628043186171428,2.0500596480429802,0.15202666196071296,1.7028751033423497,0.23520736412990187,1.1006560898074784,True,False,0.5344654252811977,0.39329883326188797
445,2020-09-17,2020-10-15,0.28016482626917666,0.12596008126381036,2.224235039054956,0.15462243615981763,1.8119286775406804,0.2271638706797053,1.2333159557058315,True,False,0.5357053499902024,0.39729758836181156
446,2020-09-18,2020-10-16,0.26803734525631284,0.12593823379827052,2.1283238391738806,0.15411961263223792,1.7391514336070049,0.23203261777777368,1.1551709747679624,True,False,0.5358750281016506,0.4029560711568247
447,2020-09-21,2020-10-19,0.18682122810119717,0.12058867551364076,1.549243552974129,0.14794131482978323,1.262806325036032,0.22709800481466438,0.8226458363368835,True,False,0.5600417209396608,0.40743070608628673
448,2020-09-22,2020-10-20,0.059978686356133355,0.1290302966971117,0.46484188513437685,0.1304529353043356,0.45977260853662033,0.20414595070994182,0.29380296864841227,True,False,0.5234893214529275,0.34111259835551383
449,2020-09-23,2020-10-21,0.09691321859935956,0.13009651971355302,0.7449332142992251,0.12692759483397234,0.7635315135855754,0.21622153164191443,0.4482126172330424,True,False,0.5190572313321226,0.3423065718204551
450,2020-09-24,2020-10-22,-0.014396063907513834,0.13791930946018643,-0.1043803363275219,0.16725177700523525,-0.08607420599820123,0.1931426924953869,-0.07453589737990049,True,False,0.48952003053231274,0.3115554250369936
451,2020-09-25,2020-10-23,-0.014203079503198665,0.13697156282680056,-0.10369363691322077,0.16492824965673666,-0.08611671761968842,0.19089140596383172,-0.07440397555607993,True,False,0.4928271899346208,0.30175818513185293
452,2020-09-28,2020-10-26,0.09162542459448346,0.10031601894727729,0.9133678305419863,0.05848151222398495,1.5667417122108078,0.07970113961414377,1.1496124777897605,True,False,0.6734649480368986,0.2993590594199855
453,2020-09-29,2020-10-27,0.0845117152635568,0.10021800439291127,0.8432787678771079,0.05728492587538912,1.4752871540306018,0.07906272697749706,1.0689198120830141,True,False,0.6741223965520323,0.2997285834029137
454,2020-09-30,2020-10-28,0.13372495299127968,0.06986619431191399,1.9140151300394521,0.032917241863614125,4.0624592286723695,0.06689924662479806,1.9989007311438216,True,False,0.9693048536501432,0.34591486883031913
455,2020-10-01,2020-10-29,0.06811132164190757,0.06576129348681678,1.0357357349663736,0.04023247707907675,1.6929437754487522,0.10807462370921372,0.6302249251884359,True,False,1.0316818189141808,0.3483595400358897
456,2020-10-02,2020-10-30,0.06767328089754342,0.06577352665240889,1.0288832656818616,0.04024583188690858,1.6814978775368938,0.10789990579725252,0.6271857273416322,True,False,1.0315026222582109,0.3474562263591013
457,2020-10-05,2020-11-02,0.061385171241140846,0.06516374731826226,0.9420141377280422,0.041187862504439364,1.490370403041055,0.107477929770448,0.5711421067771556,True,False,1.041359480747055,0.3482417456395907
458,2020-10-06,2020-11-03,0.08234437167942166,0.06381256518372024,1.2904099912352252,0.0387819707598265,2.1232642402154718,0.09271963416619691,0.8881006964697689,True,False,1.063457331274413,0.3615991579174728
459,2020-10-07,2020-11-04,0.06082932165201397,0.05450876822106015,1.1159548020847,0.02932337982374758,2.0744307790451653,0.07085012147459135,0.8585634066107974,True,False,1.2481974612494509,0.36445024018315486
460,2020-10-08,2020-11-05,0.07907164943052811,0.05409565452554981,1.4617005769508147,0.02988595238118988,2.645779810594075,0.07169526401143297,1.1028852535910718,True,False,1.2573013028663904,0.38420575844932414
461,2020-10-09,2020-11-06,0.0856203328260973,0.053230795133608,1.6084736779000266,0.031011548023910547,2.760917731681187,0.06904535769409498,1.2400592260733536,True,False,1.2778373870231572,0.3905806970057319
462,2020-10-12,2020-11-09,0.07449707500172492,0.05344208468662963,1.3939777132302422,0.02521147895995815,2.954887141688279,0.06535364105018572,1.139907032027762,True,False,1.2733179690184087,0.35957323632240296
463,2020-10-13,2020-11-10,0.07295598279481799,0.05326859405453613,1.3695871665042634,0.024533111240562323,2.973776219389358,0.06464896899160853,1.1284941420223997,True,False,1.2775777557865562,0.35950006895846176
464,2020-10-14,2020-11-11,0.06138379373364431,0.05317294707974096,1.1544177463323582,0.023587508197566685,2.602385687351949,0.07033643002481174,0.8727169364721906,True,False,1.2798804498282998,0.33270945240765515
465,2020-10-15,2020-11-12,0.06592234573380351,0.05248128175472464,1.2561115797799438,0.023245361580259815,2.835935483566984,0.064269326816212,1.0257201840983736,True,False,1.2971670927515935,0.33618553058814565
466,2020-10-16,2020-11-13,0.05717866114270933,0.05176044103183548,1.1046787856297697,0.024913853294307425,2.2950549024776548,0.06665486149339388,0.8578318199397394,True,False,1.3155788716653969,0.3228297402633967
467,2020-10-19,2020-11-16,0.061079220370003746,0.05179708303218393,1.1792019317391367,0.023311336964808034,2.6201508931989617,0.06574502100775609,0.9290318785174332,True,False,1.314549638292626,0.32562643509195865
468,2020-10-20,2020-11-17,0.0714623938514056,0.05248306592392899,1.3616276525267406,0.019674114049788336,3.6323055600145016,0.06138990511728728,1.1640740234876488,True,False,1.2969866266588579,0.32142340720597273
469,2020-10-21,2020-11-18,0.06756704971960711,0.05216259324859682,1.2953161549617682,0.02048409520884116,3.2985127744594953,0.06275346519410407,1.0767062744760634,True,False,1.305129134029278,0.32229877781823535
470,2020-10-22,2020-11-19,0.0642125993210179,0.05216845486794353,1.230870254516111,0.02163113994914064,2.9685259062626947,0.05992168075944988,1.0716087817828996,True,False,1.305251695976635,0.32375800834595364
471,2020-10-23,2020-11-20,0.06326100059280626,0.05205803681068779,1.2152014264936406,0.022054568844415177,2.868385278310516,0.06318008526315,1.0012807094089735,True,False,1.3079243609354467,0.3205221926357016
472,2020-10-26,2020-11-23,0.05911746485419568,0.051968692752935745,1.1375592057942634,0.0240815640919143,2.45488476697596,0.061717742208406236,0.9578682359210414,True,False,1.3104273651850094,0.32712765421544354
473,2020-10-27,2020-11-24,0.06422498366982758,0.05759217256707667,1.1151686211355507,0.026637307383172278,2.4110914345044034,0.08609378670833451,0.7459886029569905,True,False,1.1801225510118263,0.32408346521852566
474,2020-10-28,2020-11-25,0.07021443971057947,0.05808544607575137,1.2088129549527817,0.028094046859132683,2.499263992213158,0.08366508768741285,0.8392322490943019,True,False,1.169894628255285,0.3238186133965567
475,2020-10-29,2020-11-26,0.0003853382998746683,0.0820450344924544,0.004696668144007027,0.06305757952743528,0.006110895831436317,0.06193052022859876,0.006222106619681257,True,False,0.8250891536948027,0.2741131377733222
476,2020-10-30,2020-11-27,0.04536700438712476,0.08435855875731507,0.5377878078457665,0.038095056971797714,1.1908895272347424,0.07695250902406947,0.5895454867226578,True,False,0.8020042325947072,0.24596209848139122
477,2020-11-02,2020-11-30,0.05260643531542561,0.08534534100332994,0.616394927912621,0.03949824101085087,1.3318677988970111,0.08118787832784989,0.6479592323252031,True,False,0.7927407467670342,0.2486144713180444
478,2020-11-03,2020-12-01,0.04193143651893555,0.08453598650494532,0.49601877558360996,0.037660531927430956,1.113405317793554,0.08105354527770667,0.5173300732900645,True,False,0.8001689627344358,0.24957370196962517
479,2020-11-04,2020-12-02,0.02212551356874099,0.08413028168571172,0.2629910791383774,0.04186810129512523,0.5284575341207819,0.0593627059583809,0.3727174024757759,True,False,0.8043015475163272,0.2208835365291552
480,2020-11-05,2020-12-03,0.04288349328220114,0.12271227690085657,0.3494637567262172,0.1026370316319961,0.4178169672322502,0.10415160027911884,0.41174108863691433,True,False,0.5501492057457145,0.2358838458812961
481,2020-11-06,2020-12-04,-0.015917155283618558,0.12957797920974487,-0.12283842810863586,0.08704012445643056,-0.18287146741829588,0.11139323147176956,-0.1428915839258371,True,False,0.5210373472009159,0.209086078131568
482,2020-11-09,2020-12-07,-0.07356328158720427,0.14870380043804612,-0.49469671501672646,0.07879918922710502,-0.9335537879100445,0.11815289050679456,-0.6226109346260462,True,False,0.4539117164556083,0.20076958615106627
483,2020-11-10,2020-12-08,-0.1041364548848932,0.15326530748434355,-0.6794522295629819,0.08505590962958127,-1.2243294479878912,0.13911199448749492,-0.7485799859928991,True,False,0.44034442626901177,0.19846300333208075
484,2020-11-11,2020-12-09,-0.04726456003104745,0.1426625617289135,-0.33130317763997025,0.07453528811976042,-0.6341232619253392,0.11010778485593561,-0.42925720549993923,True,False,0.473213350811534,0.20478168807401764
485,2020-11-12,2020-12-10,-0.03060377877863586,0.1486227830136417,-0.20591579674447905,0.08398196199738969,-0.364408952241281,0.11694512484890263,-0.2616934978536049,True,False,0.45417443758194037,0.20405722026684053
486,2020-11-13,2020-12-11,-0.06976796773197896,0.16406353796226517,-0.42524968435110605,0.10812947097655132,-0.6452262006082381,0.11731943432921149,-0.5946838060623633,True,False,0.4113272806010719,0.20172757302703923
487,2020-11-16,2020-12-14,-0.019791811274162983,0.184469199407151,-0.10729060102049615,0.1338430448353876,-0.14787328918364614,0.14696319524490142,-0.13467189006867772,True,False,0.3657562791129904,0.20304446708560592
488,2020-11-17,2020-12-15,-0.006155688315491135,0.16384278791321666,-0.03757070051048964,0.1294173613781943,-0.04756462540989741,0.11674339719845991,-0.05272836377227115,True,False,0.4119142470028577,0.19835760354911913
489,2020-11-18,2020-12-16,-0.002212409438761905,0.16332635748742264,-0.01354594244797431,0.12804425144486672,-0.017278475322373407,0.11394716426421708,-0.019416099146020344,True,False,0.4132243945355675,0.19833408018620421
490,2020-11-19,2020-12-17,0.051409270779960166,0.17002828166343442,0.302357174212483,0.12111212612499114,0.4244766599746118,0.10971397617609384,0.46857540462709074,True,False,0.39685806773835053,0.21216466450345967
491,2020-11-20,2020-12-18,0.06594387890577136,0.17225769119651388,0.38282110045548967,0.09504649961047239,0.6938064965677657,0.10532579634769608,0.626094282620763,True,False,0.3917331356153032,0.22387364807928542
492,2020-11-23,2020-12-21,0.1128001795160956,0.12298601145265774,0.9171789391634749,0.039373403321186336,2.86488263653346,0.062148024829973086,1.8150243684284189,True,False,0.5491399313456389,0.23801219486550704
493,2020-11-24,2020-12-22,0.1178237534589793,0.12354473369374562,0.9536930465288143,0.035337381755358103,3.3342524999355403,0.056983919129640626,2.0676667252549916,True,False,0.5466355749809004,0.23751507391711865
494,2020-11-25,2020-12-23,0.10990134565715609,0.12406541886255008,0.8858338339945789,0.03207480841729329,3.426406924317036,0.059593982229877954,1.8441685140828885,True,False,0.5443705651485587,0.23405753864370096
495,2020-11-26,2020-12-24,0.07710741704345722,0.11700411692639047,0.6590145634958039,0.04319772392955961,1.7849879583746697,0.07052873794743021,1.0932765747336999,True,False,0.57745383384321,0.2315080405039192
496,2020-11-27,2020-12-25,0.07710741704345721,0.11700411692639046,0.6590145634958039,0.04321388766053364,1.7843203011303663,0.0705287379474302,1.0932765747336999,True,False,0.57745383384321,0.2315080405039192
497,2020-11-30,2020-12-28,0.0801185890150952,0.11735582048373802,0.6826980433083609,0.04316738769716699,1.855998087657115,0.07036088636644033,1.1386807806518615,True,False,0.5757073341218883,0.2314566006188466
498,2020-12-01,2020-12-29,0.043008408683697465,0.11421327291321626,0.3765622644959745,0.07017343571476492,0.6128873161991729,0.10427160792746488,0.41246519103853924,True,False,0.5915448284493146,0.243170922051245
499,2020-12-02,2020-12-30,0.04779113876893016,0.11390577109512423,0.41956731699765365,0.06739311717563592,0.70913975746781,0.09827160911339229,0.48631684369577766,True,False,0.5931944101855798,0.23506333794343953
500,2020-12-03,2020-12-31,0.05014784418498344,0.1140813443480492,0.43957970929925294,0.0671723434567311,0.7465549302636143,0.09481883915669673,0.5288805962084137,True,False,0.5923185440718157,0.2341694466455117
501,2020-12-04,2021-01-01,0.05117877484816034,0.11409033335184861,0.44858116673502635,0.06548228944058533,0.7815666691769667,0.08711726859915514,0.5874699203856428,True,False,0.5923571511546746,0.20824552877196273
502,2020-12-07,2021-01-04,-0.010281832024032864,0.09224775677692316,-0.11145888402356231,0.06405527421902052,-0.1605149950475083,0.08542543161260993,-0.12036031694471566,True,False,0.733442409739924,0.2043714483432809
503,2020-12-08,2021-01-05,-0.0001440373543265806,0.08897115389883709,-0.001618921954079133,0.05652073950385316,-0.002548398262141655,0.08149264095302866,-0.0017674890964645743,True,False,0.7605967301363077,0.20805850040125795
504,2020-12-09,2021-01-06,0.0038463235447857803,0.08937791874030117,0.04303438252978075,0.056991923916175066,0.0674889226488131,0.08208207645316766,0.046859481521283386,True,False,0.757082584337279,0.20795719237063096
505,2020-12-10,2021-01-07,-0.06234026955142061,0.08460074583461079,-0.7368761225024182,0.07405221756786341,-0.8418420352407453,0.09333470914732836,-0.6679216137376806,True,False,0.8001154533626382,0.22684236558886442
506,2020-12-11,2021-01-08,-0.06264448865316502,0.08417900181159312,-0.7441818898420061,0.07378657951294787,-0.84899569903728,0.09209171160549907,-0.6802402470432999,True,False,0.8041620966088017,0.22683258396037867
507,2020-12-14,2021-01-11,-0.024240518709557773,0.08013237587305218,-0.3025059277907876,0.06258232218225644,-0.38733811505049154,0.09481697983386267,-0.2556558830710676,True,False,0.8452387201047373,0.25077234666283377
508,2020-12-15,2021-01-12,-0.019468981426128268,0.08112681655434623,-0.23998207070144492,0.0664588323223742,-0.2929479911968569,0.09978755373652715,-0.19510430606940177,True,False,0.8347782620426001,0.25564448904760906
509,2020-12-16,2021-01-13,-0.02841428872188675,0.08254236590246505,-0.3442388452429637,0.06456435036669628,-0.4400925365237388,0.10159604683629307,-0.27967907814043347,True,False,0.8203454236738082,0.2513715741974155
510,2020-12-17,2021-01-14,-0.036635179528207384,0.08188344697066192,-0.44740641586978414,0.059401571758053544,-0.6167375448822272,0.0990286117231667,-0.3699454015433498,True,False,0.8269691340171547,0.2528514306865837
511,2020-12-18,2021-01-15,-0.03533628682767266,0.0814610631178345,-0.43378131189569985,0.0582658535340925,-0.6064664753773272,0.0945031920457115,-0.37391633089579007,True,False,0.8313337698060645,0.24421625495305152
512,2020-12-21,2021-01-18,-0.02933452670735066,0.08161280331338164,-0.3594353522536191,0.06092396084552193,-0.4814940837765118,0.09637781677310223,-0.30437011015108967,True,False,0.829782404827954,0.2320087372085091
513,2020-12-22,2021-01-19,-0.06621031845820141,0.09098532155406863,-0.7277032968318465,0.066270012324266,-0.9990992326095776,0.10772540132486325,-0.6146212280846702,True,False,0.7436287640007156,0.22147123224805443
514,2020-12-23,2021-01-20,-0.05929768916172981,0.08935943614870427,-0.6635862055245257,0.06425230227981416,-0.9228881621002877,0.10510677457312821,-0.5641661957809707,True,False,0.7572439874014579,0.21425414487003872
515,2020-12-24,2021-01-21,-0.06340713966296997,0.08994090367005814,-0.7049866865422499,0.06482258852170222,-0.9781642650962886,0.10551919159991342,-0.6009062304361134,True,False,0.7522963171201767,0.21584427805615516
516,2020-12-25,2021-01-22,-0.051015972307968886,0.09251311721907746,-0.5514458256461031,0.06899882505488396,-0.7393745077164587,0.11376231061405676,-0.4484435313646418,True,False,0.7313109798472754,0.22906590208323754
517,2020-12-28,2021-01-25,-0.03562133179951836,0.09102066122016074,-0.39135435100122484,0.07217388226616546,-0.49354878359117116,0.11401489161270822,-0.31242701103044307,True,False,0.7434250291779744,0.23832495313653715
518,2020-12-29,2021-01-26,-0.033772337554499945,0.09097314557187272,-0.3712341410446046,0.07310174585386031,-0.4619908479616225,0.11473475715147959,-0.2943514100954754,True,False,0.7438078171421485,0.2416636981756564
519,2020-12-30,2021-01-27,-0.015700961442491102,0.041011059584209295,-0.3828470076529436,0.01666445939625672,-0.9421824656380965,0.024677934439432354,-0.6362348307969756,True,False,1.6719642359937612,0.2380687245481844
520,2020-12-31,2021-01-28,-0.023081699338797685,0.03703970211871578,-0.6231610412205432,0.0149375128017021,-1.5452170414988746,0.021238262806084273,-1.0867978963037086,True,False,1.858382049739064,0.23409226830759355
521,2021-01-01,2021-01-29,-0.025534204894423807,0.03669062121566656,-0.6959327492531234,0.014999690696407431,-1.7023154284467674,0.023499220357167425,-1.0865979596908497,True,False,1.8768262661845891,0.23468423452598
522,2021-01-04,2021-02-01,-0.035932494353320514,0.03607950869601162,-0.9959252676102167,0.01779567857891138,-2.0191696649265185,0.03176942978146414,-1.1310399525736945,True,False,1.9096779544456608,0.24945673560082188
523,2021-01-05,2021-02-02,-0.027427677073369475,0.0357144826243416,-0.767970723861917,0.015495947336257582,-1.7699903386476996,0.0205845368293988,-1.3324408171379067,True,False,1.930176452367199,0.2500692641837942
524,2021-01-06,2021-02-03,-0.02960445623022564,0.03548767172852415,-0.8342180477968714,0.014773913677965884,-2.003833031350273,0.02034216224309434,-1.4553249490611853,True,False,1.9429081305757507,0.24295316505271905
525,2021-01-07,2021-02-04,-0.03240879686454436,0.03542625994708391,-0.9148241138904665,0.01436556886852557,-2.2560051162018957,0.019427522181413075,-1.66818992982805,True,False,1.9459099047320354,0.25382220680563716
526,2021-01-08,2021-02-05,-0.022606962626004933,0.03576604522920409,-0.6320789028009629,0.01835757420283223,-1.2314787551024633,0.018497192509122448,-1.2221834537784926,True,False,1.9274230515102408,0.26739729834029163
527,2021-01-11,2021-02-08,-0.023397778616843754,0.03578979892664962,-0.6537555202474584,0.018382010544651602,-1.2728628655722065,0.018945676150632126,-1.2349930628399917,True,False,1.926146422289054,0.271225902395866
528,2021-01-12,2021-02-09,-0.031620945859345904,0.0361464554924614,-0.8748007357440809,0.016465974185121798,-1.920381114645359,0.036821001314837384,-0.8587747407782724,True,False,1.9061973773087855,0.25675112336732087
529,2021-01-13,2021-02-10,-0.03324029405173378,0.03615875808351738,-0.9192874925338226,0.01643590048006484,-2.0224200123413407,0.03855885618260825,-0.862066392589898,True,False,1.905477428072896,0.2534556917984883
530,2021-01-14,2021-02-11,-0.03417678483860498,0.03619569325526098,-0.9442224133568002,0.01621742865747758,-2.1074108331499675,0.0387715634024818,-0.8814910165943243,True,False,1.9034167874860504,0.25078984583657826
531,2021-01-15,2021-02-12,-0.03227306427383254,0.0361911461267867,-0.8917392160163115,0.015598105723693995,-2.069037410408674,0.033318195841733345,-0.968631807890639,True,False,1.9036907082118473,0.2471617566320425
532,2021-01-18,2021-02-15,-0.03482988483110601,0.03628023365321693,-0.9600237188113501,0.016577665330344372,-2.101012665960393,0.044267207535819864,-0.7868100738661362,True,False,1.898771755398509,0.23716634049388985
533,2021-01-19,2021-02-16,-0.03214990575380965,0.03612678571697266,-0.8899187989122808,0.015645807458557662,-2.0548575609771342,0.03342313274040633,-0.9619058154576448,True,False,1.9072492760480444,0.24431235232891274
534,2021-01-20,2021-02-17,-0.032301483091652115,0.03617964332801286,-0.8928082236411106,0.015101790919160255,-2.1389173816907974,0.030249656611817728,-1.0678297445212253,True,False,1.9042848154322305,0.2474758079476145
535,2021-01-21,2021-02-18,-0.03166772970355727,0.036274221799650244,-0.873009209638306,0.015109699322809183,-2.0958543930621136,0.027872167184671455,-1.1361775169378725,True,False,1.8991015257899468,0.2483628389064026
536,2021-01-22,2021-02-19,-0.03077356242981556,0.03626741736059775,-0.8485181650472052,0.015617548131688818,-1.9704477406011254,0.028618658069387057,-1.075297183928186,True,False,1.8995365753148132,0.26029634808391316
537,2021-01-25,2021-02-22,-0.030505115300168924,0.03618181390532822,-0.843106301413945,0.015937388961692157,-1.9140597856708164,0.029484023964694895,-1.0346320209445194,True,False,1.9042651053304465,0.2544303011587632
538,2021-01-26,2021-02-23,-0.03263403285909371,0.03626073938741111,-0.899982554421477,0.016030984202457174,-2.035684924079189,0.03770133076984849,-0.8655936592347735,True,False,1.8998911441857405,0.2469896568205222
539,2021-01-27,2021-02-24,-0.031288630671629784,0.036094173919939215,-0.8668609715526765,0.016011102963629908,-1.9541833403172544,0.03415531552972503,-0.9160691443298071,True,False,1.9090912941924547,0.24592157332565626
540,2021-01-28,2021-02-25,-0.044958325080837455,0.0494207052308821,-0.9097062632109875,0.027302604674793417,-1.6466679870417027,0.02807425729819448,-1.6014074603401467,True,False,1.3798657118991502,0.2345741636955051
541,2021-01-29,2021-02-26,-0.05348349123464701,0.058026145399192756,-0.9217136666015913,0.027415954836525598,-1.950816287579825,0.04236530154041313,-1.2624362223322785,True,False,1.1714553166414519,0.2933062580948939
542,2021-02-01,2021-03-01,-0.029044748674384856,0.05603639006320517,-0.518319410683386,0.02561495631034473,-1.1338980368533749,0.03246254812203228,-0.8947156139807839,True,False,1.2139523248285762,0.30035228405650993
543,2021-02-02,2021-03-02,-0.01002055770632015,0.05714262261065644,-0.17536047959498854,0.018737025290602987,-0.5347998175220305,0.029752964624036954,-0.3367919073928081,True,False,1.1902091970655202,0.2865662459594196
544,2021-02-03,2021-03-03,-0.003789588179519357,0.06061489972130321,-0.0625190868407475,0.021436974391399608,-0.17677812690953804,0.04255256739737208,-0.08905662833762154,True,False,1.120975603481891,0.2882045889091934
545,2021-02-04,2021-03-04,-0.005697251319006788,0.06203289185492957,-0.09184242663280004,0.021756686461313103,-0.26186208681811085,0.044252964959866185,-0.1287428158581855,True,False,1.0949944785314534,0.2884594643730425
546,2021-02-05,2021-03-05,-0.07029125003928033,0.05791203012880619,-1.2137590390621888,0.0685853550926154,-1.0248725831390877,0.09591377860851634,-0.7328587306124447,True,False,1.1736168871668358,0.33885025589196394
547,2021-02-08,2021-03-08,-0.0757814220394662,0.05808067925998833,-1.3047612907597634,0.06511600215812541,-1.1637910732824361,0.09450550615413007,-0.801873087858748,True,False,1.169770997419524,0.33039729937315104
548,2021-02-09,2021-03-09,-0.06404059049658294,0.05746520394002419,-1.1144237922381934,0.0552941661557479,-1.158179875905875,0.08849369885686456,-0.723674016611808,True,False,1.1826799162326946,0.33630951830962524
549,2021-02-10,2021-03-10,-0.052385636146722224,0.056921405044494194,-0.9203152330089803,0.049565533340320496,-1.056896448325063,0.083471119236752,-0.6275899571699649,True,False,1.1942873371595077,0.33904951538203465
550,2021-02-11,2021-03-11,-0.04351637343402878,0.05685604711160274,-0.7653781021499875,0.049658911548197626,-0.8763054218736337,0.08296067820311362,-0.524542161136715,True,False,1.195935061638558,0.3657266106144677
551,2021-02-12,2021-03-12,-0.04580528548758773,0.05663974021395427,-0.8087128456903255,0.04837439164374416,-0.9468911945171993,0.08126427537893649,-0.5636583267862418,True,False,1.2004953039674302,0.3649655737131228
552,2021-02-15,2021-03-15,-0.04865684499831241,0.0569080398106152,-0.8550082758119587,0.048387210113319576,-1.005572441237289,0.08262645312943033,-0.5888773286939211,True,False,1.1946425372974858,0.3646739599497402
553,2021-02-16,2021-03-16,-0.047633131972643135,0.05689918618565552,-0.837149617873649,0.048803394176850784,-0.9760208849415899,0.08271987429856603,-0.5758366097211159,True,False,1.1949201887633047,0.3687087811405344
554,2021-02-17,2021-03-17,-0.05368796158181179,0.05739926579408936,-0.9353423051508833,0.048424634505613524,-1.1086911058789328,0.08252692944447972,-0.650550819510746,True,False,1.1842983867081622,0.3663931292028173
555,2021-02-18,2021-03-18,-0.07033620787449353,0.056078757127281845,-1.2542397777263783,0.05388307303454041,-1.3053488584328932,0.08919853093918924,-0.7885354964247671,True,False,1.2126404076802162,0.3746256439459528
556,2021-02-19,2021-03-19,-0.07338022538282259,0.05623030054888411,-1.304994365431661,0.05439719830352447,-1.3489706762722775,0.08931545463021136,-0.8215848610594363,True,False,1.2092503345538408,0.37546856343546325
557,2021-02-22,2021-03-22,-0.07516291257337232,0.055409088290859214,-1.356508740566516,0.05114707046220767,-1.4695448222965153,0.08292401824164364,-0.906407023768974,True,False,1.2272928378053187,0.36171722603735934
558,2021-02-23,2021-03-23,-0.07342310729565985,0.05539576659624912,-1.325428129387623,0.0489901862230837,-1.4987309287071782,0.08199816332231043,-0.8954238036656433,True,False,1.2275928557414388,0.36322822760921075
559,2021-02-24,2021-03-24,-0.06946629773883511,0.055181575807215645,-1.2588675970676353,0.04735798283117699,-1.4668339651726814,0.07960536572864207,-0.872633359610847,True,False,1.2323567654869338,0.3672109778033917
560,2021-02-25,2021-03-25,-0.08086368424298686,0.05540310026940529,-1.4595516108263966,0.045640089417195585,-1.77176875145473,0.08178051782959435,-0.9887890953623222,True,False,1.226894012609387,0.36640883907482485
561,2021-02-26,2021-03-26,-0.10510491807681661,0.07625680868470212,-1.3783020806888515,0.06681048906720446,-1.57317989352079,0.1434128952463753,-0.7328833149644757,True,False,0.8877557427580836,0.3725245224748108
562,2021-03-01,2021-03-29,-0.08425525328787856,0.0736294429348436,-1.1443146916436402,0.07001798479007539,-1.2033373074144975,0.1375434834752922,-0.6125717566475177,True,False,0.9201657045982108,0.33413936610574285
563,2021-03-02,2021-03-30,-0.14934549989060816,0.08496945730516833,-1.7576374455850985,0.07589492348869867,-1.9677930094078933,0.16286264093692915,-0.9170028131156507,True,False,0.7958925173692879,0.32844016347261634
564,2021-03-03,2021-03-31,-0.14845609971514248,0.08570076561511951,-1.7322610673264691,0.07579251608026502,-1.9587171318857657,0.16755484209983057,-0.8860149778702969,True,False,0.7891612695864862,0.33990043605503184
565,2021-03-04,2021-04-01,-0.16757388536281734,0.09043370971065973,-1.8530024467531585,0.09406770683307848,-1.7814177787938883,0.1726539286053808,-0.9705767295097324,True,False,0.7475272094616093,0.33924237023224635
566,2021-03-05,2021-04-02,-0.17017206310435576,0.09612758019719338,-1.7702730345991196,0.10597604761809523,-1.6057596686149593,0.19629667832951853,-0.8669125965478234,True,False,0.7030152197292976,0.33877083146014497
567,2021-03-08,2021-04-05,-0.013899559502099066,0.1121623283511181,-0.12392359989699257,0.10665702799762283,-0.13032014638931116,0.1274692602714915,-0.10904244264456364,True,False,0.6026561901786589,0.2798590978605462
568,2021-03-09,2021-04-06,-0.05767796833750081,0.11403376270560084,-0.5057972916881389,0.08517249504628374,-0.6771900753424908,0.11896678985703978,-0.48482411273609527,True,False,0.5926379490897781,0.2612679017118737
569,2021-03-10,2021-04-07,-0.08327049711700141,0.11564442626046821,-0.7200562950561027,0.08208632380231753,-1.01442595136232,0.11787484624115355,-0.7064314378543745,True,False,0.5843474478850399,0.25621535933243655
570,2021-03-11,2021-04-08,-0.10868026254128949,0.1184592127852965,-0.9174487993455516,0.08002441274548092,-1.3580888482986937,0.11640050224799714,-0.9336752027902827,True,False,0.5703685715580342,0.2499819929700098
571,2021-03-12,2021-04-09,-0.12621923916210298,0.11878043841037762,-1.0626264800103267,0.08292598280796352,-1.522071067332372,0.11424061242018108,-1.104854363856735,True,False,0.5687757825748659,0.2143721246383365
572,2021-03-15,2021-04-12,-0.12226170443137525,0.12060185345957376,-1.0137630635366468,0.08070531060949684,-1.5149152330625977,0.11467758861600522,-1.0661342456438043,True,False,0.5601755423570501,0.21363541005803882
573,2021-03-16,2021-04-13,-0.11618434181612268,0.12113242965112836,-0.9591514192420924,0.07721419004179148,-1.5047019434282607,0.11467736996400975,-1.0131409697709834,True,False,0.5577308163014557,0.21297291245661734
574,2021-03-17,2021-04-14,-0.12531665694092775,0.12060713416799827,-1.0390484593255438,0.07739632547908118,-1.619155123518087,0.11165858529465408,-1.1223199417244236,True,False,0.560144647896904,0.21483831835304573
575,2021-03-18,2021-04-15,-0.11680272608096258,0.12083698788540709,-0.9666140155010293,0.07306027036993919,-1.5987174081006594,0.11208536896428162,-1.0420871801580476,True,False,0.559081964586087,0.21349618277106008
576,2021-03-19,2021-04-16,-0.04560915609383891,0.13885165318476184,-0.32847398678897577,0.07162532015461102,-0.6367742021311262,0.10562346567874471,-0.4318089337511402,True,False,0.4864481384780797,0.202264772965017
577,2021-03-22,2021-04-19,-0.0684313259633896,0.13424641318644667,-0.5097441662620028,0.07640354477347062,-0.8956564275424929,0.11024155689267963,-0.6207398361582251,True,False,0.5031366721658869,0.20450247040721306
578,2021-03-23,2021-04-20,-0.044241602773278994,0.1399500570499683,-0.31612422106753985,0.06678731653950654,-0.6624252188229313,0.1128919013660812,-0.3918935037670608,True,False,0.48258575342274695,0.20487772453102052
579,2021-03-24,2021-04-21,-0.0898119302467488,0.1435907549980711,-0.6254715371331202,0.058211421430482496,-1.5428575361968166,0.11842796744960654,-0.7583675729718621,True,False,0.47025898267758676,0.19395403511350345
580,2021-03-25,2021-04-22,-0.1156725009508158,0.1408502358791114,-0.8212446378158351,0.0550229952813607,-2.102257435447183,0.11296784736388042,-1.0239417998133877,True,False,0.4793568061299497,0.17630885238194952
581,2021-03-26,2021-04-23,-0.05791810402151533,0.14093595045869373,-0.41095337160613454,0.0591209974770496,-0.9796537016141984,0.09298819253136527,-0.6228543909161298,True,False,0.4790449127838202,0.15575760489571486
582,2021-03-29,2021-04-26,-0.0787976129695891,0.14308752508436923,-0.5506951980833227,0.053525355232203635,-1.4721548811352936,0.09757065614341161,-0.8075953989052872,True,False,0.4717927896494081,0.15672271594691317
583,2021-03-30,2021-04-27,-0.14903790818962068,0.16079567423557004,-0.9268775972870769,0.07663810222019875,-1.944697270313411,0.09400759089370028,-1.5853816353845966,True,False,0.419659838018567,0.15128257695476421
584,2021-03-31,2021-04-28,-0.10525194181396084,0.16629830860948455,-0.6329104769256684,0.06322104300468906,-1.6648245079752066,0.07944527169966435,-1.3248358217195892,True,False,0.4057145645996471,0.13190110029121047
585,2021-04-01,2021-04-29,-0.10532467075788485,0.16531610021112128,-0.6371107872940216,0.06040507954813121,-1.7436393022868446,0.0748532521257345,-1.4070820941883204,True,False,0.4081898796398842,0.12128385913604778
586,2021-04-02,2021-04-30,-0.041007791433840916,0.188071210670314,-0.21804395945388452,0.08995879527302987,-0.45585082936448873,0.1087266818493195,-0.37716401104442954,True,False,0.358801802417507,0.14812412640763672
587,2021-04-05,2021-05-03,-0.040742146326834386,0.18702322226561746,-0.2178453875047177,0.08993521694645217,-0.45301660139534045,0.10937699638667672,-0.3724928245679748,True,False,0.36080692376021173,0.14741354375425042
588,2021-04-06,2021-05-04,0.03781792504542411,0.17942265136661686,0.21077564486632294,0.10319587274921473,0.3664674181042952,0.10374923315186411,0.3645128151459943,True,False,0.37619039247633046,0.1543542145178021
589,2021-04-07,2021-05-05,0.04628872191810432,0.17845224756051864,0.25938996314633916,0.10490262995895841,0.44125416051260197,0.10305603989417339,0.44916068932628767,True,False,0.3782495099873591,0.15039122077469297
590,2021-04-08,2021-05-06,0.10662162155967098,0.1811654292611236,0.588531829690263,0.12352155529277667,0.8631823110302598,0.10433553015201355,1.021910957890631,True,False,0.3725046522462821,0.15577673648071524
591,2021-04-09,2021-05-07,0.2287858845214527,0.16210301635187868,1.4113610571244697,0.17862935844640038,1.2807854571682982,0.15801465841422382,1.447877600834394,True,False,0.4161151541034532,0.2138414199323711
592,2021-04-12,2021-05-10,0.09559642003593175,0.1295416136537254,0.7379591572131273,0.08502685046049975,1.1243086097884127,0.1805324001563844,0.5295250046701994,True,False,0.5210734717936334,0.21102756998098054
593,2021-04-13,2021-05-11,0.10009812243880367,0.11967054130669728,0.8364474777653716,0.07097376789612465,1.4103537885335982,0.14349080650593019,0.6975925836382195,True,False,0.5642003225946841,0.2145674114308519
594,2021-04-14,2021-05-12,0.14844712676138888,0.08362075942810637,1.7752425088774457,0.03884683184989605,3.821344487884824,0.08055100572743834,1.842896006335311,True,False,0.8087348846007263,0.26325430027355384
595,2021-04-15,2021-05-13,0.07181587327562218,0.07016003692519221,1.0236008477617464,0.041204259019999044,1.7429235468295978,0.1115108628760511,0.6440258054091866,True,False,0.966158800070788,0.26123487375418514
596,2021-04-16,2021-05-14,0.07571374900036688,0.06274618839195631,1.206666905843048,0.031113205715019052,2.4334923792124106,0.0813966456707135,0.9301826675593424,True,False,1.0816425254457713,0.2723601937546177
597,2021-04-19,2021-05-17,0.07471542645433571,0.06262570089973706,1.1930473492656657,0.03147843354640772,2.3735433449756953,0.08128060095046782,0.9192282731751342,True,False,1.0837745003495294,0.2720398725401958
598,2021-04-20,2021-05-18,0.07156324239268692,0.0622178038615666,1.1502052137988308,0.032762698102331685,2.1842902611123427,0.08051924033454066,0.888771951838549,True,False,1.0910181733977444,0.2705949556799669
599,2021-04-21,2021-05-19,0.07181769015025515,0.06253350949380258,1.1484672894837715,0.03266538659170226,2.1985868726408535,0.0812792305579769,0.8835921508758282,True,False,1.0854408511918938,0.2705559088084095
600,2021-04-22,2021-05-20,0.06922199916909802,0.06223163869434141,1.1123280797584434,0.033516775188820985,2.065294133433994,0.08029401336412263,0.8621066038284261,True,False,1.0908221455019937,0.27069263776531716
601,2021-04-23,2021-05-21,0.06507076347168146,0.06248731428698016,1.041343578519578,0.033008681717246816,1.9713226971340216,0.08020339127115557,0.8113218461260201,True,False,1.0864111141045385,0.27465740847766534
602,2021-04-26,2021-05-24,0.06425493264729729,0.06212065180861078,1.0343570258287385,0.03275949887264916,1.9614137840473378,0.07904851162322578,0.8128544273364675,True,False,1.0929207909039609,0.2747405718019071
603,2021-04-27,2021-05-25,0.06507627460853868,0.06209824524633087,1.047956739363481,0.032363945408041536,2.01076456495224,0.07757999693631264,0.838828012096487,True,False,1.093371158515378,0.27101169053816054
604,2021-04-28,2021-05-26,0.060408659013971855,0.06143112747764658,0.9833558571093005,0.03182227222378992,1.898313815844084,0.0765342756788804,0.7893020281191686,True,False,1.105448820214178,0.26982230178869826
605,2021-04-29,2021-05-27,0.0591812844573711,0.06134779511714453,0.964684783607358,0.03124637528466988,1.8940207917942617,0.07575314202731477,0.7812386770179347,True,False,1.1070168715532822,0.2696113033502503
606,2021-04-30,2021-05-28,0.059276075152985254,0.06138460652524337,0.9656504864718646,0.03138931430814402,1.888415738269439,0.07619695283817426,0.777932357464146,True,False,1.106329065664025,0.2699389037287309
607,2021-05-03,2021-05-31,0.053189692224543485,0.06171471556138115,0.8618640099157757,0.030323069932401032,1.7540998435553796,0.08051256351706643,0.6606384134479676,True,False,1.1002942751401827,0.2585091274674288
608,2021-05-04,2021-06-01,0.047454047421015645,0.061311905666681876,0.7739776949520447,0.033422474297045764,1.4198244869384233,0.08198484268907089,0.5788148865636792,True,False,1.1075868675258602,0.26122244101736414
609,2021-05-05,2021-06-02,0.04001492788856058,0.06171514426850435,0.6483810151114199,0.03414354941838156,1.1719615731286008,0.08693833520990062,0.4602679334950463,True,False,1.1002385094794662,0.2529323358917098
610,2021-05-06,2021-06-03,0.04695766563320432,0.06162598461940691,0.7619783427917299,0.02967999582545646,1.5821318139448268,0.0800421835439304,0.586661477162627,True,False,1.102041444376095,0.28560658513875625
611,2021-05-07,2021-06-04,0.052081081723610055,0.06106354824878862,0.852899695763147,0.029020363730389537,1.7946391784563265,0.07785030806894151,0.6689900530321456,True,False,1.1122761051654275,0.2908846288766931
612,2021-05-10,2021-06-07,0.031655407515141995,0.061869522501073984,0.5116478394445746,0.0284178941455066,1.1139251681725089,0.08000327694318636,0.39567638632629776,True,False,1.0978148237574619,0.24882318279086016
613,2021-05-11,2021-06-08,0.056795583739199344,0.0646455552152574,0.8785690454677179,0.028925912941848538,1.9634845701630521,0.07377828920391998,0.7698143227775156,True,False,1.0499394298379772,0.2467244647675542
614,2021-05-12,2021-06-09,0.05631869831695352,0.06624226904457486,0.850192771613187,0.030985433370526963,1.8175862717002793,0.08103064283133934,0.6950296375431412,True,False,1.0243210080379934,0.24605226693843252
615,2021-05-13,2021-06-10,-0.009891511729422778,0.08518948102679302,-0.11611189093066301,0.03585507332616618,-0.2758748152441844,0.08194866727778845,-0.12070375343497253,True,False,0.7946751962073112,0.20135452545587113
616,2021-05-14,2021-06-11,0.029898930381144013,0.10172499204228176,0.2939192206445845,0.04939502422994166,0.6053024742322174,0.10218836803548945,0.2925864357747673,True,False,0.6647783307392073,0.23287804928958178
617,2021-05-17,2021-06-14,-0.06133984546014962,0.13342089442885946,-0.4597469213703725,0.08347200114415981,-0.7348553361529336,0.09769975311541088,-0.6278403322850776,True,False,0.5062928715273578,0.21628985669888412
618,2021-05-18,2021-06-15,-0.030659622412191657,0.1349815955520885,-0.2271392798906449,0.08185549072714957,-0.37455792079226485,0.10861203532664304,-0.2822856815083614,True,False,0.5004388527468692,0.229255357392177
619,2021-05-19,2021-06-16,-0.013953927961998187,0.13995356610294832,-0.09970398290339975,0.07934040061306075,-0.17587418079788647,0.10698291353932099,-0.13043136983617012,True,False,0.4826154423418396,0.22863945058049098
620,2021-05-20,2021-06-17,-0.041637084738006,0.14356125325514846,-0.2900301006985866,0.10531796975947588,-0.39534644309130107,0.13628652582975453,-0.3055113811472304,True,False,0.470288016072985,0.3634933185466744
621,2021-05-21,2021-06-18,0.018322521471263307,0.12170543653590421,0.1505480937645542,0.07541621899270354,0.24295200311004717,0.12320841646445216,0.14871160588732737,True,False,0.5549575021912521,0.3701532367980415
622,2021-05-24,2021-06-21,0.046018698033735234,0.10751810912551057,0.42800881086939135,0.057518113850351674,0.8000731413666456,0.08855346338359928,0.5196713519197965,True,False,0.628559836395054,0.37420861379895964
623,2021-05-25,2021-06-22,0.02950587611416129,0.10990850048560007,0.26845854491506843,0.06121160328038363,0.48203076758188723,0.09761998536254594,0.30225241280851356,True,False,0.6147940823759317,0.37120431747946986
624,2021-05-26,2021-06-23,0.043667260009957215,0.11033023963952288,0.3957868681571737,0.05972385015200413,0.7311527957226296,0.0940381810422501,0.46435670624401054,True,False,0.6125229784482725,0.3898818054000636
625,2021-05-27,2021-06-24,0.04891250090975624,0.11369065711955262,0.43022445422513284,0.06391584685724835,0.7652640669691656,0.09911834814661992,0.49347574716845427,True,False,0.5943625872852228,0.39060370326680893
626,2021-05-28,2021-06-25,0.055352962569920346,0.11413743497540223,0.48496764082572447,0.06485508472033014,0.8534868593359318,0.09888648048834502,0.5597626924991468,True,False,0.5920788772316304,0.3993706228975187
627,2021-05-31,2021-06-28,0.055990677444899,0.11407265087218434,0.4908334909095363,0.06586287523214861,0.8501098266291471,0.09823564908268785,0.5699629204645453,True,False,0.592390823582842,0.3979435575460123
628,2021-06-01,2021-06-29,0.058951759063671665,0.11389445405444035,0.517599909083311,0.06791562934087782,0.8680146180753878,0.09687839300168603,0.6085129742257976,True,False,0.5932779479824444,0.3991672429264579
629,2021-06-02,2021-06-30,0.09060944680164437,0.1167020004480855,0.7764172546635281,0.07995546533618994,1.1332489457807227,0.08434018000075609,1.0743330972358853,True,False,0.5787661234802992,0.3954603452645104
630,2021-06-03,2021-07-01,0.0889264750227622,0.11677964937242047,0.7614894846889626,0.08069501721497292,1.1020070147065033,0.08516257024769382,1.0441967024259735,True,False,0.5783548348425193,0.3957950592188245
631,2021-06-04,2021-07-02,0.0731898990738563,0.11759747531687681,0.6223764487854831,0.06247824088836771,1.1714462192465938,0.08845342289998506,0.8274399867669638,True,False,0.574516090954189,0.38600749528962713
632,2021-06-07,2021-07-05,0.03043760478862415,0.12270646448881348,0.2480521699930405,0.07001863494250053,0.4347072006419374,0.10610568113446665,0.2868612166963132,True,False,0.5504857296867914,0.37289126859949007
633,2021-06-08,2021-07-06,0.05255838525107578,0.11824861034645702,0.4444735975931115,0.07435656687686153,0.7068425487975432,0.08875679311265006,0.5921618324398981,True,False,0.5711433300506485,0.37168289593646914
634,2021-06-09,2021-07-07,0.052984614767725494,0.11910906382785312,0.4448411654406378,0.07279362393835763,0.7278743920290793,0.08892724338225952,0.5958198270013576,True,False,0.5669867965511927,0.3717306369489423
635,2021-06-10,2021-07-08,0.014140537637895027,0.10607425116275875,0.13330791858429428,0.06846339113810314,0.20654158964125782,0.09883362839745387,0.1430741526662327,True,False,0.6370091689662574,0.3707671360506969
636,2021-06-11,2021-07-09,0.039010047063185505,0.09939549591576512,0.3924729858609028,0.05189402352364855,0.7517252356701208,0.08778015266573305,0.44440623396653023,True,False,0.6800710632280934,0.3763543136080282
637,2021-06-14,2021-07-12,0.04992349315032987,0.09969171386490669,0.5007787629971107,0.04289676632130798,1.1638055133664358,0.08245020145501315,0.6054987406861504,True,False,0.6782035894931611,0.36660369977819723
638,2021-06-15,2021-07-13,0.06281651206239117,0.09924153309109308,0.6329659579596815,0.0418111157161176,1.5023878455885424,0.08218035633818972,0.7643738097689404,True,False,0.6811756283691629,0.3653508041237768
639,2021-06-16,2021-07-14,0.060877175890664624,0.09897159357950704,0.615097460684616,0.04028101288755169,1.5113119439327183,0.07931590666747787,0.7675279581167074,True,False,0.6831639509497639,0.3627499003819497
640,2021-06-17,2021-07-15,0.0829770877068098,0.10002988686761066,0.8295229586396493,0.037140557819379465,2.2341368191167397,0.07961378947889217,1.0422451719724928,True,False,0.675751163015338,0.3572792120181141
641,2021-06-18,2021-07-16,0.0993774441276271,0.09763789442359112,1.0178163377478127,0.03444276552497171,2.8852922409954687,0.06537511694429751,1.520111148899375,True,False,0.6925849674070691,0.2208518377527549
642,2021-06-21,2021-07-19,0.09701888989151554,0.08969162372337953,1.081693985056333,0.02984609940634225,3.25063883794809,0.05418732332136698,1.7904351782819903,True,False,0.7543105806394168,0.2239901717439937
643,2021-06-22,2021-07-20,0.05341352289869769,0.08991957632910832,0.5940143968561707,0.029630430966114275,1.8026576447633196,0.07985502076052137,0.6688812098475366,True,False,0.7525084769335151,0.22160327509941743
644,2021-06-23,2021-07-21,0.07794842903307665,0.08820884425764822,0.8836804255749907,0.028863881842237527,2.700552526480066,0.07860918465347468,0.9915944221618533,True,False,0.7671547810160401,0.23440228157901832
645,2021-06-24,2021-07-22,0.06928161392177089,0.08827737230195438,0.7848173559674142,0.02441758861839108,2.837365106134546,0.07570989993013603,0.9150931910582755,True,False,0.7665225901982333,0.2051507181126326
646,2021-06-25,2021-07-23,0.0689208102362014,0.08815834708745013,0.7817842837710451,0.024032565539001797,2.867809103624484,0.0752993503638658,0.9152909009594153,True,False,0.767560433391255,0.20466524616772047
647,2021-06-28,2021-07-26,0.05955722245881685,0.08823765229114368,0.6749638154730749,0.022526485445573105,2.6438754772782813,0.07563229972937935,0.7874575105070072,True,False,0.7668761185617972,0.19463227466016764
648,2021-06-29,2021-07-27,0.0493986975153695,0.0859498179695125,0.5747388264730456,0.02463317581966295,2.005372668023502,0.07345134051518752,0.6725363644677845,True,False,0.7874830955070358,0.1949913256237094
649,2021-06-30,2021-07-28,0.04922961524468908,0.08483719960302179,0.5802833600713947,0.0247416891202652,1.9897435056027168,0.07205810825553009,0.6831932788203742,True,False,0.7979199582862797,0.1922923012556807
650,2021-07-01,2021-07-29,0.06814071730556374,0.08450985964648697,0.8063049399277558,0.02758009831029791,2.470648093379755,0.07663577682590157,0.8891502132269553,True,False,0.8010134734338533,0.23296637354209537
651,2021-07-02,2021-07-30,0.07395522514613409,0.08452814915743653,0.8749183068990424,0.029865696920464688,2.4762598155028557,0.07698156036922346,0.9606875307726385,True,False,0.8008136730158204,0.23301203164134518
652,2021-07-05,2021-08-02,0.06796320138651112,0.08394648173710587,0.8096015458914718,0.02801742345452163,2.425747731472531,0.07617265744449213,0.8922256839475066,True,False,0.8064322230824988,0.22964410452240044
653,2021-07-06,2021-08-03,0.05452817469881945,0.08211373907866405,0.6640566525241539,0.025869454120056846,2.107820847156694,0.07253492543170552,0.751750613573869,True,False,0.8246196813379421,0.23140526590182986
654,2021-07-07,2021-08-04,0.04089628153080243,0.0832458007786129,0.491271405263595,0.030226343297333723,1.353001291903209,0.0764888166200449,0.5346700777703628,True,False,0.81335726401839,0.2175159916493893
655,2021-07-08,2021-08-05,0.04444859236875576,0.0828960070033055,0.536197025352299,0.029586124506297475,1.5023458837704402,0.07683640731101286,0.5784834809993127,True,False,0.8167913012986342,0.2164035836680107
656,2021-07-09,2021-08-06,0.04120003252321545,0.0884258812631564,0.46592730470622845,0.041079858884335414,1.0029253663995876,0.08405429302417058,0.49015976508621634,True,False,0.7653748444461969,0.24162912474972834
657,2021-07-12,2021-08-09,0.03260533767610503,0.0956463638692452,0.34089469120518423,0.047175854630680046,0.6911446105504294,0.1044132045739932,0.312272167195089,True,False,0.7072470876546623,0.2373206531129431
658,2021-07-13,2021-08-10,0.03245271983564954,0.09564458003820064,0.3393053722718826,0.046544700553438983,0.6972376973054079,0.10293853755166998,0.3152630745250281,True,False,0.7072502654791641,0.23635835605880237
659,2021-07-14,2021-08-11,0.03165568568881151,0.09610554395868022,0.32938459515323704,0.04476893702720317,0.7070904022040194,0.10987498370250279,0.28810639712604974,True,False,0.7038654169297288,0.23701424607109925
660,2021-07-15,2021-08-12,0.02844848478536317,0.09653595828218463,0.294693141204496,0.04462260056644282,0.6375353391383706,0.11118091955044399,0.25587560257995334,True,False,0.7007086649486959,0.23540933946196116
661,2021-07-16,2021-08-13,0.026851538220948237,0.09715765174348967,0.27637080290742516,0.04573203625371477,0.5871494125470329,0.11897283820434004,0.22569469322762373,True,False,0.6962098387664566,0.23827121310863225
662,2021-07-19,2021-08-16,0.03248644459956386,0.0993046109932127,0.3271393369818875,0.047137377175675,0.6891865128280477,0.12313096196011408,0.26383652074518205,True,False,0.68106871745463,0.23905858075188802
663,2021-07-20,2021-08-17,7.696048199152283e-05,0.12350360962981109,0.0006231435844037569,0.07833563334711341,0.0009824453917478763,0.1239517308135482,0.0006208907409876271,True,False,0.5471138458246457,0.234627329342196
664,2021-07-21,2021-08-18,0.03324799660012113,0.11012598902390044,0.3019087219539556,0.05929724899790647,0.5607004905285736,0.09282677132020115,0.3581724983780151,True,False,0.61383517155929,0.23172591730423725
665,2021-07-22,2021-08-19,-0.0006475570290125951,0.11732765912068717,-0.005519218859949266,0.06267442993567181,-0.010332076888090388,0.09344054546027698,-0.006930150351999834,True,False,0.5760085399242619,0.23329033138122335
666,2021-07-23,2021-08-20,-0.07188321273331838,0.10047749145504924,-0.7154160766988981,0.05869538148726048,-1.2246826055457234,0.09338641856605673,-0.7697394742948827,True,False,0.6729475609854234,0.24294697313288094
667,2021-07-26,2021-08-23,-0.03498375390613349,0.0982492426512891,-0.3560714867828498,0.048512487491995,-0.721128841556643,0.10791988526837826,-0.32416411321356475,True,False,0.6884095582183943,0.26917318493474174
668,2021-07-27,2021-08-24,-0.03163961371543786,0.09842764747229782,-0.3214504717726057,0.0492654262580962,-0.6422275441134189,0.10865356420529564,-0.29119720044946107,True,False,0.6871610316506759,0.27087609720668165
669,2021-07-28,2021-08-25,-0.02488913933652437,0.10272180096141817,-0.24229656317915038,0.05209550859297417,-0.47775979175066596,0.11637551887092772,-0.2138692018561821,True,False,0.6582919781813362,0.27117193877247026
670,2021-07-29,2021-08-26,-0.019276002622240017,0.09829479503576213,-0.19610400138915718,0.0512929364143206,-0.3758022833112417,0.11328100374047136,-0.17016094478118904,True,False,0.6880987617371928,0.27209460764464993
671,2021-07-30,2021-08-27,0.0038482542110269487,0.0921494357104206,0.04176101764876867,0.06002778044145379,0.06410788776007173,0.10613650574376389,0.03625759284291357,True,False,0.7342404642719034,0.24905385229501437
672,2021-08-02,2021-08-30,0.0012055407334938734,0.09252605132729856,0.013029203302207656,0.06011060645021703,0.020055374661579726,0.10543823674076173,0.011433620010716846,True,False,0.7312614217758203,0.2484675334234019
673,2021-08-03,2021-08-31,0.0025954400599292444,0.09422362516261018,0.027545533887600483,0.058323484149593846,0.04450077182069924,0.1085997206821078,0.02389914120982498,True,False,0.7180145580820048,0.250480439792723
674,2021-08-04,2021-09-01,0.016274279856493493,0.09602735430403098,0.16947545805508402,0.06208627417304473,0.2621236347849507,0.12001806251494154,0.1355985883747077,True,False,0.7044605187227192,0.25360902252798295
675,2021-08-05,2021-09-02,0.014508027784968585,0.09586140483206136,0.15134378439774646,0.06210644792457505,0.23359938089822502,0.12054586568943466,0.12035276118341529,True,False,0.705687117501553,0.253752493739513
676,2021-08-06,2021-09-03,0.011401716238469752,0.0963116595089036,0.11838355082455736,0.06445272186313329,0.1769004614371684,0.12349406675425789,0.0923260245462492,True,False,0.7023664968219482,0.25675620605487404
677,2021-08-09,2021-09-06,0.04238262452563991,0.0977578955527522,0.4335468177377996,0.06968399558268429,0.6082117446229149,0.13837313821989905,0.30629228382669565,True,False,0.6918376217359639,0.23122005442601387
678,2021-08-10,2021-09-07,0.06491049861117451,0.0948087056902911,0.684647028335307,0.0784122770196665,0.8278104026349647,0.13955180864297567,0.46513548797664955,True,False,0.7134600268619068,0.24630453442086686
679,2021-08-11,2021-09-08,0.06194518058497288,0.09474822854685211,0.6537872162363603,0.07621554315152272,0.8127630929798768,0.1369528697687054,0.4523102048871979,True,False,0.713942231929772,0.2517158469481705
680,2021-08-12,2021-09-09,0.04959888301034178,0.09488238733032367,0.5227406730151947,0.07342255328143511,0.6755265350174474,0.1378114961534714,0.35990381350411316,True,False,0.7129530649965921,0.2509509440817704
681,2021-08-13,2021-09-10,0.034070041062096205,0.09137740899466402,0.37284971676189377,0.0691759937559219,0.492512491866871,0.12933713757940657,0.26342040422209667,True,False,0.7404824828164366,0.2515414902219676
682,2021-08-16,2021-09-13,0.018176118304684564,0.0884862443358104,0.2054117952583132,0.06402518759967131,0.28389012178041434,0.11221785246378221,0.16197171756205922,True,False,0.7648840737774144,0.2492312164154317
683,2021-08-17,2021-09-14,0.016597329172988073,0.08869945238320642,0.18711873328465403,0.06326230542073506,0.2623573242012783,0.11184474020304203,0.14839615294252922,True,False,0.7630284462008746,0.2482741683109142
684,2021-08-18,2021-09-15,-0.011091517662134013,0.08963767834259252,-0.12373722598818952,0.06300164925040092,-0.17605122713614407,0.1016385411553702,-0.10912708443127805,True,False,0.7549603658480301,0.23059007991900118
685,2021-08-19,2021-09-16,0.0027612261551881044,0.10554870462580901,0.026160682549134034,0.07765677478249126,0.03555679672407228,0.14448050434165927,0.019111409997978095,True,False,0.640588903953636,0.2399325400219338
686,2021-08-20,2021-09-17,0.02215749803385379,0.09891588697368982,0.22400343071024942,0.07777240147622876,0.2849018110958842,0.13475126349733857,0.16443258088107957,True,False,0.6837488017959027,0.2326604304087309
687,2021-08-23,2021-09-20,0.11004966075196039,0.08674258229822913,1.2686924672544257,0.05462894632623761,2.0144935634444936,0.05605466958363576,1.9632558994529794,True,False,0.7799888164795572,0.2297068367481546
688,2021-08-24,2021-09-21,0.08368525083994238,0.08693643437868112,0.9626027503661226,0.045570514073160186,1.8363903182130386,0.046824056669959556,1.7872276942982495,True,False,0.7784243396937108,0.20474962380991457
689,2021-08-25,2021-09-22,0.06925415265183389,0.07713245187943905,0.8978601219637197,0.03446365295119088,2.009483810375964,0.038784640407237,1.7856077025510193,True,False,0.8782528596036342,0.2019107427374397
690,2021-08-26,2021-09-23,0.0645690136381634,0.07420869932997506,0.8701003281441707,0.03158945991832137,2.0440049879015003,0.03600350861007774,1.79340892404275,True,False,0.9132001750711934,0.202791226630482
691,2021-08-27,2021-09-24,0.056358146971497956,0.07600475348170382,0.7415081871828546,0.03244491413544395,1.7370410270227947,0.03851064705641792,1.463443262558885,True,False,0.8914704875785711,0.2063086708754265
692,2021-08-30,2021-09-27,0.032935787724488304,0.07909511038772048,0.41640738046939485,0.030509649292446196,1.0795203644849103,0.03435592916855855,0.9586638615680372,True,False,0.8564120855762797,0.18573630353141704
693,2021-08-31,2021-09-28,0.054000225357150926,0.06972081133240268,0.7745208973501198,0.025030551214354345,2.1573726001760303,0.033145081248458906,1.6292078137434551,True,False,0.9726240483719899,0.20583733417929276
694,2021-09-01,2021-09-29,0.043403780923601455,0.0692873225119857,0.6264317821791026,0.02341639373987815,1.8535638495728213,0.03389281808510799,1.2806188265198415,True,False,0.9787023732798702,0.2165912525437764
695,2021-09-02,2021-09-30,0.038201271961336665,0.06945307811256674,0.5500299338701964,0.023171226890170787,1.6486512407136114,0.03417264806014261,1.117890304962724,True,False,0.9763270012836778,0.20952815107571363
696,2021-09-03,2021-10-01,0.04806621140108457,0.06736026540819784,0.7135692104211164,0.022550020580536276,2.131537362878162,0.03289298472324521,1.4612906613827772,True,False,1.0069875319116508,0.21737580615740046
697,2021-09-06,2021-10-04,0.03730086626251919,0.06648813627929474,0.5610153683031593,0.02198243442561202,1.6968487447895881,0.03456784518475831,1.079062523659008,True,False,1.0203911552000031,0.21120254967215019
698,2021-09-07,2021-10-05,0.03225753173129032,0.0651651908188385,0.49501169759430896,0.023608462682142544,1.3663546062103373,0.03458034865133045,0.9328284123604184,True,False,1.0413370886817488,0.2105502536604959
699,2021-09-08,2021-10-06,0.020999896490618505,0.06593517320017818,0.31849308148267297,0.030535186478444186,0.6877277957821885,0.03720427326103166,0.564448506849726,True,False,1.0290627227577107,0.20568165262229293
700,2021-09-09,2021-10-07,0.028478334099908607,0.06509826684456918,0.4374668555755015,0.027000570602386507,1.054730824740107,0.03610056249348873,0.7888612291025963,True,False,1.0425606624195947,0.2100991459428261
701,2021-09-10,2021-10-08,0.03213746350978794,0.06508906550354675,0.4937459657956949,0.023834825751268676,1.3483406107165408,0.03485435302651991,0.922050209491344,True,False,1.0425953696025914,0.20398998568231297
702,2021-09-13,2021-10-11,0.04175784992391011,0.066212212977377,0.6306668822287768,0.01769847347242567,2.3594040462850705,0.03151069128847586,1.3251962497941723,True,False,1.0246008882677136,0.20154071856793518
703,2021-09-14,2021-10-12,0.045148607690649434,0.06712759099122174,0.6725789950745217,0.017370123601492725,2.5992105022654837,0.031560466121401204,1.430543120528695,True,False,1.010442470679529,0.20205170333738348
704,2021-09-15,2021-10-13,0.05238458747855269,0.06658586363734914,0.7867223554215385,0.017356008908263366,3.018239259695924,0.03123791726006652,1.6769551901438493,True,False,1.0187863463506324,0.21293578166303323
705,2021-09-16,2021-10-14,0.05960965496874661,0.06604036518787629,0.9026245508964836,0.020072088336087507,2.9697784291619875,0.031189521399585224,1.9112077484311552,True,False,1.027315701980705,0.22172818327931346
706,2021-09-17,2021-10-15,0.0579382488048431,0.06609621259469348,0.8765744137281273,0.019759934518617513,2.9321073281014445,0.031107943759535038,1.8624904703668876,True,False,1.0265370593647365,0.2171462750074512
707,2021-09-20,2021-10-18,0.05207002821031264,0.06808514151738412,0.7647781446854692,0.01965588053186094,2.6490814352432808,0.03404411752899019,1.5294867950673865,True,False,0.9962828861075789,0.21216384204552144
708,2021-09-21,2021-10-19,0.05695507244075485,0.08279594358900273,0.687896894121753,0.025351085684129596,2.2466522006357357,0.06002256910169405,0.9488942791545286,True,False,0.8177673424595346,0.21241455613543192
709,2021-09-22,2021-10-20,0.05448861042287151,0.08334847069378597,0.6537445734674278,0.02644761459017175,2.0602466901918683,0.06261701326089956,0.8701885890954217,True,False,0.812313189440014,0.2127286783617848
710,2021-09-23,2021-10-21,0.05727172135633085,0.09175399159772163,0.6241877912780961,0.03246992725975366,1.7638389177212268,0.07779931267957713,0.7361468807855559,True,False,0.7374043110587484,0.21077068890684783
711,2021-09-24,2021-10-22,0.059901741776096515,0.09564337210817311,0.6263031139089006,0.037448716658753586,1.599567278151161,0.08340977975641947,0.7181620902372218,True,False,0.7072359651564594,0.20980272075112752
712,2021-09-27,2021-10-25,0.06977849127393378,0.0962640306679196,0.7248656719418644,0.040610409487489424,1.718241508877914,0.07980873159470421,0.8743215169524634,True,False,0.70262716142103,0.20451314808586013
713,2021-09-28,2021-10-26,0.07501332971155647,0.09688666601181135,0.7742379090886632,0.04200961050364769,1.7856230708219272,0.07517899764195979,0.9977963535615051,True,False,0.6980738948509778,0.2050236954749686
714,2021-09-29,2021-10-27,0.0021645609573414616,0.13689105438914298,0.015812289320149584,0.059714638716736775,0.03624841418884412,0.07221737996038613,0.029972853605722088,True,False,0.49343905009371203,0.17796125410015165
715,2021-09-30,2021-10-28,0.022337872830162375,0.137317515249496,0.1626731505414737,0.054343890659018346,0.4110466247314115,0.06392577068385709,0.34943454871484664,True,False,0.49184594504331886,0.15025972160182635
716,2021-10-01,2021-10-29,0.030677990709715882,0.14003649760982867,0.21907139376758236,0.05726537867502936,0.5357161939643832,0.07912095082085172,0.38773536454558044,True,False,0.4823251110966636,0.20878782143576025
717,2021-10-04,2021-11-01,0.0066641279034083175,0.1509499262929618,0.044147937445657696,0.08359686039508055,0.0797174424005101,0.08748896026020528,0.07617107213971,True,False,0.4473792027697571,0.20399185414121737
718,2021-10-05,2021-11-02,0.062642776918358,0.1749888385507456,0.35798155720767305,0.06947477193035642,0.9016622174902996,0.09068284713695841,0.6907897016483011,True,False,0.38579238266254184,0.20364463187105342
719,2021-10-06,2021-11-03,0.09221209810670031,0.18585176257001568,0.4961593951629131,0.06760835433198074,1.3639157322763182,0.09147585121475812,1.0080485382990718,True,False,0.36319706528431095,0.2033811129413439
720,2021-10-07,2021-11-04,0.08846224673014584,0.18274470886845334,0.4840755569772713,0.06109986741142785,1.4478304205550576,0.07848155664988248,1.1271724275907098,True,False,0.3693820417569043,0.19071992318663225
721,2021-10-08,2021-11-05,-0.0007570155880111101,0.1829418759135539,-0.004138011509015164,0.11440621908322965,-0.006616909413468048,0.11287604593488222,-0.006706609730534232,True,False,0.3690015633447065,0.19388186219799353
722,2021-10-11,2021-11-08,-0.018572668627070476,0.1807088672447372,-0.10277674200634097,0.13205174722103075,-0.14064689803750333,0.11253277899919543,-0.1650422996059065,True,False,0.3735490977309475,0.1971320845588356
723,2021-10-12,2021-11-09,-0.023531401988360977,0.1917030009271497,-0.12274926252877646,0.14823604104428992,-0.15874278497042613,0.12745091380231544,-0.18463109668134428,True,False,0.3520917686931202,0.19705247552678926
724,2021-10-13,2021-11-10,0.041987634106968354,0.1827641588616274,0.22973669656290552,0.12790780859662462,0.32826482266913276,0.12835340944282878,0.3271251951096048,True,False,0.3693459892204677,0.21040222177474666
725,2021-10-14,2021-11-11,-0.0070551163802234805,0.1852292951674962,-0.03808855599133923,0.11884915072936472,-0.05936194189800242,0.13651701390723434,-0.05167939276065292,True,False,0.3644382951858582,0.2041655132539002
726,2021-10-15,2021-11-12,-0.17037983696727652,0.19651573440659867,-0.867003537817252,0.0946596512045869,-1.7999203969074045,0.1541097818706043,-1.1055744476384575,True,False,0.34341428208870356,0.21007777427672047
727,2021-10-18,2021-11-15,-0.18463225512834883,0.19910994558169953,-0.9272879593681062,0.09151407742645976,-2.0175284537695126,0.1556403348412157,-1.186275108677392,True,False,0.338920806436681,0.2086983828409057
728,2021-10-19,2021-11-16,-0.1961455286709244,0.198922695801657,-0.9860389629270776,0.09423443313996946,-2.081463453805501,0.15244113915737803,-1.286696817900492,True,False,0.33919655960594347,0.22941374401569473
729,2021-10-20,2021-11-17,-0.26479591348493686,0.19805254934401026,-1.336998258098641,0.06911368178856998,-3.8313096138473814,0.13620694374913853,-1.9440705899152195,True,False,0.3406024964679534,0.21786405479217502
730,2021-10-21,2021-11-18,-0.27667201769457717,0.19732515437970316,-1.4021122576303207,0.06583158243332936,-4.2027247024598795,0.13517573833202765,-2.046757954559841,True,False,0.34182961199400513,0.2140463171867876
731,2021-10-22,2021-11-19,-0.2766042786358871,0.2005753346741364,-1.3790543043852859,0.0655544744527597,-4.219456885970697,0.1418152693688678,-1.9504548407719562,True,False,0.3362880361865736,0.21442754128707084
732,2021-10-25,2021-11-22,-0.19016047900891883,0.18960303264656764,-1.00294007091854,0.08975354500007336,-2.118696024861897,0.15756557603163196,-1.2068656352371239,True,False,0.3558188872127078,0.22442162089439857
733,2021-10-26,2021-11-23,-0.20165418878345628,0.19083214221572656,-1.0567097682920519,0.08396575792117957,-2.4016241117331822,0.15800961134436198,-1.2762147002815953,True,False,0.3534549991385203,0.22749402051094617
734,2021-10-27,2021-11-24,-0.21142137425098986,0.18573240305250235,-1.1383117365429543,0.08232782103736126,-2.568042875263813,0.151721940239973,-1.393479241806376,True,False,0.3631153727257509,0.22885783169285176
735,2021-10-28,2021-11-25,-0.19246081667589116,0.19275578955959757,-0.9984697067497669,0.09722331214072984,-1.979574779321506,0.16559251567895156,-1.162255527592995,True,False,0.34987601058363604,0.22753310398896126
736,2021-10-29,2021-11-26,-0.071106697281668,0.06122820884039563,-1.1613388441106085,0.020948353712564115,-3.39438116509464,0.15705429353176745,-0.45275232967308354,True,False,1.1084836125894582,0.21963948290688387
737,2021-11-01,2021-11-29,-0.06157510399085214,0.05277813070124279,-1.1666783793349127,0.015834496577911753,-3.8886682432800552,0.032406130147538265,-1.9001066684147012,True,False,1.2894897386490562,0.18975039325735948
738,2021-11-02,2021-11-30,-0.08407293452752493,0.050303639754825956,-1.671309172403559,0.021965475976169244,-3.8275034248625994,0.06653980461724353,-1.2634983677985998,True,False,1.3540946186031175,0.21093740306342845
739,2021-11-03,2021-12-01,-0.09828616993700481,0.04878595060176556,-2.014640869444242,0.02823628897441709,-3.480845872701437,0.07469265501141595,-1.3158746321439887,True,False,1.396946784205515,0.2248783528263596
740,2021-11-04,2021-12-02,-0.09870526507854716,0.04711956119101943,-2.094783197967461,0.027076209939759427,-3.645460915621197,0.06728547052361235,-1.466962544965911,True,False,1.4474086635494434,0.22509073287623108
741,2021-11-05,2021-12-03,-0.09563885554703472,0.04659905321988278,-2.05237765445045,0.02387241654311598,-4.006249445853181,0.05794136196785732,-1.6506145575261053,True,False,1.4640267274280658,0.22593957436727186
742,2021-11-08,2021-12-06,-0.08567659656624796,0.04464808479683754,-1.9189310573141651,0.01980754859487474,-4.325451792071687,0.04527509439295048,-1.8923560009095897,True,False,1.5298137650640014,0.21636370978408717
743,2021-11-09,2021-12-07,-0.0654214042450694,0.0415468565285007,-1.5746414942413516,0.02686879755385695,-2.434846744218307,0.0357123641189027,-1.831897883524367,True,False,1.6480718845211628,0.21931245420154866
744,2021-11-10,2021-12-08,-0.0567114779671158,0.04117162011787743,-1.3774410092375913,0.032202067831576975,-1.7611129280184046,0.033806568725169524,-1.6775283652165862,True,False,1.6640000684840293,0.2380413733612356
745,2021-11-11,2021-12-09,-0.05573317208757119,0.04102586167354965,-1.3584887632842504,0.03376921312954357,-1.650413702971719,0.0333186556762162,-1.672731716104474,True,False,1.6701830501321693,0.23554709083717157
746,2021-11-12,2021-12-10,-0.050739666458148876,0.04041232635350228,-1.2555492602506806,0.03611264319494494,-1.405038844269683,0.032008200785690236,-1.5852083282617009,True,False,1.6966201976430217,0.24120244371177316
747,2021-11-15,2021-12-13,-0.0449885841635256,0.04041579688755601,-1.1131435633619178,0.03751116123116749,-1.1993386151465029,0.0308745986371316,-1.4571390770864854,True,False,1.6967192160520115,0.2371780922039179
748,2021-11-16,2021-12-14,-0.04187166906408642,0.04026869167809153,-1.0398070391461711,0.03990171396001348,-1.0493701876076573,0.031287812439973986,-1.338274100959205,True,False,1.7030960190330415,0.24537065553580578
749,2021-11-17,2021-12-15,-0.04406770993745393,0.039672918723740756,-1.1107755959251688,0.036841561544052215,-1.196141208204795,0.030192233256837564,-1.4595710612918644,True,False,1.7296600567599612,0.22798571239042717
750,2021-11-18,2021-12-16,-0.04967353931945588,0.039603637882080545,-1.2542670819119792,0.03377427877560752,-1.4707505569395352,0.030894611465787484,-1.6078382916213099,True,False,1.7328182125309113,0.2686638258469158
751,2021-11-19,2021-12-17,-0.049492128333036324,0.03955984694695598,-1.2510697627166782,0.033750632611988775,-1.4664059456905087,0.03070967756778309,-1.6116134148200087,True,False,1.7348100795446726,0.2687858715533113
752,2021-11-22,2021-12-20,-0.04826937238267767,0.039473296183233655,-1.2228361208704979,0.03378717157519223,-1.4286301614580488,0.03027090777374119,-1.594579612328291,True,False,1.7387858049195777,0.270149587679163
753,2021-11-23,2021-12-21,-0.052724252305933424,0.039258601107510914,-1.3429987523382811,0.03195882616195188,-1.6497555961145884,0.031252225960537,-1.6870559035541888,True,False,1.748538083541828,0.259167052194498
754,2021-11-24,2021-12-22,-0.04757025288792039,0.038848577532776624,-1.224504368217479,0.030612620329539805,-1.5539425366347104,0.031152253583553557,-1.5270244497828083,True,False,1.767848425065053,0.259468394977562
755,2021-11-25,2021-12-23,-0.04518899025168779,0.03886085585864164,-1.1628408395343908,0.029737738392082387,-1.5195839594755216,0.031347750358477956,-1.4415385389678046,True,False,1.7672388779417574,0.256350921184455
756,2021-11-26,2021-12-24,-0.0451889902516877,0.038860855858641616,-1.162840839534389,0.02974031108803165,-1.5194525073368528,0.03134775035847791,-1.441538538967804,True,False,1.7672388779417574,0.256350921184455
757,2021-11-29,2021-12-27,-0.05892670401794291,0.04987989266874493,-1.1813719089028187,0.05291826441575728,-1.1135418870690799,0.04673313673883546,-1.2609190850434513,True,False,1.3666105536849655,0.2506119923199488
758,2021-11-30,2021-12-28,-0.046935769751702584,0.05481942453226546,-0.8561886621789921,0.0547268902249628,-0.8576363385305892,0.05287584783683843,-0.8876598990248736,True,False,1.241207155208594,0.24949148796244452
759,2021-12-01,2021-12-29,-0.01733782589473371,0.05980813771096826,-0.2898907499598355,0.04852923025420739,-0.35726562741494444,0.057100117515601866,-0.30363905801063146,True,False,1.1362944941310806,0.2415013811929052
760,2021-12-02,2021-12-30,0.01883812102835414,0.0658381571769961,0.28612770824843486,0.038283441802869,0.4920696818576639,0.04949935108920695,0.38057309063313527,True,False,1.0308714823150371,0.23544209655427598
761,2021-12-03,2021-12-31,0.03510809080640571,0.0683012574457179,0.5140182204450291,0.03609165188524782,0.9727482387902523,0.04848824852061054,0.7240535980894953,True,False,0.9931897041576476,0.23346716381269966
762,2021-12-06,2022-01-03,0.030036573499504754,0.07321910805093756,0.4102286178986052,0.04272726667460333,0.7029837346782166,0.057627178779340704,0.5212223491716871,True,False,0.9258093982277428,0.2303702693779021
763,2021-12-07,2022-01-04,0.036987423353211285,0.07738266154986904,0.47798075967411435,0.04663751489422332,0.7930830670781018,0.06089935456173115,0.6073532900208107,True,False,0.875504338106839,0.23050992802238784
764,2021-12-08,2022-01-05,0.007796482481585638,0.0883527463694279,0.08824267271768024,0.06994053575866983,0.11147301628468274,0.08303830235699078,0.09389019597327151,True,False,0.7660198653502421,0.2265017509390219
765,2021-12-09,2022-01-06,-0.016272848641629124,0.0918431944966557,-0.17718077785525707,0.06300563499534802,-0.25827608344603814,0.08382392300528795,-0.19413131786497953,True,False,0.7367520833090949,0.2202690049889992
766,2021-12-10,2022-01-07,-0.027813039854873326,0.09439578480734012,-0.29464281600750686,0.05113120472809191,-0.5439543230553417,0.08675941217923497,-0.32057662859004604,True,False,0.7166623790079374,0.21951859804997545
767,2021-12-13,2022-01-10,-0.0370228155552047,0.10383146185553631,-0.3565664481033274,0.05728320218929461,-0.6463119054144588,0.10170155868547748,-0.36403390502304456,True,False,0.6512088437470082,0.2202957983445996
768,2021-12-14,2022-01-11,-0.04316166950808634,0.10649836893866686,-0.405280099012065,0.060214465454806215,-0.7167990146899369,0.10636371619145947,-0.4057931694525734,True,False,0.6347645262301375,0.22345486876373633
769,2021-12-15,2022-01-12,-0.07125663589332863,0.1106934826661615,-0.6437292799633945,0.08306554485363941,-0.8578362547176697,0.10068622317200969,-0.7077098896797,True,False,0.6104241376695645,0.21960231689315127
770,2021-12-16,2022-01-13,-0.045265438052938194,0.10848163308853598,-0.41726361195166883,0.04992698677237994,-0.9066326846301777,0.08317903264871995,-0.5441928886586395,True,False,0.6228125151074215,0.21341938134685376
771,2021-12-17,2022-01-14,-0.01887864365823667,0.10923270604592412,-0.17282958869754286,0.05220113097159663,-0.361652004599456,0.08646883860293175,-0.21832886810158433,True,False,0.6187721566163404,0.18555737815813803
772,2021-12-20,2022-01-17,-0.025394398622426553,0.11126223610897484,-0.2282391538271281,0.05063895240402253,-0.5014795412791623,0.08771037503854082,-0.28952559615972456,True,False,0.6074264411852177,0.1839549745924404
773,2021-12-21,2022-01-18,0.010799621130098445,0.09516897061837051,0.11347838544356167,0.040433474248153765,0.26709604680066706,0.08912980115097259,0.12116734235506144,True,False,0.7107219315129624,0.19374159936374524
774,2021-12-22,2022-01-19,0.027799161731196932,0.09831378491982984,0.2827595515101551,0.04407227506573065,0.6307630293588535,0.08775374263241703,0.31678605262048015,True,False,0.6877745903371735,0.19144999879228322
775,2021-12-23,2022-01-20,-0.00434316468665632,0.1044028235152233,-0.041600069235896,0.04619803910057561,-0.09401188386375053,0.1004265462585581,-0.0432471776483721,True,False,0.6474833887590181,0.18355323739264784
776,2021-12-24,2022-01-21,0.0015545987843165233,0.09565827988390588,0.016251586231774574,0.04269613061208509,0.03641076514499176,0.07830233573331243,0.019853798354257077,True,False,0.7070513855950353,0.1850490251583099
777,2021-12-27,2022-01-24,0.015749011885941164,0.09571398762386098,0.16454242767349733,0.0434356710566251,0.3625824467039981,0.07728191843780975,0.20378650277185728,True,False,0.7067258901118432,0.22089799120514428
778,2021-12-28,2022-01-25,0.013921865652395515,0.09611509059866873,0.14484578400416495,0.04398342953020665,0.3165252414624546,0.07783409256305529,0.17886590816379175,True,False,0.7037566834998148,0.22072902961111418
779,2021-12-29,2022-01-26,0.013659810220706628,0.09683755081038894,0.1410590221086134,0.04507828502901295,0.3030241769826648,0.0791077088807774,0.17267356638141576,True,False,0.698468344240516,0.22091930872878496
780,2021-12-30,2022-01-27,-0.07076794302303886,0.09353607511388423,-0.7565844829054011,0.09220403974098886,-0.7675145603363333,0.11994250526522854,-0.5900155484208863,True,False,0.7232378223255119,0.2786152290770828
781,2021-12-31,2022-01-28,-0.0747676705362356,0.0833982629819596,-0.896513522738586,0.06988264849475598,-1.0699032184197512,0.08915839184272457,-0.8385937542270367,True,False,0.8117402587641339,0.27774132047703987
782,2022-01-03,2022-01-31,-0.030748246005923987,0.07668574356479814,-0.4009643067481278,0.04566579828084557,-0.6733320595168766,0.08556469906758919,-0.35935667794069326,True,False,0.8835710787915253,0.29388344454372
783,2022-01-04,2022-02-01,-0.01766297361004278,0.07187944725657965,-0.24573051524719342,0.03859615862722004,-0.4576355326093494,0.07191921414281738,-0.24559464143987442,True,False,0.943265578358145,0.29557271720981554
784,2022-01-05,2022-02-02,-0.016934951792796395,0.07187366158313495,-0.23562110820259305,0.038693040884918185,-0.43767435708050845,0.07166114013187733,-0.2363198765974301,True,False,0.9433352695502609,0.29779703078464975
785,2022-01-06,2022-02-03,-0.016452783235291143,0.07312396063715333,-0.22499852431313325,0.04007946650738478,-0.41050404780861194,0.07355569429787172,-0.22367790002312835,True,False,0.9270372018795278,0.29968531993929415
786,2022-01-07,2022-02-04,-0.02331212467476944,0.07231271234985227,-0.3223793426802233,0.040120072338425836,-0.5810588893789647,0.07219009631634932,-0.32292690915124606,True,False,0.9375314736859602,0.2984580503591321
787,2022-01-10,2022-02-07,-0.030121927160613026,0.07268684906443447,-0.4144068362890644,0.036822342753099695,-0.8180339681965882,0.07349361930372979,-0.4098577188875,True,False,0.932655701618917,0.29144495764613887
788,2022-01-11,2022-02-08,-0.03655976326431929,0.07163081532797964,-0.5103915556024492,0.0362972110336594,-1.0072333995693614,0.07060497345479293,-0.517807195094094,True,False,0.9465267320291164,0.28978271800229694
789,2022-01-12,2022-02-09,-0.037211225527629774,0.07103463021363518,-0.5238462622486776,0.03223315025048353,-1.1544396138280517,0.06902646447973365,-0.5390863606893134,True,False,0.9545585969568665,0.2845729499434861
790,2022-01-13,2022-02-10,-0.07258550133477583,0.0656861054098195,-1.1050358501529445,0.03664098107951205,-1.9809922986849906,0.06896136559049675,-1.0525531319347672,True,False,1.0329755774925338,0.27383461321013775
791,2022-01-14,2022-02-11,-0.047333902014627026,0.06424671015565939,-0.7367521527552872,0.030746386908820044,-1.539494775597474,0.06673614389449332,-0.7092693591865253,True,False,1.0565996881838893,0.27605692090870365
792,2022-01-17,2022-02-14,-0.03811489306489048,0.06490482631157951,-0.587242817381833,0.032856434658206285,-1.1600434880225456,0.06854452126867994,-0.5560603876054252,True,False,1.0457970421799427,0.28092325270324287
793,2022-01-18,2022-02-15,-0.025403396563794152,0.062045027571619185,-0.4094348501089916,0.03273238269137357,-0.7760937174454176,0.06220986465141974,-0.40834997320982597,True,False,1.0947299263981518,0.28672430975506236
794,2022-01-19,2022-02-16,-0.03589848487463047,0.06496966927668014,-0.552542213532795,0.03422563612569554,-1.0488770681366242,0.06342075640419291,-0.5660368451905933,True,False,1.044758139496244,0.2831325096617934
795,2022-01-20,2022-02-17,-0.039132631996508724,0.060970675511668945,-0.6418271024243332,0.029162633307643904,-1.3418758033161413,0.056546932473462645,-0.6920381050709264,True,False,1.1142312778101453,0.28206345249862597
796,2022-01-21,2022-02-18,-0.03502828612183001,0.06162680649053229,-0.5683936604310561,0.028830286201295817,-1.2149822543300182,0.057991382322859164,-0.6040257141451599,True,False,1.1022213054872052,0.28127709065360385
797,2022-01-24,2022-02-21,-0.03947968428870065,0.06497120869617232,-0.6076489122023451,0.031597357892334775,-1.249461566477305,0.06359949804984223,-0.6207546521477394,True,False,1.0447170502478809,0.2800327238729694
798,2022-01-25,2022-02-22,-0.054388474844665934,0.06495619560385454,-0.837310041621934,0.03669195042288651,-1.4822999109565258,0.05935956182433369,-0.9162546550734489,True,False,1.044842087766749,0.2552784579551141
799,2022-01-26,2022-02-23,-0.05508888396352066,0.06382432095709907,-0.863133099379935,0.03567196361394157,-1.5443187978020483,0.0574911196702085,-0.958215534495275,True,False,1.0636016139648155,0.255270653633763
841,2022-03-25,2022-04-22,0.1176541071098069,0.07604111180298713,1.5472433834822636,0.049837773261971065,2.3607416505420677,0.07150543714440788,1.6453868657875634,True,False,0.890353557972406,0.3026131006814946
842,2022-03-28,2022-04-25,0.08769300495191948,0.07554970826012776,1.160732542473635,0.04015467103306692,2.183880547289387,0.08289952591509755,1.0578227557263864,True,False,0.8961450108569972,0.31175739773146066
843,2022-03-29,2022-04-26,0.06428935367442186,0.062003539581385096,1.0368658645694966,0.03540055802867112,1.816054809711009,0.0697878624330337,0.9212111022330274,True,False,1.0947313121917808,0.3097766182213986
844,2022-03-30,2022-04-27,0.025858478574961583,0.06062318407856312,0.4265443817904867,0.040081870372241056,0.6451415149745614,0.06588720344519558,0.3924658692862939,True,False,1.1195647269049929,0.27848905636326987
845,2022-03-31,2022-04-28,0.007421293563874223,0.05929985830233888,0.12514858848459534,0.04769270118711594,0.1556064844127358,0.06430531388017742,0.11540715869457704,True,False,1.1439426332213054,0.25401410866571944
846,2022-04-01,2022-04-29,-0.030445545984926055,0.05741195447836719,-0.530299765293619,0.06968827176415388,-0.4368819202169766,0.07580527347401547,-0.4016283378406672,True,False,1.1828666114157707,0.2941957125374044
847,2022-04-04,2022-05-02,-0.03362825933592702,0.057306817883852175,-0.586810794556484,0.07322610047453618,-0.4592387020202038,0.07593258849099939,-0.44286991928259,True,False,1.1849439704767029,0.29588225195513274
848,2022-04-05,2022-05-03,-0.0239348248757979,0.05493874572972042,-0.4356638390244462,0.061096951394888716,-0.39175154126921385,0.07063101469104514,-0.33887131567476186,True,False,1.2370026317491798,0.3000264411001954
849,2022-04-06,2022-05-04,-0.014501571261219223,0.05240927500789421,-0.27669856640899737,0.05503420470244964,-0.26350105974319166,0.06683116506176744,-0.21698815586734752,True,False,1.2981199498358766,0.3057421659329298
850,2022-04-07,2022-05-05,-0.01045718672063553,0.0478476720882904,-0.21855162987531598,0.046562955009291127,-0.2245816812646215,0.052689625338431766,-0.1984676613938279,True,False,1.4248179008207824,0.3090641526265075
851,2022-04-08,2022-05-06,-0.004319870426806185,0.04771375402549393,-0.09053721542216182,0.04769737920376973,-0.09056829743938566,0.05223821644576271,-0.0826955956907788,True,False,1.429390946328454,0.3133423430563362
852,2022-04-11,2022-05-09,0.006504765783879235,0.045762650049585685,0.1421413702403829,0.04848521829772537,0.13415977100353488,0.04725491191575333,0.13765269090916973,True,False,1.4916059729808373,0.3239202154615994
853,2022-04-12,2022-05-10,0.007411461255606639,0.045983083456726186,0.16117799630773838,0.04782265725689678,0.15497803093193427,0.04869158422588637,0.152212366334682,True,False,1.4838726021796742,0.32392822296068885
854,2022-04-13,2022-05-11,0.010006599835095345,0.04593801225009601,0.21782831570110942,0.048506233680990246,0.20629513107336891,0.04874282858583138,0.20529378629462786,True,False,1.4855837489084427,0.3348569941610192
855,2022-04-14,2022-05-12,-0.0038545602133747553,0.0467367561486919,-0.08247384994182227,0.04792269471171865,-0.0804328770859413,0.051271148557267616,-0.07517990764473281,True,False,1.4584767439940527,0.35173436366648875
856,2022-04-15,2022-05-13,0.010578088315053157,0.04548827574814454,0.23254537880532072,0.0479566663695464,0.22057597234845516,0.05095302311961347,0.20760472426181337,True,False,1.500495738231816,0.36855287226168854
857,2022-04-18,2022-05-16,0.014054801736771101,0.04518036834024196,0.31108205295999214,0.04832077517142861,0.2908645750592492,0.050459398077390694,0.2785368488782792,True,False,1.511032787475705,0.37135117182685684
858,2022-04-19,2022-05-17,0.02673990458882382,0.04498378126812357,0.5944343457799148,0.05206609331359193,0.5135761661196756,0.05109295855475691,0.5233579214279862,True,False,1.5186040280689537,0.4128597080185586
859,2022-04-20,2022-05-18,0.019290988409586582,0.04297978967711088,0.44883859494222006,0.04633124685082713,0.4163710178510378,0.047633811070892304,0.40498519803247,True,False,1.591950964871099,0.41188084716916484
860,2022-04-21,2022-05-19,0.02407848255088236,0.04279026942724539,0.5627092998753386,0.04702244370103112,0.5120636159186759,0.047897880387375,0.502704553022956,True,False,1.5992945737066104,0.4219608782909768
861,2022-04-22,2022-05-20,0.0211515198891366,0.04317107177391245,0.48994660127752737,0.046348967284461945,0.45635363910745536,0.048788741643997165,0.43353280237222575,True,False,1.5850286962507425,0.41946571134839583
862,2022-04-25,2022-05-23,0.000623269389314533,0.04619096468413432,0.0134933183053571,0.05285237789895923,0.011792646122868322,0.046745511363108186,0.013333245720067586,True,False,1.479083198348656,0.41325222819025137
863,2022-04-26,2022-05-24,0.007139102118532546,0.046283837035807615,0.15424611647926598,0.05043675143229937,0.1415456371752109,0.046646849383568036,0.153045751489647,True,False,1.4760769429534115,0.39835333977823123
864,2022-04-27,2022-05-25,-0.0010267653592014715,0.052516640415899735,-0.0195512384469021,0.06347074582128907,-0.016176985884055556,0.06195624371976441,-0.016572427532012036,True,False,1.2970948833365954,0.39835355871861455
865,2022-04-28,2022-05-26,0.012905195241948565,0.052965161860022855,0.2436544095919996,0.055658840036867115,0.23186245407558737,0.06061278013661726,0.21291211544596858,True,False,1.285824996096863,0.3873728955838332
866,2022-04-29,2022-05-27,0.03267494342045106,0.052854234216222686,0.6182086242472141,0.04559764637406154,0.7165927634159287,0.05853033811376125,0.5582565294077594,True,False,1.2881562176084742,0.3761919713375386
867,2022-05-02,2022-05-30,0.06890113605811254,0.0552811926840212,1.2463757150092771,0.01899915345027052,3.6265371632719505,0.04265129566609471,1.6154523557155362,True,False,1.2303975935882623,0.36455521545925146
868,2022-05-03,2022-05-31,0.07437548375129313,0.05538785055746563,1.3428122413619856,0.017625998144192575,4.219646634638868,0.04341201442037946,1.7132465457852168,True,False,1.2277035243450154,0.35521851368081264
869,2022-05-04,2022-06-01,0.0767427858952523,0.0572100262078467,1.341421967129366,0.016643968442974322,4.610846635415643,0.046420189028656175,1.6532200213117902,True,False,1.1881389630366066,0.3779259652829686
870,2022-05-05,2022-06-02,0.09789678020898336,0.060562315769635326,1.6164636204031477,0.018631495907427777,5.2543703788140315,0.05208692542486917,1.8794885551498122,True,False,1.1209536990708415,0.39265683394865986
871,2022-05-06,2022-06-03,0.10636868200178067,0.07391837094863524,1.4390019779480079,0.027463784661467913,3.873052578620654,0.087370949140476,1.2174376385766383,True,False,0.9162878678921914,0.38258821740477694
872,2022-05-09,2022-06-06,0.10803609240213852,0.07404165229959205,1.4591258980147552,0.027592590676329437,3.915402278439128,0.0878568383581952,1.2296833623999972,True,False,0.9147836523889377,0.38374911100067405
873,2022-05-10,2022-06-07,0.06188834859796444,0.09083886162027575,0.6812981525095488,0.033573240774501224,1.8433832174154736,0.11261046356319745,0.5495790234735375,True,False,0.7446635793202074,0.36155298551253595
874,2022-05-11,2022-06-08,0.08583254850419492,0.09228644011338699,0.930066740018766,0.02995218607541222,2.8656522194436733,0.14143773976407462,0.6068574670902406,True,False,0.73272845557573,0.3546645107150143
875,2022-05-12,2022-06-09,0.11844863988217644,0.08657860683564253,1.3681051729907683,0.047441331707499285,2.496739354039943,0.15115332627477518,0.783632373837766,True,False,0.7813689707845685,0.36944503778899235
876,2022-05-13,2022-06-10,0.19159235867252306,0.08385016486431317,2.2849371731416266,0.09045288038985165,2.11814546807974,0.1962745789434669,0.9761445404894107,True,False,0.8063054751107792,0.38855551335925353
877,2022-05-16,2022-06-13,0.22269461518096526,0.0673601749318913,3.3060278629937425,0.057049969590666764,3.9035010321442405,0.1016704212462251,2.1903579472897445,True,False,1.0044616286382306,0.4391547280878731
878,2022-05-17,2022-06-14,0.20194078958222977,0.06747936985281282,2.9926300441558147,0.045793561476508926,4.409807472297626,0.10555390463725717,1.9131531919753455,True,False,1.003135296637126,0.4467718284277146
879,2022-05-18,2022-06-15,0.15823551953286372,0.06450673900296158,2.4530075768610615,0.05254580710134315,3.0113824158734634,0.09937195896174762,1.5923558435008323,True,False,1.0505669765503456,0.4171241556394317
880,2022-05-19,2022-06-16,0.1144085523759378,0.06915922066735969,1.6542776403773727,0.107039415399767,1.0688450786903947,0.1751401195410089,0.6532401181166784,True,False,0.9800880284646533,0.45784557390061664
881,2022-05-20,2022-06-17,0.0687949853694718,0.06885763192809298,0.9990902016687621,0.12106041373544153,0.5682698682974304,0.19307374710673864,0.35631455027098674,True,False,0.9846402989078601,0.45090093509714513
882,2022-05-23,2022-06-20,0.06906878031773152,0.06884250958658385,1.0032867879527705,0.12076949528485308,0.5719058455516633,0.19278708942016945,0.35826455249396755,True,False,0.9848354394593004,0.4503538233649152
883,2022-05-24,2022-06-21,0.06640816875901222,0.0689313626607231,0.9633955603905595,0.1141919339505667,0.5815486826570437,0.19424900308085977,0.3418713491742791,True,False,0.983551195158686,0.4466848538843167
884,2022-05-25,2022-06-22,0.07449556152084276,0.06862653477307439,1.0855212457859826,0.11439371366077566,0.6512207632471194,0.19284943138693714,0.3862887278696368,True,False,0.9878847082383703,0.4471332086224368
885,2022-05-26,2022-06-23,0.08268547861179407,0.06910898759695482,1.1964504399054092,0.11604387310153762,0.7125363571710919,0.18918267563257393,0.437066863206776,True,False,0.9808934614521165,0.44560340685797295
886,2022-05-27,2022-06-24,0.08651741458804407,0.06805314445460385,1.271321336896595,0.11362950129873946,0.7613992281862092,0.1810218638619739,0.4779390331215026,True,False,0.9962551381806691,0.4476450942941841
887,2022-05-30,2022-06-27,0.07294054473444436,0.0693593261953779,1.0516328334704197,0.11493918033760882,0.6346012257978297,0.19470087762021415,0.3746287414108274,True,False,0.9773714389819843,0.4407689131091352
888,2022-05-31,2022-06-28,0.08211114370447904,0.0688277670435988,1.192994444414649,0.11246077339702683,0.7301314158190721,0.1793291881312799,0.4578794147239917,True,False,0.9847681716893463,0.44499937362355446
889,2022-06-01,2022-06-29,0.07784033584893577,0.06885812221346964,1.130445230667488,0.1102750898391686,0.7058741549198689,0.1776386216764587,0.4381948875437117,True,False,0.9841115132924163,0.44223892799126785
890,2022-06-02,2022-06-30,0.08380418535246907,0.06895753342600149,1.2153013773672685,0.11247660755896788,0.7450810188112512,0.17670372050683428,0.4742638418257176,True,False,0.9829297946086786,0.43247049261590603
891,2022-06-03,2022-07-01,0.04327470021996246,0.06758258038920195,0.640323289977201,0.10571041018865238,0.40937028002004516,0.18405551034210044,0.2351176562958023,True,False,1.0028168167836022,0.41440779810623224
892,2022-06-06,2022-07-04,0.040274234226823864,0.06739078527265051,0.5976222723015001,0.10578097414292947,0.3807323060988831,0.18314473889353142,0.21990385566159623,True,False,1.0058314050184,0.41548244350875946
893,2022-06-07,2022-07-05,0.03846860585050879,0.06734916362363401,0.5711816417718583,0.10283480602413027,0.3740815715788106,0.17758817036471303,0.2166169389070554,True,False,1.0057650387134138,0.4488119396181948
894,2022-06-08,2022-07-06,0.03415016114944771,0.06753490777110091,0.505666806641602,0.10336465073817172,0.33038530005728867,0.17932609544010694,0.1904360938971847,True,False,1.0027948527916364,0.44968102100472473
895,2022-06-09,2022-07-07,0.040042550061955465,0.06732813087243142,0.5947372894967967,0.10256290807683204,0.39041941002646635,0.1775830104420261,0.2254863793686378,True,False,1.0060524268668982,0.4561808540943606
896,2022-06-10,2022-07-08,0.04109834552929825,0.0682899404547094,0.6018213701116799,0.1069142689039595,0.3844046819065533,0.20222936349421666,0.2032264000597202,True,False,0.9921793607156371,0.45897765271423135
897,2022-06-13,2022-07-11,0.030188533820722587,0.06848043234463058,0.44083445134805155,0.10064652615417284,0.2999461081694866,0.21328602382832543,0.1415401406939886,True,False,0.9895985715192451,0.4427431944488223
898,2022-06-14,2022-07-12,-0.1391138498966589,0.0949812283168862,-1.4646457238111608,0.16732149513419883,-0.8314164882705822,0.23334765920149186,-0.5961656113144738,True,False,0.7114702898387121,0.40011073830134614
899,2022-06-15,2022-07-13,-0.12119336153462998,0.0961786466677807,-1.2600859518563914,0.16843345487009145,-0.7195325989608383,0.23743814980388364,-0.5104207627743556,True,False,0.7028605497310734,0.39537088742376836
900,2022-06-16,2022-07-14,-0.1573805473718783,0.10699333371474827,-1.4709378790968966,0.21347269588870244,-0.7372397051374255,0.29406348505734103,-0.5351924171788612,True,False,0.6312057040756075,0.41354065329147666
901,2022-06-17,2022-07-15,0.17853508878978966,0.12611249798498514,1.4156811707198593,0.13541213049123324,1.3184571289301756,0.16181414385422513,1.103334260759233,True,False,0.5350155974436448,0.38329663564910316
902,2022-06-20,2022-07-18,0.14910607727953168,0.12663944889175527,1.177406239401592,0.13531303183689306,1.1019343462739408,0.18715237983145672,0.7967094910244353,True,False,0.5331914257128795,0.4014030061284368
903,2022-06-21,2022-07-19,0.160558427032658,0.12607403552793417,1.2735249281132366,0.13034706304236485,1.2317763307062313,0.18587489009852198,0.8637983696859477,True,False,0.5355981461282978,0.4064773013271195
904,2022-06-22,2022-07-20,0.13606213274483966,0.12654511858235096,1.075206489741407,0.126773351133066,1.0732707744076577,0.18657694694732666,0.7292547925722676,True,False,0.5335378032108153,0.38721622878179357
905,2022-06-23,2022-07-21,0.11945753995169972,0.12832862236923565,0.9308721448593794,0.13058876333700914,0.9147612466733973,0.1933286960825383,0.617898648117398,True,False,0.5260458745046243,0.3866602271919919
906,2022-06-24,2022-07-22,0.10822782319106826,0.128657566117731,0.8412083832833582,0.13428300717218383,0.8059681226254755,0.1949700468203737,0.5550997445816832,True,False,0.5248640651219818,0.3985211321557798
907,2022-06-27,2022-07-25,0.0766283360730249,0.13513897206097006,0.5670335870133215,0.14866939496954684,0.5154277791250936,0.21708703823760378,0.35298439139952,True,False,0.49963014128757527,0.3930522737861319
908,2022-06-28,2022-07-26,0.07901384510387846,0.12871316419137394,0.6138753996164581,0.13506674993437487,0.5849984925399409,0.194708347686114,0.40580615080384397,True,False,0.5245212793901084,0.38679572892677444
909,2022-06-29,2022-07-27,0.049802287725357254,0.1312604304927003,0.3794158493798851,0.1481236977947355,0.33622093201029507,0.2027863366751444,0.24558995710415404,True,False,0.5144054634813766,0.3819363267479917
910,2022-06-30,2022-07-28,0.08388339183532006,0.13009293216291518,0.6447959196605164,0.14842819178753758,0.5651446051124308,0.20062557439674053,0.4181091672263039,True,False,0.5191760759284682,0.4047935028336931
911,2022-07-01,2022-07-29,0.10890762394889292,0.13088675216124618,0.832075226488346,0.14790508950789755,0.736334525818178,0.20457493027270054,0.5323605575899154,True,False,0.5160127639700313,0.4111491844581503
912,2022-07-04,2022-08-01,0.1267836252262637,0.1305338373649315,0.9712701915888418,0.11482427568803373,1.10415349425519,0.1811990869931298,0.6996924064582661,True,False,0.5174289830568454,0.40550778108777397
913,2022-07-05,2022-08-02,0.17127554104901263,0.1288397156720775,1.3293691324571275,0.1012193895659119,1.6921218531700557,0.17878249892512604,0.9580106670325862,True,False,0.5241305668093059,0.4170128861296378
914,2022-07-06,2022-08-03,0.07776864638500075,0.12122002582151839,0.64154949529136,0.12071429271561417,0.6442372699661398,0.18359819874870853,0.4235806610033411,True,False,0.5573997753657823,0.37274324721148283
915,2022-07-07,2022-08-04,0.10262885003820149,0.12175444718618224,0.8429166441967034,0.12579016470290044,0.8158734053699438,0.18544693767022005,0.5534135603830039,True,False,0.5548476382782508,0.37711463240154075
916,2022-07-08,2022-08-05,0.09564275273188107,0.12214974881040999,0.782995901860832,0.1213152513257334,0.7883819362091476,0.1849498492497956,0.5171280383294866,True,False,0.5531096033092113,0.3866510524838588
917,2022-07-11,2022-08-08,0.07544827143572486,0.1256604630931865,0.6004137624399363,0.1235093319267372,0.6108710188836498,0.19588331760572833,0.385169458828476,True,False,0.5376289604049643,0.3918420593629151
918,2022-07-12,2022-08-09,-0.02150199226500995,0.13257399697932026,-0.1621886097947546,0.08447443730313477,-0.254538449162443,0.18598856040536613,-0.11560921928825024,True,False,0.5094800297062105,0.35770933553116896
919,2022-07-13,2022-08-10,0.08042059583082817,0.12939828544478993,0.6214966106729524,0.12517314359796528,0.6424748433987195,0.2170654650736261,0.370490053788844,True,False,0.5217686250231678,0.40056690680684914
920,2022-07-14,2022-08-11,0.0810046681493471,0.1277086796877299,0.6342925817369479,0.12492812151524778,0.6484101991356709,0.21285770662189205,0.3805578357246846,True,False,0.5287128221628749,0.400810278691816
921,2022-07-15,2022-08-12,0.07580783960511077,0.1273832001312887,0.5951164637642853,0.11646150028569224,0.6509261809194129,0.20997766235405382,0.36102811487294006,True,False,0.5299600567224313,0.37387624462595137
922,2022-07-18,2022-08-15,0.05694062266173389,0.13680691787638405,0.41621157428006883,0.16301197905643225,0.34930330268563836,0.2529110792277803,0.22514087890333678,True,False,0.4935614449455097,0.3774374137323549
923,2022-07-19,2022-08-16,0.14030342921177394,0.14281895724666488,0.9823865957055944,0.15325431784187643,0.9154941354183256,0.2574619730552144,0.5449481628173686,True,False,0.47275848927407177,0.3646412527652912
924,2022-07-20,2022-08-17,0.14610530639954025,0.1432224188810268,1.020128744794544,0.1609293437111702,0.9078848085142535,0.2667205507423471,0.5477842108262534,True,False,0.4714482432939084,0.3700184487094953
925,2022-07-21,2022-08-18,0.14918889014964046,0.14379372740128318,1.037520153666377,0.16180359008460032,0.9220369589552113,0.27137572626222345,0.5497503118811851,True,False,0.46956906150955413,0.3734668595343029
926,2022-07-22,2022-08-19,0.22357264047711892,0.13977659978234588,1.5994997791136472,0.17208682114313023,1.299185138013365,0.27074104300717017,0.8257803766797114,True,False,0.48291572169185504,0.3900863028467755
927,2022-07-25,2022-08-22,0.2145199977553109,0.11298635168059878,1.898636380097816,0.11045694862597259,1.9421141034930702,0.17723353094371022,1.2103804320382408,True,False,0.5976328995741088,0.3917078821483401
928,2022-07-26,2022-08-23,0.20618443032220723,0.11302404467417224,1.824252803167675,0.10969018239712472,1.87969812627107,0.17647813258168155,1.1683284909351381,True,False,0.5975208204973519,0.40610652311407497
929,2022-07-27,2022-08-24,0.1851350105927105,0.11350220159721501,1.631113828520249,0.10917346745115428,1.6957875838792285,0.17060554076611875,1.0851641146081537,True,False,0.5951014827739484,0.4030114291099852
930,2022-07-28,2022-08-25,0.2006733333851912,0.11533631324311538,1.7398972426159955,0.11186880996378573,1.7938273719918298,0.17629481816017376,1.1382826533385013,True,False,0.5855483410524588,0.40309967092670745
931,2022-07-29,2022-08-26,0.0855636342550592,0.09593068371519754,0.8919318714446317,0.10073111623764108,0.8494260507666833,0.15736919869189103,0.5437127148533174,True,False,0.7050010844430165,0.3805019705062479
932,2022-08-01,2022-08-29,0.07626975515871742,0.09732815773756891,0.7836350438725823,0.10813673509442848,0.7053084698009073,0.16590592921217667,0.45971687401947053,True,False,0.6947615289138294,0.3780134287420517
933,2022-08-02,2022-08-30,0.10727269455766253,0.09935371050450482,1.0797049653500224,0.1099662304093271,0.9755057908083379,0.18174689358962115,0.5902312410350239,True,False,0.6802861729633731,0.36945855363598745
934,2022-08-03,2022-08-31,0.09642469350735985,0.10028769823855269,0.9614807718290237,0.10901831544941083,0.8844815947656524,0.1778752168383525,0.54209178333701,True,False,0.6740926401027993,0.36289224538704234
935,2022-08-04,2022-09-01,0.13756483676102152,0.10628848604707172,1.2942590667826288,0.1361693509762108,1.010248163590458,0.21312402406440661,0.6454684654389271,True,False,0.6356638471499424,0.3836991282847864
936,2022-08-05,2022-09-02,0.12724597882017785,0.10692909403414892,1.190003337908582,0.1282310009199165,0.9923183778285112,0.21018204785781827,0.6054084072216095,True,False,0.6318956509604874,0.3872930195848331
937,2022-08-08,2022-09-05,0.1371703547539112,0.10718334967764576,1.279772979352217,0.1318910020334154,1.040028149298299,0.20607672924789117,0.6656275808264989,True,False,0.6304390723882881,0.38031922157767123
938,2022-08-09,2022-09-06,0.16072325532449722,0.10642869529661726,1.5101496347066998,0.14673556176986244,1.095325859566155,0.2285331872926037,0.7032819050421518,True,False,0.6345273433860497,0.4002902126624546
939,2022-08-10,2022-09-07,0.13466465102969194,0.09814778444261274,1.3720600194335584,0.12106478111589622,1.1123354768285292,0.18497453708400516,0.7280172349804813,True,False,0.6883502997417476,0.39946274901394296
940,2022-08-11,2022-09-08,0.04781155862577792,0.10253214881587205,0.46630797440555205,0.07074330790906112,0.6758456741553359,0.13059507738103227,0.3661053661791551,True,False,0.6587357543647997,0.33301389488266486
941,2022-08-12,2022-09-09,0.0891021589479429,0.10139355710627046,0.8787753530981761,0.09136212618382988,0.9752636313285913,0.14908868276000847,0.5976453564310628,True,False,0.6663452803861026,0.37313030729419483
942,2022-08-15,2022-09-12,0.07145810309533251,0.10125119575253665,0.7057507080704504,0.07332977149241111,0.9744760094162805,0.13130126590795033,0.5442301153853971,True,False,0.667583668269533,0.38645030782304934
943,2022-08-16,2022-09-13,0.1468713168332123,0.09027848600902293,1.6268695159390818,0.10047836584350471,1.4617207953199072,0.14073434554222475,1.0436067774880602,True,False,0.7486418255200853,0.42041148085127417
944,2022-08-17,2022-09-14,0.14701169219456967,0.0887004099273014,1.6573958600085392,0.09487619047455298,1.5495109095258215,0.1362688814041509,1.078835392789036,True,False,0.7620965050525614,0.4203750762122628
945,2022-08-18,2022-09-15,0.1457641409403008,0.08867389177515365,1.6438225279421397,0.09407566464308996,1.5494351434381013,0.13628356078773296,1.0695651045347592,True,False,0.7623220791606674,0.4211092385955239
946,2022-08-19,2022-09-16,0.1523062479446713,0.0889909618164436,1.7114799619631529,0.09497083396958401,1.6037160207885497,0.137142872696106,1.1105662653149004,True,False,0.7596420570954046,0.42068824713197717
947,2022-08-22,2022-09-19,0.13594168561857253,0.08892428415329293,1.5287352258493105,0.09342145388402916,1.4551441876223297,0.13796739504840916,0.9853174771537445,True,False,0.7604596827840187,0.4071337036321587
948,2022-08-23,2022-09-20,0.11755731273186665,0.09666253097119597,1.216162162843605,0.11312999947395828,1.0391347412577996,0.17508006272477328,0.67144888402666,True,False,0.6994401594412752,0.3980526095925745
949,2022-08-24,2022-09-21,0.1326670857516977,0.09614032811747143,1.3799316930726004,0.11171621183280941,1.1875365587068296,0.17400312827663633,0.7624408081950048,True,False,0.7029195441638116,0.3911214839677964
950,2022-08-25,2022-09-22,0.12542808742738337,0.09790917573639094,1.2810657069066123,0.11476646427897051,1.0928984195461222,0.1804394014952651,0.6951258227858549,True,False,0.6900883879122197,0.3941869178772088
951,2022-08-26,2022-09-23,0.17916318520227892,0.09400724449380035,1.9058444502550491,0.11529890584734027,1.5539018682405985,0.1729011021638812,1.0362177161396133,True,False,0.7181185506597162,0.42595213666406745
952,2022-08-29,2022-09-26,0.35182036573084313,0.10334889984735221,3.404200395461266,0.061681915893058624,5.703784660982543,0.11881425844665454,2.961095497547579,True,False,0.6509341492132172,0.4545610080958754
953,2022-08-30,2022-09-27,0.35021085340104335,0.10355148567627416,3.3819973814367406,0.0647749329808005,5.406579942040959,0.12177522978257399,2.875879224587252,True,False,0.6499031187204143,0.45599301822764354
954,2022-08-31,2022-09-28,0.33906644803042496,0.09469429164305584,3.580642952676752,0.051568856620014474,6.575023575349726,0.099459264463271,3.4090986883945615,True,False,0.7110297142550773,0.46697688797036246
955,2022-09-01,2022-09-29,0.2773376541758946,0.09301033566236964,2.981793928608523,0.06646248945500964,4.172844809907887,0.1208991377760653,2.293958908868247,True,False,0.7249438859485969,0.4809083517058328
956,2022-09-02,2022-09-30,0.2974328554406822,0.0931293080246372,3.1937621115148502,0.06564096085445668,4.531208129329022,0.12457841880396497,2.387515095280819,True,False,0.7241356635194459,0.46545287075638503
957,2022-09-05,2022-10-03,0.30037545449873687,0.09009347052812347,3.334042442120953,0.05645803960714505,5.3203309322968915,0.11466586389629803,2.6195717216275596,True,False,0.7484167077689141,0.45575215024404425
958,2022-09-06,2022-10-04,0.3337354905140718,0.08880349377634272,3.7581346895495575,0.05543801954543947,6.0199749783725105,0.11864042393894172,2.8129998143451402,True,False,0.7590584618345275,0.49056056441121515
959,2022-09-07,2022-10-05,0.2990278182240944,0.08910581230790299,3.3558733204834157,0.06349368743114121,4.709567680226314,0.12318337333316302,2.4275014568349307,True,False,0.7570946072687462,0.47477451900390727
960,2022-09-08,2022-10-06,0.33650908159237897,0.09170767139974252,3.6693667656828515,0.0561019777156206,5.998167895223486,0.11229887480625031,2.996549005259041,True,False,0.7350292436538693,0.477281002043395
961,2022-09-09,2022-10-07,0.3302524099232544,0.09332435106744706,3.538759242853727,0.056498166423802954,5.845365094611592,0.11609625193473543,2.844643168230003,True,False,0.72232571920546,0.4724142936240962
962,2022-09-12,2022-10-10,0.29167792353109295,0.0945063065429438,3.086332904127981,0.05100737129594639,5.718348468474652,0.11558792505847115,2.523429012014405,True,False,0.7135511393789638,0.4420013885565986
963,2022-09-13,2022-10-11,0.31030775193806626,0.09428486962182919,3.291172307738151,0.0476340784280345,6.514406537892379,0.10742330522377751,2.8886446129324783,True,False,0.7146542762360675,0.4275972094792439
964,2022-09-14,2022-10-12,0.27016704336807373,0.10588548236754124,2.551502220392135,0.0740881078213874,3.646564223497191,0.1385397358129725,1.95010508561094,True,False,0.6368625543125305,0.3985864464508828
965,2022-09-15,2022-10-13,0.2955838510874371,0.10331737239967993,2.8609307827146484,0.06544772592950872,4.5163349358509315,0.13080749116557916,2.259685958759657,True,False,0.6526371478556117,0.41090032798741166
966,2022-09-16,2022-10-14,0.2937217425201476,0.10329624262552844,2.8434891246233747,0.06454613596175296,4.550570505013552,0.13076671106951557,2.2461507222889865,True,False,0.6527345123206734,0.4151486698851045
967,2022-09-19,2022-10-17,0.31783190420594637,0.10220466623596489,3.10975923028947,0.06954900530567047,4.569898632037415,0.13041732192769726,2.4370375001424343,True,False,0.6596749661086426,0.4393445573899292
968,2022-09-20,2022-10-18,0.30496465241934595,0.10137083108865269,3.008406354611443,0.06640608540725387,4.5924202661407465,0.1305580704254828,2.3358544701639667,True,False,0.6651919329222366,0.4399694299013723
969,2022-09-21,2022-10-19,0.3225113995870102,0.10332580570285801,3.1213054414933,0.07461511797240085,4.322333172565685,0.13399712272116812,2.406853169960355,True,False,0.6522983681695214,0.4437467471134173
970,2022-09-22,2022-10-20,0.3246333948807121,0.10286930303798167,3.1557849163306773,0.07640627989885368,4.2487789656879045,0.13654794607494933,2.3774315484945134,True,False,0.6554389006509239,0.4447777738956814
971,2022-09-23,2022-10-21,0.3478748569040208,0.10342014570956816,3.363704958228814,0.0899774719765299,3.8662439526503025,0.13700366190292532,2.5391646622592425,True,False,0.6518496060800332,0.44686369348643384
972,2022-09-26,2022-10-24,0.29116356078205474,0.11399706674566226,2.5541320412363495,0.07978186778127075,3.6494954164310385,0.15921055479016996,1.8287955918864236,True,False,0.5919034775527644,0.408864864885248
973,2022-09-27,2022-10-25,0.22286592375260628,0.12316588021366698,1.8094777820446752,0.1097744898295564,2.0302159827719866,0.1399719922949251,1.5922179866027857,True,False,0.5481128070196813,0.37096983253985405
974,2022-09-28,2022-10-26,0.26406240663041175,0.1216374071077744,2.1708980231422106,0.1335620880269742,1.9770760590167002,0.14768153595659872,1.7880529540809729,True,False,0.5547109108637176,0.3987991319799421
975,2022-09-29,2022-10-27,0.3022572258416759,0.13483454355670252,2.2416898360661297,0.14397009080943152,2.0994445731215374,0.18081930949669175,1.6715981643940852,True,False,0.5002734412968969,0.3997769135846717
976,2022-09-30,2022-10-28,0.34201078566921417,0.13970691201685412,2.4480591599358683,0.11576732459246354,2.9542946325588586,0.15989080219901847,2.1390272671439114,True,False,0.4827312698773836,0.4018559354178372
977,2022-10-03,2022-10-31,0.352528997556358,0.1391103111654661,2.5341687082925075,0.11863409443048499,2.9715656300046733,0.16415081782604166,2.1475920877223382,True,False,0.48475174329769555,0.4083410499318399
978,2022-10-04,2022-11-01,0.335939722656105,0.14513312318539628,2.314700567884618,0.1274438026792414,2.6359831988191633,0.18407730737094344,1.8249925938949985,True,False,0.4647067027133244,0.4029202247215006
979,2022-10-05,2022-11-02,0.2753648697230649,0.14792579104937364,1.8615068256160654,0.14901380820147536,1.8479151230787656,0.18190281796554952,1.5138021103951018,True,False,0.456086620671425,0.3682569468112377
980,2022-10-06,2022-11-03,0.2658972120750275,0.14779970127589395,1.7990375472998006,0.15237612751113258,1.7450057067213567,0.18253687464064358,1.4566766994257658,True,False,0.45648609182535765,0.3786298731691021
981,2022-10-07,2022-11-04,0.3531492747063676,0.17122577377747547,2.0624773181946274,0.16422615718603392,2.1503838411461045,0.23974910558227105,1.4729951707168423,True,False,0.39386963786259876,0.41665781367358873
982,2022-10-10,2022-11-07,0.3739280923412013,0.18041209859937807,2.0726331285106525,0.16002551909547816,2.336677890218869,0.2600865534803684,1.437706360968891,True,False,0.3737575163247081,0.4404609194405764
983,2022-10-11,2022-11-08,0.22588952278807842,0.17831422879389525,1.2668059319549487,0.24862848163471382,0.9085424216198866,0.3325277386915074,0.6793103146130032,True,False,0.3783742688357065,0.45341941147483655
984,2022-10-12,2022-11-09,0.22747670006946136,0.19067692452200066,1.1929954326655539,0.2603699003314423,0.8736674238454254,0.3925899517757424,0.5794256807657725,True,False,0.35382456398866025,0.45356161506868764
985,2022-10-13,2022-11-10,0.38777785403702897,0.159770450375626,2.4270937030305006,0.17084403978864915,2.269776894275904,0.34404012917802473,1.127129718743862,True,False,0.42164393383146886,0.4871744474234396
986,2022-10-14,2022-11-11,0.37721909680935295,0.16576899464451075,2.275570878729728,0.18267058279121717,2.065023776929066,0.3830004619098919,0.9849050701617714,True,False,0.40650886373808065,0.4857577500096835
987,2022-10-17,2022-11-14,0.09220213037397368,0.1531413702765826,0.6020719953559972,0.1872446988194654,0.49241517092492776,0.42071679308161375,0.21915486115641605,True,False,0.4401067715485085,0.5052701322346065
988,2022-10-18,2022-11-15,0.04981326593909419,0.14752593420641333,0.3376576885078195,0.18486979688353472,0.2694505364252432,0.3948913209556481,0.12614424094848345,True,False,0.457005349502785,0.49983738685772644
989,2022-10-19,2022-11-16,0.0722229649380031,0.14875901239180103,0.48550312197409917,0.19425664908431653,0.37179146906140104,0.3998170689558788,0.18064002401551585,True,False,0.4531809159928989,0.4992812940009483
990,2022-10-20,2022-11-17,0.04881757239940387,0.15014157498876904,0.32514360131799297,0.18443793071269554,0.26468293268508014,0.41396961278444233,0.11792549716643963,True,False,0.4490982856437239,0.5111125900450433
991,2022-10-21,2022-11-18,0.03716963525134299,0.15004738527384626,0.24771931335894978,0.18626701346856958,0.1995502830006717,0.4191322639973301,0.08868235267037271,True,False,0.44946784099837017,0.5102885259826446
992,2022-10-24,2022-11-21,-0.004449102865604972,0.14939001004030655,-0.029781796416002454,0.20551214511158789,-0.021648856145164666,0.44041984040529614,-0.010101958307579166,True,False,0.45177099282643535,0.541312851845996
993,2022-10-25,2022-11-22,-0.010874464390798042,0.14852273642634206,-0.07321750630544767,0.18164831469826828,-0.05986548462539472,0.4158375688766349,-0.026150750208007615,True,False,0.4542272604520467,0.5364267547469875
994,2022-10-26,2022-11-23,-0.03732402890552064,0.15155166991208702,-0.24627923220622894,0.18362754120176525,-0.20325942754148166,0.44461825687317186,-0.08394623551449752,True,False,0.4451579726151598,0.5328120485073596
995,2022-10-27,2022-11-24,-0.09169572147148952,0.15389123992078124,-0.5958475707824034,0.20847630343627446,-0.4398376216389428,0.49630903830701073,-0.18475529235630736,True,False,0.4385294083424604,0.5167746262177347
996,2022-10-28,2022-11-25,-0.11972384345658207,0.15395151234316265,-0.7776724088927035,0.21482450195830918,-0.5573100012577559,0.4925028406991729,-0.243092696250479,True,False,0.4381883276475213,0.5148909611255867
997,2022-10-31,2022-11-28,0.046960772213973385,0.1456935141156983,0.3223257569083057,0.1870769559680024,0.25102382049665994,0.3953749443090971,0.11877528631976307,True,False,0.46304241564206194,0.50677965419111
998,2022-11-01,2022-11-29,0.028053553181361664,0.1459700001286053,0.19218711486363896,0.1865304076622993,0.15039667544259447,0.39609254395890603,0.07082575425674303,True,False,0.4620748932376884,0.49786990998988695
999,2022-11-02,2022-11-30,0.018773322227208847,0.14150375268184212,0.13267013680844844,0.17020847359813202,0.11029604948771997,0.3627889045950273,0.05174723369273122,True,False,0.47673951748240795,0.49788719659585784
1000,2022-11-03,2022-12-01,0.06788979198805851,0.1408961997329577,0.4818426055261311,0.17229595951231555,0.3940300874159839,0.3309263859740986,0.20515073703845482,True,False,0.4782454919484874,0.5506666740504393
1001,2022-11-04,2022-12-02,0.08057718605832706,0.14018027633809763,0.5748111514917033,0.16655241751765912,0.4837947551844072,0.3137655191019256,0.25680701400510436,True,False,0.48029337669929084,0.5155133808418184
1002,2022-11-07,2022-12-05,0.15417152266500042,0.12938759201148822,1.1915479704677683,0.17727588634968633,0.8696700145720253,0.27876652979108824,0.5530489000259065,True,False,0.5210658157458185,0.5228329702360196
1003,2022-11-08,2022-12-06,0.18832353794909856,0.12312109923922694,1.5295797317662172,0.17480082755599113,1.0773606771900202,0.25053031745626103,0.7516995941298686,True,False,0.5479719382711936,0.5202253277037916
1004,2022-11-09,2022-12-07,0.24420279701058845,0.12641487732816625,1.9317567850550617,0.17636349835515383,1.384656118120443,0.24616696092881127,0.9920210091930621,True,False,0.5335798209479816,0.5122346402299477
1005,2022-11-10,2022-12-08,0.22843260392766127,0.12757273807725067,1.7906067344054002,0.18069856619397703,1.2641638986910526,0.2503319027000505,0.9125189457029409,True,False,0.5285973972773812,0.5054408312380406
1006,2022-11-11,2022-12-09,0.07456524102116417,0.14612999130125065,0.5102665124193846,0.29490753429365285,0.2528427807033108,0.2574433316020907,0.28963749248092246,True,False,0.4619148413502413,0.4633980104975812
1007,2022-11-14,2022-12-12,0.13471316454649163,0.13402555268348432,1.005130453478757,0.2366841007859138,0.5691686264483933,0.20802889908595668,0.647569472983793,True,False,0.503696968854946,0.47028767119507126
1008,2022-11-15,2022-12-13,0.3205383216643367,0.1211345467906979,2.646134650738226,0.09800532799602125,3.270621385781696,0.11993127216981377,2.672683411633275,True,False,0.5567177253438529,0.4455421326077266
1009,2022-11-16,2022-12-14,0.3234298671448954,0.11923531184120488,2.7125342497164984,0.06011479876528056,5.38020377324615,0.11012032370098518,2.9370588123507475,True,False,0.5656310875001378,0.441759096685873
1010,2022-11-17,2022-12-15,0.36575371148531316,0.1128126878416006,3.242132764347083,0.059589028936481804,6.137937100387789,0.10888473005158024,3.3590909516150744,True,False,0.5975214787412156,0.46101333665739386
1011,2022-11-18,2022-12-16,0.3692964162322479,0.1127790743256795,3.2745118581644546,0.05936124519749665,6.221170310757256,0.10739998705824834,3.4385145319613506,True,False,0.5976004627410921,0.4417303362956807
1012,2022-11-21,2022-12-19,0.37542924692828583,0.11382312209366528,3.2983566082412,0.058644017602527035,6.401833678463874,0.1108339412684077,3.3873129713857684,True,False,0.5920689127331031,0.441729122898257
1013,2022-11-22,2022-12-20,0.42406715806263573,0.11312783470356579,3.7485660286333506,0.04578290566929651,9.26256540215683,0.09590609990118301,4.421691201076615,True,False,0.5949759891086668,0.41159870584984126
1014,2022-11-23,2022-12-21,0.37260345957402,0.11175086484797765,3.334233342004986,0.05848660373326304,6.370748783316846,0.10667135249468139,3.493003987107016,True,False,0.6029465428888757,0.40924563500038014
1015,2022-11-24,2022-12-22,0.32246211004328706,0.10728642648987177,3.005618889484856,0.08995479211695105,3.584712970311255,0.11636063617466631,2.771230208463681,True,False,0.6285508971977615,0.4030393720265111
1016,2022-11-25,2022-12-23,0.31813103032642576,0.10523077495592108,3.023174831314167,0.0885444610277719,3.592895892456155,0.1097397688645863,2.8989584506869557,True,False,0.6408248954522893,0.40427948997396024
1017,2022-11-28,2022-12-26,0.3190991373305307,0.10524764312945366,3.031888675531115,0.08721590451709763,3.6587264570302676,0.10968306983382169,2.9092834273693335,True,False,0.6407947326734644,0.39970695839379455
1018,2022-11-29,2022-12-27,0.3108121003246705,0.10894578868361496,2.852906056123815,0.09990534877191194,3.111065665105353,0.11769514181925612,2.6408235337528474,True,False,0.6190271762114943,0.39577776581716
1019,2022-11-30,2022-12-28,0.3200316979217417,0.10868784116568019,2.944503216637598,0.09855560259809781,3.2472197367287823,0.11799195648684795,2.7123179193779556,True,False,0.6204518637275052,0.3997337012254025
1020,2022-12-01,2022-12-29,0.34187555969582517,0.110804099208679,3.085405342738863,0.11068248001019945,3.0887956220742536,0.12153620026412583,2.812952510880312,True,False,0.6083689468837916,0.4025752118501167
1021,2022-12-02,2022-12-30,0.28450297998810176,0.11203116872828843,2.539498455810212,0.09037325553283637,3.1480882071879104,0.11566590297192794,2.4596961825227828,True,False,0.6023366871819867,0.30476234381105255
1022,2022-12-05,2023-01-02,0.2951477647792621,0.11345123340154957,2.6015386164610073,0.0948727561676032,3.1109854578046723,0.11736283569170476,2.514831573723838,True,False,0.5947140573864121,0.3047431079738122
1023,2022-12-06,2023-01-03,0.2957825984475742,0.11586970699174871,2.5527172384119123,0.09793684384231892,3.020136108570055,0.12303343232257073,2.404083124919147,True,False,0.5822938191952809,0.3076747645672818
1024,2022-12-07,2023-01-04,0.30425382255752054,0.11791737766538878,2.580228873651635,0.10894839436704738,2.792641638503535,0.12664420193254528,2.402429940847792,True,False,0.5720165522020434,0.31366695710255754
1025,2022-12-08,2023-01-05,0.3299139503185243,0.11802854910561576,2.795204658690726,0.11498062145362466,2.8693004625269753,0.12930589251867744,2.551422397636444,True,False,0.5714109532486411,0.3336607883461527
1026,2022-12-09,2023-01-06,0.37564379202210263,0.11475874507040389,3.2733347841303697,0.1366005060935812,2.7499443652482483,0.13098460000659765,2.867846998831783,True,False,0.587246917509225,0.3743634797100547
1027,2022-12-12,2023-01-09,0.32238645192594856,0.11394435912175421,2.8293322671766967,0.11529929004206385,2.796083582200155,0.13877198276498748,2.3231378950023007,True,False,0.5916793117280662,0.4057824241190023
1028,2022-12-13,2023-01-10,0.2908498973248199,0.12176110316695887,2.388693020676779,0.1412600968802903,2.0589671375583034,0.1747173430832136,1.6646881883173739,True,False,0.5538575780446764,0.39868765029756387
1029,2022-12-14,2023-01-11,0.22364646741443645,0.13530081378275224,1.652957296868426,0.14926500738762463,1.4983181344951897,0.19573202388806796,1.1426156178834166,True,False,0.4987790028963922,0.36936196183974485
1030,2022-12-15,2023-01-12,0.29410795733672424,0.12658696735525904,2.323366800559549,0.13929293496807674,2.1114348506198692,0.17304843462208527,1.6995701693518166,True,False,0.5327178476638553,0.3881545945710862
1031,2022-12-16,2023-01-13,0.22467647291908255,0.13636974191470838,1.6475537004360181,0.14992601937376782,1.4985822598208303,0.18441538832065246,1.2183173810225971,True,False,0.4944973597709105,0.35480211741367507
1032,2022-12-19,2023-01-16,0.21873109191109832,0.13096859253906912,1.6701034016674559,0.13865442662728342,1.5775269295878218,0.1657047690295023,1.3200048085046674,True,False,0.5148925018387266,0.35280759200286205
1033,2022-12-20,2023-01-17,0.21919083326499178,0.13098881703960974,1.6733553155053733,0.138132234215996,1.5868188515813424,0.16625396911017776,1.3184096261769989,True,False,0.5148642376074483,0.3548061170923207
1034,2022-12-21,2023-01-18,0.19966007752886958,0.12969718303362207,1.5394326450182858,0.13619370439385592,1.4660007848195133,0.16237895470273922,1.2295933170303963,True,False,0.5201176449773022,0.35213785090566385
1035,2022-12-22,2023-01-19,0.2668184898003384,0.13539571618599291,1.970656807441457,0.12154428349256083,2.1952368481128044,0.16230135254170697,1.6439696011268508,True,False,0.49805887035788127,0.37018965702942513
1036,2022-12-23,2023-01-20,0.321946359291201,0.14766006360527462,2.180321147306486,0.13569172984169336,2.3726306656036016,0.18457984942434888,1.7442118427079583,True,False,0.45645581125696827,0.37061062160728353
1037,2022-12-26,2023-01-23,0.3328694938757273,0.15223571363524444,2.1865401089344907,0.14341504413818615,2.321022148520166,0.19286666312934203,1.7259047700353236,True,False,0.442704691820733,0.37008525866473996
1038,2022-12-27,2023-01-24,0.3201693959523685,0.1509233967402646,2.1214033269034624,0.14082640117570489,2.2735040679829823,0.192178410337295,1.6660008550931125,True,False,0.44658965491027636,0.3695839532802022
1039,2022-12-28,2023-01-25,0.34672073100320794,0.15449144447143587,2.244271404086157,0.15313753333755617,2.264113332940674,0.20210748749203672,1.7155264028348736,True,False,0.43622164841641525,0.3692645080574892
1040,2022-12-29,2023-01-26,0.32523637837073915,0.15624013087582955,2.081644303211816,0.151886694984789,2.1413092068618034,0.210544075593143,1.5447424842256234,True,False,0.43136908413111585,0.3638911354792047
1041,2022-12-30,2023-01-27,0.31978193886647427,0.15775558341138923,2.0270720817060317,0.15063542467560695,2.1228866951789325,0.2145212819121001,1.4906769902554686,True,False,0.4272921269845642,0.36186897786608324
1042,2023-01-02,2023-01-30,0.28814556223712895,0.14741259403296264,1.954687549780837,0.13669566138063155,2.1079349507281173,0.18892295281841318,1.5252014534945653,True,False,0.45741126583150776,0.36180967903082456
1043,2023-01-03,2023-01-31,0.2745985452441291,0.14665541948440677,1.872406394591684,0.1376654649969531,1.9946799674864475,0.19070724666604405,1.4398957042518201,True,False,0.4598392392152943,0.3631317756000594
1044,2023-01-04,2023-02-01,0.19781132786088126,0.1471869361569475,1.343946229371554,0.08759236749319427,2.2583169461226262,0.17667975299696612,1.1196038284266676,True,False,0.45814991271692607,0.33395254380710193
1045,2023-01-05,2023-02-02,0.14824863648392514,0.14466252375954644,1.0247895075461246,0.08303119689708598,1.7854570573958328,0.17553662370726225,0.8445453339193503,True,False,0.46631854287042807,0.32539668472570327
1046,2023-01-06,2023-02-03,0.08105252880745197,0.14609796831007804,0.5547820393739237,0.0904712676552768,0.8958924850736799,0.19444985635892909,0.4168299752191103,True,False,0.4619659277644376,0.3839925811672269
1047,2023-01-09,2023-02-06,0.10481547827344063,0.14570711079182425,0.7193573306329119,0.1214147519016822,0.8632845402370617,0.22772292389782703,0.4602763590040168,True,False,0.4634413469475231,0.399894961885883
1048,2023-01-10,2023-02-07,0.20723108201705404,0.14768051348651756,1.4032391757357556,0.09949930518410921,2.0827389863034984,0.19941371156596538,1.0392017699770997,True,False,0.45707321165229714,0.3627938171855694
1049,2023-01-11,2023-02-08,0.20574293744246153,0.1498637827964413,1.3728663030074477,0.09729945557247577,2.114533285226957,0.1972195458447897,1.0432177833143357,True,False,0.45041005101919274,0.36438126653662456
1050,2023-01-12,2023-02-09,0.17877851778479958,0.14594127837959328,1.2250030955587263,0.10444031386563714,1.7117769103489944,0.19310608138278862,0.9258047002176596,True,False,0.4625894565245816,0.3652739456619086
1051,2023-01-13,2023-02-10,0.045358033130606545,0.172840541344917,0.26242704852498117,0.08442526192381224,0.5372566468498365,0.20743577441883654,0.21866061077306506,True,False,0.39059160331084763,0.33836535295018005
1052,2023-01-16,2023-02-13,0.032458869667865986,0.17450042168842547,0.18601026492544553,0.08801372689474017,0.36879326456298234,0.2120763426729217,0.15305276042941868,True,False,0.386869362837901,0.3359263922704046
1053,2023-01-17,2023-02-14,0.048741829397921585,0.16851751509665275,0.28923895163043345,0.0873872734482294,0.5577680533401419,0.20381950221149023,0.23914212756414918,True,False,0.4006221451538474,0.3363442577958924
1054,2023-01-18,2023-02-15,0.007283680821334794,0.16608161183242462,0.04385603403635067,0.10270035679066819,0.07092167007930611,0.20975239259565498,0.03472513820319433,True,False,0.4064803893452186,0.3482378225247314
1055,2023-01-19,2023-02-16,0.003934254592100121,0.1513576906336136,0.02599309341752338,0.0989422891906936,0.03976312479002328,0.1715718377595298,0.022930654841001707,True,False,0.4460983275829011,0.34637339425641095
1056,2023-01-20,2023-02-17,-0.006061487052330803,0.1514629199985472,-0.04001961042602997,0.09562596931030251,-0.06338745736172896,0.1694879930118128,-0.03576351896448697,True,False,0.4458280747010841,0.33454849485988936
1057,2023-01-23,2023-02-20,-0.03633644883954627,0.14742294686715304,-0.24647756412229413,0.08663588096781313,-0.4194157020582032,0.15856409146521358,-0.22915937967908648,True,False,0.45805228035457907,0.329518777434566
1058,2023-01-24,2023-02-21,-0.042571315308686436,0.13862521699183264,-0.3070964737331636,0.07624711739751874,-0.5583334395022231,0.14066576154371782,-0.30264162964386754,True,False,0.4871730930858277,0.3256448381701616
1059,2023-01-25,2023-02-22,-0.05900471419397428,0.13876574405112893,-0.42521095243962875,0.07877639967558933,-0.7490151166715256,0.14377144517260332,-0.41040635101870737,True,False,0.48663406802107406,0.32578860769912704
1060,2023-01-26,2023-02-23,-0.07999694430376049,0.1336555928773907,-0.5985304661148441,0.07835316508423408,-1.0209791042615732,0.13656558862678966,-0.5857767326905347,True,False,0.5052009939395018,0.3245097973155087
1061,2023-01-27,2023-02-24,-0.07029042383599426,0.13379535840185203,-0.525357715511163,0.07780023048951543,-0.9034732081605696,0.13984286114729594,-0.5026386278092354,True,False,0.5046036187049674,0.3312796255654914
1062,2023-01-30,2023-02-27,-0.057079594818237274,0.13199028459353204,-0.43245300208280907,0.07696075254427029,-0.7416714745012825,0.13583352981225189,-0.4202172681305733,True,False,0.5115486293934287,0.3332070124482381
1063,2023-01-31,2023-02-28,-0.034705999147191906,0.13743437490640573,-0.25252779132460174,0.09229662727415829,-0.37602673220226196,0.14598031351634994,-0.23774438012358975,True,False,0.4912346169605884,0.3337416738776466
1064,2023-02-01,2023-03-01,-0.023493814564100587,0.13854698760197418,-0.16957290065082456,0.0925145118140163,-0.253947344080793,0.14414158812464406,-0.1629912287617138,True,False,0.4874246877261338,0.3648474342905742
1065,2023-02-02,2023-03-02,-0.12528544761443558,0.14368137361460906,-0.871967217897595,0.0660500005125219,-1.8968273526460262,0.1436703536316333,-0.8720341006166373,True,False,0.4697299742624666,0.3622390197398989
1066,2023-02-03,2023-03-03,-0.04623015415176584,0.14142772690897734,-0.3268818297668002,0.08795683368852614,-0.5256004816575895,0.14768212023053898,-0.3130382613656841,True,False,0.47731184838830626,0.3649905163043823
1067,2023-02-06,2023-03-06,-0.010508672272229675,0.1420347393243267,-0.0739866339898286,0.10787927917629087,-0.09741140608714055,0.1416726734160267,-0.07417571800435074,True,False,0.47549649340798866,0.31014844652355716
1068,2023-02-07,2023-03-07,-0.025934413589595442,0.1429573332709878,-0.1814136637568256,0.1096596383808717,-0.23649917118566086,0.13010447804963243,-0.19933528790378718,True,False,0.47242083194128365,0.30346098010649875
1069,2023-02-08,2023-03-08,-0.039834837584992594,0.14437055561436893,-0.27592078880264354,0.11558767772618372,-0.3446287560111516,0.130795400738843,-0.3045583970076299,True,False,0.46776569949220087,0.3003309125260575
1070,2023-02-09,2023-03-09,-0.050287564902515514,0.11466043602931918,-0.4385781760820861,0.06114358800241971,-0.8224503426348716,0.08724174599086819,-0.5764163054207929,True,False,0.5893809147945771,0.29661222486080996
1071,2023-02-10,2023-03-10,-0.0694349436988671,0.10882150647833624,-0.638062695012313,0.05476338752211354,-1.2679081196507278,0.08043649039511529,-0.8632269180044151,True,False,0.6211190190409588,0.29764025194706734
1072,2023-02-13,2023-03-13,-0.09632041077006377,0.10562863439987329,-0.9118778380247555,0.059217875939396515,-1.6265428173857153,0.07839058400922774,-1.2287242401297256,True,False,0.6399632065820198,0.3059310683013814
1073,2023-02-14,2023-03-14,-0.10424967217406034,0.09426939782063125,-1.1058697157737107,0.049927436603942534,-2.0880237253323806,0.0622642749747931,-1.6743095814777331,True,False,0.7174106496090342,0.30400227134360747
1074,2023-02-15,2023-03-15,-0.029278222713356422,0.09237698018310117,-0.3169428428524489,0.06923415653067463,-0.42288697054299373,0.11200256904857943,-0.26140670666810717,True,False,0.7322348343042941,0.3560287647262286
1075,2023-02-16,2023-03-16,0.02449935486147996,0.08306267733870919,0.2949502188760135,0.06735493397637023,0.3637351180549734,0.1026200818024894,0.238738407055973,True,False,0.8151269296346972,0.35650498658790125
1076,2023-02-17,2023-03-17,0.008837399340819911,0.08142819341972633,0.10852996940834761,0.05196354371851025,0.17006921984945164,0.09996105472532059,0.08840842431188711,True,False,0.8316629235512244,0.35857225076869914
1077,2023-02-20,2023-03-20,0.0323545711781419,0.07984278176519742,0.40522850610704675,0.057537199661041906,0.5623243982805265,0.0998040178947512,0.3241810486253326,True,False,0.8483279820782179,0.37445448483409033
1078,2023-02-21,2023-03-21,0.03217148972032758,0.07564597136008196,0.4252901924834603,0.05006558551986499,0.6425869064801529,0.09363639344331398,0.343578907060359,True,False,0.8958191652455677,0.3752993874312288
1079,2023-02-22,2023-03-22,0.025852154724775003,0.0767353350594553,0.33690026510921595,0.04848324877741146,0.533218284184364,0.09750439448271077,0.2651383546549693,True,False,0.8830046765772365,0.3787279088956596
1080,2023-02-23,2023-03-23,0.021884897862650327,0.07684194265541294,0.28480406801777675,0.04560119067350736,0.4799194393703553,0.09661322008461508,0.22652073746722506,True,False,0.8816603072514652,0.40710310655021
1081,2023-02-24,2023-03-24,0.014174866206495638,0.07718519022350875,0.18364748684882187,0.05520741756210913,0.2567565525148629,0.09798566128741708,0.14466265798744898,True,False,0.8777849366168256,0.42649037217534475
1082,2023-02-27,2023-03-27,0.010283703556034998,0.07660800404798225,0.13423797792191475,0.053299685064899995,0.1929411692304207,0.09890632427412892,0.10397417588315859,True,False,0.8843559607378769,0.41642892430020845
1083,2023-02-28,2023-03-28,0.01579042084749176,0.07666390410765653,0.20596943282875088,0.05048824939936105,0.31275437424240726,0.09972161394824464,0.15834501892124372,True,False,0.8836037007414952,0.4251030593553941
1084,2023-03-01,2023-03-29,0.013285245081510844,0.07633181299218082,0.17404597848176015,0.05127732137736563,0.25908617542130613,0.0994966347305228,0.1335245671121709,True,False,0.8875134280505218,0.42541941093277635
1085,2023-03-02,2023-03-30,0.01271001314229115,0.07634038234144189,0.16649134773053703,0.0515337044861165,0.24663495995548518,0.09904052331451416,0.12833144168603688,True,False,0.8875040582329222,0.41177692721650394
1086,2023-03-03,2023-03-31,0.027333522582861293,0.07678293633679899,0.3559843356727871,0.05186664892156864,0.526996116988285,0.09900474797406547,0.27608294695140656,True,False,0.8821731171696916,0.3982054988440372
1087,2023-03-06,2023-04-03,0.02095611486294035,0.07746284998435363,0.2705311625788772,0.05126295884093031,0.4087964358040173,0.0987106843092232,0.21229834449625307,True,False,0.8744487496638458,0.3949163096723429
1088,2023-03-07,2023-04-04,0.02001627581888265,0.07735803003762792,0.25874852047223124,0.05117348682707395,0.39114543604429153,0.09780700532566897,0.20465073797356595,True,False,0.8756692591145148,0.39332532981137874
1089,2023-03-08,2023-04-05,-0.006035414923932728,0.07791037948354794,-0.07746612150961485,0.06076225645813536,-0.09932835407603854,0.09781193089543669,-0.06170428156034188,True,False,0.8691831244389956,0.3437655251425629
1090,2023-03-09,2023-04-06,-0.00715049855726996,0.07777878534951584,-0.0919337904948971,0.06076021151347009,-0.11768389837952996,0.09769338205831142,-0.07319327478090538,True,False,0.8706777104038194,0.34400456186748507
1091,2023-03-10,2023-04-07,-0.0017312319360344775,0.08707532272342297,-0.019882004245145128,0.07734163779997177,-0.022384216125755606,0.13161858069303867,-0.01315340073505323,True,False,0.7770849431323099,0.344655425496225
1092,2023-03-13,2023-04-10,0.03289461488817985,0.09189739281520921,0.3579493811573697,0.07839539712269106,0.4195988042091149,0.14722152311504028,0.22343618101597612,True,False,0.7361823983160639,0.3576313084878931
1093,2023-03-14,2023-04-11,0.06255441566838937,0.0960873578807587,0.6510160862786692,0.09003660166793384,0.6947665117248407,0.16052105426238397,0.3896960181070041,True,False,0.7038601482961577,0.35577161140747726
1094,2023-03-15,2023-04-12,0.10420517051710707,0.10397788009263377,1.0021859497834618,0.12080673986289067,0.8625774574777407,0.17461440697794448,0.5967730402123647,True,False,0.6499309568473498,0.36331613793093837
1095,2023-03-16,2023-04-13,-0.023490653365664145,0.11468728642022635,-0.20482351705133126,0.08002866254128374,-0.2935280013400975,0.07897315653605151,-0.2974511137204017,True,False,0.588666814860179,0.29787254847584166
1096,2023-03-17,2023-04-14,-0.07613566440564014,0.1336394632199981,-0.569709444883845,0.08202297604159679,-0.9282236280603744,0.09883657764386196,-0.7703187040731007,True,False,0.505100553457266,0.31724529114477407
1097,2023-03-20,2023-04-17,-0.05135091088914339,0.16931154071739488,-0.3032924434540194,0.14247885627429266,-0.36041074607087925,0.16243023847373383,-0.31614132548015195,True,False,0.3986054438070205,0.33319336565371166
1098,2023-03-21,2023-04-18,-0.11237403078178278,0.17524718897548422,-0.641231573748684,0.1426862811283788,-0.7875601627088223,0.1722989320172554,-0.6522038730369422,True,False,0.38509222593039205,0.3230302841448958
1099,2023-03-22,2023-04-19,-0.18047395557585466,0.24489523029953428,-0.736943530321578,0.2805699414357692,-0.6432405219615107,0.34963497831139906,-0.5161782051883758,True,False,0.2754653884763905,0.32723741212081886
1100,2023-03-23,2023-04-20,-0.15368472750235884,0.2518834441218009,-0.610142234787146,0.27118698051576867,-0.5667113045400148,0.36472878812590426,-0.4213671432190511,True,False,0.2678351060723845,0.3257890284697831
1101,2023-03-24,2023-04-21,-0.01975913257167524,0.25959005459333345,-0.07611667790058192,0.18105199672861877,-0.10913512653103995,0.33543004496846457,-0.058906865583650665,True,False,0.25994639398109737,0.2916480373675204
1102,2023-03-27,2023-04-24,0.11723274803286675,0.26512384601537786,0.4421810779935161,0.15864507513455914,0.7389624161571521,0.28629703652727784,0.409479432462435,True,False,0.25447486295025196,0.2571930837318634
1103,2023-03-28,2023-04-25,0.20139939479187818,0.21127402989372607,0.9532614817504311,0.10501324020415952,1.9178476390246728,0.20623093363655884,0.9765721913803906,True,False,0.3193725801640802,0.26924286632516664
1104,2023-03-29,2023-04-26,0.1432707637341277,0.2149369426801871,0.6665711438321971,0.11451889922316354,1.2510665462731638,0.24255755191330355,0.590667091599508,True,False,0.31396814535290307,0.2563757248600837
1105,2023-03-30,2023-04-27,0.06462359327485391,0.18943391754522196,0.341140562958726,0.09635155241347215,0.6707063005849199,0.23010504613163407,0.28084387700861324,True,False,0.3563287331789081,0.25735989850847757
1106,2023-03-31,2023-04-28,0.08285949214508757,0.1792384897923305,0.4622862658633775,0.07957655394513054,1.0412550938335516,0.19118144520823815,0.43340760425173885,True,False,0.3766228398939678,0.25350139850523357
1107,2023-04-03,2023-05-01,0.09345117638293633,0.17805223457436908,0.524852589501782,0.07963915272450445,1.1734325791512599,0.18371642205565689,0.5086707836854416,True,False,0.37913040737234455,0.25672403830094515
1108,2023-04-04,2023-05-02,0.09085264944823802,0.15865899081949722,0.572628433970055,0.06830606484429709,1.3300817380614096,0.14267909770788098,0.6367621530257246,True,False,0.42555678236503086,0.2582612211353102
1109,2023-04-05,2023-05-03,0.06685824316323855,0.15805766435220822,0.4229990582060912,0.07729200913749389,0.865008477710874,0.1512734740367173,0.4419693775725057,True,False,0.42719770141700425,0.27211902643813257
1110,2023-04-06,2023-05-04,0.03174599072737458,0.14457273427782608,0.21958490918742787,0.07612863583640057,0.41700459201181916,0.13554081797178927,0.23421719893989437,True,False,0.46715064340305723,0.2707892112880288
1111,2023-04-07,2023-05-05,0.09169770785766335,0.12100173367763883,0.7578214383436485,0.05272668096830254,1.7391139774716493,0.10513878680055834,0.8721587023027775,True,False,0.5583524607809879,0.28467139454277834
1112,2023-04-10,2023-05-08,0.09068788809599193,0.12096119726818556,0.7497271037663916,0.052265360061913665,1.7351432763222687,0.10501848059101236,0.8635421840577756,True,False,0.558540509249579,0.2844414836915829
1113,2023-04-11,2023-05-09,0.0845166187894128,0.12044199343469261,0.701720524372094,0.04871082990248059,1.7350683402154232,0.10380929548093185,0.8141527056691873,True,False,0.5609480520253144,0.2752453491431847
1114,2023-04-12,2023-05-10,0.0935899285493105,0.11948509885467132,0.7832769897369639,0.050054124981487425,1.8697745407381479,0.09929338415366552,0.9425595607102241,True,False,0.5654464901877888,0.27443279181107033
1115,2023-04-13,2023-05-11,0.09930940838941332,0.11949269029532637,0.8310919115133316,0.05608018740415603,1.7708465856883644,0.10369135399670781,0.9577404919658623,True,False,0.5654464901877888,0.2723969497426944
1116,2023-04-14,2023-05-12,0.05994434371509951,0.12284037585912957,0.4879856748716095,0.06589546091887943,0.9096885108504508,0.12319497694970612,0.4865810700997295,True,False,0.5500005837015386,0.251633120191355
1117,2023-04-17,2023-05-15,0.08225609370505019,0.12404688408381931,0.6631048761327144,0.05369370907317405,1.531950299670138,0.1088980997868572,0.7553492105559916,True,False,0.5446467013844372,0.24202020177225106
1118,2023-04-18,2023-05-16,0.08274465721781805,0.12238138535159444,0.6761212661557766,0.048999221780084895,1.688693293725913,0.10180234690569448,0.81279714793284,True,False,0.5520822313051963,0.22899061980655103
1119,2023-04-19,2023-05-17,0.04279294646787041,0.11945155987044959,0.35824518754113566,0.06815286454320446,0.6278965198996511,0.12048488729585181,0.3551727310230362,True,False,0.5657145239940959,0.2398709293894557
1120,2023-04-20,2023-05-18,0.021608574869774397,0.11830981318822266,0.18264397759969972,0.08496738572364532,0.25431610830131746,0.1291592810048909,0.16730175874048214,True,False,0.5711899592078378,0.25224351364898473
1121,2023-04-21,2023-05-19,0.014425193566007875,0.11815206462610017,0.12209006767386868,0.09762177747653861,0.1477661433636022,0.13128895506862034,0.10987362614370957,True,False,0.5719675345370483,0.2572410945810027
1122,2023-04-24,2023-05-22,0.025290070080654925,0.1181563744900826,0.2140389817290614,0.094481310336025,0.26767272797879493,0.13018191457673486,0.19426715425780486,True,False,0.5719360981522471,0.26074426887913366
1123,2023-04-25,2023-05-23,0.03463650760578358,0.11487574686250222,0.3015127957970181,0.08804739911591035,0.3933847899378176,0.12313631513455643,0.2812858868477163,True,False,0.588300844134713,0.2615088272437063
1124,2023-04-26,2023-05-24,0.008381027685055074,0.1172886648901965,0.07145641646531861,0.09158221554145363,0.09151370313007441,0.13178611557882117,0.06359568038138577,True,False,0.5761858527612703,0.25334874777798444
1125,2023-04-27,2023-05-25,-0.010029431681488976,0.11553019123186944,-0.08681221397236223,0.09347190461023326,-0.10729889075557533,0.1384351247921179,-0.07244860505272592,True,False,0.5849073774076033,0.2515139440343477
1126,2023-04-28,2023-05-26,0.020503366267167818,0.11949708151052918,0.1715804771797813,0.093769552408658,0.21865697063170247,0.13822745527549665,0.14833063537416083,True,False,0.5654597060990655,0.25653164496134195
1127,2023-05-01,2023-05-29,0.004268849363890407,0.12273259327462128,0.034781709161303305,0.1034010546568922,0.041284389004110286,0.16066193482426877,0.02657038438233458,True,False,0.5504823613829178,0.2518813683444574
1128,2023-05-02,2023-05-30,0.002618220010473175,0.12285027744051615,0.021312284066602225,0.10187229463519709,0.02570100163002095,0.15663130870681083,0.01671581519742053,True,False,0.5499860768561352,0.25137992356427685
1129,2023-05-03,2023-05-31,0.008866918424172534,0.12948316838784923,0.06847931306108362,0.11014046060037393,0.08050555060183243,0.17810340955301165,0.049785225596893114,True,False,0.521688176479872,0.2589234064135661
1130,2023-05-04,2023-06-01,0.15094226899429877,0.11825218150983316,1.2764438428710705,0.13331243071438942,1.1322445190252346,0.1488941404528041,1.013755602035554,True,False,0.5712129772617905,0.2987773353975085
1131,2023-05-05,2023-06-02,0.20035339270435182,0.1253101257180879,1.5988603598969322,0.14834219625154313,1.3506163301277645,0.14096296514458267,1.4213193692318664,True,False,0.538783918120039,0.2983687711327864
1132,2023-05-08,2023-06-05,0.16270356753943024,0.1491575363342888,1.090816941188827,0.21341610830954633,0.7623771646301375,0.23949081661218763,0.6793728871988418,True,False,0.452536229441954,0.2801268846691006
1133,2023-05-09,2023-06-06,0.16331003302687425,0.14746074171616114,1.1074814294723982,0.2072829437104552,0.7878604486387223,0.22807973192044634,0.716021680891121,True,False,0.45775569869952154,0.2806250084824749
1134,2023-05-10,2023-06-07,0.15415446021831658,0.15079888381467185,1.02225199761935,0.208561775044552,0.7391309370347793,0.2347028844433057,0.6568068414836793,True,False,0.4476557991769924,0.2801432836700599
1135,2023-05-11,2023-06-08,0.14515516069914247,0.15236926890306124,0.9526537847437697,0.21389003434505643,0.6786438701719597,0.24610848083923528,0.589801538752993,True,False,0.44305332899404004,0.2820126763675082
1136,2023-05-12,2023-06-09,0.1320493175627979,0.15197792022879403,0.8688717240241558,0.2045928227899818,0.6454249751387852,0.24202269239145321,0.5456071753355186,True,False,0.4442516745515847,0.2731038450888403
1137,2023-05-15,2023-06-12,0.1303583726285618,0.14502739845355614,0.898853416792883,0.18807778885069545,0.6931088111209459,0.2197523819750087,0.5932057320925276,True,False,0.46559430357249726,0.26873544555320755
1138,2023-05-16,2023-06-13,0.14629402352145202,0.14483892968886786,1.010046289597071,0.1806189602475409,0.8099593936370464,0.20885609448985032,0.7004536969763235,True,False,0.4661793534647278,0.27905434143184904
1139,2023-05-17,2023-06-14,0.17572905973140784,0.14776709840259192,1.1892299546454752,0.1725819784461243,1.0182352833918056,0.19781413132360107,0.8883544292593303,True,False,0.4568683651185648,0.289223091852414
1140,2023-05-18,2023-06-15,0.21072018149611113,0.1491384541683689,1.412916492068638,0.1338523312123213,1.5742735265615908,0.18479847676930933,1.1402701211610138,True,False,0.4525466589299591,0.2779582957704246
1141,2023-05-19,2023-06-16,0.25076723589428696,0.14816219016408377,1.6925184192847862,0.09966469394982409,2.516109024731817,0.15505000917226047,1.617331319314433,True,False,0.45536251888554924,0.2588853951820412
1142,2023-05-22,2023-06-19,0.28068875215800404,0.1489206193316252,1.8848212787307164,0.09483492020122142,2.95976156844374,0.1468369927989663,1.9115670159650668,True,False,0.45299874486695274,0.2553152230190544
1143,2023-05-23,2023-06-20,0.2559647395882673,0.1500991119842948,1.7053048229562444,0.10900404626759129,2.348213193480047,0.15727628285687278,1.627484671806522,True,False,0.44953334126700406,0.26882130143516403
1144,2023-05-24,2023-06-21,0.257663732071712,0.16024634934491405,1.6079226336514967,0.12166426729652277,2.1178258645468055,0.17259623521647166,1.4928699444025992,True,False,0.421005006378503,0.2644528410670811
1145,2023-05-25,2023-06-22,0.28642913166718553,0.1808063049979839,1.5841766782987983,0.14117894455666813,2.0288374627437102,0.21376307579549958,1.339937361030505,True,False,0.37305103876887047,0.26162057213779466
1146,2023-05-26,2023-06-23,0.36968435589970483,0.17806111938362534,2.076165516533877,0.1143750262564652,3.2322122057550824,0.17176836862217876,2.152226040598089,True,False,0.37863419946926036,0.2638373244383446
1147,2023-05-29,2023-06-26,0.3470387288986188,0.17710390594523065,1.9595204693336379,0.1085909836009304,3.1958337367490737,0.186655409507824,1.8592481718783085,True,False,0.380735591520897,0.2626824125204366
1148,2023-05-30,2023-06-27,0.3548996668851086,0.17699310087857126,2.005161021098742,0.10774313985163476,3.2939421235896327,0.17853229309736623,1.9878737943031786,True,False,0.3809359483264005,0.26299421154191444
1149,2023-05-31,2023-06-28,0.3465685509422252,0.17715862864249954,1.9562611970856327,0.12011573948887126,2.8852884094705575,0.1943553351554243,1.7831697322076459,True,False,0.38065234901085326,0.280079936132772
1150,2023-06-01,2023-06-29,0.3243922167167748,0.1798789284686688,1.8033919785845136,0.1035501321145361,3.132706932309529,0.2059633183816177,1.5749999527378316,True,False,0.37492377823837686,0.2700435665741147
1151,2023-06-02,2023-06-30,0.1321569128195238,0.22849499612432944,0.5783798991712455,0.07505113791023785,1.7608915267558662,0.12553554640216177,1.0527449523830488,True,False,0.2953192742660557,0.21807894650939835
1152,2023-06-05,2023-07-03,0.1581618624068959,0.2447495249569071,0.6462192824878551,0.08586164505320389,1.8420548815351885,0.14153259139994956,1.1174942876581306,True,False,0.2756766246511036,0.2191088135173927
1153,2023-06-06,2023-07-04,0.1581666339822806,0.24474952723930118,0.6462387722107217,0.08585105331298458,1.8423377218874333,0.14153257612322717,1.1175281218973274,True,False,0.2756766246511036,0.21910941303745102
1154,2023-06-07,2023-07-05,0.19400180286392008,0.25093615379583745,0.7731122037590511,0.10405606472714003,1.8643968842435024,0.15089675721749748,1.285659191365474,True,False,0.26886652133184635,0.22141551705504628
1155,2023-06-08,2023-07-06,0.2754879934047167,0.22515049595793868,1.223572669616423,0.12103367951685522,2.27612673186848,0.15254044715008086,1.8059996450231375,True,False,0.2996335178689823,0.23871065488005208
1156,2023-06-09,2023-07-07,0.34702001937448423,0.22037928732841225,1.5746489771398082,0.1737353334146776,1.9974061266294327,0.16708365626569405,2.076923782555117,True,False,0.3060397850713511,0.27026348999294575
1157,2023-06-12,2023-07-10,0.3452343777832048,0.22012766451837779,1.5683370762986597,0.17055991070998464,2.0241238186987083,0.16716868093493237,2.065185750419252,True,False,0.3063920873899245,0.270024463895154
1158,2023-06-13,2023-07-11,0.36553716637389966,0.24005827244561534,1.52270181173078,0.19469705115745742,1.877466372504423,0.19266190385193468,1.897298630739286,True,False,0.28092431044578553,0.2686468745310201
1159,2023-06-14,2023-07-12,0.5377776503512395,0.2170421654286588,2.477756565361976,0.2587483212011648,2.078381215594989,0.25280141587299365,2.1272730949474457,True,False,0.31039419104597527,0.32467663466500873
1160,2023-06-15,2023-07-13,0.5133808517246113,0.2237102525498046,2.294847222571158,0.2884546615888576,1.7797627152108475,0.28200723415637874,1.8204527740587364,True,False,0.301192269743355,0.3265473100688142
1161,2023-06-16,2023-07-14,0.5699158813190625,0.22927802325187427,2.4856978145392468,0.2540385807192275,2.2434225530056544,0.2728346681883605,2.0888690029875603,True,False,0.29381313099828066,0.325553512684792
1162,2023-06-19,2023-07-17,0.6427827882351749,0.24360743288278527,2.6386008859773082,0.2699841961203916,2.3808163495190087,0.2995255229020414,2.1460033923232458,True,False,0.27647260693333325,0.3265128085525146
1163,2023-06-20,2023-07-18,0.6824493603856749,0.2520337907463095,2.707769296985301,0.24938852439318726,2.7364906306182784,0.3044797826414127,2.241361822007732,True,False,0.2671911308944206,0.32636279165149407
1164,2023-06-21,2023-07-19,0.7647904856179774,0.24876626475068073,3.074333597380931,0.22265222223291264,3.4349106330407215,0.2666622663590928,2.868011646567554,True,False,0.27053818247525485,0.3156873329326877
1165,2023-06-22,2023-07-20,0.818171033252137,0.25803900886722747,3.1707261504524005,0.2319749899101251,3.5269794970963204,0.28782611720940193,2.842587883214551,True,False,0.26079965663404625,0.3200869570813409
1166,2023-06-23,2023-07-21,0.7638836440713337,0.25647190929981284,2.978430059482117,0.24256093145108715,3.1492443548163576,0.31868412055004675,2.3969931189319236,True,False,0.2624918678677776,0.3283786108256292
1167,2023-06-26,2023-07-24,0.7136417507513477,0.2604062854189927,2.7404935698963677,0.27077621491716375,2.635540758148444,0.3299127670699503,2.1631225644566725,True,False,0.25858235760167386,0.3177300580285007
1168,2023-06-27,2023-07-25,0.8174652195225848,0.2766840935442517,2.9545074639133264,0.208064377560512,3.928905222062046,0.3256873333038678,2.5099693354051507,True,False,0.24329278575571253,0.3183388474287814
1169,2023-06-28,2023-07-26,0.7750393694841905,0.27185807008800805,2.850897047982753,0.22970450556059352,3.374071255558127,0.33112438939523026,2.340629063596711,True,False,0.24765824680238183,0.317566913763687
1170,2023-06-29,2023-07-27,0.7051144407491768,0.24199172369286423,2.9137956868479837,0.26847255299802203,2.626393025563294,0.29295358263871474,2.406915233457854,True,False,0.2781965248500453,0.3053328299431514
1171,2023-06-30,2023-07-28,0.587546508053252,0.22261001198182417,2.6393534721215706,0.2814513447279808,2.0875597827436514,0.27215201979524833,2.158890859951319,True,False,0.30253635752306235,0.3013273022941664
1172,2023-07-03,2023-07-31,0.5887775948870952,0.22134566649803128,2.6599915155435494,0.2820273783031363,2.087661128609469,0.2725598390294368,2.160177365028112,True,False,0.30427714068718836,0.3016488776033559
1173,2023-07-04,2023-08-01,0.6323853535033085,0.2201566583914931,2.87243346680331,0.27448377664874085,2.303907943938622,0.2834419516786115,2.231092997201614,True,False,0.30589195426088556,0.33710692710585854
1174,2023-07-05,2023-08-02,0.5504134324395887,0.17667581734970836,3.1153863652438187,0.21210341604943114,2.595023893020722,0.20330402409103596,2.7073415536188468,True,False,0.38116302964043847,0.35375076940237293
1175,2023-07-06,2023-08-03,0.5365029222447394,0.17723139571956112,3.0271325239330906,0.21264905023173952,2.5229500045265763,0.20594591483913355,2.605067076294314,True,False,0.38002109129843814,0.35643692948640693
1176,2023-07-07,2023-08-04,0.37519325715381063,0.17875894185403782,2.098878261766438,0.22508208218213543,1.666917479687281,0.25093342075334507,1.4951904613877907,True,False,0.37718113710026235,0.35957283687846703
1177,2023-07-10,2023-08-07,0.21418485085417804,0.16882650121669845,1.2686684217856268,0.22595235885223613,0.9479204020801856,0.26822296547147706,0.7985328567137722,True,False,0.39974854865347353,0.33762353268529255
1178,2023-07-11,2023-08-08,0.22998579001407676,0.1688571593057059,1.3620138521796465,0.23049890135128803,0.9977739098355646,0.2668222135002387,0.8619439401130333,True,False,0.39963889847686246,0.351683451790234
1179,2023-07-12,2023-08-09,0.2244529923831565,0.1693069570458333,1.3257162983703887,0.22754131898401322,0.9864274030991544,0.26977097670371963,0.8320131213731923,True,False,0.3985830303849051,0.35039188489787254
1180,2023-07-13,2023-08-10,0.04371559217191089,0.18249931457589677,0.23953839099889168,0.13465966419044723,0.32463761464668855,0.24277035865663515,0.1800697268554952,True,False,0.3698333894534471,0.28343103625540766
1181,2023-07-14,2023-08-11,-0.023288313345502257,0.17370335672792325,-0.1340694491124857,0.14319314836238103,-0.1626356680598025,0.23875667242657683,-0.09753994771670287,True,False,0.38846325240759927,0.27257386410107665
1182,2023-07-17,2023-08-14,-0.038808589484197444,0.174366576013161,-0.22256897148263216,0.139832369347654,-0.2775365222319216,0.2358924243706104,-0.1645181679222784,True,False,0.38686892712620097,0.274148810234695
1183,2023-07-18,2023-08-15,-0.044796713773389486,0.16017760709698678,-0.2796690160708,0.1178429959650651,-0.38013895867574177,0.18164383420944835,-0.2466184110699605,True,False,0.4212043501141798,0.2738857654691158
1184,2023-07-19,2023-08-16,-0.054733467643268224,0.16060279725182644,-0.34080021381847864,0.11710044668979085,-0.4674061388361898,0.18006337820852802,-0.3039677928283808,True,False,0.42002880758212124,0.2696683613592466
1185,2023-07-20,2023-08-17,-0.059516905455087865,0.1565701577201039,-0.3801293063872655,0.11189654732619836,-0.5318922422296507,0.16840033334112495,-0.353425104774144,True,False,0.43091321268326027,0.26778865099133464
1186,2023-07-21,2023-08-18,-0.041488238806289005,0.153769672513998,-0.26980768137171024,0.10926948633983859,-0.37968732347891343,0.16510766790509135,-0.2512799031849789,True,False,0.4388590853541622,0.2706151421556723
1187,2023-07-24,2023-08-21,-0.024391841709072052,0.15471971300270237,-0.1576518029647975,0.11260359198458902,-0.21661690607889605,0.16584766935781886,-0.14707376837745173,True,False,0.43623169513987714,0.2679674496712662
1188,2023-07-25,2023-08-22,-0.012832921792978782,0.15435024642448417,-0.0831415698403649,0.11369583275047061,-0.11287064338710923,0.1647310965620173,-0.07790224226515421,True,False,0.43727169616275957,0.26719276225810656
1189,2023-07-26,2023-08-23,0.030019359487375122,0.14892510516449098,0.20157353224104219,0.11957947738237301,0.25104106611357563,0.15793987734904527,0.1900682714918962,True,False,0.4532963316770057,0.2790582897709649
1190,2023-07-27,2023-08-24,0.020443504720233735,0.14687449230726551,0.1391903005013652,0.11602653896402292,0.17619679861839868,0.14843936221273027,0.13772293558453785,True,False,0.4596012735100182,0.2768428126966578
1191,2023-07-28,2023-08-25,-0.010715144800131885,0.1410420274864927,-0.0759712901968745,0.10009468897953844,-0.10705008336978096,0.14807486408773646,-0.07236302302991147,True,False,0.47860345947794936,0.2783369501314899
1192,2023-07-31,2023-08-28,-0.012558333809583338,0.14433256826453492,-0.0870097023879339,0.09881108237298006,-0.12709438564977626,0.15552589233446099,-0.08074754384033003,True,False,0.46768761526877717,0.2814120833426817
1193,2023-08-01,2023-08-29,-0.0015717441341076398,0.14272946126674158,-0.011012051192222101,0.09845525940960076,-0.015964044415024647,0.15350684580693646,-0.010238918830267686,True,False,0.47296500715017153,0.28272544956838813
1194,2023-08-02,2023-08-30,0.010003501858170259,0.14179406401856004,0.07054951085160277,0.09891276345849226,0.10113459080908327,0.16388038287605755,0.06104148454263675,True,False,0.47628141711565497,0.2740826932504814
1195,2023-08-03,2023-08-31,-0.10752958797556521,0.16403142843122873,-0.6555425932942339,0.14447715719294393,-0.7442670527629734,0.15746669475205372,-0.6828719440951039,True,False,0.4115333602032136,0.26691569405581533
1196,2023-08-04,2023-09-01,-0.12597053168472505,0.1633195878042748,-0.7713130640256725,0.1430990552603692,-0.8803030282451638,0.1564162120601456,-0.8053547009327044,True,False,0.4132861221546402,0.2782981745417425
1197,2023-08-07,2023-09-04,-0.027604180497495873,0.169191707030544,-0.16315327141012012,0.07439904586296368,-0.3710286896466425,0.10534861303905764,-0.26202699495684595,True,False,0.39889712626506574,0.25023887628529473
1198,2023-08-08,2023-09-05,0.02972090727869719,0.17844505944109892,0.16655494622145847,0.07925715174060068,0.374993380735788,0.12840442797710472,0.23146325829196956,True,False,0.37812337260994694,0.2700042851382546
1199,2023-08-09,2023-09-06,0.03236125771072256,0.17714883375526386,0.18267835596044937,0.08385692751375345,0.3859103674578938,0.1289290772862935,0.25100046003480475,True,False,0.38091795298079195,0.26316032924574245
1200,2023-08-10,2023-09-07,0.033971573938110046,0.17713896411834296,0.19177922885116527,0.08472462943276718,0.4009645620824819,0.12861136093763542,0.2641413145031807,True,False,0.38089700650785696,0.25811201185502647
1201,2023-08-11,2023-09-08,0.03901399228087974,0.17551341830579079,0.22228495494804307,0.08634433097485995,0.4518419662344604,0.12478535581176077,0.31264880423735386,True,False,0.38436623592786023,0.24566051702692784
1202,2023-08-14,2023-09-11,0.09433995694771374,0.18207184991878164,0.5181468579014097,0.05468106286043459,1.725276576801418,0.1345431026481407,0.7011876126748253,True,False,0.3706507668721236,0.27039542995733534
1203,2023-08-15,2023-09-12,0.08237825550182235,0.18041007809032142,0.45661670552894545,0.05447506203909392,1.5122195811856765,0.1335057299505966,0.6170391003615064,True,False,0.3741271508545317,0.2620167310840527
1204,2023-08-16,2023-09-13,0.12960122917140846,0.20340177274883697,0.6371686314230981,0.06993040670315863,1.8532886519814078,0.16884688265597686,0.7675666090647888,True,False,0.3317806903248606,0.2667263495716966
1205,2023-08-17,2023-09-14,0.10743480822268356,0.20330399316709655,0.5284441616175358,0.0676653275079233,1.587737947623226,0.15884122772805476,0.6763660150412466,True,False,0.3319466140344446,0.26737119703031004
1206,2023-08-18,2023-09-15,0.0644768294313277,0.20717765571628421,0.3112151704217773,0.0866722699712265,0.7439153197756646,0.16753694028180566,0.38485142036660325,True,False,0.32575839939180695,0.26663003597818963
1207,2023-08-21,2023-09-18,0.05196478273202973,0.20743247970422013,0.25051420494093685,0.08299824657582791,0.6260949462896696,0.16921631512910365,0.3070908540490506,True,False,0.3253579926207588,0.26569920552464665
1208,2023-08-22,2023-09-19,0.047888753133535494,0.2066604644630659,0.2317267274994154,0.08282380868086796,0.5782003254409338,0.16919181405894565,0.28304414962328656,True,False,0.326579074917532,0.2659624796327363
1209,2023-08-23,2023-09-20,-0.011685320008733324,0.19316007660457027,-0.06049552378597909,0.09551971828022553,-0.12233411298861019,0.15657750792799358,-0.07462962058450398,True,False,0.34944631977508483,0.26813346718329645
1210,2023-08-24,2023-09-21,0.0726623939599271,0.1595500766294295,0.4554206146117532,0.07176652555059193,1.0124830957394424,0.1803154671189893,0.40297371668054155,True,False,0.4231160070505019,0.27718269464856404
1211,2023-08-25,2023-09-22,0.06957486452431183,0.1665935862009021,0.4176323117290279,0.0821886784907036,0.846526137200046,0.21484906770111326,0.32383135411646624,True,False,0.4052113918601243,0.27648243291698044
1212,2023-08-28,2023-09-25,0.12049493970743178,0.1822221837208532,0.661252857621432,0.07054193790261405,1.7081319749647341,0.2119020412667069,0.5686351060477651,True,False,0.3703518579111155,0.28954677297382336
1213,2023-08-29,2023-09-26,0.1147240265630031,0.16157216488969695,0.7100482106018916,0.05822048906190786,1.970509496081578,0.14145144564737536,0.8110488092783363,True,False,0.4177101708159476,0.28883997546145185
1214,2023-08-30,2023-09-27,0.057231136043037374,0.16071690385898327,0.35609904539508364,0.06747389917068954,0.8481966619160259,0.16419812470917458,0.3485492672002458,True,False,0.4198824362639849,0.2962416150972549
1215,2023-08-31,2023-09-28,0.0700508755352152,0.15780654820439005,0.44390347759514864,0.07666675436382897,0.9137060270320363,0.1570369465744541,0.44607894551746646,True,False,0.42762652552365876,0.2943050495131567
1216,2023-09-01,2023-09-29,0.08948131088467326,0.15906122112813487,0.5625589332838696,0.06562227507613806,1.3635813568007635,0.16004078531712976,0.5591156698422908,True,False,0.42434973557830524,0.2950036323198393
1217,2023-09-04,2023-10-02,0.12019638548396139,0.16144646717097055,0.7444968452401894,0.05125812488991356,2.3449235753766975,0.14797288106609793,0.8122865799326494,True,False,0.41801554015415,0.30710782994134395
1218,2023-09-05,2023-10-03,0.19566285108454864,0.14531272089254474,1.3464949928866627,0.08015869872446435,2.440943455895106,0.12310470562064296,1.5894018843398192,True,False,0.46425427813891385,0.32508833350593275
1219,2023-09-06,2023-10-04,0.2084024667252932,0.13766356021372006,1.5138535310415648,0.07701742671694256,2.7059131369218816,0.1094911615255762,1.903372508077852,True,False,0.49022577187707184,0.3138260555368656
1220,2023-09-07,2023-10-05,0.19650828663224879,0.13757047273776704,1.4284190693073167,0.07301966158912522,2.691169506344503,0.11208855293105324,1.753152141709983,True,False,0.4906083260298408,0.30997617487331636
1221,2023-09-08,2023-10-06,0.2371322544346561,0.13303367008809694,1.7824980268350372,0.08679595908124711,2.73206560472111,0.10612025849581973,2.2345615982833023,True,False,0.5073196056444719,0.3299673177510657
1222,2023-09-11,2023-10-09,0.24002071777529266,0.1346368828516057,1.7827263428241955,0.08723600723846058,2.7513950417193374,0.11011185450076544,2.179789985951278,True,False,0.5012638582271055,0.32992993194097103
1223,2023-09-12,2023-10-10,0.25174389742453906,0.13258266108130196,1.8987693818437195,0.09726113272465199,2.5883298947096427,0.10434084373367557,2.412707128064844,True,False,0.508972578087653,0.31855359274991096
1224,2023-09-13,2023-10-11,0.2580313489094659,0.12957460680406654,1.99137281041217,0.09441987849915336,2.7328074660864936,0.09628655680883504,2.6798273555648584,True,False,0.5207835417627747,0.3205797740134011
1225,2023-09-14,2023-10-12,0.2571608025896089,0.13106533660266123,1.9620809685875962,0.10686025556355043,2.4065149501413443,0.09999255623068627,2.571799464715454,True,False,0.5147624080332742,0.3214956648722284
1226,2023-09-15,2023-10-13,0.24291610012800927,0.11864618257019721,2.047399207170341,0.07881697617373526,3.0820276534404516,0.09193936983375067,2.642133620964144,True,False,0.5687761777237915,0.3250673404948244
1227,2023-09-18,2023-10-16,0.24714435493099352,0.1091852911949683,2.26353158219523,0.06709749301175574,3.6833619832516376,0.07411234654310067,3.334725810999178,True,False,0.6181455550521061,0.3313469276744914
1228,2023-09-19,2023-10-17,0.23741664351133307,0.10879412249937373,2.182256155544614,0.06736183770133843,3.524497721751077,0.07403118603565045,3.2069814928671105,True,False,0.6204784876463343,0.3351411233144923
1229,2023-09-20,2023-10-18,0.25789527864686207,0.1067109035111721,2.416765955129053,0.06624255955480238,3.893196162408333,0.07649698283991807,3.371313077622269,True,False,0.6323169886123964,0.3505553137544155
1230,2023-09-21,2023-10-19,0.22941646225541096,0.1022203557840028,2.244332457032144,0.06929638887119825,3.3106553745798957,0.08408794207426644,2.728292030892972,True,False,0.6603298921508074,0.3462995523720943
1231,2023-09-22,2023-10-20,0.21752581480446567,0.10931418621127806,1.9899138651962385,0.07745906379305159,2.8082680599604495,0.09391378139436891,2.3162289024548697,True,False,0.6176187621256995,0.33961652643304074
1232,2023-09-25,2023-10-23,0.22858703371423436,0.10604080736831265,2.1556515777957124,0.07005120794823542,3.2631419273048015,0.08947752393659879,2.554686625841419,True,False,0.6367104346059856,0.3473756373719093
1233,2023-09-26,2023-10-24,0.2015407416993449,0.10292029236115896,1.9582216205927168,0.07610374377132001,2.648236889698143,0.09164296392561064,2.199194930698025,True,False,0.6562802704174404,0.3384996479008293
1234,2023-09-27,2023-10-25,0.19764262621066392,0.10670205372401238,1.8522851183527513,0.08430868181123205,2.344273709001733,0.0991022968156922,1.994329420822954,True,False,0.6330017298796701,0.33453653313838244
1235,2023-09-28,2023-10-26,0.2235868635663684,0.10746201197383816,2.080613041386207,0.08796819108568553,2.5416785409237677,0.09819279640958406,2.2770190048742243,True,False,0.6283988219735714,0.3252072891426938
1236,2023-09-29,2023-10-27,0.19472969516232463,0.10891762868405948,1.7878620524064355,0.084894432210394,2.293786413221137,0.09743870012076833,1.9984841230534793,True,False,0.620142797770135,0.3217346105808479
1237,2023-10-02,2023-10-30,0.19524661729059828,0.10456562843224634,1.8672160270820635,0.0808028070392531,2.41633458594761,0.0901507722037964,2.165778645236897,True,False,0.6460187290879291,0.32128638097775103
1238,2023-10-03,2023-10-31,0.1467567340262335,0.10070564390591011,1.457284103792129,0.09250692363333679,1.5864405415525746,0.09762655447044538,1.5032460668338075,True,False,0.6711678480488937,0.30276378957529104
1239,2023-10-04,2023-11-01,0.09571659037086004,0.10565855119403408,0.9059048159299822,0.08297823056877535,1.1535144786140827,0.09133077659182486,1.0480212031770653,True,False,0.6397929426568723,0.27418603596180896
1240,2023-10-05,2023-11-02,0.1330190250388698,0.10560118757983951,1.25963569243292,0.07550905306892405,1.761630157346181,0.10273248652240946,1.2948097485195573,True,False,0.6399895455875355,0.3169259399822616
1241,2023-10-06,2023-11-03,0.1602605651195665,0.10501856638559821,1.526021261146676,0.08094562007861668,1.9798546847119942,0.10922226966707953,1.4672883616871983,True,False,0.6432089633914272,0.36508242017780873
1242,2023-10-09,2023-11-06,0.14572938654897324,0.10623160534477949,1.371808192825496,0.08023159156433349,1.816359163611014,0.11105489024804713,1.3122284504849695,True,False,0.6359867506855206,0.3558826231796558
1243,2023-10-10,2023-11-07,0.14652101330853384,0.1064631248088809,1.376260687177495,0.07960807900094238,1.840529443083275,0.10953590110320713,1.3376528775755314,True,False,0.6346705136240133,0.3672885357699558
1244,2023-10-11,2023-11-08,0.13718844200551253,0.10685055065547945,1.2839282639530067,0.07792243125865878,1.7605770224253376,0.10929568494939494,1.2552045587987506,True,False,0.6324491099036617,0.36102975657617786
1245,2023-10-12,2023-11-09,0.1345007362890054,0.1066840975758815,1.2607383794322176,0.07959017292540983,1.6899163721513277,0.11223726637281531,1.198360764082031,True,False,0.6334603851479923,0.36056400230928376
1246,2023-10-13,2023-11-10,0.11287849358541632,0.1057315027895901,1.0675956607752848,0.07159921233344482,1.5765326168635723,0.10656702551648256,1.0592253376534149,True,False,0.6392315146597294,0.3498523288672242
1247,2023-10-16,2023-11-13,0.1028028647400975,0.118875941783413,0.8647911696666095,0.0790869878630503,1.2998707817538129,0.1287921513814612,0.7982075276901953,True,False,0.56832513411615,0.3466988259153819
1248,2023-10-17,2023-11-14,0.13114263358363418,0.12734069264679576,1.0298564493235782,0.1050769627844471,1.2480626591069035,0.1612342814426487,0.8133669366727189,True,False,0.5302504793859067,0.39072255767748637
1249,2023-10-18,2023-11-15,0.14060937265240817,0.1291221452668481,1.0889640375926235,0.10897657998837676,1.2902714754620241,0.1647012031719429,0.8537240162454454,True,False,0.5228845786814287,0.39169928129037296
1250,2023-10-19,2023-11-16,0.06975216637191811,0.13592614820711166,0.5131622376706815,0.10465537006874082,0.6664939059133113,0.14442396711405284,0.4829680818616084,True,False,0.4966426257500937,0.3654781794951633
1251,2023-10-20,2023-11-17,0.09971535794115037,0.16137419268675424,0.6179139073043066,0.13634457341406866,0.7313481970296096,0.1860974075098284,0.5358234661914035,True,False,0.4180973912332421,0.36665349908933864
1252,2023-10-23,2023-11-20,0.1087136737946401,0.16397782402930758,0.662977902275431,0.14020028845513763,0.7754169052899427,0.19121650558344983,0.5685370803264459,True,False,0.4113544633437167,0.3758250119865735
1253,2023-10-24,2023-11-21,0.10391800046640264,0.16913111826682098,0.614422712575351,0.1564577010164333,0.6641923011222551,0.2129529065553669,0.48798582816893543,True,False,0.3988559936428156,0.37520563352357145
1254,2023-10-25,2023-11-22,0.17848756372886618,0.17678207115052874,1.0096474295568425,0.16130611395418065,1.1065145601335729,0.22588566936536147,0.7901677172807688,True,False,0.3815151803917985,0.3805523440216332
1255,2023-10-26,2023-11-23,0.16755369620720473,0.19599885477697698,0.8548707919638643,0.1946293955015432,0.8608858686296244,0.266367505557795,0.6290320429901305,True,False,0.3440646911401643,0.37780660787415316
1256,2023-10-27,2023-11-24,0.1252840020991105,0.20359899532562825,0.6153468581646789,0.23329327133521502,0.5370236414538168,0.2768102965532067,0.45259877851049957,True,False,0.331106661141678,0.3756953264089668
1257,2023-10-30,2023-11-27,0.1947955292201569,0.2103182321393772,0.9261942116890111,0.20269884682435818,0.961009558130098,0.2872419833968749,0.6781582793592289,True,False,0.32054670218268405,0.37456141524688974
1258,2023-10-31,2023-11-28,0.1918596887885559,0.22610415570379097,0.84854561028017,0.2395143631202783,0.801036256402747,0.381656693637956,0.5027022766448745,True,False,0.2980707616847385,0.3823126733165268
1259,2023-11-01,2023-11-29,0.5404461392491798,0.25032246667922947,2.1589997350965837,0.14854308063858485,3.6383124473102932,0.32383470345301935,1.6688950674107899,True,False,0.2688844930363842,0.37348447147111785
1260,2023-11-02,2023-11-30,0.7522136781881779,0.27578949085519794,2.7274921747584804,0.2815116302494866,2.6720518705445198,0.3707367048333564,2.028970070622742,True,False,0.2439337439085753,0.3893104715360895
1261,2023-11-03,2023-12-01,0.6515852450660878,0.31120251979072505,2.09376596791138,0.2833652443739385,2.2994536486141315,0.4723899931418495,1.3793375273096218,True,False,0.21639917228293196,0.36557794875916033
1262,2023-11-06,2023-12-04,0.5424975779018659,0.3147872026591082,1.7233787565670247,0.28357102055829325,1.913092448000502,0.4284515137609116,1.2661819610342078,True,False,0.21414405549973708,0.335163653428829
1263,2023-11-07,2023-12-05,0.5198101732410464,0.31427628168755517,1.6539911012369282,0.26609276209782745,1.9534923428317124,0.4094392502153288,1.269566053981567,True,False,0.21452391186725484,0.34192555340417996
1264,2023-11-08,2023-12-06,0.4920435258478856,0.31245380366061676,1.574772078570491,0.25760165841879484,1.91009455788498,0.4114039917520614,1.1960105777107355,True,False,0.21575662593702058,0.3321499523645433
1265,2023-11-09,2023-12-07,0.5205751203752288,0.3145261343220399,1.6551092693690679,0.2587055011209174,2.012230579248159,0.44008633599791386,1.1828931684388775,True,False,0.21432213965000874,0.33277246567524554
1266,2023-11-10,2023-12-08,0.49315284478785776,0.3380153972627135,1.4589656234049238,0.2637727754173025,1.8696123737852168,0.45157579134207093,1.0920710415459185,True,False,0.19946264842337066,0.33488079243237573
1267,2023-11-13,2023-12-11,0.7937076122622864,0.39277690527486014,2.020759371549252,0.41473967090529706,1.9137489561337961,0.535072627639186,1.4833642598468053,True,False,0.1715613798203632,0.3373404569872136
1268,2023-11-14,2023-12-12,0.7664375202376367,0.4155807976889747,1.8442563383576904,0.42059752242417847,1.8222587613454218,0.5465229257327037,1.4023885991792593,True,False,0.16215107357563205,0.33213937704998964
1269,2023-11-15,2023-12-13,0.5262385227421015,0.4344005784455347,1.2114130340829679,0.2500444402198859,2.104579978980272,0.46113899042873246,1.141171173256992,True,False,0.1552427060620341,0.2896480724379585
1270,2023-11-16,2023-12-14,0.05003651579813497,0.42118827630032635,0.11879845336069295,0.4698175645373981,0.106502011791328,0.6928163011211416,0.07222190892039346,True,False,0.16013955094024404,0.4059206419271647
1271,2023-11-17,2023-12-15,-0.0003450946252072448,0.42514409295156874,-0.0008117121487244962,0.499185134752999,-0.0006913159090324284,0.7248232891881768,-0.0004761086327589733,True,False,0.15865339646289442,0.4071597865839324
1272,2023-11-20,2023-12-18,-0.02867929362183421,0.4320299390565288,-0.06638265321256284,0.4352253702176912,-0.06589527078232914,0.6964126830044071,-0.04118146369492918,True,False,0.15614024440935279,0.4063102979967865
1273,2023-11-21,2023-12-19,-0.19792236890822537,0.44454716532327904,-0.4452224293552615,0.4442981994355671,-0.4454719131422643,0.6921185593824943,-0.2859659898223377,True,False,0.151738347439648,0.4003944467166365
1274,2023-11-22,2023-12-20,-0.07650294700012253,0.34296535331479866,-0.22306319358708673,0.2311613945447109,-0.3309503611137172,0.3835847766166181,-0.19944208337700797,True,False,0.19670836524136526,0.40097283577247506
1275,2023-11-23,2023-12-21,0.07909819857729063,0.35827000521108787,0.22077817686883117,0.25792290726577305,0.30667380193487426,0.3624921252529617,0.21820666730923519,True,False,0.18827367146776863,0.3912869009109072
1276,2023-11-24,2023-12-22,0.12371693184511175,0.33605535735523345,0.36814450100950036,0.24962102184202448,0.4956190425476562,0.3343198834025929,0.37005556051875627,True,False,0.20070640170866874,0.39257963199478585
1277,2023-11-27,2023-12-25,0.05527135923374772,0.34261713851607345,0.1613210578815068,0.22997558317451974,0.240335771610173,0.32868437366439923,0.1681593761746098,True,False,0.19689137543601165,0.38556318505283493
1278,2023-11-28,2023-12-26,0.058341833571515726,0.34471593527236094,0.16924611717012644,0.23931631903749895,0.24378543764236166,0.3429039662616773,0.17014044546511262,True,False,0.19568568587760451,0.3861742354587541
1279,2023-11-29,2023-12-27,0.14450000473915084,0.3291370337550112,0.43902687914088545,0.25783122471620096,0.560444162254608,0.33613892063955125,0.42988180144155697,True,False,0.2049531111441648,0.3795774335913849
1280,2023-11-30,2023-12-28,0.1063860006068734,0.3334403476087069,0.3190555713183146,0.2527000379735838,0.42099716905461854,0.35214389442759997,0.30210945664641115,True,False,0.2022972133626017,0.37580219638048806
1281,2023-12-01,2023-12-29,0.11576231262552028,0.333458327790164,0.3471567598646577,0.2527364312656453,0.45803571746981436,0.35319110261540415,0.32776112356254866,True,False,0.202258324795448,0.36421056078879477
1282,2023-12-04,2024-01-01,0.08986436551651102,0.3371656655511515,0.26652881564797903,0.24749404338827644,0.36309708422165526,0.35122658796639356,0.2558586638808492,True,False,0.2000550203016992,0.3621901375823935
1283,2023-12-05,2024-01-02,0.26825255767023587,0.32052894083287975,0.8369058874159504,0.3829101870158447,0.7005626038858445,0.43781291708621106,0.6127104687900596,True,False,0.21042795194607883,0.3851938346908453
1284,2023-12-06,2024-01-03,0.4156674626929911,0.2980213733133378,1.3947572218451627,0.36603416248391135,1.1355974531783255,0.3610544158617128,1.1512598778246093,True,False,0.22626054071207602,0.3894927567032703
1285,2023-12-07,2024-01-04,0.42092273547464953,0.2981304196648193,1.4118744942159296,0.3622036097072666,1.162116346148068,0.36056090007315283,1.1674109294414623,True,False,0.2261837930096752,0.3875795284849062
1286,2023-12-08,2024-01-05,0.40497214093863504,0.27771597754242744,1.4582241343199864,0.326991143366314,1.2384804578176671,0.3279445834727814,1.2348797978309856,True,False,0.24279851842515401,0.3884556145177951
1287,2023-12-11,2024-01-08,0.522439282641536,0.29110293203411697,1.7946891808712757,0.30670475792372276,1.7033947767170483,0.3273681903364829,1.5958767469269106,True,False,0.2315405615128808,0.3864615144615165
1288,2023-12-12,2024-01-09,0.43210644070198334,0.2896567211426013,1.4917880689854677,0.32712650524507497,1.3209154066505862,0.34780881165361344,1.2423677210694788,True,False,0.23277488530743698,0.39447634423809885
1289,2023-12-13,2024-01-10,0.4205350504990253,0.3005628163672478,1.3991586037881258,0.34273962745985853,1.2269811157108703,0.36090801607280615,1.165213937542996,True,False,0.22435500943262562,0.39379011162086963
1290,2023-12-14,2024-01-11,0.37316801340265615,0.29836246599464816,1.2507203684573038,0.3691211403345425,1.010963536427217,0.36923251577584926,1.0106585889883979,True,False,0.2260167954184398,0.3830178135853677
1291,2023-12-15,2024-01-12,0.5146826082472223,0.2988528242006407,1.7221942259500955,0.2808536303833796,1.8325652673410493,0.3259487362362125,1.5790293105300948,True,False,0.22560324365934994,0.25819248948767853
1292,2023-12-18,2024-01-15,0.5026293727459001,0.2915126650476283,1.7242110995890312,0.27077577243217527,1.856256814378769,0.2917954675218872,1.7225400278302767,True,False,0.23128488949729534,0.25610124354515684
1293,2023-12-19,2024-01-16,0.6600081712195239,0.28401770225339645,2.323827585333657,0.24773033856782442,2.6642201961824905,0.3430272231907903,1.9240693641753037,True,False,0.23724059275033635,0.3186786388780063
1294,2023-12-20,2024-01-17,0.6545835614021341,0.26426644252122705,2.476983286856617,0.21249841362743976,3.080416226305457,0.27383344057432,2.3904442058984987,True,False,0.25489646066924504,0.31400985907875795
1295,2023-12-21,2024-01-18,0.7999907072848228,0.2806995829989948,2.8499889409799644,0.16662106083447753,4.801258035918634,0.24297336636259592,3.2925036980842353,True,False,0.23985088147378947,0.3166425855985349
1296,2023-12-22,2024-01-19,0.7685718447891907,0.2626407645237602,2.926323513346538,0.14229042358696395,5.401430577086313,0.2205358306764529,3.4850202909510832,True,False,0.25632483759248065,0.31716610085360203
1297,2023-12-25,2024-01-22,0.7652201916076138,0.27178951708552873,2.815488249191041,0.15342333656487614,4.987638834748161,0.23010732465566897,3.3254925402860778,True,False,0.24771745445787813,0.3118431860534361
1298,2023-12-26,2024-01-23,0.6295126848656529,0.2620161891931527,2.402571714382082,0.17979642088241884,3.501252593216715,0.26062659370763347,2.415381622843253,True,False,0.257064028594575,0.31994253932629907
1299,2023-12-27,2024-01-24,0.46610127674267043,0.25425838209280044,1.8331795904079597,0.29723996507658385,1.5680976029672844,0.3064961485706142,1.5207410563440882,True,False,0.2651173981931879,0.34139184500874714
1300,2023-12-28,2024-01-25,0.42076704824860955,0.2601104554842594,1.6176475777002064,0.27719494024309854,1.5179463516888114,0.30085113578630984,1.398588864053597,True,False,0.2591310888364119,0.3308056306903085
1301,2023-12-29,2024-01-26,0.4383554637303719,0.25887694412667983,1.6932966557109286,0.26829983505555066,1.6338268103653948,0.3014544795904062,1.454134847576246,True,False,0.26036495861265246,0.3346511708713965
1302,2024-01-01,2024-01-29,0.44000536330871853,0.2570250957814998,1.711915958909991,0.2577905681708243,1.7068326682035553,0.2909564374390642,1.5122723084649745,True,False,0.2622151624340589,0.33492902884579484
1303,2024-01-02,2024-01-30,0.46402066525000396,0.25459459554844394,1.8225864702682217,0.2536421349355489,1.8294305296236084,0.29039282765384206,1.5979067699396905,True,False,0.2647199330123962,0.3409641135582743
1304,2024-01-03,2024-01-31,0.21181625564985018,0.24491890425483517,0.864842410978035,0.23426866755663686,0.9041595611527582,0.2838886401698406,0.7461244504997733,True,False,0.275452741791966,0.3122285202261822
1305,2024-01-04,2024-02-01,0.16166021432109878,0.25342688805740166,0.6378968528567595,0.26098994386023333,0.619411659813498,0.3157055239224289,0.512060138551202,True,False,0.26623997550239875,0.304979682149
1306,2024-01-05,2024-02-02,0.16260321027962463,0.2536042705582913,0.641169054139607,0.25977775785008916,0.6259319951997531,0.3208422593601043,0.5068011009644567,True,False,0.26602462561702783,0.31920746368138964
1307,2024-01-08,2024-02-05,0.08962894901125341,0.26672352234314045,0.3360369127697165,0.28955782844975614,0.30953730206885344,0.3453579792899805,0.2595247667232738,True,False,0.2529014423636112,0.32122897827553415
1308,2024-01-09,2024-02-06,0.15003737027020397,0.2595540965733651,0.5780581861392223,0.2711363102883797,0.5533650956252399,0.34057686563307626,0.44053893675751943,True,False,0.25989775534203113,0.3304766816423581
1309,2024-01-10,2024-02-07,0.19441042319171933,0.2607052106394158,0.7457097720252722,0.2676765952903042,0.7262884638116185,0.3383382827273596,0.5746036825172973,True,False,0.25876677250875196,0.32487490069387287
1310,2024-01-11,2024-02-08,0.1938424045777466,0.2607822893017389,0.7433112313599666,0.2670126811759632,0.7259670354383023,0.3385599944437258,0.5725496448457863,True,False,0.25868598498599205,0.325490931714975
1311,2024-01-12,2024-02-09,0.19837598421367594,0.26203755300667403,0.7570517352855274,0.2676657961356931,0.7411331110573026,0.33462462042753216,0.5928314060101778,True,False,0.25745476255290684,0.32573726108309253
1312,2024-01-15,2024-02-12,0.14568753371921364,0.24381740765523607,0.5975272033292203,0.24503844807726294,0.594549691537701,0.28928069091451575,0.5036199729012166,True,False,0.2767121125414083,0.31765930462941677
1313,2024-01-16,2024-02-13,0.24375733739947691,0.2001716059486713,1.2177418282889831,0.1536366924504744,1.586582824139184,0.20288886847363255,1.2014327805823197,True,False,0.3369710436712305,0.33049479064761794
1314,2024-01-17,2024-02-14,0.15530387996182846,0.18130543366654361,0.8565870135335428,0.1031085312506653,1.5062175561813793,0.18076548807310586,0.8591456345860659,True,False,0.3722552337630734,0.2782390117029095
1315,2024-01-18,2024-02-15,0.11780403176509434,0.187664749040258,0.6277366013998874,0.12007463013843793,0.9810901072880612,0.22008766099314286,0.5352595926255251,True,False,0.3596697174777608,0.26886978265324585
1316,2024-01-19,2024-02-16,0.10460789168912525,0.1907723534798728,0.5483388435534595,0.1274401330304981,0.8208394734184028,0.22754861560318682,0.4597166693887819,True,False,0.3538102715820806,0.2675468943354569
1317,2024-01-22,2024-02-19,0.07429607657422298,0.19603476515648513,0.3789943917086135,0.15263128595138226,0.4867683326594559,0.2425428621674651,0.30632143081961666,True,False,0.34430988927649336,0.26308106822999405
1318,2024-01-23,2024-02-20,0.052321215135595824,0.19271767426520106,0.27149152424699763,0.15559773921603554,0.3362594816557831,0.23653777511637675,0.2211960229601963,True,False,0.35025352277100646,0.2644299874140552
1319,2024-01-24,2024-02-21,0.12097352240669076,0.1978739314421836,0.6113666490830187,0.10432647320097588,1.1595668740152443,0.21636661424567344,0.5591136267877788,True,False,0.3410871514579177,0.2494578989666092
1320,2024-01-25,2024-02-22,0.15289314080827723,0.19239002599232827,0.7947040914396154,0.0831239295313355,1.839339666330868,0.18077113740944312,0.8457829219826019,True,False,0.35079500426826143,0.22153973176451228
1321,2024-01-26,2024-02-23,0.13788093661504777,0.18695494741276475,0.7375088946463133,0.08512749273449599,1.6196992556222045,0.1830587965150013,0.7532057417614931,True,False,0.36102347666732115,0.21402119946877476
1322,2024-01-29,2024-02-26,0.13124189455884416,0.1873174466479656,0.7006389255641156,0.08568220419272679,1.5317287387196412,0.1818768391329718,0.7215976216899834,True,False,0.3603252464467683,0.20977225266432747
1323,2024-01-30,2024-02-27,0.12517899023458906,0.18740580915661537,0.6679568301427452,0.09225196139788248,1.3569249730603816,0.19331513168228281,0.6475384991606512,True,False,0.3601630361293521,0.20661363043719944
1324,2024-01-31,2024-02-28,0.12078295336162433,0.1867943449662522,0.6466092610215045,0.09338193337292364,1.2934295639315356,0.182396685383869,0.6621992779497421,True,False,0.36134052110913134,0.2024913214821456
1325,2024-02-01,2024-02-29,0.17169616581897523,0.1950208778569945,0.8803988973164047,0.0717975729483111,2.391392337768627,0.17587967467152157,0.9762138015074249,True,False,0.34603440154381426,0.19912260048274066
1326,2024-02-02,2024-03-01,0.17355213573352246,0.19620430444327316,0.8845480542640188,0.0720299973206587,2.4094424849262976,0.17875348993374804,0.970902083074555,True,False,0.343947090772895,0.20117972702201656
1327,2024-02-05,2024-03-04,0.1593602377855808,0.19461881575261128,0.8188326353200647,0.08152562139765364,1.954725827948946,0.19488755209179634,0.8177035222368569,True,False,0.34677534346052685,0.1754326667300188
1328,2024-02-06,2024-03-05,0.15798687827816776,0.18668582309262666,0.8462714289760528,0.0851550314588331,1.8552853022495106,0.1763460919500223,0.8958910091579594,True,False,0.36151774560773153,0.15370093449589015
1329,2024-02-07,2024-03-06,0.12929880054478946,0.19050932354417094,0.6787006438286503,0.09088960779635433,1.4225916876491986,0.19254043633535364,0.6715410175947962,True,False,0.35427241785018704,0.1563235009472707
1330,2024-02-08,2024-03-07,0.134746872934014,0.19116653580318196,0.7048664263746686,0.09241664325400605,1.4580368664079675,0.19657585005532816,0.6854701271600159,True,False,0.35303809985000334,0.16276869090147827
1331,2024-02-09,2024-03-08,0.1324941466702903,0.19087447343134356,0.6941428274218536,0.10051076661790666,1.3182084977420279,0.2040848110590994,0.6492112077459911,True,False,0.3535517969996591,0.1609342197051411
1332,2024-02-12,2024-03-11,0.1366736287561701,0.18961054438116245,0.7208123852090392,0.09687239542216453,1.4108624873015063,0.19450817842113996,0.7026626328289949,True,False,0.35591598938038516,0.1623274317970352
1333,2024-02-13,2024-03-12,0.08954170196170488,0.1802141407311509,0.4968627966619223,0.1335716387340528,0.6703646283773345,0.20566401666376502,0.4353785529147492,True,False,0.37455252966905134,0.16500445880783463
1334,2024-02-14,2024-03-13,-0.09868895836446313,0.21958568868083228,-0.4494325607344452,0.060249463638474755,-1.638005592160015,0.09222039904950272,-1.0701423912890269,True,False,0.3072692473721693,0.11886932830249065
1335,2024-02-15,2024-03-14,-0.06252031994112653,0.24413979278790474,-0.25608410340317095,0.060152072367960226,-1.0393710055188015,0.13629271184498945,-0.45872093301829014,True,False,0.2763691429948414,0.13438814056601786
1336,2024-02-16,2024-03-15,-0.07671007419178023,0.24692132983073992,-0.3106660499696952,0.05663508011033194,-1.3544621821376397,0.12532483476086279,-0.6120899687452509,True,False,0.2732692156484661,0.13729890760539462
1337,2024-02-19,2024-03-18,-0.08024169860729642,0.24769879425165428,-0.3239486847310744,0.055126435776814454,-1.4555938086068891,0.11834472190415035,-0.6780336065370596,True,False,0.27242015268074987,0.14251690489337598
1338,2024-02-20,2024-03-19,-0.13290972951923635,0.24765895725751183,-0.5366643346601793,0.062118661968629967,-2.139610308836916,0.11202912028409534,-1.1863855503121845,True,False,0.27246057550754266,0.15864588704264712
1339,2024-02-21,2024-03-20,-0.10797650805539426,0.25021746693118935,-0.43153065763026116,0.06660461689163741,-1.6211565067789067,0.1154792030834449,-0.9350299029806326,True,False,0.26968093795021336,0.15700556156522713
1340,2024-02-22,2024-03-21,-0.10804431284784466,0.2502397165663524,-0.431763248178057,0.06603314959813451,-1.6362132278315102,0.11886027660635647,-0.9090027041218127,True,False,0.26965593488864115,0.1583125136062621
1341,2024-02-23,2024-03-22,-0.0704233811693398,0.25981492832098146,-0.27105209706170963,0.07056665923797915,-0.9979696067493267,0.12726126154277456,-0.553376418837946,True,False,0.2597186867128587,0.17267153523543713
1342,2024-02-26,2024-03-25,-0.09574722154258017,0.27243400191881956,-0.35145107023429156,0.06020069503000424,-1.5904670451870933,0.1376700518668387,-0.695483296797125,True,False,0.247676623106686,0.1746356865686039
1343,2024-02-27,2024-03-26,-0.09473641798813556,0.2722922097730663,-0.3479218816692948,0.05997018779169053,-1.57972521809015,0.1370759863724767,-0.691123372482677,True,False,0.2478058993052229,0.17478144895269074
1344,2024-02-28,2024-03-27,-0.09369511173385592,0.26953028219907876,-0.34762369174032703,0.05822710098834577,-1.6091323480557467,0.13315620696025193,-0.7036480977700467,True,False,0.25034710895490464,0.17431681041384128
1345,2024-02-29,2024-03-28,-0.11340012573750054,0.2728284395080534,-0.4156462791854702,0.055279883958893716,-2.0513813998203254,0.1331265154892632,-0.8518222333149431,True,False,0.2473149718252585,0.1719724566900008
1346,2024-03-01,2024-03-29,-0.10687386692543548,0.27735854536883603,-0.38532747128202893,0.05614628226360543,-1.9034896455595274,0.14325351540373554,-0.7460470804100671,True,False,0.24327338541165427,0.1717686188890692
1347,2024-03-04,2024-04-01,-0.022637038539880583,0.268954660498966,-0.0841667457923363,0.12264044377873559,-0.18458053348797143,0.1783012056354976,-0.12695953714501315,True,False,0.25088697739767934,0.19105134026804582
1348,2024-03-05,2024-04-02,-0.07325663017467049,0.25222946751500747,-0.29043644621067827,0.06858855866064408,-1.0680590408252002,0.1566283731696083,-0.46770983246658016,True,False,0.2675328450271636,0.1935637765993847
1349,2024-03-06,2024-04-03,-0.04420490746013346,0.2707950936542883,-0.1632411683077532,0.09531269679162925,-0.46378823544121683,0.20946118706887068,-0.21104104334899487,True,False,0.24918292715842047,0.2011850371511764
1350,2024-03-07,2024-04-04,-0.154473966307123,0.205063144328201,-0.7532995108077021,0.06629083762039978,-2.3302461071873153,0.14858257494617086,-1.03965062096337,True,False,0.32909899840046497,0.19130991498440855
1351,2024-03-08,2024-04-05,-0.17408131643144228,0.20348809551876282,-0.855486489210328,0.07338628129441215,-2.3721234181775794,0.1462110578486155,-1.1906166263545073,True,False,0.33162400250046187,0.1859704793115974
1352,2024-03-11,2024-04-08,-0.11577180520361452,0.19602248053417684,-0.5906047351718392,0.06689767424370995,-1.7305804202079562,0.17825844054792464,-0.6494604398409363,True,False,0.3443035248219998,0.18651555545278886
1353,2024-03-12,2024-04-09,-0.11669124512852296,0.19779560231671672,-0.5899587440860953,0.06758128171013211,-1.7266799648611584,0.18552607956785774,-0.6289748880606413,True,False,0.34121561784952814,0.18681900739966603
1354,2024-03-13,2024-04-10,0.02658716853973697,0.21365038013655652,0.1244424115826218,0.1734551976208809,0.15327974545823786,0.37047361679641055,0.07176534936453421,True,False,0.3158560472931041,0.23981307174483812
1355,2024-03-14,2024-04-11,0.015483206759566916,0.20308130811145098,0.0762414173099069,0.16099289760703683,0.09617322869335175,0.32919588549157636,0.047033415185145463,True,False,0.33229241687562405,0.23439263034058866
1356,2024-03-15,2024-04-12,0.13350184393285644,0.16397220883860064,0.814173602212455,0.17051061170286916,0.7829532871859964,0.2470720865567389,0.5403355991903941,True,False,0.41157718490038947,0.25587379377742486
1357,2024-03-18,2024-04-15,0.10604164684405486,0.14924297161426844,0.7105302561123534,0.12243549827070897,0.8661021382017268,0.18311132269608393,0.5791102662725874,True,False,0.452323241486308,0.2557024398455363
1358,2024-03-19,2024-04-16,0.042059361505322426,0.14511323049279026,0.289838227448269,0.11780074374522562,0.3570381660432179,0.19209478416635933,0.21895108546465203,True,False,0.4651835698930922,0.27697957461322503
1359,2024-03-20,2024-04-17,0.0688791361715006,0.14654754991976923,0.4700121988338259,0.11404226514274438,0.6039790255418549,0.19360016645222036,0.3557803561522229,True,False,0.4606859702050843,0.2758821953700055
1360,2024-03-21,2024-04-18,0.07034997554615702,0.1499919953364465,0.46902486621606204,0.11615682858869572,0.6056464901883816,0.20243012723045814,0.3475272011565084,True,False,0.4500873367859898,0.2760776070438958
1361,2024-03-22,2024-04-19,0.06156065774632422,0.14970244300897695,0.4112201278013394,0.11324853580973866,0.5435889948259304,0.19761449940869918,0.31151893171060635,True,False,0.4509361807702698,0.27296500366615156
1362,2024-03-25,2024-04-22,0.06184782445428097,0.13494012363233307,0.4583353178391603,0.09948436921693792,0.6216838377837445,0.1609806343482537,0.38419419021845774,True,False,0.5004561431157952,0.26944567657669527
1363,2024-03-26,2024-04-23,0.093251058625997,0.1291087290226009,0.7222676524812904,0.0946629281362845,0.985085296450424,0.15225879132520082,0.6124510631824694,True,False,0.5231066459202802,0.27676571969536223
1364,2024-03-27,2024-04-24,0.09385394455156988,0.12905275315156403,0.7272525557152938,0.09411585352935298,0.9972171640806359,0.15131515478314234,0.6202547569414106,True,False,0.5233165937756082,0.27708947420029983
1365,2024-03-28,2024-04-25,0.09333870817951094,0.12854548000898824,0.7261142762311398,0.09442549961757309,0.9884904878188234,0.1503431882733331,0.6208376265761737,True,False,0.5253853641107515,0.2768324226928764
1366,2024-03-29,2024-04-26,0.0916832707620677,0.12803162021620468,0.7160986528737496,0.09545666286754903,0.9604701024304914,0.15078562931274012,0.6080371928011129,True,False,0.527490334106582,0.27678775088897833
1367,2024-04-01,2024-04-29,0.10489859216071008,0.1275202643849129,0.8226033145922553,0.09663681361131786,1.085493077023647,0.15098644997215585,0.6947550073536728,True,False,0.5296410443785291,0.2895690374915883
1368,2024-04-02,2024-04-30,0.10766959103274124,0.12622700188987024,0.8529838261284233,0.10344804870986214,1.040808332061624,0.1467587015433632,0.7336504745575703,True,False,0.535088371958114,0.28672991345705495
1369,2024-04-03,2024-05-01,0.13243698367336515,0.12804033335504897,1.0343380105558184,0.09616234099167692,1.377222957631906,0.1530910820113992,0.8650862083756378,True,False,0.5273978674089917,0.28193641138476366
1370,2024-04-04,2024-05-02,0.15457591113204314,0.12683803617070166,1.2186873575053714,0.10743949416048355,1.438725231721134,0.154414567803646,1.0010448711588034,True,False,0.5323951053801167,0.2988349922220737
1371,2024-04-05,2024-05-03,0.27566649364130313,0.13561808588395596,2.0326676331148197,0.10770105520752474,2.559552393522354,0.12172620546212677,2.2646437765372758,True,False,0.49747381394648266,0.3003661369920887
1372,2024-04-08,2024-05-06,0.27520959566003145,0.1356972757846637,2.0281143749470556,0.10579273660946274,2.6014035034935947,0.12250565428942226,2.2465052511767567,True,False,0.49723521423664235,0.3041568692217795
1373,2024-04-09,2024-05-07,0.26470641188386834,0.13738936138392993,1.926687839709475,0.10576449724600764,2.502790811439898,0.12426751469183539,2.130133627765069,True,False,0.49110214614230935,0.3008316009972238
1374,2024-04-10,2024-05-08,0.26330965388435507,0.1373690668707665,1.9168045607536262,0.10573461030050894,2.4902882143888476,0.12389325855596912,2.125294442597974,True,False,0.4911627805709371,0.3003337686305871
1375,2024-04-11,2024-05-09,0.21208498772204826,0.14038286299728903,1.5107612367625234,0.0896938808506797,2.36454243824194,0.12453534055635804,1.7030104609226964,True,False,0.48084208055521804,0.2599566907392061
1376,2024-04-12,2024-05-10,0.22161417288316543,0.14248943767283134,1.5553024596251945,0.09403599630364035,2.356695112450106,0.12963294015263435,1.709551388884871,True,False,0.4737078683614892,0.2618755966828429
1377,2024-04-15,2024-05-13,0.11984162525693152,0.16627654185238097,0.7207368154392216,0.12722961865683244,0.9419318121212952,0.11466899362516116,1.0451092441665535,True,False,0.40600363077092455,0.23059325369124023
1378,2024-04-16,2024-05-14,0.15312359071732765,0.20302653497035392,0.7542048173145784,0.15603718098374872,0.9813275896933531,0.15955926459087988,0.9596659342216592,True,False,0.33240146296403733,0.2293522512402247
1379,2024-04-17,2024-05-15,0.28544649984090426,0.2010530431782652,1.4197571711849741,0.1234718149674162,2.3118352954982693,0.16986163119662742,1.6804648455923443,True,False,0.33546850101816356,0.20703347538696668
1380,2024-04-18,2024-05-16,0.28165024840039476,0.20048445367559328,1.4048483223349428,0.12257123073306893,2.2978495583010194,0.16927816652348746,1.6638309250668522,True,False,0.3364211744856856,0.20718670414908208
1381,2024-04-19,2024-05-17,0.27766733945409966,0.20031042180355543,1.386185186741847,0.12086203203466855,2.297390957107625,0.1664697802221239,1.6679744460742525,True,False,0.33672233700834187,0.20759112475620528
1382,2024-04-22,2024-05-20,0.27957768529959254,0.20929035231075357,1.3358364693489386,0.12857966226694054,2.174353862581855,0.18410460179643873,1.5185806469341638,True,False,0.32225976613517937,0.20512659642325465
1383,2024-04-23,2024-05-21,0.4121581250267648,0.24208756216730776,1.702516731288824,0.10685652792366095,3.8571169495719855,0.17306072139647588,2.3815809948146778,True,False,0.27849023851698856,0.20951526015654837
1384,2024-04-24,2024-05-22,0.4316585965877645,0.25611001838332564,1.6854420585050731,0.11628057601551091,3.7122158436004367,0.19423593458451036,2.2223415945722116,True,False,0.26326155295355347,0.20821127039334972
1385,2024-04-25,2024-05-23,0.4325540741915502,0.25154814062241215,1.7195677659205522,0.11091737952271816,3.8997862738269453,0.1849404403541001,2.338883120226985,True,False,0.2680332796407822,0.20959183196744333
1386,2024-04-26,2024-05-24,0.42532724950438966,0.24615428410430754,1.7278888768970515,0.11113188700035585,3.827229618651465,0.17621203141494596,2.4137242280739875,True,False,0.2739056703180493,0.2100365087335666
1387,2024-04-29,2024-05-27,0.42063869601263487,0.24065839587890925,1.7478662835610577,0.11271309445824425,3.731941688181269,0.16254334601380527,2.5878555248697097,True,False,0.280152610159632,0.2080497526861649
1388,2024-04-30,2024-05-28,0.3525834719490161,0.23416698646507764,1.5056924858261285,0.11849029303251404,2.975631698811533,0.1589686064402283,2.2179440321230115,True,False,0.2879954906140547,0.19982555932239665
1389,2024-05-01,2024-05-29,0.43176464743943704,0.2197809598351999,1.964522530810633,0.09527997212702988,4.531536248392229,0.2018320197319521,2.1392277004057756,True,False,0.3067566238906494,0.22930286930670055
1390,2024-05-02,2024-05-30,0.42571290699978453,0.21953516991677088,1.939155840775666,0.09401684673001681,4.528049193377881,0.202551470023892,2.101751752034036,True,False,0.3070943817440753,0.2307385248505973
1391,2024-05-03,2024-05-31,0.23052673731068674,0.19859066647759258,1.1608135538267987,0.09833115064761667,2.3443917394683123,0.23924726690648176,0.9635501391152621,True,False,0.3397677357755007,0.21061960438801908
1392,2024-05-06,2024-06-03,0.21943614358559543,0.21250547210020931,1.032614084789863,0.11041742746021475,1.9873325129283776,0.27711670112465553,0.7918546327053972,True,False,0.31751886056741535,0.20877270248707733
1393,2024-05-07,2024-06-04,0.22480047185607618,0.21243968431924454,1.0581849270603152,0.10586797460706122,2.1234039159665037,0.2662233984656724,0.8444053871735944,True,False,0.31759671296133124,0.21257970068943563
1394,2024-05-08,2024-06-05,0.24754506954549835,0.20997790134592126,1.1789101041527617,0.09909467720011937,2.4980662588525,0.26526542010548326,0.9331976608449817,True,False,0.32131511764407233,0.21411127765561325
1395,2024-05-09,2024-06-06,0.25333313871314217,0.2104782962939019,1.2036069427291438,0.10150605885988315,2.495744013299127,0.27283139026755576,0.9285336942523645,True,False,0.32054933148319675,0.2159891240441104
1396,2024-05-10,2024-06-07,0.17436751627643707,0.2101087884489468,0.8298915888461548,0.12404105692267228,1.4057242061806883,0.2625620326894134,0.6641002680029435,True,False,0.32112637939738736,0.2991885311568827
1397,2024-05-13,2024-06-10,0.18939335407884061,0.20702371998680028,0.9148389087536261,0.11641769245544685,1.6268433953999013,0.2509699327221352,0.7546455944925087,True,False,0.3258608382206413,0.3007210242374194
1398,2024-05-14,2024-06-11,0.24517367325406686,0.22113499579494458,1.1087058942104895,0.14297667206566167,1.7147809479120586,0.278096224534542,0.8816145334745963,True,False,0.30499738539306676,0.300406113005638
1399,2024-05-15,2024-06-12,0.2639910279682986,0.21367617704510564,1.2354724406763036,0.12634890130548,2.0893812707562405,0.25237727476209215,1.0460174285388981,True,False,0.31564019230496165,0.3031654462051601
1400,2024-05-16,2024-06-13,0.1603641380057901,0.22533596423376234,0.7116668595317044,0.08843370370827432,1.813382582446172,0.25172611997368116,0.63705799788499,True,False,0.2992800183504026,0.27667892065149186
1401,2024-05-17,2024-06-14,0.1456714197890364,0.21788197347308372,0.6685794949761278,0.08367490106705884,1.7409213268419907,0.22848878446280302,0.6375429767002462,True,False,0.3094972040639659,0.2724084870856199
1402,2024-05-20,2024-06-17,0.1376865315207859,0.22063452223921684,0.6240479963126673,0.08927381449845255,1.5422947063964934,0.23644931167020072,0.5823088701261728,True,False,0.3056308262293433,0.2717059969407809
1403,2024-05-21,2024-06-18,0.175135806478297,0.21786784231879888,0.8038625829966521,0.09039226608957086,1.937508749971515,0.23355612052382235,0.7498660539723832,True,False,0.3095309696728646,0.2798795535556988
1404,2024-05-22,2024-06-19,0.17454923163449448,0.21881559987900076,0.7977001261839448,0.09563067226573159,1.8252431724987743,0.2416452028175917,0.7223368376414852,True,False,0.3082142867083033,0.2808043079282278
1405,2024-05-23,2024-06-20,0.1719792690459952,0.21324005540137403,0.8065054603474232,0.09345608944562954,1.8402146940467536,0.22770347350002154,0.7552773192367613,True,False,0.3162771892320886,0.2811404491444189
1406,2024-05-24,2024-06-21,0.17444043924397054,0.2156416505002881,0.8089366726662922,0.0935756373090962,1.8641651209680163,0.23664182286017066,0.7371496599189302,True,False,0.31278585571090994,0.28311142601464184
1407,2024-05-27,2024-06-24,0.14315080596074253,0.22648815745814804,0.6320454348134952,0.1117485357869425,1.2810083367326708,0.27787459597820574,0.5151633435824056,True,False,0.2978444698847411,0.29414559271211677
1408,2024-05-28,2024-06-25,0.1338820431526624,0.22442626999003332,0.5965524586698698,0.10342348218748525,1.2945033402565398,0.26191746444122305,0.5111611913252424,True,False,0.3005569522278205,0.2943594317058898
1409,2024-05-29,2024-06-26,0.1666071101361663,0.2277301357816363,0.7315988705856695,0.11475285468237695,1.4518776948714358,0.2503668380109461,0.6654519882097253,True,False,0.2961064773012031,0.2909428808849952
1410,2024-05-30,2024-06-27,-0.015319947464048394,0.2651188937907334,-0.057785196841311906,0.10617167522680372,-0.1442941107533808,0.1671828987969117,-0.09163585255605936,True,False,0.2544156819270923,0.2681613337131914
1411,2024-05-31,2024-06-28,-0.00914967214497128,0.26496987694755897,-0.034530989901097785,0.10746582315133621,-0.0851402974142437,0.16597396838171746,-0.05512715177074205,True,False,0.25455102721957124,0.26549918771034325
1412,2024-06-03,2024-07-01,0.042194766841673004,0.34121853927023843,0.12365906885339419,0.17669266226034386,0.23880316421687092,0.2839013733273861,0.14862473663702688,True,False,0.19763423111516415,0.26673085153206627
1413,2024-06-04,2024-07-02,0.04600829019532496,0.34294316035445377,0.13415718846170438,0.17497885624172277,0.2629362837517195,0.2744924760507804,0.16761220874707525,True,False,0.19667037143397545,0.26997648537427027
1414,2024-06-05,2024-07-03,-0.0028264930989736425,0.34291317380400627,-0.008242591171458286,0.20558702990220756,-0.013748401834094943,0.2886537498108963,-0.009791984690395822,True,False,0.19673407117403463,0.28459452528914936
1415,2024-06-06,2024-07-04,-0.0709651872085944,0.35408112142770304,-0.20042070281085067,0.2477698588539418,-0.28641573893145644,0.3336800670713202,-0.21267433752171486,True,False,0.19051826480185782,0.2812100609129704
1416,2024-06-07,2024-07-05,-0.11943628746292538,0.35113366356355513,-0.3401447934407674,0.2686841442742097,-0.444523020833834,0.35011376930129495,-0.3411356477103959,True,False,0.19212002965013425,0.28575344096821165
1417,2024-06-10,2024-07-08,0.11962522148903175,0.35798423907217997,0.33416337489906045,0.2526476160085124,0.4734864447919479,0.20913348530869913,0.5720041499449721,True,False,0.18845861149155632,0.19522914248758838
1418,2024-06-11,2024-07-09,0.02299093029781311,0.3739934142850042,0.06147415815266928,0.26225022585880337,0.08766791419349063,0.23401262491068903,0.09824653822240405,True,False,0.1803892121891727,0.18313652412346118
1419,2024-06-12,2024-07-10,-0.028221363060017147,0.3669905980957244,-0.07689941705987792,0.2720199852830456,-0.10374738837902628,0.2515032218857045,-0.11221074166931479,True,False,0.1838239188731612,0.1841003684784658
1420,2024-06-13,2024-07-11,-0.13035751698523323,0.4209912764046594,-0.30964422374380224,0.35141674036188264,-0.3709485121596467,0.3631338593771622,-0.358979240351806,True,False,0.16022584115889205,0.19421003458893402
1421,2024-06-14,2024-07-12,-0.009248180166921399,0.40069152987247725,-0.02308054819592691,0.33298522666143543,-0.027773544969682804,0.32602274425958494,-0.028366671742256846,True,False,0.16832787527063212,0.19471978212528715
1422,2024-06-17,2024-07-15,0.006565216458911221,0.4075418327996013,0.016109306899396277,0.33388824534881856,0.019662915812003,0.3392318539542658,0.019353183913549354,True,False,0.16550020688911968,0.19679572945174661
1423,2024-06-18,2024-07-16,0.005411815942273877,0.40775043198445016,0.01327237328955242,0.33297844702066376,0.016252751463934945,0.3391009601351466,0.015959305866067235,True,False,0.16541666808580652,0.19738511108289383
1424,2024-06-19,2024-07-17,-0.14650874792332724,0.32893999525680806,-0.44539657699254787,0.20800514473839404,-0.7043515587443272,0.2372187488526851,-0.6176103222528606,True,False,0.20505424737680902,0.1960109265853822
1425,2024-06-20,2024-07-18,0.01737731537852,0.26995925940852133,0.06437014020779863,0.17246155373113725,0.10076051735919503,0.24348314980613547,0.07136968366129669,True,False,0.24991154166400112,0.2050179993775909
1426,2024-06-21,2024-07-19,0.02333129960291983,0.275892313459039,0.08456668948257512,0.20267354375074711,0.11511763780877701,0.25642591002904186,0.0909865138054006,True,False,0.24454223541583298,0.21268544219968513
1427,2024-06-24,2024-07-22,-0.05468313710767661,0.21944539871495083,-0.24918789561273696,0.12280769571446884,-0.4452745146755001,0.1762725134524729,-0.3102193078016127,True,False,0.307516011700784,0.21362293589563003
1428,2024-06-25,2024-07-23,-0.06125778029001434,0.2185585727359379,-0.280280839699781,0.1077805744250621,-0.5683564094623171,0.16347987160242541,-0.37471145340137096,True,False,0.30878800122155353,0.20618650080260403
1429,2024-06-26,2024-07-24,0.005323385954115272,0.1479081972068006,0.03599114893322836,0.04637593808974511,0.1147876716545041,0.07864897915327887,0.06768537890034826,True,False,0.4565824592902941,0.2042601725540341
1430,2024-06-27,2024-07-25,0.02479434374383964,0.14909594825878048,0.1662979043589098,0.0450912079282688,0.5498709145978643,0.07909337215088774,0.3134819400105872,True,False,0.4529067013739198,0.19457664660833246
1431,2024-06-28,2024-07-26,-0.022543952387777334,0.131347876342608,-0.17163545399830946,0.046316554433675106,-0.4867363875277051,0.09150702173233974,-0.24636308734556941,True,False,0.5142940382102942,0.19616294366799517
1432,2024-07-01,2024-07-29,-0.022062261395347442,0.13135622689711438,-0.1679574841368415,0.042681693581969875,-0.5169022019470018,0.07907370672675926,-0.2790088173251321,True,False,0.5142956769921186,0.21386989584788874
1433,2024-07-02,2024-07-30,-0.005204687876273206,0.1298091014136599,-0.04009493802508916,0.05024736758847731,-0.10358130437596778,0.0794523122768634,-0.06550706615229393,True,False,0.5204417391200845,0.21039267894341854
1434,2024-07-03,2024-07-31,0.04944536053560464,0.12385100961639979,0.39923259962716773,0.07326163389782746,0.6749147938000182,0.10373168622611424,0.476665928555559,True,False,0.545511661709678,0.23734748884824566
1435,2024-07-04,2024-08-01,0.05563656999356998,0.11539437915551319,0.48214280800098946,0.07660284505309094,0.7262990030593522,0.0934299581064958,0.5954896172612304,True,False,0.5856732645014351,0.2238855465662884
1436,2024-07-05,2024-08-02,-0.05498578742642904,0.08973024280834126,-0.6127899101295823,0.046333415125075474,-1.1867415185778294,0.12548733148896035,-0.4381779959299427,True,False,0.7541000454810272,0.23505707159592296
1437,2024-07-08,2024-08-05,-0.06045329549049633,0.0397780901655863,-1.519763649759058,0.014871696051526785,-4.064989983727509,0.022095044733559426,-2.73605671405027,True,False,1.7245894655926557,0.22984474907106042
1438,2024-07-09,2024-08-06,-0.0702841099564742,0.03222983180062988,-2.1807160022194285,0.012190946306577266,-5.765271061734927,0.0201124528632199,-3.494556851641122,True,False,2.1484720583984562,0.22897267436965757
1439,2024-07-10,2024-08-07,-0.06995455575621264,0.03222981077285702,-2.170492288931658,0.012186842495473273,-5.740170662105203,0.020556993253825828,-3.402956594500682,True,False,2.1484720583984562,0.22950092698787897
1440,2024-07-11,2024-08-08,-0.06797851000644627,0.031414636577287595,-2.163912029961025,0.011945343832600468,-5.690795590238571,0.018940541628841196,-3.589047839209299,True,False,2.2077220123240457,0.22704342681037354
1441,2024-07-12,2024-08-09,-0.06054390676566464,0.030907758215971422,-1.9588579133629591,0.014754340992027205,-4.103463977034333,0.021132834770719686,-2.864921219634501,True,False,2.246786944639041,0.2337561449022703
1442,2024-07-15,2024-08-12,-0.06171921545658869,0.03093006656039821,-1.9954439909163288,0.015004207522411883,-4.113460531947342,0.020966557656768768,-2.9436980770500245,True,False,2.2449636166853457,0.23012999886284416
1443,2024-07-16,2024-08-13,-0.05954406597434274,0.030653199800281333,-1.9425073519990643,0.016131156721268997,-3.691245891612574,0.0213113759381294,-2.7940038290915346,True,False,2.2667310149294964,0.23201751088385172
1444,2024-07-17,2024-08-14,-0.054673768990043774,0.030510169288046323,-1.7919851074528317,0.019111891839953626,-2.860719883091199,0.023467787433059436,-2.329736842299159,True,False,2.2783664006214943,0.2549484632903996
1445,2024-07-18,2024-08-15,-0.05433107847516553,0.03052222333305566,-1.7800498306532213,0.019724035159313695,-2.7545620374495416,0.024015917707572634,-2.262294497204827,True,False,2.277483966591414,0.2539376640903424
1446,2024-07-19,2024-08-16,-0.05557795887107582,0.030584323909962904,-1.8172041021633043,0.018437923832061894,-3.0143284773978043,0.022746572779435186,-2.4433552874094056,True,False,2.2724227618014607,0.2508752462972756
1447,2024-07-22,2024-08-19,-0.05644458006413589,0.030593677205672055,-1.8449753419530455,0.016771835280671558,-3.3654384937338717,0.022924801882224632,-2.462162175015424,True,False,2.2713026970855665,0.25582612525763415
1448,2024-07-23,2024-08-20,-0.05578216988068937,0.030623428322296364,-1.8215520905631386,0.016873618976951388,-3.30588061499346,0.02374064754504162,-2.349648204618573,True,False,2.268814260268003,0.25476256225263216
1449,2024-07-24,2024-08-21,-0.055349517725468346,0.030621325370954553,-1.8075480749102188,0.016983159934596016,-3.259082405078049,0.02406725369713079,-2.299785360723019,True,False,2.268934913469503,0.2525959124532163
1450,2024-07-25,2024-08-22,-0.05504466365627589,0.03093579539989118,-1.779319488790953,0.017759230755058867,-3.0994959418834034,0.023771305225673067,-2.315592818051384,True,False,2.2446725177433295,0.2701382099397862
1451,2024-07-26,2024-08-23,-0.04964530943866173,0.03085293937236119,-1.6090949662687635,0.020777326313841327,-2.3893983609233342,0.02686743668066696,-1.8477873430473208,True,False,2.2508909968508255,0.3095637187903993
1452,2024-07-29,2024-08-26,-0.04694143301060712,0.030986880493125486,-1.5148808871232193,0.022813540143569257,-2.057612834974194,0.028529933467103634,-1.6453397294015009,True,False,2.2406938943392927,0.3124471172767087
1453,2024-07-30,2024-08-27,-0.04831012054256677,0.030968685754849807,-1.5599667652994034,0.02151492096308317,-2.2454240303954967,0.028006844932717267,-1.724939765925988,True,False,2.2417780468472106,0.2993093155188426
1454,2024-07-31,2024-08-28,-0.048655863600469425,0.03090918511758445,-1.5741554950534353,0.02136999571318222,-2.2768307609184846,0.028067872846854247,-1.733507340080551,True,False,2.246204080981092,0.2967405994717499
1455,2024-08-01,2024-08-29,-0.054231672536823684,0.030903158006117842,-1.7548909572959352,0.02024141628180261,-2.6792429828924034,0.024734794941524006,-2.1925256572788983,True,False,2.2471355550924903,0.29003513815444076
1456,2024-08-02,2024-08-30,-0.05721051108343777,0.03107635682811922,-1.840965831350966,0.02004556807062813,-2.8540229382307083,0.02427930208583129,-2.356349077959049,True,False,2.233599726552892,0.28638394613988866
1457,2024-08-05,2024-09-02,-0.048070136834497026,0.03199562510029737,-1.5023971772331544,0.020364483466042582,-2.3604888832389554,0.02787408206564304,-1.7245460037497409,True,False,2.166421788478874,0.28007048337075136
1458,2024-08-06,2024-09-03,-0.01179871666464352,0.046635349321859,-0.252999427177298,0.044889099701366966,-0.2628414635877454,0.11125728569866208,-0.1060489350477243,True,False,1.4646861595011549,0.2932316981318409
1459,2024-08-07,2024-09-04,0.0903721585067043,0.07089545105274675,1.2747243605159764,0.03728540331525245,2.423794581021348,0.051370218917207035,1.7592324971858961,True,False,0.9560421355785597,0.2951737428840298
1460,2024-08-08,2024-09-05,0.0889526407168721,0.07047914183754096,1.262112993967971,0.03664397178922699,2.4274836043570858,0.049283052000573035,1.8049336862464973,True,False,0.9617734910239162,0.2951289473640612
1461,2024-08-09,2024-09-06,0.10495286237841021,0.07402353778246665,1.4178309430013427,0.048969795567998874,2.143216265476827,0.0498390965889676,2.1058339649287023,True,False,0.9151378656731581,0.29533283417057193
1462,2024-08-12,2024-09-09,0.05427782870843234,0.07569029715904499,0.717104183041857,0.05842226819802768,0.9290606199069955,0.06628554053790577,0.8188487001534408,True,False,0.8952121844473756,0.2850402097721964
1463,2024-08-13,2024-09-10,0.049053983846332985,0.0757280982340154,0.6477646341354841,0.05769818612732656,0.8501824258059375,0.06619561950613144,0.7410457702837769,True,False,0.8947842773732578,0.2850123386274484
1464,2024-08-14,2024-09-11,0.052592328583839894,0.07844348045401961,0.6704486883988706,0.06152973198969075,0.854746589708073,0.07311255750848106,0.7193337283781815,True,False,0.8635240270683107,0.2856459398938764
1465,2024-08-15,2024-09-12,0.033599455592585405,0.08060926431713729,0.4168187847540281,0.05726320792666175,0.586754686108696,0.07869987213774217,0.4269315143711915,True,False,0.8401943183213897,0.2720593879354255
1466,2024-08-16,2024-09-13,0.05234917499090608,0.08107370731431668,0.645698546730474,0.06318181676453918,0.8285481119670346,0.08324385914723596,0.6288653064283636,True,False,0.8352019971160426,0.3043700355260392
1467,2024-08-19,2024-09-16,0.04863664257034421,0.08109169889692554,0.5997733828732029,0.0626615717551035,0.7761797415556045,0.0858371737305088,0.5666151441919792,True,False,0.8350253155673021,0.30396629181500756
1468,2024-08-20,2024-09-17,0.045996986323580166,0.08107091902808472,0.5673672739252631,0.06080237869479148,0.7564997835770595,0.08265044591993335,0.5565243576318899,True,False,0.8353214680993268,0.2914418893785797
1469,2024-08-21,2024-09-18,0.05058254750898222,0.08174094389845198,0.6188153096423953,0.06491820732216254,0.7791735107219105,0.08155750861145442,0.6202071197387964,True,False,0.8284118947890808,0.29097772584110454
1470,2024-08-22,2024-09-19,0.05524088337828883,0.07926182040622295,0.6969418957976871,0.06128523250625444,0.901373481330127,0.0733312215098386,0.7533064667534188,True,False,0.8544989736491987,0.2936964237858199
1471,2024-08-23,2024-09-20,0.03805472209554745,0.0803648317343632,0.4735245663343513,0.04730453538537197,0.8044624428826997,0.0804383408744378,0.4730918325994553,True,False,0.8426857889358499,0.2773353505114708
1472,2024-08-26,2024-09-23,-0.00032385637600724506,0.08222383393887377,-0.0039387165556887555,0.03476766909697037,-0.009314871672989595,0.0883082474317542,-0.0036673400891295642,True,False,0.8236002542187155,0.22578244458117774
1473,2024-08-27,2024-09-24,0.0013591079554028428,0.08212299366971343,0.016549664042557612,0.03713126445253773,0.03660279216023183,0.09486577106155802,0.01432664216180695,True,False,0.8245913355091016,0.22734399721972037
1474,2024-08-28,2024-09-25,0.006478504123092749,0.08247281681654295,0.0785532054459094,0.03620517948391924,0.17893859982023338,0.0899528466955464,0.0720211128506009,True,False,0.821074343313694,0.23300577853167767
1475,2024-08-29,2024-09-26,0.007663964643591274,0.08467915004937666,0.09050592311238827,0.03801705023563944,0.20159282732584596,0.1053914243370954,0.07271905367820075,True,False,0.7994862742777381,0.24091583960998483
1476,2024-08-30,2024-09-27,0.028281805755682034,0.08431608355860631,0.33542598946764357,0.04396630660644996,0.6432608954133305,0.08930057413388659,0.3167035154027082,True,False,0.8028659186564427,0.23079946661544248
1477,2024-09-02,2024-09-30,0.030172468877977095,0.08464864946570452,0.35644359441554346,0.04596085819734502,0.6564818426240796,0.08809189575237726,0.342511290287028,True,False,0.7996969456195739,0.23305828137699253
1478,2024-09-03,2024-10-01,0.050499749663724953,0.08062781810275275,0.6263315919000518,0.048514662128557755,1.0409172701214937,0.0692591464721218,0.7291419579369509,True,False,0.8398933279295373,0.24671138555316385
1479,2024-09-04,2024-10-02,0.017844630908631774,0.10722846550492388,0.16641691946820183,0.082453889737561,0.21641951599164932,0.10577509771503128,0.16870351617832582,True,False,0.6304257035150977,0.2296757900707734
1480,2024-09-05,2024-10-03,0.06492624265970622,0.10377365838102993,0.6256524408276511,0.09292210074094713,0.6987169052571339,0.1074149081224797,0.6044434966669073,True,False,0.6515312871992445,0.2501139312382529
1481,2024-09-06,2024-10-04,0.05650142730177229,0.10430940620318313,0.5416714499525938,0.08380208454677397,0.674224604403917,0.10684320828154657,0.5288256334729602,True,False,0.6481916367396444,0.250855861109364
1482,2024-09-09,2024-10-07,0.0635625059169625,0.09695765469708237,0.6555697548125121,0.06102357463141275,1.0416057450073204,0.09020007370412363,0.7046835252647543,True,False,0.697588614355905,0.2536390127022148
1483,2024-09-10,2024-10-08,0.10959222343413116,0.10677177653800919,1.0264156595270093,0.05379771988336981,2.037116511103453,0.07344685372651513,1.4921295858663466,True,False,0.6330501932019179,0.25430405810338796
1484,2024-09-11,2024-10-09,0.10800744662616052,0.10644411022041722,1.0146869225784878,0.061272970874959705,1.7627258003626471,0.07268070659377332,1.4860538881361633,True,False,0.6350101149385068,0.25186401790018104
1485,2024-09-12,2024-10-10,0.10140093451682383,0.11016524860237357,0.9204439313055668,0.0669064623387896,1.515562637333401,0.0780851696406259,1.2985940221876304,True,False,0.6134980447011378,0.25104058985403344
1486,2024-09-13,2024-10-11,0.09241858176827954,0.11053292539944418,0.8361181198660672,0.06023186527692826,1.5343802046203665,0.07648586237214543,1.2083093385103347,True,False,0.6114669695709503,0.2438600915798195
1487,2024-09-16,2024-10-14,0.06335879441641433,0.10985196389403913,0.5767652408793427,0.047774007511304804,1.326218957064083,0.06663308950544622,0.9508608243541782,True,False,0.6152685938969006,0.1906030120761573
1488,2024-09-17,2024-10-15,0.0850486171546694,0.10909376081850598,0.779591944732391,0.053602124454927645,1.586665043960788,0.07512268923509742,1.1321295605979793,True,False,0.6194101890771176,0.20287485664153473
1489,2024-09-18,2024-10-16,0.06092001835806304,0.10697768751931078,0.5694647152198559,0.04444778813442528,1.370597298876158,0.07377473205199656,0.8257572296586114,True,False,0.6316824751161054,0.21032388929015156
1490,2024-09-19,2024-10-17,0.06339603736574712,0.106989329054067,0.5925454241675818,0.046668103218183585,1.3584446976419158,0.0768760737464523,0.824652382415312,True,False,0.6315370260314451,0.20875400613660944
1491,2024-09-20,2024-10-18,0.05336006436660458,0.1112411229014661,0.47967930361390954,0.03869906331747612,1.3788464058898215,0.0770254982864509,0.6927584443292181,True,False,0.6073032168037624,0.20501525705798804
1492,2024-09-23,2024-10-21,0.058450445063747344,0.11124137639587262,0.525437988610828,0.041417199388444605,1.4112601993087686,0.0812714901898627,0.7191998685787367,True,False,0.6071684924746852,0.21844459209477007
1493,2024-09-24,2024-10-22,0.05945867680115547,0.11134960859084042,0.5339819111501262,0.04199037999550285,1.4160071141895707,0.08109229257272875,0.7332222941881823,True,False,0.6066035462226622,0.22065253760550502
1494,2024-09-25,2024-10-23,0.047921296622479494,0.11065158615955989,0.4330827806966712,0.03959739738273153,1.2102132915275392,0.07597773219226556,0.630728178372213,True,False,0.6102868799319812,0.20530714565726899
1495,2024-09-26,2024-10-24,0.054977768070230276,0.11052374284190163,0.4974294812732959,0.042437239412773775,1.2955076444883395,0.07545430075918252,0.7286233855071498,True,False,0.6111529921362429,0.21216870928253964
1496,2024-09-27,2024-10-25,0.04113995783927263,0.108753074045487,0.3782877697973434,0.03751949401317865,1.0964955397538756,0.0695712939766848,0.5913352402653274,True,False,0.6210237550194668,0.18946913884687017
1497,2024-09-30,2024-10-28,0.05596542614516257,0.11123488210308016,0.5031283810172066,0.045396513205083984,1.2328133196559017,0.08074803151956866,0.6930871885291691,True,False,0.6069975457156132,0.18781616253282116
1498,2024-10-01,2024-10-29,0.05895793314250921,0.11085664726225689,0.5318394033966286,0.04562893029336951,1.2921173642126031,0.08068052155165296,0.7307579575419997,True,False,0.6091164959078597,0.1890832582866956
1499,2024-10-02,2024-10-30,0.03351343836768875,0.12113349883585939,0.27666532123455595,0.04803074421973583,0.6977497207698498,0.08856969210281254,0.3783849483047319,True,False,0.5573979609012475,0.1873883642050909
1500,2024-10-03,2024-10-31,-0.01747831349553079,0.10778594376867544,-0.1621576328453535,0.05238450004563885,-0.33365429621936243,0.06783622614651595,-0.25765456730715364,True,False,0.6267405032659715,0.18348053407615558
1501,2024-10-04,2024-11-01,-0.03833249927537639,0.10799560380445554,-0.3549449970647316,0.043151447422462436,-0.888324762321239,0.05544524972625573,-0.6913576810390717,True,False,0.6256331441408386,0.16920053630762466
1502,2024-10-07,2024-11-04,-0.03775618602009486,0.11123445433349453,-0.3394288779167036,0.041486823160119354,-0.9100765771911237,0.057377677188802746,-0.6580291826010514,True,False,0.6074347662553724,0.17975318816029226
1503,2024-10-08,2024-11-05,-0.03288201291195911,0.13292438043591015,-0.2473738286695514,0.06848581412473978,-0.48012881692649434,0.09605654363726503,-0.34231934303331074,True,False,0.5080036058265833,0.18074344638102308
1504,2024-10-09,2024-11-06,-0.2280355588437797,0.1019212048038719,-2.237371107244965,0.10731576030291413,-2.1249027934025406,0.21654914976070555,-1.0530429655150668,True,False,0.662064481294656,0.25657460334803966
1505,2024-10-10,2024-11-07,-0.18696793375668452,0.10124751853710094,-1.8466421346235005,0.10590383409359551,-1.7654500930669452,0.2588020378497335,-0.7224360955969075,True,False,0.6671136043561325,0.31690474557307047
1506,2024-10-11,2024-11-08,-0.18855129325282174,0.10138215346902896,-1.8598075381227912,0.09977204839289797,-1.8898208094346725,0.2479014072384813,-0.7605898463958104,True,False,0.6660482308355128,0.3401599569698318
1507,2024-10-14,2024-11-11,-0.19206163913434723,0.10130260582802926,-1.8959200265824356,0.09661253204481135,-1.9879578256500323,0.24614124811065255,-0.7802903438923252,True,False,0.6665204792109836,0.3381827055461639
1508,2024-10-15,2024-11-12,-0.1968741317664824,0.10157989537196511,-1.9381210331588647,0.08289724976858912,-2.374917531233716,0.23052755166955266,-0.8540156278095974,True,False,0.6642108673536273,0.38425077236282634
1509,2024-10-16,2024-11-13,-0.22203724974892242,0.10339356880669608,-2.1474957515398447,0.07545900730574763,-2.942488348001499,0.22076454015954147,-1.0057650091290078,True,False,0.6524834528933596,0.3785983594756293
1510,2024-10-17,2024-11-14,-0.21670312887820584,0.10382149728284516,-2.08726645781107,0.08188048441114527,-2.646578491036736,0.2416878221373848,-0.8966241118885308,True,False,0.6499908652937485,0.3762471809582062
1511,2024-10-18,2024-11-15,-0.22279094897190646,0.09845806895268984,-2.262800310241306,0.07420079105215054,-3.002541425944129,0.21268992434784528,-1.0474917871875369,True,False,0.6855986307981113,0.37886246588801636
1512,2024-10-21,2024-11-18,-0.23120148829890855,0.0993508077635402,-2.327122380818276,0.067569637883323,-3.4216771843315126,0.21672786354452797,-1.0667824824997958,True,False,0.6793868692632138,0.381360525280741
1513,2024-10-22,2024-11-19,-0.24871633678383023,0.09864730158787176,-2.5212685271708315,0.06739484227707936,-3.6904357719435956,0.2123676293401954,-1.171159359628238,True,False,0.6843086848097075,0.3768751120050953
1514,2024-10-23,2024-11-20,-0.2326431992613883,0.09770805032944549,-2.381003392013017,0.06575190016599768,-3.5381973551191033,0.21430847422746105,-1.0855529633161742,True,False,0.6909152944222163,0.381448287132558
1515,2024-10-24,2024-11-21,-0.24650446135839157,0.0991862822145222,-2.485267678702247,0.06260905683766815,-3.9372013221270006,0.20942631293342304,-1.1770462742031644,True,False,0.6804746272008424,0.38073336210390263
1516,2024-10-25,2024-11-22,-0.2513002164060104,0.09649372076706852,-2.604316782567,0.0532633597560257,-4.718069185967578,0.17527806922074424,-1.4337230979508584,True,False,0.6992598699863972,0.3790278976511412
1517,2024-10-28,2024-11-25,-0.2484216559355158,0.0989495755148469,-2.510588394573167,0.06327683767962435,-3.9259492895851458,0.1930031319544829,-1.287137951699678,True,False,0.6820542030669359,0.39362463812498255
1518,2024-10-29,2024-11-26,-0.2506034158638593,0.09895453338735626,-2.532510712600457,0.060281549601022034,-4.157215889812004,0.18867109995845202,-1.3282554451585094,True,False,0.6819281496169637,0.3972445902436589
1519,2024-10-30,2024-11-27,-0.258619991386101,0.09893698885869802,-2.6139868856880466,0.06436044835909821,-4.018306242105934,0.19499640676302085,-1.3262808052683857,True,False,0.6821706788128065,0.41681177581572704
1520,2024-10-31,2024-11-28,-0.2592281428281586,0.101070264218893,-2.5648309602390578,0.06763052440296226,-3.833005068593025,0.20368781745393294,-1.2726737714040601,True,False,0.6677158798631484,0.41639961579469026
1521,2024-11-01,2024-11-29,-0.30786446876411444,0.11819870218754873,-2.60463493309443,0.08905611823983421,-3.456971568590205,0.27998191545362877,-1.0995869796279882,True,False,0.5705450766695651,0.4200613335306614
1522,2024-11-04,2024-12-02,-0.3109868015003798,0.11958363103480764,-2.6005800192658453,0.08098940162875995,-3.8398456495071325,0.28591895779316345,-1.0876746470422947,True,False,0.5638043197524324,0.4271608888725434
1523,2024-11-05,2024-12-03,-0.30811907687917706,0.11985869840861044,-2.5706859908387116,0.07813664346676387,-3.943336483480229,0.28981597326948005,-1.0631542264672837,True,False,0.5625136621432547,0.42602485794969547
1524,2024-11-06,2024-12-04,-0.33747859347719367,0.12205874466482922,-2.7648866486698918,0.08406183387419444,-4.014647051148784,0.29302076189503756,-1.1517224625812736,True,False,0.5522470811230795,0.4287018128716277
1525,2024-11-07,2024-12-05,-0.06857828223240611,0.19598414935506348,-0.349917493114013,0.14976817066889778,-0.45789624007638163,0.24854420629498297,-0.2759198585020101,True,False,0.3443882113919557,0.389154817640603
1526,2024-11-08,2024-12-06,-0.2514578549284152,0.20068444643999997,-1.2530012135424522,0.09380008251189409,-2.6807850078013495,0.13496732332018196,-1.8631017400551364,True,False,0.3360948334601498,0.3483319490494595
1527,2024-11-11,2024-12-09,-0.2318207661952469,0.18100845523301093,-1.2807178863375506,0.07195981628183422,-3.221530823359933,0.1175155956151773,-1.972680859776087,True,False,0.37276837430860227,0.32375238249996235
1528,2024-11-12,2024-12-10,-0.23023670838924262,0.18102548459157525,-1.271846938615833,0.07115780037141507,-3.2355793347672313,0.11494448096894931,-2.0030253427429714,True,False,0.37270928301570594,0.3279399288434909
1529,2024-11-13,2024-12-11,-0.1822739956503534,0.17910589852858402,-1.0176884019331378,0.05762587011348824,-3.163058454325869,0.12266292534355132,-1.4859746344695828,True,False,0.37682299770134176,0.2566624077194945
1530,2024-11-14,2024-12-12,-0.16330476190536422,0.18138900560044807,-0.9003013240233608,0.05894718986954225,-2.7703570308742242,0.13180743338927542,-1.2389647359497982,True,False,0.3720936940647198,0.2553879796746851
1531,2024-11-15,2024-12-13,-0.170154996764835,0.18203253322403012,-0.9347504742760611,0.05608043810363261,-3.0341238855944885,0.1276893178267281,-1.3325703329054668,True,False,0.37076853538403975,0.262486361618808
1532,2024-11-18,2024-12-16,-0.16393982232633286,0.20722450524921324,-0.7911217938688035,0.07656902978026019,-2.1410722167541065,0.1696634196082495,-0.966264989264437,True,False,0.3256543754999881,0.2616307234142421
1533,2024-11-19,2024-12-17,-0.1402645720863637,0.1948907062076933,-0.7197088810221919,0.07143643387232351,-1.9634878798269093,0.15896675943383515,-0.8823515846075001,True,False,0.34628615568749604,0.25833820173642724
1534,2024-11-20,2024-12-18,-0.06417261748072346,0.05267644194831591,-1.218241306876557,0.012882063890298213,-4.98154783481965,0.051869681206773696,-1.2371893558571383,True,False,1.292540035352905,0.254796810842334
1535,2024-11-21,2024-12-19,-0.10492099785219008,0.050010220101135136,-2.0979911234145634,0.02269010482280941,-4.624086079440119,0.2715918446440437,-0.386318661334263,True,False,1.3617383677926402,0.29263066800705395
1536,2024-11-22,2024-12-20,-0.05791831392916361,0.045383219944860984,-1.2762054785784773,0.02266811804699721,-2.5550561281304036,0.05840558474438015,-0.9916571194801124,True,False,1.5054851572455563,0.32320782462283854
1537,2024-11-25,2024-12-23,-0.058333191973425326,0.04540206835585519,-1.2848135357230372,0.020678229695027448,-2.8209954543377993,0.058636363240001446,-0.9948296372792558,True,False,1.504827772277642,0.32453496748244665
1538,2024-11-26,2024-12-24,-0.06145269076926756,0.044720500310674684,-1.3741503413949718,0.0207419623774963,-2.962723085253485,0.05636405738297962,-1.0902815308648195,True,False,1.5281631393816888,0.3110017443902665
1539,2024-11-27,2024-12-25,-0.059837785127156304,0.044752282811229664,-1.337089001237301,0.019961016086275974,-2.997732423466021,0.05593804835256121,-1.0697152812700257,True,False,1.5272123857148734,0.3038137836188084
1540,2024-11-28,2024-12-26,-0.06018119901162755,0.044725842531922036,-1.3455576374816105,0.02103777205513983,-2.860626061252737,0.05769509486459637,-1.0430903901426243,True,False,1.5279619305579197,0.28046252288807916
1541,2024-11-29,2024-12-27,-0.06001304708740709,0.04458669366177741,-1.3459855880467348,0.021395178172378706,-2.804980010163424,0.058685101442461925,-1.0226283266502854,True,False,1.5328469217340548,0.2802507227071452
1542,2024-12-02,2024-12-30,-0.058553878854708814,0.0444260716014551,-1.318007123834712,0.022933689580127873,-2.5531818005178706,0.06332251463297917,-0.9246928867890097,True,False,1.5383407323661848,0.2782692604673181
1543,2024-12-03,2024-12-31,-0.0579125946787078,0.04443570737809503,-1.3032895861416245,0.022709012358300844,-2.550203142477879,0.06314895974861233,-0.9170791555276634,True,False,1.5380663325372672,0.27390876134592596
1544,2024-12-04,2025-01-01,-0.05826693675360571,0.0444348256224359,-1.3112898708931975,0.023075379045513055,-2.52506954007915,0.06411464101053195,-0.908792996969824,True,False,1.5380013051688928,0.2701983038524167
1545,2024-12-05,2025-01-02,-0.05820202957646255,0.04441390664684491,-1.3104460735519903,0.02399780322315021,-2.425306559740276,0.06712546723662925,-0.8670633065582993,True,False,1.5385353249437907,0.2645513472796208
1546,2024-12-06,2025-01-03,-0.056571516087513644,0.04399656578364968,-1.2858166331822463,0.02454184684327958,-2.3051042755164497,0.06922597758561697,-0.8172006818906588,True,False,1.5532976326804808,0.25278596348942556
1547,2024-12-09,2025-01-06,-0.053536859377979716,0.044099333195744286,-1.214006097106842,0.022722559580833336,-2.3561104191421505,0.06265268106773557,-0.8545022888980524,True,False,1.5503529443934043,0.3086932414826806
1548,2024-12-10,2025-01-07,-0.05200109941075578,0.04399007001119024,-1.182109948848176,0.023329635847702812,-2.2289717572199543,0.06485101870996315,-0.8018547810840599,True,False,1.5542816671227169,0.30704581098132855
1549,2024-12-11,2025-01-08,-0.052473842613490744,0.043982975858034165,-1.193048937453958,0.023361362668232112,-2.2461807283548216,0.06520123540221083,-0.8047982877899806,True,False,1.5544780956357205,0.31015135344123546
1550,2024-12-12,2025-01-09,-0.05363839992743821,0.04404036179538659,-1.217937313427272,0.024064902944000127,-2.22890572433459,0.06714675925039694,-0.7988233613392314,True,False,1.5522255220029293,0.30823939392834176
1551,2024-12-13,2025-01-10,-0.049276349241493655,0.04387933287626162,-1.122996773457141,0.026776918923877954,-1.8402546380178244,0.0751435452689281,-0.6557629010601055,True,False,1.557921179081001,0.3180711398579546
1552,2024-12-16,2025-01-13,-0.04884555125305756,0.04385825504696772,-1.1137139678892596,0.02614940355155055,-1.867941314866481,0.07376025912181555,-0.6622204400392467,True,False,1.5588150680305708,0.31575606674502626
1553,2024-12-17,2025-01-14,-0.04375853166914456,0.043862754120584636,-0.9976238963209297,0.02694366242626952,-1.6240751155819444,0.07432864529826046,-0.5887169272836008,True,False,1.55906015613833,0.3418742517790608
1554,2024-12-18,2025-01-15,-0.040449492197791204,0.04325191368871701,-0.9352069942825012,0.028247735207549567,-1.4319552311216994,0.0721301222902143,-0.5607850217561446,True,False,1.5819089431520776,0.3439542293981094
1555,2024-12-19,2025-01-16,0.013596063640632192,0.07536874879741756,0.1803939146870652,0.04797400871080163,0.283404785341004,0.15579028208787654,0.08727157726669413,True,False,0.8988297300992322,0.34470723822615085
1556,2024-12-20,2025-01-17,0.10598954992829056,0.08109489945607459,1.3069817046348304,0.030420708635424194,3.484124949175847,0.07204250217989869,1.4712086160419866,True,False,0.8347059694138759,0.3039238366917729
1557,2024-12-23,2025-01-20,0.04425852611174043,0.11537174340168498,0.3836166881664202,0.07274249004690715,0.608427427810085,0.07022740283392025,0.6302173272220641,True,False,0.5856789247639693,0.2700886228522057
1558,2024-12-24,2025-01-21,0.12622662759892667,0.11902352385288092,1.0605183203527828,0.06811844414419817,1.8530462517863853,0.09960142224630136,1.2673175216994856,True,False,0.5676197846960236,0.32550874150247106
1559,2024-12-25,2025-01-22,0.1897731759394536,0.13526422657732246,1.4029812666763863,0.06753610762954093,2.8099513371487967,0.132380938667487,1.4335385279003328,True,False,0.49914791016722226,0.32573931042043197
1560,2024-12-26,2025-01-23,0.1907130685669761,0.13522336638921412,1.410355870138935,0.06778697109006485,2.8134177630327524,0.13363738667678637,1.4270936697395333,True,False,0.4992946765368164,0.32642296551360406
1561,2024-12-27,2025-01-24,0.2027684284791438,0.13570751925115457,1.494157653150223,0.07319331937786437,2.7703133319086284,0.14567747831776867,1.3918996321232422,True,False,0.49744083254667526,0.35058632532514866
1562,2024-12-30,2025-01-27,0.23205622791814232,0.11621165550533166,1.9968412540814018,0.07096076735072618,3.270204601525741,0.11420779221778031,2.0318773650368747,True,False,0.5809655129643119,0.3682032742169194
1563,2024-12-31,2025-01-28,0.18039072905335432,0.11575085348409718,1.5584397317479641,0.05636516771020327,3.200393725089544,0.10617222714044425,1.6990387591166765,True,False,0.583518967865789,0.3637280040477975
1564,2025-01-01,2025-01-29,0.18129986595225478,0.11567022948785824,1.5673857202063008,0.05733136448943095,3.1623155591504797,0.112151574051409,1.6165610468306846,True,False,0.5838924586092675,0.35397631758258863
1565,2025-01-02,2025-01-30,0.18438233699020737,0.11479581971507419,1.6061764047493061,0.05543847036959297,3.3258914930549355,0.11064132926637806,1.6664870009496342,True,False,0.5883168893647975,0.35543753628137653
1566,2025-01-03,2025-01-31,0.19171568310417184,0.11476820952422592,1.6704598241876676,0.057407698137602985,3.3395465995630107,0.10814544229834423,1.7727578622803146,True,False,0.5884485774273059,0.36112466807582505
1567,2025-01-06,2025-02-03,0.25685706342984727,0.11212956226639222,2.290716723031685,0.05585289792274764,4.598813543840043,0.11770704934942165,2.1821723070072805,True,False,0.6020077746215802,0.37871686859741327
1568,2025-01-07,2025-02-04,0.2990015744019151,0.10825088320184126,2.7621167195874605,0.08178443278972158,3.6559717320616145,0.12262304880491161,2.438379874876661,True,False,0.6232902974931811,0.3852476437092843
1569,2025-01-08,2025-02-05,0.3119450774160211,0.11031053397118579,2.827881129625429,0.07029587529501184,4.437601439727098,0.11303108449772918,2.759816724772628,True,False,0.6115395584973439,0.38531163937152835
1570,2025-01-09,2025-02-06,0.30983504872758116,0.11026150149538207,2.810002081647306,0.06914351503978164,4.481042778188496,0.11306059559136007,2.7404335445696018,True,False,0.6118110014789948,0.3781349857562164
1571,2025-01-10,2025-02-07,0.30691478808026407,0.10846287236626055,2.8296760115651867,0.06715008549601358,4.570579260073829,0.11132731342989405,2.756868720033714,True,False,0.6219837786364607,0.3786422381719277
1572,2025-01-13,2025-02-10,0.27287771741016276,0.11229600847246071,2.42998590174363,0.07259339299592954,3.758988334178891,0.10410418769885015,2.621198276860257,True,False,0.6009594675386944,0.3652947447604146
1573,2025-01-14,2025-02-11,0.271320904711221,0.11209487975534585,2.420457609690969,0.07366425915079745,3.6832095759736396,0.10973108128348512,2.472598479279322,True,False,0.6019952677332822,0.36369996097904117
1574,2025-01-15,2025-02-12,0.26206007337108184,0.11232665267681011,2.333017740011265,0.07720406312799906,3.39438188553113,0.10627362329196334,2.465899489011771,True,False,0.6008802705064064,0.34893535599338177
1575,2025-01-16,2025-02-13,0.3376116517277116,0.12454068143844005,2.7108543796959363,0.07588747919457986,4.4488452549867405,0.11375591017754001,2.9678603177698433,True,False,0.5414360665785763,0.35460809303925245
1576,2025-01-17,2025-02-14,0.3417024409751812,0.12508376823143086,2.731788830849427,0.07318193444911891,4.669218483323315,0.11244764173011057,3.0387692949160545,True,False,0.5389084216279484,0.3689966626627064
1577,2025-01-20,2025-02-17,0.3505795374497782,0.12479891368041598,2.8091553613001743,0.0768670573719747,4.5608554488206225,0.11801766956222043,2.970568210253874,True,False,0.5400613714101811,0.3684474538880437
1578,2025-01-21,2025-02-18,0.3519169093143302,0.1248494063956389,2.818731137568492,0.07819302695944169,4.500617548632151,0.11871898554932597,2.964285010404793,True,False,0.539863243544648,0.3705498359858064
1579,2025-01-22,2025-02-19,0.3095109436033197,0.12636337516581786,2.4493722425281064,0.07478852905305187,4.13848149605624,0.11082540020102424,2.7927798414614635,True,False,0.5338396466403227,0.33925797597074187
1580,2025-01-23,2025-02-20,0.2931659047989706,0.12601240537215097,2.326484475343258,0.07343152493245805,3.9923711930076777,0.11458296603631954,2.5585470069438188,True,False,0.5353589055468432,0.35384682883033547
1581,2025-01-24,2025-02-21,0.2312230742743455,0.11287712475477236,2.048449362762224,0.08695308274596718,2.6591705201512186,0.1228458407316763,1.8822214321394088,True,False,0.598095285592511,0.35394248860650807
1582,2025-01-27,2025-02-24,0.2183748520619401,0.11246703085092939,1.9416788227599548,0.09142704970994593,2.3885146983823553,0.1217523600830723,1.7935985135149886,True,False,0.6004220879952802,0.33090037584712917
1583,2025-01-28,2025-02-25,0.19354425201334605,0.1320513695882241,1.4656739465624267,0.1346364401499848,1.4375324525643878,0.1650222853250611,1.1728370603528022,True,False,0.5112732996734539,0.3126164869286666
1584,2025-01-29,2025-02-26,0.2565285626859275,0.13957215025939324,1.8379638216447345,0.14080064093425815,1.8219275209528654,0.17863674165422508,1.436034716656847,True,False,0.4834655170070892,0.31013370473988994
1585,2025-01-30,2025-02-27,0.30133866623882344,0.1287820469521301,2.3399120713684165,0.11519363951022213,2.6159314656612014,0.15988108373789325,1.8847674733856177,True,False,0.5238594902501431,0.3344675507187185
1586,2025-01-31,2025-02-28,0.22345901413733754,0.12356678582131594,1.8084067870833105,0.12091558031447736,1.848058071227588,0.16318610865359254,1.3693507123923816,True,False,0.5463740186779166,0.33641960306091123
1587,2025-02-03,2025-03-03,0.0716914833240106,0.10729122714746686,0.6681952031872461,0.1484981230345317,0.4827770335342184,0.19094688990286102,0.3754524797993917,True,False,0.630009254840302,0.34145338453488394
1588,2025-02-04,2025-03-04,0.02676844964742904,0.11329279050249322,0.23627672624799503,0.12070769100177946,0.22176258550943886,0.1997416720542657,0.1340153477845955,True,False,0.5965139869829815,0.32500256812421247
1589,2025-02-05,2025-03-05,0.08122529383720006,0.11218324069541807,0.7240412501340547,0.10082136194088498,0.8056357529153915,0.23827077959714157,0.3408949010639594,True,False,0.6022827671646953,0.37702786745082606
1590,2025-02-06,2025-03-06,0.021903149616878777,0.10602827332742427,0.20657838640114415,0.07799906601603646,0.2808129729704139,0.21215489621410694,0.10324131098428244,True,False,0.6373817288671606,0.3809534543552962
1591,2025-02-07,2025-03-07,0.026113403657875987,0.10146745196959134,0.2573574397601103,0.06794008098942586,0.3843593248283036,0.18865371694632146,0.13841976760683786,True,False,0.6660872039983353,0.37675669859632227
1592,2025-02-10,2025-03-10,0.03945508537161045,0.08512989880769102,0.4634691914851178,0.05546315865784855,0.7113746552916022,0.13220326096504095,0.29844260333369327,True,False,0.7947253247340694,0.3786359744791004
1593,2025-02-11,2025-03-11,0.05535295187592696,0.08465725517576793,0.6538477034366577,0.05404189909143848,1.024259931766465,0.12820621685247988,0.4317493584544241,True,False,0.7989824898874864,0.3749456791568024
1594,2025-02-12,2025-03-12,0.040100034343089314,0.07792120663719167,0.5146228616530385,0.0440456305922577,0.9104202574440622,0.10652976282706553,0.37642094827701317,True,False,0.8687436254715426,0.3748147610579261
1595,2025-02-13,2025-03-13,0.040960936402190805,0.07810180461778521,0.5244556973125721,0.04496522108497084,0.9109470700652592,0.10768533222657524,0.38037619010179563,True,False,0.8668073641795672,0.3774689884279149
1596,2025-02-14,2025-03-14,0.03324975118848893,0.07302454662653564,0.4553229389911288,0.03694801426786391,0.8999063101858872,0.09213893999784638,0.3608653538804125,True,False,0.9277712024888456,0.3748531334439516
1597,2025-02-17,2025-03-17,0.02960425283466612,0.07205375614635809,0.410863422227884,0.03636801960949095,0.8140188317249011,0.0897474574677364,0.32986174394197904,True,False,0.9405806916713386,0.35955810770520596
1598,2025-02-18,2025-03-18,0.032050079522137384,0.07171707219736277,0.4468960951715476,0.03678311073980252,0.8713259666604656,0.0892471149197078,0.35911614118811136,True,False,0.9450672583830486,0.3610404696256964
1599,2025-02-19,2025-03-19,0.011416993133145205,0.06985201757172363,0.1634454312135266,0.03844243225178227,0.2969893543251518,0.08724609959367996,0.13085963941443915,True,False,0.9707003348603875,0.3655723081909391
1600,2025-02-20,2025-03-20,0.012823725993800725,0.06984091760269688,0.18361336640436038,0.038561418169201236,0.3325532774114349,0.08686793414993395,0.1476232411797314,True,False,0.9707747705471188,0.3570985446842813
1601,2025-02-21,2025-03-21,0.009555583768271824,0.06965550061738682,0.13718347702014275,0.04016482414107155,0.23790926445263633,0.08781514157613582,0.10881476242894994,True,False,0.9736358134652565,0.3488368200723602
1602,2025-02-24,2025-03-24,0.009857784028125954,0.07082790170027314,0.1391793882281273,0.04065855909849531,0.24245286224348198,0.09114291698778301,0.10815743399399114,True,False,0.9573581762540984,0.3486534632950489
1603,2025-02-25,2025-03-25,0.009274371657671197,0.07110652833437013,0.1304292569883253,0.040393182466290575,0.22960240048951236,0.09180839637141715,0.10101877414513474,True,False,0.9535415568491129,0.34858732633828504
1604,2025-02-26,2025-03-26,0.011591546442827786,0.0705235930338509,0.16436409354900441,0.039365170596704004,0.29446198929462614,0.09013475289119488,0.12860240995856934,True,False,0.96150062607565,0.34861793755861864
1605,2025-02-27,2025-03-27,0.01269501056543147,0.07049465645844397,0.18008472135636375,0.039734664680832914,0.3194945941384841,0.09040798592396823,0.14041912819634966,True,False,0.9619319742386354,0.3499076829548369
1606,2025-02-28,2025-03-28,-0.01505031037023954,0.06851041495092915,-0.21967915945363028,0.04711663970790086,-0.3194266497684001,0.0783291355264998,-0.19214191844550382,True,False,0.9899562106919264,0.32512098597302835
1607,2025-03-03,2025-03-31,0.002704634331465087,0.06941353757180012,0.03896407568433552,0.04043542943642996,0.06688773605625095,0.07965722061868374,0.0339534107574764,True,False,0.9769103859144089,0.3244955388562379
1608,2025-03-04,2025-04-01,0.04768109492099137,0.07377700784228529,0.6462866456026555,0.036309765042159846,1.3131755291070621,0.07361256835597886,0.6477303534691665,True,False,0.9185399394433703,0.3164168245318547
1650,2025-05-01,2025-05-29,-0.4021087027213441,0.09868573696565718,-4.074638494732817,0.10148154772082217,-3.962382440476306,0.1153222182408137,-3.4868276803492297,False,False,0.682413945182776,0.37760964806530123
1651,2025-05-02,2025-05-30,-0.4097046923684054,0.0985615021909099,-4.156843019446101,0.09824193332814446,-4.170364715848204,0.11409998183021693,-3.5907516004520863,False,False,0.6831190429163576,0.3643622855782931
1652,2025-05-05,2025-06-02,-0.4807290543357785,0.10209975025094495,-4.708425369839034,0.0612829967037511,-7.844411667067733,0.08017877327297539,-5.995714759804268,False,False,0.6584974783577845,0.3614136126905781
1653,2025-05-06,2025-06-03,-0.4913031803894667,0.10390697598562763,-4.7282983238529,0.06323207170337407,-7.769841587576051,0.08138565577171027,-6.036729393292474,False,False,0.6470204321332156,0.3646738824511872
1654,2025-05-07,2025-06-04,-0.5076847478712536,0.1069386664611483,-4.74743855213212,0.07610634998280054,-6.670727843156143,0.09363503335126824,-5.421952977436273,False,False,0.62855152294571,0.36934567663277457
1655,2025-05-08,2025-06-05,-0.4979946770414971,0.10615753594610104,-4.691091146787186,0.0712303127197192,-6.991330769542355,0.08746428298741367,-5.69369187092244,True,False,0.6332566976782388,0.36870443088778276
1656,2025-05-09,2025-06-06,-0.4718944037813101,0.10400016815513367,-4.537438853727626,0.06374713885767938,-7.40259739083902,0.08926989224960058,-5.286154064820455,True,False,0.6466305729442163,0.34893584920980164
1657,2025-05-12,2025-06-09,-0.4764375329055164,0.10355027138643433,-4.6010264051121785,0.06317389019332335,-7.541684253534691,0.08535545896010967,-5.581805062148121,True,False,0.64934731697393,0.3491985926672616
1658,2025-05-13,2025-06-10,-0.4180670407059861,0.12541857061331294,-3.3333743054284906,0.03953392272234755,-10.574893962385957,0.07022609311759247,-5.953158180192931,True,False,0.5368994010241371,0.2938888860183461
1659,2025-05-14,2025-06-11,-0.42843858905008686,0.12508971943830022,-3.4250503636424874,0.04279298207696466,-10.011889058807009,0.07200913292365571,-5.949781252113099,True,False,0.538238954945408,0.29141422201159534
1660,2025-05-15,2025-06-12,-0.43362773372119795,0.12395192911524246,-3.4983540539981353,0.043304322450304966,-10.013497710738207,0.07232585269245569,-5.995473507447907,True,False,0.5430876255436025,0.2951354565101187
1661,2025-05-16,2025-06-13,-0.3046286012251961,0.11006131180049976,-2.7678081992823644,0.10002193944333064,-3.04561782065613,0.1357513553722261,-2.2440188563120693,False,False,0.6125902141303715,0.2955154955304028
1662,2025-05-19,2025-06-16,-0.26867441955321586,0.1054919346775503,-2.5468716672459735,0.10897485424557736,-2.4654717036624967,0.12464963469785058,-2.155436878772087,False,False,0.6393125523915206,0.2871304578205394
1663,2025-05-20,2025-06-17,-0.17886991178865747,0.09879046682603658,-1.8105989123792223,0.13195093297543178,-1.3555789849698268,0.11842742779169275,-1.5103757222801433,False,False,0.6837828218515876,0.2831618694922467
1664,2025-05-21,2025-06-18,-0.19261160748845715,0.09582619735746564,-2.0100099221296204,0.11807838735116832,-1.6312181408408384,0.11480287680555051,-1.677759415512702,False,False,0.7050151910055296,0.2888676654169833
1665,2025-05-22,2025-06-19,-0.13791548856859223,0.10010521750128559,-1.3777052985956608,0.10377373181729539,-1.3290019174737495,0.10735127262123455,-1.2847121901870397,False,False,0.6751974987107914,0.2737067271134785
1666,2025-05-23,2025-06-20,-0.14941432633201437,0.09745982901416717,-1.5330862760932495,0.09308681680414368,-1.605107269339597,0.10667730875321117,-1.4006195701624948,False,False,0.6935539275016849,0.2745519843413939
1667,2025-05-26,2025-06-23,-0.10295182215235045,0.10222681002183283,-1.0070921916702944,0.06645327307148499,-1.5492362888070736,0.0885874235141667,-1.1621494120538074,False,False,0.6613432232751493,0.25063951707914506
1668,2025-05-27,2025-06-24,-0.024305682166981642,0.09910504620969929,-0.24525171115457162,0.06829854919589594,-0.355874062526092,0.10936018028167235,-0.2222534939534571,False,False,0.6823966542283904,0.28881193008139017
1669,2025-05-28,2025-06-25,-0.0037505900275803606,0.10149469460262488,-0.03695355744716298,0.06498054903023628,-0.0577186570989907,0.1105132448339422,-0.033937923306984766,False,False,0.666214736590704,0.28417368829492345
1670,2025-05-29,2025-06-26,-0.011736139391009927,0.10174918591205981,-0.11534381612795688,0.06583670310319627,-0.1782613472095348,0.1157709204394719,-0.10137381085387406,False,False,0.6643042518173612,0.29337410942610304
1671,2025-05-30,2025-06-27,-0.012457600732070253,0.10174131930510881,-0.12244386859886837,0.06596778960822203,-0.18884368880714436,0.11369514905029561,-0.10957020449974829,False,False,0.6644711945856858,0.288026496679146
1672,2025-06-02,2025-06-30,-0.009147747593088253,0.10168857403411267,-0.08995846072164931,0.06254713888555102,-0.14625365374148983,0.11624354618614008,-0.07869467074275265,False,False,0.664686788071061,0.2837906896240253
1673,2025-06-03,2025-07-01,-0.011729502541811952,0.10168730787731096,-0.1153487370908076,0.06437111071058221,-0.18221687356846702,0.11519530744517308,-0.1018227460992244,False,False,0.6648256608775415,0.2698594797540652
1674,2025-06-04,2025-07-02,-0.001228151199817643,0.10215603918924143,-0.012022306361570308,0.05927593240094321,-0.02071922195184399,0.11548982089609046,-0.010634280928729175,False,False,0.6616783060884996,0.2614387202350511
1675,2025-06-05,2025-07-03,-0.0019444915568932223,0.10211236656427544,-0.019042664687134114,0.0601076329675479,-0.03235016021913645,0.11398374343452332,-0.017059376173324346,False,False,0.6620496293031558,0.25516827102376505
1676,2025-06-06,2025-07-04,0.0020146335449180135,0.10146851933011461,0.01985476439607506,0.058143099859214446,0.034649572344717994,0.11162595365244556,0.018048074654669486,False,False,0.6662913962215763,0.2556434218693132
1677,2025-06-09,2025-07-07,0.038477269896602356,0.10549362887206393,0.36473548505251613,0.05078042652958984,0.7577185251522373,0.1133429395599819,0.3394765483053305,False,False,0.6407438736102214,0.2647139087849292
1678,2025-06-10,2025-07-08,0.025795777643473478,0.10424767095490538,0.24744704037207707,0.05015043308054919,0.5143679936331069,0.11088339322297766,0.2326387829023254,False,False,0.6485413987524544,0.2675420757767279
1679,2025-06-11,2025-07-09,0.027621423230879735,0.10328069216019953,0.2674403381034271,0.04663821097490154,0.5922487731303473,0.10693170758106506,0.258309007269335,False,False,0.6546084663514583,0.2652532702166836
1680,2025-06-12,2025-07-10,0.034429649587737886,0.10347080562643109,0.3327474776995745,0.04847175952080423,0.7103032761367075,0.10495753786254342,0.3280340820573395,False,False,0.6534698293737559,0.2556415461346839
1681,2025-06-13,2025-07-11,0.05430322719939082,0.10377719773871943,0.523267426589321,0.050750201843138186,1.07001007340295,0.1017116007957626,0.5338941357184218,False,False,0.6515361165995248,0.24599236907414374
1682,2025-06-16,2025-07-14,0.0771325554680753,0.11698974103673512,0.6593104214484539,0.0626253317585617,1.2316510476214806,0.125623855730616,0.6139960839402672,False,False,0.5776286602904953,0.25081561702699773
1683,2025-06-17,2025-07-15,0.07840057535685335,0.12229796699140924,0.641061967631568,0.07754074096161293,1.0110888080843345,0.1473345867345111,0.5321260750412048,False,False,0.5524634481380568,0.25424087648787247
1684,2025-06-18,2025-07-16,0.05207280533022392,0.14294597536041193,0.3642831160438896,0.10720932634700804,0.48571152440299936,0.20018565184244969,0.2601225654833959,False,False,0.4724767285149258,0.24686197756652178
1685,2025-06-19,2025-07-17,0.08057483910662525,0.148558222314086,0.5423788589518233,0.09708104055474341,0.8299750254653439,0.21630318963265094,0.37250878844397073,False,False,0.45456483536391856,0.24671501481351488
1686,2025-06-20,2025-07-18,0.13447547946646812,0.17613399233051918,0.7634839685807043,0.10520315314604435,1.2782457126526194,0.28348840522458446,0.47435971626400136,False,False,0.3832348687392501,0.251790868754511
1687,2025-06-23,2025-07-21,0.20958547077649217,0.1878803878141248,1.1155260706819532,0.12169663502246589,1.722196104582526,0.27625080516738165,0.7586782259313357,False,False,0.3591469359957805,0.25105624638920987
1688,2025-06-24,2025-07-22,0.23747909024361283,0.1911857905503858,1.2421377632718302,0.1293950088232064,1.8353033274110497,0.2629893791273683,0.9029987866110722,False,False,0.35286410047698286,0.25312868913787234
1689,2025-06-25,2025-07-23,0.0058541596296347925,0.24139158143740916,0.02425171414336472,0.08849460187856703,0.06615273141369589,0.14545756887909164,0.04024651088800289,False,False,0.27954686148821833,0.21186895242411163
1690,2025-06-26,2025-07-24,0.012799037181776309,0.24892941649105474,0.05141633062975601,0.08491248505166528,0.15073209992604378,0.15440203214927994,0.08289422751510073,False,False,0.2710743196059045,0.21195970600228323
1691,2025-06-27,2025-07-25,-0.051955145116340175,0.24617300121433985,-0.21105135356051274,0.09426382808617369,-0.5511673583725462,0.14565672014733022,-0.35669583294054746,False,False,0.2741228228403391,0.18807853365387078
1692,2025-06-30,2025-07-28,-0.025405669892395934,0.24636895779968968,-0.10312041792640134,0.08292201777772308,-0.3063802663424954,0.1446741828561521,-0.17560610601586396,False,False,0.2738876177902489,0.21847102483585157
1693,2025-07-01,2025-07-29,0.07355729103640916,0.2323823186342358,0.3165356618727373,0.07604069766313394,0.9673410857206169,0.13713635172445585,0.5363806905422548,False,False,0.2903427284550114,0.21748648705885143
1694,2025-07-02,2025-07-30,0.03875720147519362,0.22947611304259302,0.16889427383668426,0.06363811571336798,0.6090249694029232,0.13925731585928902,0.27831357538411405,False,False,0.29397754841222923,0.22510829611927374
1695,2025-07-03,2025-07-31,0.0653046069716706,0.20802379477069602,0.31392854381709395,0.05247100044414539,1.244584750031332,0.11681551564121707,0.5590405231120564,False,False,0.32428395459536746,0.22673944001850663
1696,2025-07-04,2025-08-01,-0.19237396538214852,0.13407793737993512,-1.4347921003365425,0.09884237513266661,-1.9462701611929443,0.25718183331482797,-0.7480075979808994,False,False,0.5034248229121473,0.25138463317809057
1697,2025-07-07,2025-08-04,-0.10072260757251153,0.1150738735527984,-0.8752864960811266,0.06318606139947743,-1.594063711863904,0.2476913805651639,-0.4066455899381324,False,False,0.5870801235250467,0.2575233266334141
1698,2025-07-08,2025-08-05,-0.10924040297343476,0.11505930687472153,-0.9494269167845545,0.056308550606648085,-1.9400322295018773,0.2311141100932535,-0.4726686870367056,False,False,0.5872077830718381,0.2524314663634493
1699,2025-07-09,2025-08-06,-0.07107867433035961,0.11468438975022825,-0.6197763661223836,0.06683990473413398,-1.0634167510125274,0.2437541990628917,-0.291599794397882,False,False,0.5892747989449816,0.2637396927440651
1700,2025-07-10,2025-08-07,-0.07803284336265512,0.11613651782045932,-0.6719061741052854,0.06528513203015457,-1.1952620900975204,0.24738189759795298,-0.3154347352023094,False,False,0.5818622350064374,0.2625330009876055
1701,2025-07-11,2025-08-08,-0.060923349554664885,0.1123282724303574,-0.542368793149889,0.07012428952916644,-0.8687909704857023,0.23416587588225932,-0.26017176638195433,False,False,0.6017092184006468,0.2648424151754256
1702,2025-07-14,2025-08-11,-0.04334549331968552,0.11082306064685295,-0.3911234093940935,0.08661349508873818,-0.50044734109017,0.23780135506644362,-0.1822760568692909,True,False,0.6099229192378895,0.2714570083132032
1703,2025-07-15,2025-08-12,-0.024074063308918887,0.10849083760021072,-0.2218995063678274,0.09962261963308057,-0.24165258249166618,0.23984790856742744,-0.10037220442199957,True,False,0.6231375696169026,0.2783751874421995
1704,2025-07-16,2025-08-13,-0.027931201977507248,0.10862402035551247,-0.2571365144292396,0.09570712633759086,-0.2918403576237846,0.2332316745733363,-0.11975732725241266,True,False,0.622360728739737,0.27400435289271774
1705,2025-07-17,2025-08-14,-0.01615149204501037,0.10828750009515145,-0.14915379919952138,0.10836611420650372,-0.1490455956945351,0.2463741956393489,-0.06555675200926271,True,False,0.6243142484906454,0.2899479812112893
1706,2025-07-18,2025-08-15,-0.015007890334228589,0.10858341056805329,-0.13821531535724402,0.10340629187805314,-0.1451351756421879,0.23280979726491793,-0.06446416993847932,True,False,0.6226028172598447,0.29252407837472344
1707,2025-07-21,2025-08-18,-0.01601233070363015,0.10858530075131936,-0.1474631519444918,0.10674018228746555,-0.15001221058913694,0.2411476427371663,-0.06640052758501333,True,False,0.6225957779831305,0.2909287517908612
1708,2025-07-22,2025-08-19,-0.00605356269677787,0.10805987295297059,-0.056020449879785425,0.11368697737418053,-0.05324763518739391,0.2504844427361227,-0.02416741986309746,True,False,0.6256139246110952,0.28326595370082874
1709,2025-07-23,2025-08-20,-0.007959407191377117,0.10802725260954192,-0.07367962249438964,0.11561092437302838,-0.068846497288573,0.2534563131556927,-0.0314034678887159,True,False,0.6257666766276677,0.2752695062243633
1710,2025-07-24,2025-08-21,-0.005831229624906409,0.10882116738184867,-0.05358543530823265,0.12210847539900123,-0.04775450357440222,0.25280932141708085,-0.023065722388005378,True,False,0.6211335832873615,0.27712445119388524
1711,2025-07-25,2025-08-22,0.07607342382556073,0.10049573001896857,0.7569816529637814,0.15277926446897833,0.49793029237293757,0.25643510946142123,0.2966575988184076,True,False,0.6728446036870224,0.31950926167506954
1712,2025-07-28,2025-08-25,0.08606863661968167,0.10026412404699367,0.8584190749957723,0.1531921639822222,0.5618344592982566,0.24842642758797934,0.3464552360847389,True,False,0.6743996435223579,0.3117669891566121
1713,2025-07-29,2025-08-26,0.08220617485454489,0.10025146985200631,0.8199996965221524,0.14975237410724573,0.5489473896131531,0.24099060589231736,0.3411177566451588,True,False,0.674503113179654,0.29018651745002944
1714,2025-07-30,2025-08-27,0.07222556937751695,0.10144316430748314,0.711980643255517,0.155452508039417,0.4646150151479269,0.2472409684778583,0.29212621930003935,True,False,0.666563302332825,0.2850319271323407
1715,2025-07-31,2025-08-28,0.08936295860445627,0.10151123501958573,0.8803257943538412,0.15320144061103386,0.5833036441957595,0.24335719740097714,0.3672090226171279,True,False,0.6659851265935565,0.2832738461952944
1716,2025-08-01,2025-08-29,0.07020564515873567,0.10247520089546669,0.6850988780236823,0.1589466370184035,0.44169317750715903,0.2363676122418705,0.29701888720226005,True,False,0.6596809283305418,0.2745035207704528
1717,2025-08-04,2025-09-01,0.2806095952462744,0.128719387111499,2.1800103429890125,0.10027806076583848,2.7983149365196844,0.13701399390283261,2.0480360235705315,True,False,0.5241910252065857,0.2620227893570628
1718,2025-08-05,2025-09-02,0.41370582663825417,0.15018743973959414,2.754596704994554,0.047063046808788034,8.79045991899112,0.08139280331755347,5.082830542452061,True,False,0.4487742525115484,0.276044961352185
1719,2025-08-06,2025-09-03,0.4154246145914548,0.14818820808046299,2.8033581077239846,0.04574270944748084,9.081766681713981,0.07985850101902923,5.202008668963929,True,False,0.45480976023585956,0.2774408646412854
1720,2025-08-07,2025-09-04,0.35287286508298016,0.14852633008672614,2.375826999003704,0.0806435727155499,4.375709721190693,0.11737709280047579,3.0063179847435255,True,False,0.45403523783195937,0.2718893781811709
1721,2025-08-08,2025-09-05,0.3564447748004925,0.14858300735546173,2.3989605618074066,0.07771387675022857,4.586629694798286,0.11137598202098863,3.2003737999214326,True,False,0.4538441244010388,0.2961101209862402
1722,2025-08-11,2025-09-08,0.3852368441975041,0.15746548041318228,2.4464844179604324,0.08166716370951584,4.717157137570781,0.1162932355332351,3.312633296606563,True,False,0.4281642482143022,0.29469099696814327
1723,2025-08-12,2025-09-09,0.37477627408186265,0.16436749412400714,2.2801118680991297,0.09000128976097752,4.164121148454441,0.1294474187743192,2.8952008284943394,True,False,0.4102235646331851,0.28674450819202946
1724,2025-08-13,2025-09-10,0.36840219586651124,0.1784760610411561,2.0641546755200895,0.10674147633446882,3.4513500142357247,0.17648391739270425,2.087454773835051,True,False,0.3778392980167131,0.27702318587887026
1725,2025-08-14,2025-09-11,0.3652464397299337,0.17582410576541582,2.0773399536992088,0.10444711377977416,3.4969510071867824,0.16915100475626837,2.1592921677067274,True,False,0.3835423427009971,0.27749655910050613
1726,2025-08-15,2025-09-12,0.34512951368246064,0.17662736522790778,1.9539979732876007,0.10938560914523783,3.1551637951223683,0.17457885057273212,1.9769262573914965,True,False,0.38183066115590464,0.2603133827867115
1727,2025-08-18,2025-09-15,0.2734597208812711,0.17136016708873925,1.595818477112358,0.14852108071703077,1.8412182268070025,0.2208257045045339,1.2383509496543077,True,False,0.3937039795942567,0.26959697210238354
1728,2025-08-19,2025-09-16,0.23917083200995232,0.1690185288784104,1.4150568792490705,0.169766739510661,1.4088203183930081,0.22542803667941047,1.0609631150276395,True,False,0.3991607251245397,0.27392688480215516
1729,2025-08-20,2025-09-17,0.21169020143146056,0.16803211948022376,1.2598198611449107,0.18465847004542577,1.1463877144621908,0.23229994161850323,0.9112796152962913,True,False,0.401540720293329,0.27111134690362354
1730,2025-08-21,2025-09-18,0.2085456815193968,0.16813440988246664,1.2403509886238007,0.18849213911745025,1.106389277005611,0.24320094898437822,0.8575035680999442,True,False,0.401350649653291,0.290335939776534
1731,2025-08-22,2025-09-19,0.17551368444583226,0.1734890105821875,1.0116703291859839,0.1948975735958199,0.9005431992181385,0.2785376630254332,0.6301255009445748,True,False,0.38898029001902396,0.2843483891487807
1732,2025-08-25,2025-09-22,-0.05698850786963798,0.22721790176318904,-0.2508099380700757,0.20403120488058543,-0.2793127056373165,0.22134695488871003,-0.2574623531563421,True,False,0.29700398845465525,0.24687239119860452
1733,2025-08-26,2025-09-23,-0.09341308516074967,0.22762606666383914,-0.41037956034579826,0.20900028555470582,-0.44695194991156506,0.2223749198490655,-0.42007023644641567,True,False,0.2964478402608536,0.24667515429227382
1734,2025-08-27,2025-09-24,-0.15527793684949984,0.2241935811752966,-0.6926065235029555,0.22985128965581952,-0.675558258045947,0.2261484047431938,-0.6866196426449614,True,False,0.30098624666450796,0.26805670148310284
1735,2025-08-28,2025-09-25,-0.12003157848189816,0.2212547594608036,-0.5425039387826699,0.20712764187016652,-0.5795053591018883,0.2226664899920139,-0.5390644029382382,True,False,0.3050067806666744,0.27457030515652875
1736,2025-08-29,2025-09-26,-0.12108490048766773,0.19702514115127828,-0.6145657339978622,0.15142225026400236,-0.7996506476198715,0.17893527106945706,-0.6766966611108571,True,False,0.3425602941009513,0.26124559167472416
1737,2025-09-01,2025-09-29,-0.1582753179393199,0.19869742008608993,-0.7965645345105322,0.1547066175244619,-1.0230675356488466,0.19066225633504422,-0.8301345058100442,True,False,0.3396496402021116,0.26782755333904834
1738,2025-09-02,2025-09-30,-0.16310653789251325,0.2042579141584022,-0.79853227995868,0.16183677358607493,-1.007845956628411,0.2060255060138809,-0.7916812876631111,True,False,0.3303918045156821,0.2678693407740738
1739,2025-09-03,2025-10-01,-0.2861064657958711,0.21802992870400953,-1.3122348271015587,0.12146012470330673,-2.35555880166227,0.19031384979763352,-1.5033402251076144,True,False,0.3094031492375664,0.2520090437284357
1740,2025-09-04,2025-10-02,-0.30718801398751744,0.2254169132689969,-1.3627549482985803,0.13746302191690368,-2.2346956272590344,0.21820842373546406,-1.4077733972356818,True,False,0.2992514800152211,0.25606367917599177
1741,2025-09-05,2025-10-03,-0.2692265569599621,0.24539614555688236,-1.0971099662099457,0.15630774435022504,-1.7224134228226708,0.24751997601165374,-1.0876962792986309,True,False,0.27489509848931115,0.25803228748460244
1742,2025-09-08,2025-10-06,-0.3139679684077473,0.2438027244972564,-1.2877951592016788,0.1581896639252955,-1.984756529706123,0.28085385571976224,-1.1179051382546321,True,False,0.2766782002624748,0.23363000898787642
1743,2025-09-09,2025-10-07,-0.2560371716529986,0.23323503881746185,-1.0977646109741792,0.15115986291490605,-1.693817172863753,0.25254716846273967,-1.0138192133038064,True,False,0.2892585272088741,0.2365258096694823
1744,2025-09-10,2025-10-08,-0.2884331601113692,0.2180697627057809,-1.3226646213236009,0.13195630555885052,-2.1858232457313864,0.22450533666559078,-1.2847496829930656,True,False,0.3093473928227997,0.2414462088382958
1745,2025-09-11,2025-10-09,-0.2817759016011651,0.21886393532444562,-1.287447843718328,0.13509991063536853,-2.0856853292943445,0.23081030037188754,-1.2208116411926178,True,False,0.30821738581146807,0.24640136918113922
1746,2025-09-12,2025-10-10,-0.13918496461686589,0.1087013826275889,-1.2804341697631738,0.050248816305667306,-2.769915290545221,0.19764125088689474,-0.7042303364924463,True,False,0.6216341686691343,0.24303125182150326
1747,2025-09-15,2025-10-13,-0.11861539682302466,0.09709648515108737,-1.2216240025419323,0.04565444987997674,-2.598112498011883,0.08208945820235651,-1.4449528529062654,True,False,0.6963551737916652,0.24301155676948646
1748,2025-09-16,2025-10-14,-0.10047540875374905,0.09491265751189541,-1.0586091611770165,0.02666747184167161,-3.7677140656709103,0.040537297681267195,-2.4785916797848127,True,False,0.7124646699958928,0.21938928900155336
1749,2025-09-17,2025-10-15,-0.08510197659241209,0.09496489509996436,-0.8961414268170347,0.021221976998910545,-4.010087118498945,0.03451281316066814,-2.4658081680051773,True,False,0.7121002251651976,0.2108578309314588
1750,2025-09-18,2025-10-16,-0.11597336275506927,0.07987553171036846,-1.4519260187912468,0.024996110783155414,-4.639656295379454,0.04577416671965884,-2.5335985571368504,True,False,0.8474693589832206,0.21656214305150467
1751,2025-09-19,2025-10-17,-0.09768497808822604,0.06789088338020022,-1.4388526592174968,0.01459415137110502,-6.693433253106629,0.032771778662824484,-2.9807652216032303,True,False,0.9987539772651567,0.20011688225798016
1752,2025-09-22,2025-10-20,-0.08854052779318734,0.065173966504607,-1.3585259965254473,0.013710445485897083,-6.457888467902987,0.030357694793176283,-2.9165761233323035,True,False,1.0409877640728025,0.2009400616207296
1753,2025-09-23,2025-10-21,-0.09035616111571008,0.06519599558368236,-1.3859158113435568,0.013856045319795987,-6.5210642019638305,0.03174387087398388,-2.8464128232629218,True,False,1.0405679121713807,0.20511631078465403
1754,2025-09-24,2025-10-22,-0.08876903435889352,0.06512196166685093,-1.363119784582283,0.013661705418801157,-6.497653963225566,0.03291313364374617,-2.6970702735186243,True,False,1.0417440095725714,0.19991429819519968
1755,2025-09-25,2025-10-23,-0.08374357482351807,0.06457723060243135,-1.29679724637131,0.013954851842692951,-6.001036468715212,0.029646828928532383,-2.824705975313349,True,False,1.0507752199392002,0.1766725584461452
1756,2025-09-26,2025-10-24,-0.08629709158016625,0.06437234899157702,-1.340592551492226,0.013520604921652595,-6.382635398358962,0.027673504589002654,-3.118401260043529,True,False,1.0541638830004858,0.16498467003069384
1757,2025-09-29,2025-10-27,-0.08828024542604347,0.06497790878978954,-1.3586193688017796,0.01392733233783535,-6.338632789440881,0.027587499961104905,-3.2000089007886947,True,False,1.04420254489125,0.16580381299504712
1758,2025-09-30,2025-10-28,-0.08523125876921456,0.0650783337546828,-1.3096718039908577,0.01348965726092538,-6.318267182080189,0.028060452817161637,-3.037415658420435,True,False,1.0425945612186136,0.15694768509124662
1759,2025-10-01,2025-10-29,-0.08633596238736972,0.06500530889428204,-1.328137099198739,0.01332542802647251,-6.479038588167922,0.02738266811027333,-3.1529419280723237,True,False,1.0437775802111031,0.15869757822240413
1760,2025-10-02,2025-10-30,-0.08687370218560386,0.06499866043709943,-1.3365460395860522,0.01397076077782339,-6.218251358473162,0.03096839903191725,-2.8052371094827473,True,False,1.0437843629208274,0.2065894241442169
1761,2025-10-03,2025-10-31,-0.08768201248325273,0.06494727594788334,-1.3500491160493442,0.013498662287597073,-6.49560753614951,0.02973194379966289,-2.9490844283193787,True,False,1.0446451939608283,0.20235563972488488
1762,2025-10-06,2025-11-03,-0.0878091329211948,0.06491035344930143,-1.3527754549939184,0.014306232918914065,-6.137823522019106,0.03224701175929376,-2.723016122443896,True,False,1.0451582449312293,0.18845885384179228
1763,2025-10-07,2025-11-04,-0.0769316149657553,0.06391663659494294,-1.2036242684872769,0.01841195976786539,-4.178350155860374,0.03529820384252778,-2.1794767606012577,True,False,1.0617020766143757,0.19550689239195107
1764,2025-10-08,2025-11-05,-0.07810357283032007,0.0637452099320944,-1.2252461465500097,0.019078376546168965,-4.093826990012086,0.034172124412566576,-2.285593131037472,True,False,1.064611784172017,0.19379140668987088
1765,2025-10-09,2025-11-06,-0.07884533346369649,0.06346553897578344,-1.2423330004930946,0.015941681542684695,-4.945860526230181,0.030679774446061528,-2.569945017109412,True,False,1.0694614099765938,0.19268546344978274
1766,2025-10-10,2025-11-07,-0.07548592843474437,0.06336961077631172,-1.1912007586917652,0.01786622619707114,-4.225062842152922,0.028911608202841416,-2.6109211187818206,True,False,1.0711851196406865,0.19538021760203264
1767,2025-10-13,2025-11-10,-0.0749325264645951,0.07371142515775678,-1.0165659706649943,0.027534053915803706,-2.721449107847723,0.04454572844357047,-1.6821484142866345,True,False,0.9193574901071327,0.1962466177281055
1768,2025-10-14,2025-11-11,-0.0757092106955536,0.07707903002645557,-0.9822283787116702,0.02816021394077181,-2.688516886085794,0.047539887496327496,-1.5925408048431375,True,False,0.8788355588917104,0.1962466177281055
1769,2025-10-15,2025-11-12,-0.08177042638757609,0.07919786525549946,-1.0324827080095822,0.03038153929682479,-2.69145106798858,0.047213350546253356,-1.731934409261387,True,False,0.8550980571050927,0.20139809646431217
1770,2025-10-16,2025-11-13,-0.0987621471287586,0.07527306342387925,-1.3120516508356665,0.026620489850091418,-3.7100048753768307,0.03874639145372441,-2.548937937787373,True,False,0.8999433822804166,0.19919887787837975
1771,2025-10-17,2025-11-14,-0.07632744826763303,0.0923811089902514,-0.826223554814519,0.04379309744451828,-1.7429104749745712,0.05517515085027058,-1.3833663722055545,True,False,0.7322998256924385,0.19885682420916098
1772,2025-10-20,2025-11-17,-0.05630375142351615,0.10876493304554825,-0.5176645619773189,0.042355931592571644,-1.3293002728664023,0.07143076320534862,-0.7882283332414431,True,False,0.6215213551418423,0.20030397605045042
1773,2025-10-21,2025-11-18,-0.062459097541513055,0.11415578048687351,-0.5471391573438111,0.039985907468025016,-1.5620277616922629,0.07161459156855388,-0.8721560253781994,True,False,0.592044143110205,0.19981228764137107
1774,2025-10-22,2025-11-19,-0.07281132117931417,0.1117034483346733,-0.6518269781713908,0.04122576400249296,-1.7661606265177088,0.07130788677318163,-1.021083704400254,True,False,0.6050757794593786,0.2004525600343378
1775,2025-10-23,2025-11-20,-0.05431369321134942,0.10261775294135292,-0.5292816462507247,0.03572282791428104,-1.5204197534886719,0.06150552696237747,-0.8830701222115007,True,False,0.6589297751568631,0.20247648475857077
1776,2025-10-24,2025-11-21,-0.07341290674340424,0.09266344550191766,-0.7922531516690147,0.029985854916755077,-2.4482512487040546,0.05549922827754677,-1.3227734695025442,True,False,0.7300562419694797,0.20397915219618093
1777,2025-10-27,2025-11-24,-0.07617908412621971,0.0849968084226384,-0.8962581718060116,0.025627746332859344,-2.972523730209727,0.046385238517881754,-1.6423130840828224,True,False,0.7963242435105345,0.20364410574311423
1778,2025-10-28,2025-11-25,-0.05934117167303288,0.08205756131138252,-0.7231651870307464,0.02788218629299659,-2.1282825905204614,0.04988099634056814,-1.1896548991899505,True,False,0.8251408392703533,0.20972042121854348
1779,2025-10-29,2025-11-26,-0.038918372294582004,0.08081255320579238,-0.48158820320247553,0.0346375841543704,-1.123587953511229,0.05298956719408133,-0.734453485004667,True,False,0.8380326191533478,0.22080314032507803
1780,2025-10-30,2025-11-27,-0.03691388780478465,0.08096418921923414,-0.45592857979259865,0.03606738102002198,-1.0234701483951039,0.053193187409714834,-0.693958937268778,True,False,0.8364445076402721,0.2194299264121544
1781,2025-10-31,2025-11-28,-0.03232639855042039,0.08047851044155341,-0.4016773965255863,0.032945264423114566,-0.9812153314435086,0.05490066270525293,-0.5888161810354137,True,False,0.8415676731103873,0.17547397610802795
1782,2025-11-03,2025-12-01,-0.035815682816597,0.08013040068308276,-0.4469674744077307,0.030288152520375887,-1.1824981002886377,0.05474087509825062,-0.6542767676313889,True,False,0.8452347315555456,0.17438758713387104
1783,2025-11-04,2025-12-02,-0.038584088166462124,0.0799111716610649,-0.48283722243633975,0.029665961888912788,-1.3006181397705616,0.053993459992888446,-0.7146066981361092,True,False,0.847573179506407,0.1767884134042858
1784,2025-11-05,2025-12-03,-0.05497193317423365,0.08226532308550233,-0.6682272810999437,0.02325149850330624,-2.36423184365588,0.05468004388533069,-1.005338131942891,True,False,0.8230020695837807,0.17472062223679571
1785,2025-11-06,2025-12-04,-0.052784943676199125,0.08278171448106503,-0.6376401359538504,0.022697624457962987,-2.325571284958001,0.055965954608405186,-0.9431616783013235,True,False,0.8178180479743182,0.17417455274776486
1786,2025-11-07,2025-12-05,-0.04704085669331946,0.08477259392457846,-0.5549064209969953,0.022824183069029922,-2.061009436834963,0.05753854831162297,-0.8175537630624765,True,False,0.7985241259227849,0.1735521311818801
1787,2025-11-10,2025-12-08,-0.0445413254374524,0.08333284794378226,-0.5344990185322926,0.02505300323916343,-1.7778836737555033,0.05433668334587449,-0.819728454052472,True,False,0.8124681849015541,0.16808028021536517
1788,2025-11-11,2025-12-09,-0.04699572904695118,0.08474161546151815,-0.5545767423833491,0.02664007899721742,-1.7640987120143272,0.056774953181828715,-0.8277546067971492,True,False,0.7988476670210641,0.16812637095617475
1789,2025-11-12,2025-12-10,-0.047998779426044615,0.0838567385385407,-0.5723902486856711,0.025567780347795117,-1.8773150728426011,0.05518412415157311,-0.869793263261864,True,False,0.8073399200366141,0.16808485421642105
1790,2025-11-13,2025-12-11,-0.029465781390052098,0.08343342223871907,-0.3531652016591724,0.029627207263716107,-0.9945514313169266,0.059791599749478855,-0.492808045168735,True,False,0.8114592504265963,0.20381197847941668
1791,2025-11-14,2025-12-12,0.0042348120191631694,0.08823219330722795,0.04799622292531466,0.03914310845848841,0.10818793360916194,0.056495158732697115,0.07495884805280194,True,False,0.7670942808957784,0.20281611584592357
1792,2025-11-17,2025-12-15,-0.0019300909115005796,0.08745990736039522,-0.022068293573045673,0.037191272523381946,-0.051896339666440354,0.059629746791165415,-0.03236792063297067,True,False,0.773869573285595,0.20011192456345264
1793,2025-11-18,2025-12-16,-0.01188076431658787,0.09483202995843035,-0.1252821891695855,0.03785333600951342,-0.31386307176735917,0.06657246575726718,-0.17846363630133294,True,False,0.713319437186683,0.19663547536169462
1794,2025-11-19,2025-12-17,-0.0015708307551230926,0.10051372368991082,-0.015628022696375008,0.05009431591048116,-0.03135746494532786,0.075090379067537,-0.02091920129621762,True,False,0.6728073581563164,0.2034719309095385
1795,2025-11-20,2025-12-18,0.010668152810311351,0.1009167671514799,0.10571239162168214,0.05307788864169785,0.2009905270031875,0.08105614025723179,0.13161436970050575,True,False,0.6700518167628294,0.19345233773574444
1796,2025-11-21,2025-12-19,-0.031056577817282938,0.1132892859844746,-0.27413517127770576,0.061477186220047005,-0.505172401777161,0.0842661961413301,-0.3685532187212447,True,False,0.5965584447090012,0.19040692055619457
1797,2025-11-24,2025-12-22,0.02666073254269848,0.12678831860378556,0.21027751480807524,0.051852051590306696,0.5141692898354379,0.09696220157651751,0.27496005772578525,True,False,0.5327657306414749,0.18524852418398496
1798,2025-11-25,2025-12-23,0.09213064440557522,0.14757386539740763,0.6243018989674959,0.0645614995769089,1.4270214448136318,0.10150167557417668,0.9076760938615918,True,False,0.45741789907310176,0.18656048268370876
1799,2025-11-26,2025-12-24,0.09316135421919598,0.16062384236764585,0.5799970468018221,0.0777707831432035,1.197896568016462,0.1298548323200962,0.7174269340208329,True,False,0.4201729883095759,0.1862435213080452
1800,2025-11-27,2025-12-25,0.068866066201056,0.16811751192034927,0.40963053410928046,0.08060198779234883,0.8543966233000662,0.14005314235704602,0.49171382406752095,True,False,0.401473128160155,0.17909478997507347
1801,2025-11-28,2025-12-26,0.07082042972898203,0.16778257440283093,0.4220964541821162,0.08012527798493063,0.8838712514957067,0.13986872997199418,0.5063349738226862,True,False,0.4022790146689781,0.17979462118315273
1802,2025-12-01,2025-12-29,0.07837671179160272,0.16766597466200675,0.4674574668450184,0.08382643083461355,0.9349880581965498,0.14616388348177936,0.5362248862344512,True,False,0.40258478389777697,0.18222426202812828
1803,2025-12-02,2025-12-30,0.08811131521917626,0.17382683045902406,0.5068913411497001,0.08668972907931342,1.0163985532653148,0.15675753270943787,0.5620866423210255,True,False,0.3882870394176664,0.18228778151947728
1804,2025-12-03,2025-12-31,0.1323786848900974,0.17222630281977064,0.7686322165820832,0.10030880943812684,1.319711455370748,0.17378087030637177,0.7617563697127121,True,False,0.3918725285480213,0.1871081898334917
1805,2025-12-04,2026-01-01,0.11490137174072919,0.17353656676245216,0.6621161976657833,0.09425411828159933,1.2190594303523468,0.1685784860059992,0.6815897714055884,True,False,0.38895862206921733,0.17547121172751476
1806,2025-12-05,2026-01-02,0.11803979949622119,0.17294389455473758,0.6825323310783951,0.0953402140612858,1.2380903552444704,0.16821796824290297,0.7017074378509576,True,False,0.39028507597714107,0.17628523206822866
1807,2025-12-08,2026-01-05,0.1231668753711838,0.17241098895574578,0.7143794958614739,0.09874462291063976,1.2473274163256998,0.1747653580147067,0.7047556607918783,True,False,0.3914867821765126,0.17633062602544092
1808,2025-12-09,2026-01-06,0.12192978127958111,0.1849355096653984,0.6593097318096843,0.1064257177623156,1.1456796706966195,0.19466772482275804,0.6263482115003722,True,False,0.36494810848536585,0.17881359319881865
1809,2025-12-10,2026-01-07,0.13223477504215786,0.18187884408965546,0.7270486883948634,0.10502810240636368,1.2590418374934451,0.18992005283103924,0.6962654710284827,True,False,0.3710930009911072,0.18032083074039992
1810,2025-12-11,2026-01-08,0.16551739735614449,0.1922827179191904,0.860802255903755,0.14057182860341205,1.1774578092962713,0.24650623068963537,0.671453199755181,True,False,0.35097419182279715,0.18626075300581524
1811,2025-12-12,2026-01-09,0.041222202891142375,0.1916480524678904,0.21509325224188716,0.05908481409514809,0.6976784732665757,0.14421620207464494,0.28583614252860545,True,False,0.3522143069906504,0.1380713753353
1812,2025-12-15,2026-01-12,-0.004680800944413653,0.19546870619565887,-0.023946548966913908,0.07501447082583676,-0.06239863979419654,0.14172635317040877,-0.03302703300906612,True,False,0.34532392512872906,0.14125853632414107
1813,2025-12-16,2026-01-13,0.04036340815083412,0.19386999979136288,0.2081983194628979,0.06835792093078621,0.5904715591292323,0.14799912889537153,0.2727273359789108,True,False,0.3481726245221452,0.13938828275881357
1814,2025-12-17,2026-01-14,0.010489856442888978,0.18843877508139129,0.05566718653503322,0.07564530307407963,0.13867161630136157,0.13417592300358658,0.07817987167942626,True,False,0.3582266251051866,0.14329286971053945
1815,2025-12-18,2026-01-15,-0.04358981571668132,0.19402976428947089,-0.22465530418132215,0.07512097604985853,-0.5802615728495106,0.10878298238963695,-0.40070436348722355,True,False,0.34788444346531516,0.13462192906396908
1816,2025-12-19,2026-01-16,-0.05279056321766255,0.1985240411849818,-0.2659152156210294,0.07734507594639697,-0.6825329547061068,0.10879914058357115,-0.48521121522198873,True,False,0.3399973588051028,0.13444204048833525
1817,2025-12-22,2026-01-19,-0.029996098498086207,0.1652443567216991,-0.18152570588903666,0.07538245764988093,-0.39791881869128193,0.07595946532830107,-0.39489612477446207,True,False,0.4085929984395361,0.13276836981799592
1818,2025-12-23,2026-01-20,-0.1279642890571774,0.16586037744016677,-0.7715181349044008,0.07106498684216858,-1.8006657672558084,0.12714064627093255,-1.0064782019786946,True,False,0.406988067741652,0.17405827666565316
1819,2025-12-24,2026-01-21,-0.08900145925445194,0.12310061009775394,-0.7229977104400706,0.036833050373127854,-2.416347773340662,0.07892934580922568,-1.1276092350945213,True,False,0.5488221368835163,0.16763730056484868
1820,2025-12-25,2026-01-22,-0.08686562305252986,0.11968728726220998,-0.7257715087336329,0.03412071876556951,-2.5458321569762505,0.07435026845005163,-1.168329649150978,True,False,0.5645384234779517,0.16267012714558807
1821,2025-12-26,2026-01-23,-0.09270764915890102,0.11946101077369968,-0.7760494286669084,0.030863320644635046,-3.003813174426399,0.07363037600405871,-1.2590951478203876,True,False,0.5655810196955174,0.17092747216802423
1822,2025-12-29,2026-01-26,-0.08952476234307034,0.11942998445747399,-0.749600385110557,0.030014281825310397,-2.9827387796291047,0.06576953007441673,-1.3611890223599759,True,False,0.565622047807721,0.2273749317785452
1823,2025-12-30,2026-01-27,-0.0990267964735474,0.11990324490178378,-0.8258892122115887,0.0270856892626493,-3.656055990057585,0.07084794118808908,-1.397737108699437,True,False,0.5632129359633996,0.2446702829929464
1824,2025-12-31,2026-01-28,-0.10003336802797597,0.11989130876380194,-0.834367136862705,0.026863423097854326,-3.723775918786983,0.07132732263242698,-1.4024551088715418,True,False,0.5633063063788852,0.24647942014563387
1825,2026-01-01,2026-01-29,-0.11132009037677122,0.120061908984236,-0.927189075357676,0.02425098732543747,-4.590332297935135,0.07692639921087854,-1.4470986750804384,True,False,0.5623988802651192,0.2374570795391912
1826,2026-01-02,2026-01-30,-0.09386231194770156,0.11965799697301868,-0.7844215541136484,0.02805328119258277,-3.34585859327281,0.06822437505550256,-1.3757885194454587,True,False,0.5644484423158047,0.2593896467168803
1827,2026-01-05,2026-02-02,-0.13504362219580082,0.11719613895554849,-1.1522872971695912,0.04037266139973142,-3.344927421522407,0.0980881866631764,-1.3767572506924322,True,False,0.5763653532420077,0.27814788050776745
1828,2026-01-06,2026-02-03,-0.15956463000306567,0.11265597618206838,-1.4163885078336733,0.0630380378036063,-2.5312436040630892,0.10286683558501576,-1.5511766167939638,True,False,0.5994988615522092,0.28409057258912734
1829,2026-01-07,2026-02-04,-0.1452623245603885,0.11244142650833043,-1.291893291211727,0.05564029549283203,-2.6107396316596163,0.09645276615972459,-1.5060462270188901,True,False,0.600719319700424,0.2887057349466381
1830,2026-01-08,2026-02-05,-0.09202931614579139,0.09995894554783089,-0.9206711379498784,0.04586231054607372,-2.0066436917376382,0.08293998065853192,-1.1095893128391328,True,False,0.6762678175841595,0.2931186049274167
1831,2026-01-09,2026-02-06,-0.06000691025372171,0.08287173579537753,-0.7240938020399086,0.04556057768579104,-1.3170796618857632,0.0617110124620455,-0.9723857681095108,True,False,0.8166767564273449,0.2900431773433836
1832,2026-01-12,2026-02-09,-0.043641726439390856,0.0835101797259123,-0.5225916957983663,0.04715818380310454,-0.9254327228038374,0.05903045105463789,-0.7393087069417205,True,False,0.8101509587644213,0.30173871400968283
1833,2026-01-13,2026-02-10,-0.041923640566512474,0.08363446892990702,-0.5012722756887252,0.047157974452311804,-0.8890042681732966,0.05864296598162883,-0.7148963198697343,True,False,0.8089905165142768,0.3011167319778538
1834,2026-01-14,2026-02-11,-0.048469027688577505,0.08401214956310224,-0.5769287887601543,0.04911709584693442,-0.9868056499029073,0.061451179196015455,-0.78874040047258,True,False,0.8052382321418956,0.29715913699950924
1835,2026-01-15,2026-02-12,-0.034055999525217595,0.07805555623135618,-0.4363046164743971,0.04393492864550098,-0.7751463488197788,0.05028830323356032,-0.6772151243013114,True,False,0.8673198215821253,0.2992919991832738
1836,2026-01-16,2026-02-13,-0.02977494584252709,0.07871068259156411,-0.378283415442242,0.04210212761935028,-0.707207628833523,0.050329285565160274,-0.5916027916585085,True,False,0.8600117999403954,0.2984708464506202
1837,2026-01-19,2026-02-16,-0.027381574060087684,0.07865624370109416,-0.3481169805685342,0.0414656330449395,-0.6603438088214442,0.05032917115755453,-0.5440497713417568,True,False,0.8605648683805842,0.29676118485523323
1838,2026-01-20,2026-02-17,-0.04317663673738544,0.08326781090653364,-0.5185273428870408,0.05274922633630649,-0.8185264455275549,0.061155390738124746,-0.7060152214916483,True,False,0.8126501164114989,0.3024149366591851
1839,2026-01-21,2026-02-18,-0.025988271133923574,0.08406550751463551,-0.30914309450161953,0.03997797479729914,-0.6500647235307003,0.05197039001133123,-0.5000591900168017,True,False,0.8051817100878452,0.28735857545628324
1840,2026-01-22,2026-02-19,-0.010555173439483917,0.0932277076424407,-0.11321927468136964,0.04385499615086512,-0.24068348799240968,0.05906328041377179,-0.1787095698975563,True,False,0.7256234537371705,0.3000326543922515
1841,2026-01-23,2026-02-20,-0.005483606798892096,0.09356646497816892,-0.05860654028311896,0.04267717545061984,-0.12849038721498737,0.05861134428863979,-0.09355879591990426,True,False,0.7229619728805858,0.3016685251891447
1842,2026-01-26,2026-02-23,-0.007318460322145403,0.09067051496769486,-0.08071488647387641,0.04282080275964224,-0.17090899400519663,0.05578793637753039,-0.13118356399884773,True,False,0.7462364157503912,0.2980832449350213
1843,2026-01-27,2026-02-24,-0.016601477687443283,0.0881845191274892,-0.18825841374087857,0.042614779494695845,-0.3895708926408883,0.05694161061184152,-0.2915526538336247,True,False,0.7675179012108686,0.25485975705269936
1844,2026-01-28,2026-02-25,-0.007534871929211472,0.08565474463828292,-0.08796794574580755,0.03699074513958042,-0.20369613806857578,0.053035666774298544,-0.1420717865446527,True,False,0.790361206304494,0.23008960916053342
1845,2026-01-29,2026-02-26,-0.005460615973076661,0.08536597448146646,-0.06396712514846531,0.03749103777968037,-0.14565123550770956,0.052608119358275196,-0.1037979695850449,True,False,0.7930538235352227,0.2310400850868639
1846,2026-01-30,2026-02-27,-0.009140684503993501,0.08453829937537113,-0.1081247738780098,0.03756421787707786,-0.24333488145300258,0.05264637974305223,-0.17362417983165884,True,False,0.8008760458430456,0.23118245986489333
1888,2026-03-31,2026-04-28,0.1580203123834302,0.08462569566289048,1.867285239378236,0.10042832386522366,1.5734636037090082,0.1893348987946322,0.8346074251996812,False,False,0.799003727513598,0.33087075959046053
1889,2026-04-01,2026-04-29,0.30967857677927985,0.1095220512680191,2.8275454412503986,0.036332960820097286,8.523350968082502,0.14839775613555498,2.086814415821771,False,False,0.6158031456563127,0.339613798596649
1890,2026-04-02,2026-04-30,0.29575294506163163,0.10573110467472786,2.797217961275338,0.04080692804222393,7.247616011565703,0.15653062138552656,1.88942548393268,False,False,0.638109290067183,0.3092921359338431
1891,2026-04-03,2026-05-01,0.29797957332257585,0.10556255879876549,2.8227770974234914,0.03204942671448644,9.297500887524086,0.1347681267139543,2.2110537601746016,False,False,0.6389765567444898,0.29903311125373777
1892,2026-04-06,2026-05-04,0.30971129690241195,0.10198981748234158,3.0366884121156024,0.033483318434279576,9.249719304563776,0.10904260004839118,2.8402779901154918,False,False,0.6613118722451354,0.31172019355811054
1893,2026-04-07,2026-05-05,0.31675563369018855,0.1019460219072398,3.1070916526630437,0.030980577827662482,10.224329431562706,0.10466594497457274,3.0263485775353227,False,False,0.6615380081617626,0.31146922297755075
1894,2026-04-08,2026-05-06,0.3532743850224354,0.10745218782744903,3.2877356167911387,0.02464726095598754,14.333210722817244,0.06239190396219466,5.662183113317012,False,False,0.6272172643288608,0.3217514629258935
1895,2026-04-09,2026-05-07,0.30108892540916377,0.16854714602947413,1.786378069887412,0.05050970524441551,5.961011333410087,0.08344024240367268,3.608437808132628,False,False,0.4002136651725517,0.23399948752099775
1896,2026-04-10,2026-05-08,0.34043359183163513,0.18167659356007868,1.8738439837548861,0.05954032963441998,5.717697465262807,0.08731074849738904,3.899102890428382,False,False,0.37122016499089083,0.23342207474515483
1897,2026-04-13,2026-05-11,0.30113847630045043,0.17063432043070964,1.764817743231997,0.0654166423805266,4.6033924295401345,0.08733576875554813,3.448054337774638,False,False,0.3953256027992769,0.2336643645981667
1898,2026-04-14,2026-05-12,0.27706776469652594,0.16993608939142452,1.630423329669181,0.08396677289538404,3.299731014335045,0.09137737501330298,3.0321265483517075,False,False,0.3970173150994362,0.2499364237490339
1899,2026-04-15,2026-05-13,0.2304113957549529,0.17333952822804718,1.3292490069075382,0.08832008780939735,2.608822086456722,0.08824930042556771,2.6109147001033652,False,False,0.3893068964841022,0.22058227734371139
1900,2026-04-16,2026-05-14,0.209071020210318,0.17131264993812695,1.2204062005101681,0.101611337655706,2.0575560270520423,0.094581325448675,2.2104894303238685,False,False,0.3939468071127142,0.223345816154271
1901,2026-04-17,2026-05-15,0.264719512280799,0.16313588950047353,1.6226932840552575,0.07869656768894298,3.363799973172052,0.09803622132498681,2.700221496739074,False,False,0.4135849764305684,0.24876104921052813
1902,2026-04-20,2026-05-18,0.26234789368070227,0.16220826787970458,1.6173521677406872,0.08442845802246379,3.107339631986405,0.0971742920186535,2.6997664529456222,False,False,0.41595227669828977,0.24623074455817928
1903,2026-04-21,2026-05-19,0.30317954625862503,0.17381368106213346,1.7442789566734218,0.08616045365163143,3.518778434993586,0.10278616719619628,2.9496142771811082,False,False,0.3880651403716302,0.2536140865678032
1904,2026-04-22,2026-05-20,0.319538016449504,0.17507435124410176,1.8251560789962902,0.09403812742963567,3.397962349777747,0.10649946668319164,3.000371986838647,False,False,0.3852678583853788,0.25973810566577593
1905,2026-04-23,2026-05-21,0.3114532823196429,0.17434847016719,1.7863837980395092,0.08513107876099348,3.658514456207606,0.10842612537051138,2.872492964729225,False,False,0.3868862099806719,0.2605220605021155
1906,2026-04-24,2026-05-22,0.31244177921685545,0.17610043284211993,1.7742249361588465,0.08704250311451668,3.589531183470152,0.1120184097107387,2.7892002754160066,False,False,0.3830439290409242,0.26092776226731723
1907,2026-04-27,2026-05-25,0.3189952268675346,0.17780144288452043,1.7941093260683918,0.08709331757767397,3.6626831511274043,0.11219232499625557,2.8432892078685517,False,False,0.3793677523451363,0.2609652898051159
1908,2026-04-28,2026-05-26,0.29425897206235574,0.17880950005573462,1.6456562541175703,0.09045459422939006,3.253112509864607,0.11564012772033991,2.544609538775169,False,False,0.37727408148990765,0.25933572582120495
1909,2026-04-29,2026-05-27,0.28671257200169187,0.17580048898180647,1.6308974659983093,0.09328676065987675,3.073454046143215,0.11448351172156244,2.5044005699179723,False,False,0.3837541189025834,0.2565550319595973
1910,2026-04-30,2026-05-28,0.27595851908205205,0.18325590091762187,1.505864300686843,0.09863777533836633,2.7976960970115745,0.13222479377694438,2.08704064645832,False,False,0.3681593113218303,0.2512973717177843
1911,2026-05-01,2026-05-29,0.25629762308804044,0.21547680058646765,1.1894441647104,0.12562451722171505,2.0401879247480017,0.18327235167272893,1.3984521983201994,False,False,0.3131068813058868,0.23975505616449339
1912,2026-05-04,2026-06-01,0.28422598742313987,0.20808951692333624,1.3658832584433056,0.11812573624274958,2.406130928479909,0.15934219913074985,1.7837458562368365,False,False,0.324182577380311,0.238109957627959
1913,2026-05-05,2026-06-02,0.24593031005270546,0.23417088480184536,1.0502172815412594,0.15262690523244826,1.6113168885797537,0.21815303399289052,1.1273293135163098,False,False,0.28810882118162257,0.22700678046957096
1914,2026-05-06,2026-06-03,0.25447825811231717,0.24340296848912418,1.045501867507782,0.16800393130666202,1.5147160910646267,0.2272970769014244,1.1195843852522611,False,False,0.2771588791964076,0.23109817421560333
1915,2026-05-07,2026-06-04,0.2622062817155307,0.23743433051460394,1.1043318004908438,0.160539283436304,1.6332842411095247,0.21596204461305737,1.2141313173124002,False,False,0.28409439104978407,0.2048595358258062
1916,2026-05-08,2026-06-05,0.13428451400729016,0.09453787401983306,1.4204308632867995,0.03157080570893983,4.253439562021223,0.12638957608126705,1.0624651033005028,False,False,0.7150327426756193,0.23526296212340056
1917,2026-05-11,2026-06-08,0.1176298230795155,0.08734379281835097,1.3467450780864352,0.030270914047898004,3.885902582703268,0.041466634095479356,2.8367342960286077,False,False,0.7743552296296606,0.23649050475654237
1918,2026-05-12,2026-06-09,0.11734872903844923,0.0877565521136489,1.3372076068630985,0.033310394802398176,3.5228861661525768,0.04047180904144914,2.8995177586024563,False,False,0.7707139866270831,0.23807848046816463
1919,2026-05-13,2026-06-10,0.099246713454295,0.08403402074358736,1.181030165831599,0.03746294640009475,2.6491966860899114,0.05808470163306025,1.7086549584306798,False,False,0.8053331942161568,0.22763719233973373
1920,2026-05-14,2026-06-11,0.06526719673550058,0.07828842034449136,0.8336762505656176,0.051850755029284726,1.2587511348414964,0.08591184302039176,0.7596996460663632,False,False,0.8650150749605459,0.22779057290015184
1921,2026-05-15,2026-06-12,0.09347161804272378,0.07660701376202479,1.2201443895605681,0.0439311215216847,2.1276856771477037,0.06946469564182806,1.3455988999747375,False,False,0.8841359106833104,0.2585164890479658
1922,2026-05-18,2026-06-15,0.08118492697224297,0.07628044538939432,1.064295397828531,0.037194644590972006,2.1827047378736997,0.08956246556004077,0.9064615010829321,False,False,0.8880847367168321,0.2366942270100023
1923,2026-05-19,2026-06-16,0.0779439100353825,0.07638732865552211,1.02037748154383,0.0362490096454178,2.150235573269939,0.09095737246759932,0.8569278984300865,False,False,0.8868491287759737,0.23302694974026805
1924,2026-05-20,2026-06-17,0.07315050298834819,0.07413686819231564,0.986695348373649,0.03482475414431878,2.10053178509752,0.0894620017998143,0.817671206955935,False,False,0.9140470293597437,0.22252587595676068
1925,2026-05-21,2026-06-18,0.015254585511028693,0.072283079642712,0.2110395072599366,0.0638791866791118,0.23880369027955817,0.13169712879297546,0.1158308131000222,False,False,0.9378295263155597,0.2819000324243486
1926,2026-05-22,2026-06-19,0.01742714631413177,0.0724147494802499,0.24065741356855455,0.06524776146310882,0.26709186527395434,0.13236963856980372,0.13165516278826847,False,False,0.9361514308040086,0.2806157993030345
1927,2026-05-25,2026-06-22,0.01800130465668984,0.07230076631381498,0.2489780617062452,0.0638378800063671,0.281984687694742,0.1275706252832092,0.14110853981256738,False,False,0.9376023102153762,0.2800149459563387
1928,2026-05-26,2026-06-23,0.032905991072788014,0.0702285057485934,0.4685560474629219,0.052049163551425276,0.6322097960378643,0.1012244953718601,0.32507932938469075,False,False,0.9654266310389303,0.2911225649560401
1929,2026-05-27,2026-06-24,0.027826396787913148,0.06985111179504742,0.3983672710830938,0.05149931621964805,0.5403255582895837,0.09766339915883895,0.2849214447538993,False,False,0.9705384204247832,0.29237277977653414
1930,2026-05-28,2026-06-25,0.02555755721052674,0.07014372101736542,0.36435987198625347,0.05417694079694044,0.47174234710517404,0.10435123777200181,0.24491858224401453,False,False,0.9665929523972978,0.30376751287662507
1931,2026-05-29,2026-06-26,0.02550675606306929,0.070183462152071,0.36342972091918424,0.05413144909622876,0.47120031864889245,0.10474081195885819,0.2435226115402681,False,False,0.9660455057959464,0.30421394509919797
1932,2026-06-01,2026-06-29,0.02254194117812102,0.06996783291436923,0.3221757804862869,0.05298559873344772,0.42543524499028035,0.10322826796255354,0.21836984794027736,False,False,0.9689855761737677,0.30071657733537016
1933,2026-06-02,2026-06-30,0.02155223493049098,0.06947542239284525,0.31021380206405885,0.05145025744887825,0.41889459837796933,0.10479800102450669,0.2056550193686524,False,False,0.9760106541889578,0.29926295978040335
