start,start_date,end_date,beta,se_cl,t_cl,se_hac5,t_hac5,se_hc3,t_hc3,quiet,covid,shock_sd,usd_sd
0,2019-01-03,2019-01-31,-0.10843696315572941,0.09893220620624713,-1.0960734356784425,0.04849486990821205,-2.23605019172073,0.10631570458687194,-1.0199524480141517,True,False,0.6545943823525467,0.245587993804021
1,2019-01-04,2019-02-01,-0.06605254731686687,0.11913977252375058,-0.5544122329400895,0.08215489425004198,-0.804000150202045,0.12757868028441618,-0.5177396973351137,True,False,0.5433977781764059,0.24908170150025682
2,2019-01-07,2019-02-04,-0.1525814263291637,0.14283401537637777,-1.0682429246779963,0.0707752064053522,-2.1558598565616487,0.1200995443728588,-1.2704579948735046,True,False,0.4529533075296379,0.23873763186783412
3,2019-01-08,2019-02-05,-0.2226690882402138,0.15427400573282707,-1.4433351048512597,0.08584428488764786,-2.5938720152615966,0.09735568516261484,-2.287170881374682,True,False,0.4192068535080845,0.23047709230115543
4,2019-01-09,2019-02-06,-0.18751260957377308,0.16848311158281526,-1.112946026531592,0.09440397515269543,-1.9862787480132844,0.10859906870284654,-1.726650254127438,True,False,0.38387317933840204,0.23123690196794283
5,2019-01-10,2019-02-07,-0.10286430033651953,0.1561062461050496,-0.6589377613199306,0.08071112238882679,-1.2744749086869285,0.09358624810404388,-1.0991390553680582,True,False,0.4144390980741678,0.2053466166301145
6,2019-01-11,2019-02-08,-0.08232813134323126,0.16531016366986795,-0.49802219969755973,0.08202200815654447,-1.003732207898428,0.0979895376545042,-0.8401726685710814,True,False,0.3913287213109913,0.2044599308028054
7,2019-01-14,2019-02-11,-0.0455885594049172,0.17412132012260653,-0.26182066258638675,0.10400336218422736,-0.4383373618649315,0.1181260946920094,-0.3859313179173528,True,False,0.3714759248550682,0.22601243198270377
8,2019-01-15,2019-02-12,-0.03641994404440448,0.17788852557984836,-0.2047346444954189,0.1112758222030778,-0.32729431536293907,0.12256070153741551,-0.2971584169113633,True,False,0.3636221959604867,0.2354514249055653
9,2019-01-16,2019-02-13,-0.041698793600733745,0.17418000920486562,-0.23940057065727216,0.09463094945634618,-0.4406464675699957,0.11886990945701496,-0.3507935169733819,True,False,0.37137997780632237,0.23214282845286385
10,2019-01-17,2019-02-14,-0.04406538394902531,0.16172521382221566,-0.2724707107048029,0.08453557325729885,-0.5212643890744619,0.10349474787072505,-0.42577410791963316,True,False,0.4000071346490417,0.22857379388883942
11,2019-01-18,2019-02-15,-0.02041727747649926,0.16410214043012253,-0.12441810583935244,0.07898520497519392,-0.25849496096023944,0.10741224032086012,-0.19008334073946412,True,False,0.3942427526351107,0.22556039133871933
12,2019-01-21,2019-02-18,0.012103649164615819,0.1735881529439502,0.06972623971938892,0.08027205162135882,0.1507828555536168,0.1197231704672785,0.10109696491811385,True,False,0.3726759912568804,0.22433971107393708
13,2019-01-22,2019-02-19,0.02846818541429735,0.1746807329871553,0.16297266978145028,0.08261860076051661,0.3445735603392388,0.122314721158449,0.2327453731216791,True,False,0.3703483922417462,0.2396604538756939
14,2019-01-23,2019-02-20,0.05890573018490126,0.17773148944470166,0.33143102760768145,0.09312721606451427,0.6325297015653734,0.1246961930639227,0.4723939740061235,True,False,0.36397369721054074,0.23646013548056793
15,2019-01-24,2019-02-21,0.04576285886230353,0.19112284655188788,0.23944211635566753,0.1011796514913971,0.4522931062496747,0.15005884919643916,0.3049660790240784,True,False,0.3384417924305888,0.23430839505842965
16,2019-01-25,2019-02-22,0.061041091888049244,0.16205920899212634,0.3766591992375758,0.07665582545700672,0.7963007576284574,0.10189042438046499,0.5990856575502927,True,False,0.39922813171639837,0.2382911825247796
17,2019-01-28,2019-02-25,0.009665261594492505,0.1651651564281771,0.05851876874948193,0.08436382990872912,0.11456641554738663,0.09417841364392128,0.10262714374268235,True,False,0.39172225741361766,0.20959094213709234
18,2019-01-29,2019-02-26,0.02014486742791099,0.16492805281471853,0.12214336545003593,0.0802635995614376,0.25098385243102816,0.09033495699551891,0.22300190422308258,True,False,0.39228376700251577,0.2101046807634135
19,2019-01-30,2019-02-27,0.02176538263849564,0.1650625348740075,0.1318614345472714,0.08034108746193774,0.27091222344740074,0.0905723990962711,0.2403092206419398,True,False,0.39196300287762814,0.21013862080287635
20,2019-01-31,2019-02-28,0.020513297033760144,0.1672117449485206,0.1226785656717808,0.07555839546388125,0.2714893150896249,0.09264951616647708,0.22140749226257017,True,False,0.38691381725224167,0.21227748895496204
21,2019-02-01,2019-03-01,0.05212883926422939,0.16845648079453973,0.30944988888738006,0.05124226895573082,1.0173015427803265,0.07683767110899531,0.678428152647728,True,False,0.383976923683144,0.19268361458896832
22,2019-02-04,2019-03-04,0.08427134069526233,0.17013833410472062,0.4953107195900548,0.04570717826782973,1.8437222311440602,0.06919086969693167,1.217954638587227,True,False,0.3801746708791992,0.19133064919670612
23,2019-02-05,2019-03-05,0.08184068798024571,0.17234200486980195,0.47487371428731695,0.046421567943223656,1.762988447101609,0.0708205002066768,1.1556073134390255,True,False,0.3753048644520495,0.19116787799254112
24,2019-02-06,2019-03-06,0.081915966930335,0.16890204534269712,0.484990970737684,0.04272381688756587,1.9173372815895438,0.0680793934764855,1.2032417262740247,True,False,0.3829628490210912,0.19115674862880275
25,2019-02-07,2019-03-07,0.1297971626166333,0.161104621033909,0.805670016065609,0.06071185124596506,2.1379213440680527,0.08209192779147591,1.581119680199676,True,False,0.4014561847324465,0.20997116600004503
26,2019-02-08,2019-03-08,0.12381544833066302,0.17386416366970367,0.7121389808993641,0.06601630906254698,1.8755281852148746,0.10067296859750319,1.2298777919789463,True,False,0.37198910296852805,0.21091312694916958
27,2019-02-11,2019-03-11,0.12574365241659272,0.17107408205143373,0.7350245630941784,0.0671179773722959,1.8734720165821859,0.09894829659142332,1.2708015877808652,True,False,0.3780707366929745,0.2118227852629627
28,2019-02-12,2019-03-12,0.1019808613544658,0.17291047861267791,0.5897899431699826,0.0917884405332771,1.1110425317389887,0.10544905195250072,0.9671102723654912,True,False,0.3741132309461951,0.20033317838637202
29,2019-02-13,2019-03-13,0.10637740896095693,0.1728613945368396,0.6153913616512342,0.09055093745294115,1.1747797643314373,0.10387820026206576,1.0240590296384238,True,False,0.37421407915476956,0.19558410381037775
30,2019-02-14,2019-03-14,0.1499518612279387,0.17817212022247006,0.8416123748244402,0.08866273527699754,1.6912613936335648,0.10060911048323791,1.4904401848669717,True,False,0.36301635568478463,0.19138977688202138
31,2019-02-15,2019-03-15,0.1568119470007749,0.17961366597419687,0.8730513134969493,0.09042486705041196,1.7341683998645203,0.10912159131603393,1.4370386750191528,True,False,0.3600941340433559,0.1920141548403452
32,2019-02-18,2019-03-18,0.16419621882539784,0.17805283300906338,0.9221769519221286,0.08794343136696574,1.8670663206243165,0.1078531486446692,1.522405427090083,True,False,0.36324727112609306,0.19273295052979086
33,2019-02-19,2019-03-19,0.16878548606076535,0.17964778613579288,0.9395355750901551,0.09346016335785383,1.8059618129972126,0.11438199400021101,1.4756298623405182,True,False,0.3600126226292245,0.19561492472390993
34,2019-02-20,2019-03-20,0.08122780738162778,0.15188368947456118,0.5348027010841907,0.09187062270383989,0.8841543138711384,0.12720346180855774,0.6385660124869581,True,False,0.42601500033776757,0.180218194515874
35,2019-02-21,2019-03-21,0.02464933987181931,0.12332503932930185,0.1998729536667795,0.07640436654343537,0.3226168998836778,0.08763743425495843,0.28126496492478814,True,False,0.5249790499403824,0.18032342939665516
36,2019-02-22,2019-03-22,0.07603236398820581,0.11156581590645177,0.6815023344781447,0.05614991339282294,1.354095837268455,0.09700081110534874,0.7838322496667588,True,False,0.5804483794061657,0.20694715446414283
37,2019-02-25,2019-03-25,0.0595480400513281,0.11953882737179963,0.4981481026756003,0.059582498476276384,0.9994216686807451,0.10412385391583229,0.5718962352225581,True,False,0.5416338306174404,0.2084147231405473
38,2019-02-26,2019-03-26,0.03370209352453139,0.11656078629132083,0.2891374929498126,0.061495277958693535,0.5480436001471387,0.1027282896477694,0.32807022914610734,True,False,0.555528248729823,0.21056668019502528
39,2019-02-27,2019-03-27,0.07345012430204294,0.10882463690435322,0.6749402193420484,0.05827751375004065,1.2603510269343243,0.09159594163050332,0.801892780341073,True,False,0.5950909115113362,0.22665349321595107
40,2019-02-28,2019-03-28,0.06155495671889856,0.10366284294555113,0.5937996197078087,0.052560481360638255,1.1711261983417856,0.08020270998010343,0.7674922298033199,True,False,0.6248665467181035,0.2265439874884755
41,2019-03-01,2019-03-29,0.0597237601546365,0.09510560910023527,0.6279730577372303,0.041684531437357994,1.4327559431581283,0.06877384074009299,0.8684080969149571,True,False,0.6813871477012142,0.22796307621728862
42,2019-03-04,2019-04-01,0.06660092408108821,0.08818768923379491,0.7552179296196558,0.03672805620519566,1.8133528142354194,0.06062902955383731,1.0984989298228498,True,False,0.7351529059666915,0.22457201096423324
43,2019-03-05,2019-04-02,0.06272259661384154,0.08817097448719678,0.71137465564645,0.036664585518199226,1.7107133689731167,0.06102642433958248,1.0277940628607156,True,False,0.7353025966236644,0.2251986727544658
44,2019-03-06,2019-04-03,0.07470662514626536,0.08769798797176097,0.851862475685544,0.03743129618264358,1.9958332402313625,0.06322954295949068,1.1815145523687829,True,False,0.7392548100866301,0.23769406034730484
45,2019-03-07,2019-04-04,0.06219593485361179,0.08740427454374808,0.7115891662996542,0.03577510742586456,1.7385254532777612,0.06397739757835906,0.9721548110398621,True,False,0.7417997405173596,0.24040009504694687
46,2019-03-08,2019-04-05,0.03537541892125618,0.08605027527153127,0.41110175196568755,0.03236582812214548,1.092986676804709,0.06459092687759002,0.5476840267101009,True,False,0.7536004676116613,0.21704228616053248
47,2019-03-11,2019-04-08,0.04060889835294147,0.08603685393789623,0.47199422682579834,0.03170521230804038,1.2808272014833073,0.06539396647413119,0.6209884572303119,True,False,0.7537006035036834,0.22174541603590195
48,2019-03-12,2019-04-09,0.042586858255089885,0.08635365234695275,0.4931680027149737,0.03216902789316656,1.3238466016604846,0.06605304215285623,0.6447372727593345,True,False,0.7509029178435449,0.22297246506525076
49,2019-03-13,2019-04-10,0.03868502150815403,0.08601206864033671,0.4497627149268688,0.030376435486814995,1.2735207699055213,0.0646711428779904,0.5981805761672992,True,False,0.7539342021968414,0.21422130544668994
50,2019-03-14,2019-04-11,-0.003087941923313915,0.07974832624217419,-0.03872108756159555,0.048682937591229686,-0.06342965474355872,0.07173071585073379,-0.04304908833950144,True,False,0.8136316380091348,0.21535528523200834
51,2019-03-15,2019-04-12,-0.011863285637339141,0.07924809343935234,-0.14969805735980232,0.057219433926545236,-0.20732965748260446,0.0734513697592288,-0.16151210898076654,True,False,0.8188055385148656,0.22108250973440569
52,2019-03-18,2019-04-15,-0.018499591720112413,0.0811047743448149,-0.22809497800292083,0.05814821311073646,-0.31814548943889487,0.0748551234057291,-0.24713861761794292,True,False,0.7999160000822098,0.21983287963499393
53,2019-03-19,2019-04-16,-0.022419305756472288,0.0814549021421475,-0.27523580738392156,0.0573967222525738,-0.39060254447660475,0.07351028730504353,-0.3049818818343008,True,False,0.796433406086304,0.2206549180473196
54,2019-03-20,2019-04-17,-0.028517074571136832,0.08132521082614617,-0.3506547881209863,0.05922992915391917,-0.4814639318076897,0.07303679574291734,-0.39044805130162413,True,False,0.7977037132120964,0.21916008038712934
55,2019-03-21,2019-04-18,-0.015300609157417086,0.08403972511379881,-0.1820640076665936,0.05915074975068789,-0.2586714322626003,0.07543635936006521,-0.20282804323026465,True,False,0.7717375078359391,0.22085913836408952
56,2019-03-22,2019-04-19,0.003199701047041034,0.09153673944630111,0.03495537492809757,0.07198882433258773,0.04444719130650674,0.08714782978049303,0.036715785752788166,True,False,0.7081401431346299,0.22096164331859916
57,2019-03-25,2019-04-22,-0.0391533493679007,0.09883133716051333,-0.3961633070319711,0.0807192152196668,-0.4850561202973787,0.1008780138450496,-0.3881256963290428,True,False,0.6556167729520553,0.19824521742437431
58,2019-03-26,2019-04-23,-0.00859287520515199,0.0980360210126622,-0.08765018323257066,0.07441908155906968,-0.11546602061101023,0.08777363567737709,-0.0978981346601179,True,False,0.6609000968402114,0.203180897999514
59,2019-03-27,2019-04-24,0.009774374058762463,0.09389223583228061,0.10410204818449946,0.07060621098825946,0.13843504589685127,0.07926978657446451,0.12330516431478725,True,False,0.690246915113556,0.20452274313333932
60,2019-03-28,2019-04-25,-0.008040249002108318,0.09269849578732636,-0.0867354851210819,0.06721333816574533,-0.11962281924283234,0.06701663447867097,-0.11997392982584415,True,False,0.6992087929590101,0.19487728039994948
61,2019-03-29,2019-04-26,0.01297978965155132,0.09556431058777462,0.13582256358799916,0.08194459295360987,0.15839714597031904,0.07290302732036845,0.17804184721317992,True,False,0.6781490809901272,0.2029805402847638
62,2019-04-01,2019-04-29,0.0131712978430876,0.10056657807618424,0.13097092587867193,0.08908641882380722,0.14784854994718608,0.08425067456734248,0.15633462771339166,True,False,0.6442503392851724,0.20136557791100237
63,2019-04-02,2019-04-30,-0.013921089465162836,0.10577121185324884,-0.1316151079414454,0.09756605648273528,-0.1426837361990359,0.10240023102337255,-0.13594783259800838,True,False,0.6124288746934815,0.20108361078589682
64,2019-04-03,2019-05-01,-0.017772455742448873,0.10569780660595138,-0.16814403546429113,0.10501967079359689,-0.16922977960365562,0.1092398060125924,-0.16269212104239905,True,False,0.612880538654773,0.20844975300831295
65,2019-04-04,2019-05-02,-0.05268549222477862,0.1052362581104284,-0.500640113690604,0.10000958482016044,-0.5268044289906703,0.09998355063327251,-0.5269416008041422,True,False,0.6154660651090583,0.2191811448108775
66,2019-04-05,2019-05-03,-0.0448597868268375,0.10577680146194708,-0.42409853774010825,0.10598148116912617,-0.4232794855475728,0.10746239506189739,-0.4174463709002452,True,False,0.6123809514005658,0.22388306871287028
67,2019-04-08,2019-05-06,-0.04402294213430074,0.09503457220920782,-0.4632308128602845,0.0827257934201772,-0.5321549702243574,0.08643479173053219,-0.5093196993121243,True,False,0.6819545341194441,0.22470049912507062
68,2019-04-09,2019-05-07,-0.04570765681851478,0.0945704930076592,-0.48331837304488784,0.0775787914522138,-0.5891772218012615,0.08319426647070352,-0.5494087364134705,True,False,0.6852816923797574,0.21956898028749836
69,2019-04-10,2019-05-08,-0.06292176489535901,0.09268974824155732,-0.6788427640495859,0.07736390860940795,-0.8133219485204154,0.08119731615863392,-0.7749241954306686,True,False,0.6992297795512045,0.2176825123125543
70,2019-04-11,2019-05-09,-0.04775671876737018,0.08431614843721191,-0.566400620195945,0.06364010333452806,-0.7504186238720275,0.07266377534613447,-0.6572287021955667,True,False,0.7691281050492088,0.2214919543959143
71,2019-04-12,2019-05-10,0.008843905485814083,0.07768198293876037,0.11384757637798801,0.039502601919380265,0.2238815940241951,0.04255327832955156,0.2078313547859447,True,False,0.8354342596673354,0.23059251731909014
72,2019-04-15,2019-05-13,0.01976119205751452,0.07661899585566374,0.2579150488312456,0.03889814326795439,0.508024044268315,0.042567891816213156,0.46422764234680575,True,False,0.8470318385452461,0.22970212463859882
73,2019-04-16,2019-05-14,0.021627072268980706,0.07626526936925315,0.28357694725064203,0.03779205746378793,0.572265013348469,0.04132652810085021,0.5233217805329206,True,False,0.8510070982761878,0.22944756528805146
74,2019-04-17,2019-05-15,0.02458434886519985,0.07663555538663556,0.3207955986117523,0.03656686092842401,0.6723122587230352,0.04103093505933041,0.5991661859436319,True,False,0.8469018963605571,0.2300832165051424
75,2019-04-18,2019-05-16,0.014071418427137727,0.07511826790523977,0.18732352088959967,0.0371792636265137,0.378474909252989,0.042583880223536166,0.33044002456498633,True,False,0.8641036597729451,0.2268952721708299
76,2019-04-19,2019-05-17,0.017093508028012364,0.07521549684259612,0.22726045490045807,0.03707159192982774,0.46109452381673843,0.04303558057744761,0.3971947815889361,True,False,0.8629359630732498,0.23478993209090734
77,2019-04-22,2019-05-20,0.02028852683541212,0.07481823581348855,0.2711708798639491,0.036206627454325506,0.5603539534579961,0.04168978711838799,0.4866546038673226,True,False,0.8675731576443837,0.23781766424031184
78,2019-04-23,2019-05-21,0.019114111101921048,0.0730979929915859,0.26148612731571463,0.03552339453538518,0.5380710754677824,0.03939225545985649,0.4852251001824378,True,False,0.8881751859026381,0.23863259416274907
79,2019-04-24,2019-05-22,0.016804419393226088,0.07285134933214626,0.23066723605366357,0.034049350654201074,0.4935312735884062,0.03811971955257841,0.44083271310660627,True,False,0.8912758671359858,0.23089937653256787
80,2019-04-25,2019-05-23,0.010346777304519439,0.07365368293049951,0.1404787499123809,0.03282944274965874,0.31516761900038626,0.03906936767354976,0.2648309384214652,True,False,0.8815131679079111,0.22727630894351056
81,2019-04-26,2019-05-24,-0.0005797838596176135,0.07804806644641527,-0.0074285486625817986,0.03380512713149839,-0.017150767023070647,0.04198977537118697,-0.013807739014852084,True,False,0.8314980006532902,0.2212122429424878
82,2019-04-29,2019-05-27,-0.014424428236794733,0.08204548005163359,-0.17581015100060385,0.041187360298460235,-0.3502149235170573,0.048979837456758976,-0.2944972663400342,True,False,0.7906745356650651,0.21264964526959018
83,2019-04-30,2019-05-28,-0.021653803940911504,0.08148321951426808,-0.26574556172415137,0.04403767829717064,-0.49171084349155464,0.05197652856895092,-0.41660735214715316,True,False,0.7961438188192077,0.2162077495547338
84,2019-05-01,2019-05-29,-0.01126270525297503,0.08122562172499631,-0.1386595142491726,0.037720447600798256,-0.29858355267069214,0.04949348877848805,-0.22755933216553276,True,False,0.7986413372308907,0.21410214163481042
85,2019-05-02,2019-05-30,-0.006311289103511225,0.07951031964222502,-0.07937698064742191,0.03688012385190325,-0.17112982399015242,0.0466682520496426,-0.1352373150123063,True,False,0.8159510431133102,0.2047110001692535
86,2019-05-03,2019-05-31,0.020079628871619036,0.07953459582184112,0.2524640838886986,0.02361676356194438,0.8502277976807535,0.03482692142468675,0.5765548044503805,True,False,0.815758332456159,0.18753569298374856
87,2019-05-06,2019-06-03,0.008964811097463608,0.07940491666452033,0.11289994970134211,0.024293379120109027,0.36902281288826216,0.036525999080682076,0.24543643769089757,True,False,0.8171140491910636,0.18429652851451842
88,2019-05-07,2019-06-04,0.003569145579793421,0.08520139645950153,0.04189069344056972,0.03263863530935288,0.10935339501681467,0.04493143168817822,0.07943538511221063,True,False,0.7611856454811989,0.2016325456532828
89,2019-05-08,2019-06-05,-0.0039470419152299275,0.08541890755632144,-0.04620805894324302,0.03549882581166607,-0.11118795692484006,0.047344800568233654,-0.08336801228133643,True,False,0.7592498637531918,0.19846261688587005
90,2019-05-09,2019-06-06,0.008677249550014933,0.0869292768897241,0.09981964489389039,0.03935915072580181,0.22046333292264306,0.0448037988848549,0.19367218329667393,True,False,0.7459634551482567,0.1977162432306538
91,2019-05-10,2019-06-07,-0.00010831536527328514,0.1012284845773913,-0.0010700087601378224,0.04907424192121146,-0.0022071734790561843,0.06627583391855668,-0.0016343116166050646,True,False,0.6400685365516707,0.1940423513968069
92,2019-05-13,2019-06-10,-0.005611371208826781,0.13766285106250054,-0.040761695443015,0.0636197225915551,-0.08820175537155889,0.10978225276878509,-0.05111364603389054,True,False,0.47016231341216025,0.19027771982664268
93,2019-05-14,2019-06-11,-0.057776996253964305,0.14875297317612768,-0.3884090181213032,0.06138410989541907,-0.9412370131683875,0.11614152808782441,-0.49747060509031915,True,False,0.43500630455803246,0.175518518737271
94,2019-05-15,2019-06-12,-0.052994418934519075,0.15032081791929774,-0.3525421140468383,0.06091595290153388,-0.8699596150154726,0.11662527376313009,-0.4543990957067552,True,False,0.43046229958161164,0.17597002272186657
95,2019-05-16,2019-06-13,-0.04738739278288359,0.15348355884902254,-0.3087457258500061,0.06691199629662122,-0.7082047376499581,0.12561355706979488,-0.3772474395940691,True,False,0.42158542900271134,0.1799858118459626
96,2019-05-17,2019-06-14,-0.033023122506000514,0.1584159613533686,-0.20845830321565825,0.07574354270201793,-0.435985977523081,0.1289225921946553,-0.2561469013603152,True,False,0.408439635407253,0.18484157422769573
97,2019-05-20,2019-06-17,-0.06647100069977127,0.1608014491124343,-0.41337314474880105,0.06675299801299477,-0.995775510889135,0.13001099782175252,-0.5112721370764668,True,False,0.4023507245310864,0.16617018635023362
98,2019-05-21,2019-06-18,-0.07951794685501674,0.15927964824587842,-0.49923482209268616,0.0648005444227256,-1.227118499750285,0.1233995555289516,-0.6443941107742523,True,False,0.40619311867241564,0.16521810965826697
99,2019-05-22,2019-06-19,-0.08021867606232479,0.17020704533694642,-0.47130056163962986,0.07062198337655497,-1.135888178537842,0.13600357258683346,-0.5898277121441645,True,False,0.38006713085155835,0.16574715912600047
100,2019-05-23,2019-06-20,-0.14293661112620173,0.17068773382680252,-0.8374158348791486,0.11075223425172256,-1.2905979919224844,0.15178992895603716,-0.9416738785588363,True,False,0.3788600437325838,0.24616380828705736
101,2019-05-24,2019-06-21,-0.16379841907485937,0.1736970254012534,-0.9430122288880453,0.1321717135756826,-1.2392849774249697,0.17017132188506787,-0.962550077535904,True,False,0.37228484548469337,0.24663343063871618
102,2019-05-27,2019-06-24,-0.17737584926338176,0.1630560650062229,-1.0878212304253285,0.11952698767380182,-1.4839815903957512,0.14296341313828798,-1.240707992133671,True,False,0.3965781192510304,0.24706165169918354
103,2019-05-28,2019-06-25,-0.16690474702116326,0.16048160056963887,-1.0400241923605265,0.10782225066529388,-1.5479620021963334,0.13215012076035837,-1.2629935263080772,True,False,0.4029494494382974,0.24688629366391768
104,2019-05-29,2019-06-26,-0.13437756648085047,0.16260365434914167,-0.8264117249930663,0.11901774980540406,-1.1290548401440959,0.12671504053958962,-1.0604705322164723,True,False,0.39767081934455656,0.23940018058730672
105,2019-05-30,2019-06-27,-0.18488340052657148,0.16844678076565042,-1.097577523810255,0.11037648908787816,-1.6750251983406843,0.13647580075522475,-1.354697312662542,True,False,0.3837912560991498,0.23415706265247455
106,2019-05-31,2019-06-28,-0.21691342496780103,0.18455533764903256,-1.1753299998307476,0.11605806837184211,-1.8690077132149507,0.15638280496119836,-1.3870669797847757,True,False,0.35022820043617114,0.2338191617687895
107,2019-06-03,2019-07-01,-0.31802753406151596,0.15763223731324436,-2.0175285175299296,0.07111511978536668,-4.47201010166837,0.08642764097218376,-3.6796970330807857,True,False,0.40987421750196446,0.22410694157234437
108,2019-06-04,2019-07-02,-0.31161316895881724,0.14811201251718129,-2.1039020648150975,0.06471770385828927,-4.814960209978227,0.08504552301034303,-3.664074932209184,True,False,0.43631992270172915,0.2249195407994104
109,2019-06-05,2019-07-03,-0.27621701522438147,0.15677128364915685,-1.7619107836262653,0.08224838480637574,-3.358327532809734,0.09363925158676245,-2.94979947558049,True,False,0.4123600184088483,0.21688024645435275
110,2019-06-06,2019-07-04,-0.29063339264469035,0.16292382707020406,-1.7838605799473155,0.0842367769726362,-3.450196019953385,0.10679357754476783,-2.7214501033346967,True,False,0.39676308670142124,0.2171849094398334
111,2019-06-07,2019-07-05,-0.31804955168684457,0.16096036932957103,-1.9759494402974989,0.08866455810719123,-3.5871103231839014,0.1117370377894806,-2.8464111630207105,True,False,0.40156060688628026,0.22754606388402138
112,2019-06-10,2019-07-08,-0.3282023773069788,0.16098107769579753,-2.0387636982228172,0.08878876019026606,-3.696440592296498,0.1110927603109114,-2.9543093212235463,True,False,0.4014875142302881,0.22437293057881322
113,2019-06-11,2019-07-09,-0.3409303796845012,0.16149069055905235,-2.111145716847579,0.08978757939199841,-3.797077301706207,0.10966061172260785,-3.1089593093544114,True,False,0.4001931363590143,0.22155883302555524
114,2019-06-12,2019-07-10,-0.35176120871881544,0.1628857456839729,-2.1595579603465995,0.09599821194654128,-3.664247506137942,0.11471587180816019,-3.06636913597333,True,False,0.3967393100030255,0.2206372717947911
115,2019-06-13,2019-07-11,-0.346520484636809,0.16273713101062284,-2.129326494112702,0.08846949319636485,-3.916835873216546,0.10989612354768694,-3.153163855560786,True,False,0.39710900858830467,0.2246157919754854
116,2019-06-14,2019-07-12,-0.34072710643593235,0.16182049394850817,-2.105586864321109,0.08172240399025911,-4.169323096228854,0.10599855862329131,-3.214450374243708,True,False,0.39936200795897087,0.22047050432402948
117,2019-06-17,2019-07-15,-0.3205052584609432,0.157951149278246,-2.029141667695894,0.06640868054831742,-4.826255480678478,0.09023958925564826,-3.5517145091712856,True,False,0.40916267866140504,0.21129571773797517
118,2019-06-18,2019-07-16,-0.26982973063725096,0.15390106631122047,-1.7532674535964439,0.0864548622251691,-3.1210474887402806,0.09407152091736383,-2.8683466367497146,True,False,0.42008355579276874,0.22283315490545438
119,2019-06-19,2019-07-17,-0.2723899958823047,0.15291444858090214,-1.7813228142283226,0.08498867158750324,-3.2050153366834953,0.092292733899923,-2.9513698898297775,True,False,0.4227845737706947,0.22326859053468273
120,2019-06-20,2019-07-18,-0.25657522049431125,0.1485576547157345,-1.7271087173883342,0.08423484916906568,-3.0459509695250415,0.08522609180757491,-3.010524301332644,True,False,0.43523514939596936,0.22322049255447343
121,2019-06-21,2019-07-19,-0.1960441752024371,0.1493884033131834,-1.3123118719693578,0.04967210685094023,-3.9467658537364065,0.05831281900724419,-3.3619395964733343,True,False,0.432984833867308,0.12196809990818581
122,2019-06-24,2019-07-22,-0.1985300678817464,0.15099698674297768,-1.3147948986536933,0.04807575809557038,-4.12952547699999,0.05821867726193382,-3.410075206424433,True,False,0.4283606670426061,0.12432302098892217
123,2019-06-25,2019-07-23,-0.15970453537720664,0.1597743756261084,-0.9995628820414532,0.048929017715365355,-3.264004528074841,0.0645640117145501,-2.4735844495427433,True,False,0.40483611796091373,0.12979040413947746
124,2019-06-26,2019-07-24,-0.16392119314495038,0.16023116609973054,-1.0230293964341688,0.04838052522228474,-3.3881648120150216,0.06485103251380597,-2.5276574140905717,True,False,0.40367713336681127,0.13049852475975868
125,2019-06-27,2019-07-25,-0.16872110765829182,0.16068920484902702,-1.0499840845986577,0.04498240442419863,-3.7508245683622685,0.061817308846587024,-2.7293505784441314,True,False,0.4025122076189194,0.12887804081012977
126,2019-06-28,2019-07-26,-0.1837737361478917,0.15843339409848894,-1.1599431874422264,0.04132052136875547,-4.447517360873677,0.06008045731486259,-3.058793896737369,True,False,0.4082137427097841,0.13442208751102247
127,2019-07-01,2019-07-29,-0.17946840433016586,0.14999893898143712,-1.1964644920080114,0.03627607386516576,-4.947294048336943,0.052941672978952733,-3.3899269560581238,True,False,0.431201892629747,0.13209651061762848
128,2019-07-02,2019-07-30,-0.17626899624054101,0.18283348529588273,-0.9640958052912557,0.05722863010198648,-3.0800841454078856,0.07952744281198125,-2.216454974634053,True,False,0.3537065061244553,0.13076822676851838
129,2019-07-03,2019-07-31,-0.18533742141156354,0.22728566057807606,-0.8154382504385811,0.09904278558857897,-1.871286437575071,0.13470372553386814,-1.375889350328063,True,False,0.28449018874304,0.1339672822117456
130,2019-07-04,2019-08-01,0.02541190492461214,0.16357900190414393,0.1553494313377907,0.11650989476942267,0.21810941443989137,0.22855758442227042,0.11118381824364446,True,False,0.39549830175443207,0.16587966906093568
131,2019-07-05,2019-08-02,-0.036082608272539375,0.107729452486194,-0.33493726589916084,0.04832788517994879,-0.746620882295715,0.09911514055214181,-0.3640473904545117,True,False,0.6012362116515808,0.1660557408978053
132,2019-07-08,2019-08-05,-0.011443106734832752,0.07243716175570572,-0.15797287548930508,0.026497603028364607,-0.43185441047567097,0.035935822642290845,-0.3184317456355098,True,False,0.8964786873374292,0.17194397375724776
133,2019-07-09,2019-08-06,-0.04379736064986251,0.06196347161038447,-0.7068254813941461,0.02490126175718536,-1.7588410208661256,0.04328060444503886,-1.0119396716254245,True,False,1.0496166302765217,0.16913670606728215
134,2019-07-10,2019-08-07,-0.047107782062528386,0.05985660569421169,-0.7870105816421837,0.02550592014262578,-1.8469352134370298,0.040926918079461104,-1.151021974610131,True,False,1.087053033833851,0.16921860266466668
135,2019-07-11,2019-08-08,-0.03418707373144246,0.05797861365826913,-0.5896497272760604,0.022969656513667384,-1.4883580741009557,0.042092869630746516,-0.8121820638826366,True,False,1.1228700259027473,0.18490640383855664
136,2019-07-12,2019-08-09,-0.03945349659044537,0.058348067351938496,-0.6761748654411021,0.021544742076055102,-1.8312355028976708,0.041368133762198334,-0.9537171006369513,True,False,1.1156103412428497,0.1750739067604838
137,2019-07-15,2019-08-12,-0.03681110832369798,0.05780117545092801,-0.6368574347583958,0.02252989683135601,-1.6338782462805634,0.04081254075250123,-0.9019558117425459,True,False,1.1263204101988242,0.17793086747601558
138,2019-07-16,2019-08-13,-0.03636358301757837,0.05653317291335338,-0.6432255814353759,0.02218454908745114,-1.6391400552805333,0.037757360425892415,-0.9630859415861536,True,False,1.151928041300679,0.17600303738268097
139,2019-07-17,2019-08-14,-0.03977184578984205,0.0563644067893378,-0.705619877070462,0.02077964805976666,-1.9139807216873845,0.03702784126056313,-1.0741065218998185,True,False,1.1553878108510733,0.17753336785798643
140,2019-07-18,2019-08-15,-0.040885464741704965,0.0560101095704573,-0.7299658053743592,0.020631184701030324,-1.9817313127763885,0.03602913847936095,-1.1347888533367494,True,False,1.1627588254478942,0.17169803049262175
141,2019-07-19,2019-08-16,-0.034947797771047354,0.053493176408694464,-0.6533131909019922,0.020848819232613402,-1.6762482988187262,0.03322874434946058,-1.0517339266120862,True,False,1.2183987114286294,0.17704103575013436
142,2019-07-22,2019-08-19,-0.042584319095408885,0.05281675844668276,-0.8062652905591835,0.020089236100942987,-2.1197580077925404,0.031884691161111256,-1.3355725755734347,True,False,1.2340540890443745,0.17954116717120217
143,2019-07-23,2019-08-20,-0.0408823389057073,0.052919429145344116,-0.7725393029736443,0.01997897784498666,-2.0462677932227615,0.03241321715621801,-1.2612860583592087,True,False,1.2317033627586755,0.18130704805829198
144,2019-07-24,2019-08-21,-0.034489717672123284,0.052369445079675475,-0.6585847457358052,0.02013373654458469,-1.7130311403324625,0.03323087061440223,-1.0378818560707666,True,False,1.2450586269748416,0.1861070941027394
145,2019-07-25,2019-08-22,-0.033928963835553744,0.05235710286581726,-0.6480298178932505,0.02042684280717106,-1.6609989196980857,0.032848007148949795,-1.0329078315680562,True,False,1.2452934824717115,0.1845064114963793
146,2019-07-26,2019-08-23,-0.032429827382744074,0.052109060869351596,-0.6223452666716157,0.020739774521216225,-1.5636538068226944,0.0327068788103901,-0.9915292611914405,True,False,1.2513599638717325,0.1866363977770607
147,2019-07-29,2019-08-26,-0.023241504196146734,0.051066045387860574,-0.45512637643313,0.023633557933433108,-0.9834111419706401,0.03380401354649129,-0.6875368264831115,True,False,1.2775183709406348,0.19119589369785042
148,2019-07-30,2019-08-27,-0.025758026747625704,0.05009128915456124,-0.5142216777082131,0.022259085725285108,-1.157191587539734,0.03159488195422895,-0.8152594709782738,True,False,1.3027737129950665,0.19090578827041282
149,2019-07-31,2019-08-28,-0.026112279335354874,0.05008521121710548,-0.5213570772850572,0.022336376264666925,-1.1690472539478531,0.03143892551777701,-0.8305716211767414,True,False,1.3028976093044657,0.19044300159135127
150,2019-08-01,2019-08-29,-0.027265146693294873,0.050112603171588596,-0.5440776365166534,0.02290921816344564,-1.1901386812405335,0.031191294396046648,-0.8741268107408394,True,False,1.3020445778249052,0.18515876261793787
151,2019-08-02,2019-08-30,-0.03711475832410187,0.050792875456983265,-0.7307079583540125,0.023249694718032652,-1.596354652145835,0.028796330010707052,-1.2888711273381663,True,False,1.2842971194995487,0.1640275362195253
152,2019-08-05,2019-09-02,-0.028526937284165683,0.05427305157221902,-0.5256188192441328,0.02301252486789996,-1.2396265706575182,0.029989706668217195,-0.9512242850443835,True,False,1.2005296445074083,0.16488994390460074
153,2019-08-06,2019-09-03,-0.027336290238963064,0.06853276928303069,-0.3988791132322121,0.030661959683946065,-0.8915376094919253,0.045394340511406416,-0.602195999126679,True,False,0.9477757106826428,0.1541486001216901
154,2019-08-07,2019-09-04,0.04630457822670672,0.06668114665941413,0.6944178459200113,0.03567696581961604,1.2978844238275264,0.05063439780371015,0.9144885736809104,True,False,0.9744789655780731,0.20361960182812638
155,2019-08-08,2019-09-05,0.07043809750686993,0.07081597261794595,0.9946639847324463,0.03470312463097211,2.029733583240651,0.041795145839662345,1.685317662895347,True,False,0.9168885108167921,0.20804865856778346
156,2019-08-09,2019-09-06,0.07083769295732248,0.06963242813223906,1.0173089587339177,0.03842131235540666,1.8437083122527482,0.04013855352033349,1.7648292413287225,True,False,0.9326139957981014,0.2094529340169295
157,2019-08-12,2019-09-09,0.07474275717324923,0.06995267920498337,1.0684759757982882,0.03777135460175773,1.978821198267827,0.03949030623259865,1.8926861881752188,True,False,0.9282690151136016,0.20997217878119948
158,2019-08-13,2019-09-10,0.07929994237446775,0.07582911165041732,1.0457717444990182,0.03938977061956108,2.0132115807520634,0.04501999364552217,1.7614383289091193,True,False,0.8557199633545487,0.20246173967931527
159,2019-08-14,2019-09-11,0.08303685304370163,0.07587934061404283,1.0943275517649158,0.04093210328706679,2.028648575944021,0.04601769972816075,1.8044546671003383,True,False,0.8550987207139741,0.20587004923279542
160,2019-08-15,2019-09-12,0.07278627486071565,0.07589322526690641,0.9590615579287344,0.037628125768302025,1.9343582326928144,0.04112321902756505,1.7699556742366578,True,False,0.8550987207139741,0.21502225759654867
161,2019-08-16,2019-09-13,0.07973538447646021,0.07991783100372511,0.9977170735870398,0.0352781401550569,2.260192406005583,0.04159482559102733,1.9169544130426743,True,False,0.8116892179877273,0.21336055537577153
162,2019-08-19,2019-09-16,0.09121459238938749,0.08271784840610752,1.1027195961573466,0.03421436873087154,2.665973267163769,0.04372922778609436,2.0858953383666474,True,False,0.7839621056536338,0.2180250291036591
163,2019-08-20,2019-09-17,0.09899938793473885,0.08265947057413586,1.19767749838112,0.02679575394202919,3.6945923652276162,0.03371664899286479,2.936216702783523,True,False,0.7844833633319438,0.20934162272790632
164,2019-08-21,2019-09-18,0.09730952583286663,0.08226627320148919,1.182860509488901,0.02677372187378716,3.634516198068735,0.03360542994887617,2.8956488871263746,True,False,0.7882661349167461,0.20935566516648965
165,2019-08-22,2019-09-19,0.09582701095380024,0.08268745258195795,1.158906314822296,0.029368520210178235,3.2629158795882915,0.03685405829040391,2.6001752696731297,True,False,0.7842348067319519,0.20766762054903387
166,2019-08-23,2019-09-20,0.09142010339228042,0.08355545946741019,1.0941248360669686,0.032030330190022605,2.8541729932199584,0.04027053568046208,2.270148679363965,True,False,0.7760607127589199,0.20555257066647747
167,2019-08-26,2019-09-23,0.09064703509724603,0.08250659656637269,1.098664093171323,0.03209813366708737,2.8240593686041393,0.04006131720676196,2.262707305139375,True,False,0.7859917221783005,0.2066159179445767
168,2019-08-27,2019-09-24,0.09975810970910265,0.09614711217414829,1.0375570046078335,0.03234228527517517,3.0844483888611776,0.05008914612160266,1.9916113057091733,True,False,0.6738805613864575,0.19426058573442606
169,2019-08-28,2019-09-25,0.13182423662713028,0.09636230628147083,1.3680062434586864,0.022833044374827558,5.773397294863614,0.027468654224377494,4.799078817270224,True,False,0.6722266884684975,0.21096761715692525
170,2019-08-29,2019-09-26,0.1308041502867855,0.09684481671985859,1.3506572134382835,0.02348672521640526,5.569280054224843,0.02868615054884589,4.559836289782285,True,False,0.6688690667037505,0.2100104877972194
171,2019-08-30,2019-09-27,0.12572632376778425,0.09777293704214898,1.2859010639476325,0.024873711094849434,5.054586478405236,0.03340313250824897,3.763908182465698,True,False,0.6625189624347825,0.20665125264364242
172,2019-09-02,2019-09-30,0.1295929588031207,0.09724739670320418,1.3326110846816197,0.025677382144311815,5.046969277272247,0.03158580113362929,4.10288655509654,True,False,0.6660943127467209,0.21051239553991344
173,2019-09-03,2019-10-01,0.12835533600893587,0.096879716688172,1.324893800237617,0.024675504748790683,5.201730919616808,0.031714463086836536,4.047217689212947,True,False,0.6686386689108111,0.21054999849503475
174,2019-09-04,2019-10-02,0.12318904860941673,0.09820199156101603,1.25444552245028,0.027271671035084214,4.517106724077802,0.03611827482837376,3.4107124217528244,True,False,0.6596237547800987,0.20821189062208964
175,2019-09-05,2019-10-03,0.08858626237172562,0.14553969489385327,0.6086742344508446,0.0439361911471481,2.0162481102432968,0.06174236678162306,1.4347727012967757,True,False,0.444615386029485,0.17971281230698893
176,2019-09-06,2019-10-04,0.0509835254570706,0.13007872082197083,0.39194362563610996,0.057451251542266865,0.8874223639769107,0.06969661990926672,0.7315064277642528,True,False,0.49762829548450704,0.1776030985276502
177,2019-09-09,2019-10-07,0.009878929210591202,0.1523035592840458,0.0648634165677443,0.05022482553717504,0.19669414686725173,0.057004176541242575,0.17330184926790035,True,False,0.42486198161323496,0.16385177308406468
178,2019-09-10,2019-10-08,0.010878186977157759,0.1537478878123113,0.07075340762038548,0.046301611664331666,0.23494186457310176,0.05309966260506647,0.20486357998289473,True,False,0.42085384195317815,0.1656887725114686
179,2019-09-11,2019-10-09,0.020108579960141863,0.15845238597734784,0.12690613546845902,0.04941424895745112,0.4069388968646808,0.06636816506143671,0.3029853234834418,True,False,0.4083395392895944,0.16652292536936278
180,2019-09-12,2019-10-10,0.036465767153075916,0.1576059517481763,0.23137303349648325,0.05942245933775092,0.6136697733395446,0.10346625651796451,0.3524411569557896,True,False,0.41054112256943004,0.1800317528238663
181,2019-09-13,2019-10-11,0.03893377649113546,0.15760475087172005,0.24703428212532128,0.060585840481502805,0.6426217113059967,0.10520356634572732,0.3700803864689203,True,False,0.41054367567792516,0.17826184829369862
182,2019-09-16,2019-10-14,0.025455203861334864,0.1494135910414908,0.17036739217563002,0.052015197729329936,0.48938012297473926,0.07293463973011388,0.34901391102401924,True,False,0.4331010155271344,0.17774571684936932
183,2019-09-17,2019-10-15,0.013841755551447253,0.15024896322253073,0.09212546465925696,0.052690704657588565,0.26269824329353986,0.07211244356475695,0.19194683839852636,True,False,0.4306886915028511,0.170590142972885
184,2019-09-18,2019-10-16,0.025068645651934937,0.15154545463833377,0.16541997720592647,0.05795567645102318,0.4325485817272755,0.08155954149027607,0.3073661915439255,True,False,0.426993109200952,0.17307832318543562
185,2019-09-19,2019-10-17,0.047449250954036834,0.15217567499848964,0.31180575315015213,0.070236585087404,0.6755631825634733,0.10436690191987157,0.4546388757468947,True,False,0.42520229936288784,0.18604702389967465
186,2019-09-20,2019-10-18,0.04256410695555011,0.14801208302267674,0.2875718393141519,0.06898514754420043,0.6170039272334421,0.09518208520538761,0.44718611557735494,True,False,0.4371814878450131,0.18461672820329517
187,2019-09-23,2019-10-21,0.05130930756943798,0.1487955945538465,0.3448308246173918,0.0740983353746489,0.692448856104699,0.10565038167636495,0.4856518902753419,True,False,0.43485447788323034,0.1826800006922823
188,2019-09-24,2019-10-22,0.040486644615121366,0.15579783594449853,0.2598665403128214,0.07909333255237268,0.5118844194396868,0.11339329383433137,0.35704619952457434,True,False,0.41527033944559133,0.1795914488983345
189,2019-09-25,2019-10-23,0.041114320081199925,0.1580969991569919,0.26005756149977893,0.0812536530682084,0.5059996508303016,0.11614571310149409,0.35398913126713616,True,False,0.4092292779021201,0.18136156524179742
190,2019-09-26,2019-10-24,-0.026543868501549956,0.16681529080414428,-0.15912131539976618,0.03019852445240191,-0.8789789893008739,0.06767388770676244,-0.3922320617453977,True,False,0.38778514226490524,0.15711685160793418
191,2019-09-27,2019-10-25,-0.03831887386269951,0.16160428691450868,-0.2371154540162095,0.03084670672274745,-1.2422354907158313,0.061646893756859465,-0.62158645030571,True,False,0.4003031248553494,0.1545802953948793
192,2019-09-30,2019-10-28,-0.031115468785317738,0.1621366919941275,-0.19190886654110795,0.03313579377651131,-0.9390289242859272,0.06476937877929115,-0.4804040021959629,True,False,0.3989760075126024,0.15398454271373033
193,2019-10-01,2019-10-29,-0.05356915641978361,0.16274861906221352,-0.3291527555100536,0.027792840211025786,-1.927444478975273,0.05616795349073685,-0.9537316759923997,True,False,0.3974335314068803,0.14237993319478542
194,2019-10-02,2019-10-30,-0.03260207929022312,0.1614563014735773,-0.2019250967145344,0.03813190424698548,-0.8549816730645042,0.06717897586517295,-0.48530182055253324,True,False,0.4006486064129986,0.15048816260954906
195,2019-10-03,2019-10-31,-0.07383349212840053,0.162728556670582,-0.453721790686466,0.033282599905693114,-2.218381146232841,0.06936875615108824,-1.0643623473309496,True,False,0.397459903729018,0.15244588826134833
196,2019-10-04,2019-11-01,-0.05687280922487251,0.16509744252797792,-0.3444802557449348,0.0354950060430794,-1.602276364056606,0.07217585124612078,-0.7879755935393868,True,False,0.3917757691903533,0.1480720201291188
197,2019-10-07,2019-11-04,-0.00772143213967659,0.2197065914182809,-0.03514428989058596,0.06608328484909294,-0.11684395164842618,0.12481602734669098,-0.06186250519117563,True,False,0.2943018764925537,0.15359714109340813
198,2019-10-08,2019-11-05,-0.01360561195137569,0.228560405680863,-0.05952742300594747,0.06438697224499794,-0.21131001314373304,0.13653402195777692,-0.09964997556127966,True,False,0.2829126003911926,0.16480316864922928
199,2019-10-09,2019-11-06,-0.04942958660145327,0.23405782786795828,-0.21118535983910158,0.060088427739498136,-0.8226140783004968,0.13551705202667433,-0.36474809525611473,True,False,0.276246782852175,0.15756361838000663
200,2019-10-10,2019-11-07,-0.05522102214764142,0.23383245634048447,-0.2361563617466082,0.059900427574307046,-0.92188026669992,0.13628313551289062,-0.40519336409322804,True,False,0.2765198364918487,0.15852610878618106
201,2019-10-11,2019-11-08,-0.04881998312576909,0.2326792144746998,-0.2098166922042686,0.07542120581634527,-0.6472978335118162,0.13547665779770243,-0.3603571561284636,True,False,0.27792634003072186,0.15452007499147535
202,2019-10-14,2019-11-11,-0.018548007277560008,0.22668538011078376,-0.0818226886466846,0.07831508467050366,-0.23683824585770855,0.12950768863624484,-0.14321935224754714,True,False,0.28529591875573235,0.13193854959319248
203,2019-10-15,2019-11-12,0.024682076361450082,0.24715278364106663,0.09986566203233706,0.11457403028572952,0.21542470226365334,0.15746780601940194,0.15674363532066327,True,False,0.2616516233045368,0.14084070183167308
204,2019-10-16,2019-11-13,0.07573328122116228,0.22682861845078842,0.33387886298656355,0.12092519118977554,0.6262820879258256,0.14341340687072687,0.5280767180255916,True,False,0.28510848638969366,0.14944940445496493
205,2019-10-17,2019-11-14,0.05417631028534995,0.22578620391264298,0.2399451753319297,0.10904023150680331,0.49684698516042447,0.13633438506081183,0.3973781835094988,True,False,0.28642891561071837,0.14594642348402212
206,2019-10-18,2019-11-15,0.07838909429362406,0.21173789270850024,0.3702175991783502,0.11901974928516273,0.6586225795671057,0.1384892495150311,0.5660301761193095,True,False,0.30544501652474076,0.14407284697315692
207,2019-10-21,2019-11-18,0.07591638960368233,0.22340768296529245,0.33981100647946977,0.13330803787505718,0.5694809616418995,0.1555897822124914,0.4879265754097022,True,False,0.2894756334202721,0.14263733556769367
208,2019-10-22,2019-11-19,0.06328847763359964,0.22340379139593164,0.28329186912246906,0.1328016631421988,0.47656389337408245,0.16008218807548702,0.3953499036617107,True,False,0.2894756334202721,0.1443913132562587
209,2019-10-23,2019-11-20,0.08648822672320369,0.22338997337457456,0.38716252755974173,0.14105158279424046,0.6131673605490038,0.162603619769024,0.5318960724617258,True,False,0.2894756334202721,0.1515608620721838
210,2019-10-24,2019-11-21,0.09400224506435982,0.2257176334771513,0.41645946582137716,0.13870018817301077,0.6777369685115641,0.16240603011284416,0.5788100663444854,True,False,0.28649477732108397,0.15315309807270958
211,2019-10-25,2019-11-22,0.036493901209980396,0.20992597005386102,0.1738417652690475,0.12870532781525934,0.28354615795208493,0.15941862372137178,0.22891868188351444,True,False,0.30807260037680667,0.1551792093904581
212,2019-10-28,2019-11-25,0.03626945277331573,0.23281191290405184,0.15578864638367265,0.15720738266609813,0.23071087475802918,0.2072364627398553,0.17501482265138307,True,False,0.2777565771445545,0.15454141716377603
213,2019-10-29,2019-11-26,0.02378368016204788,0.21877806649076656,0.10871144691760799,0.14644587443027654,0.16240594181689552,0.17888104806921296,0.13295807699452578,True,False,0.2955812395832122,0.15329733886684793
214,2019-10-30,2019-11-27,0.013220297679601293,0.20838073555891876,0.06344299363442506,0.13711046669699256,0.09642077660502393,0.1617636753306051,0.0817259972152726,True,False,0.31033026805803354,0.15228935493663115
215,2019-10-31,2019-11-28,-0.0028261476116951956,0.21486430463900788,-0.013153174122818528,0.15429145835167568,-0.018316941468357714,0.1720507295898565,-0.016426246017278236,True,False,0.30096831322738393,0.15039956339408217
216,2019-11-01,2019-11-29,0.08528497059738606,0.22788565683929032,0.3742445741441761,0.126903412522046,0.6720463138260377,0.1427472663908159,0.5974543173659902,True,False,0.28372281055236576,0.13909264641856167
217,2019-11-04,2019-12-02,0.022080158266740844,0.21537234612546574,0.10252086056525561,0.1470906872602052,0.1501125508216627,0.1515812038019659,0.14566554238207258,True,False,0.300236071561151,0.137437646383076
218,2019-11-05,2019-12-03,-0.05692507468526814,0.18520550183793066,-0.3073616826733476,0.14137191713920963,-0.4026618287224169,0.13660517639612135,-0.4167124276476863,True,False,0.34922117538891656,0.13882691069507105
219,2019-11-06,2019-12-04,-0.05237003603709637,0.18526814928964658,-0.28267155600081867,0.13781186013736818,-0.3800110961777523,0.1312036688920523,-0.3991506981423193,True,False,0.34913412337006094,0.14009418323766767
220,2019-11-07,2019-12-05,-0.03721990102604883,0.18488567269620662,-0.20131306273367328,0.13308210512625576,-0.27967622687316296,0.13055374878700715,-0.2850925490218707,True,False,0.3498718772214996,0.1535014937617285
221,2019-11-08,2019-12-06,-0.03325110202462111,0.1861299769279838,-0.17864452880411846,0.13409864549101783,-0.24796001408417156,0.13485806976734366,-0.24656368048264157,True,False,0.3475272679705258,0.15575541142879712
222,2019-11-11,2019-12-09,-0.037004037276832526,0.18625492629936508,-0.1986741398579516,0.13268364356478296,-0.2788892156007553,0.13008402930876106,-0.28446256987475044,True,False,0.3473009906263366,0.15587616044611552
223,2019-11-12,2019-12-10,-0.04624126462260557,0.18455749296672852,-0.25055208476928004,0.12981205330686957,-0.35621703412466177,0.12619803909633395,-0.3664182498692159,True,False,0.3504974479969671,0.15648235517595843
224,2019-11-13,2019-12-11,-0.05418252927543379,0.18432077277354017,-0.2939578022603205,0.12653347932685366,-0.42820706080066556,0.12300755912575875,-0.44048129773910405,True,False,0.3509397614994419,0.14986939933101884
225,2019-11-14,2019-12-12,-0.11690398494206997,0.1923607303045777,-0.6077331103753246,0.1029849612609824,-1.1351558859726543,0.11492250607147317,-1.0172418696592334,True,False,0.336204547099841,0.1467402373869325
226,2019-11-15,2019-12-13,-0.08532619200570445,0.1717091289572949,-0.49692286323882984,0.0799004588787921,-1.0679061572743043,0.0920561968102988,-0.9268924305176006,True,False,0.3767125988881428,0.1487997751653219
227,2019-11-18,2019-12-16,-0.11044671043154881,0.1611570120634851,-0.6853360521975934,0.05537048698992924,-1.99468555246113,0.07177211553886557,-1.5388526533224511,True,False,0.40141701942160823,0.13725525736614547
228,2019-11-19,2019-12-17,-0.10789397791903711,0.15713151469724135,-0.6866476029771978,0.059392371068002804,-1.8166302502976546,0.06959551388292119,-1.5503007578986265,True,False,0.4117189727248294,0.13729276028357923
229,2019-11-20,2019-12-18,-0.10497803587076264,0.15723750890011381,-0.6676399073293042,0.05877370121071973,-1.786139611905464,0.06866120756766647,-1.5289278996048166,True,False,0.4114388380531042,0.13385786846024592
230,2019-11-21,2019-12-19,-0.13107754005159608,0.15724836497773698,-0.8335701300942231,0.06307449426139614,-2.078138581791535,0.06136124484737262,-2.136161682795596,True,False,0.41136240457931916,0.1170342584349365
231,2019-11-22,2019-12-20,-0.1403873176170052,0.15661187322572828,-0.8964027741029682,0.060781842045759246,-2.3096917252247056,0.0643552284878454,-2.1814438533695792,True,False,0.41304828666343846,0.12394628789604788
232,2019-11-25,2019-12-23,-0.1150706665995925,0.16181034994269555,-0.7111452798930618,0.04973043158131434,-2.313888356497373,0.05734652524660607,-2.0065848123274517,True,False,0.39977123345547116,0.11801477936700847
233,2019-11-26,2019-12-24,-0.11351988080390422,0.1618392363414009,-0.7014360878744713,0.04821947732478742,-2.3542329179405863,0.05585702446149182,-2.032329539540108,True,False,0.399692568784184,0.11489723839736864
234,2019-11-27,2019-12-25,-0.09868736157840587,0.16491478236188373,-0.5984142850326751,0.04304755106834129,-2.2925197631273404,0.05517724351630908,-1.7885518610446032,True,False,0.3922276522169722,0.11384581136721424
235,2019-11-28,2019-12-26,-0.08420079319198338,0.1700112050016391,-0.49526613961221905,0.035371096120402956,-2.3804971410940867,0.04844846171147005,-1.7379456481700648,True,False,0.38042547938894533,0.11250680417332892
236,2019-11-29,2019-12-27,-0.1377386110662989,0.16141672232757598,-0.8533106674460581,0.07242866051575018,-1.9017141844884256,0.07809524698187162,-1.7637259166140085,True,False,0.4005936633680463,0.12881041310440985
237,2019-12-02,2019-12-30,-0.16306186492516953,0.15178453239125705,-1.0742982987544656,0.07904775913597009,-2.062827165596013,0.0744899883557148,-2.189044038327596,True,False,0.4259559470966691,0.13141576540018893
238,2019-12-03,2019-12-31,-0.1807724456319609,0.14764853284365864,-1.224342986349728,0.08632724297239286,-2.094037054904803,0.07554147099990291,-2.393022577389223,True,False,0.4378355265222122,0.13616098614682137
239,2019-12-04,2020-01-01,-0.1992595093626131,0.1602084612193051,-1.2437514713399067,0.09929787150566928,-2.006684597979894,0.09134903950978747,-2.1812983522532137,True,False,0.4034745532924009,0.13758462998296433
240,2019-12-05,2020-01-02,-0.23014520713767622,0.158032227081029,-1.4563181914766805,0.12415607096048883,-1.8536766294007254,0.10962247907252855,-2.099434432470801,True,False,0.409078133241617,0.1567186734809332
241,2019-12-06,2020-01-03,-0.22000846871887353,0.15185070044438229,-1.4488472432134425,0.1182380939701785,-1.860724080805659,0.11026033550475672,-1.9953546097216635,True,False,0.42580089337257293,0.15110063962782236
242,2019-12-09,2020-01-06,-0.22021428724812042,0.14963316669121912,-1.471694358394162,0.10884178403714259,-2.023251356969412,0.10143236499058725,-2.1710455757248286,True,False,0.4320954957443725,0.14495696975337685
243,2019-12-10,2020-01-07,-0.2438279469279677,0.14374965149850946,-1.6961985256047452,0.11107907902471612,-2.1950843405328717,0.10305194580024829,-2.3660683457699467,True,False,0.44980450288562557,0.15084522909626055
244,2019-12-11,2020-01-08,-0.24600135272415094,0.14532016724815325,-1.6928232149917042,0.11226873512480019,-2.191183079159936,0.10480574475276423,-2.3472124863428605,True,False,0.44494530685743566,0.15099723693131048
245,2019-12-12,2020-01-09,-0.2508137532068893,0.13775194746896904,-1.8207637555424714,0.10204420482498222,-2.457893161469231,0.09253882514141071,-2.7103624108433952,True,False,0.46942604936642973,0.1533253730765055
246,2019-12-13,2020-01-10,-0.21739765601954247,0.13283004402276727,-1.6366602722971333,0.09937862321688895,-2.187569609865522,0.08571707367027474,-2.536223493300756,True,False,0.4869613582337772,0.14860819399904346
247,2019-12-16,2020-01-13,-0.2547201289922905,0.14159506264284352,-1.7989336932940334,0.09359018561402839,-2.7216542773274517,0.09305833494204122,-2.737209183368001,True,False,0.45667980679641756,0.14604476554178333
248,2019-12-17,2020-01-14,-0.3085095322592867,0.15518857060184862,-1.9879655509605658,0.09074859430140778,-3.399606733682494,0.09340102465232528,-3.30306368059321,True,False,0.41652038225731713,0.14443706763594472
249,2019-12-18,2020-01-15,-0.32303281917962856,0.15978180390571028,-2.021712180507458,0.08806675198349452,-3.6680451124184916,0.0961486354597048,-3.3597233869742156,True,False,0.40450976040805764,0.14459542612026408
250,2019-12-19,2020-01-16,-0.3228519276868942,0.15832727690815943,-2.0391428059118977,0.08291139926725191,-3.8939389582152817,0.09298371714567073,-3.4721340208534133,True,False,0.40822401327141966,0.1429616262215203
251,2019-12-20,2020-01-17,-0.3348297627863053,0.15921463895346516,-2.1030086491240825,0.08774444795384598,-3.815965233064403,0.09537056925071997,-3.5108290263642057,True,False,0.40592208144740166,0.1439545745740885
252,2019-12-23,2020-01-20,-0.3269190852627935,0.16023874654729928,-2.0401999660318957,0.08419470777485126,-3.882893520303225,0.0949191684358682,-3.4441840425906727,True,False,0.40334204207749863,0.1392906064746236
253,2019-12-24,2020-01-21,-0.2996169594522821,0.15639112172754543,-1.915818213608414,0.09045757839742559,-3.312237236065665,0.09503899694687318,-3.1525686200136147,True,False,0.4133374740245511,0.14164447262058255
254,2019-12-25,2020-01-22,-0.30075538049671197,0.15579577852766102,-1.9304462761377956,0.08991061146648938,-3.345048772233149,0.0944445856027833,-3.1844639751148285,True,False,0.41491682325852625,0.14215325634840395
255,2019-12-26,2020-01-23,-0.25907434794504963,0.15277039217283844,-1.6958413489699173,0.1153627003998632,-2.2457375481595165,0.1043697803525255,-2.4822735764124912,True,False,0.4232528795281676,0.15720271960667728
256,2019-12-27,2020-01-24,-0.25347200847749907,0.1532174307348194,-1.6543288009847588,0.11780823913255192,-2.151564358688912,0.10700903217389117,-2.368697327021924,True,False,0.4220327135313744,0.15398347006006471
257,2019-12-30,2020-01-27,-0.1084278724787996,0.12240478416921345,-0.8858140081265775,0.0978530414060684,-1.108068496602451,0.11202308765339447,-0.9679064802630806,True,False,0.5288223618197102,0.13757822417597435
258,2019-12-31,2020-01-28,-0.07203590435642636,0.1277990903583097,-0.5636652354446314,0.08181559711686688,-0.8804666456632831,0.0978485881199126,-0.7361976880866894,True,False,0.5064741081865135,0.12735836393633176
259,2020-01-01,2020-01-29,-0.026163186728535674,0.12955296749523643,-0.20194972939927197,0.04888207340144742,-0.53523070745524,0.0498211640981521,-0.5251420195038374,True,False,0.4995854211832788,0.10994323828456401
260,2020-01-02,2020-01-30,-0.027867843483265677,0.12189485265623613,-0.2286219875244253,0.04315039268179826,-0.645830588119327,0.0434611817510308,-0.6412122809478072,True,False,0.5310652649374493,0.11000847943155911
261,2020-01-03,2020-01-31,-0.04240463380293336,0.11444400655796957,-0.3705273441423431,0.04258206536722856,-0.9958331855731979,0.053262583391862274,-0.7961430164014943,True,False,0.5658159384884446,0.10026720804718024
262,2020-01-06,2020-02-03,-0.05034324399164788,0.11692484972856583,-0.4305606901229017,0.0490515185582874,-1.0263340559339775,0.05800072611946858,-0.8679760989190377,True,True,0.5537045129970163,0.11937972027514232
263,2020-01-07,2020-02-04,-0.03131519645050067,0.10823255909141058,-0.2893324958162785,0.035907306192332726,-0.8721121067329576,0.050709733923930495,-0.6175381731932669,True,True,0.5983720548780253,0.12694703044598876
264,2020-01-08,2020-02-05,-0.020644858617194197,0.10983475741934395,-0.1879628917317411,0.03537334472504788,-0.5836275528272441,0.0485974535192337,-0.4248135884120648,True,True,0.5896374641416862,0.12381836813860973
265,2020-01-09,2020-02-06,-0.018771644246082804,0.10947780495396423,-0.17146529612989905,0.034894306521583804,-0.5379572233215651,0.04835191182922371,-0.3882296177322464,True,True,0.5915506491770767,0.12471090408010416
266,2020-01-10,2020-02-07,0.013092280855057894,0.1079156259985763,0.12131960254977918,0.04428717221877793,0.29562241613400453,0.04932383916640538,0.26543515420379293,True,True,0.6001421418759671,0.1372620640346295
267,2020-01-13,2020-02-10,0.0007704972440456919,0.11229835615036025,0.0068611622686092204,0.04212547967779357,0.01829052748927769,0.051630560617218706,0.014923278671290128,True,True,0.5766110633835229,0.12971647887829418
268,2020-01-14,2020-02-11,0.016801264016102966,0.10856278616284258,0.15476080349394605,0.05042642393488204,0.3331837299785369,0.05134893849144759,0.3271978839231759,True,True,0.5965422497917857,0.13907706087070898
269,2020-01-15,2020-02-12,0.01971628230117014,0.10760219055835928,0.1832330940370288,0.051812591736983084,0.3805307096247212,0.050674884695805736,0.38907404367122356,True,True,0.6018948335232496,0.14100777134574458
270,2020-01-16,2020-02-13,0.011384711442345565,0.10273711086377582,0.11081401206075488,0.044517783412744136,0.25573401390614736,0.04602204928910191,0.2473751520891418,True,True,0.6305156992034602,0.13895396878512756
271,2020-01-17,2020-02-14,0.012552633456140983,0.10283478346059896,0.12206602701653484,0.0446131459020583,0.2813662476010652,0.045895286719075314,0.2735059382671592,True,True,0.6299186205964165,0.13918385428807697
272,2020-01-20,2020-02-17,0.015227793088542553,0.10272802315113166,0.14823407110774137,0.04483477708204711,0.3396424400789564,0.04535667510356805,0.33573433356327825,True,True,0.6305855154712334,0.13976946719591632
273,2020-01-21,2020-02-18,0.015066309130619253,0.10303491242251658,0.14622528205620874,0.045274557957122666,0.3327765042982379,0.046507014505280775,0.32395777907671336,True,True,0.6286744138260947,0.14079179823263424
274,2020-01-22,2020-02-19,0.014409763307887291,0.10359807100988902,0.13909296927460935,0.046016838760919845,0.31314109564877135,0.04798742218669446,0.3002820874983926,True,True,0.6252237336054937,0.1418875113717068
275,2020-01-23,2020-02-20,0.0362530097868263,0.09368867650821068,0.3869518829594008,0.044372731983042785,0.817010992261656,0.04618261024007581,0.7849926541260563,True,True,0.6916258796540359,0.15877925160449402
276,2020-01-24,2020-02-21,0.02512881591555461,0.09375350372886852,0.26803068595949403,0.04167635994529869,0.6029513121716205,0.04680646656407372,0.5368663298084162,True,True,0.6912666127517417,0.16085736794934402
277,2020-01-27,2020-02-24,0.029819913032647936,0.08552525032869582,0.34866794213454205,0.03705712233623291,0.8047012599111418,0.03802104773797772,0.7843001391795419,True,True,0.758155703862286,0.16848943244180092
278,2020-01-28,2020-02-25,0.04166465409813762,0.0922332958422588,0.45173116408410946,0.04221811867612691,0.9868903542994146,0.04309084905776671,0.9669026025057625,True,True,0.7027078494036558,0.17148202227568002
279,2020-01-29,2020-02-26,0.03940211340179326,0.09164064613103466,0.42996328665615435,0.04261435418463565,0.9246206860504168,0.0421481049068612,0.9348489923536057,True,True,0.7072574188008535,0.16982787668881522
280,2020-01-30,2020-02-27,-0.0174380110492667,0.07989275922268699,-0.2182677281261662,0.04744669135431827,-0.36752849464348614,0.0719217038579893,-0.2424582582706657,True,True,0.8120881411748251,0.1701416720468212
281,2020-01-31,2020-02-28,-0.02352146194362094,0.06682931992507124,-0.35196320971084405,0.035819657202917486,-0.6566635132874787,0.045116607451088794,-0.5213481968723094,True,True,0.972414835164728,0.1744777339451273
282,2020-02-03,2020-03-02,-0.04819234598548252,0.06649646424955895,-0.7247354657026319,0.04194032722079238,-1.1490693845037678,0.05114913746111054,-0.942192740241688,True,True,0.9772919280841684,0.24490720214992923
283,2020-02-04,2020-03-03,-0.02465317099307434,0.05763076033760371,-0.4277779930137118,0.03309082178514,-0.7450153747509911,0.04073954232370794,-0.6051410886549821,True,True,1.1297741732614812,0.24507434996970331
284,2020-02-05,2020-03-04,-0.05111904271621385,0.05685286818196188,-0.8991462410058805,0.03364364474857644,-1.5194264205984058,0.05001063167254033,-1.0221635081702463,True,True,1.1453121420276382,0.24637022934267358
285,2020-02-06,2020-03-05,-0.060633264362742,0.05286747537822923,-1.1468916177470945,0.028245723924442214,-2.146635169448551,0.04417593484189046,-1.3725406056431804,True,True,1.2329536739611424,0.2463053061799603
286,2020-02-07,2020-03-06,-0.08913802064984484,0.04177294366396364,-2.133869745137012,0.021250487521988,-4.194634149339549,0.040869469906436605,-2.1810417618312767,True,True,1.5674227551854951,0.24630307669996135
287,2020-02-10,2020-03-09,-0.09205683943287846,0.021750200896201225,-4.232459271167312,0.01354906874440805,-6.794329645044573,0.01614530918709509,-5.701769991897045,True,True,3.1393828024188393,0.25299742357572164
288,2020-02-11,2020-03-10,-0.1186565386746291,0.019788487670973638,-5.996240877400558,0.016121589221749607,-7.3601018511593,0.045025018479747,-2.6353468067537333,True,True,3.487540221260148,0.28306587607976974
289,2020-02-12,2020-03-11,-0.12029934101470928,0.019883285409310864,-6.050274818183518,0.016003398418216627,-7.517112170235845,0.044710212194273694,-2.690645718521478,True,True,3.4680253988781806,0.28226907735739437
290,2020-02-13,2020-03-12,-0.06663678187498728,0.016647588541053544,-4.0027888550139625,0.03386139808610368,-1.9679276592638457,0.06211596692428636,-1.072780239518953,True,True,4.395370525837544,0.480904649052047
291,2020-02-14,2020-03-13,-0.07483905004324248,0.015769500830053865,-4.745809702524798,0.027783921815484062,-2.6936100144629136,0.053453045835397464,-1.4000895341623893,True,True,4.7338061035464225,0.48292540960212166
292,2020-02-17,2020-03-16,-0.07609633671814445,0.01565481547463173,-4.860890046353904,0.026668166180415565,-2.853452172276761,0.04978131013209968,-1.5286125760092535,True,True,4.799300319557927,0.48468854322919597
293,2020-02-18,2020-03-17,-0.08700091897559695,0.015542298712711507,-5.597686711840245,0.023273867812787584,-3.738137540155453,0.05023249004514315,-1.7319650866881293,True,True,4.83381419616931,0.5373912832414777
294,2020-02-19,2020-03-18,-0.07993210736068539,0.015551729417950019,-5.139756821413486,0.025045789963106878,-3.191438859721635,0.04680777701527046,-1.7076672394548564,True,True,4.845782767803519,0.589759038768847
295,2020-02-20,2020-03-19,-0.08080583972199204,0.015306901420622814,-5.279046196320521,0.023746175573262644,-3.402899109908737,0.04162174126656559,-1.9414334254896422,True,True,5.004778723296371,0.5956708513338972
296,2020-02-21,2020-03-20,-0.08590876846000528,0.014661505915843144,-5.8594778021521465,0.021987573074593775,-3.9071510151919058,0.03673579476127043,-2.338557502792252,True,True,5.361928535729969,0.6024907605463627
297,2020-02-24,2020-03-23,-0.08515257268737532,0.014678470367872197,-5.8011884449318885,0.022461149909500697,-3.7911047755999876,0.035790447246901766,-2.3791983402707166,True,True,5.353466489919512,0.6080548980195107
298,2020-02-25,2020-03-24,-0.08826953308419433,0.013976322412929272,-6.3156480278773195,0.02078943443529936,-4.245884290835605,0.02982367554454733,-2.959713431442982,True,True,5.9106837603401745,0.6359854802669781
299,2020-02-26,2020-03-25,-0.0848172922492974,0.013878930604659062,-6.111226769937507,0.022362839621954428,-3.7927782733830067,0.02924749624721532,-2.8999847211664465,True,True,6.022637126413549,0.657883339807679
300,2020-02-27,2020-03-26,-0.0914940477046259,0.013888803969116325,-6.587611712864229,0.01978141320971525,-4.625253349426542,0.030228213135936932,-3.026776584284859,True,True,6.024171933658131,0.8155477088455825
301,2020-02-28,2020-03-27,-0.09021155199876395,0.013883852236359491,-6.497588022617739,0.019904693415267297,-4.532174905521021,0.030299871247302768,-2.977291595151395,True,True,6.020513331397738,0.8154484693395376
302,2020-03-02,2020-03-30,-0.09100287506056627,0.013859461499219851,-6.566119114057124,0.020317019454368226,-4.479144948645524,0.030436531992969296,-2.989922606215042,True,True,6.015400862323796,0.8233864492067722
303,2020-03-03,2020-03-31,-0.08601420526628614,0.013808844113137007,-6.228921447846367,0.020414493021797073,-4.213389241380944,0.029940824838120453,-2.8728068024623505,True,True,6.076812964971524,0.817855646786189
304,2020-03-04,2020-04-01,-0.08688373791011107,0.013831048584210005,-6.281789654712116,0.021147752645634267,-4.108414703254406,0.029695838202719215,-2.925788365258376,True,True,6.037774949518496,0.827161568587433
305,2020-03-05,2020-04-02,-0.08526728542799118,0.013856459396953314,-6.153612765374921,0.020619255005327096,-4.135323289127658,0.029786748399916338,-2.8625912531033655,True,True,6.025578322918361,0.8330254496299826
306,2020-03-06,2020-04-03,-0.08396261569080254,0.013839577445402285,-6.066848212818534,0.020396538027248313,-4.116513085634165,0.029859762092509626,-2.811898347705346,True,True,6.01688629995654,0.8350211015928157
307,2020-03-09,2020-04-06,-0.07573746077661442,0.013848900567810584,-5.468842844655357,0.017955461068710488,-4.2180738487743925,0.0306332376092103,-2.472394911135443,True,True,5.983647152733248,0.8385849702197677
308,2020-03-10,2020-04-07,-0.039273818487328506,0.014741684050695383,-2.6641337822917124,0.021140971156276372,-1.8577111806743476,0.03241683206969833,-1.211525494005312,True,True,5.252996416956747,0.8749456550554731
309,2020-03-11,2020-04-08,-0.02396024457346242,0.015027004401503757,-1.5944791079627758,0.028642839611028693,-0.8365177789228943,0.030152627011286567,-0.7946320751586172,True,True,5.101085177652101,0.8710768127628166
310,2020-03-12,2020-04-09,-0.02098979752023533,0.015007801991074578,-1.3985923809974545,0.029134500744208477,-0.7204447299275517,0.030629516926964508,-0.6852800705373545,True,True,5.120351370410981,0.8887415060062946
311,2020-03-13,2020-04-10,-0.04176777376089784,0.017694265036669665,-2.3605260616554653,0.026000766007863014,-1.6064055092940974,0.03353465229648646,-1.2455108641539125,True,True,4.036000090951552,0.8014467070599317
312,2020-03-16,2020-04-13,-0.03185060051445307,0.01840039900320845,-1.7309733614417455,0.027524243395920234,-1.157183507510114,0.03446293809800116,-0.924198639822308,True,True,3.842233406345466,0.8025671104246958
313,2020-03-17,2020-04-14,-0.02661132966522176,0.019461594190572213,-1.3673766601357402,0.032919379077878584,-0.8083788458544846,0.041296557644492,-0.6443958330452052,True,True,3.5899432896264987,0.8037295776457943
314,2020-03-18,2020-04-15,-0.01614130390253994,0.019403393002644206,-0.8318804809210574,0.03614109878559,-0.44661906928451556,0.042855068942719766,-0.3766486509242224,True,True,3.6058569334929733,0.7731728208709864
315,2020-03-19,2020-04-16,-0.03474896550375094,0.01998751265226506,-1.738533758967405,0.03281436925962813,-1.0589557650435466,0.03864350874987573,-0.8992186948826868,True,True,3.4797067607547914,0.7138828395882214
316,2020-03-20,2020-04-17,-0.038881833790353676,0.023718093791578486,-1.639332154262723,0.04543971165440064,-0.8556795889480109,0.06101902901102971,-0.6372083335401069,True,True,2.8612498718765247,0.6989952869058994
317,2020-03-23,2020-04-20,-0.018192962868325127,0.026106951690936755,-0.6968627775352634,0.05428920794673167,-0.3351119597503795,0.09005440219327834,-0.20202191592231844,True,True,2.574998217158013,0.7015076542959867
318,2020-03-24,2020-04-21,-0.02646244043751149,0.0263535814702087,-1.0041307086638622,0.06334361550671119,-0.4177601834980168,0.08413993952032078,-0.31450510409649746,True,True,2.5485702676321207,0.6828796561693816
319,2020-03-25,2020-04-22,0.03600828032325615,0.04129137887203533,0.8720532301633266,0.11291742762053117,0.318890370441887,0.13807684356218936,0.26078435307682957,True,True,1.5880842853677601,0.6764798650532975
320,2020-03-26,2020-04-23,0.037272389645964035,0.04836205549014076,0.7706949026093918,0.14433471261539135,0.25823579768564586,0.180440426607074,0.20656340902545178,True,True,1.3504407602033444,0.6668530198515669
321,2020-03-27,2020-04-24,0.20708083340555386,0.051378866503460914,4.030467145311677,0.026821307998890008,7.720758190246495,0.05750376723074726,3.6011698603083477,True,True,1.2634503408417455,0.5144605692688259
322,2020-03-30,2020-04-27,0.2226308956652922,0.05203200793425506,4.278729660915586,0.028542168448534685,7.800069432941832,0.05876334384698822,3.7886015514194167,True,True,1.2466722599098439,0.5180469635543781
323,2020-03-31,2020-04-28,0.21910578772128875,0.05207280495706907,4.207681685323624,0.026241357846847998,8.349636059233376,0.06180000558992852,3.5454007751254344,True,True,1.2465864988576632,0.5043727325603503
324,2020-04-01,2020-04-29,0.24536874709292958,0.05706871445719322,4.299531703609317,0.03776471570247251,6.497301582409766,0.07533972973634209,3.256830731297003,True,True,1.1355015624035556,0.4968009611429282
325,2020-04-02,2020-04-30,0.20828093134252668,0.056349592139012396,3.6962278418751495,0.02953402726895895,7.052236034244998,0.061140981303976466,3.40656834254933,True,True,1.1518661652604487,0.44464305447140107
326,2020-04-03,2020-05-01,0.19414343808678403,0.04957253358057519,3.916350931937407,0.02918907984410119,6.651235294970026,0.04950673943368436,3.9215557378171613,True,True,1.3116867097502825,0.4710514013869798
327,2020-04-06,2020-05-04,0.17184341399797945,0.0482393317512748,3.562309173021208,0.037268236026565184,4.610988668084201,0.04839427339488184,3.5509038971572524,True,True,1.3496659293625575,0.44499220149352453
328,2020-04-07,2020-05-05,0.20821982192415622,0.05182966086509176,4.017387311603965,0.0385381576012583,5.40295216181683,0.037873390649562064,5.497786661109623,True,True,1.2531930006416943,0.4481114781911854
329,2020-04-08,2020-05-06,0.20504342050178573,0.05524600557911947,3.7114614595644726,0.03557633770844826,5.763477460275356,0.0390962800080297,5.2445762220772245,True,True,1.1751087957596502,0.4331295721846493
330,2020-04-09,2020-05-07,0.199225033790225,0.05519566114836472,3.6094328728976084,0.03605283126132926,5.5259192363046505,0.03947251349447513,5.047183879438284,True,True,1.1764940972801905,0.441785951865952
331,2020-04-10,2020-05-08,0.20984580889395055,0.058607718475027513,3.580514893842266,0.04268691614130628,4.915928060937901,0.04401710155954403,4.767369987096541,True,True,1.1070511923268112,0.4338023077911186
332,2020-04-13,2020-05-11,0.20948035294488912,0.05889293635605069,3.5569690680462567,0.04057943698863634,5.162229160635001,0.043579094799728706,4.806900049383155,True,True,1.1015460474737806,0.4461206568075352
333,2020-04-14,2020-05-12,0.20697930571159684,0.05888296148076826,3.5150967360770102,0.040509664551340814,5.109380884881855,0.04430000743301583,4.672218306612285,True,True,1.1018885467195028,0.44388403500146545
334,2020-04-15,2020-05-13,0.2034509609422947,0.059783683666672506,3.403118517698703,0.03748532421268674,5.427483027436045,0.044458714747213364,4.5761772939026955,True,True,1.0851006616406178,0.4430909986754788
335,2020-04-16,2020-05-14,0.17734386279015535,0.06036662850803697,2.9377798159879758,0.025648155292142337,6.914488031210848,0.03680815786443973,4.818058633721706,True,True,1.0754844640949357,0.41052302165841315
336,2020-04-17,2020-05-15,0.17131152756002138,0.0610869239001377,2.804389493242026,0.027654247850727322,6.194763585136371,0.03945683935304838,4.3417448120254996,True,True,1.06286744821113,0.4051619774314974
337,2020-04-20,2020-05-18,0.16168897308146807,0.061201831166961866,2.6418976360424886,0.026772839123669505,6.03929125090514,0.03924615250099975,4.11986813426741,True,True,1.061105689275528,0.41700035182933376
338,2020-04-21,2020-05-19,0.16489955829706465,0.060559110431588015,2.722952122676029,0.028520519509969217,5.781786626973074,0.039228093854782355,4.20360874294588,True,True,1.072392509890051,0.41645537746100625
339,2020-04-22,2020-05-20,0.15248961319029514,0.065835203173671,2.316232134774959,0.02820804055943661,5.405891730373376,0.047185416623975025,3.231710644954119,True,True,0.9858347028217165,0.39310706215411534
340,2020-04-23,2020-05-21,0.13997945072635581,0.0644649422551331,2.171404267646106,0.03540048252833894,3.9541678736807864,0.05037461880291749,2.7787694289857092,True,True,1.007217018110341,0.392932851506489
341,2020-04-24,2020-05-22,0.14297070510865453,0.06360599963264794,2.2477550220792373,0.03277938331673731,4.361604479473322,0.04702868384749712,3.040074554760551,True,True,1.0209535716254428,0.39657119778874855
342,2020-04-27,2020-05-25,0.13535393065211865,0.06432194226541509,2.1043197062302696,0.03333421411196227,4.060510627234069,0.050120707796646465,2.700559042407918,True,True,1.0095516099177297,0.38702833959157795
343,2020-04-28,2020-05-26,0.1578435872742668,0.06276436713297363,2.5148598557499473,0.03597546539713746,4.387534269030646,0.05249872661651755,3.0066174447858867,True,True,1.0342270490629757,0.41490259112958944
344,2020-04-29,2020-05-27,0.1502463828037129,0.0625683108914088,2.401317546584802,0.03380753701136337,4.444168256126206,0.05253751310285054,2.8597924403003567,True,True,1.03786913234695,0.4114693976663651
345,2020-04-30,2020-05-28,0.13739825778045167,0.0651996371799592,2.1073469688368847,0.034544969299117954,3.977373856978935,0.05862367999970634,2.343733074776949,True,True,0.9957872395388363,0.4103231132171533
346,2020-05-01,2020-05-29,0.14726406637544193,0.07042649936220145,2.09103203636556,0.03804254500426019,3.8710361349102844,0.06463965239015794,2.278231100108212,True,True,0.9211642848050532,0.40455429825976674
347,2020-05-04,2020-06-01,0.1276437861209437,0.08907842501545138,1.432937168554595,0.06065660503197926,2.1043674642464345,0.0999996288116506,1.276442599215652,True,True,0.727114665585062,0.3830431874221246
348,2020-05-05,2020-06-02,0.15058343041446956,0.09878593262008922,1.5243408289071185,0.08405382061686431,1.7915120253826624,0.12107048150081855,1.2437666766316733,True,True,0.6550921770895392,0.3894495392669749
349,2020-05-06,2020-06-03,0.1377241587769951,0.09904612515939756,1.3905052676755596,0.08295077895369345,1.6603118200237565,0.12196568119369952,1.1292041944017743,True,True,0.6533875400721691,0.39017990413435044
350,2020-05-07,2020-06-04,0.07075876823239874,0.10374056670057202,0.682074240413886,0.07204269951358705,0.9821781902974616,0.11705178768130849,0.6045082235313687,True,True,0.623672765720573,0.3484501295005478
351,2020-05-08,2020-06-05,0.10331274135299744,0.10692448074786504,0.9662215858369767,0.08718946826240546,1.1849222550832328,0.11572364793108252,0.8927539288644253,True,True,0.6049797123943589,0.34901953951741765
352,2020-05-11,2020-06-08,0.08360550033129856,0.11564590328113286,0.7229438999499642,0.08515767899091257,0.9817728867436646,0.14257127701201203,0.5864119483495582,True,True,0.5593209362252168,0.34185140100905786
353,2020-05-12,2020-06-09,0.019638697013102346,0.0974483539816235,0.20152928408422113,0.05807586351575651,0.33815591924473387,0.10521006217662068,0.18666177556414723,True,True,0.6638765798252072,0.3008352765377948
354,2020-05-13,2020-06-10,0.01980812811021182,0.09072951543971951,0.2183206646063518,0.05140604182222073,0.3853268489084405,0.09464734922703442,0.20928349575535668,True,True,0.7132342859622516,0.3020026973503655
355,2020-05-14,2020-06-11,0.07520224763550773,0.08619054015213924,0.8725116178964011,0.05996730454288348,1.254054158491141,0.10804597524411996,0.6960208139691937,True,True,0.7509713121258743,0.3242071306708881
356,2020-05-15,2020-06-12,0.09853118254004357,0.08457543200423749,1.1650095093230721,0.07252602589878591,1.3585630995078828,0.10835450368231582,0.9093409059297323,True,True,0.7654780720228528,0.34020974322210995
357,2020-05-18,2020-06-15,0.13482536568892303,0.0841173881658177,1.602823965755409,0.06887741324574438,1.957468484013564,0.10751891271011547,1.2539688347893658,True,True,0.769493245814622,0.3503260133001611
358,2020-05-19,2020-06-16,0.1348644202409199,0.08161743578487403,1.65239717401063,0.058869738316141416,2.2908955279650294,0.09931436421211491,1.3579548266842594,True,True,0.7934852248149141,0.3334117059184842
359,2020-05-20,2020-06-17,0.15043180293046435,0.08406923692223157,1.7893799020636003,0.05892093550051758,2.5531129411403,0.10694975978874945,1.4065651314000331,True,True,0.7702937690749043,0.3449592674233802
360,2020-05-21,2020-06-18,0.15088685331484195,0.08543935266792876,1.7660111951138424,0.06407054610973492,2.355011194323441,0.11232471108006378,1.3433095163475783,True,True,0.7581142273705912,0.34743247201281624
361,2020-05-22,2020-06-19,0.17353558254845403,0.08879527568101181,1.95433350724495,0.06039405054088442,2.8733887029315444,0.10886535511496087,1.5940386394294306,True,True,0.7291400806031632,0.34752077500893247
362,2020-05-25,2020-06-22,0.17425595065109653,0.08769868275810824,1.9869848117528945,0.05649330328740319,3.084541715760351,0.10514482491275581,1.6572946010009133,True,True,0.7380898296869163,0.3485662811554125
363,2020-05-26,2020-06-23,0.16113096279797126,0.08703843451111092,1.8512621889747114,0.059408852391582785,2.712238266039974,0.10266955187243695,1.5694133251713265,True,True,0.7436075840955717,0.3520221359843686
364,2020-05-27,2020-06-24,0.094694425595309,0.09766562754887653,0.9695778133194239,0.07894842145343438,1.199446725494847,0.10929834291125302,0.866384824079154,True,True,0.6631609766312829,0.34701303763884217
365,2020-05-28,2020-06-25,0.13982732389547164,0.10131348964094278,1.3801451750504572,0.08140237805022202,1.7177302094197269,0.11522246087479379,1.2135422454430536,True,True,0.6390130689758806,0.3515852757956349
366,2020-05-29,2020-06-26,0.10402705800981361,0.09841697962684072,1.0570031553929429,0.0848129266502762,1.2265472035738887,0.11116296181946021,0.9358068218689961,True,True,0.6582000400689659,0.34249355503488377
367,2020-06-01,2020-06-29,0.10487556973690837,0.09848513476477917,1.0648873049459906,0.08451917971751506,1.24084935617489,0.11199905935480592,0.9363968799476182,True,True,0.6577619669295555,0.34351068688827097
368,2020-06-02,2020-06-30,0.0784794358597366,0.0945557447498152,0.8299806221968337,0.06841395952950909,1.1471260602287747,0.0987714091221456,0.7945562036346475,True,True,0.6853489884198454,0.3220073320094845
369,2020-06-03,2020-07-01,0.07953477672561562,0.09250002821252351,0.8598351618107666,0.06284840433893163,1.265501925819739,0.09614099535742181,0.8272722414608927,True,True,0.7006553931094307,0.31109182975354044
370,2020-06-04,2020-07-02,0.07990774149453252,0.08929331898799452,0.8948904845308315,0.061395632359836555,1.3015215972725465,0.09201149081781396,0.868453937484316,True,True,0.7259417537988219,0.3028694993181529
371,2020-06-05,2020-07-03,0.06295899851094745,0.08457544579456233,0.7444122572392674,0.05613959679286627,1.121472224733679,0.0848151608007731,0.7423083080492558,True,True,0.7667463505394642,0.3028934666632043
372,2020-06-08,2020-07-06,0.03611844647565194,0.0847235180191685,0.42630956929196717,0.0628929554797556,0.5742844520524717,0.08145499521481096,0.4434159793441928,True,True,0.7654821798732775,0.30801019527654355
373,2020-06-09,2020-07-07,0.035098159712898314,0.08470691301889845,0.4143482327713651,0.06264710998074907,0.560251857167612,0.08331335980338873,0.4212788896729947,True,True,0.7655917144205754,0.30970389656863684
374,2020-06-10,2020-07-08,0.07907643646844263,0.09264483757559991,0.8535439052814442,0.06252300406390658,1.2647574705082358,0.08873547819718411,0.8911479159747404,True,True,0.69947407710274,0.309146299195501
375,2020-06-11,2020-07-09,0.12302340204232341,0.09990397783160322,1.231416453203595,0.08051360957720104,1.5279826937129377,0.08846925905682138,1.3905779629431378,True,True,0.6482370328229206,0.30883929086996476
376,2020-06-12,2020-07-10,0.07429149025522049,0.1076931623109762,0.6898440779433647,0.07870155018196169,0.9439647641432102,0.0889174749168237,0.8355105711752967,True,True,0.6013930918066579,0.2828604791428909
377,2020-06-15,2020-07-13,0.04173661008645736,0.11964007288953982,0.3488514264362874,0.08853170895796449,0.471431203324836,0.10715510565511409,0.3894971670392398,True,True,0.5411924295798421,0.27221699699268
378,2020-06-16,2020-07-14,0.032521355197018084,0.1295390114379875,0.25105452663259364,0.09295721889719093,0.34985292786121475,0.12663100903680496,0.2568198377663234,True,True,0.499721776357765,0.26917120949845413
379,2020-06-17,2020-07-15,0.004150623738695813,0.13549149272732347,0.03063383283442703,0.08282230984897326,0.05011480295906366,0.12820949842271992,0.03237376161484369,True,True,0.4777170974547855,0.26789987725957337
380,2020-06-18,2020-07-16,-0.018148750159630748,0.13610143570145633,-0.13334723521536335,0.07968808308213636,-0.22774735515879344,0.1297718093715319,-0.13985125311516267,True,True,0.47556201803598547,0.2586753002958198
381,2020-06-19,2020-07-17,-0.0525693176605961,0.14215187285910583,-0.3698109395484385,0.08515345561720382,-0.6173480251572475,0.13793875444450643,-0.38110622262973276,True,True,0.45525687774983764,0.25423782573031056
382,2020-06-22,2020-07-20,-0.03879673453139775,0.1492113533347279,-0.26001194724348153,0.0903977584169509,-0.4291780593989021,0.148421910092623,-0.2613949281961576,True,True,0.4336717892992508,0.25406229783722417
383,2020-06-23,2020-07-21,-0.07906824416616799,0.15232637163488336,-0.5190712764805397,0.0940287555991408,-0.8408942951797449,0.14228190409833538,-0.5557153923911611,True,True,0.4247484817700205,0.26639018145987514
384,2020-06-24,2020-07-22,-0.09202026902245249,0.132513403816594,-0.694422348020082,0.08912924574925686,-1.0324363035824269,0.12211796600334905,-0.7535358803792135,True,True,0.4883949312815424,0.260600894716175
385,2020-06-25,2020-07-23,-0.09486158871166273,0.13114431649233985,-0.7233373984392499,0.07989470176186042,-1.1873326593597362,0.10938790364048268,-0.8672036445952696,True,True,0.49341681182008895,0.2231357556569182
386,2020-06-26,2020-07-24,-0.09590545466690309,0.11254148622058484,-0.8521786755057188,0.04638272900382505,-2.067697540155389,0.07843763787674082,-1.2226968743960864,True,True,0.5751586356775955,0.21117223585103728
387,2020-06-29,2020-07-27,-0.19105270752009995,0.08823439177442138,-2.165286161982532,0.05238666053448634,-3.646972446245724,0.1262965925501664,-1.5127304993934156,True,True,0.7332127237096309,0.23236477463537727
388,2020-06-30,2020-07-28,-0.19400350742461073,0.0882896813299054,-2.1973519951860787,0.0480228867853237,-4.039813522495283,0.12331298602590512,-1.5732609652632628,True,True,0.7326292379039011,0.22665193675377165
389,2020-07-01,2020-07-29,-0.20311340311128226,0.09148263971461912,-2.22023985911312,0.04764180728697933,-4.26334378727051,0.12853757845399885,-1.5801869426377335,True,False,0.7068794064142536,0.22671055702244003
390,2020-07-02,2020-07-30,-0.2252545151288953,0.09347298494045574,-2.4098354756980016,0.047337188819665005,-4.75851060752723,0.1272819476943335,-1.7697286945187392,True,False,0.6918168063494098,0.2308465814636619
391,2020-07-03,2020-07-31,-0.2437284597887299,0.096748836626746,-2.519187499163703,0.04853720507495898,-5.021477017729494,0.12380829968038472,-1.9685954852616754,True,False,0.6681242976203355,0.23049305112035273
392,2020-07-06,2020-08-03,-0.1739404617472971,0.10168338161172366,-1.7106085477318793,0.09575558725398388,-1.816504568928539,0.20152323128022345,-0.8631285864279749,True,False,0.6362300173497026,0.2663315971958557
393,2020-07-07,2020-08-04,-0.16714798821900415,0.1017932448852304,-1.6420341880982354,0.10269295121946806,-1.6276481124959334,0.21324677233286393,-0.7838242351358891,True,False,0.6357553737308045,0.25065818098655496
394,2020-07-08,2020-08-05,-0.18198128750106213,0.10182829820949882,-1.787138651052173,0.07539884706928021,-2.4135818328077177,0.1857145582540696,-0.9798978023688368,True,False,0.6349701155066614,0.2853605269412447
395,2020-07-09,2020-08-06,-0.1830537769127274,0.10305132842543623,-1.7763359260834537,0.07815748705001373,-2.342114413115528,0.19078834737236977,-0.9594599430931362,True,False,0.6274728434175962,0.2900635649733016
396,2020-07-10,2020-08-07,-0.21109482125947263,0.1024821489482412,-2.0598204021471727,0.08232873587612378,-2.5640478869625447,0.18402021753440637,-1.147128419299929,True,False,0.631050759862263,0.31788359059807425
397,2020-07-13,2020-08-10,-0.21453976619059148,0.101326813916235,-2.1173049649814066,0.07918008186225838,-2.7095168525312303,0.1789859625251951,-1.1986401791726633,True,False,0.6382892963468831,0.3176928814694368
398,2020-07-14,2020-08-11,-0.208601912821053,0.1003268218136977,-2.0792237713701045,0.07470701272163223,-2.792266819693756,0.17793075523267524,-1.172376931398228,True,False,0.644700845287144,0.3181866242239359
399,2020-07-15,2020-08-12,-0.21320043445793338,0.10042145952624784,-2.1230565206255316,0.06986017543779692,-3.0518164765813647,0.1748458447462869,-1.2193623175163333,True,False,0.6439525396875798,0.3133698981906768
400,2020-07-16,2020-08-13,-0.22713276058748819,0.10144636195078516,-2.238944366459169,0.06559382675431609,-3.462715499710387,0.17298563796306493,-1.3130151338690006,True,False,0.6374019248490186,0.30965686794889546
401,2020-07-17,2020-08-14,-0.2342452817888643,0.10522425893423216,-2.2261528297887425,0.06668113304853543,-3.5129169388643016,0.18331626379984478,-1.277820510484693,True,False,0.614375156898209,0.3101014557320714
402,2020-07-20,2020-08-17,-0.22094494250144048,0.10699021543387147,-2.0650948463413665,0.07421803548961689,-2.9769710427373237,0.19062458246637418,-1.15905797480456,True,False,0.6041266950487556,0.30535044816466234
403,2020-07-21,2020-08-18,-0.22490158886373685,0.10967438738937678,-2.0506299986456193,0.07582529956576718,-2.966049460426703,0.19468726644142925,-1.1551941376268562,True,False,0.5892017829817693,0.3055909772854818
404,2020-07-22,2020-08-19,-0.26633396957232686,0.11114180759993778,-2.396343692114613,0.06501516672395741,-4.096489834489428,0.18034657064793116,-1.476789764371281,True,False,0.5814010469221095,0.2889276406458367
405,2020-07-23,2020-08-20,-0.2759552854773258,0.1137802130105293,-2.425336340790544,0.06899669275110579,-3.999543666140478,0.2088604428216622,-1.3212424609908218,True,False,0.5680511644236707,0.2930696147447101
406,2020-07-24,2020-08-21,-0.28804028714393765,0.11263729416085823,-2.557237274650659,0.06931460789982336,-4.155549542460467,0.20154296989231651,-1.4291755614092432,True,False,0.5738231007885695,0.2986033025714154
407,2020-07-27,2020-08-24,-0.33789276211349184,0.12257487928590279,-2.7566232500655015,0.09702976224882545,-3.482362053479957,0.2242525272462531,-1.5067511892182588,True,False,0.5269917310885258,0.2981907732441764
408,2020-07-28,2020-08-25,-0.17023334895864806,0.1961588797575664,-0.8678340188781674,0.19080962512699853,-0.8921633216633837,0.5590129252102617,-0.30452488892742174,True,False,0.32965611606254225,0.26677831179552836
409,2020-07-29,2020-08-26,-0.15890495901039256,0.19491239003768018,-0.8152635087983544,0.18873470735052247,-0.8419487927849465,0.5509230581634379,-0.28843403204091617,True,False,0.3317669408296792,0.26857807937981065
410,2020-07-30,2020-08-27,-0.16472689860119238,0.19190861133436585,-0.8583611618875493,0.18260150403102646,-0.9021114008633963,0.536249133705746,-0.3071835239394202,True,False,0.3369706097862609,0.2683881243575756
411,2020-07-31,2020-08-28,-0.2648572717505777,0.1821663408899813,-1.4539308988510524,0.2303526253243315,-1.1497905499347552,0.5043733386374537,-0.5251214754254855,True,False,0.35478943765664955,0.29372366834003427
412,2020-08-03,2020-08-31,-0.2567201032709502,0.18587676666900624,-1.381130669913663,0.2480951275477949,-1.0347647928776582,0.553553535776562,-0.4637674347266268,True,False,0.34772325589518,0.2935563697682583
413,2020-08-04,2020-09-01,-0.3376645666912086,0.1328618125108927,-2.541471927183931,0.1268193386738183,-2.6625636927479026,0.44129350714334936,-0.7651700313404384,True,False,0.48601335808852536,0.26352454638194744
414,2020-08-05,2020-09-02,-0.3724347273327298,0.13100407975239842,-2.8429246481227337,0.11905310197920527,-3.1283076303025026,0.49904072720289055,-0.7463012676745165,True,False,0.49286206086387124,0.2842249868243514
415,2020-08-06,2020-09-03,-0.31150806799806696,0.13418575415735193,-2.3214689961259176,0.060515858683723195,-5.147544375534946,0.39709983698766826,-0.7844578087997067,True,False,0.48164593426710145,0.2345097783680292
416,2020-08-07,2020-09-04,-0.3112754368992342,0.1339757542216488,-2.323371409309342,0.06224089283090819,-5.001140291237243,0.39601056306153865,-0.7860281162521998,True,False,0.482374411342681,0.23098995208304163
417,2020-08-10,2020-09-07,-0.28163403380220187,0.13499604331730491,-2.086239173249159,0.05827390431792263,-4.832935721377141,0.3446353246837087,-0.8171943316044962,True,False,0.4787428352394313,0.1960632863298184
418,2020-08-11,2020-09-08,-0.16681030115572937,0.1228536407850926,-1.3577969695463075,0.10943344406378462,-1.5243082458275,0.13893503980077324,-1.2006352133697016,True,False,0.5265977720785594,0.2176016249761147
419,2020-08-12,2020-09-09,-0.17485480062436448,0.125331782376442,-1.3951353544081655,0.11410185397883442,-1.5324448685715446,0.14424234508639133,-1.2122293250268386,True,False,0.5161051510325014,0.22224374976061118
420,2020-08-13,2020-09-10,-0.15604142150537303,0.12201000013529695,-1.2789232139360596,0.12374082317032783,-1.2610342933518697,0.1395059434260373,-1.1185288430962257,True,False,0.5302297359319216,0.22484379898432924
421,2020-08-14,2020-09-11,-0.1524602922446959,0.12222731513314788,-1.2473504149102337,0.1265962953045925,-1.2043029527670954,0.1372612273388662,-1.1107309412898279,True,False,0.5293552682810353,0.2299986269243147
422,2020-08-17,2020-09-14,-0.12495205696150437,0.11991314291128831,-1.0420213658643227,0.1407046992049218,-0.888044661390624,0.14196308350042527,-0.8801728863626018,True,False,0.5396233168687764,0.24075325552148882
423,2020-08-18,2020-09-15,-0.12349542395343237,0.1199331509048833,-1.0297021550894985,0.14121439191015916,-0.8745243475750004,0.14425439115654642,-0.8560947293411248,True,False,0.5395689271894722,0.2394324656030744
424,2020-08-19,2020-09-16,-0.11595847038945278,0.12067561141379379,-0.9609105686801449,0.14406331292466382,-0.8049132567851739,0.15209919616470022,-0.7623871349319128,True,False,0.5362563618393835,0.2406378821858902
425,2020-08-20,2020-09-17,-0.12426030309517727,0.1186273412678052,-1.0474845155186903,0.13759298598879946,-0.9031005628825621,0.1450580840527654,-0.8566244612053274,True,False,0.5455461821470633,0.24187222772309924
426,2020-08-21,2020-09-18,-0.10641547956240696,0.11976512223626119,-0.8885348052539092,0.13938827863848371,-0.7634464002414814,0.15023169565641145,-0.7083423980368649,True,False,0.5402872060863968,0.23592321121129262
427,2020-08-24,2020-09-21,0.09383879768033924,0.10351287173164724,0.9065423083190309,0.2046500615924288,0.4585329559647242,0.2620949283945697,0.35803362642359116,True,False,0.6256209272119553,0.3246018643515446
428,2020-08-25,2020-09-22,0.07034166054709078,0.10128312609714071,0.6945052276489377,0.18647713530634172,0.3772133266179502,0.2509984370659431,0.28024740460280395,True,False,0.6395737981454209,0.3258509617006021
429,2020-08-26,2020-09-23,0.07079283403930244,0.1023483592846344,0.691685089376226,0.19118617319268888,0.37028218545884684,0.25357554882000016,0.279178471144923,True,False,0.6329513746000806,0.35237482454014574
430,2020-08-27,2020-09-24,0.07363987391776104,0.10120288820481668,0.7276459716122627,0.18699926002268522,0.39379767550324885,0.2353180612744378,0.3129376194880304,True,False,0.6401438605015174,0.353198575769051
431,2020-08-28,2020-09-25,0.03332445246532858,0.09712663816172579,0.3431031187328852,0.16989070189804995,0.19615230317505145,0.2168190143013373,0.1536970941995609,True,False,0.6671980583846311,0.3568513691828693
432,2020-08-31,2020-09-28,0.07864343456287848,0.09406004182881612,0.8360982308088382,0.15137569553974806,0.5195248436842252,0.21465371601900463,0.3663735062285886,True,False,0.6888864918840949,0.329423838655061
433,2020-09-01,2020-09-29,0.07938233524532148,0.09282035937162794,0.8552254675883747,0.15025825197802023,0.5283059945149204,0.21139788268692808,0.37551149631372416,True,False,0.698106110845316,0.32725744108931365
434,2020-09-02,2020-09-30,0.244286969136446,0.0972126210340387,2.5129141312927845,0.06385060814945831,3.825914524801883,0.11439146569882044,2.1355349163863804,True,False,0.6654330767797751,0.3465723870407174
435,2020-09-03,2020-10-01,0.2586646931068454,0.0976627256411095,2.648550830512197,0.06517856456833095,3.968554613314172,0.116984669602648,2.2110990609746564,True,False,0.6623306679260728,0.3413058833424753
436,2020-09-04,2020-10-02,0.2529710505347965,0.09679822156426357,2.6133853127337785,0.06431914845270943,3.9330596971567986,0.11617667781310445,2.17746844974992,True,False,0.6683046862821153,0.3413323651812497
437,2020-09-07,2020-10-05,0.25200042619224094,0.0970279930272012,2.5971930195608,0.06913696143539183,3.6449450620958253,0.12293461467439389,2.049873641038306,True,False,0.6667548929512664,0.35857567915878436
438,2020-09-08,2020-10-06,0.2510441739316996,0.09704591883650457,2.5868596736627256,0.06772331796188265,3.706908956720005,0.12229122279757045,2.0528388562051982,True,False,0.666636980208443,0.3589223071061844
439,2020-09-09,2020-10-07,0.26793852050648304,0.1072644920913513,2.4979237330308193,0.07945245580924744,3.3723126337310494,0.15960486911039728,1.6787615691169944,True,False,0.6029266186992809,0.3498069040243879
440,2020-09-10,2020-10-08,0.25498536814827955,0.10209072733696832,2.49763494491185,0.07402041296821998,3.4447979675249214,0.14357560468611852,1.7759658314218654,True,False,0.6336117689240094,0.3456585338124521
441,2020-09-11,2020-10-09,0.28384931392269763,0.10117893118983735,2.8054191775373103,0.07324461491844156,3.875360860846439,0.1377502338808156,2.060608580659762,True,False,0.6390803168487457,0.3822448203824168
442,2020-09-14,2020-10-12,0.2827906666249906,0.10263223491482608,2.7553786279688537,0.0763370498072912,3.7045008595286366,0.14725261321118008,1.920445827466781,True,False,0.6300267687022342,0.37949447165309147
443,2020-09-15,2020-10-13,0.2787881153483177,0.10284529996379005,2.710752124272805,0.06529269522291618,4.26982091023361,0.13355047422395297,2.0875112347471965,True,False,0.6287444345516521,0.39091123383908116
444,2020-09-16,2020-10-14,0.28703082292345855,0.10301539855644926,2.7862904667225505,0.06630963362916917,4.328644379618403,0.1313949951521609,2.184488249275133,True,False,0.6276432057475608,0.39329883326188797
445,2020-09-17,2020-10-15,0.3058941103917783,0.10225811451010455,2.9913920460713324,0.06336342517420615,4.827613241405091,0.10911442732779196,2.8034249721426674,True,False,0.6320498756459578,0.39729758836181156
446,2020-09-18,2020-10-16,0.30739347596587885,0.0989595877029964,3.106252593618792,0.06245882607180281,4.921537840184486,0.10223029290283196,3.00687269142475,True,False,0.6531468668955828,0.4029560711568247
447,2020-09-21,2020-10-19,0.31240468678617905,0.09924687291367351,3.1477534517174517,0.06685441636615537,4.672910239394924,0.1020594330229227,3.061007469206815,True,False,0.6512182794172393,0.40743070608628673
448,2020-09-22,2020-10-20,0.18661883732921272,0.12349185253003007,1.5111833979802982,0.07333107898887602,2.5448805595445,0.10518836716226868,1.7741395019596173,True,False,0.523951806113364,0.34111259835551383
449,2020-09-23,2020-10-21,0.0896534705540543,0.11015479914779878,0.8138861969487404,0.1062920701090787,0.8434633972416795,0.13779778032346912,0.650616217065326,True,False,0.5877947340660014,0.3423065718204551
450,2020-09-24,2020-10-22,0.0549370357841834,0.1115459108058393,0.49250604874085185,0.09332306984902569,0.5886758319572891,0.1313424127637897,0.4182733865486687,True,False,0.5804158745424853,0.3115554250369936
451,2020-09-25,2020-10-23,0.019053066086567854,0.1200795600985848,0.15867035214757091,0.10738956227866725,0.17742009262619662,0.15160601820835337,0.12567486641844963,True,False,0.5390111165437701,0.30175818513185293
452,2020-09-28,2020-10-26,0.08053452640663672,0.11633061941901834,0.6922900162385838,0.09620546384220864,0.837109694088949,0.13712484871382594,0.5873080419925133,True,False,0.5563276680267186,0.2993590594199855
453,2020-09-29,2020-10-27,0.04851852039812343,0.11326776901639082,0.42835239732763153,0.08729527344685829,0.5557977938823856,0.12227468910779027,0.39679937648708574,True,False,0.5714215440723202,0.2997285834029137
454,2020-09-30,2020-10-28,0.14101755285397108,0.09354749017291823,1.5074434663432084,0.07748538759879212,1.819924468651291,0.12204113258093155,1.155492003980341,True,False,0.6922938927205652,0.34591486883031913
455,2020-10-01,2020-10-29,0.13945169468068536,0.10538159610478125,1.323302168834377,0.09829181776890768,1.4187518131829449,0.15161017699062748,0.919804312934126,True,False,0.6144161009116429,0.3483595400358897
456,2020-10-02,2020-10-30,0.1314693182786414,0.10078766760264038,1.3044186992893287,0.09120851242964882,1.4414150036713584,0.1406320148995689,0.9348462963609605,True,False,0.6425740329773569,0.3474562263591013
457,2020-10-05,2020-11-02,0.1387399973895393,0.10106033254618557,1.3728432698965614,0.08761746397872493,1.5834742423408628,0.13579781167357305,1.0216659287782823,True,False,0.64080174953287,0.3482417456395907
458,2020-10-06,2020-11-03,0.14874175451873653,0.1010070368875089,1.4725880404192986,0.088940053658512,1.6723821090757933,0.13480147919566585,1.103413370582056,True,False,0.6410764882014925,0.3615991579174728
459,2020-10-07,2020-11-04,0.053641075314191974,0.06947025157973008,0.772144538049194,0.06662142959528937,0.8051624775999222,0.122489434401591,0.4379240999540058,True,False,0.9349319563546139,0.36445024018315486
460,2020-10-08,2020-11-05,0.06001195342716951,0.0694910199158378,0.8635929289835059,0.06813342610915903,0.8808004654135869,0.1363803819595969,0.4400336218808086,True,False,0.9344362954228166,0.38420575844932414
461,2020-10-09,2020-11-06,0.059188476797629765,0.07087349436385533,0.8351285248299428,0.07365865214698829,0.803550907767321,0.15952162339934098,0.3710373273312255,True,False,0.9158888354131602,0.3905806970057319
462,2020-10-12,2020-11-09,0.03870144367403775,0.07124538666024277,0.5432133291464668,0.06220338611130802,0.6221758346850217,0.1256743614326959,0.30795019153341047,True,False,0.9114468790430659,0.35957323632240296
463,2020-10-13,2020-11-10,0.038758345413258545,0.07124519346920753,0.5440134769233248,0.06225165467580217,0.6226074730881699,0.126077679526128,0.30741639248861946,True,False,0.9114457290474138,0.35950006895846176
464,2020-10-14,2020-11-11,0.035948108934086453,0.07089460499046696,0.5070640980215676,0.06683592063164184,0.5378561197983662,0.12945283548958933,0.2776927117751501,True,False,0.9158487799218807,0.33270945240765515
465,2020-10-15,2020-11-12,0.037930809506024094,0.07089129312670692,0.5350559685549648,0.06292135862863701,0.6028288379768214,0.12699084615219033,0.29868932017797933,True,False,0.9159918272048624,0.33618553058814565
466,2020-10-16,2020-11-13,0.02909494526012684,0.07101001971259191,0.4097301391815774,0.0670739824286449,0.43377393449209345,0.12396718385311889,0.23469876749478844,True,False,0.9143643468623225,0.3228297402633967
467,2020-10-19,2020-11-16,0.02520264598768467,0.0724800033110736,0.3477186097732169,0.06947717709182823,0.36274712132265025,0.13598510681296264,0.18533386911516,True,False,0.8955943389775137,0.32562643509195865
468,2020-10-20,2020-11-17,0.024428321271790177,0.07249051281092783,0.33698645966962515,0.0681645577648625,0.35837276838290444,0.13162463317228423,0.1855908022916638,True,False,0.8955346491126484,0.32142340720597273
469,2020-10-21,2020-11-18,0.027330408713710164,0.07308397465028008,0.37395898135659794,0.06890540368735354,0.3966366533126663,0.13821450506724672,0.19773907738853355,True,False,0.8881822666348553,0.32229877781823535
470,2020-10-22,2020-11-19,0.05779364494459162,0.07604446890493802,0.7599980087550948,0.07094502828001485,0.8146257228411315,0.17803192503622647,0.32462517569717675,True,False,0.8533833656691049,0.32375800834595364
471,2020-10-23,2020-11-20,0.05778865640798481,0.075074252354058,0.769753338807125,0.07385371449486877,0.7824746094795255,0.16895531202763178,0.3420351554175093,True,False,0.8644347458331386,0.3205221926357016
472,2020-10-26,2020-11-23,0.06468098946144811,0.07529560465838106,0.8590274260351338,0.07179127785707537,0.9009588823619678,0.1817394782308122,0.3558995001586951,True,False,0.8618968174814765,0.32712765421544354
473,2020-10-27,2020-11-24,0.05446379648150915,0.07642685072216089,0.712626465265521,0.07421055957861564,0.7339089853353339,0.18739457447240943,0.2906369975483361,True,False,0.8489612999441091,0.32408346521852566
474,2020-10-28,2020-11-25,0.06714357413780164,0.07783175445206376,0.862675839835463,0.08910109128642976,0.7535662377238214,0.2142705999402661,0.31335878163649045,True,False,0.8334860599423345,0.3238186133965567
475,2020-10-29,2020-11-26,-0.013743652335607768,0.09015492099637647,-0.15244483810440204,0.04390233134242588,-0.3130506265922675,0.17318662819275116,-0.0793574681776905,True,False,0.7188116028819019,0.2741131377733222
476,2020-10-30,2020-11-27,-0.03685521622665325,0.09071740740718578,-0.40626399364819066,0.03346006801578839,-1.101468658379978,0.108640430470028,-0.33924033683593474,True,False,0.7141316386497509,0.24596209848139122
477,2020-11-02,2020-11-30,-0.027588471691831915,0.08922106547112,-0.309214775077552,0.033747722721300805,-0.8174913584441267,0.15154740522394647,-0.18204516039759008,True,False,0.7262059323686956,0.2486144713180444
478,2020-11-03,2020-12-01,-0.03509839052629269,0.09053736644387579,-0.3876674560447947,0.0424426648328973,-0.8269601040481308,0.1571093155587112,-0.22340107842412787,True,False,0.7153869204980011,0.24957370196962517
479,2020-11-04,2020-12-02,-0.037162520436297065,0.08729009473339838,-0.42573582432003226,0.02718967365892262,-1.366788027781339,0.08540274248624911,-0.43514434495216225,True,False,0.7423590756411511,0.2208835365291552
480,2020-11-05,2020-12-03,-0.12286920215101578,0.16407123070066237,-0.7488771896590628,0.11315586180680287,-1.08584036380543,0.19349350048305058,-0.6350042861609129,True,False,0.39383310544565464,0.2358838458812961
481,2020-11-06,2020-12-04,-0.18824872399342116,0.16820880890050718,-1.1191371321389432,0.10673005729411537,-1.7637835935444621,0.1765814772046182,-1.066072880199565,True,False,0.38416795834807127,0.209086078131568
482,2020-11-09,2020-12-07,-0.13373642070706343,0.15260792219271785,-0.8763399618152004,0.08199877356635145,-1.6309563532538338,0.1558839263721057,-0.8579230958541892,True,False,0.4236761387014585,0.20076958615106627
483,2020-11-10,2020-12-08,-0.13426745148581215,0.14713179252500344,-0.9125658648044737,0.07908451690877392,-1.6977716591566614,0.14445486052337125,-0.9294768691018819,True,False,0.4394627870862678,0.19846300333208075
484,2020-11-11,2020-12-09,-0.14233884412896725,0.14682059916912013,-0.969474616875862,0.08297740567422618,-1.7153927984660946,0.1450094734957673,-0.9815830696959396,True,False,0.44042769015577804,0.20478168807401764
485,2020-11-12,2020-12-10,-0.12796295046185022,0.15083998967250473,-0.8483357148172455,0.0879402596484888,-1.4551122656828452,0.14866038024472153,-0.8607737330632436,True,False,0.4286566407004516,0.20405722026684053
486,2020-11-13,2020-12-11,-0.09346335540827765,0.14225963751931983,-0.6569913788483025,0.08875064239851321,-1.0531006073015579,0.13585251463746556,-0.6879766315529224,True,False,0.454574872205595,0.20172757302703923
487,2020-11-16,2020-12-14,-0.10287246625168028,0.14089173362994176,-0.7301526044237575,0.08444204714898873,-1.218261159279726,0.133965228741193,-0.7679042331978493,True,False,0.4590080630283129,0.20304446708560592
488,2020-11-17,2020-12-15,-0.09796238091971143,0.13865601235845837,-0.7065137620318668,0.0865173078981994,-1.1322865135260436,0.13204298686412919,-0.7418976444429697,True,False,0.46646038420457064,0.19835760354911913
489,2020-11-18,2020-12-16,-0.09802395629886732,0.13865614984416363,-0.7069571483777456,0.08678639839758807,-1.1294852431805897,0.13204938077015838,-0.7423280270392574,True,False,0.4664603842045706,0.19833408018620421
490,2020-11-19,2020-12-17,-0.1325292552481563,0.13561144285236088,-0.9772719208690958,0.0727672545537067,-1.8212760129673657,0.1254197056327595,-1.0566860652361458,True,False,0.4768166676883612,0.21216466450345967
491,2020-11-20,2020-12-18,-0.12667523171871944,0.13588836656074313,-0.9322007094852719,0.0777184367249694,-1.6299251124543166,0.1260407319567557,-1.0050340850303967,True,False,0.4758925096957346,0.22387364807928542
492,2020-11-23,2020-12-21,-0.05544258306208994,0.12805692802754676,-0.43295262439970056,0.08763489137592641,-0.6326542110294691,0.1440681907725594,-0.38483570012770696,True,False,0.5052412420933277,0.23801219486550704
493,2020-11-24,2020-12-22,-0.11362661505318211,0.1168784532902183,-0.9721776072022307,0.062091421172221335,-1.8299889567355685,0.14461059638226673,-0.7857419711679986,True,False,0.553647720266284,0.23751507391711865
494,2020-11-25,2020-12-23,-0.1061351149881464,0.1129756390835288,-0.9394513352535688,0.0607605285753601,-1.7467773483324636,0.1346433805465831,-0.7882683467786701,True,False,0.5728962536810431,0.23405753864370096
495,2020-11-26,2020-12-24,-0.11701602340920148,0.10349841652899007,-1.1306068955791715,0.05548263470642377,-2.1090567170858123,0.11371391305217661,-1.0290387540837656,True,False,0.6256058485167656,0.2315080405039192
496,2020-11-27,2020-12-25,-0.11554695181674572,0.1037788380125324,-1.1133960837255876,0.05479339906111025,-2.108775031238306,0.11325840323017847,-1.0202064352074272,True,False,0.623908008685463,0.2315080405039192
497,2020-11-30,2020-12-28,-0.11454947537863841,0.10356089512553214,-1.1061074282892822,0.05388077162557246,-2.1259806035196394,0.11194762555471419,-1.0232416704778842,True,False,0.6252237336054932,0.2314566006188466
498,2020-12-01,2020-12-29,-0.11106648096620114,0.1049584483683584,-1.0581947684326107,0.057379399445688546,-1.935650809160684,0.12210851868364064,-0.9095719296534317,True,False,0.6167760068311106,0.243170922051245
499,2020-12-02,2020-12-30,-0.13515575315504139,0.10398892494357458,-1.2997129572055701,0.06144915605349585,-2.1994728949145976,0.1153092990596178,-1.1721149487272702,True,False,0.6224851145116337,0.23506333794343953
500,2020-12-03,2020-12-31,-0.1292039388785024,0.10599629001623734,-1.2189477467438712,0.06234992230697901,-2.0722389715638863,0.12248049561480276,-1.0548939913245017,True,False,0.6107510382101142,0.2341694466455117
501,2020-12-04,2021-01-01,-0.06993665905039956,0.1116574975734536,-0.6263498696484032,0.03138046556712772,-2.2286686250971677,0.10504369184579958,-0.6657863772825511,True,False,0.5799389272306855,0.20824552877196273
502,2020-12-07,2021-01-04,-0.07632267256572495,0.1107325768134712,-0.6892522034801947,0.031467828486507934,-2.4254191101381166,0.10154320549084508,-0.7516275677608586,True,False,0.5847984434540702,0.2043714483432809
503,2020-12-08,2021-01-05,-0.07040731763208599,0.1143235255890204,-0.6158602725845947,0.03529688575034187,-1.9947175546897662,0.11730425661866303,-0.6002111062428763,True,False,0.5663584532693372,0.20805850040125795
504,2020-12-09,2021-01-06,-0.05940213867596055,0.11410026382734291,-0.5206135085353366,0.03550583790775247,-1.67302455529406,0.11536821172567864,-0.5148917347978519,True,False,0.5674696335949553,0.20795719237063096
505,2020-12-10,2021-01-07,-0.050103519828210825,0.11421270456297138,-0.4386860465298426,0.03728011250313784,-1.3439744803343512,0.10953442573866637,-0.4574225818990527,True,False,0.5669522165507195,0.22684236558886442
506,2020-12-11,2021-01-08,-0.04859209277164248,0.11510668517016956,-0.42214831136702174,0.03955921837324775,-1.22833804028098,0.11266414833166465,-0.4313004047090063,True,False,0.5625442731371297,0.22683258396037867
507,2020-12-14,2021-01-11,0.011184720284259923,0.108261930172846,0.10331166520311356,0.08141524422212303,0.13737869843815675,0.1157099963270598,0.09666165966029226,True,False,0.598300231487028,0.25077234666283377
508,2020-12-15,2021-01-12,0.029873501504657854,0.1032813342736643,0.2892439540479029,0.08486579645785866,0.35200873321788684,0.1050726795135761,0.2843127408852079,True,False,0.6272506347994151,0.25564448904760906
509,2020-12-16,2021-01-13,0.02467658879693464,0.10358942893839648,0.2382153183951766,0.08868334307162769,0.27825505830338254,0.1051642480631427,0.2346480790897523,True,False,0.6253896806011295,0.2513715741974155
510,2020-12-17,2021-01-14,0.029192825244653837,0.1029445438665226,0.2835781688683289,0.0903133999025676,0.3232391347922656,0.10409824324721037,0.28043533045343827,True,False,0.629319309959246,0.2528514306865837
511,2020-12-18,2021-01-15,0.08065462864804357,0.10434486001413512,0.7729621625551815,0.08655232557493682,0.9318597520318846,0.08375582408921929,0.9629733755843387,True,False,0.6207601661573721,0.24421625495305152
512,2020-12-21,2021-01-18,0.06908477832702203,0.1025717739146179,0.6735262118458546,0.08256926039152224,0.836688835523532,0.08519138792184917,0.810936175736418,True,False,0.6315737501459632,0.2320087372085091
513,2020-12-22,2021-01-19,0.039105455936932085,0.11097839865413661,0.35236997840276973,0.11071501838852742,0.35320823232581694,0.11251259759913679,0.34756513289523505,True,False,0.5835873580100033,0.22147123224805443
514,2020-12-23,2021-01-20,0.0729724582515947,0.11394748977530206,0.6404042633628193,0.09922112474787341,0.7354528426987893,0.10657841820204607,0.6846832546647215,True,False,0.5682706989748377,0.21425414487003872
515,2020-12-24,2021-01-21,0.050181393459669675,0.11406988587357453,0.4399179772590157,0.10541145549644708,0.47605256206106605,0.11022158223259176,0.4552773825526829,True,False,0.5676801611557216,0.21584427805615516
516,2020-12-25,2021-01-22,0.09581289771239168,0.1223177007360099,0.7833117949067588,0.09280521309972839,1.0324085739605084,0.10727727001240024,0.8931332583436977,True,False,0.5292305093121004,0.22906590208323754
517,2020-12-28,2021-01-25,0.0929503581632108,0.1225222766048871,0.7586404753395127,0.09564887041859192,0.9717873065978562,0.10595896539954214,0.8772297635478088,True,False,0.5283583554883409,0.23832495313653715
518,2020-12-29,2021-01-26,0.1033713587283214,0.1226886219655711,0.8425504914166326,0.09487118470235459,1.0895970051669002,0.10896477239718871,0.94866768822791,True,False,0.5276198643957128,0.2416636981756564
519,2020-12-30,2021-01-27,0.1231457401534168,0.11835163596923498,1.0405072912167266,0.08900876109536308,1.3835238086448558,0.09218262321062919,1.3358888678188254,True,False,0.5469431019556273,0.2380687245481844
520,2020-12-31,2021-01-28,0.15444834989339412,0.12137339646325118,1.272505791169461,0.07123821372394332,2.168054781551656,0.07948823378122204,1.9430341139354934,True,False,0.533192591548881,0.23409226830759355
521,2021-01-01,2021-01-29,0.1530648272930291,0.11996860417945501,1.2758740367110306,0.06988078640915728,2.19037070356969,0.07828610989626061,1.955197767469352,True,False,0.5394581883980427,0.23468423452598
522,2021-01-04,2021-02-01,0.17543455327039076,0.1161499800701844,1.5104139765188358,0.0657328481367756,2.668902356175866,0.07124951017782656,2.4622562714120586,True,False,0.5571108890864365,0.24945673560082188
523,2021-01-05,2021-02-02,0.1964951704983355,0.11788956418080884,1.6667732370014379,0.0680152981893562,2.888984915588965,0.07012159963952151,2.80220604647456,True,False,0.5487854877484077,0.2500692641837942
524,2021-01-06,2021-02-03,0.17078055110390755,0.11443747015137157,1.4923481869881297,0.06154623824654233,2.774833295575169,0.06598507194158697,2.588169506810425,True,False,0.5654323463534914,0.24295316505271905
525,2021-01-07,2021-02-04,0.16791231669818957,0.11727845490298235,1.4317405258885247,0.06259854514597078,2.6823677180778285,0.06533023652737098,2.5702083081826963,True,False,0.5515916866870166,0.25382220680563716
526,2021-01-08,2021-02-05,0.18832287764527023,0.11573271581746909,1.6272224868747454,0.06480770691707038,2.9058716409493246,0.07468218877941228,2.5216571812258586,True,False,0.5590828894189132,0.26739729834029163
527,2021-01-11,2021-02-08,0.19378804866700272,0.11483958452062977,1.6874673439121566,0.06551180042989992,2.9580632404441882,0.07447401771675928,2.6020893542231116,True,False,0.5634379221837368,0.271225902395866
528,2021-01-12,2021-02-09,0.15464107597648524,0.13310203193346415,1.1618235554344367,0.07532675959450431,2.0529367891164076,0.10199161170943742,1.516213670757946,True,False,0.4861427396916481,0.25675112336732087
529,2021-01-13,2021-02-10,0.1546517173777688,0.14332808744449715,1.079004960822188,0.0870296919550987,1.7769994803331994,0.11911292456384283,1.2983621881845215,True,False,0.45139558340833746,0.2534556917984883
530,2021-01-14,2021-02-11,0.14589760331441326,0.14338698331724145,1.0175093996615934,0.08614055210483512,1.6937156745507316,0.11717420918483523,1.2451340984454062,True,False,0.4512213966862945,0.25078984583657826
531,2021-01-15,2021-02-12,0.13669470002247572,0.14455319389274662,0.945635972069205,0.08880065024997744,1.5393434579327356,0.11655855778586294,1.1727555884279741,True,False,0.44758294410383165,0.2471617566320425
532,2021-01-18,2021-02-15,0.11287601330854631,0.14674482230254554,0.7691992912419663,0.10141322606337722,1.1130304960223387,0.11948070392829356,0.9447216964530853,True,False,0.44092955613679613,0.23716634049388985
533,2021-01-19,2021-02-16,0.14859215966688416,0.14217747683379997,1.045117433337087,0.08258001667673497,1.7993718776851084,0.11027654661825693,1.3474502441689977,True,False,0.4550588328350495,0.24431235232891274
534,2021-01-20,2021-02-17,0.21100050126809278,0.1560641339163484,1.352011483824917,0.05860181069630371,3.600579892685834,0.11113588727683586,1.898581155360711,True,False,0.4144011597883445,0.2474758079476145
535,2021-01-21,2021-02-18,0.20663116264172374,0.15856692149492874,1.303116442532008,0.05661569376594887,3.649715280288602,0.11530015883239578,1.7921151604143912,True,False,0.4078541101139233,0.2483628389064026
536,2021-01-22,2021-02-19,0.26935591257655916,0.15919670609941733,1.6919691316247971,0.05374446561753926,5.011788832237567,0.11377424946681487,2.367459366586493,True,False,0.4061234406622389,0.26029634808391316
537,2021-01-25,2021-02-22,0.18313140380743592,0.13256482428218344,1.3814479429144355,0.05395881513123866,3.393910769945997,0.10734875885104972,1.7059480311415371,True,False,0.48804713429398683,0.2544303011587632
538,2021-01-26,2021-02-23,0.18879482510119103,0.13244850699714106,1.4254205606505344,0.055028497400995184,3.4308555388208126,0.10618590460730468,1.7779650302871137,True,False,0.48846574845574636,0.2469896568205222
539,2021-01-27,2021-02-24,0.17248035222936411,0.13425566388671675,1.2847156480109538,0.05506096840869178,3.132533938544692,0.10552452022565881,1.6345049649173828,True,False,0.48192005782733965,0.24592157332565626
540,2021-01-28,2021-02-25,0.14075385159360032,0.12889953244858873,1.0919655713238499,0.042944391225556204,3.277584047106895,0.08660649523553347,1.6252112640144214,True,False,0.502052938102342,0.2345741636955051
541,2021-01-29,2021-02-26,0.2232523139480351,0.10220014977164536,2.184461710152745,0.048780166367540935,4.576702593958158,0.09927169869841689,2.2489019214455666,True,False,0.6331633054635718,0.2933062580948939
542,2021-02-01,2021-03-01,0.1609296421353218,0.08357329947682007,1.9256107290577573,0.0337971596309147,4.761632157636033,0.10310756227378878,1.5607937825936953,True,False,0.7753797039688161,0.30035228405650993
543,2021-02-02,2021-03-02,0.14661709067630177,0.0840918404179233,1.7435352817543028,0.03334213290846655,4.397351875442599,0.10499304774650178,1.3964457059128168,True,False,0.770710038963524,0.2865662459594196
544,2021-02-03,2021-03-03,0.1389739383612943,0.08387173394509562,1.6569818200285433,0.03330689582336421,4.172527487950602,0.09905389975646883,1.4030132958214847,True,False,0.7727920939894152,0.2882045889091934
545,2021-02-04,2021-03-04,0.1308967856058069,0.08392712820581949,1.559648094770989,0.045615529809056955,2.869566267315772,0.10543385812267113,1.24150617208288,True,False,0.7723525188116408,0.2884594643730425
546,2021-02-05,2021-03-05,0.15385567201197245,0.08390918803565706,1.8335974356776252,0.045395626705431916,3.3892179308444814,0.10453033328652694,1.4718758390470292,True,False,0.7722982329202497,0.33885025589196394
547,2021-02-08,2021-03-08,0.14544740959384517,0.08461465547018997,1.7189387439518298,0.03709509897006967,3.920933320900424,0.09468864094710515,1.5360597442210076,True,False,0.7657245040424657,0.33039729937315104
548,2021-02-09,2021-03-09,0.1446861531548252,0.08584809926938465,1.6853739848195277,0.038602578389341696,3.748095572672253,0.10213443628626943,1.4166245824208485,True,False,0.7547220639900767,0.33630951830962524
549,2021-02-10,2021-03-10,0.15296307846261017,0.08521998153488648,1.7949203427131901,0.042253531698858565,3.620125284503551,0.10240509454628106,1.4937057491166115,True,False,0.7602500816015273,0.33904951538203465
550,2021-02-11,2021-03-11,0.17966917659139017,0.08347829015489602,2.1522862561991816,0.06511505294124448,2.7592571682850626,0.11456976114763286,1.568207656118539,True,False,0.7760242452954641,0.3657266106144677
551,2021-02-12,2021-03-12,0.17741508586181529,0.08319177347851335,2.1326037232231596,0.06448053664540601,2.7514517572560466,0.11350531659852207,1.563055292725604,True,False,0.7787141868752643,0.3649655737131228
552,2021-02-15,2021-03-15,0.17661453233068952,0.0833612192824647,2.118665416016065,0.06506847879062143,2.714287095891746,0.11285104716429281,1.565023424847511,True,False,0.7770972928484808,0.3646739599497402
553,2021-02-16,2021-03-16,0.18077542718469722,0.08292556352662717,2.1799722485654347,0.0662119677523897,2.7302530542625765,0.11344856015281614,1.5934572192118723,True,False,0.7811896080040024,0.3687087811405344
554,2021-02-17,2021-03-17,0.17169976850403806,0.08334724284861922,2.0600533699223926,0.060422908221451084,2.8416336379367113,0.10837056534487005,1.58437642138005,True,False,0.7773144214812904,0.3663931292028173
555,2021-02-18,2021-03-18,0.17950314174396403,0.08312794316634234,2.1593598362559154,0.06114626846811576,2.9356352601886826,0.1127572678630137,1.5919429864338184,True,False,0.7793626950228617,0.3746256439459528
556,2021-02-19,2021-03-19,0.18077749357268108,0.08342832761669182,2.166859851287637,0.060943067061286334,2.966334027640672,0.1140470536320786,1.585113230157424,True,False,0.776526535152398,0.37546856343546325
557,2021-02-22,2021-03-22,0.1506025993480662,0.08148730927529416,1.8481724416654268,0.058456900006052234,2.5763015030299896,0.10130910234986662,1.486565331789898,True,False,0.7953785382776857,0.36171722603735934
558,2021-02-23,2021-03-23,0.16702845543112418,0.08525224263328578,1.9592265290849933,0.06334601709429111,2.6367633371882064,0.11352609890418797,1.4712780324821195,True,False,0.7599025689485278,0.36322822760921075
559,2021-02-24,2021-03-24,0.16017984370844787,0.08501410666267006,1.8841560535833202,0.06295083425360365,2.544522969515345,0.10576978382727154,1.51441969447561,True,False,0.7620100273042603,0.3672109778033917
560,2021-02-25,2021-03-25,0.1635885655846433,0.08507446313584238,1.9228868400078385,0.06344357305587776,2.57848916296948,0.10098704731894452,1.6198965107672292,True,False,0.7612723920889087,0.36640883907482485
561,2021-02-26,2021-03-26,0.1808911300513097,0.08627265580596614,2.096737701667001,0.06131917991473064,2.949992649980865,0.10801177407593533,1.6747352925074457,True,False,0.7505887824547351,0.3725245224748108
562,2021-03-01,2021-03-29,0.13247812227619024,0.10338724618758134,1.2813778020146476,0.08502302536564518,1.558144063992811,0.12149062707756893,1.0904390360221456,True,False,0.6262773358875542,0.33413936610574285
563,2021-03-02,2021-03-30,0.21315887772933875,0.14350627148591177,1.4853628034665014,0.15005069718783146,1.420579055774125,0.19977032121559535,1.0670197476395618,True,False,0.45060539766575863,0.32844016347261634
564,2021-03-03,2021-03-31,0.24681162264725237,0.13928955248611932,1.7719320526343711,0.1424269699441929,1.7328994834613167,0.19149737494363842,1.288851206027728,True,False,0.46421692852903507,0.33990043605503184
565,2021-03-04,2021-04-01,0.24297026378774805,0.13274219342473997,1.830392112101895,0.12079936860474881,2.0113537561834285,0.1718609334629739,1.4137608756797198,True,False,0.48717655554249395,0.33924237023224635
566,2021-03-05,2021-04-02,0.33643712211848725,0.1453684114245543,2.3143757218059506,0.170964970848836,1.9678716666232092,0.21521051756147314,1.563293123080691,True,False,0.44451636203187783,0.33877083146014497
567,2021-03-08,2021-04-05,0.2610503019606629,0.14749533071569643,1.7698885835501368,0.12924143460621934,2.0198653996378706,0.17304671779080485,1.508553905519578,True,False,0.4383905726564693,0.2798590978605462
568,2021-03-09,2021-04-06,0.1967742344299238,0.1551742036496566,1.2680859949775505,0.11074450650710539,1.7768306585690437,0.1610778842802472,1.2216092563493772,True,False,0.41676943790850574,0.2612679017118737
569,2021-03-10,2021-04-07,0.20029023322123526,0.1510917651785665,1.3256197846687672,0.11238020564216192,1.7822554432672435,0.1548543952244127,1.2934100638924562,True,False,0.4280693859164929,0.25621535933243655
570,2021-03-11,2021-04-08,0.18466818503424062,0.14719143466543913,1.2546123044047013,0.101940464874798,1.8115297518119793,0.14566529359715544,1.26775692736356,True,False,0.43946994230476294,0.2499819929700098
571,2021-03-12,2021-04-09,0.0890265057286675,0.1525360778271467,0.583642289724743,0.07873659198391193,1.1306878223387935,0.11398278488682932,0.7810522072877909,True,False,0.42417805598053593,0.2143721246383365
572,2021-03-15,2021-04-12,0.07144004711329736,0.1484050541241679,0.481385539966346,0.08449488366275645,0.8454955379125116,0.10991624048760817,0.6499498781651964,True,False,0.4360219391765874,0.21363541005803882
573,2021-03-16,2021-04-13,0.07014765235463648,0.14725639643369104,0.47636404294480805,0.08418634789698091,0.8332426112660971,0.10800807401824292,0.6494667458174312,True,False,0.43943655028834455,0.21297291245661734
574,2021-03-17,2021-04-14,0.061094767109874736,0.14714394049977556,0.41520409812572556,0.08445527662854123,0.7233978686564159,0.1027055978713072,0.5948533320104721,True,False,0.439779889949421,0.21483831835304573
575,2021-03-18,2021-04-15,0.06493512525593292,0.14734566405874142,0.4406992609571845,0.08464096986240527,0.7671831426493965,0.09916593588084899,0.6548128112657005,True,False,0.43916932275498616,0.21349618277106008
576,2021-03-19,2021-04-16,0.04985466061839906,0.14822494665803562,0.3363446015158092,0.0866030909025372,0.5756683750988209,0.09564079743771851,0.5212698132391098,True,False,0.43657208843062223,0.202264772965017
577,2021-03-22,2021-04-19,0.029036795415748915,0.14575564377774675,0.19921558207396228,0.08667098220254253,0.335023264740354,0.08526029813359418,0.34056643069968184,True,False,0.4439713352498614,0.20450247040721306
578,2021-03-23,2021-04-20,0.07121270948202822,0.1733970159556383,0.4106916666907763,0.13784196872177465,0.5166257428154309,0.1127145734277643,0.6317968237502714,True,False,0.37306953649367725,0.20487772453102052
579,2021-03-24,2021-04-21,0.020196790444731244,0.1758173983889016,0.11487367365120879,0.13060007264990825,0.15464608889515372,0.10768198584965677,0.18755960233617497,True,False,0.3679206154261871,0.19395403511350345
580,2021-03-25,2021-04-22,0.019009644185229883,0.17544740144416535,0.10834953398428954,0.13328061710069497,0.1426287227561971,0.108575824984441,0.17508173838839336,True,False,0.3686719508709944,0.17630885238194952
581,2021-03-26,2021-04-23,-0.006663807802384136,0.17509805412091045,-0.03805757771461342,0.11883426355722296,-0.056076485038132735,0.10816444730316577,-0.06160811586922516,True,False,0.36935933243096153,0.15575760489571486
582,2021-03-29,2021-04-26,-0.009701331992030974,0.17806531456667368,-0.05448187377558287,0.11212299084611241,-0.08652402079914143,0.11109777228498317,-0.08732247094159133,True,False,0.36318955602974035,0.15672271594691317
583,2021-03-30,2021-04-27,-0.02598011861648619,0.180245301333876,-0.14413756377683384,0.09901249114686406,-0.26239233369000065,0.11233664474649618,-0.23127020283643032,True,False,0.35877896495714784,0.15128257695476421
584,2021-03-31,2021-04-28,-0.0921232546681981,0.18539193966668088,-0.496910787134694,0.0628685664047319,-1.4653309266690118,0.09625488957795955,-0.9570761035841704,True,False,0.34872859517673555,0.13190110029121047
585,2021-04-01,2021-04-29,-0.13116170077959333,0.19132071026187628,-0.6855593448302675,0.052684480708726535,-2.489569964725267,0.08517875672920568,-1.5398405167684404,True,False,0.3379272968855953,0.12128385913604778
586,2021-04-02,2021-04-30,-0.14019114886803397,0.20710300065374562,-0.6769151022703856,0.05444490470442961,-2.574917701281753,0.09645587778075745,-1.4534225605896824,True,False,0.3121891143611827,0.14812412640763672
587,2021-04-05,2021-05-03,-0.13965784709105472,0.20636641389270993,-0.6767469786225143,0.05333852627549847,-2.6183296923073747,0.09531575338866889,-1.4652126445622493,True,False,0.31329511367865354,0.14741354375425042
588,2021-04-06,2021-05-04,-0.04601589194000615,0.1942379474165186,-0.23690474776965656,0.07680106031236215,-0.5991569875839238,0.11377823813200649,-0.4044349138770994,True,False,0.33297161549089127,0.1543542145178021
589,2021-04-07,2021-05-05,-0.030183149702864842,0.19591642657045688,-0.15406135274731628,0.07338647770380854,-0.4112903445875346,0.11278106537445755,-0.2676260381354818,True,False,0.33012635460735174,0.15039122077469297
590,2021-04-08,2021-05-06,-0.07773016289619371,0.20548567062816175,-0.37827534474095253,0.08015034810747561,-0.9698044329384994,0.13073039553982832,-0.5945837046940812,True,False,0.31469712749856604,0.15577673648071524
591,2021-04-09,2021-05-07,-0.058995281049352415,0.21580860057248952,-0.27336853532645033,0.1242615899347636,-0.4747668292376147,0.15666316684269982,-0.3765740361203574,True,False,0.2995545301687374,0.2138414199323711
592,2021-04-12,2021-05-10,-0.020579334252113564,0.22367593260545246,-0.09200513444785302,0.12214591149366066,-0.16848156438851927,0.17407627769742165,-0.11822021084276882,True,False,0.28895375489767144,0.21102756998098054
593,2021-04-13,2021-05-11,0.1136747254527652,0.2404605821622004,0.4727374625421434,0.13859099739715325,0.8202172405687598,0.15976965665045614,0.7114913296800945,True,False,0.2687460954462055,0.2145674114308519
594,2021-04-14,2021-05-12,0.12896346519339186,0.2650121542287376,0.48663226623968636,0.1503910334066193,0.8575209723089493,0.19065177892339666,0.676434628208788,True,False,0.24391723481223204,0.26325430027355384
595,2021-04-15,2021-05-13,0.1272363214858843,0.2605999350694319,0.48824387255501267,0.1479133053365025,0.860208763480891,0.18851714259234098,0.6749323681455673,True,False,0.24807161878728382,0.26123487375418514
596,2021-04-16,2021-05-14,0.1753360962286119,0.19117755709553141,0.9171374448570679,0.08276968049297381,2.1183613997820845,0.1053922244884823,1.6636530548586472,True,False,0.33818154311470605,0.2723601937546177
597,2021-04-19,2021-05-17,0.17440759954632631,0.19268247614298822,0.9051554818970654,0.08487823109620495,2.054797764913887,0.10985700415523862,1.5875874359350945,True,False,0.3355460836778931,0.2720398725401958
598,2021-04-20,2021-05-18,0.1978532236483572,0.19537636365761554,1.0126773778791491,0.06063276169682948,3.2631405548974532,0.09415633795980584,2.101326665155757,True,False,0.33090332131436906,0.2705949556799669
599,2021-04-21,2021-05-19,0.17360073487987498,0.18105675257970624,0.9588194442151562,0.06529582805197978,2.6586803484853174,0.09276902051514396,1.8713222788801112,True,False,0.3571127839035202,0.2705559088084095
600,2021-04-22,2021-05-20,0.1578513352790577,0.17810458385901184,0.8862845181121971,0.06485388840052618,2.4339532936590587,0.09618000862137943,1.6412073313535722,True,False,0.36306832446384996,0.27069263776531716
601,2021-04-23,2021-05-21,0.07119578914271493,0.1642176649651837,0.43354525323331916,0.1171535352031601,0.6077135360811075,0.14980470046490407,0.4752573779178213,True,False,0.3939076184399464,0.27465740847766534
602,2021-04-26,2021-05-24,0.06181800031498491,0.16656818702598222,0.37112729278455914,0.12996487509790047,0.47565159639032006,0.16484355432009823,0.37501011531785367,True,False,0.388336150197783,0.2747405718019071
603,2021-04-27,2021-05-25,0.04156750587427358,0.1702812531877919,0.24411087595433387,0.13892674170854064,0.2992044970109465,0.18867133139748551,0.2203170220212246,True,False,0.3798767931476659,0.27101169053816054
604,2021-04-28,2021-05-26,0.04148075578292474,0.17023983271325002,0.243660693985728,0.1394802130559789,0.29739527115775827,0.1876885119099366,0.22100849626230462,True,False,0.37996231898431365,0.26982230178869826
605,2021-04-29,2021-05-27,0.03707983031052883,0.16818357209151225,0.22047236748160462,0.13489362379710673,0.27488200899918397,0.17565332333860809,0.21109666248130016,True,False,0.38463422975265477,0.2696113033502503
606,2021-04-30,2021-05-28,0.03662571034236325,0.16822386316717847,0.21772006451882003,0.13541453589557323,0.2704710399082094,0.17512673286405994,0.20913831796767157,True,False,0.3845361143361792,0.2699389037287309
607,2021-05-03,2021-05-31,0.05687386926169957,0.16786073054567743,0.3388158092533938,0.14217535977450738,0.4000262025142931,0.17155650411309167,0.33151683496772455,True,False,0.38532033813176153,0.2585091274674288
608,2021-05-04,2021-06-01,0.06071113835725135,0.1677083296102426,0.36200431128462857,0.14295675581952438,0.4246818417864495,0.16878053799227172,0.35970461452155844,True,False,0.38564662737642563,0.26122244101736414
609,2021-05-05,2021-06-02,0.02761183600296205,0.17278029179123125,0.15980894416086047,0.1415040922753922,0.19513100687734525,0.1792571092519965,0.15403481690729384,True,False,0.37429249786458996,0.2529323358917098
610,2021-05-06,2021-06-03,0.010753769987468796,0.17297934058423886,0.062167944166903785,0.13878210723502846,0.07748671786095028,0.18856220092225892,0.05703035886764176,True,False,0.3739563018975311,0.28560658513875625
611,2021-05-07,2021-06-04,0.07020319526995607,0.16531048528918846,0.42467478785235563,0.130896701498951,0.5363251668379029,0.1499729415054094,0.46810574337787386,True,False,0.3913126502062685,0.2908846288766931
612,2021-05-10,2021-06-07,0.06072420458834853,0.1605063099556211,0.37832908005385185,0.12268815894075835,0.4949475573895444,0.1417436098978319,0.4284087630625341,True,False,0.40309249102926425,0.24882318279086016
613,2021-05-11,2021-06-08,0.042478392602453646,0.1562868131424782,0.2717976760056423,0.11440989138509342,0.37128251839235815,0.13834128126699896,0.3070550757764796,True,False,0.4140114589882563,0.2467244647675542
614,2021-05-12,2021-06-09,0.041642136023672845,0.16773728359275628,0.24825808032503013,0.13279774093131969,0.31357563563682395,0.15679365305137904,0.265585597460551,True,False,0.38570098208104747,0.24605226693843252
615,2021-05-13,2021-06-10,0.013692952382880876,0.16762189636752703,0.0816895207584203,0.11561734213043674,0.11843337799127757,0.14803619527057724,0.09249732714254918,True,False,0.3859481993331301,0.20135452545587113
616,2021-05-14,2021-06-11,-0.08278755833842794,0.1655349443726126,-0.5001213408576526,0.14333744721588532,-0.5775710391558657,0.18655800668686945,-0.4437630944319839,True,False,0.39082216404968323,0.23287804928958178
617,2021-05-17,2021-06-14,-0.2311155537025365,0.17906102072354735,-1.2907083449465881,0.13614550938293501,-1.6975628116567567,0.16146109738475586,-1.4314008603062855,True,False,0.36112308448436553,0.21628985669888412
618,2021-05-18,2021-06-15,-0.1735943852396753,0.17402194191835454,-0.9975430875327214,0.1164095031184268,-1.4912389503378658,0.16422897757211166,-1.0570265236136622,True,False,0.37165082335236843,0.229255357392177
619,2021-05-19,2021-06-16,-0.16324775237516764,0.17583519735536235,-0.9284133940785728,0.11905080062057069,-1.371244473151071,0.16552361322390613,-0.9862505366792598,True,False,0.36782374097396275,0.22863945058049098
620,2021-05-20,2021-06-17,0.2833388309949501,0.139483276162316,2.0313462573479426,0.22711202192172414,1.2475730196819126,0.49184771901124263,0.5760702348372049,True,False,0.46333776967541274,0.3634933185466744
621,2021-05-21,2021-06-18,0.29721849217305313,0.14085737391091255,2.1100669700191457,0.2275642390247654,1.3060861119778462,0.46920205258903713,0.6334552258094653,True,False,0.4586768314748699,0.3701532367980415
622,2021-05-24,2021-06-21,0.35347580284992824,0.14950628295059692,2.3642872785937117,0.22554644606785418,1.5671973955359393,0.5109463905086961,0.6918060473976717,True,False,0.4320615337918242,0.37420861379895964
623,2021-05-25,2021-06-22,0.34698377069911085,0.1464149528132962,2.3698656730885523,0.19703493092890423,1.761026682239975,0.4872191944436073,0.7121717999951912,True,False,0.4411410724791402,0.37120431747946986
624,2021-05-26,2021-06-23,0.35547467182771236,0.14704857750936087,2.417396195519698,0.202723138833172,1.7534982630682576,0.507474292357489,0.7004781861487855,True,False,0.4392934128972369,0.3898818054000636
625,2021-05-27,2021-06-24,0.3464601122690292,0.14361621565781352,2.4124024622297573,0.19285698205967017,1.7964613392209674,0.48547532862790754,0.7136513265220393,True,False,0.4498231445410224,0.39060370326680893
626,2021-05-28,2021-06-25,0.34207342177611316,0.13162753167041352,2.5987984233620818,0.165158049695319,2.0711883096655894,0.37336171004739116,0.9161984546639597,True,False,0.4908290161754187,0.3993706228975187
627,2021-05-31,2021-06-28,0.32564073132058907,0.12872192321043707,2.52980007755342,0.16497534249992024,1.9738751645310055,0.3484775103694747,0.9344669932223951,True,False,0.5019652450888418,0.3979435575460123
628,2021-06-01,2021-06-29,0.3161756303148427,0.12403516020492204,2.549080678353459,0.1571890438706294,2.0114355462017017,0.3058608422841173,1.0337237939766866,True,False,0.5209424318185238,0.3991672429264579
629,2021-06-02,2021-06-30,0.31618709220207275,0.12221773548644271,2.5870802706628986,0.14715817051173596,2.148620705887728,0.279390073107425,1.1317048193065162,True,False,0.5285725628712655,0.3954603452645104
630,2021-06-03,2021-07-01,0.31705489618549154,0.1216843179059291,2.605552643444147,0.14531988744487012,2.181772238887622,0.27276779562049197,1.1623619110322585,True,False,0.5308579868221357,0.3957950592188245
631,2021-06-04,2021-07-02,0.31936716976736185,0.11744175185042424,2.7193665347747293,0.14272072043932824,2.237707102264296,0.26043891171924133,1.2262651831061497,True,False,0.550187518683297,0.38600749528962713
632,2021-06-07,2021-07-05,0.2988756542035459,0.12017985009234654,2.486903203606004,0.1502759436221075,1.9888456329052622,0.27663266799280256,1.0804062165619646,True,False,0.5377008102632015,0.37289126859949007
633,2021-06-08,2021-07-06,0.2953111816641083,0.1197500669725419,2.466062768314123,0.1484371589137918,1.9894693742799057,0.25762673614150283,1.1462753675608695,True,False,0.5395125892412161,0.37168289593646914
634,2021-06-09,2021-07-07,0.30305994140826203,0.1202214098115907,2.520848340434647,0.1430447346541516,2.118637516725026,0.2508875953715297,1.2079510784878476,True,False,0.5373868756002025,0.3717306369489423
635,2021-06-10,2021-07-08,0.23248897013174846,0.11298922293886872,2.057620754304448,0.15116914138282442,1.537939344002674,0.23661240045347934,0.9825730590880777,True,False,0.5722427210117971,0.3707671360506969
636,2021-06-11,2021-07-09,0.1913857882318761,0.09659170616105107,1.9813894571110608,0.1289596036362063,1.484075499888891,0.17900685502229027,1.069153403136681,True,False,0.6699213046878204,0.3763543136080282
637,2021-06-14,2021-07-12,0.24681227593435354,0.09941984642305536,2.482525218195449,0.1463849884582457,1.6860490855915415,0.18509142329407005,1.3334614405240295,True,False,0.6505854242508893,0.36660369977819723
638,2021-06-15,2021-07-13,0.25149972348148725,0.09961098861660798,2.524819068401005,0.15314934549856002,1.642186080931387,0.18301833202962767,1.3741777705676694,True,False,0.6491854817583269,0.3653508041237768
639,2021-06-16,2021-07-14,0.24441993018244912,0.09994465330031177,2.4455528346075783,0.15427103880774032,1.5843539530906803,0.1904692305544368,1.2832515229413552,True,False,0.6471932673035683,0.3627499003819497
640,2021-06-17,2021-07-15,0.24488814546303322,0.09992602554423506,2.450694342432609,0.15242425943164922,1.6066218486227717,0.18649461933771544,1.3131110502420198,True,False,0.6472272768766117,0.3572792120181141
641,2021-06-18,2021-07-16,0.0827704067651562,0.11262864483256972,0.7348965877037776,0.05914754722775657,1.3993886584415112,0.06631937280701702,1.2480577433385882,True,False,0.5749289695729682,0.2208518377527549
642,2021-06-21,2021-07-19,0.10549598145161526,0.1010350913827476,1.044151888297588,0.056054069528413665,1.882039650986261,0.06302790343700819,1.6737980433864634,True,False,0.6411091873434921,0.2239901717439937
643,2021-06-22,2021-07-20,0.11203916512442968,0.10084716671405536,1.110979800177316,0.05596214855508392,2.002052601932336,0.061307100377278614,1.8275071636882239,True,False,0.6422526084787668,0.22160327509941743
644,2021-06-23,2021-07-21,0.13643930449887315,0.09951059555723336,1.3711032853823117,0.0655503193139071,2.0814437813108606,0.06624900717994153,2.0594920634551546,True,False,0.6508463703952261,0.23440228157901832
645,2021-06-24,2021-07-22,0.13329135824270777,0.09950352111081284,1.3395642360662479,0.06320067798848847,2.109017853684826,0.06337637623358083,2.1031710262424492,True,False,0.6508463703952261,0.2051507181126326
646,2021-06-25,2021-07-23,0.13142465882346527,0.09937661038935354,1.3224908588504758,0.062192408051786933,2.1131945673180783,0.06296499091213169,2.087265588696261,True,False,0.6516848777081647,0.20466524616772047
647,2021-06-28,2021-07-26,0.1101626163872283,0.1062829676405452,1.0365030148556285,0.06208516310278579,1.7743791089804715,0.06585837737623657,1.6727198691502816,True,False,0.6092578516804201,0.19463227466016764
648,2021-06-29,2021-07-27,0.10356739676910973,0.10548740520603574,0.9817986949894549,0.06106417418021376,1.696041879866575,0.06468130640429727,1.601195191107472,True,False,0.6139006897293964,0.1949913256237094
649,2021-06-30,2021-07-28,0.09977425552263941,0.10752688743968429,0.927900527006386,0.06311516255067498,1.5808286232730677,0.06865377837383747,1.4532959129990333,True,False,0.6022482405889032,0.1922923012556807
650,2021-07-01,2021-07-29,0.12746624798439116,0.1065197327753069,1.1966444588559841,0.07213985383064356,1.7669324404736464,0.08661917174776529,1.4715708475667766,True,False,0.6079092961874177,0.23296637354209537
651,2021-07-02,2021-07-30,0.11296547873854554,0.10618061191208966,1.0638993004869222,0.06557468981646977,1.7226993990320496,0.08255226405874991,1.3684116362714351,True,False,0.6099078112756684,0.23301203164134518
652,2021-07-05,2021-08-02,0.11078888268219024,0.10991094686905431,1.0079877012995064,0.06970501106419114,1.589396242691434,0.08994762160556921,1.23170441535422,True,False,0.5891430747755313,0.22964410452240044
653,2021-07-06,2021-08-03,0.1136700478967837,0.10942434764401227,1.0388003250116133,0.070016898088036,1.6234659203819661,0.08959047662840948,1.268773782376982,True,False,0.5917632370895121,0.23140526590182986
654,2021-07-07,2021-08-04,0.09604537767038691,0.11127404842571885,0.8631426557154712,0.07579604716720463,1.2671554950420125,0.0894312753345165,1.073957374655907,True,False,0.5819362370384721,0.2175159916493893
655,2021-07-08,2021-08-05,0.09470841667607939,0.11374750074190622,0.832619759189025,0.08153081838759288,1.161627204891296,0.09499676270014717,0.9969646752597461,True,False,0.5692345403499032,0.2164035836680107
656,2021-07-09,2021-08-06,0.1387287736640075,0.12382775253960543,1.1203366839726505,0.06309054242475141,2.1988838315896615,0.0970428744017903,1.429561670747957,True,False,0.5226739364838032,0.24162912474972834
657,2021-07-12,2021-08-09,0.20811838583612854,0.15997977644177022,1.3009043421927766,0.04886071492439989,4.259421626518181,0.10729325258511256,1.9397155070029626,True,False,0.40425833740782857,0.2373206531129431
658,2021-07-13,2021-08-10,0.20624274942573279,0.16013591413307496,1.2879231404289637,0.04987777696565567,4.134962742380145,0.10862093854787491,1.8987384217346903,True,False,0.40386144483222836,0.23635835605880237
659,2021-07-14,2021-08-11,0.2353214078472475,0.15987390582013503,1.4719188015084472,0.04454312257558138,5.283002049260263,0.10075387970312347,2.3356064157592167,True,False,0.4044864390782737,0.23701424607109925
660,2021-07-15,2021-08-12,0.19353463538694393,0.1477960304386103,1.309471132699548,0.05255261079749334,3.682683551778462,0.09860717327110786,1.96268312909493,True,False,0.43765594294143917,0.23540933946196116
661,2021-07-16,2021-08-13,0.19967003394055155,0.14619329442625223,1.3657947495073097,0.04850606574026033,4.1163930921493845,0.09422062842986312,2.1191753575405614,True,False,0.4424530596563538,0.23827121310863225
662,2021-07-19,2021-08-16,0.20195400053454093,0.14428167948122816,1.399720333591045,0.051309715844169886,3.9359797108969596,0.09557947077861245,2.1129432804908523,True,False,0.4483176729561049,0.23905858075188802
663,2021-07-20,2021-08-17,0.22658108071011426,0.18012315511462457,1.257923116913677,0.07055198804868883,3.2115477816691396,0.15225175185215328,1.4882001550309896,True,False,0.3589980077782406,0.234627329342196
664,2021-07-21,2021-08-18,0.2170025416952196,0.1831122303061338,1.1850794528165962,0.07212097458036312,3.0088686815153545,0.15438276923433647,1.4056137402603075,True,False,0.35314598718426854,0.23172591730423725
665,2021-07-22,2021-08-19,0.1817616417658717,0.15458665571361088,1.1757912798282248,0.05617960488950176,3.235367036193545,0.11239894648390879,1.6171116140478503,True,False,0.41841850541945746,0.23329033138122335
666,2021-07-23,2021-08-20,0.1483278360404419,0.15258467207629448,0.9721018108966797,0.05438969990141108,2.727130988207451,0.11118583425025783,1.334053362468681,True,False,0.42394324255840077,0.24294697313288094
667,2021-07-26,2021-08-23,0.193130375630141,0.1579928461712645,1.2223994966252292,0.05276808782059198,3.6599843505182816,0.1299345894909309,1.4863661507440327,True,False,0.40937780639595217,0.26917318493474174
668,2021-07-27,2021-08-24,0.21757693714471757,0.15523047265270248,1.401638050999838,0.05131239545171011,4.240241275609094,0.12367134142946382,1.7593157366115657,True,False,0.4166260604137413,0.27087609720668165
669,2021-07-28,2021-08-25,0.24684639862724508,0.16003143621360094,1.54248692924163,0.06309011579215892,3.912600183528655,0.1306937661947015,1.8887388879704086,True,False,0.40405864281508824,0.27117193877247026
670,2021-07-29,2021-08-26,0.25023437061083303,0.16014834260630473,1.56251614308609,0.06663559613279273,3.755265730828926,0.1349713347329056,1.8539815962109372,True,False,0.4037472335567569,0.27209460764464993
671,2021-07-30,2021-08-27,0.19060575897627383,0.16478354175863777,1.1567038609684603,0.046376446681303383,4.109969016947483,0.0935830973277681,2.0367541192688976,True,False,0.39246808766480024,0.24905385229501437
672,2021-08-02,2021-08-30,0.21536854920149018,0.16441435507084023,1.309913292599637,0.04166072448123019,5.169582427653706,0.09932220757754,2.1683826251380265,True,False,0.393329773516512,0.2484675334234019
673,2021-08-03,2021-08-31,0.21560672037273035,0.16460710894750757,1.309826299430885,0.04083624111824533,5.279788601218707,0.09892643763834846,2.1794651209511584,True,False,0.39287382231253126,0.250480439792723
674,2021-08-04,2021-09-01,0.2034912696112399,0.16714322182764327,1.217466478066807,0.03995037605671218,5.093600854279086,0.09735518540793674,2.090194464306886,True,False,0.38693277996406106,0.25360902252798295
675,2021-08-05,2021-09-02,0.2038809802162743,0.16701438504745453,1.2207390408816863,0.03925145679693015,5.194227089992231,0.09618992723820403,2.1195668410413173,True,False,0.38723064348501235,0.253752493739513
676,2021-08-06,2021-09-03,0.20970500888249619,0.16655938760010236,1.2590404654103526,0.038618513635876664,5.430167791017205,0.09737306853710317,2.153624323778909,True,False,0.38827946489659826,0.25675620605487404
677,2021-08-09,2021-09-06,0.20373726114778412,0.16651211760980694,1.2235581654496042,0.04324602890813621,4.7111206807118755,0.10149634157826193,2.007336008172138,True,False,0.38837663463323796,0.23122005442601387
678,2021-08-10,2021-09-07,0.21115073450819555,0.16897240074649766,1.2496167041206705,0.044997489839641476,4.692500298587276,0.10068811648244967,2.0970770125092164,True,False,0.3827219195393318,0.24630453442086686
679,2021-08-11,2021-09-08,0.21708692303285765,0.15835779759294782,1.3708634897213625,0.042558386171107555,5.10091999635634,0.09191849795124063,2.3617327074688954,True,False,0.4083934402476178,0.2517158469481705
680,2021-08-12,2021-09-09,0.2151931298797343,0.15870447168818963,1.3559361471712608,0.04777360237389438,4.504435905744579,0.09200181623055517,2.33900958368543,True,False,0.4075044488233294,0.2509509440817704
681,2021-08-13,2021-09-10,0.26999470187696467,0.1693883067208537,1.593939434803531,0.04565746215614998,5.913484655664263,0.10009535571802136,2.6973749175492894,True,False,0.38168528826120024,0.2515414902219676
682,2021-08-16,2021-09-13,0.262745107835083,0.1725169233683899,1.5230106282038272,0.046028225968744826,5.708347482553387,0.10394815759391104,2.527655265055643,True,False,0.3747794463274732,0.2492312164154317
683,2021-08-17,2021-09-14,0.26011291402471115,0.17458987385116936,1.4898510909426892,0.0465754774599301,5.584761084811036,0.11068232815283285,2.3500853150246432,True,False,0.3703314106642916,0.2482741683109142
684,2021-08-18,2021-09-15,0.20889067845789955,0.18094416679380718,1.1544482596995707,0.041733003987403906,5.005407195728065,0.06540331302539303,3.1938852757626686,True,False,0.3573739117232489,0.23059007991900118
685,2021-08-19,2021-09-16,0.23578191369893922,0.17083326833417256,1.3801873370338995,0.04382142134595328,5.380517255191967,0.07470739794275914,3.156071824099609,True,False,0.3785112899198347,0.2399325400219338
686,2021-08-20,2021-09-17,0.3004679529753259,0.24041009945302835,1.249814186920345,0.06837908326322785,4.394150062215125,0.12175412970348518,2.4678255571870356,True,False,0.2688825672438777,0.2326604304087309
687,2021-08-23,2021-09-20,0.28044558555019766,0.1748300452972469,1.6041040604512953,0.049277465056878356,5.691152846975676,0.11374015178011011,2.4656691692514476,True,False,0.36977058109998884,0.2297068367481546
688,2021-08-24,2021-09-21,0.2511894737392935,0.1760955136153915,1.4264388034774924,0.033554090067302075,7.486105963102055,0.096628545068744,2.59953695422601,True,False,0.36717630657201283,0.20474962380991457
689,2021-08-25,2021-09-22,0.23600982168739643,0.18084059155649357,1.3050710554309832,0.0299136203861952,7.8897110627342295,0.08569302363175162,2.7541311029191915,True,False,0.3575586397369184,0.2019107427374397
690,2021-08-26,2021-09-23,0.16185640350510086,0.15306204903167947,1.0574561397097277,0.06229816348667799,2.5980926956171455,0.0942179084273038,1.7178942539356543,True,False,0.422635796761289,0.202791226630482
691,2021-08-27,2021-09-24,0.17237122973738175,0.15169722189957355,1.1362846832587006,0.05608560083520118,3.073359778098265,0.09823737769745615,1.7546399728648834,True,False,0.4264281440444087,0.2063086708754265
692,2021-08-30,2021-09-27,0.15985068341774916,0.15118543716323918,1.0573153500568568,0.050312029923876324,3.177186125457634,0.08260210181977716,1.9351890556794116,True,False,0.4278906027281364,0.18573630353141704
693,2021-08-31,2021-09-28,0.19448171165149075,0.1496904298717906,1.2992260882546984,0.05656356068671774,3.4382862268633483,0.10469826581040201,1.857544727662228,True,False,0.4320833667820445,0.20583733417929276
694,2021-09-01,2021-09-29,0.21705911182409734,0.14543452392762946,1.4924868316144069,0.06836317265863198,3.1750883316660996,0.10938402873341986,1.9843766438068646,True,False,0.4446366025883508,0.2165912525437764
695,2021-09-02,2021-09-30,0.21996701473049365,0.14298253915118128,1.5384187190710996,0.06916460552009264,3.1803407693345727,0.1024905819573859,2.146216857486015,True,False,0.4522307457560397,0.20952815107571363
696,2021-09-03,2021-10-01,0.2292473841246966,0.14264156726621488,1.6071569355154904,0.07679146982811619,2.9853235605181854,0.10836797580951375,2.115453226953887,True,False,0.4533141565178908,0.21737580615740046
697,2021-09-06,2021-10-04,0.2213463005125526,0.1433119401446593,1.544507040300517,0.07569150977414318,2.9243213825834697,0.10457044608726486,2.1167194823653843,True,False,0.4511935205703282,0.21120254967215019
698,2021-09-07,2021-10-05,0.2177419827591208,0.14311240173107662,1.52147528883123,0.07312294263073744,2.9777519192395343,0.10347007346129922,2.104395749178264,True,False,0.4518249568767499,0.2105502536604959
699,2021-09-08,2021-10-06,0.22456137258165368,0.13663174610713857,1.6435519487950176,0.06874076743523516,3.2667859402824755,0.09937740064770421,2.2596824943905536,True,False,0.47328862355457535,0.20568165262229293
700,2021-09-09,2021-10-07,0.2095949849357288,0.12667837695447798,1.6545442874678369,0.057526978057103356,3.6434207395298475,0.07506533150652508,2.792167578951006,True,False,0.5106169039469196,0.2100991459428261
701,2021-09-10,2021-10-08,0.19935225409147445,0.12667668976790142,1.5737090577337478,0.055831065342081966,3.570633174739282,0.06893087001111631,2.892060611730643,True,False,0.5106169039469196,0.20398998568231297
702,2021-09-13,2021-10-11,0.16770961093665532,0.12430602941482108,1.349167146003774,0.05784289569429711,2.8993986024318326,0.0653994921521239,2.5643870528314006,True,False,0.5204774420457494,0.20154071856793518
703,2021-09-14,2021-10-12,0.16383608651396647,0.12217511905498668,1.3409938765046725,0.05675870517866041,2.8865367171124965,0.0625356150900136,2.619884465486447,True,False,0.529588864732421,0.20205170333738348
704,2021-09-15,2021-10-13,0.178930434332034,0.12251800529025464,1.4604419481702624,0.05509022196452094,3.2479526847299387,0.07134309831924728,2.508027245065152,True,False,0.5280944436784494,0.21293578166303323
705,2021-09-16,2021-10-14,0.19019405045892251,0.12180753362071355,1.5614309296430886,0.05681142246987916,3.347813559144052,0.07540771745686184,2.5222093556634437,True,False,0.531165913693959,0.22172818327931346
706,2021-09-17,2021-10-15,0.18323379583794175,0.12389660942343103,1.4789250221668213,0.05883033180823693,3.114614352936335,0.07726536798971452,2.3714867424475816,True,False,0.5222466160955845,0.2171462750074512
707,2021-09-20,2021-10-18,0.17374260124223348,0.12390719908005937,1.4021994083650804,0.05796917848835272,2.997154794545556,0.07857444640228542,2.2111845415073774,True,False,0.5222466160955845,0.21216384204552144
708,2021-09-21,2021-10-19,0.18150787912813285,0.1402912301470015,1.2937934818729813,0.078078980903004,2.3246701868921233,0.11183816544626636,1.6229511491346835,True,False,0.46112458390321637,0.21241455613543192
709,2021-09-22,2021-10-20,0.18110345142891096,0.14038798856272833,1.2900209860047258,0.07871262935607856,2.3008182157101995,0.11245681641309682,1.6104266260183717,True,False,0.4608062470058377,0.2127286783617848
710,2021-09-23,2021-10-21,0.18391816628715424,0.1403142514534682,1.3107589883565476,0.07727702072367564,2.3799852086016897,0.10835507673551902,1.697365474956703,True,False,0.4610518405619461,0.21077068890684783
711,2021-09-24,2021-10-22,0.25613844906378885,0.16422162030992546,1.5597121047788614,0.11701743256061894,2.1888913767707265,0.1256028308683409,2.0392728992890112,True,False,0.39373195811258477,0.20980272075112752
712,2021-09-27,2021-10-25,0.23292057658911566,0.16319432844752566,1.4272590157078293,0.10676687596392265,2.181580892821303,0.12181274780228526,1.912119879006177,True,False,0.39624760547791305,0.20451314808586013
713,2021-09-28,2021-10-26,0.22201127080848032,0.16230307354463203,1.3678808784075738,0.10896698123586067,2.0374178332786297,0.11630793000826424,1.9088231627259238,True,False,0.3984476057619052,0.2050236954749686
714,2021-09-29,2021-10-27,0.17646702096567812,0.16740037282386236,1.0541614572827482,0.07910138342693744,2.23089677222489,0.1074771685396006,1.6419023999563014,True,False,0.38634450310601903,0.17796125410015165
715,2021-09-30,2021-10-28,0.10906466554494669,0.17350729606111534,0.6285883534634203,0.05510514228922943,1.9792103062269728,0.09460849476888795,1.1527999236365893,True,False,0.37273504953162667,0.15025972160182635
716,2021-10-01,2021-10-29,0.172458807930525,0.17520352090351465,0.9843341448914079,0.06902553479283043,2.4984784029292015,0.11733858461730735,1.4697536065650434,True,False,0.3691294009549781,0.20878782143576025
717,2021-10-04,2021-11-01,0.16058365119404064,0.17679901461259293,0.9082836323828849,0.06452278961070061,2.4887896534375673,0.11037412309171818,1.4549030759737007,True,False,0.3658207007592106,0.20399185414121737
718,2021-10-05,2021-11-02,0.15256252746277307,0.1770021144708483,0.8619248867103204,0.06014495249534692,2.536580729273599,0.10514215233125854,1.4510120259105306,True,False,0.36541361204326145,0.20364463187105342
719,2021-10-06,2021-11-03,0.14366767630603697,0.17731374485466705,0.8102455702111099,0.056332110189342297,2.5503691557647,0.10386699250679278,1.3831889500087458,True,False,0.36477914066148165,0.2033811129413439
720,2021-10-07,2021-11-04,0.08229974184469224,0.18797858134493997,0.437814464051479,0.06105656420844708,1.3479261879807216,0.1016994118490833,0.8092450128110951,True,False,0.34409007065091435,0.19071992318663225
721,2021-10-08,2021-11-05,0.12806464446465923,0.21754063658558648,0.5886929746768258,0.08130731691119393,1.57506912452338,0.14489275469534466,0.8838581662273682,True,False,0.2972643887763896,0.19388186219799353
722,2021-10-11,2021-11-08,0.13785422547233817,0.2199824066849802,0.6266602295598509,0.0752119125838584,1.8328775420866474,0.14122295383519853,0.9761460281676905,True,False,0.29393837791708527,0.1971320845588356
723,2021-10-12,2021-11-09,0.19202323503804303,0.2504574023004713,0.7666901967132703,0.10326208001100484,1.8595716357599879,0.16890794532925388,1.1368514054429488,True,False,0.25813075342374914,0.19705247552678926
724,2021-10-13,2021-11-10,0.27192617994187845,0.2662068904785428,1.0214843780078513,0.12020563665789635,2.262174948715398,0.212215801762607,1.2813663152476547,True,False,0.24283192779757884,0.21040222177474666
725,2021-10-14,2021-11-11,0.15699356255397712,0.23623054304686758,0.664577749045897,0.07794353695842095,2.0141960280520177,0.17424552799336115,0.9009904837268401,True,False,0.27371961168658376,0.2041655132539002
726,2021-10-15,2021-11-12,0.10530555179911782,0.2389747624466743,0.4406555350070328,0.08597565866014667,1.224829834865009,0.17916688756695193,0.587751192361182,True,False,0.2706000882801162,0.21007777427672047
727,2021-10-18,2021-11-15,0.09717105426766227,0.23946181570780636,0.40578934883811013,0.08960447377551829,1.084444226647658,0.18144188425913446,0.5355491906647256,True,False,0.2700494964626855,0.2086983828409057
728,2021-10-19,2021-11-16,0.20461381024197745,0.18681953077863372,1.095248496713272,0.05963051345276144,3.431360865340695,0.1372638481884935,1.4906605995848057,True,False,0.34612196383112676,0.22941374401569473
729,2021-10-20,2021-11-17,0.14374075811599474,0.18167334187290626,0.791204458695717,0.05101175859662739,2.8177965643689467,0.14985460787832294,0.9592014563389839,True,False,0.35598097951501784,0.21786405479217502
730,2021-10-21,2021-11-18,0.12339004681972432,0.1796945949131449,0.6866653216773977,0.05396485125863038,2.2864891488048165,0.14733896148863515,0.8374570145809117,True,False,0.35991070740156494,0.2140463171867876
731,2021-10-22,2021-11-19,0.12360892572753455,0.1765139859896826,0.7002783662409595,0.05064522574143626,2.4406826886033954,0.13715075876734933,0.9012631562411844,True,False,0.36640474081674007,0.21442754128707084
732,2021-10-25,2021-11-22,0.12518497512238982,0.17888933597758327,0.6997900374457023,0.054571031048216714,2.2939822231282663,0.136340080769784,0.9181817585524976,True,False,0.36149731291325227,0.22442162089439857
733,2021-10-26,2021-11-23,0.1375920553495251,0.15749060826353864,0.8736524473845698,0.0453991474788856,3.0307189229382976,0.09254668320330764,1.4867313510011078,True,False,0.41062536676817435,0.22749402051094617
734,2021-10-27,2021-11-24,0.13802444149117152,0.16179437429497065,0.8530855420197511,0.05502548130290946,2.5083731795340696,0.0974095325074218,1.4169500452191903,True,False,0.3996610985803045,0.22885783169285176
735,2021-10-28,2021-11-25,0.11021015778151638,0.14684433937782837,0.7505237059083854,0.053483430087248325,2.0606411668385682,0.08730087619652602,1.2624175447382509,True,False,0.44042769015577915,0.22753310398896126
736,2021-10-29,2021-11-26,0.006238741478838006,0.09620602177676936,0.06484772328819505,0.05785689749887972,0.10783055691776086,0.11647532743202867,0.0535627726179069,True,False,0.6732923604153631,0.21963948290688387
737,2021-11-01,2021-11-29,-0.003962324357432153,0.08994993330390474,-0.04405033124421614,0.047311806805288036,-0.08374916590565053,0.07806567182307193,-0.05075629614015705,True,False,0.7205418425762173,0.18975039325735948
738,2021-11-02,2021-11-30,0.0046701568300296144,0.0897303571124918,0.052046564622213666,0.04456179740449988,0.1048018056281998,0.08006417145128254,0.05833017122860395,True,False,0.7224159451888673,0.21093740306342845
739,2021-11-03,2021-12-01,0.013141858412194507,0.08983622434843849,0.1462868515179638,0.04496887529470044,0.29224343117479007,0.08239604216643656,0.15949623388036652,True,False,0.721626219423231,0.2248783528263596
740,2021-11-04,2021-12-02,0.013989918402811202,0.09030540488430168,0.15491784152604082,0.046242576635734944,0.3025332803795408,0.08402794669421823,0.16649125622123306,True,False,0.7178514768503254,0.22509073287623108
741,2021-11-05,2021-12-03,0.007723776794253339,0.0914681882830757,0.08444221908440779,0.04526567233158061,0.17063210146698016,0.08426044577815245,0.09166551070224703,True,False,0.7086461763608968,0.22593957436727186
742,2021-11-08,2021-12-06,-0.013819651656464586,0.09466479607905563,-0.14598512043403802,0.03095949460178561,-0.4463784643198771,0.06851207492843903,-0.20171118260393128,True,False,0.6845685600840499,0.21636370978408717
743,2021-11-09,2021-12-07,0.006504904048833737,0.08911260329112562,0.07299645402101652,0.04353801369498679,0.1494074602117815,0.08009854972348798,0.08121125877172092,True,False,0.7274591102240573,0.21931245420154866
744,2021-11-10,2021-12-08,0.019415000458825805,0.08856307486892333,0.2192222942525509,0.052992333113196455,0.3663737623582943,0.08661677690741784,0.22414826725286646,True,False,0.7320481506641165,0.2380413733612356
745,2021-11-11,2021-12-09,0.013609067401404546,0.08860746655597881,0.15358826891644461,0.04965947701038307,0.27404773913666247,0.08244566086864483,0.16506711521285475,True,False,0.7316872437115438,0.23554709083717157
746,2021-11-12,2021-12-10,0.028521302517595624,0.08734053934450446,0.326552855428299,0.05714357693486611,0.4991165070066409,0.09534693159310136,0.2991318340406796,True,False,0.7423590756411499,0.24120244371177316
747,2021-11-15,2021-12-13,0.02741476808359605,0.08705429665865744,0.31491573806046813,0.05536993224540854,0.4951201305807878,0.09254372669594767,0.2962358342631613,True,False,0.7448286697810428,0.2371780922039179
748,2021-11-16,2021-12-14,0.010339369884760004,0.08597349049975789,0.12026230207309219,0.049443169187969455,0.20911624506617968,0.08271420135035983,0.1250011450991907,True,False,0.7542080323101803,0.24537065553580578
749,2021-11-17,2021-12-15,-0.01788646790577215,0.0893794733750526,-0.20011829596172787,0.03761005400227526,-0.4755767674433568,0.05876676878008005,-0.30436364423417234,True,False,0.7253264080371944,0.22798571239042717
750,2021-11-18,2021-12-16,0.05117841066687483,0.0810752172079324,0.63124605063491,0.06918601260379167,0.73972192847648,0.11903701188301156,0.4299369570631736,True,False,0.8001085963904192,0.2686638258469158
751,2021-11-19,2021-12-17,0.052617426977403306,0.08122973455035441,0.6477606663208495,0.07019951250751368,0.7495412018961171,0.12198031290774025,0.43135999345402953,True,False,0.7985665253285087,0.2687858715533113
752,2021-11-22,2021-12-20,0.052346688789091676,0.07929792392761009,0.660126850696346,0.06685784507937925,0.7829550702231173,0.11035075405745962,0.4743663895747805,True,False,0.8181639531886171,0.270149587679163
753,2021-11-23,2021-12-21,0.04216801573795304,0.07837104652952835,0.538056050100915,0.060423449991564945,0.6978750095176567,0.0984068671445268,0.42850684064580896,True,False,0.8279697502410611,0.259167052194498
754,2021-11-24,2021-12-22,0.03278984498348626,0.08211772563908086,0.399302887754129,0.0652285885966938,0.5026913150953609,0.10032605595482633,0.32683279205404525,True,False,0.7899543786597297,0.259468394977562
755,2021-11-25,2021-12-23,0.03343678399585524,0.08194982736318368,0.40801530731322644,0.0641960912389717,0.5208538923559365,0.09306983165750146,0.3592655471743322,True,False,0.7915542791761421,0.256350921184455
756,2021-11-26,2021-12-24,0.03882948988013207,0.08298226258525838,0.4679251766633566,0.062487998754736485,0.6213911575650974,0.09867534975728882,0.39350749681294,True,False,0.781616167284085,0.256350921184455
757,2021-11-29,2021-12-27,0.10579276212341227,0.12436698029134322,0.8506499223152414,0.07753750660877373,1.3644075847989845,0.1267757227203177,0.8344875489828889,True,False,0.5204492474953301,0.2506119923199488
758,2021-11-30,2021-12-28,0.1432699340453871,0.1305023930932988,1.0978337687873703,0.04890132893270176,2.9297758807854866,0.11708941242903133,1.223594269312983,True,False,0.4958325860213796,0.24949148796244452
759,2021-12-01,2021-12-29,0.15219666639367133,0.13069272242090213,1.1645381898428493,0.04710423883856421,3.231060943692991,0.11828768171635637,1.2866653922479077,True,False,0.4951154424618417,0.2415013811929052
760,2021-12-02,2021-12-30,0.1556259001663052,0.13043502129769177,1.1931297179085079,0.0470911645608991,3.304779179224738,0.1204117380798345,1.2924479178526869,True,False,0.49609887069104225,0.23544209655427598
761,2021-12-03,2021-12-31,0.14372093682526801,0.13009925154443885,1.1047022570777536,0.05547196823997149,2.590875020037722,0.12199819319016074,1.1780579127204585,True,False,0.49740708380217463,0.23346716381269966
762,2021-12-06,2022-01-03,0.1437717778025675,0.1264485983104461,1.136997797710584,0.048998774985915323,2.9341912699632724,0.11138704690975663,1.290740546511196,True,False,0.5117917673615245,0.2303702693779021
763,2021-12-07,2022-01-04,0.1603308808600837,0.1295142438580388,1.2379401375791774,0.05117875391245208,3.1327624962176794,0.10821273297158532,1.4816267592297447,True,False,0.49961479313457524,0.23050992802238784
764,2021-12-08,2022-01-05,0.15022371123912026,0.13122657257345013,1.1447659440700324,0.054429816454708076,2.7599525595336853,0.12050040207089817,1.2466656430800451,True,False,0.4931108195041929,0.2265017509390219
765,2021-12-09,2022-01-06,0.15692462315564795,0.12299659489524127,1.2758452645725995,0.04727190858374088,3.3196168265061754,0.10908735816364719,1.4385225364082774,True,False,0.5261696542606463,0.2202690049889992
766,2021-12-10,2022-01-07,0.1560370413333935,0.1164589311056113,1.339846071503873,0.0428020928224912,3.645547005855769,0.08239247094774828,1.8938264569386345,True,False,0.5557791337456972,0.21951859804997545
767,2021-12-13,2022-01-10,0.15503441040661628,0.11476472710279172,1.350889025926547,0.040792303093044845,3.8005799783599348,0.08568166690780975,1.809423369102138,True,False,0.564016176391359,0.2202957983445996
768,2021-12-14,2022-01-11,0.16829274194582972,0.11376890624177721,1.47925076811568,0.03964157733660695,4.245359373992923,0.07126245189221683,2.3615906761160765,True,False,0.5688864189949926,0.22345486876373633
769,2021-12-15,2022-01-12,0.19346169834025542,0.11408045401878107,1.6958356276212383,0.03975223541444601,4.86668727741412,0.052913464114368404,3.656190377596575,True,False,0.5670964015936942,0.21960231689315127
770,2021-12-16,2022-01-13,0.17888246249481646,0.11321378472920772,1.5800413608879824,0.03523060374408979,5.07747365881646,0.05446165662842904,3.2845578627044487,True,False,0.57142154407232,0.21341938134685376
771,2021-12-17,2022-01-14,0.1440948730127757,0.1363243753390501,1.0570000607330843,0.055097325733198824,2.615278892310222,0.05744679087204413,2.508318930011771,True,False,0.47456916212531214,0.18555737815813803
772,2021-12-20,2022-01-17,0.14176794475666887,0.13792468307137737,1.027864930335222,0.056286535620978406,2.518683077446872,0.05849997587217777,2.423384670558349,True,False,0.4690485454458079,0.1839549745924404
773,2021-12-21,2022-01-18,0.15335018584666713,0.15770299443403915,0.972398694121229,0.06563597965333173,2.336373840332906,0.06982480215363664,2.196213682199174,True,False,0.41014264301957093,0.19374159936374524
774,2021-12-22,2022-01-19,0.19442906101158003,0.16333083169104265,1.190400238574447,0.05206371577533618,3.7344445765372303,0.062283683115782695,3.1216692925841385,True,False,0.39590622595632413,0.19144999879228322
775,2021-12-23,2022-01-20,0.18887468203293084,0.16343318343810598,1.1556691123529381,0.05288204993547434,3.5716217934704138,0.059873768620224595,3.1545480831672816,True,False,0.3956890719086661,0.18355323739264784
776,2021-12-24,2022-01-21,0.18006176436053759,0.15460408773392664,1.1646636709271463,0.053516751682292925,3.3645869508203834,0.05513414681353146,3.2658846607261798,True,False,0.4183508636013125,0.1850490251583099
777,2021-12-27,2022-01-24,0.22248515486519926,0.1276044375934258,1.7435534301250801,0.0477906021013239,4.6554164434566925,0.06081937394752225,3.6581296456153867,True,False,0.5069188601311415,0.22089799120514428
778,2021-12-28,2022-01-25,0.225443032486477,0.1275509130830272,1.767474861898703,0.04123531526741858,5.467231935161344,0.05651143556332547,3.989334729142574,True,False,0.5071255886011076,0.22072902961111418
779,2021-12-29,2022-01-26,0.1749389868527208,0.11604598701277329,1.5074970824580527,0.04561693565734051,3.8349570029605933,0.07940842304917999,2.203028093686937,True,False,0.5576975830444809,0.22091930872878496
780,2021-12-30,2022-01-27,0.23710582267461025,0.11054938408445514,2.1447955105156558,0.04141736378883058,5.72479271938966,0.09265945850749278,2.558894974067186,True,False,0.5851675495894076,0.2786152290770828
781,2021-12-31,2022-01-28,0.23328703360983383,0.10961794501785907,2.1281828770994244,0.03915062829327624,5.958704720197267,0.09052421207079363,2.5770678172530666,True,False,0.5901616330283261,0.27774132047703987
782,2022-01-03,2022-01-31,0.26284223903283777,0.10942072736969288,2.402124765125983,0.044588763245631824,5.89480891373652,0.09798878355044505,2.682370670491337,True,False,0.5910667268348105,0.29388344454372
783,2022-01-04,2022-02-01,0.2676544702637776,0.11052219887621284,2.4217258884213493,0.04584806361713363,5.837857679200957,0.10110510855358712,2.6472892823404366,True,False,0.5851406807887034,0.29557271720981554
784,2022-01-05,2022-02-02,0.26921537485277414,0.11065089776596386,2.433015730447915,0.04726936516986909,5.695345682881734,0.10296578840775247,2.614609949730686,True,False,0.5844470386834627,0.29779703078464975
785,2022-01-06,2022-02-03,0.2654474830644297,0.11412751147505795,2.325885140520584,0.04322718313137508,6.140753660901006,0.11805691816030578,2.2484703751455455,True,False,0.5666433893111039,0.29968531993929415
786,2022-01-07,2022-02-04,0.2705148022688495,0.11726555183175584,2.3068565153470186,0.044661028256596264,6.057066145334338,0.12468342170537386,2.1696132378214186,True,False,0.551439646141205,0.2984580503591321
787,2022-01-10,2022-02-07,0.28900104721066994,0.12928772162490346,2.2353325093711174,0.06221882402034075,4.644913364421496,0.16720978741056505,1.7283739886652687,True,False,0.50005516537615,0.29144495764613887
788,2022-01-11,2022-02-08,0.2820717869959185,0.13046606686609397,2.162031812344183,0.05989327739541321,4.709573415622106,0.16489643008055005,1.7105997192184792,True,False,0.4955661582678649,0.28978271800229694
789,2022-01-12,2022-02-09,0.26259274115709846,0.12756414086349915,2.0585153427881235,0.05155087679876652,5.093855962569809,0.14854794834590251,1.7677305144978241,True,False,0.5069333338681444,0.2845729499434861
790,2022-01-13,2022-02-10,0.2339690952792667,0.12863400115592516,1.8188744280422282,0.05501606317781101,4.252741504296344,0.14753051488254973,1.5859030619226908,True,False,0.5028268955097905,0.27383461321013775
791,2022-01-14,2022-02-11,0.2306344221438593,0.12036395286813803,1.9161419731414566,0.04998232579085516,4.614319531846525,0.12336767038838575,1.8694883466452488,True,False,0.5374278339994994,0.27605692090870365
792,2022-01-17,2022-02-14,0.15164307847020617,0.09292307328959663,1.6319206102622914,0.061195988116369206,2.477990520911998,0.10608486162539302,1.4294506883148737,True,False,0.6970994251577272,0.28092325270324287
793,2022-01-18,2022-02-15,0.13432195183932838,0.08352680726569729,1.6081298476075188,0.06053366235587513,2.218962914380674,0.07997447474212664,1.679560288109953,True,False,0.7760485571281738,0.28672430975506236
794,2022-01-19,2022-02-16,0.13881148299499088,0.08143308439257824,1.7046079493415587,0.058875890009612054,2.3576965540958885,0.07738987213331278,1.7936647156603704,True,False,0.7960700888765438,0.2831325096617934
795,2022-01-20,2022-02-17,0.13258311092382064,0.08076656481189254,1.641559365965486,0.057200564765612645,2.3178636691280685,0.07209427067894694,1.8390242341759027,True,False,0.8027335033466222,0.28206345249862597
796,2022-01-21,2022-02-18,0.1295098155571078,0.08093665717964307,1.6001379358879884,0.05685123181443753,2.2780476591928203,0.07145270940670115,1.8125249081872017,True,False,0.8010708833614368,0.28127709065360385
797,2022-01-24,2022-02-21,0.12866832196302794,0.08159152497941995,1.5769814572712337,0.05806531077870277,2.2159241074831373,0.07321888098749975,1.7573106858187952,True,False,0.7946072443586009,0.2800327238729694
798,2022-01-25,2022-02-22,0.1034459946693491,0.08629746483676337,1.1987141785106106,0.04981950803331207,2.0764154194413043,0.07027311764668082,1.4720564297354057,True,False,0.7511555269634771,0.2552784579551141
799,2022-01-26,2022-02-23,0.08037067641850454,0.08141563075824852,0.9871651876916999,0.04812681757951178,1.669976957976116,0.06210361843508281,1.294138384263654,True,False,0.7966228971130801,0.255270653633763
841,2022-03-25,2022-04-22,0.08582145717047615,0.07273533295056439,1.1799142684725996,0.05500970604660026,1.5601148113348289,0.09222131480138228,0.9306032705704799,True,False,0.8921280750569921,0.3026131006814946
842,2022-03-28,2022-04-25,0.09467427215379727,0.0709179196151607,1.3349837765624188,0.05799527561355441,1.6324480080868933,0.09094863705558834,1.0409641663561358,True,False,0.9148937960189609,0.31175739773146066
843,2022-03-29,2022-04-26,0.15852995734215625,0.08825153176496907,1.7963422749913536,0.09099075774735826,1.7422643932950306,0.08899130174598374,1.7814095785975044,True,False,0.7335928836557,0.3097766182213986
844,2022-03-30,2022-04-27,0.11033821962033391,0.10422009070341294,1.0587039300736343,0.1035565327892087,1.0654877741506608,0.11342520949298318,0.9727839173809043,True,False,0.6206200040653849,0.27848905636326987
845,2022-03-31,2022-04-28,-0.01978063352316594,0.05355200072017557,-0.36937244654080015,0.03072328503374467,-0.6438319828573033,0.08668957429518422,-0.22817776744192403,True,False,1.2153598677277235,0.25401410866571944
846,2022-04-01,2022-04-29,0.010919395902977047,0.04971345313209779,0.21964669953547994,0.028865236078546505,0.3782888133415498,0.1144256623608157,0.09542785838149818,True,False,1.311550057778746,0.2941957125374044
847,2022-04-04,2022-05-02,0.0133009834458481,0.049060943020988165,0.2711114509184621,0.028152689664986984,0.47245871013135576,0.10169808456194605,0.1307889278656595,True,False,1.329443028996128,0.29588225195513274
848,2022-04-05,2022-05-03,0.013773769979040737,0.04955786508801551,0.27793307791968674,0.029212345899529528,0.47150509672907054,0.10329287456880164,0.13334675829808823,True,False,1.3159923464357433,0.3000264411001954
849,2022-04-06,2022-05-04,0.019848523820963054,0.048126458484623706,0.4124243596130102,0.02908948676156763,0.6823263670360274,0.09729615490560749,0.20400111227642276,True,False,1.3562146960511328,0.3057421659329298
850,2022-04-07,2022-05-05,0.019926567827261394,0.048621119573164576,0.409833586766263,0.029601733985335502,0.6731554251900541,0.1116404329804264,0.17848880817897814,True,False,1.3418617696224282,0.3090641526265075
851,2022-04-08,2022-05-06,0.01058160580676556,0.048067608034021166,0.22014005355282373,0.027730281854983288,0.38159027239977317,0.07599256150548736,0.1392452839742936,True,False,1.358328357107042,0.3133423430563362
852,2022-04-11,2022-05-09,0.017482621304754496,0.047412396958194145,0.3687352343769877,0.02538916752615226,0.6885858422394676,0.08116354959174125,0.21539991033774883,True,False,1.377205337321041,0.3239202154615994
853,2022-04-12,2022-05-10,0.004830584031675014,0.04567208198182714,0.10576667018589381,0.028160855220592848,0.17153541658573676,0.06577761558892822,0.0734381139909867,True,False,1.4306683452861617,0.32392822296068885
854,2022-04-13,2022-05-11,0.012421259414073784,0.043250163669666344,0.28719566263249724,0.02444203277537136,0.5081925684425838,0.0628353045959916,0.19767962443944553,True,False,1.5128816643560457,0.3348569941610192
855,2022-04-14,2022-05-12,0.021075733113569344,0.0385973505497932,0.5460409280263996,0.02294824390829448,0.9184028720363944,0.04962403991751124,0.4247081283306033,True,False,1.7005515766868147,0.35173436366648875
856,2022-04-15,2022-05-13,0.03833922810625754,0.03765667169662849,1.0181257763598413,0.02558556919383052,1.4984707909293777,0.049942333104892773,0.7676699449690207,True,False,1.7451751888309892,0.36855287226168854
857,2022-04-18,2022-05-16,0.03995194081358953,0.037386262187479855,1.06862624065609,0.026375423814115596,1.514741188431939,0.05021598388497123,0.7956020717448583,True,False,1.7582160295894143,0.37135117182685684
858,2022-04-19,2022-05-17,0.056484833635559964,0.036056811034610906,1.5665510070022615,0.03340206306610936,1.6910582296598025,0.05331914317146637,1.0593724931759163,True,False,1.82561663746523,0.4128597080185586
859,2022-04-20,2022-05-18,0.056017378704942306,0.036159660570406725,1.5491677140019189,0.033250277959952335,1.6847191103909378,0.054511882499434755,1.027617762155309,True,False,1.8202405138679694,0.41188084716916484
860,2022-04-21,2022-05-19,0.03593071935409063,0.03575442968897407,1.0049305685099748,0.027987175317905566,1.2838280014311756,0.04657098207996947,0.7715259105421507,True,False,1.8427455494224114,0.4219608782909768
861,2022-04-22,2022-05-20,0.032773938713778324,0.034658273647195176,0.945631021539085,0.028365088385798074,1.1554322788638898,0.043130754854633066,0.7598739883927114,True,False,1.9037699063159685,0.41946571134839583
862,2022-04-25,2022-05-23,0.02849426599584902,0.03485261375531399,0.8175646795358207,0.026181549451847193,1.0883338302133472,0.03978588717007851,0.7161902881300708,True,False,1.8931694429132448,0.41325222819025137
863,2022-04-26,2022-05-24,0.022682364553209246,0.03511550799561804,0.6459358228859942,0.027195155162898516,0.8340590232834587,0.038691557867742386,0.5862354943355693,True,False,1.8784375464162089,0.39835333977823123
864,2022-04-27,2022-05-25,0.018853593359748372,0.03503951303181302,0.538066649003679,0.0286861966930563,0.6572357277433024,0.0387017260425094,0.4871512278041519,True,False,1.88276817773812,0.39835355871861455
865,2022-04-28,2022-05-26,0.019862037065959445,0.03495505678332714,0.5682164154124115,0.0284500354562673,0.6981375153816902,0.03823090035141633,0.5195283627481617,True,False,1.8872999251519291,0.3873728955838332
866,2022-04-29,2022-05-27,0.036511812863389954,0.04225446374290772,0.8640936277298833,0.039117280194495854,0.9333934435586728,0.0551452264709851,0.6621028727228241,True,False,1.550503896443424,0.3761919713375386
867,2022-05-02,2022-05-30,0.027606658255144887,0.0434128323406028,0.6359100930930313,0.04054433709387707,0.6809004717779439,0.059142631475013994,0.4667810269282299,True,False,1.50827291375885,0.36455521545925146
868,2022-05-03,2022-05-31,0.020289498429735882,0.04470804205994266,0.45382212002334116,0.04546922829663159,0.4462248247841706,0.06919332437676085,0.29322913174771925,True,False,1.4633902450984875,0.35521851368081264
869,2022-05-04,2022-06-01,0.029860848911966605,0.04436989217766123,0.6729980048723344,0.042803558600789375,0.6976253818161726,0.062007617630414104,0.4815674275690954,True,False,1.4749365509218295,0.3779259652829686
870,2022-05-05,2022-06-02,0.029952682555402167,0.0448361636536426,0.6680474000136437,0.04275181117909522,0.7006178622450604,0.0641410028553588,0.46698182476109673,True,False,1.4590346682208326,0.39265683394865986
871,2022-05-06,2022-06-03,0.024705321153484866,0.044845363467629316,0.5509002323354539,0.04444640194991562,0.5558452443760021,0.06758780060800769,0.36552929569005416,True,False,1.4587027332151175,0.38258821740477694
872,2022-05-09,2022-06-06,0.038416985819613655,0.04588052352118112,0.8373266665511814,0.04530095853384195,0.8480391378675654,0.06351238069738131,0.604873969418023,True,False,1.424964392146931,0.38374911100067405
873,2022-05-10,2022-06-07,0.02261976737029397,0.04662703057028172,0.4851213361356737,0.046846533701512365,0.4828482618248387,0.07425570977402839,0.30461990652475646,True,False,1.4016181742925187,0.36155298551253595
874,2022-05-11,2022-06-08,0.032629974208906704,0.04645808620079055,0.702352956767975,0.047842457772614734,0.6820296391124009,0.0665095408290876,0.4906059161159651,True,False,1.4063841595670812,0.3546645107150143
875,2022-05-12,2022-06-09,0.037839220236636786,0.048639758192904795,0.7779483624603317,0.04966544644175288,0.7618822128381395,0.06729674344516381,0.562274165130587,True,False,1.3422147908473971,0.36944503778899235
876,2022-05-13,2022-06-10,0.04340521177119125,0.06232640937512255,0.6964176535495457,0.07958046705193178,0.5454254464586936,0.10580188687523663,0.4102498835618632,True,False,1.043375727875964,0.38855551335925353
877,2022-05-16,2022-06-13,0.08040441783668527,0.0486870179169228,1.651454972532586,0.05677622355000029,1.416163541872007,0.07112845186300747,1.1304114701040198,True,False,1.3404690854607622,0.4391547280878731
878,2022-05-17,2022-06-14,0.07722456533364389,0.04898554898526074,1.576476469762133,0.05289678218028547,1.4599104548636483,0.07087383267429444,1.089606169438228,True,False,1.332188625493442,0.4467718284277146
879,2022-05-18,2022-06-15,0.049665504578292774,0.05169554913453739,0.9607307671505445,0.06276765820730612,0.791259479750859,0.08791064513468269,0.5649543863795243,True,False,1.2614652060455558,0.4171241556394317
880,2022-05-19,2022-06-16,0.053850993236354665,0.05177102177501318,1.0401763648857587,0.06771788360262593,0.7952255795877599,0.09351000362606778,0.5758848374308332,True,False,1.2596275648046984,0.45784557390061664
881,2022-05-20,2022-06-17,0.060151071528092126,0.05176350590551604,1.162036273931791,0.04535773252033816,1.3261481160047124,0.07699786806245047,0.7812043767147623,True,False,1.2595118950347703,0.45090093509714513
882,2022-05-23,2022-06-20,0.07234494329000235,0.05443829250697138,1.3289348353594639,0.04833344285665932,1.4967885384153792,0.07788212157332691,0.9289030887774257,True,False,1.196457674998253,0.4503538233649152
883,2022-05-24,2022-06-21,0.07881368583201882,0.05236960163916499,1.5049510281758078,0.03635499590894614,2.1678914785030843,0.06381030401703407,1.2351247505572083,True,False,1.2443209431388567,0.4466848538843167
884,2022-05-25,2022-06-22,0.06982913276485718,0.05174985641504738,1.3493589664251293,0.03995834463309516,1.7475481881454566,0.06947537529292601,1.0050918396689423,True,False,1.259691636292781,0.4471332086224368
885,2022-05-26,2022-06-23,0.07700058395163076,0.05209566677309714,1.478061203957847,0.040466065623701634,1.9028433519499426,0.06684204479765389,1.1519782823031384,True,False,1.2511187071704504,0.44560340685797295
886,2022-05-27,2022-06-24,0.07130751362505633,0.04951039885682852,1.4402532654051023,0.03807695031069698,1.8727212406247742,0.060745701525769455,1.1738692917194538,True,False,1.317752183167901,0.4476450942941841
887,2022-05-30,2022-06-27,0.06584545990960958,0.05042044392124035,1.3059278100062743,0.037934435790570785,1.7357701132852101,0.06573419483939157,1.001692651298002,True,False,1.2935773184147934,0.4407689131091352
888,2022-05-31,2022-06-28,0.06364852704344708,0.05104744243052388,1.2468504593559886,0.03704360742714661,1.7182054196158991,0.06690063167115429,0.951389029573103,True,False,1.2772853375874564,0.44499937362355446
889,2022-06-01,2022-06-29,0.06047802123676411,0.04973721349282971,1.2159511357724702,0.03344590650060429,1.8082338786563135,0.06155346312663925,0.9825283284603736,True,False,1.3114517554507579,0.44223892799126785
890,2022-06-02,2022-06-30,0.05458342733109985,0.049706921752727874,1.0981051613421295,0.03765965201185904,1.4493874588621134,0.06846404821235436,0.7972567903346717,True,False,1.312666031824853,0.43247049261590603
891,2022-06-03,2022-07-01,0.05325017778539561,0.04936448318753022,1.07871437817153,0.032729997280462164,1.6269533214163374,0.06167231224802693,0.8634373488582672,True,False,1.321432993577053,0.41440779810623224
892,2022-06-06,2022-07-04,0.05443038411925771,0.04891220996449404,1.1128179274412133,0.03208184574252863,1.6966101188842515,0.06010797619774591,0.9055434496777965,True,False,1.3339506676851398,0.41548244350875946
893,2022-06-07,2022-07-05,0.08025015158124453,0.047409856038528236,1.6926892061437224,0.031080455339965434,2.5820133811892148,0.04932164653845569,1.62707770752694,True,False,1.375870522500564,0.4488119396181948
894,2022-06-08,2022-07-06,0.08367080037280171,0.04770405549567307,1.7539557067719527,0.03080919991415897,2.7157732302664943,0.04797154944113778,1.744175482083766,True,False,1.3667794560832096,0.44968102100472473
895,2022-06-09,2022-07-07,0.09372688810827783,0.04605463838443553,2.0351237442340544,0.032766660467573636,2.8604345627785692,0.0422901369229587,2.2162824461652395,True,False,1.4163313507991422,0.4561808540943606
896,2022-06-10,2022-07-08,0.09741983631761607,0.045468252152109895,2.1425903065661482,0.03523976632772971,2.7644858768815865,0.04186511969047731,2.3269929009608274,True,False,1.4355196951984994,0.45897765271423135
897,2022-06-13,2022-07-11,0.09268596610789624,0.044920838322244507,2.063317817957969,0.03736961146042725,2.480249659701347,0.040595847064380526,2.2831391093011693,True,False,1.453863856803201,0.4427431944488223
898,2022-06-14,2022-07-12,0.08084459397198476,0.056269151095594355,1.4367480652878477,0.06327565065808707,1.2776572525319778,0.06584493227615609,1.2278028266916508,True,False,1.1564433009373831,0.40011073830134614
899,2022-06-15,2022-07-13,0.08376315098593307,0.05568776277516825,1.504157229733135,0.06435674403821987,1.3015442629631515,0.06583825357593791,1.2722565748090593,True,False,1.16890842464269,0.39537088742376836
900,2022-06-16,2022-07-14,0.07782188764367604,0.0464501086422619,1.675386558146196,0.04035410618525583,1.9284750673553464,0.047253930855266704,1.6468870681263623,True,False,1.4058899477081683,0.41354065329147666
901,2022-06-17,2022-07-15,0.08777652394977167,0.04346926093950621,2.0192780381503486,0.03376172375513315,2.599882772171136,0.04509410284104756,1.9465189108912002,True,False,1.5037587772345617,0.38329663564910316
902,2022-06-20,2022-07-18,0.11244877256526947,0.044065393401069984,2.5518613107976704,0.03036311244997022,3.70346659126442,0.04405609881914414,2.552399680845231,True,False,1.482781131259166,0.4014030061284368
903,2022-06-21,2022-07-19,0.11614004976611161,0.044453716508441106,2.612606074096377,0.030632237664350814,3.7914321192823954,0.044054584200985424,2.63627615315261,True,False,1.4695135830164243,0.4064773013271195
904,2022-06-22,2022-07-20,0.09167962616034682,0.0440749067189137,2.080086674829074,0.033260862851511384,2.756381473614743,0.042087942126286186,2.1782872131229234,True,False,1.483136652996194,0.38721622878179357
905,2022-06-23,2022-07-21,0.10150539523397169,0.044583609460443305,2.2767424275962242,0.031814945181265215,3.1904941107283413,0.04576322918512363,2.218055784991858,True,False,1.4651146852356993,0.3866602271919919
906,2022-06-24,2022-07-22,0.10585401000860419,0.044420034608755654,2.3830240327579406,0.032757608994473136,3.2314327344973157,0.04648517043517362,2.2771565429930822,True,False,1.4708011837137482,0.3985211321557798
907,2022-06-27,2022-07-25,0.10800825252544818,0.04585474442284144,2.3554433436476963,0.033366146562217446,3.2370610230356243,0.04993376059364911,2.163030607776522,True,False,1.4236375439339881,0.3930522737861319
908,2022-06-28,2022-07-26,0.10217936438078627,0.0467253463984833,2.1868080657846765,0.03364896709051313,3.0366270710756638,0.051016227999680065,2.002879640208348,True,False,1.396473446529475,0.38679572892677444
909,2022-06-29,2022-07-27,0.10313531812572778,0.04663971648788725,2.211319576792731,0.03373324875796151,3.0573787560673775,0.04921165861874509,2.0957496865680274,True,False,1.399363176107159,0.3819363267479917
910,2022-06-30,2022-07-28,0.11082387512698458,0.048046716047097975,2.3065858448754137,0.03902285100422164,2.8399738172640236,0.05540465741587501,2.0002627991203927,True,False,1.3576475878294647,0.4047935028336931
911,2022-07-01,2022-07-29,0.11802046156346932,0.048043085603450705,2.4565545714031423,0.04252614584247494,2.7752447165242744,0.05932056057543109,1.9895371928152357,True,False,1.3575410420226721,0.4111491844581503
912,2022-07-04,2022-08-01,0.11116992083428423,0.04893645013288645,2.2717201703924865,0.04270001525855562,2.6035100962173447,0.05905123100969841,1.8826012418949571,True,False,1.3326441019072721,0.40550778108777397
913,2022-07-05,2022-08-02,0.11862772387944102,0.04919690532596032,2.4112842686640152,0.04482202749940147,2.646638951819507,0.06224029211278553,1.905963482055578,True,False,1.3251826774605893,0.4170128861296378
914,2022-07-06,2022-08-03,0.09327936232172018,0.051643920408818156,1.8062021934685037,0.031156636961543947,2.9938841742404083,0.046337147979876175,2.0130579111651543,True,False,1.2620641472425824,0.37274324721148283
915,2022-07-07,2022-08-04,0.0964481614023382,0.05137029192156675,1.8775085325502392,0.03438256607196767,2.8051472714531624,0.0461790863825875,2.088567985154106,True,False,1.2687404145287864,0.37711463240154075
916,2022-07-08,2022-08-05,0.0843282402909437,0.05250942885320555,1.605963769415399,0.03226400768527262,2.613693906644975,0.047601496234860735,1.7715460008836088,True,False,1.2411032004533458,0.3866510524838588
917,2022-07-11,2022-08-08,0.08473066600650965,0.052979465810805884,1.599311444722564,0.033194463132021845,2.5525541916287886,0.04846487913742387,1.748290050744847,True,False,1.229884318689257,0.3918420593629151
918,2022-07-12,2022-08-09,0.05858982410374355,0.05561858225944395,1.0534217472577716,0.027953128259465505,2.096002406596615,0.0406804806846564,1.4402441445546164,True,False,1.1709242597159497,0.35770933553116896
919,2022-07-13,2022-08-10,0.08566062436793213,0.05530464230649376,1.5488866900758171,0.03589958226313904,2.3861175804234,0.048274676874508655,1.7744422109879527,True,False,1.1769581738158743,0.40056690680684914
920,2022-07-14,2022-08-11,0.08286375101179519,0.05520512983681967,1.5010154175297004,0.03353639979883063,2.470860065745177,0.04746499306160946,1.7457866454175652,True,False,1.1792224869302268,0.400810278691816
921,2022-07-15,2022-08-12,0.09600028054713051,0.08644141177949505,1.1105820528709012,0.06751955131330979,1.4218145511906928,0.10250033191541649,0.9365850700498235,True,False,0.7497644245951102,0.37387624462595137
922,2022-07-18,2022-08-15,0.09651262193451994,0.08219054406893936,1.174254569401166,0.06268794817703904,1.5395721943547356,0.10561291703267217,0.9138335030047794,True,False,0.7888802181811942,0.3774374137323549
923,2022-07-19,2022-08-16,0.09181147594037543,0.07876099792170904,1.165697215157672,0.06297426145367367,1.4579206460073462,0.10014078777113042,0.9168239833524033,True,False,0.8236072245777417,0.3646412527652912
924,2022-07-20,2022-08-17,0.10176966278690562,0.07435904967541715,1.3686251133001008,0.05628079986104432,1.8082483375888758,0.09308438422259992,1.0933054307319252,True,False,0.8726818841570232,0.3700184487094953
925,2022-07-21,2022-08-18,0.15700652436672874,0.07936297095218205,1.9783347634670665,0.037795883534653206,4.154064138301651,0.09649391579203516,1.6271132027133304,True,False,0.81678944703411,0.3734668595343029
926,2022-07-22,2022-08-19,0.16578555349902838,0.07159936955629653,2.3154610791464574,0.03365319221290949,4.926295028720409,0.082213476042304,2.0165252885514935,True,False,0.9058094194961611,0.3900863028467755
927,2022-07-25,2022-08-22,0.16666502083723764,0.07062978279985645,2.3596989008095375,0.03906207448770532,4.266671010770177,0.08615442565308754,1.9344916941160621,True,False,0.9182478752332977,0.3917078821483401
928,2022-07-26,2022-08-23,0.18204743098908915,0.07136666935895582,2.550874695769223,0.04212306406223719,4.3217993524904195,0.08768239887173164,2.076214078670472,True,False,0.9085165815030609,0.40610652311407497
929,2022-07-27,2022-08-24,0.19411408518148474,0.07188383288342581,2.700385850268725,0.04307761331616802,4.506147630714472,0.08794060453093423,2.2073317123172904,True,False,0.9017421556133549,0.4030114291099852
930,2022-07-28,2022-08-25,0.19355818447025744,0.07173365811993872,2.698289611086445,0.04045828983293717,4.7841415262362705,0.08448803307617034,2.2909538478159943,True,False,0.9036499137535005,0.40309967092670745
931,2022-07-29,2022-08-26,0.13846963966755624,0.06541897519940759,2.1166586490460673,0.04835785589983971,2.863436293667752,0.08362948056831215,1.6557515211929157,True,False,0.9924512453825551,0.3805019705062479
932,2022-08-01,2022-08-29,0.12487518258249815,0.062488211951737614,1.9983798332867122,0.050661009254271805,2.464916992785107,0.08139359736834025,1.534213827868861,True,False,1.0395926356041525,0.3780134287420517
933,2022-08-02,2022-08-30,0.12306157892399516,0.06243929662543686,1.9708995067997237,0.05120512465418907,2.403305914302223,0.08057701957844524,1.5272540429990633,True,False,1.0402397245475026,0.36945855363598745
934,2022-08-03,2022-08-31,0.12090779520891305,0.06210450141717517,1.946844309991927,0.0487896032477144,2.478146718985199,0.0771469244317904,1.5672406398496663,True,False,1.0461477131551074,0.36289224538704234
935,2022-08-04,2022-09-01,0.13436803684264714,0.05901252818456401,2.2769408628351897,0.043538729254124026,3.086172682219927,0.07388575211018364,1.8185919883750803,True,False,1.1012129599692948,0.3836991282847864
936,2022-08-05,2022-09-02,0.13605192647676695,0.05720018230634555,2.378522602395166,0.04378311412470764,3.1074063413865365,0.06813529438070538,1.9967907633388646,True,False,1.1364694612723478,0.3872930195848331
937,2022-08-08,2022-09-05,0.15808748738826373,0.05820028811093973,2.716266405536032,0.04960423600278454,3.1869755514305163,0.0694833671106708,2.27518460837494,True,False,1.1163701694393577,0.38031922157767123
938,2022-08-09,2022-09-06,0.1671703768338102,0.057839412531369094,2.8902502552761176,0.0537390479729595,3.110780394135885,0.07203048093899324,2.3208282751214226,True,False,1.122673047619741,0.4002902126624546
939,2022-08-10,2022-09-07,0.15078619801661597,0.05681442411421329,2.654012609781848,0.049813849650369356,3.0269934782183197,0.07431767774027835,2.0289411967846456,True,False,1.1437177151899107,0.39946274901394296
940,2022-08-11,2022-09-08,0.10599001021288926,0.05736940546246778,1.8475005860437244,0.04205933411979619,2.5200116081486565,0.053263904243507,1.9899031383117152,True,False,1.133070334998525,0.33301389488266486
941,2022-08-12,2022-09-09,0.13195172721698362,0.057666609916067584,2.288182492590362,0.045694306677120676,2.8877060800892376,0.06192032097051386,2.1309923002469313,True,False,1.1270544182891296,0.37313030729419483
942,2022-08-15,2022-09-12,0.14869616847313036,0.056746283901479844,2.6203683880214865,0.046003720162840156,3.2322639983633494,0.06223876168809197,2.389124790405014,True,False,1.1454210424931954,0.38645030782304934
943,2022-08-16,2022-09-13,0.1617009628211854,0.059655449075349094,2.7105816036510855,0.04815172654329165,3.3581550326301453,0.06649325809307403,2.4318399708259784,True,False,1.0882643846117734,0.42041148085127417
944,2022-08-17,2022-09-14,0.1581633202163089,0.05978963543893186,2.6453300652393894,0.04726415481325522,3.346369375295632,0.06675619713542638,2.369267978154111,True,False,1.0859928380311488,0.4203750762122628
945,2022-08-18,2022-09-15,0.16170892047667051,0.0605666148611655,2.669934927803867,0.0487025179783729,3.3203400396767955,0.06858590383602292,2.3577573733414474,True,False,1.0717931945961603,0.4211092385955239
946,2022-08-19,2022-09-16,0.15932915724118762,0.06069646085391118,2.625015610459942,0.04878641267371397,3.2658510537921535,0.06883353953087101,2.314702372231351,True,False,1.0696620804945038,0.42068824713197717
947,2022-08-22,2022-09-19,0.15507676428375072,0.064385215961958,2.4085772170955804,0.0526560321627791,2.9450901998151244,0.0766258098792603,2.0238189263918516,True,False,1.0080408751044816,0.4071337036321587
948,2022-08-23,2022-09-20,0.14527762118997706,0.06558524803224465,2.215096009373206,0.05433237142284368,2.6738685867279495,0.07781346343218057,1.8669985216195375,True,False,0.9896909027490278,0.3980526095925745
949,2022-08-24,2022-09-21,0.14581924051810408,0.0638969287036206,2.282100931556066,0.053553440588623574,2.7228734310131446,0.0732577392014175,1.9904960500785227,True,False,1.0157010789269982,0.3911214839677964
950,2022-08-25,2022-09-22,0.14243177166459658,0.06392363462416882,2.2281550869565967,0.05286014730871908,2.6945019814786444,0.07295661511378405,1.9522804264213491,True,False,1.0151519296402352,0.3941869178772088
951,2022-08-26,2022-09-23,0.1607659776978082,0.058299663256058835,2.757579867857993,0.04901561646552107,3.2798930073825634,0.06527617965240955,2.4628582517217494,True,False,1.1131413195242488,0.42595213666406745
952,2022-08-29,2022-09-26,0.17374350190810983,0.052124535137604684,3.33323839626465,0.02880230647199998,6.032277382959372,0.04869094296633274,3.5682919927889762,True,False,1.2458118596834296,0.4545610080958754
953,2022-08-30,2022-09-27,0.17146493550788958,0.051491772700787315,3.3299481939425997,0.03403144306051649,5.038426822012269,0.05056397519555545,3.3910493556875503,True,False,1.261451080560717,0.45599301822764354
954,2022-08-31,2022-09-28,0.09420117324624543,0.04723332332729042,1.994379531448679,0.06655655183214314,1.415355373034086,0.08871932609689931,1.0617886473050848,True,False,1.3810942774795907,0.46697688797036246
955,2022-09-01,2022-09-29,0.10303674491328027,0.04686522860505517,2.1985755320132183,0.05840691075219728,1.7641190671842544,0.08822287842896138,1.1679141142084508,True,False,1.392129863965078,0.4809083517058328
956,2022-09-02,2022-09-30,0.08654048016277206,0.04675945835779548,1.8507588240346782,0.05723117008184265,1.5121214547774584,0.0909672543275236,0.9513366189023016,True,False,1.3961581690700324,0.46545287075638503
957,2022-09-05,2022-10-03,0.07957017211675545,0.047105897890817636,1.6891764233256676,0.05132271931719274,1.550388856540967,0.09115410940746747,0.8729191984210966,True,False,1.3857591553891206,0.45575215024404425
958,2022-09-06,2022-10-04,0.09932453359198633,0.043123289299107914,2.3032689575941285,0.04796067594760103,2.0709577508978896,0.0820856279780451,1.2100112533530474,True,False,1.5163687808832278,0.49056056441121515
959,2022-09-07,2022-10-05,0.0969446973279783,0.042698682719869846,2.270437661133397,0.045709210931511646,2.120900697087843,0.07800843224309473,1.2427463870299713,True,False,1.5321202801624485,0.47477451900390727
960,2022-09-08,2022-10-06,0.10082865812075266,0.0432883339230037,2.329233975604029,0.05031450173666354,2.0039681332525268,0.08518577246329086,1.183632609121468,True,False,1.5102889773807808,0.477281002043395
961,2022-09-09,2022-10-07,0.09930059182442678,0.044244723102447,2.2443488140834327,0.04983634051240753,1.9925337776296868,0.08611599663022913,1.1531027417682986,True,False,1.4769101186468063,0.4724142936240962
962,2022-09-12,2022-10-10,0.08122516819283265,0.04445243459412277,1.827237786511962,0.04166531400742958,1.9494673237875737,0.08375284136455056,0.9698198517144544,True,False,1.470138274360708,0.4420013885565986
963,2022-09-13,2022-10-11,0.0725640712703525,0.04518236756777733,1.606026314612671,0.04155215962600334,1.7463369394870611,0.08654848793573489,0.8384210169475603,True,False,1.4455622381122706,0.4275972094792439
964,2022-09-14,2022-10-12,0.07614267187401887,0.04484631220408761,1.6978580429870596,0.03882194802206807,1.961330529594653,0.08159643540729151,0.9331617428377846,True,False,1.4571642124831594,0.3985864464508828
965,2022-09-15,2022-10-13,0.08350861620877029,0.04457839301191726,1.873298038950074,0.040330848698609326,2.070589112389539,0.08169772905030907,1.0221656976211184,True,False,1.4660780272591214,0.41090032798741166
966,2022-09-16,2022-10-14,0.07086736434115742,0.04419964028762021,1.6033470833699641,0.04001511341470791,1.7710149564416702,0.08367579314347795,0.84692790685165,True,False,1.4791035839012727,0.4151486698851045
967,2022-09-19,2022-10-17,0.08276537792093064,0.04361621168755442,1.8975829105430346,0.041317320968025976,2.003164193171669,0.08269806491952866,1.0008139610215483,True,False,1.499326826774588,0.4393445573899292
968,2022-09-20,2022-10-18,0.08080661924026317,0.04352614835360027,1.8565074626820097,0.041115978597180115,1.965333721761524,0.08304522411131553,0.9730435447070178,True,False,1.5024680277563924,0.4399694299013723
969,2022-09-21,2022-10-19,0.08428466754252277,0.04357904188060029,1.934064263584534,0.04152913122099432,2.029531200496536,0.08197722338477532,1.028147381217305,True,False,1.5003590223740517,0.4437467471134173
970,2022-09-22,2022-10-20,0.08181880324764224,0.0439154263288676,1.8630993727563798,0.041086623042398775,1.9913732789187968,0.08337735698016917,0.9813072302963786,True,False,1.4891351587178232,0.4447777738956814
971,2022-09-23,2022-10-21,0.07214999460053977,0.0434677812309108,1.6598499522499777,0.03909232302770906,1.845630778948569,0.07921703068430239,0.9107889298208318,True,False,1.5054655228916416,0.44686369348643384
972,2022-09-26,2022-10-24,0.03568966303637636,0.04489180014142775,0.7950151903897628,0.04244954075381285,0.8407549858633201,0.08927763153209001,0.3997604150547838,True,False,1.4573202953613678,0.408864864885248
973,2022-09-27,2022-10-25,0.004846155156141136,0.050440476279424586,0.09607671286240321,0.06592562973256047,0.07350942532973083,0.09993076377835566,0.0484951277555509,True,False,1.2937912145399064,0.37096983253985405
974,2022-09-28,2022-10-26,0.02394197552017004,0.050596503501194726,0.47319426963178796,0.06408724904948797,0.3735840728891659,0.10143632837021753,0.23602959516424674,True,False,1.2893846194855076,0.3987991319799421
975,2022-09-29,2022-10-27,0.11375777926625952,0.06007426500185453,1.893619160596434,0.04747888311840698,2.395965780883271,0.06585027154288661,1.7275217945331016,True,False,1.0821998828731065,0.3997769135846717
976,2022-09-30,2022-10-28,0.1113088500277485,0.06037608471993519,1.8435917225185048,0.048179267957071024,2.3103059624510602,0.06915292165848232,1.6096044441543176,True,False,1.0768129879621702,0.4018559354178372
977,2022-10-03,2022-10-31,0.12351921161237832,0.06125947807079772,2.0163281748764965,0.05201418526751129,2.3747216452033895,0.06976385020229418,1.7705331809269378,True,False,1.0608774831347796,0.4083410499318399
978,2022-10-04,2022-11-01,0.12069805855089111,0.06309925975926403,1.912828439055826,0.05255647731812888,2.296540116650044,0.07427831938114385,1.6249433153105413,True,False,1.0296593827027742,0.4029202247215006
979,2022-10-05,2022-11-02,0.0890052887659784,0.0743370011083418,1.197321487804686,0.05572085538603035,1.5973424698769556,0.098679132812115,0.9019666694421038,True,False,0.8729604898533119,0.3682569468112377
980,2022-10-06,2022-11-03,0.08803121747054984,0.0783379991050243,1.123735843093596,0.07042937298160978,1.2499219252390075,0.11166359701159162,0.7883609325374988,True,False,0.8280013981139085,0.3786298731691021
981,2022-10-07,2022-11-04,0.14725043379152347,0.07194925069157432,2.0465874540201066,0.089430558262248,1.6465337648874259,0.10280736451108063,1.4322946074126113,True,False,0.9016375361189177,0.41665781367358873
982,2022-10-10,2022-11-07,0.14871276523507404,0.07308707768510832,2.0347340452685065,0.08928559595518774,1.6655851780360258,0.1033738413254589,1.4385918461409548,True,False,0.8874361190677835,0.4404609194405764
983,2022-10-11,2022-11-08,0.18433865701990113,0.07411981639627742,2.4870360718966826,0.10202681070051806,1.8067668268196206,0.10965262588160206,1.6811148436968728,True,False,0.8744432895288026,0.45341941147483655
984,2022-10-12,2022-11-09,0.18346882037425563,0.0729450015381705,2.515166447398736,0.10003792039464665,1.8339927464553094,0.10467450736933513,1.7527555178922547,True,False,0.8886117255165128,0.45356161506868764
985,2022-10-13,2022-11-10,0.19239141491205433,0.07809204219911578,2.463649425654702,0.11919527643591242,1.6140858989114153,0.12422557256972042,1.5487263285027444,True,False,0.8291550867104097,0.4871744474234396
986,2022-10-14,2022-11-11,0.1913230935682849,0.0779859189472722,2.4533030597182828,0.11921169479617114,1.6049020517274772,0.12341871215941895,1.550195186943406,True,False,0.830443497634161,0.4857577500096835
987,2022-10-17,2022-11-14,0.13266715385625288,0.07580364267389904,1.7501421986668364,0.11637909838948272,1.1399568796474036,0.12722241415009258,1.0427970160960536,True,False,0.8540635393754523,0.5052701322346065
988,2022-10-18,2022-11-15,0.12262079372962137,0.0758293948792826,1.6170614828831065,0.11670476885747177,1.050692229032857,0.12660342602907668,0.9685424603079807,True,False,0.8540635393754523,0.49983738685772644
989,2022-10-19,2022-11-16,0.13474831305226984,0.07462293607118244,1.8057224781900045,0.10923531248715931,1.2335600089770384,0.12066769215632722,1.1166892367320733,True,False,0.8677579850435346,0.4992812940009483
990,2022-10-20,2022-11-17,0.14324713759431143,0.07535606717182423,1.9009370176880964,0.11792354049428933,1.2147459022505218,0.12721245624671065,1.126046472339971,True,False,0.8593391966971222,0.5111125900450433
991,2022-10-21,2022-11-18,0.10660310712533332,0.07035807044558093,1.5151510899916796,0.1050539611900522,1.0147461925065213,0.1206399734324055,0.883646639602942,True,False,0.9215988461882633,0.5102885259826446
992,2022-10-24,2022-11-21,0.19399574126038976,0.07388553894005288,2.6256253123874274,0.09598336095774884,2.0211392821072938,0.13223167096060334,1.4670898420257292,True,False,0.8767667996413793,0.541312851845996
993,2022-10-25,2022-11-22,0.2262218090309264,0.07495394906351191,3.018143965159705,0.09314574344977963,2.428686493365056,0.1371634003413743,1.6492869706343105,True,False,0.8632735678385104,0.5364267547469875
994,2022-10-26,2022-11-23,0.2670967813690326,0.08537164702169112,3.1286356851141575,0.11929306265382157,2.2389967650015405,0.1756267997575415,1.520820180848073,True,False,0.7570142723064531,0.5328120485073596
995,2022-10-27,2022-11-24,0.23621832813208182,0.0861482617619446,2.7419976131942065,0.1114041121895401,2.1203735076689627,0.16939102552985685,1.3945150127829293,True,False,0.7508624366602158,0.5167746262177347
996,2022-10-28,2022-11-25,0.22870076240024215,0.08654289317466851,2.6426290364323513,0.11046301594676568,2.070383109134532,0.17227779976457844,1.3275115117140281,True,False,0.7472690631159647,0.5148909611255867
997,2022-10-31,2022-11-28,0.2263543399766493,0.08310284807057594,2.7237855889658027,0.09903225674394171,2.285662746855423,0.1575128706080991,1.437052979244037,True,False,0.7781486561318974,0.50677965419111
998,2022-11-01,2022-11-29,0.20572103847846826,0.08288674128589643,2.4819535101384504,0.09653257590345064,2.131104827081638,0.15456101890069274,1.3310020854006301,True,False,0.7803142981795457,0.49786990998988695
999,2022-11-02,2022-11-30,0.20768842953496927,0.08323372015688707,2.4952438644277555,0.0976968750489469,2.1258451657836113,0.15609843987280486,1.3304965104340694,True,False,0.7770406406182027,0.49788719659585784
1000,2022-11-03,2022-12-01,0.2185285647190011,0.08340081480519052,2.620220980207987,0.09552251213573956,2.287717940337114,0.16546487287905604,1.3206946037346012,True,False,0.7744301580440139,0.5506666740504393
1001,2022-11-04,2022-12-02,0.17253511750159387,0.0848283869676546,2.0339313721405805,0.07837798998834825,2.201321028100403,0.16312371797238318,1.0576948566780708,True,False,0.7612765226331966,0.5155133808418184
1002,2022-11-07,2022-12-05,0.10526693353339638,0.0947575391482487,1.1109082662932568,0.0912797510178543,1.1532342316841573,0.18743970820458408,0.5616042328581791,True,False,0.6825598406909714,0.5228329702360196
1003,2022-11-08,2022-12-06,0.09927240003645241,0.09467291921861508,1.0485828561725912,0.0948296008415056,1.0468503416182497,0.178760751642988,0.5553366671601061,True,False,0.6838056352545504,0.5202253277037916
1004,2022-11-09,2022-12-07,0.07442798540011496,0.10118255366913645,0.7355812113963043,0.1025552391223197,0.7257355746725255,0.19735061537623258,0.3771358161626412,True,False,0.639788450198428,0.5122346402299477
1005,2022-11-10,2022-12-08,0.05060365195719852,0.09978104254361711,0.5071469556461914,0.10820494897037176,0.4676648567253112,0.19148180368062906,0.2642739465813678,True,False,0.6486831542821121,0.5054408312380406
1006,2022-11-11,2022-12-09,0.0017467995632664548,0.09809347869667433,0.017807499402360136,0.12257463841133513,0.014250905292533329,0.17107107899948248,0.010210957769616565,True,False,0.6603812851904743,0.4633980104975812
1007,2022-11-14,2022-12-12,0.02472187085925803,0.09482070320284265,0.2607222897975396,0.10835658604025018,0.22815291402845447,0.15734035771747348,0.1571235201056908,True,False,0.683345630873416,0.47028767119507126
1008,2022-11-15,2022-12-13,0.1223706920981694,0.06616765068079493,1.849403610965552,0.03799454530793612,3.220743691137401,0.05232350268522317,2.3387328030072507,True,False,0.9814049444428978,0.4455421326077266
1009,2022-11-16,2022-12-14,0.08590475533315278,0.06214540724457278,1.3823186481838516,0.041009146015275104,2.094770647044319,0.061187788856856384,1.4039526012963082,True,False,1.0461717590268953,0.441759096685873
1010,2022-11-17,2022-12-15,0.09801038681114846,0.0627659332207366,1.5615220196991797,0.03893123458514635,2.5175257824611323,0.0610845075904963,1.6045048192611966,True,False,1.0355558695609455,0.46101333665739386
1011,2022-11-18,2022-12-16,0.06958723442990915,0.06144482826941346,1.1325157281715261,0.031172469061574757,2.2323298899568713,0.06457391657462346,1.0776368868611548,True,False,1.058419426582341,0.4417303362956807
1012,2022-11-21,2022-12-19,0.0764410970865743,0.06341269776070514,1.2054541091286366,0.03630105280882736,2.1057542735506023,0.06452473937006453,1.1846788973166813,True,False,1.0250877234946196,0.441729122898257
1013,2022-11-22,2022-12-20,-0.00810967444923311,0.05748633023602278,-0.1410713541103956,0.057084084045241554,-0.14206542129686883,0.10213413408977816,-0.079402195177026,True,False,1.1322504342226711,0.41159870584984126
1014,2022-11-23,2022-12-21,-0.01237666601579369,0.05752787746439149,-0.21514205914262313,0.06245251547466556,-0.1981772218737034,0.10963607200993779,-0.11288863043790759,True,False,1.1316504015647717,0.40924563500038014
1015,2022-11-24,2022-12-22,-0.014310599435672106,0.05700763671448794,-0.2510295157005729,0.06395023840033041,-0.22377710847749033,0.11191142526562999,-0.1278743381357609,True,False,1.1422247613326142,0.4030393720265111
1016,2022-11-25,2022-12-23,-0.01900166353437426,0.057251978840932534,-0.33189531469589906,0.06587063908088948,-0.28846939698034685,0.11345596059502185,-0.1674805222636139,True,False,1.137192310106956,0.40427948997396024
1017,2022-11-28,2022-12-26,-0.01754203311426419,0.05669810212059711,-0.3093936561924456,0.0666019480474213,-0.2633861865688084,0.11354337919941664,-0.15449631002662917,True,False,1.1485682764876506,0.39970695839379455
1018,2022-11-29,2022-12-27,-0.024136745769296364,0.057869637100457956,-0.4170882517786751,0.06899956414921597,-0.34981011933784256,0.11839022753652059,-0.2038744774086252,True,False,1.1248667979529832,0.39577776581716
1019,2022-11-30,2022-12-28,-0.019758104599707057,0.05789136674238072,-0.34129621930730264,0.0684033936633914,-0.2888468472329807,0.1188659915131346,-0.16622167827981146,True,False,1.124489352601737,0.3997337012254025
1020,2022-12-01,2022-12-29,-0.023760423919252933,0.05770454076894956,-0.41176003833719554,0.06694483418657901,-0.3549254278983095,0.11837933550271192,-0.20071428698557456,True,False,1.1280908903960958,0.4025752118501167
1021,2022-12-02,2022-12-30,-0.03215604495247279,0.05726420782899818,-0.5615382831889836,0.07782125594619967,-0.4132038806300337,0.13447971354296828,-0.23911446645220918,True,False,1.1370899959126899,0.30476234381105255
1022,2022-12-05,2023-01-02,-0.032943515359477094,0.0566325715873864,-0.5817061531215104,0.07506588227445708,-0.4388613623300727,0.13244058262640623,-0.2487418486552985,True,False,1.149945445140771,0.3047431079738122
1023,2022-12-06,2023-01-03,-0.013594277247421701,0.05672193708956724,-0.23966525025327584,0.06774578503775164,-0.20066602283590382,0.1221377433364832,-0.11130283625734076,True,False,1.1481803649078899,0.3076747645672818
1024,2022-12-07,2023-01-04,-0.001140581897838544,0.056412222342175855,-0.02021870173665899,0.059795201653652576,-0.01907480644425374,0.10287998135154598,-0.011086529010353523,True,False,1.154385835740346,0.31366695710255754
1025,2022-12-08,2023-01-05,0.004731106105241559,0.056309388323592155,0.08401984546614849,0.06500562597016007,0.07277994842189978,0.10739031709800308,0.044055239178817304,True,False,1.1567206152595726,0.3336607883461527
1026,2022-12-09,2023-01-06,0.012854577869668279,0.05704893846790333,0.2253254524078564,0.06409968883876278,0.20054040982949006,0.1017980105578776,0.12627533484418899,True,False,1.1413076636675497,0.3743634797100547
1027,2022-12-12,2023-01-09,0.008630644320518415,0.05761766689810545,0.14979163137204715,0.05833025541607039,0.14796170973289813,0.09934878913098495,0.08687216418047601,True,False,1.1293927995320747,0.4057824241190023
1028,2022-12-13,2023-01-10,-0.007001504801381081,0.057447907957541254,-0.12187571402174942,0.05464603905702494,-0.12812465317156438,0.10497681348647728,-0.06669572612130191,True,False,1.1327455920171674,0.39868765029756387
1029,2022-12-14,2023-01-11,-0.09237653913772437,0.08058485378902182,-1.1463263230528928,0.07629608647282633,-1.210763794164269,0.0909640061889693,-1.0155284821759132,True,False,0.8044708656845357,0.36936196183974485
1030,2022-12-15,2023-01-12,-0.14372104491434767,0.09448281057593377,-1.5211343104452022,0.11086828985720697,-1.2963223758520446,0.1316993031398159,-1.091281741724701,True,False,0.6848134960902362,0.3881545945710862
1031,2022-12-16,2023-01-13,-0.13310422949757733,0.09360593671275544,-1.4219635438938945,0.1010404193330018,-1.3173364716441043,0.12174033174299317,-1.0933453818622292,True,False,0.6908115765772708,0.35480211741367507
1032,2022-12-19,2023-01-16,-0.15184947905523294,0.09641526735848022,-1.5749526316267275,0.10768312001771875,-1.4101511827503403,0.12153981319613796,-1.2493805532692566,True,False,0.6704968304993917,0.35280759200286205
1033,2022-12-20,2023-01-17,-0.16739057974908317,0.0858815856059803,-1.949085808884123,0.09055977085609035,-1.8483988880127094,0.09137776825384787,-1.8318523525773944,True,False,0.7532331887809203,0.3548061170923207
1034,2022-12-21,2023-01-18,-0.13770978702798017,0.09313143507476372,-1.4786606360938173,0.11417208269391241,-1.2061598928450026,0.120457636688742,-1.1432217235327062,True,False,0.6949097505066122,0.35213785090566385
1035,2022-12-22,2023-01-19,-0.10277620119438886,0.09310660683812005,-1.1038550827341487,0.1170701470439433,-0.877902725754764,0.13044848417500327,-0.7878681139484103,True,False,0.6953922513896212,0.37018965702942513
1036,2022-12-23,2023-01-20,-0.10079887307443593,0.09301602773546211,-1.0836720888695468,0.12082094256548812,-0.8342831212378624,0.1345456238814669,-0.7491798704894225,True,False,0.6960430970252762,0.37061062160728353
1037,2022-12-26,2023-01-23,-0.09642485717776951,0.09389204429670324,-1.0269757986423478,0.12501663142699793,-0.771296235365898,0.1409244013680399,-0.6842310929953512,True,False,0.6895753990784703,0.37008525866473996
1038,2022-12-27,2023-01-24,-0.10834974107378502,0.09409519768776829,-1.151490657720035,0.12607497132571754,-0.8594072236103152,0.14522324860260494,-0.7460908781229502,True,False,0.6880750401668585,0.3695839532802022
1039,2022-12-28,2023-01-25,-0.1109781228925966,0.09466225230690774,-1.1723587828101811,0.1252079427165349,-0.8863505020911177,0.14377348273338733,-0.771895629031911,True,False,0.6839313159440173,0.3692645080574892
1040,2022-12-29,2023-01-26,-0.11175047610861301,0.09450963665136586,-1.1824241428506008,0.12419830753732379,-0.8997745486590468,0.14129836052634584,-0.7908830342569795,True,False,0.6849542946329383,0.3638911354792047
1041,2022-12-30,2023-01-27,-0.10677299994146723,0.09474572424016792,-1.1269426752262905,0.1285780294977061,-0.8304140323084677,0.14845801722500362,-0.7192134310917113,True,False,0.6833839763984272,0.36186897786608324
1042,2023-01-02,2023-01-30,-0.09767050165894457,0.09559909513240483,-1.0216676373732496,0.13572986067539028,-0.7195947978796798,0.15733514434533694,-0.6207799412225811,True,False,0.6773696416925103,0.36180967903082456
1043,2023-01-03,2023-01-31,-0.08255005431845189,0.08722967541035798,-0.9463528773907324,0.11346039502260027,-0.7275671330247764,0.12748137270055168,-0.6475460106031212,True,False,0.7427740671613622,0.3631317756000594
1044,2023-01-04,2023-02-01,-0.09242153081468656,0.08382682634880667,-1.1025292837655214,0.10053942179112861,-0.9192566375276453,0.11680793858135441,-0.7912264520473221,True,False,0.772694432227411,0.33395254380710193
1045,2023-01-05,2023-02-02,-0.10365832216574032,0.08398386104753662,-1.234264784600312,0.09739788000172209,-1.0642769859457675,0.11497539296428214,-0.9015696271457185,True,False,0.771320433541546,0.32539668472570327
1046,2023-01-06,2023-02-03,-0.11343480238278007,0.08458229473537254,-1.3411175794848864,0.10500280423992822,-1.0803025995723408,0.11706590887465222,-0.9689823747427602,True,False,0.76603243258373,0.3839925811672269
1047,2023-01-09,2023-02-06,-0.03169710793429341,0.07752860061247302,-0.4088440612095079,0.1407695153489962,-0.2251702568962452,0.148982828596917,-0.2127567870257857,True,False,0.8370549218191256,0.399894961885883
1048,2023-01-10,2023-02-07,-0.014224038448364992,0.07761618477568635,-0.1832612423487832,0.1280032196288173,-0.11112250527456843,0.1483615195680426,-0.09587417606518557,True,False,0.8361528525147794,0.3627938171855694
1049,2023-01-11,2023-02-08,-0.003448622682039572,0.07447366638686254,-0.04630660539962248,0.1186628244352156,-0.02906236808750798,0.13791747862132156,-0.025004971933313948,True,False,0.8717481467741302,0.36438126653662456
1050,2023-01-12,2023-02-09,-0.008985733744866277,0.07403501518154333,-0.12137140409618487,0.11412238532267287,-0.0787376965479626,0.13285890251423388,-0.06763365927927628,True,False,0.8769532750670758,0.3652739456619086
1051,2023-01-13,2023-02-10,0.08256348734687942,0.07857549848692416,1.0507535928724512,0.06414871945853083,1.287063686442765,0.09729811919469214,0.8485620074697545,True,False,0.8255787366958774,0.33836535295018005
1052,2023-01-16,2023-02-13,0.07196200435606677,0.07784927164962918,0.9243760774017408,0.06429900385278671,1.119177592872583,0.09421292991336282,0.7638230168857103,True,False,0.8333917375551368,0.3359263922704046
1053,2023-01-17,2023-02-14,0.0588614198142202,0.07321376507701874,0.8039665731205015,0.06641267682179382,0.8862979574240619,0.08840575639448535,0.6658098093925919,True,False,0.8866373295041811,0.3363442577958924
1054,2023-01-18,2023-02-15,0.08653693911384273,0.07654930820933444,1.1304731700147541,0.06000611691516461,1.442135294909798,0.08907955988949841,0.9714567429519213,True,False,0.8474821505318811,0.3482378225247314
1055,2023-01-19,2023-02-16,0.09807960342468049,0.08200326054694548,1.1960451666251926,0.0666703446732537,1.471112889926716,0.09990876015970666,0.9816917282117982,True,False,0.7906639303778662,0.34637339425641095
1056,2023-01-20,2023-02-17,0.08507931155975632,0.08224829708869506,1.0344203414692992,0.06772882767515141,1.2561757597196757,0.10169057573024237,0.836648931809067,True,False,0.7884442948905468,0.33454849485988936
1057,2023-01-23,2023-02-20,0.07812309488922987,0.08278065987488357,0.9437360732241897,0.06824668193027662,1.1447163829743894,0.10163482723696302,0.7686646104792877,True,False,0.7833361385819082,0.329518777434566
1058,2023-01-24,2023-02-21,0.08017119582353309,0.08274725450537083,0.9688683485967435,0.06781035594326752,1.1822854298332701,0.10147491327825911,0.7900592691682514,True,False,0.7835796296413128,0.3256448381701616
1059,2023-01-25,2023-02-22,0.07857223837410571,0.0839999531024671,0.9353843123966936,0.06832982278627639,1.1498967093748478,0.10308264996391331,0.7622256354644735,True,False,0.7717768940823901,0.32578860769912704
1060,2023-01-26,2023-02-23,0.07820825523710823,0.08395566887658672,0.9315422803917257,0.06784724798044275,1.1527107961645264,0.10282779335190988,0.7605750613499441,True,False,0.7720701904952468,0.3245097973155087
1061,2023-01-27,2023-02-24,0.08017716818466417,0.08402493182382269,0.9542068817475957,0.06699805723233841,1.1967088524167608,0.10291736969746036,0.7790440857588556,True,False,0.7712633569790706,0.3312796255654914
1062,2023-01-30,2023-02-27,0.08020474551220694,0.08419529857862698,0.952603611676804,0.06792680550155354,1.1807525014608937,0.10307870453391382,0.7780922924367841,True,False,0.7697261369022187,0.3332070124482381
1063,2023-01-31,2023-02-28,0.08053168463988128,0.0807202921914281,0.9976634431513264,0.06483031536374861,1.2421917769184947,0.09855318406640898,0.8171393486953794,True,False,0.8030194089576947,0.3337416738776466
1064,2023-02-01,2023-03-01,0.1158331293373483,0.09000616878152416,1.2869465605020365,0.09576711569661682,1.2095292678992142,0.11276459337772379,1.0272118744697276,True,False,0.7197296722652465,0.3648474342905742
1065,2023-02-02,2023-03-02,0.10531747628322304,0.09456833165128056,1.113665372374124,0.08892595776582382,1.1843277140805655,0.11664157209548481,0.9029154390769727,True,False,0.6846665450014784,0.3622390197398989
1066,2023-02-03,2023-03-03,0.10573536683560043,0.09515603157627597,1.1111788195038819,0.08221542006592061,1.2860770735078826,0.11864184570699698,0.8912147834983034,True,False,0.680446613926399,0.3649905163043823
1067,2023-02-06,2023-03-06,0.08741821817175922,0.09488249932172028,0.921331318174369,0.08461704274432276,1.0331041517948156,0.13627505708638812,0.6414836290719192,True,False,0.6828684325383501,0.31014844652355716
1068,2023-02-07,2023-03-07,-0.010047294292181364,0.11045805036284588,-0.09096027187857113,0.041848750001195846,-0.2400858876763167,0.06685974310596082,-0.15027419827590702,True,False,0.5862806249956374,0.30346098010649875
1069,2023-02-08,2023-03-08,-0.017689069373051206,0.10372053931012327,-0.1705454820299486,0.026581967219204965,-0.665453735127293,0.05911614820046615,-0.29922567541218326,True,False,0.6245091555383488,0.3003309125260575
1070,2023-02-09,2023-03-09,-0.042289220196335006,0.11590206295724488,-0.3648702975367667,0.0345340920617966,-1.224564413642643,0.05585181214070387,-0.7571682739639405,True,False,0.5586121205980209,0.29661222486080996
1071,2023-02-10,2023-03-10,-0.08021149567868524,0.10503099565350282,-0.7636935666429642,0.056807124332224124,-1.4119971151784718,0.06972730373980021,-1.1503599218178384,True,False,0.6166196406973705,0.29764025194706734
1072,2023-02-13,2023-03-13,-0.1622268240985587,0.07262691803919358,-2.2337010639913424,0.05265529657385874,-3.080921287206231,0.08185109168760017,-1.98197508125765,True,False,0.8929536462001597,0.3059310683013814
1073,2023-02-14,2023-03-14,-0.1550498049763478,0.06395209141368978,-2.4244680908614877,0.044897758258861956,-3.4533974743771076,0.06387695962772748,-2.4273197390729337,True,False,1.0151157909825939,0.30400227134360747
1074,2023-02-15,2023-03-15,-0.04143856587974909,0.04855126636628465,-0.8535012365511682,0.05202801739035487,-0.7964663648211802,0.1408781154638719,-0.29414480555268346,True,False,1.3447784381088574,0.3560287647262286
1075,2023-02-16,2023-03-16,-0.02974159415294341,0.04519125019834838,-0.6581272707084874,0.049742531214260206,-0.5979107501553335,0.11467906715520026,-0.2593463209174242,True,False,1.4474324794251097,0.35650498658790125
1076,2023-02-17,2023-03-17,-0.027375756033213468,0.044597797560653116,-0.6138365015891731,0.04923982497789957,-0.5559677770077492,0.11066127689412207,-0.24738333770905158,True,False,1.4672186293990155,0.35857225076869914
1077,2023-02-20,2023-03-20,-0.03855913960467621,0.044261278723640496,-0.8711709357841326,0.04547299814340154,-0.8479568354626166,0.11617283168039623,-0.33191185104927534,True,False,1.4785762580573256,0.37445448483409033
1078,2023-02-21,2023-03-21,-0.03738274744812073,0.0439956200037963,-0.8496924794989829,0.04492142312454208,-0.832180835956136,0.11482069785385303,-0.3255749890642759,True,False,1.4877492954045166,0.3752993874312288
1079,2023-02-22,2023-03-22,-0.03304957112006337,0.04339327306842127,-0.7616289065807907,0.04324069468921385,-0.764316377375579,0.11110038528719522,-0.2974748560468986,True,False,1.508991310705186,0.3787279088956596
1080,2023-02-23,2023-03-23,-0.02819836598231909,0.04340661535128828,-0.6496329131887079,0.0410493883554744,-0.6869375430915164,0.11376220273655502,-0.2478711320984132,True,False,1.5082604047856878,0.40710310655021
1081,2023-02-24,2023-03-24,-0.013379073139551879,0.04282109868653548,-0.3124411458353998,0.041957620456489736,-0.31887111313726774,0.09765172628368689,-0.1370080555533088,True,False,1.5297041036222299,0.42649037217534475
1082,2023-02-27,2023-03-27,-0.011337993248423498,0.04244725632976652,-0.2671077998620285,0.04046810148528034,-0.28017111829541896,0.0984979363626728,-0.11510894204602029,True,False,1.5432875753005295,0.41642892430020845
1083,2023-02-28,2023-03-28,-0.006629434668376078,0.0422433550497834,-0.15693437844989705,0.04135387084210345,-0.16030989441565113,0.09751898327335252,-0.0679809658166073,True,False,1.5507715741015513,0.4251030593553941
1084,2023-03-01,2023-03-29,-0.0030701178502582803,0.04292126102410325,-0.07152906920731424,0.0427272959644585,-0.07185378294971138,0.09868808700154029,-0.031109305525502413,True,False,1.5255584839057348,0.42541941093277635
1085,2023-03-02,2023-03-30,-0.002841785440693326,0.04290522650361056,-0.06623401557976122,0.043836306307848294,-0.06482721013801619,0.09704373785566346,-0.029283552998752096,True,False,1.5263937274511803,0.41177692721650394
1086,2023-03-03,2023-03-31,-0.003144888592900355,0.04277993163701436,-0.07351317481254019,0.04220425090196958,-0.074515920213942,0.0995148489087781,-0.03160220436834676,True,False,1.530678153515756,0.3982054988440372
1087,2023-03-06,2023-04-03,-0.009431605605564383,0.04228788991661793,-0.22303325193480586,0.04170055591226768,-0.22617457727439422,0.09842190502311499,-0.09582831792728776,True,False,1.5492392381919384,0.3949163096723429
1088,2023-03-07,2023-04-04,-0.008561462705441785,0.04209672865574347,-0.2033759624282278,0.0415550136758301,-0.20602719017805166,0.09752552581466561,-0.08778689101058235,True,False,1.5566003557489132,0.39332532981137874
1089,2023-03-08,2023-04-05,-0.0068060225851490075,0.04181014207089211,-0.16278401000429285,0.03938491866412331,-0.17280783650186335,0.09710582229451739,-0.07008871789898098,True,False,1.5669545846870432,0.3437655251425629
1090,2023-03-09,2023-04-06,-0.008686865222852095,0.04195005734261478,-0.20707636110970415,0.040027122635551055,-0.21702447367867123,0.10144851737451913,-0.08562831126237808,True,False,1.561744440439321,0.34400456186748507
1091,2023-03-10,2023-04-07,-0.010613326879894728,0.04188612111818247,-0.2533852884097104,0.04036332395821088,-0.26294481819393667,0.10292823178706861,-0.10311385608810325,True,False,1.564298078491291,0.344655425496225
1092,2023-03-13,2023-04-10,-0.0030513000576065314,0.042556554279801165,-0.07169988522907235,0.039882025636954664,-0.0765081514510436,0.10323923131042105,-0.02955562550085096,True,False,1.5394318477167008,0.3576313084878931
1093,2023-03-14,2023-04-11,0.04809134223233104,0.04755460654797666,1.0112867232707072,0.028367124135104494,1.6953196243399837,0.08443619988065855,0.5695583446472361,True,False,1.3736205657222698,0.35577161140747726
1094,2023-03-15,2023-04-12,0.08045133238664895,0.04915545559971551,1.636671482445065,0.030874469714564687,2.6057559248927578,0.054425409784111,1.4781943343334454,True,False,1.327110413508509,0.36331613793093837
1095,2023-03-16,2023-04-13,0.04064505713088517,0.08065532762534051,0.5039351810668883,0.08853633085784908,0.45907772252436674,0.12101506757192138,0.33586773900472433,True,False,0.8038021910314458,0.29787254847584166
1096,2023-03-17,2023-04-14,-0.018047969186468338,0.0869912850273512,-0.20746870425921193,0.10120045361212517,-0.17833881709306834,0.16748609716011273,-0.1077580139037744,True,False,0.7451747725848711,0.31724529114477407
1097,2023-03-20,2023-04-17,-0.005113232239742049,0.0887216626568397,-0.05763228603502576,0.09779907973741656,-0.05228303020305208,0.1677972912435724,-0.030472674510101275,True,False,0.7306694440189174,0.33319336565371166
1098,2023-03-21,2023-04-18,0.07523815811497002,0.09777160641817911,0.7695297323148068,0.08383216799907872,0.897485534619561,0.16161094881742383,0.46555111931165355,True,False,0.6626629162521933,0.3230302841448958
1099,2023-03-22,2023-04-19,0.08449299242900482,0.09651725161970799,0.8754185496487146,0.08067593376414796,1.0473134736316265,0.15315742692311987,0.551674144221668,True,False,0.6713092322976216,0.32723741212081886
1100,2023-03-23,2023-04-20,0.07889538026774763,0.098924503399054,0.7975312238818082,0.08877531639086739,0.8887085225399868,0.16641463769993678,0.4740891868538894,True,False,0.6549113500964021,0.3257890284697831
1101,2023-03-24,2023-04-21,0.10186263033061597,0.09844043885518679,1.0347640818674477,0.0885312615079633,1.1505837440422504,0.15031622726320118,0.6776555810721369,True,False,0.6580965218260172,0.2916480373675204
1102,2023-03-27,2023-04-24,0.026806607218742465,0.11954059705707298,0.22424689083612345,0.07993471026108837,0.33535628178528254,0.17350824642557294,0.15449759749742653,True,False,0.5416531820778474,0.2571930837318634
1103,2023-03-28,2023-04-25,0.058198803696278036,0.11247859924066675,0.5174211280116672,0.08437159972978221,0.689791397610949,0.1686349038254874,0.34511718734399927,True,False,0.5757524260040231,0.26924286632516664
1104,2023-03-29,2023-04-26,-0.0371617250439514,0.0976511731638261,-0.3805558483317596,0.06813323345915293,-0.5454272923393619,0.1408360222979098,-0.26386519895700666,True,False,0.6636049626440034,0.2563757248600837
1105,2023-03-30,2023-04-27,-0.03713659144097117,0.09784721597578652,-0.37953651588984477,0.06877829849771927,-0.5399463530230054,0.14136908782142057,-0.2626924458045781,True,False,0.6622641982587487,0.25735989850847757
1106,2023-03-31,2023-04-28,-0.02275917566488176,0.08962128256507416,-0.2539483369740473,0.05692040113538078,-0.3998421516874208,0.1170218067718262,-0.1944866199960364,True,False,0.7233902984866528,0.25350139850523357
1107,2023-04-03,2023-05-01,-0.015715267863100783,0.08828390200880754,-0.1780083062202322,0.05576402296518356,-0.28181732643128454,0.11514527193801558,-0.13648209430223543,True,False,0.7343997133335415,0.25672403830094515
1108,2023-04-04,2023-05-02,-0.008482222471765742,0.08978466687829281,-0.09447295141456369,0.059316615862157224,-0.1429990964332344,0.12249487871676186,-0.06924552732836053,True,False,0.722050223725861,0.2582612211353102
1109,2023-04-05,2023-05-03,-0.049689126190542464,0.08763372040579016,-0.567009205594099,0.06087319175872015,-0.816272726219,0.11568374629551177,-0.4295255624209524,True,False,0.7398684884346699,0.27211902643813257
1110,2023-04-06,2023-05-04,-0.060854111759894684,0.09200768081795696,-0.661402517908243,0.06401856385396523,-0.9505697737723533,0.12617939903463396,-0.48228246627796456,True,False,0.7044776420007896,0.2707892112880288
1111,2023-04-07,2023-05-05,-0.043406658329106444,0.09179000819448709,-0.47289088630578696,0.06030879960945223,-0.7197400480559938,0.12879460008206786,-0.33702234644501977,True,False,0.7061984742176002,0.28467139454277834
1112,2023-04-10,2023-05-08,-0.04161042194066529,0.09202764716114817,-0.4521513178295424,0.06166901650518242,-0.6747378878203533,0.13014557571272686,-0.31972213971001884,True,False,0.7043660441744545,0.2844414836915829
1113,2023-04-11,2023-05-09,-0.06687643766860239,0.09189099556628859,-0.7277800970211371,0.05390428867233527,-1.2406515198655181,0.12298559822473688,-0.5437745446129082,True,False,0.7053564151235976,0.2752453491431847
1114,2023-04-12,2023-05-10,-0.0765389187578147,0.09329650451010654,-0.8203835627038252,0.05284114757682552,-1.4484719251514189,0.12629271500169567,-0.6060438146158078,True,False,0.6946427232481647,0.27443279181107033
1115,2023-04-13,2023-05-11,-0.08442235169215337,0.09465386200823149,-0.8919060448353565,0.06549389001723865,-1.2890111072946278,0.12886194492629124,-0.6551379597789151,True,False,0.6846114302110436,0.2723969497426944
1116,2023-04-14,2023-05-12,-0.11683115727670831,0.09500369492483926,-1.2297538255658111,0.06967205894559171,-1.6768724657318377,0.12338758879123561,-0.9468631198748816,True,False,0.6818500105910835,0.251633120191355
1117,2023-04-17,2023-05-15,-0.033688391414029864,0.1060445924967322,-0.31768136989227413,0.0591969041760413,-0.5690904259764403,0.11900453763072788,-0.28308493175752036,True,False,0.6108454208687184,0.24202020177225106
1118,2023-04-18,2023-05-16,-0.037910594869357515,0.10278597785167394,-0.368830415020857,0.05465786228385772,-0.6935981995138104,0.11099472349538414,-0.3415531268108801,True,False,0.6303028781186091,0.22899061980655103
1119,2023-04-19,2023-05-17,-0.028097523148814724,0.10237110791930816,-0.27446731524056567,0.05913732043199817,-0.4751233729151456,0.113007558499118,-0.2486340163612509,True,False,0.6328520075765832,0.2398709293894557
1120,2023-04-20,2023-05-18,-0.016260379520901362,0.10195448441782662,-0.15948665341941795,0.06661095829375853,-0.24410967710736217,0.11559588410571726,-0.14066573084929707,True,False,0.6354305001088542,0.25224351364898473
1121,2023-04-21,2023-05-19,-0.013111866681276797,0.10187085025753112,-0.12871068267448235,0.06869441048341686,-0.19087239542498236,0.11529791873786459,-0.11372162502852512,True,False,0.6359696664481479,0.2572410945810027
1122,2023-04-24,2023-05-22,-0.009152150734441134,0.1016556981593024,-0.09003086792143222,0.07138451884776742,-0.12820918151677604,0.11551170164246448,-0.07923137313628333,True,False,0.6373114750886604,0.26074426887913366
1123,2023-04-25,2023-05-23,-0.012468027906702412,0.10289966014324323,-0.12116685214845298,0.07278684007291411,-0.1712950843066217,0.11777362091967442,-0.10586435068686585,True,False,0.6295341285296464,0.2615088272437063
1124,2023-04-26,2023-05-24,-0.029706184836530255,0.10424327202299985,-0.28496980438196523,0.08079871366401058,-0.36765665552621296,0.11687947823764737,-0.2541608269000791,True,False,0.6214048419370893,0.25334874777798444
1125,2023-04-27,2023-05-25,0.06614697987463482,0.11614843203126211,0.5695038556941597,0.07922293151652955,0.8349473897066472,0.10122714627298504,0.6534509991643197,True,False,0.5573196875226595,0.2515139440343477
1126,2023-04-28,2023-05-26,0.06497047111633915,0.11631022773190186,0.5585963709580021,0.07766388386064627,0.8365596450586589,0.10147993288403014,0.6402297406974687,True,False,0.5566045571519982,0.25653164496134195
1127,2023-05-01,2023-05-29,0.08546177241392865,0.14802415623241588,0.577350174384668,0.10173411529882133,0.8400502836526735,0.1614417652608314,0.5293659436630502,True,False,0.43705200161011004,0.2518813683444574
1128,2023-05-02,2023-05-30,0.06187484358752793,0.14674989463097193,0.4216346713101427,0.10067011087127954,0.6146297352015768,0.15847595974281548,0.3904367809978386,True,False,0.4409081611944039,0.25137992356427685
1129,2023-05-03,2023-05-31,0.08126284880912589,0.14564360476801763,0.5579568628403702,0.10038758165677002,0.8094910492710891,0.15764259327127544,0.5154878965311531,True,False,0.4442238766781059,0.2589234064135661
1130,2023-05-04,2023-06-01,0.23508801460667983,0.15256441374812693,1.5409098939336767,0.09183679233915781,2.5598456633642885,0.13280516281331126,1.77017225555569,True,False,0.42383691582053745,0.2987773353975085
1131,2023-05-05,2023-06-02,0.11848673075865439,0.11712720971630121,1.0116072178757278,0.07658750521225652,1.547076516336148,0.14964088272852033,0.7918072160374378,True,False,0.5526168662391654,0.2983687711327864
1132,2023-05-08,2023-06-05,0.08267793200542069,0.11861006992599708,0.6970565994692096,0.06566191558687474,1.259145903168675,0.12950159716829374,0.6384317553858168,True,False,0.5456941023919973,0.2801268846691006
1133,2023-05-09,2023-06-06,0.08294998443657128,0.11880883902420272,0.6981802458289608,0.06590175772162851,1.2586915327350618,0.13300017148956686,0.6236832893337905,True,False,0.5447905869742954,0.2806250084824749
1134,2023-05-10,2023-06-07,0.1115805659267156,0.12125018118530397,0.9202507149757533,0.07663226886266485,1.4560519684818771,0.17817170841427105,0.6262529944837096,True,False,0.5337996835160819,0.2801432836700599
1135,2023-05-11,2023-06-08,0.12178544984861196,0.11889747563475597,1.0242896175754617,0.0748018275684664,1.628107946121253,0.16892639458157468,0.7209379573291116,True,False,0.5443690750659612,0.2820126763675082
1136,2023-05-12,2023-06-09,0.10251915407812974,0.1272091656889785,0.8059101207281331,0.08769741433585897,1.1690099970964622,0.18092964290368632,0.5666244205915082,True,False,0.5087887532015367,0.2731038450888403
1137,2023-05-15,2023-06-12,0.12045979167502766,0.12797432929798572,0.9412808985663007,0.09653924441770709,1.2477805518533052,0.21107396417413576,0.5706994329989864,True,False,0.5057202411437776,0.26873544555320755
1138,2023-05-16,2023-06-13,0.11670755208372087,0.13045592859408547,0.8946128653674087,0.0999333157475591,1.1678542957439244,0.24169696995122777,0.4828672535997095,True,False,0.49609887069104375,0.27905434143184904
1139,2023-05-17,2023-06-14,0.11817389686110526,0.13562671036526186,0.8713172836150511,0.1205178952249741,0.9805506198105001,0.3442402007387761,0.343289065621887,True,False,0.47714409359532695,0.289223091852414
1140,2023-05-18,2023-06-15,0.08687978532784177,0.1367508757115584,0.6353142886711223,0.11171343721857963,0.7777021949280095,0.32778892915099334,0.2650479549534185,True,False,0.4732221799841763,0.2779582957704246
1141,2023-05-19,2023-06-16,0.05171855835642116,0.1379312812167219,0.37495887734965183,0.09812262414883217,0.5270808725821944,0.2796136268811575,0.18496437006055785,True,False,0.46913792292648354,0.2588853951820412
1142,2023-05-22,2023-06-19,0.04113294789623335,0.13132259216560077,0.3132206516633769,0.07859266407759931,0.5233687950267253,0.2224806734801899,0.18488324065548958,True,False,0.49284292038317784,0.2553152230190544
1143,2023-05-23,2023-06-20,0.05994241075317182,0.13030557888353117,0.46001415493306796,0.07691859672680082,0.7792967280211188,0.23691806438220775,0.25300903461911545,True,False,0.4967069853043512,0.26882130143516403
1144,2023-05-24,2023-06-21,0.05618096798014376,0.13040267023261654,0.43082682187355764,0.08109805784868908,0.6927535562561182,0.24157925408637296,0.23255708853235021,True,False,0.49628898655174336,0.2644528410670811
1145,2023-05-25,2023-06-22,0.04584372497470709,0.13377829031260147,0.3426843388982133,0.07931305102466445,0.5780098531381777,0.248624740225685,0.18438923227468515,True,False,0.4837305777255791,0.26162057213779466
1146,2023-05-26,2023-06-23,0.055072648229218646,0.1320402275100722,0.4170899222740103,0.08915633755873012,0.617708732067875,0.24979545522425223,0.22047097766361498,True,False,0.49011096710743784,0.2638373244383446
1147,2023-05-29,2023-06-26,0.047576506585706814,0.12826901782264793,0.3709119114912754,0.07566693660134258,0.6287621611585456,0.22026331068868604,0.21599832689771065,True,False,0.5045769423670143,0.2626824125204366
1148,2023-05-30,2023-06-27,0.05102678463122208,0.1288834870382588,0.39591406008494234,0.07974797674905822,0.6398505230018225,0.24197345032078993,0.2108776172078989,True,False,0.502128091353039,0.26299421154191444
1149,2023-05-31,2023-06-28,0.09554033029224265,0.12674543155183746,0.7537970333326589,0.09391895367509,1.017263571981027,0.2686848447408842,0.35558511081777006,True,False,0.5106394834916798,0.280079936132772
1150,2023-06-01,2023-06-29,0.08039542622331658,0.12494382142349578,0.6434525957935697,0.10419412252064039,0.7715927182686394,0.24547185600963353,0.32751382390721595,True,False,0.5180147285730863,0.2700435665741147
1151,2023-06-02,2023-06-30,0.056366666630018936,0.12385131235184407,0.45511561855629923,0.09763162565587111,0.5773402445299681,0.18682857900921518,0.30170259244565945,True,False,0.5227040163018452,0.21807894650939835
1152,2023-06-05,2023-07-03,0.20149345194677004,0.17452257852045072,1.1545408832196393,0.06981892824389525,2.8859430675146176,0.1019842105079305,1.9757318406764692,True,False,0.37052665181628325,0.2191088135173927
1153,2023-06-06,2023-07-04,0.04150093784257525,0.12602551366941017,0.3293058416047437,0.09534162860065044,0.43528664709941944,0.17439565650754776,0.2379700198598645,True,False,0.5136622865598692,0.21910941303745102
1154,2023-06-07,2023-07-05,0.044032583885349495,0.12603642823407046,0.3493639458234544,0.09288613184857943,0.4740490642578407,0.17552558533734522,0.2508613419560608,True,False,0.5136255551465364,0.22141551705504628
1155,2023-06-08,2023-07-06,0.08314258711688056,0.11752283397059507,0.7074590044151194,0.07425036098110847,1.1197600391200055,0.17589066767739292,0.4726947041293585,True,False,0.550920491873133,0.23871065488005208
1156,2023-06-09,2023-07-07,0.12425222450976657,0.11674179091837256,1.0643337191618503,0.08974565716775089,1.3844928928150435,0.21732814316381463,0.5717263429435802,True,False,0.5545103420366777,0.27026348999294575
1157,2023-06-12,2023-07-10,0.12598546729756047,0.11985744497268674,1.0511275901657189,0.09721728101487441,1.2959163842309525,0.2557702712079102,0.4925727556317504,True,False,0.5400465920247183,0.270024463895154
1158,2023-06-13,2023-07-11,0.1290847274498862,0.11998508112274749,1.075839814766884,0.10215405241616182,1.2636280636622466,0.2761199989661465,0.46749503090398226,True,False,0.5394173841652244,0.2686468745310201
1159,2023-06-14,2023-07-12,0.154838584048807,0.1198369401452294,1.2920772498126152,0.13239790646474914,1.1694942026143946,0.3158019261387816,0.4903028488203773,True,False,0.539908772792945,0.32467663466500873
1160,2023-06-15,2023-07-13,0.17574388148021616,0.11800982697127592,1.4892309055159698,0.13722808932027467,1.280669885813611,0.30057638649356716,0.5846895810093099,True,False,0.5482236714176153,0.3265473100688142
1161,2023-06-16,2023-07-14,0.17438549357938246,0.117794813000671,1.480417423629588,0.1360797532247893,1.2814947811620157,0.2987618745717386,0.5836939329335648,True,False,0.5492455956487099,0.325553512684792
1162,2023-06-19,2023-07-17,0.18274403516587986,0.11963353455695463,1.5275318567042742,0.14996651026332333,1.2185656307198394,0.3415154473156657,0.5350974212213832,True,False,0.54077974257395,0.3265128085525146
1163,2023-06-20,2023-07-18,0.1915626332996241,0.12243223926668734,1.5646420783201873,0.1568764470348988,1.2211051239387707,0.3656542370700343,0.5238900958309799,True,False,0.5283563716808679,0.32636279165149407
1164,2023-06-21,2023-07-19,0.1904875701641184,0.11862482062075697,1.6057985939814934,0.15263059755195685,1.2480300360435574,0.3414801178376833,0.5578291684163685,True,False,0.5453040442862652,0.3156873329326877
1165,2023-06-22,2023-07-20,0.19638247364445394,0.11860723291036535,1.6557377558320192,0.15828368211351374,1.2406994266384168,0.3538242895753692,0.5550282426346027,True,False,0.5454366569057659,0.3200869570813409
1166,2023-06-23,2023-07-21,0.17391574842835786,0.11763812954766037,1.478396070195055,0.14192863984845316,1.2253745869336836,0.3069276210759159,0.5666344000540157,True,False,0.5500751066163957,0.3283786108256292
1167,2023-06-26,2023-07-24,0.15531870492294106,0.11897271672037775,1.3054985143189384,0.13582774536256084,1.1434976300928326,0.3054827313058062,0.5084369393288483,True,False,0.5438778618880262,0.3177300580285007
1168,2023-06-27,2023-07-25,0.16070757782473497,0.12042131495436026,1.3345442863303993,0.1354624258517127,1.186362763063593,0.30454860249081633,0.527691069702351,True,False,0.5373342102135874,0.3183388474287814
1169,2023-06-28,2023-07-26,0.15639041857367345,0.11998606766539814,1.3034048170475518,0.135913056088004,1.1506651610600995,0.3033711346724477,0.5155085659106278,True,False,0.5393085577844371,0.317566913763687
1170,2023-06-29,2023-07-27,0.13404583807975567,0.12226882632143546,1.0963206412676225,0.13730865193150313,0.9762373761168734,0.30016273162229484,0.4465772194811653,True,False,0.5292324898429044,0.3053328299431514
1171,2023-06-30,2023-07-28,0.08054947005798678,0.11174988785832997,0.7208013502447781,0.10143776111556346,0.7940777593288992,0.1709094115122577,0.47129920666896535,True,False,0.5793186705490516,0.3013273022941664
1172,2023-07-03,2023-07-31,0.08246173873507175,0.11231322168892038,0.734212210237101,0.10721774808023825,0.7691053040338068,0.18123645036341926,0.45499533107008927,True,False,0.5764201635665132,0.3016488776033559
1173,2023-07-04,2023-08-01,0.12431244147585012,0.11285613064123003,1.101512525456324,0.10218419516349034,1.2165525331677325,0.19351639153533742,0.6423871409009289,True,False,0.5736568538842792,0.33710692710585854
1174,2023-07-05,2023-08-02,0.31817593455789295,0.1337026650982625,2.379727691471632,0.1614291040918358,1.9709948608578354,0.2387694586705373,1.3325654643164542,True,False,0.48341194957964856,0.35375076940237293
1175,2023-07-06,2023-08-03,0.2821428086854072,0.12082611605769807,2.3351144428963986,0.14804749893642125,1.9057586971230966,0.1891022129562737,1.4920121995116333,True,False,0.5351175835303431,0.35643692948640693
1176,2023-07-07,2023-08-04,0.2582743141679342,0.11016907672478787,2.344344909171985,0.09184509999877757,2.8120641620660414,0.12519112492899348,2.0630401261624858,True,False,0.5869935283767271,0.35957283687846703
1177,2023-07-10,2023-08-07,0.21655807854821935,0.11445856729804457,1.892021573049334,0.08085175629044786,2.67845855778651,0.11676495715853526,1.854649578247967,True,False,0.5652710487782928,0.33762353268529255
1178,2023-07-11,2023-08-08,0.23827309012607908,0.11277055436313399,2.112901647701515,0.08769888853981658,2.7169453808744635,0.11903587656442333,2.0016913976109,True,False,0.5736294459228932,0.351683451790234
1179,2023-07-12,2023-08-09,0.24307861191314,0.1119404318240705,2.1714996802511077,0.08557480449279674,2.840539494701401,0.1147959136118702,2.1174848848278605,True,False,0.5778567235550652,0.35039188489787254
1180,2023-07-13,2023-08-10,0.20723130750567723,0.10514815127674061,1.9708506996025332,0.05717985375644563,3.624201425704363,0.08208000228187758,2.5247478282713423,True,False,0.615368984546778,0.28343103625540766
1181,2023-07-14,2023-08-11,0.17742917673704947,0.1062839415596341,1.6693883773354135,0.05839201641748749,3.0385862250153814,0.08288250678059539,2.140731303008677,True,False,0.6087311856235957,0.27257386410107665
1182,2023-07-17,2023-08-14,0.16976122331023982,0.0973554834980383,1.7437253373987969,0.04988291483664853,3.403193736094944,0.07106333521310214,2.388872163136814,True,False,0.6646324170826996,0.274148810234695
1183,2023-07-18,2023-08-15,0.16889165090701933,0.09710223778116057,1.739317803237971,0.04990701259607493,3.3841266411586868,0.07097587445624198,2.3795642139096764,True,False,0.6663617693348314,0.2738857654691158
1184,2023-07-19,2023-08-16,0.16724199135541654,0.09697367478678481,1.7246122901202834,0.05084411991798769,3.289308412166054,0.07230648028077094,2.3129599270494787,True,False,0.6671556403949042,0.2696683613592466
1185,2023-07-20,2023-08-17,0.16711242962978373,0.09862305571588535,1.694456011494954,0.052607946472496635,3.176562493598755,0.07440744762590687,2.2459099856504046,True,False,0.6560051511912571,0.26778865099133464
1186,2023-07-21,2023-08-18,0.17038874581922747,0.09808648136519593,1.7371277208409128,0.05140748489707297,3.3144734888387632,0.07187049945086914,2.370774477999915,True,False,0.6596857238826455,0.2706151421556723
1187,2023-07-24,2023-08-21,0.18037892518224533,0.09816524932923111,1.8375028476450177,0.046859373279039884,3.8493670008798113,0.06946307411583745,2.5967598969409744,True,False,0.6592025283994166,0.2679674496712662
1188,2023-07-25,2023-08-22,0.18397586290562398,0.0961644236660593,1.913138517259759,0.04478849367939369,4.107659083660312,0.06750969432715669,2.725176950351221,True,False,0.6728999407884776,0.26719276225810656
1189,2023-07-26,2023-08-23,0.1701474012750543,0.09587302061464152,1.7747161838047871,0.04773261014884572,3.5645945349411994,0.06580952125002144,2.5854526524913575,True,False,0.6751749731635277,0.2790582897709649
1190,2023-07-27,2023-08-24,0.1753487283720003,0.09608183724535109,1.8249934992837007,0.04574749533888014,3.8329689324646794,0.06776450188123691,2.5876192328442693,True,False,0.6735678518020496,0.2768428126966578
1191,2023-07-28,2023-08-25,0.16371929098432156,0.09520867726446855,1.7195837153534415,0.05102755288627534,3.2084488031240945,0.06947912884692072,2.356380883027976,True,False,0.6797669585327981,0.2783369501314899
1192,2023-07-31,2023-08-28,0.19276085151467162,0.10179203269070357,1.8936732710739554,0.04770114114006688,4.041011323998723,0.0718698734241224,2.6820814109013495,True,False,0.6355476056813675,0.2814120833426817
1193,2023-08-01,2023-08-29,0.19831319532764638,0.1012690637985974,1.958280129083143,0.0479384996850923,4.136825237134339,0.07308972280359169,2.713284271997555,True,False,0.6388047196625303,0.28272544956838813
1194,2023-08-02,2023-08-30,0.1941918292410012,0.10136327799910154,1.9158006042654074,0.04481960505700759,4.332742981425248,0.06326427738345108,3.069533665325618,True,False,0.638509304959504,0.2740826932504814
1195,2023-08-03,2023-08-31,0.18878008585434175,0.10576739645237078,1.7848608568081117,0.04910256084325519,3.8446077477906715,0.0682445623408137,2.7662289767728745,True,False,0.611892947209541,0.26691569405581533
1196,2023-08-04,2023-09-01,0.20707276949510564,0.11772005487772175,1.7590271233749968,0.07451904509457682,2.7787898950167236,0.08514091239479515,2.4321182809847883,True,False,0.549480274008144,0.2782981745417425
1197,2023-08-07,2023-09-04,0.16261820151085893,0.13335246529825204,1.2194615311171941,0.06193572272165182,2.625596253097568,0.08411178086292724,1.9333582031257865,True,False,0.4850008359059273,0.25023887628529473
1198,2023-08-08,2023-09-05,0.199960542523226,0.12386153359118018,1.6143877499790993,0.06157676980205441,3.247337318375454,0.08798455830227635,2.2726776877852735,True,False,0.5220539066420444,0.2700042851382546
1199,2023-08-09,2023-09-06,0.18496151750356443,0.12718188881418735,1.4543070497544905,0.06400766142837655,2.889677788189983,0.088860484233949,2.0814822144858423,True,False,0.508469336347296,0.26316032924574245
1200,2023-08-10,2023-09-07,0.15984842440102937,0.1241020442874539,1.2880402197950678,0.05186402007266101,3.0820677644556516,0.08346149348849947,1.9152356100967158,True,False,0.5211496311829097,0.25811201185502647
1201,2023-08-11,2023-09-08,0.13414165546917214,0.1318569754458078,1.0173269560873808,0.06027098960912944,2.2256421595050977,0.08938759141745689,1.5006742361219394,True,False,0.4904252429364876,0.24566051702692784
1202,2023-08-14,2023-09-11,0.1351113277225204,0.13219659432855602,1.0220484756719241,0.05811845544170026,2.324757715869672,0.0918391787230669,1.4711730832212353,True,False,0.489398289733389,0.27039542995733534
1203,2023-08-15,2023-09-12,0.13828796655806663,0.16196667956701152,0.8538050352563525,0.09919157284038098,1.3941503557020871,0.15234060560650256,0.907755132044479,True,False,0.3993305117044503,0.2620167310840527
1204,2023-08-16,2023-09-13,0.14229674575229584,0.16654361908935678,0.8544112739374806,0.11163434886565698,1.2746681213999698,0.16905891686109772,0.8416991448561673,True,False,0.3883658391964281,0.2667263495716966
1205,2023-08-17,2023-09-14,0.1333118272405319,0.1658937056859305,0.8035978621932617,0.1155430820810417,1.1537845870082228,0.17097878990217258,0.7796980392527503,True,False,0.38989311059058107,0.26737119703031004
1206,2023-08-18,2023-09-15,0.12799808134683233,0.1704651117818181,0.7508755311213462,0.1295289429947543,0.9881813159860036,0.1905203851734332,0.6718340466838444,True,False,0.3794405877571877,0.26663003597818963
1207,2023-08-21,2023-09-18,0.12409523668829281,0.17154654159685157,0.7233910723768876,0.13084265967257205,0.9484310162972507,0.1925248016291933,0.6445675343548868,True,False,0.377043557260063,0.26569920552464665
1208,2023-08-22,2023-09-19,0.12467918831290786,0.1700222724340996,0.7333109158462363,0.12998270651248522,0.9591982784335396,0.19010343681838168,0.6558492071451717,True,False,0.38043098980689827,0.2659624796327363
1209,2023-08-23,2023-09-20,0.10460565744454113,0.17593034735372912,0.5945856358381358,0.14065832991610946,0.743686189839801,0.2092224063723963,0.49997349355763,True,False,0.36766412740972915,0.26813346718329645
1210,2023-08-24,2023-09-21,0.21705761683799601,0.16202214506143944,1.3396787010546423,0.07422685855886405,2.924246304534942,0.13590117175888522,1.5971725190353614,True,False,0.3990521868243952,0.27718269464856404
1211,2023-08-25,2023-09-22,0.18770030545963495,0.1516387103129329,1.2378125946355165,0.07214345639836015,2.6017648007214342,0.12981299290576037,1.4459284949689029,True,False,0.4264773011599006,0.27648243291698044
1212,2023-08-28,2023-09-25,0.24037904435910976,0.153001808229785,1.5710862972161588,0.06602183644274529,3.6409021213393324,0.11653746331834487,2.062676134475893,True,False,0.4225390636138611,0.28954677297382336
1213,2023-08-29,2023-09-26,0.241898840636088,0.1569761764554219,1.540990780246087,0.06159558257913938,3.9272108568060213,0.11781830387606554,2.0531516129322678,True,False,0.41175970370929665,0.28883997546145185
1214,2023-08-30,2023-09-27,0.2605947680914675,0.15224139464934489,1.7117208410478053,0.05681137317778934,4.587017590226955,0.10929211954666418,2.384387540221525,True,False,0.4244448439802047,0.2962416150972549
1215,2023-08-31,2023-09-28,0.14127074667105718,0.1507262722505731,0.9372669048445867,0.06716480177152157,2.1033449507023954,0.13650546203538755,1.0349091132663562,True,False,0.42896462762898774,0.2943050495131567
1216,2023-09-01,2023-09-29,0.13926088635694367,0.1419286179092155,0.981203709360587,0.060505775885395324,2.301613099230713,0.13280675955793647,1.048597878756251,True,False,0.45570561425155987,0.2950036323198393
1217,2023-09-04,2023-10-02,0.20731223518075712,0.14322531408835004,1.4474552665520732,0.056456397635992334,3.6720769277101466,0.1192085885974229,1.7390713003143372,True,False,0.45141648129827716,0.30710782994134395
1218,2023-09-05,2023-10-03,0.2413832326273918,0.12905258945840797,1.8704253331172915,0.04739133148637244,5.093404744215775,0.09034403707471143,2.671822518045946,True,False,0.5008175599758605,0.32508833350593275
1219,2023-09-06,2023-10-04,0.17581666352541112,0.13389686752142277,1.3130752554557066,0.04698752082331076,3.7417735697642414,0.11186496699561557,1.5716865453712785,True,False,0.48304754577166253,0.3138260555368656
1220,2023-09-07,2023-10-05,0.10369257804016746,0.12385591130818766,0.837203302974791,0.0695793137486908,1.4902788264725957,0.132174034455137,0.7845154947991179,True,False,0.5224633292674647,0.30997617487331636
1221,2023-09-08,2023-10-06,0.15484392121350746,0.1221651414889763,1.2674967615658184,0.06002688899429953,2.5795759834932017,0.13901493805785567,1.1138653397742337,True,False,0.5296719843720911,0.3299673177510657
1222,2023-09-11,2023-10-09,0.1436115091437447,0.12197599033385943,1.177375225654384,0.0603537636194032,2.379495503368656,0.13936263022424697,1.030487935773463,True,False,0.530543954371024,0.32992993194097103
1223,2023-09-12,2023-10-10,0.16428766044668558,0.12143846585872058,1.3528469689152285,0.05597436689206416,2.935051695421278,0.13620578372259495,1.2061724249631272,True,False,0.5328071520186086,0.31855359274991096
1224,2023-09-13,2023-10-11,0.16613168447972806,0.11873929714933576,1.3991297613189335,0.05436652865391807,3.055771420266233,0.13026151844653533,1.2753703968829084,True,False,0.5449521762650202,0.3205797740134011
1225,2023-09-14,2023-10-12,0.14972653013395493,0.11828016103752327,1.265863428157285,0.05156459223774625,2.903669429666357,0.12713293422290037,1.1777163096970729,True,False,0.5469948421862253,0.3214956648722284
1226,2023-09-15,2023-10-13,0.16038593156565595,0.11862305408730515,1.352063751853951,0.05120623299045084,3.1321564231363284,0.12597811170958695,1.27312538177575,True,False,0.5453444080624683,0.3250673404948244
1227,2023-09-18,2023-10-16,0.1716491599936742,0.11787264807567749,1.4562255348965325,0.05379516163135422,3.190791788487339,0.12551504444724942,1.3675584528499585,True,False,0.548831324915977,0.3313469276744914
1228,2023-09-19,2023-10-17,0.17896744667593556,0.11601446136652416,1.5426305011279948,0.0558044444528825,3.207046471487474,0.12226795567195123,1.4637314060939306,True,False,0.5576487154569104,0.3351411233144923
1229,2023-09-20,2023-10-18,0.18658789803953155,0.117178200227316,1.5923430951966022,0.05935415839842599,3.1436364877255114,0.12195217151516352,1.5300088200260642,True,False,0.5519127346430545,0.3505553137544155
1230,2023-09-21,2023-10-19,0.16461109344035232,0.11408699311945603,1.4428559202011266,0.05209452260641858,3.1598541498117223,0.11826943805202103,1.3918311962211898,True,False,0.5669522165507196,0.3462995523720943
1231,2023-09-22,2023-10-20,0.12011792723786668,0.11724747674981442,1.024481980914415,0.057281081772905036,2.0969912494684166,0.12822526988151076,0.9367726607155061,True,False,0.5519450190706738,0.33961652643304074
1232,2023-09-25,2023-10-23,0.14813962934070862,0.12229469136517501,1.211333277732882,0.056113126777337714,2.6400173693499727,0.13970488834129413,1.0603754177792886,True,False,0.5290997778877685,0.3473756373719093
1233,2023-09-26,2023-10-24,0.09279658744469761,0.1177078333374554,0.788363737684815,0.07566401826044533,1.2264295444273097,0.14129960038000397,0.656736375723181,True,False,0.5499264587836223,0.3384996479008293
1234,2023-09-27,2023-10-25,0.08421587144181567,0.11838272940756023,0.7113864654351973,0.0769596064422204,1.0942866697875218,0.1448322572990046,0.5814717868268319,True,False,0.54682235571226,0.33453653313838244
1235,2023-09-28,2023-10-26,0.058748860868545694,0.11761693269752568,0.4994932236468839,0.07471717835810113,0.7862831835936951,0.14309131147175286,0.4105690294140822,True,False,0.5504674963566955,0.3252072891426938
1236,2023-09-29,2023-10-27,0.1289669719908171,0.11275796980391417,1.1437503904610056,0.07347265565506372,1.755305709872333,0.11844379583778412,1.088845313328569,True,False,0.5740860744463441,0.3217346105808479
1237,2023-10-02,2023-10-30,0.12749711171180353,0.11722374365636583,1.0876389691627102,0.07499656760017641,1.7000392923516092,0.12931475951735327,0.9859440035125625,True,False,0.5521633641531227,0.32128638097775103
1238,2023-10-03,2023-10-31,0.11988611101088253,0.11358903836594363,1.0554373268365207,0.06730555400638115,1.7812216655926536,0.12174906158355628,0.984698439984318,True,False,0.5699466968194158,0.30276378957529104
1239,2023-10-04,2023-11-01,0.04960537877811116,0.12751160681841403,0.38902637976127846,0.09280665556477309,0.5345023853756887,0.11944543054734545,0.41529741699452216,True,False,0.5076771411765374,0.27418603596180896
1240,2023-10-05,2023-11-02,0.16964353656468267,0.12247718987627686,1.3851031096978301,0.12292524221119447,1.3800545234901616,0.13905780257562683,1.2199497865099784,True,False,0.5283643068660732,0.3169259399822616
1241,2023-10-06,2023-11-03,0.2908087619238799,0.12569732091339444,2.3135637244348857,0.14317628144319158,2.031123863481989,0.131412509004932,2.2129458156298165,True,False,0.5141701352264142,0.36508242017780873
1242,2023-10-09,2023-11-06,0.27362095430269046,0.1285978232788935,2.1277261723884817,0.15703388332585702,1.7424325789288835,0.14114339075979898,1.9386026708706807,True,False,0.5027038930147343,0.3558826231796558
1243,2023-10-10,2023-11-07,0.31244266755771827,0.1342882741696267,2.326656362885826,0.17506660630163298,1.7847073988479085,0.1527926924951278,2.0448796500374606,True,False,0.481293260275997,0.3672885357699558
1244,2023-10-11,2023-11-08,0.30797359910634925,0.13395558927742063,2.2990724072628215,0.17813326145450425,1.7288944051866844,0.15556955984311163,1.9796520567194098,True,False,0.4825373525554472,0.36102975657617786
1245,2023-10-12,2023-11-09,0.31608461193299875,0.13699345035785318,2.3072972547762327,0.18936240944487168,1.6692046370745997,0.16578277608070605,1.9066191277863693,True,False,0.47181137440309917,0.36056400230928376
1246,2023-10-13,2023-11-10,0.3267247801293672,0.13688716240196408,2.38681826985318,0.18723146607113952,1.7450313613697095,0.16255824543562705,2.009893618461513,True,False,0.4721045298107844,0.3498523288672242
1247,2023-10-16,2023-11-13,0.32024378331700504,0.1376333570120353,2.326789015899695,0.18832218675347617,1.7005101142767702,0.16304555825590494,1.964136813922724,True,False,0.4695666980247998,0.3466988259153819
1248,2023-10-17,2023-11-14,0.39348258145680165,0.12971702688493816,3.033391921677555,0.18454179929643405,2.1322138559229113,0.16056973904577407,2.450540081806015,True,False,0.4977230703942003,0.39072255767748637
1249,2023-10-18,2023-11-15,0.3943564688924269,0.13124783756712055,3.0046702193531516,0.18511754722105908,2.130303014557038,0.16556905153299734,2.381824774866413,True,False,0.49189773197802306,0.39169928129037296
1250,2023-10-19,2023-11-16,0.3684643018904649,0.13197567573021665,2.7919107051489997,0.1895651084329692,1.9437348198534912,0.1604142516048215,2.296954903970578,True,False,0.48921835128476093,0.3654781794951633
1251,2023-10-20,2023-11-17,0.4058356749115623,0.14003693195591968,2.898061741593352,0.18807114125924224,2.1578838315876845,0.16661734944992684,2.435734791433153,True,False,0.46086083466201894,0.36665349908933864
1252,2023-10-23,2023-11-20,0.369512679592823,0.14080510876791175,2.624284607470377,0.17943815286627374,2.0592759883579626,0.18226799485425432,2.027304244435749,True,False,0.45841167391034493,0.3758250119865735
1253,2023-10-24,2023-11-21,0.36342482910338497,0.13963452842957316,2.6026859773919306,0.18093839128750516,2.0085556554214903,0.1831190637319106,1.984636780556311,True,False,0.46233906639695893,0.37520563352357145
1254,2023-10-25,2023-11-22,0.4771692028710009,0.14384648374786477,3.3172114495852867,0.13805801119638056,3.4562949207797278,0.1654129573939239,2.884714779233666,True,False,0.4482849399932436,0.3805523440216332
1255,2023-10-26,2023-11-23,0.47161050997840287,0.14383643706378876,3.2787972199926814,0.13930272803694918,3.385508070260556,0.1644512500277312,2.8677830657953396,True,False,0.44831299696487686,0.37780660787415316
1256,2023-10-27,2023-11-24,0.49053802263923724,0.1492934907262532,3.2857294732206053,0.14248348107162084,3.4427711826654703,0.17437438315513146,2.8131312281278844,True,False,0.43174604522562954,0.3756953264089668
1257,2023-10-30,2023-11-27,0.5699375972179289,0.16290557761192886,3.498576326070464,0.13785936003394747,4.1341958723555905,0.16848142421363468,3.3827919005198295,True,False,0.39550890251034165,0.37456141524688974
1258,2023-10-31,2023-11-28,0.5266818590394502,0.1614820987961492,3.2615495027985713,0.1429373057361715,3.6847053771363263,0.1653697720384248,3.184873828797878,True,False,0.3990443068803401,0.3823126733165268
1259,2023-11-01,2023-11-29,0.5363948697108981,0.17414911883508125,3.0800894847987297,0.1641029266119453,3.2686490167193223,0.19894504404698068,2.696196189658431,True,False,0.3700426046147831,0.37348447147111785
1260,2023-11-02,2023-11-30,0.5664153700382835,0.1671495404998847,3.3886744070270067,0.14433160025137726,3.9244030347600787,0.18195860269387473,3.1128804115473168,True,False,0.38548351727718966,0.3893104715360895
1261,2023-11-03,2023-12-01,0.5422268115888289,0.19783525162472837,2.740799767158652,0.1927448495711817,2.813184439403563,0.2658400752625884,2.0396729539488523,True,False,0.32603378032576247,0.36557794875916033
1262,2023-11-06,2023-12-04,0.4570104007347795,0.20837263192585367,2.193236206266281,0.17222649725608072,2.653542910155447,0.32841348597613806,1.391570140234695,True,False,0.30995175042693884,0.335163653428829
1263,2023-11-07,2023-12-05,0.4714468876094062,0.2078865116806281,2.26780892996887,0.17465649010701764,2.6992806698482004,0.32963507223483174,1.4302085163848943,True,False,0.310681335784159,0.34192555340417996
1264,2023-11-08,2023-12-06,0.47747653651675687,0.20769636381339351,2.2989162051279317,0.1720416999086475,2.7753535147019144,0.30735558973629706,1.553498789224621,True,False,0.3108971804203799,0.3321499523645433
1265,2023-11-09,2023-12-07,0.15193458248597289,0.12752444631843485,1.1914153471922138,0.14325972072353962,1.0605533901547517,0.3578634022574419,0.4245602694423424,True,False,0.5072805796667593,0.33277246567524554
1266,2023-11-10,2023-12-08,0.12246900275478165,0.12428882655696029,0.9853581061742133,0.15578567868701026,0.7861377489058843,0.29896289702916207,0.4096461600144165,True,False,0.5206183918943337,0.33488079243237573
1267,2023-11-13,2023-12-11,0.10740296906046576,0.12313072732036909,0.8722678034786404,0.15841642353286794,0.6779787516045139,0.28274141992190716,0.37986287644070804,True,False,0.5255936348520472,0.3373404569872136
1268,2023-11-14,2023-12-12,0.10998828050410171,0.12297606793024675,0.8943876833538714,0.15266918392748524,0.7204353732338277,0.26985439485234225,0.40758380297747093,True,False,0.5261517254534154,0.33213937704998964
1269,2023-11-15,2023-12-13,-0.07017658268523694,0.1312067525943564,-0.5348549620932805,0.09023044314858368,-0.7777483988378093,0.10100366428993969,-0.6947924432106645,True,False,0.49330846124858385,0.2896480724379585
1270,2023-11-16,2023-12-14,-0.2971410207388044,0.11980638957938212,-2.4801767400053625,0.24060647255471082,-1.2349668634589135,0.37480033725864803,-0.7927981679849683,True,False,0.5393785201212414,0.4059206419271647
1271,2023-11-17,2023-12-15,-0.2904512282902149,0.12053372942907555,-2.409709130099739,0.238341882535949,-1.218632769028357,0.36648325767589646,-0.79253614512202,True,False,0.5361664433352983,0.4071597865839324
1272,2023-11-20,2023-12-18,-0.3026163565923211,0.11603771501298725,-2.6079137852589693,0.22894039337404296,-1.3218128619963814,0.3398776512418723,-0.8903685060979948,True,False,0.55698105601277,0.4063102979967865
1273,2023-11-21,2023-12-19,-0.18725762960271242,0.10269696656769989,-1.8233998126835465,0.17034397958033828,-1.0992911523145275,0.24526290067487488,-0.7634975737767394,True,False,0.6302629661647867,0.4003944467166365
1274,2023-11-22,2023-12-20,-0.18751912249357264,0.1027951322662634,-1.8242023562735863,0.17107937516110425,-1.0960942680377876,0.24730694289997113,-0.75824447261644,True,False,0.6296739709911526,0.40097283577247506
1275,2023-11-23,2023-12-21,-0.19798406770700833,0.09942887017922597,-1.991213088815464,0.15620619636748712,-1.2674533553152754,0.22367104856189088,-0.8851573280492095,True,False,0.6508512017445766,0.3912869009109072
1276,2023-11-24,2023-12-22,-0.201061461980054,0.09937659554564489,-2.0232275102209956,0.15374869568598126,-1.3077279197913008,0.22014004890595917,-0.9133343204895203,True,False,0.6510927235028858,0.39257963199478585
1277,2023-11-27,2023-12-25,-0.24401885370039808,0.10357229636015207,-2.356024364390561,0.15014244681585695,-1.6252489477521062,0.24875621140703552,-0.9809558214452552,True,False,0.6244436955617781,0.38556318505283493
1278,2023-11-28,2023-12-26,-0.2417950278238077,0.10343394282405591,-2.3376758269295403,0.15116685333919996,-1.5995241184338818,0.24769317210454886,-0.9761876993595463,True,False,0.625268996244881,0.3861742354587541
1279,2023-11-29,2023-12-27,-0.23446508027567184,0.10332999035262716,-2.269090314201414,0.15161365209697325,-1.546464167525667,0.24548252755598615,-0.9551192201334915,True,False,0.6259927533836898,0.3795774335913849
1280,2023-11-30,2023-12-28,-0.23612391934970756,0.10253693579160487,-2.3028181749999206,0.14860027049595265,-1.5889871435741347,0.23923887428380686,-0.9869797291789458,True,False,0.6307566988429101,0.37580219638048806
1281,2023-12-01,2023-12-29,-0.250916608996451,0.1015284797955967,-2.47139137217076,0.14813191973119982,-1.6938726606106522,0.2436915949113714,-1.029648187446544,True,False,0.6368294080345283,0.36421056078879477
1282,2023-12-04,2024-01-01,-0.24492290239847933,0.10103329223649102,-2.424180158607348,0.1453327910022634,-1.6852556171901008,0.23646353675292298,-1.0357745035945876,True,False,0.6400799994636708,0.3621901375823935
1283,2023-12-05,2024-01-02,-0.2778345503900176,0.1008595243202077,-2.754668458557781,0.14349664940044074,-1.9361744789921502,0.2523561023043324,-1.1009622824771603,True,False,0.6409963682538699,0.3851938346908453
1284,2023-12-06,2024-01-03,-0.2764983128923428,0.1008561987328223,-2.741510352029162,0.1425419332185789,-1.9397682257357236,0.2515388149440945,-1.0992272224618518,True,False,0.6410519627504111,0.3894927567032703
1285,2023-12-07,2024-01-04,-0.27934779871220067,0.1008921062965183,-2.76877754827724,0.1406887723059377,-1.9855727940019199,0.25271654357664897,-1.1053799437054839,True,False,0.6408311914527204,0.3875795284849062
1286,2023-12-08,2024-01-05,-0.37580133970487023,0.12341233805981845,-3.0450872709559866,0.20732195550517976,-1.8126461270788137,0.3563268362136749,-1.0546534852612597,True,False,0.5232752043156312,0.3884556145177951
1287,2023-12-11,2024-01-08,-0.36486025626229224,0.12556063991184732,-2.905848970811638,0.21272738598782967,-1.7151541376208432,0.36789256589208974,-0.9917576218958256,True,False,0.5143535716123454,0.3864615144615165
1288,2023-12-12,2024-01-09,-0.38415641615791757,0.12339762255962526,-3.1131589749413093,0.20106072630856553,-1.9106487040554962,0.35690960474908856,-1.0763409307182523,True,False,0.523275204315631,0.39447634423809885
1289,2023-12-13,2024-01-10,-0.3836109070579659,0.12338177079920543,-3.109137634944986,0.2020737109010597,-1.8983711703388837,0.36238081983802606,-1.0585850190124,True,False,0.5233873644746203,0.39379011162086963
1290,2023-12-14,2024-01-11,-0.35649040026971357,0.11993974662557214,-2.972245734206903,0.1756567065948866,-2.029472185721209,0.3289781497001977,-1.083629416101307,True,False,0.5385325332685548,0.3830178135853677
1291,2023-12-15,2024-01-12,-0.07912419413003352,0.1356672612552631,-0.5832224620585386,0.0798775763343617,-0.990568289138186,0.1570883830371669,-0.5036922056248605,True,False,0.4770540189448006,0.25819248948767853
1292,2023-12-18,2024-01-15,-0.09012337302401771,0.13490731220360344,-0.6680392007810713,0.07733562197243556,-1.1653539562420543,0.14939028878520708,-0.6032746422600256,True,False,0.47973579283343026,0.25610124354515684
1293,2023-12-19,2024-01-16,0.07145061510166596,0.12607075235722262,0.566750128524735,0.13939434573900608,0.5125790054314395,0.18674598819211982,0.38260856789147873,True,False,0.5134479829385641,0.3186786388780063
1294,2023-12-20,2024-01-17,0.03229362029650406,0.14743243257110536,0.21904013746045417,0.20319500914664282,0.15892920024033777,0.2342654917451981,0.1378505218840709,True,False,0.43883983648469177,0.31400985907875795
1295,2023-12-21,2024-01-18,0.04375770806475,0.1453227399652603,0.30110709497502164,0.20761980708138947,0.21075883211661234,0.2317385213167884,0.18882362680191986,True,False,0.44524202658187606,0.3166425855985349
1296,2023-12-22,2024-01-19,0.15732228671629037,0.15490558160878046,1.0156011493092185,0.2083784794903961,0.7549833701687086,0.24117132935704952,0.6523258263563234,True,False,0.4175232447980156,0.31716610085360203
1297,2023-12-25,2024-01-22,0.20932113275394773,0.15785916800670863,1.3259992143443458,0.200453805393937,1.044236263525077,0.23938951586562834,0.8743955724086168,True,False,0.4095774666876897,0.3118431860534361
1298,2023-12-26,2024-01-23,0.2418146196479708,0.16102369735824276,1.501733121367756,0.20266514239522795,1.1931732156307147,0.2398199054814229,1.0083175504658115,True,False,0.4013778502891297,0.31994253932629907
1299,2023-12-27,2024-01-24,0.17441234818763066,0.15823776564061193,1.1022169548561136,0.2075365256086859,0.8403935050762509,0.2605298699456368,0.6694524056839403,True,False,0.40864488404665134,0.34139184500874714
1300,2023-12-28,2024-01-25,0.18191918587045447,0.15819791204395822,1.1499468199043288,0.20495490617700604,0.8876059093376514,0.25375733009242063,0.7169021907828157,True,False,0.4085935815526577,0.3308056306903085
1301,2023-12-29,2024-01-26,0.255756768956354,0.16848169020503592,1.5180092783085664,0.19232778856156713,1.3297962341748775,0.27531443114715953,0.9289624517344982,True,False,0.38352625119608297,0.3346511708713965
1302,2024-01-01,2024-01-29,0.24692311056757915,0.16425148797381978,1.503323431730107,0.18324029256660415,1.3475371988823233,0.24779642777146224,0.9964756666924652,True,False,0.39339638877205246,0.33492902884579484
1303,2024-01-02,2024-01-30,0.270676151198569,0.17103760664940876,1.5825534307983997,0.19928130470294653,1.3582616372471334,0.27056980796517505,1.000393034367706,True,False,0.37777952365544654,0.3409641135582743
1304,2024-01-03,2024-01-31,0.18915704829417362,0.16081205432706003,1.1762616247005058,0.21682661310547563,0.8723885208784675,0.27511121575042236,0.6875657460136946,True,False,0.40213183754896176,0.3122285202261822
1305,2024-01-04,2024-02-01,0.16802736298033777,0.1623732242994918,1.0348218661373447,0.22853173282077144,0.7352474026533335,0.29828620084541285,0.5633092060715813,True,False,0.39833447357557206,0.304979682149
1306,2024-01-05,2024-02-02,0.17220441819430946,0.1625477871199228,1.059407951627556,0.22969917409214594,0.7496954173863423,0.2907242286168591,0.5923290914334318,True,False,0.39783947132842906,0.31920746368138964
1307,2024-01-08,2024-02-05,0.1775618157927098,0.15797336187901817,1.1239984620235732,0.20089223367149378,0.8838660039146425,0.24202956602188502,0.7336368804489537,True,False,0.4092933054138946,0.32122897827553415
1308,2024-01-09,2024-02-06,0.20700571972199422,0.15107380115381,1.3702291075024933,0.18471296393384326,1.1206886366467235,0.22144460216831346,0.9347968642950046,True,False,0.42798857536854096,0.3304766816423581
1309,2024-01-10,2024-02-07,0.2583414064418846,0.1524435110277211,1.6946697481594113,0.1657025474081109,1.55906719892249,0.212091798853809,1.218064101667385,True,False,0.42409156089852734,0.32487490069387287
1310,2024-01-11,2024-02-08,0.2480149469139667,0.15168576206412973,1.6350575264217013,0.17042692524960987,1.4552568295808905,0.21471586680103777,1.1550843941299638,True,False,0.4262216222494741,0.325490931714975
1311,2024-01-12,2024-02-09,0.2774570675589215,0.15275266798359619,1.8163811553767237,0.18210162262533275,1.523638634070708,0.20570561016199013,1.348806516946369,True,False,0.4231909640629684,0.32573726108309253
1312,2024-01-15,2024-02-12,0.2623772070354989,0.15318261189133434,1.7128393607861034,0.17558716910814992,1.4942846243730492,0.2069179196720663,1.26802554100354,True,False,0.42201036056416025,0.31765930462941677
1313,2024-01-16,2024-02-13,0.27512377882225814,0.15744173057584712,1.747464143184821,0.18598115239914065,1.4793100014339378,0.2069534082417619,1.3293996033196998,True,False,0.4104823966912269,0.33049479064761794
1314,2024-01-17,2024-02-14,0.11327766055000783,0.18156222191266516,0.6239054543213098,0.1381053488440905,0.8202264539217009,0.17515650367698518,0.6467225491033367,True,False,0.35622234053959906,0.2782390117029095
1315,2024-01-18,2024-02-15,0.07932145660856986,0.18544487208402619,0.42773604746875304,0.13365311176575434,0.593487540698579,0.1886601422929767,0.420446288466108,True,False,0.3488007235366741,0.26886978265324585
1316,2024-01-19,2024-02-16,0.07154500505187382,0.18300455083947262,0.3909465897087524,0.13424673270925858,0.5329366578091743,0.18593858579585384,0.384777612165044,True,False,0.35345749633383655,0.2675468943354569
1317,2024-01-22,2024-02-19,0.047872677245402985,0.18822389454648158,0.2543390006925019,0.1485038935472622,0.3223664787628429,0.19353792814941684,0.24735553234012045,True,False,0.3436419908716435,0.26308106822999405
1318,2024-01-23,2024-02-20,0.053117660626467236,0.17501038861563978,0.30351147178539767,0.13203910176562333,0.4022873521265996,0.16941995714406907,0.3135265851903017,True,False,0.3696259871813237,0.2644299874140552
1319,2024-01-24,2024-02-21,0.031680419225562244,0.17544013055063412,0.18057681059704236,0.14051909204451823,0.22545277488361143,0.1748057288630866,0.18123215658667202,True,False,0.3687401781807792,0.2494578989666092
1320,2024-01-25,2024-02-22,0.12642750486349077,0.18136512706693556,0.6970882821195873,0.10958385815122113,1.1537055456564245,0.15204942986617104,0.8314895029515609,True,False,0.3566017119918374,0.22153973176451228
1321,2024-01-26,2024-02-23,0.13128687083558524,0.18121984018938234,0.7244619060384611,0.10031721944114019,1.308717202958522,0.15111757731459036,0.8687729989363027,True,False,0.35690726824648406,0.21402119946877476
1322,2024-01-29,2024-02-26,0.12787864917967887,0.17962957083054815,0.7119019913503661,0.10638672685537492,1.2020169522982003,0.1518116362405745,0.8423507732768966,True,False,0.36005920283968645,0.20977225266432747
1323,2024-01-30,2024-02-27,0.1162107113487968,0.18959036475490762,0.6129568425010831,0.13013376044383887,0.8930097074920789,0.18354563644804897,0.6331434165240385,True,False,0.34114091753344933,0.20661363043719944
1324,2024-01-31,2024-02-28,0.1160540398977556,0.16295451784961712,0.7121866974247151,0.08430117612687275,1.3766597956248556,0.12380407453093716,0.937400811220919,True,False,0.3969611704711967,0.2024913214821456
1325,2024-02-01,2024-02-29,0.18219479271604147,0.17089524335263873,1.066119741788754,0.09850217010301131,1.849652576440766,0.11423521066061904,1.5949092373744844,True,False,0.37840327716921945,0.19912260048274066
1326,2024-02-02,2024-03-01,0.19293287243255733,0.1640095734018321,1.1763512850549378,0.10012888654098549,1.926845280093918,0.11302669327080138,1.706967326473121,True,False,0.39429060569538615,0.20117972702201656
1327,2024-02-05,2024-03-04,0.16350160191030866,0.16331332994882883,1.001152826664785,0.08597768459538441,1.901674866911757,0.09613377639001512,1.7007716543557176,True,False,0.3960623972896509,0.1754326667300188
1328,2024-02-06,2024-03-05,0.10492086747819218,0.18488562513477713,0.5674906710660031,0.06538314757373366,1.6047081147304996,0.07962954404592808,1.3176123100450856,True,False,0.3498509057305421,0.15370093449589015
1329,2024-02-07,2024-03-06,-0.04141486642677704,0.17633976881123087,-0.23485834594186775,0.09398603045774963,-0.44064917121267966,0.12540965517506647,-0.3302366661399688,True,False,0.3668564466213142,0.1563235009472707
1330,2024-02-08,2024-03-07,-0.11298129032694383,0.15467004705091553,-0.7304665155351749,0.1093116940347682,-1.0335700249143378,0.1164438352025096,-0.9702642491159451,True,False,0.41829072835791753,0.16276869090147827
1331,2024-02-09,2024-03-08,-0.10264432863557021,0.15505953128904648,-0.6619672314385557,0.10327085706921228,-0.9939331535398979,0.11375735338072607,-0.9023093943829504,True,False,0.4172269099123093,0.1609342197051411
1332,2024-02-12,2024-03-11,-0.09570600947596586,0.1613872484665533,-0.5930208884861213,0.10475158707635863,-0.9136473455643301,0.11910703034895889,-0.8035294742515795,True,False,0.400847384963747,0.1623274317970352
1333,2024-02-13,2024-03-12,-0.12166048895960384,0.15490974511118574,-0.7853636894972785,0.10972775548804596,-1.1087485424128434,0.11472486342633803,-1.0604544239681661,True,False,0.4176286691868225,0.16500445880783463
1334,2024-02-14,2024-03-13,-0.11333968377820457,0.14828522781478956,-0.7643356351029619,0.09273243707455389,-1.2222226370162483,0.10668627252578543,-1.0623642676316305,True,False,0.4362742771394434,0.11886932830249065
1335,2024-02-15,2024-03-14,-0.06777937485316725,0.1399473782978816,-0.4843204329908711,0.09231161736055866,-0.7342453397650778,0.10272006243689692,-0.659845537913351,True,False,0.46240027348423957,0.13438814056601786
1336,2024-02-16,2024-03-15,-0.09098024392227276,0.1384213118117673,-0.6572704934771356,0.08711380907326174,-1.0443837192994212,0.10305569835610494,-0.8828259414427923,True,False,0.46751306232373074,0.13729890760539462
1337,2024-02-19,2024-03-18,-0.09331040606846867,0.14025721966628593,-0.6652805915480299,0.08870253963708814,-1.0519474013960914,0.10482519746548356,-0.8901524473559286,True,False,0.461385910617005,0.14251690489337598
1338,2024-02-20,2024-03-19,-0.08207384148213848,0.13989828416884356,-0.5866679635833372,0.0925167317341687,-0.8871243065304542,0.10514579604787383,-0.7805717828677574,True,False,0.46259064374291564,0.15864588704264712
1339,2024-02-21,2024-03-20,-0.09889694292231369,0.1369908832098612,-0.7219235368444917,0.07638104379470344,-1.2947838627098154,0.0917693874609128,-1.0776681163360353,True,False,0.4724108159547406,0.15700556156522713
1340,2024-02-22,2024-03-21,-0.09067937689668601,0.13571721836831266,-0.668149391705024,0.07562338938613017,-1.1990916782859407,0.09031435441302688,-1.0040416884561871,True,False,0.4768628285738782,0.1583125136062621
1341,2024-02-23,2024-03-22,-0.024491053237333575,0.10356714044745723,-0.23647513228154285,0.053506974242487945,-0.45771702818295634,0.08124492440965327,-0.301447178581209,True,False,0.6255388276961212,0.17267153523543713
1342,2024-02-26,2024-03-25,-0.02641983051985101,0.09034645369966995,-0.29242797517737573,0.0454103679949096,-0.5818017269274852,0.060213096792156064,-0.43877215966896943,True,False,0.7175754584751184,0.1746356865686039
1343,2024-02-27,2024-03-26,-0.0275492535556513,0.0901967688434584,-0.3054350384043645,0.04480294286965566,-0.6148983033502914,0.06034836074154238,-0.4565037594581595,True,False,0.7187722308465738,0.17478144895269074
1344,2024-02-28,2024-03-27,-0.033620210338147175,0.0894773172635067,-0.3757400351995038,0.042036410294098644,-0.7997878530286162,0.05973514937158617,-0.5628212315836123,True,False,0.7245760200671986,0.17431681041384128
1345,2024-02-29,2024-03-28,-0.03989374449151795,0.09192882858912074,-0.4339633725762405,0.04774827558638535,-0.8355012615972462,0.06902889050763901,-0.5779282297330732,True,False,0.705133479966715,0.1719724566900008
1346,2024-03-01,2024-03-29,-0.04066349552794649,0.09226759615727365,-0.44071263608769007,0.04938682585282009,-0.8233672609195337,0.07165094189413254,-0.5675221351315747,True,False,0.7025273425754344,0.1717686188890692
1347,2024-03-04,2024-04-01,-0.033141970012560105,0.09416428617045876,-0.35195902141248764,0.04804684047976835,-0.6897845869077611,0.06540597905645122,-0.5067116262254192,True,False,0.6883080688488202,0.19105134026804582
1348,2024-03-05,2024-04-02,-0.037753504889252554,0.09402063177655329,-0.4015448968581326,0.04814037895501542,-0.7842378001330477,0.0670050615369538,-0.5634425821462936,True,False,0.6893625652832651,0.1935637765993847
1349,2024-03-06,2024-04-03,-0.03383809397389454,0.09391265519267078,-0.36031452741350417,0.04786692268647086,-0.7069201877784085,0.06805772799019781,-0.4971969381459246,True,False,0.6901679471389212,0.2011850371511764
1350,2024-03-07,2024-04-04,-0.007821853881217474,0.09368296595787737,-0.08349280791061217,0.034830392187868105,-0.2245697906307794,0.05713347384829707,-0.1369049237577668,True,False,0.6918880115455529,0.19130991498440855
1351,2024-03-08,2024-04-05,0.0250987451740272,0.09495301003645869,0.264328062526824,0.028822293912502427,0.8708101183833935,0.038937578317530794,0.6445892697627535,True,False,0.6825398772105745,0.1859704793115974
1352,2024-03-11,2024-04-08,0.02637930965367642,0.09481546493232064,0.2782173738483062,0.03118342046692878,0.8459402226786729,0.03897811829356089,0.6767722714319493,True,False,0.6835342701125848,0.18651555545278886
1353,2024-03-12,2024-04-09,0.02594414895578895,0.09482922301812777,0.27358812115152953,0.030938747718842266,0.8385649345460898,0.039604623182621444,0.6550787981533751,True,False,0.6834437911214786,0.18681900739966603
1354,2024-03-13,2024-04-10,0.08996055296576395,0.09281107281183561,0.9692868559783726,0.08126350118395113,1.1070228534963789,0.07509552724828363,1.1979482169202038,True,False,0.698164664261909,0.23981307174483812
1355,2024-03-14,2024-04-11,0.06808623363448049,0.09271330330416389,0.734373937805996,0.0682051098155534,0.9982570780782497,0.06754898616545034,1.0079534497781248,True,False,0.6989734001627926,0.23439263034058866
1356,2024-03-15,2024-04-12,0.09316874352100606,0.08410534027145569,1.1077625180553057,0.07332165200622247,1.2706852747002926,0.06560938275484615,1.4200521268297448,True,False,0.7707875545945548,0.25587379377742486
1357,2024-03-18,2024-04-15,0.0980613125200301,0.08476587773936894,1.1568489011762593,0.07061777432232975,1.3886208318097975,0.06688190740431026,1.4661859436399756,True,False,0.7647287051550009,0.2557024398455363
1358,2024-03-19,2024-04-16,0.11636220525214708,0.07600299397994233,1.5310213342760655,0.06264124743618707,1.8575971905841402,0.055955091684433675,2.0795641960232594,True,False,0.8533170381503887,0.27697957461322503
1359,2024-03-20,2024-04-17,0.11205295505181782,0.0724959840982154,1.5456436166176022,0.05532298321825293,2.0254322622075764,0.051936744561810674,2.157488999304952,True,False,0.8950429341436006,0.2758821953700055
1360,2024-03-21,2024-04-18,0.10596193304341892,0.06987186467189985,1.5165178937328876,0.04777404809001575,2.217981043678059,0.048086932897723485,2.2035494188991067,True,False,0.9289451325269894,0.2760776070438958
1361,2024-03-22,2024-04-19,0.10375244386937653,0.07051042136330887,1.4714483598784112,0.049173128024871816,2.1099419141466544,0.04802209507098152,2.160514732146107,True,False,0.9204414578375677,0.27296500366615156
1362,2024-03-25,2024-04-22,0.11739236042053386,0.07599249717023526,1.544788825106725,0.04627016115776967,2.537107230300221,0.053151569637239986,2.2086339353990474,True,False,0.8534410909803261,0.26944567657669527
1363,2024-03-26,2024-04-23,0.1524893719097939,0.08298080716677039,1.8376462837162924,0.04804683524782433,3.1737651631633526,0.05521471933016154,2.761752187817338,True,False,0.7809118168581546,0.27676571969536223
1364,2024-03-27,2024-04-24,0.15860133211584626,0.08401025548570379,1.8878806069437057,0.051263400178131587,3.0938511991934528,0.056472180526166454,2.808486065848974,True,False,0.771236176178967,0.27708947420029983
1365,2024-03-28,2024-04-25,0.14507844504219616,0.08244924033929794,1.7596092389106845,0.051496305915829564,2.8172592667001415,0.058477199634977044,2.480940365609098,True,False,0.7860437289090109,0.2768324226928764
1366,2024-03-29,2024-04-26,0.1444679813360471,0.08248035876163191,1.7515440464263656,0.051617654078035355,2.798809514234045,0.058272204826716315,2.4791919537908447,True,False,0.7857409747753814,0.27678775088897833
1367,2024-04-01,2024-04-29,0.14754872980622746,0.08258292379538565,1.7866736006078754,0.05343278192090813,2.7613896282740984,0.0606765787144272,2.431724611578083,True,False,0.7847959517548687,0.2895690374915883
1368,2024-04-02,2024-04-30,0.14076487565374635,0.0827150269309973,1.7018053535928304,0.051673995005752045,2.7240950818313396,0.06111205484571996,2.3033896668850917,True,False,0.7835970189646437,0.28672991345705495
1369,2024-04-03,2024-05-01,0.13984540734015982,0.08254344581105606,1.6942036519806714,0.050790886093183794,2.7533563223053763,0.05956592595000757,2.3477416846928416,True,False,0.7852085381158846,0.28193641138476366
1370,2024-04-04,2024-05-02,0.14806082143296742,0.08235077569179768,1.7979286799567404,0.05228997207690603,2.831533763590568,0.06195793945864903,2.3896989268305764,True,False,0.7870272084652017,0.2988349922220737
1371,2024-04-05,2024-05-03,0.14690372310222125,0.08064799049881802,1.8215422627842697,0.04913222039603325,2.9899671115633457,0.059019281287483065,2.489080176809556,True,False,0.8037474211012181,0.3003661369920887
1372,2024-04-08,2024-05-06,0.15093512661760605,0.08022616262081533,1.8813703870019667,0.0501738732701535,3.0082414766928416,0.059680920241460655,2.529034840732074,True,False,0.8079927603334178,0.3041568692217795
1373,2024-04-09,2024-05-07,0.13621723239925143,0.07976722764931132,1.707684175738399,0.04320811936861042,3.1525841529268157,0.05866837804397782,2.321816912973851,True,False,0.8127525780347961,0.3008316009972238
1374,2024-04-10,2024-05-08,0.1339990638238566,0.07937796910411482,1.6881140363782665,0.042475011231859205,3.1547740645056734,0.05798092397951114,2.311088796570544,True,False,0.8167714810926341,0.3003337686305871
1375,2024-04-11,2024-05-09,0.10246961358032858,0.08152008874104816,1.256986040653457,0.032597515071143654,3.143479291494765,0.06180258710202556,1.6580149535029767,True,False,0.7954918620263068,0.2599566907392061
1376,2024-04-12,2024-05-10,0.11369707852134298,0.08214996245779972,1.3840186303158561,0.0364221794195931,3.1216440183747016,0.05724608116690097,1.9861111224340249,True,False,0.7892787176971761,0.2618755966828429
1377,2024-04-15,2024-05-13,0.0777729512654928,0.0924777840444675,0.8409906451488505,0.03553367940428553,2.1887108953910643,0.08867158351951489,0.8770899106406111,True,False,0.7008289041184548,0.23059325369124023
1378,2024-04-16,2024-05-14,0.0840438016955981,0.09296299517019171,0.9040565177760803,0.037262378855455545,2.255459910963074,0.08905334250391163,0.9437467402406204,True,False,0.6971174681344012,0.2293522512402247
1379,2024-04-17,2024-05-15,0.03974526710511075,0.1208611713239579,0.3288505867494615,0.05288287998667652,0.7515715315641716,0.07269166897655324,0.5467650924059897,True,False,0.5356050891544903,0.20703347538696668
1380,2024-04-18,2024-05-16,0.0568780002485428,0.12833787069516184,0.4431895273036272,0.055280860391606575,1.0288913711838452,0.08493680596434779,0.6696508021789439,True,False,0.5042777219884306,0.20718670414908208
1381,2024-04-19,2024-05-17,0.06889185137040411,0.13325269159413042,0.5170015745741131,0.04181645328653477,1.6474819348820249,0.08593852400014336,0.8016410820633735,True,False,0.4856185312995256,0.20759112475620528
1382,2024-04-22,2024-05-20,0.06091739836102655,0.13277969847926685,0.45878548497034444,0.04150732602442945,1.4676300353622673,0.08295967296869224,0.7343013319738602,True,False,0.48734219271515916,0.20512659642325465
1383,2024-04-23,2024-05-21,0.07212843393449216,0.13600866689683927,0.5303223359229056,0.043598790973832444,1.6543677547797808,0.08983324290207627,0.8029147296075748,True,False,0.475753731161791,0.20951526015654837
1384,2024-04-24,2024-05-22,0.06857474943392065,0.1370916322494558,0.5002110508768333,0.05015831542181526,1.3671661190617972,0.093961963083722,0.7298139287790227,True,False,0.47203791956860014,0.20821127039334972
1385,2024-04-25,2024-05-23,0.06083763246497612,0.13940752247313254,0.4364013604552876,0.05667885255964349,1.0733744548013975,0.0957726376791322,0.6352297894185697,True,False,0.46419209087254115,0.20959183196744333
1386,2024-04-26,2024-05-24,0.11600048656310523,0.16036524265253221,0.7233517977112203,0.04833640035462864,2.399857782376158,0.09992878535909896,1.1608315476491766,True,False,0.4033784220397489,0.2100365087335666
1387,2024-04-29,2024-05-27,0.11345359058588324,0.16044533267991676,0.7071168022831769,0.04798821620762956,2.36419687064437,0.09976711705891123,1.137184213901764,True,False,0.40317049232475666,0.2080497526861649
1388,2024-04-30,2024-05-28,0.13007137423664494,0.16121066712383758,0.8068409898504278,0.054753154362615415,2.375595995350646,0.0990299349570999,1.313455111254918,True,False,0.4012550955810557,0.19982555932239665
1389,2024-05-01,2024-05-29,0.20746566259368182,0.1436618132096471,1.4441253243193104,0.1019239869449224,2.0354939873554194,0.13563596621208365,1.529577061214601,True,False,0.4502237534375989,0.22930286930670055
1390,2024-05-02,2024-05-30,0.2094344170191838,0.147604833287704,1.4188859020013571,0.10144911471462116,2.0644282368390097,0.1465740482676642,1.4288642463959786,True,False,0.43816576800127277,0.2307385248505973
1391,2024-05-03,2024-05-31,0.17772992154894862,0.14538699134106914,1.2224609637323391,0.08144019363740455,2.182336676902488,0.14153262875888928,1.2557522820530944,True,False,0.4449547295722931,0.21061960438801908
1392,2024-05-06,2024-06-03,0.17642305968202457,0.15415696354880126,1.144437822467712,0.09058780827694506,1.9475364625520464,0.1572524153967398,1.121910014780493,True,False,0.4196042190938476,0.20877270248707733
1393,2024-05-07,2024-06-04,0.16881623769820522,0.13948581542545688,1.210275304218463,0.07739885073506202,2.1811207284726613,0.12136656569818544,1.3909616435717371,True,False,0.463799027378032,0.21257970068943563
1394,2024-05-08,2024-06-05,0.19974609985004146,0.13947131370327526,1.4321661892064816,0.0681230521310133,2.9321366791654104,0.11847157165456235,1.6860255760973457,True,False,0.46379902737803186,0.21411127765561325
1395,2024-05-09,2024-06-06,0.2081525457773649,0.1439657730873151,1.445847449109453,0.07119570743086064,2.92366707612963,0.12718052382739864,1.6366699830538232,True,False,0.44928688840521136,0.2159891240441104
1396,2024-05-10,2024-06-07,0.25991512375611636,0.14281144082681654,1.8199881063542254,0.07415711746843709,3.5049248491453566,0.12724874754716042,2.0425751040086872,True,False,0.45270332050481576,0.2991885311568827
1397,2024-05-13,2024-06-10,0.25013305122697377,0.1373841712256927,1.8206831907589913,0.059446823590994,4.2076773175962945,0.11664748808097009,2.1443500871047094,True,False,0.47059015514480695,0.3007210242374194
1398,2024-05-14,2024-06-11,0.2525333721572339,0.13625308605699998,1.8534139626869761,0.06243300986038464,4.044869416386617,0.11415892936330108,2.2121210628523675,True,False,0.4744763895708919,0.300406113005638
1399,2024-05-15,2024-06-12,0.25858562438932325,0.13474191645691658,1.919117904724217,0.059592103444859074,4.3392598925224055,0.11208863388630085,2.306974538128677,True,False,0.47979259603336416,0.3031654462051601
1400,2024-05-16,2024-06-13,0.19516250379369007,0.14274503875977887,1.3672104157828062,0.06699065525836835,2.913279516986225,0.09904367960542249,1.9704690351892502,True,False,0.45291165260756255,0.27667892065149186
1401,2024-05-17,2024-06-14,0.06813245529212827,0.11131388273938206,0.6120750944574095,0.08662403736044,0.7865305909101326,0.1303805197042035,0.5225662196062842,True,False,0.5814551288958884,0.2724084870856199
1402,2024-05-20,2024-06-17,0.0639417094263133,0.11229617458536334,0.5694023831391266,0.09542749295117406,0.6700554258407416,0.13206227669790443,0.48417845750593463,True,False,0.5763437859350546,0.2717059969407809
1403,2024-05-21,2024-06-18,0.08429722516540455,0.11047171259326533,0.7630661568158178,0.0905549383956554,0.9308959473539759,0.14262521514107726,0.5910401262639445,True,False,0.5859050642764678,0.2798795535556988
1404,2024-05-22,2024-06-19,0.08841964691566867,0.10985667115144783,0.8048637009378685,0.09053865548920245,0.9765955374300153,0.14209214238884307,0.6222697851490153,True,False,0.589223129970116,0.2808043079282278
1405,2024-05-23,2024-06-20,0.08903689967956833,0.10948352770064085,0.8132447094965791,0.08976211583497595,0.9919206878240159,0.14028095594530468,0.6347041127541481,True,False,0.5912298511408167,0.2811404491444189
1406,2024-05-24,2024-06-21,0.0911114202730165,0.10966583873520108,0.8308094965927717,0.09050213886330094,1.0067322321590195,0.13691707834009112,0.6654496384059773,True,False,0.5903108027631269,0.28311142601464184
1407,2024-05-27,2024-06-24,0.08584376406269088,0.11041362764549323,0.77747435613936,0.087260153915522,0.9837681944246587,0.1302562466920449,0.6590375989079807,True,False,0.5863700087606443,0.29414559271211677
1408,2024-05-28,2024-06-25,0.07164285942865443,0.1089687616594942,0.6574623620347653,0.0811660089218744,0.8826707186947386,0.12320095795267696,0.581512194541323,True,False,0.5941496098164756,0.2943594317058898
1409,2024-05-29,2024-06-26,0.06700701649585188,0.10557476381245383,0.6346878181502271,0.06905564424034018,0.9703336668997209,0.10711343590016231,0.6255706012297785,True,False,0.6132447068813156,0.2909428808849952
1410,2024-05-30,2024-06-27,0.028435829559581294,0.10737239412532426,0.2648337106686026,0.054252226577880806,0.5241412445765844,0.0853656765457015,0.33310612309571336,True,False,0.6031056527253189,0.2681613337131914
1411,2024-05-31,2024-06-28,0.028787999613162297,0.10736010192834416,0.26814430217639323,0.05427526936900296,0.5304073097719779,0.08650205171465941,0.33280135028616464,True,False,0.6031577885648516,0.26549918771034325
1412,2024-06-03,2024-07-01,0.020199345610140692,0.10716701477799175,0.18848472780534065,0.05677735812163941,0.35576409819678045,0.08455254633854445,0.23889695207124165,True,False,0.604229051326049,0.26673085153206627
1413,2024-06-04,2024-07-02,0.022454420871210305,0.10719729784842574,0.2094681612493655,0.058513418089733836,0.38374823423877075,0.08158115475131283,0.2752402921932036,True,False,0.6041423098390769,0.26997648537427027
1414,2024-06-05,2024-07-03,0.046463204129109384,0.10765478896003525,0.4315944007503275,0.06665768619123198,0.6970419584594141,0.10331994748659651,0.44970216554878684,True,False,0.6016318197347615,0.28459452528914936
1415,2024-06-06,2024-07-04,0.03780552504188259,0.1088821034943826,0.3472152339877695,0.061948549102409135,0.6102729699025728,0.10268695694166775,0.3681628725579857,True,False,0.5948160785199954,0.2812100609129704
1416,2024-06-07,2024-07-05,0.05480096800606817,0.10558157572056202,0.5190391186347456,0.07035496184728887,0.7789211530669023,0.10675948916555472,0.5133123850104498,True,False,0.6134702801030145,0.28575344096821165
1417,2024-06-10,2024-07-08,0.033736885433355596,0.10481533026447211,0.3218697622592995,0.05190358892370293,0.6499913808069812,0.0797565156079827,0.4229984870349442,True,False,0.6180458631004759,0.19522914248758838
1418,2024-06-11,2024-07-09,1.969109414033323e-05,0.10934348765989778,0.00018008474543614752,0.03908842821585085,0.0005037576346533228,0.06785730707620652,0.00029018384296063105,True,False,0.5923580773581126,0.18313652412346118
1419,2024-06-12,2024-07-10,-0.007381028046890079,0.11229481054996533,-0.06572902176637901,0.0372904018083621,-0.19793372259225528,0.06684214273136571,-0.11042476714958044,True,False,0.5767128507813922,0.1841003684784658
1420,2024-06-13,2024-07-11,-0.023463411943452948,0.1120952449730772,-0.20931674621067414,0.038624844538804,-0.6074694208770395,0.06606504514700229,-0.3551562235558028,True,False,0.5777115954106354,0.19421003458893402
1421,2024-06-14,2024-07-12,-0.008292581915970033,0.11107875620537028,-0.07465497633623228,0.0337531495210162,-0.24568320389795642,0.06601998477497434,-0.12560714674859233,True,False,0.5829565992505352,0.19471978212528715
1422,2024-06-17,2024-07-15,0.022724295722181515,0.1546930863415359,0.14689923292376592,0.054859995606346065,0.41422343314137683,0.12998243199098644,0.17482590050136404,True,False,0.4182305844679818,0.19679572945174661
1423,2024-06-18,2024-07-16,0.06383130732912502,0.16377841979265848,0.38974186837273617,0.05456201659375869,1.1698854132240164,0.1260323828558246,0.506467511624732,True,False,0.3949679011969354,0.19738511108289383
1424,2024-06-19,2024-07-17,-0.008772371705033597,0.1461371856823448,-0.060028333405173884,0.058771866697672336,-0.149261410228119,0.1322115657116136,-0.06635101594794156,True,False,0.44275144961879753,0.1960109265853822
1425,2024-06-20,2024-07-18,0.0041370239661746725,0.14648364355228422,0.028242224632390782,0.05743241279631538,0.07203291250964275,0.13153263930308653,0.0314524515595088,True,False,0.44172755915352924,0.2050179993775909
1426,2024-06-21,2024-07-19,-0.0057169947105446825,0.1502477173499832,-0.03805045967671948,0.05859494040167467,-0.09756806084883889,0.14004193778131202,-0.04082344761233082,True,False,0.4306546186080054,0.21268544219968513
1427,2024-06-24,2024-07-22,-0.0033985321789546043,0.1510295824412088,-0.022502427167058806,0.061176815570587274,-0.05555261657961416,0.14275441434390065,-0.02380684474504175,True,False,0.42843406800392897,0.21362293589563003
1428,2024-06-25,2024-07-23,0.022566774224957807,0.15065821176183428,0.1497878805347308,0.06795166281342714,0.3321003974092397,0.14293205135604245,0.15788463126961058,True,False,0.4295140549923176,0.20618650080260403
1429,2024-06-26,2024-07-24,0.045312128430363786,0.13762120775325778,0.32925251253138454,0.05576325635751017,0.8125803869820305,0.11153063278686116,0.4062751846567284,True,False,0.4702826832406768,0.2042601725540341
1430,2024-06-27,2024-07-25,-0.014887721259134047,0.13524087511940125,-0.11008300002488153,0.051719290365094185,-0.28785625545206445,0.10082838384435773,-0.1476540701288564,True,False,0.47857203161524564,0.19457664660833246
1431,2024-06-28,2024-07-26,-0.06458765183480826,0.11710391197038864,-0.5515413682434465,0.05364151661876907,-1.2040608824286887,0.09240761934597755,-0.6989429258315778,True,False,0.5529069881939999,0.19616294366799517
1432,2024-07-01,2024-07-29,-0.048352903389958304,0.11681876707466907,-0.4139138308064127,0.05526943888003124,-0.8748578666578092,0.0956398520417061,-0.5055727540112969,True,False,0.5543004853542509,0.21386989584788874
1433,2024-07-02,2024-07-30,-0.028044005766853747,0.11881295589728391,-0.23603491349123853,0.06860756378145469,-0.4087596792707326,0.10483653383974098,-0.26750222217116976,True,False,0.5449791031553516,0.21039267894341854
1434,2024-07-03,2024-07-31,-0.10652420100396716,0.11102563821869722,-0.9594558762556881,0.09303124074529608,-1.14503687310387,0.11254894295072473,-0.9464700263831418,True,False,0.5831831039648071,0.23734748884824566
1435,2024-07-04,2024-08-01,-0.14844731221720073,0.11534803455780845,-1.2869513796769902,0.08013861061461966,-1.8523819052849855,0.10242290987248268,-1.4493565199623677,True,False,0.5611768506673301,0.2238855465662884
1436,2024-07-05,2024-08-02,-0.1966000951623363,0.09781374910635275,-2.009943356210315,0.08054175338981398,-2.4409711346959586,0.08034663133418837,-2.446899041038959,True,False,0.6617892207668629,0.23505707159592296
1437,2024-07-08,2024-08-05,-0.13796930282186334,0.060786206097557,-2.2697468994928496,0.0352393080438874,-3.915210328478498,0.09481734079735678,-1.4551062248911912,True,False,1.0688582624545915,0.22984474907106042
1438,2024-07-09,2024-08-06,-0.14311348335716317,0.060697875501040506,-2.357800535452182,0.03409649442448226,-4.197307839787881,0.09957969356093224,-1.437175374210133,True,False,1.070361498704718,0.22897267436965757
1439,2024-07-10,2024-08-07,-0.14085444406861675,0.0615772190615991,-2.2874440615402305,0.035875919909371744,-3.926155605889337,0.10313520709986584,-1.3657260990636044,True,False,1.0549297767267876,0.22950092698787897
1440,2024-07-11,2024-08-08,-0.14533547635738642,0.06174654136361988,-2.3537427870092147,0.03547441708468067,-4.096909499892764,0.1068927591408277,-1.359638178727445,True,False,1.051920893631335,0.22704342681037354
1441,2024-07-12,2024-08-09,-0.12152969776070519,0.05945031806006402,-2.0442228355771106,0.04269288965443004,-2.846602765575382,0.0672825804863141,-1.8062579776562742,True,False,1.093499023503738,0.2337561449022703
1442,2024-07-15,2024-08-12,-0.1404715045432352,0.05896341262947478,-2.3823503131671853,0.03947504796319077,-3.55848850834128,0.0821462967632613,-1.7100162767904468,True,False,1.1023203245990034,0.23012999886284416
1443,2024-07-16,2024-08-13,-0.14243047136657835,0.05889503787547379,-2.418378126655251,0.039626037198302565,-3.5943657614261655,0.08860561944216962,-1.6074654436509943,True,False,1.1035177657957471,0.23201751088385172
1444,2024-07-17,2024-08-14,-0.12024114947029897,0.05787227027762427,-2.077698851167914,0.04164763718667252,-2.887106150376685,0.06846439857243919,-1.7562580257398606,True,False,1.1236081537006513,0.2549484632903996
1445,2024-07-18,2024-08-15,-0.12501473467522586,0.05422160622764023,-2.3056258081026346,0.03293954742949614,-3.7952778477848734,0.059353891045962594,-2.106260136819281,True,False,1.2003392978204253,0.2539376640903424
1446,2024-07-19,2024-08-16,-0.12027490638425778,0.05375837982907569,-2.2373238696305733,0.03134348249439004,-3.837317898730142,0.05816646633294711,-2.067770555216464,True,False,1.2108781952127483,0.2508752462972756
1447,2024-07-22,2024-08-19,-0.134443558304875,0.052423406701030566,-2.5645711861421634,0.034624886371210646,-3.882859191609074,0.07161346671243465,-1.8773502314129809,True,False,1.2413455593049718,0.25582612525763415
1448,2024-07-23,2024-08-20,-0.13345128916497243,0.05250688753402562,-2.541595882606697,0.03481970511811443,-3.8326369712863078,0.07169748045696978,-1.8613107226977808,True,False,1.2392446689948304,0.25476256225263216
1449,2024-07-24,2024-08-21,-0.13263146636896703,0.052513546219390174,-2.5256619656738017,0.03473628106431272,-3.818240246369656,0.07146714989912192,-1.8558381935781743,True,False,1.2390492726447953,0.2525959124532163
1450,2024-07-25,2024-08-22,-0.1406520266472528,0.05276570927838535,-2.6655952998791337,0.037545984400673665,-3.746127019770699,0.07859057023661745,-1.7896806986357665,True,False,1.2330344327709488,0.2701382099397862
1451,2024-07-26,2024-08-23,-0.12954398786163812,0.05300702430808716,-2.443902285642431,0.03681064712250674,-3.519198872829172,0.08191173749822175,-1.581507019851098,True,False,1.227276249048324,0.3095637187903993
1452,2024-07-29,2024-08-26,-0.11406734748755282,0.05480164968571794,-2.0814582798459136,0.03479225749060667,-3.278526767581813,0.0714228460294838,-1.5970708789798869,True,False,1.186797875582241,0.3124471172767087
1453,2024-07-30,2024-08-27,-0.11592282250720455,0.05461948160056937,-2.122371342792022,0.03364592074678975,-3.445375247109713,0.0754467269432071,-1.5364857721987863,True,False,1.1905930256084414,0.2993093155188426
1454,2024-07-31,2024-08-28,-0.11392339093347265,0.054657426693204655,-2.0843167676541254,0.033236010817149844,-3.4277095274830023,0.07435258909071897,-1.5322047601391877,True,False,1.189681496411433,0.2967405994717499
1455,2024-08-01,2024-08-29,-0.10197246677752177,0.055117156527967545,-1.8501039095835596,0.030534678602678868,-3.3395624727019566,0.057693077737963755,-1.7674991658560948,True,False,1.1805683361504202,0.29003513815444076
1456,2024-08-02,2024-08-30,-0.1053139550307134,0.05453863778989386,-1.9309971663837253,0.030145998934235176,-3.4934637681259275,0.05977786182904383,-1.7617551349008822,True,False,1.193179376938998,0.28638394613988866
1457,2024-08-05,2024-09-02,-0.08956128585381276,0.05662721412283909,-1.5815944195935747,0.03312488108110083,-2.7037466378984627,0.04752909047423824,-1.8843467224006074,True,False,1.1491439695589847,0.28007048337075136
1458,2024-08-06,2024-09-03,-0.09156204066825822,0.09249369999575707,-0.9899273212387266,0.08370855346170779,-1.0938194112999813,0.12228941031676997,-0.7487323753633474,True,False,0.7006239770399567,0.2932316981318409
1459,2024-08-07,2024-09-04,-0.09053604612489764,0.09301233705383101,-0.9733767475652159,0.0838100096970059,-1.0802533784712356,0.12287297323710297,-0.7368263641687414,True,False,0.6966481988659289,0.2951737428840298
1460,2024-08-08,2024-09-05,-0.09176695516844979,0.09168345420686902,-1.000910752788528,0.07925784620833425,-1.1578280202976317,0.1181170702964607,-0.7769152666767382,True,False,0.7067815349786022,0.2951289473640612
1461,2024-08-09,2024-09-06,-0.0911635019915544,0.09253092614385348,-0.9852219770266515,0.0840729165970422,-1.0843385204357434,0.12185246584416225,-0.74814655050267,True,False,0.700323209075627,0.29533283417057193
1462,2024-08-12,2024-09-09,-0.1445566590615805,0.09383527290492917,-1.5405364591206612,0.06633427327620868,-2.1792152370413755,0.1033015690983727,-1.3993655694031244,True,False,0.6903380207827177,0.2850402097721964
1463,2024-08-13,2024-09-10,-0.13452814487306136,0.09562701176474213,-1.406800676821548,0.0693125471039936,-1.940891663831385,0.10954240060166072,-1.228091991175715,True,False,0.6774021362356983,0.2850123386274484
1464,2024-08-14,2024-09-11,-0.1284074002438568,0.09750368955391533,-1.3169491414255976,0.0747674513892358,-1.717423796825359,0.11755136689244092,-1.0923514003997004,True,False,0.6643405985645213,0.2856459398938764
1465,2024-08-15,2024-09-12,-0.15169107556624906,0.09886819817935247,-1.5342757161516478,0.07825103395749433,-1.9385184820515864,0.10693580372068417,-1.4185246688982247,True,False,0.6550249728856309,0.2720593879354255
1466,2024-08-16,2024-09-13,-0.19032153110449082,0.11823066081674449,-1.6097476728095594,0.10217620224043807,-1.862679635093813,0.14528239984160235,-1.3100109257005217,True,False,0.5472324011619428,0.3043700355260392
1467,2024-08-19,2024-09-16,-0.2120098763453857,0.12127243691500195,-1.748211561824063,0.10805157858947821,-1.962117343522371,0.14362562854400157,-1.476128449320824,True,False,0.5333852068653864,0.30396629181500756
1468,2024-08-20,2024-09-17,-0.12290711870865169,0.14745659371540826,-0.8335138877944167,0.16032858566402747,-0.7665951657941187,0.1664130000420184,-0.7385668107516739,True,False,0.43877534284007347,0.2914418893785797
1469,2024-08-21,2024-09-18,-0.11558513479728715,0.14974081507938264,-0.7719013332204154,0.17043964351521057,-0.6781587453095791,0.17348505924013713,-0.6662541160809404,True,False,0.43208336678204573,0.29097772584110454
1470,2024-08-22,2024-09-19,-0.10770890431250915,0.15011722073416978,-0.7174986572875738,0.17373743429658242,-0.6199521982616725,0.17856130113667532,-0.6032040740455069,True,False,0.4309952263409859,0.2936964237858199
1471,2024-08-23,2024-09-20,-0.12495568712529209,0.14487189840203088,-0.862525365537285,0.16804388246539567,-0.7435896224965137,0.1694369139542607,-0.7374761745189938,True,False,0.446584213939863,0.2773353505114708
1472,2024-08-26,2024-09-23,-0.18106485278723725,0.14611266536656284,-1.2392139472166048,0.12661875761219568,-1.430000232207281,0.15341522404092778,-1.1802274117132805,True,False,0.4427348776745887,0.22578244458117774
1473,2024-08-27,2024-09-24,-0.25551024450598975,0.16265220962360116,-1.57089931392432,0.1372457321035456,-1.86169901671856,0.1705443203233372,-1.4982043613153728,True,False,0.397523190163855,0.22734399721972037
1474,2024-08-28,2024-09-25,-0.2227235178847754,0.1611635320808424,-1.381972180735363,0.1364919977425972,-1.631769785543014,0.168533752700536,-1.3215365724427204,True,False,0.4012629321099618,0.23300577853167767
1475,2024-08-29,2024-09-26,-0.2589328122198624,0.1622753312617262,-1.5956387838287136,0.1289760427012012,-2.0076039456392074,0.168269758159544,-1.5387958897186786,True,False,0.3984239295903708,0.24091583960998483
1476,2024-08-30,2024-09-27,-0.3077787557423228,0.1658663336961657,-1.855583040173255,0.11598123049365638,-2.6536945196417516,0.1685013481889593,-1.826565538200776,True,False,0.38967529544677887,0.23079946661544248
1477,2024-09-02,2024-09-30,-0.2487395665683579,0.16392757669155153,-1.5173747552944665,0.12049126161703341,-2.0643784721828697,0.16792032476642044,-1.4812951732576636,True,False,0.39440224025698384,0.23305828137699253
1478,2024-09-03,2024-10-01,-0.10853988093449887,0.13945194960206067,-0.7783317568827663,0.1473471547951114,-0.7366269208619964,0.18636685242041606,-0.5823990668128523,True,False,0.46400237765386115,0.24671138555316385
1479,2024-09-04,2024-10-02,-0.1340787341712159,0.13995554874557983,-0.958009420655074,0.16673846014127755,-0.8041260190217119,0.207896897936514,-0.6449289792296943,True,False,0.46223703657430804,0.2296757900707734
1480,2024-09-05,2024-10-03,-0.10357339070992021,0.13905160701832533,-0.7448557620500601,0.16294102199826857,-0.6356495708675547,0.1847171341073682,-0.5607134996459906,True,False,0.46536928940795147,0.2501139312382529
1481,2024-09-06,2024-10-04,-0.1183730518162018,0.1300468090989285,-0.9102341890307643,0.1473463842255423,-0.8033658405557398,0.1747275468344931,-0.6774721786046027,True,False,0.49766199529800775,0.250855861109364
1482,2024-09-09,2024-10-07,-0.10584323897714433,0.13243146534789213,-0.7992302939418393,0.14247244420324665,-0.7429032299477627,0.16991393731666957,-0.6229226433608192,True,False,0.48870173158843283,0.2536390127022148
1483,2024-09-10,2024-10-08,-0.07550856558858658,0.14278219031574566,-0.5288374230820276,0.13445453076970834,-0.5615918270386626,0.18261995139940224,-0.4134738017942203,True,False,0.4532285965297229,0.25430405810338796
1484,2024-09-11,2024-10-09,-0.08283253506156779,0.13961012424766145,-0.5933132393366184,0.13138195651171874,-0.6304711640839316,0.17883862001427012,-0.46316916924855667,True,False,0.46354132229976414,0.25186401790018104
1485,2024-09-12,2024-10-10,-0.08200613407102832,0.13962062884583035,-0.5873496971681729,0.12882104282403195,-0.6365895840716624,0.1771710050634433,-0.46286430469626044,True,False,0.46351192577748895,0.25104058985403344
1486,2024-09-13,2024-10-11,-0.10546112526368834,0.14138167691517559,-0.7459320582748611,0.15020774326845254,-0.7021017889550962,0.18202259475397548,-0.5793848033329665,True,False,0.45769543919918537,0.2438600915798195
1487,2024-09-16,2024-10-14,0.002112064413876855,0.14613331323353435,0.014452997520843065,0.061992715512401625,0.03406955795402021,0.10853561326429886,0.019459644169823716,True,False,0.4427798572230115,0.1906030120761573
1488,2024-09-17,2024-10-15,0.05435368508716494,0.14694764310903138,0.3698847013615312,0.0491935622556374,1.1048942706103013,0.08747267361130344,0.6213790300807865,True,False,0.44020868795058976,0.20287485664153473
1489,2024-09-18,2024-10-16,0.06778283068861554,0.14612730902015536,0.46386148587233783,0.05564352744651832,1.21816200013137,0.08395813034845864,0.8073408782126357,True,False,0.44263069696112495,0.21032388929015156
1490,2024-09-19,2024-10-17,0.059648815745955396,0.1400631565444118,0.4258708515329062,0.045902662464578546,1.2994630930609803,0.07457263997893573,0.7998753398405123,True,False,0.4618150741652987,0.20875400613660944
1491,2024-09-20,2024-10-18,0.052354147753901625,0.14079470759446247,0.3718474127926719,0.05078088143021648,1.0309814693911357,0.07238544576547555,0.7232689831534075,True,False,0.4594029440896555,0.20501525705798804
1492,2024-09-23,2024-10-21,0.06398368183117875,0.14707345159193655,0.43504576209107426,0.05119169959294141,1.2498839136022974,0.07663430953364862,0.8349221415387682,True,False,0.4396583211502641,0.21844459209477007
1493,2024-09-24,2024-10-22,0.03534781378219668,0.14279718528528906,0.24753858916460172,0.049977687047600784,0.7072719021296441,0.07670088109930853,0.4608527734698389,True,False,0.45290470974807945,0.22065253760550502
1494,2024-09-25,2024-10-23,0.00963753544790837,0.12241180019527943,0.07873044455300823,0.04372406325439418,0.22041719663233303,0.05319773725938878,0.18116438676548138,True,False,0.5284396851825796,0.20530714565726899
1495,2024-09-26,2024-10-24,0.029279540886781107,0.11781491894619267,0.2485215043109556,0.03715905896474951,0.7879516247856757,0.056870198399266034,0.5148485799402274,True,False,0.5492398705336174,0.21216870928253964
1496,2024-09-27,2024-10-25,0.04194185146972931,0.11563049020996499,0.36272311389124234,0.03814946327662257,1.099408690644166,0.057028294534121476,0.7354568782454899,True,False,0.5594614674782139,0.18946913884687017
1497,2024-09-30,2024-10-28,0.027816116500530993,0.11094247283222647,0.25072558588626476,0.03516970495165582,0.7909112839805438,0.05111193077662326,0.5442196387003457,True,False,0.5831938877092846,0.18781616253282116
1498,2024-10-01,2024-10-29,0.0034648452979690342,0.10594195897897743,0.03270512770730037,0.041051944613757885,0.08440149012594761,0.05234629828537137,0.06619083701162715,True,False,0.6109174850799208,0.1890832582866956
1499,2024-10-02,2024-10-30,-0.0028299021655777508,0.11406346339636403,-0.02480989162799662,0.04033776053003472,-0.0701551630133423,0.0568573996692409,-0.049771923831203456,True,False,0.5673366285681637,0.1873883642050909
1500,2024-10-03,2024-10-31,-0.007808450934807741,0.1144709255188047,-0.06821339916156273,0.038318903271846366,-0.2037754285244578,0.05634948172808524,-0.13857183234599155,True,False,0.5652821742265993,0.18348053407615558
1501,2024-10-04,2024-11-01,-0.014214877163308586,0.11209990830149819,-0.12680543078658885,0.03814061960301417,-0.37269654534362145,0.04956593556376061,-0.28678722597746303,True,False,0.5774121534114536,0.16920053630762466
1502,2024-10-07,2024-11-04,-0.006796598768743496,0.12139168682821648,-0.055988996827776874,0.037538599858920565,-0.18105626726321206,0.05309954753266951,-0.1279973010045309,True,False,0.533174898898524,0.17975318816029226
1503,2024-10-08,2024-11-05,-0.004514543184540499,0.12097674910867016,-0.037317445028095496,0.03878644993344845,-0.11639485418971722,0.05197984007141686,-0.08685180982353574,True,False,0.5350470640370834,0.18074344638102308
1504,2024-10-09,2024-11-06,-0.23277491183601445,0.08213908496266262,-2.833911674835741,0.11956465949282322,-1.946853801310634,0.23642515517975,-0.9845606811975641,True,False,0.7874559298432133,0.25657460334803966
1505,2024-10-10,2024-11-07,-0.17775736860578037,0.08112930223613925,-2.1910378088596194,0.11216444056182345,-1.5847925395553775,0.30135106297379743,-0.5898680656760664,True,False,0.7984116292887767,0.31690474557307047
1506,2024-10-11,2024-11-08,-0.20987338966399727,0.07883139495035221,-2.662307191140978,0.10855038586892503,-1.9334191028802064,0.22687102038601378,-0.9250779994152819,True,False,0.8211281999486573,0.3401599569698318
1507,2024-10-14,2024-11-11,-0.21061428616098168,0.07397586401908228,-2.8470676071678342,0.08874487711171708,-2.3732557079982035,0.19248643112311115,-1.0941773138610287,True,False,0.8753023060744508,0.3381827055461639
1508,2024-10-15,2024-11-12,-0.1810276009211952,0.07342729201011203,-2.4653993898653512,0.07999713286028372,-2.2629261130816127,0.2054847405368911,-0.880978317164602,True,False,0.8818163223888068,0.38425077236282634
1509,2024-10-16,2024-11-13,-0.18576012603913564,0.07284874830440033,-2.5499425915038687,0.0813244240639889,-2.2841861860954964,0.19374811777033116,-0.9587712550546453,True,False,0.88892660877296,0.3785983594756293
1510,2024-10-17,2024-11-14,-0.19052661522868397,0.07191788770360937,-2.6492242933203105,0.07988068962948085,-2.385139839333185,0.18954315197269822,-1.0051885981938689,True,False,0.9006523550775405,0.3762471809582062
1511,2024-10-18,2024-11-15,-0.1922764551942163,0.0727158368164313,-2.6442170455881815,0.08461361683271282,-2.2724055818859585,0.19345610318314627,-0.9939022446460984,True,False,0.8907818013060641,0.37886246588801636
1512,2024-10-21,2024-11-18,-0.19384818840975554,0.07277553440250968,-2.6636450010468167,0.08463401201797562,-2.290428916079078,0.1945363008548329,-0.9964628069822771,True,False,0.8900637410928256,0.381360525280741
1513,2024-10-22,2024-11-19,-0.19391340444163443,0.0727852544929925,-2.664185291270826,0.09140936993393375,-2.121373384170415,0.2015688857902896,-0.9620205205846112,True,False,0.8902227059649723,0.3768751120050953
1514,2024-10-23,2024-11-20,-0.1860990012173533,0.07349142294703291,-2.532254700680914,0.09211648684968174,-2.0202572588448238,0.20439538852957195,-0.9104853223752084,True,False,0.8815333814500695,0.381448287132558
1515,2024-10-24,2024-11-21,-0.20709101195011465,0.07809888476740047,-2.651651333650762,0.09166441121304708,-2.259230264063904,0.22468955558853368,-0.9216761829791206,True,False,0.8289426857734947,0.38073336210390263
1516,2024-10-25,2024-11-22,-0.2126350974804942,0.07847153500385158,-2.709709928193166,0.08313968129765205,-2.5575645006291268,0.2237297974686821,-0.9504102711676528,True,False,0.8247213077441113,0.3790278976511412
1517,2024-10-28,2024-11-25,-0.19936386814912177,0.07846608810719893,-2.5407647170680216,0.09546081968400051,-2.088436583815922,0.24288283712491943,-0.8208232022857384,True,False,0.8252053882662871,0.39362463812498255
1518,2024-10-29,2024-11-26,-0.19814238091888106,0.0802787259432418,-2.4681804374794205,0.10065126255334228,-1.9686030347992036,0.25742697270774106,-0.7697032631612917,True,False,0.8063955784263948,0.3972445902436589
1519,2024-10-30,2024-11-27,-0.22147097077179734,0.08398672238223068,-2.6369759944180724,0.10565350015609846,-2.0962009819322938,0.2841219070661568,-0.7794927644218177,True,False,0.7705699470820746,0.41681177581572704
1520,2024-10-31,2024-11-28,-0.2239906267533723,0.08395255770001614,-2.668061973212869,0.1036900986549612,-2.160193014173154,0.28476684702064525,-0.7865755058808979,True,False,0.7708528248695651,0.41639961579469026
1521,2024-11-01,2024-11-29,-0.2221766517362962,0.0839411428003884,-2.646814712359005,0.10665410577772029,-2.0831514184680193,0.28916049047619674,-0.7683506531975033,True,False,0.77104316494584,0.4200613335306614
1522,2024-11-04,2024-12-02,-0.19109199930537227,0.08152263230031614,-2.3440361763764,0.11306226526596772,-1.6901483342461552,0.3005672684342824,-0.6357711546596886,True,False,0.7942826816808064,0.4271608888725434
1523,2024-11-05,2024-12-03,-0.1912525331892305,0.0814135878847726,-2.3491475828324466,0.10840704426944037,-1.7642076165630136,0.2988957428186871,-0.6398636908831654,True,False,0.7953350492967206,0.42602485794969547
1524,2024-11-06,2024-12-04,-0.17369637706420865,0.07949629673303461,-2.184961868695819,0.11599250707669245,-1.4974792893248121,0.28219246887184196,-0.615524495599112,True,False,0.8148404049322018,0.4287018128716277
1525,2024-11-07,2024-12-05,0.10679159796244875,0.10482094497930963,1.0188001833367186,0.09289368876241304,1.149610908826985,0.1812089731761699,0.589328420610975,True,False,0.6178524974281626,0.389154817640603
1526,2024-11-08,2024-12-06,0.021367882358629256,0.10802943065325951,0.197796861738663,0.12120097922983904,0.17630123530692232,0.1621575775942967,0.13177233327997614,True,False,0.5994378817444697,0.3483319490494595
1527,2024-11-11,2024-12-09,0.1318071514132179,0.1159456252902648,1.136801419486457,0.06955088687308891,1.8951181981867378,0.13736113448053067,0.959566560888444,True,False,0.558308066993563,0.32375238249996235
1528,2024-11-12,2024-12-10,0.22332556395530653,0.1347816331161594,1.6569435967795179,0.08648639450734441,2.5822045794306034,0.13613831652554095,1.6404313616836033,True,False,0.4798384706320252,0.3279399288434909
1529,2024-11-13,2024-12-11,0.12744075465995486,0.1392856518834527,0.9149596741421071,0.08729739393297097,1.4598460379906293,0.10846270135735032,1.1749730835126246,True,False,0.4645712848950013,0.2566624077194945
1530,2024-11-14,2024-12-12,0.164358658054539,0.1446225109105491,1.136466633166098,0.08450255322064452,1.9450141065605708,0.1040590942008901,1.5794742335277132,True,False,0.4473346421683078,0.2553879796746851
1531,2024-11-15,2024-12-13,0.19961375004160764,0.15417376560133927,1.294732273438573,0.09169787471472779,2.176863429633525,0.10941908655961773,1.8243046649164516,True,False,0.419521777942966,0.262486361618808
1532,2024-11-18,2024-12-16,0.18926325405716835,0.15320737120650918,1.235340392350047,0.09008938811935914,2.1008384895057124,0.10761669902203745,1.7586792363740087,True,False,0.4221891511642557,0.2616307234142421
1533,2024-11-19,2024-12-17,0.18931996378932994,0.15264214963294992,1.2402862790164912,0.08281680717669034,2.286008966578659,0.10238212778760207,1.849150509765588,True,False,0.4237355096646319,0.25833820173642724
1534,2024-11-20,2024-12-18,0.18283161024158942,0.15195483229586323,1.2031970782318238,0.07598535210137787,2.4061428312875326,0.09911048734212467,1.8447251662729034,True,False,0.4256457831656996,0.254796810842334
1535,2024-11-21,2024-12-19,0.22222785890776983,0.10765363937508436,2.064285612616296,0.05467136329218616,4.064794538231892,0.07068787058492401,3.14379054099227,True,False,0.6009519800064244,0.29263066800705395
1536,2024-11-22,2024-12-20,0.22927767313688416,0.10805029432903414,2.1219532492774995,0.06772819608294674,3.3852617727495318,0.08289860480292888,2.7657603367624297,True,False,0.5987835593298766,0.32320782462283854
1537,2024-11-25,2024-12-23,0.2167004171591144,0.10798733683026167,2.0067206352142177,0.061190074253342205,3.541430857918565,0.09120119903463648,2.3760698264155025,True,False,0.599203527510836,0.32453496748244665
1538,2024-11-26,2024-12-24,0.19306915032196784,0.10913583843654871,1.7690719482053343,0.05648344469940442,3.418154670796904,0.10484607802297297,1.8414532423393482,True,False,0.5929717652270241,0.3110017443902665
1539,2024-11-27,2024-12-25,0.18258531422567514,0.11028287002738256,1.655609018702001,0.06442828905255239,2.833930823100786,0.1302499645229482,1.4018070169493688,True,False,0.5868703062641499,0.3038137836188084
1540,2024-11-28,2024-12-26,0.20294675190825937,0.1106587965430455,1.833986616954708,0.04995036842635803,4.062968068142768,0.09133600588062626,2.2219797105372154,True,False,0.5847159898719342,0.28046252288807916
1541,2024-11-29,2024-12-27,0.1986497477499091,0.11008510626599986,1.8045106598699148,0.04740644737461115,4.190352974146241,0.09050358148160582,2.194937973700888,True,False,0.587769768647292,0.2802507227071452
1542,2024-12-02,2024-12-30,0.19515954272513839,0.11039111854419889,1.7678917045033793,0.04208931928923998,4.636794940397869,0.08200358092865441,2.3798904939887087,True,False,0.5860553174445207,0.2782692604673181
1543,2024-12-03,2024-12-31,0.18128004527028552,0.11677362390896023,1.5524057505624402,0.04779687177973181,3.7927177767135176,0.12890986792872577,1.4062542160893003,True,False,0.5540054172717737,0.27390876134592596
1544,2024-12-04,2025-01-01,0.19077261999580342,0.1172066883026031,1.6276598439780885,0.0376256507813669,5.070280939573236,0.10761483512352378,1.7727353275859081,True,False,0.5518785490729362,0.2701983038524167
1545,2024-12-05,2025-01-02,0.19274281893505907,0.1254102535115241,1.5368984077314516,0.042760635577278515,4.507482555696056,0.13956419399098993,1.3810334400491167,True,False,0.5156479954806493,0.2645513472796208
1546,2024-12-06,2025-01-03,0.18031533596623603,0.13857105918624293,1.3012481612332034,0.06721659920138996,2.682601293558263,0.36091094381728767,0.49961171600693066,True,False,0.4665817090663256,0.25278596348942556
1547,2024-12-09,2025-01-06,0.2876443495396559,0.13887823283902387,2.0711982263849036,0.07464980395209589,3.8532498990116895,0.13332025616031254,2.1575442308914745,True,False,0.46543685402132795,0.3086932414826806
1548,2024-12-10,2025-01-07,0.13287254834407414,0.1071083066733211,1.2405438240129558,0.08580678793668647,1.548508591675937,0.21980263281238568,0.6045084476194085,True,False,0.6043487341328342,0.30704581098132855
1549,2024-12-11,2025-01-08,0.13061400003920268,0.0963341986033174,1.355842493453875,0.07639476080686639,1.7097245761317057,0.16239250206759706,0.8043105338991183,True,False,0.6722407214357707,0.31015135344123546
1550,2024-12-12,2025-01-09,0.12794052645678727,0.09662100050025697,1.3241482265177642,0.07523450337664572,1.7005565360919568,0.1629126435130359,0.7853320877857449,True,False,0.6701934899015695,0.30823939392834176
1551,2024-12-13,2025-01-10,0.1224022465273035,0.09668023056792721,1.266052488789878,0.07412115202000666,1.651380789309169,0.15568314824206608,0.7862266912600244,True,False,0.6696803128465787,0.3180711398579546
1552,2024-12-16,2025-01-13,0.09236589267783953,0.0890958607243526,1.0367024003910108,0.07979216187476977,1.157581026853285,0.13475324189444518,0.6854446793212702,True,False,0.7272314203287311,0.31575606674502626
1553,2024-12-17,2025-01-14,0.1291419449883789,0.08179709471035139,1.578808458242662,0.06325557286529881,2.041589999720396,0.11428797211928732,1.1299696949175704,True,False,0.7923880725903539,0.3418742517790608
1554,2024-12-18,2025-01-15,0.13183274449274238,0.08127810946929452,1.6219957052833092,0.06359291440523222,2.073072852938717,0.11284992965212395,1.1682129080552879,True,False,0.797530250222929,0.3439542293981094
1555,2024-12-19,2025-01-16,0.13200631043163705,0.08138451999234875,1.62200760591876,0.06318144658805797,2.0893207984349598,0.11206217679900035,1.1779738195556326,True,False,0.7964570949301403,0.34470723822615085
1556,2024-12-20,2025-01-17,0.07330212956228438,0.09695234478907806,0.7560635044129645,0.04657269809057623,1.5739292024637226,0.12187127644944294,0.6014717470584057,True,False,0.6683046862821151,0.3039238366917729
1557,2024-12-23,2025-01-20,0.06387004736785144,0.09247873721192755,0.6906457559155958,0.039103721543520216,1.6333495853270057,0.09969388045084204,0.6406616642768265,True,False,0.700691295464058,0.2700886228522057
1558,2024-12-24,2025-01-21,0.1395965530848256,0.0824559183179574,1.6929840323471845,0.07315267691889679,1.908290427151341,0.11710572162131878,1.1920557864476915,True,False,0.7861317324615785,0.32550874150247106
1559,2024-12-25,2025-01-22,0.13193257916309273,0.0805348543061977,1.6382047288678045,0.0650114811403351,2.029373532934904,0.10823373637691296,1.2189598509622819,True,False,0.8050608710209971,0.32573931042043197
1560,2024-12-26,2025-01-23,0.13086754617888935,0.08063398024018821,1.6229825910747313,0.06352607927812211,2.0600601778986087,0.10796552676021573,1.212123444454057,True,False,0.8040798953854874,0.32642296551360406
1561,2024-12-27,2025-01-24,0.1551157093112817,0.0793802542522447,1.9540843094099234,0.07008054291857098,2.2133919466279828,0.10398367495343351,1.491731364377595,True,False,0.8166251722846042,0.35058632532514866
1562,2024-12-30,2025-01-27,0.16796148885544793,0.07375779935055006,2.2772030935626786,0.06884983993286888,2.4395334690569586,0.09370916150296421,1.792369989887648,True,False,0.879104437891522,0.3682032742169194
1563,2024-12-31,2025-01-28,0.16197562945287478,0.07401641143364238,2.188374528236756,0.06729170750724424,2.4070667167338176,0.0926792851985883,1.7477004608505764,True,False,0.8760946809078337,0.3637280040477975
1564,2025-01-01,2025-01-29,0.15641790155337074,0.0736332267022957,2.12428422002718,0.06438912010463207,2.429259808166228,0.09127788068193506,1.7136451940467505,True,False,0.8807339987358879,0.35397631758258863
1565,2025-01-02,2025-01-30,0.15662234175264303,0.07386721879801947,2.120322712851921,0.06368840553732621,2.4591970929598874,0.09112349708898365,1.7187920432827402,True,False,0.8779017733199659,0.35543753628137653
1566,2025-01-03,2025-01-31,0.16121098974469456,0.07352130427695704,2.192711232888467,0.06530290084499725,2.468665061715167,0.09135394561809625,1.7646855716406011,True,False,0.8820159907573611,0.36112466807582505
1567,2025-01-06,2025-02-03,0.15343743637389995,0.06444926703485129,2.3807475776400655,0.051697646746545416,2.967977191034388,0.0728420641256921,2.1064399837590693,True,False,1.007332523515826,0.37871686859741327
1568,2025-01-07,2025-02-04,0.17043136238678958,0.061927055896274,2.752130872687652,0.05628001595036528,3.028274948200035,0.07125038407506383,2.392006227043442,True,False,1.0483566248332106,0.3852476437092843
1569,2025-01-08,2025-02-05,0.2112896476392634,0.06567013391788779,3.2174389640114702,0.03413051912408149,6.190636798436025,0.061144577970307507,3.455574552200982,True,False,0.9871585861604691,0.38531163937152835
1570,2025-01-09,2025-02-06,0.2176783758843444,0.06892940517331826,3.157990052822987,0.035370191873340215,6.154288805213308,0.06874967337178159,3.16624596464906,True,False,0.9400737907915684,0.3781349857562164
1571,2025-01-10,2025-02-07,0.21245922594763883,0.06908957062956525,3.075127316780891,0.0362437898798686,5.8619483959001775,0.0703479955000415,3.0201176940075496,True,False,0.9380110529248281,0.3786422381719277
1572,2025-01-13,2025-02-10,0.2102877514836233,0.0681159089672213,3.0872046585301804,0.034786401201262786,6.045113728981819,0.06409380812198416,3.2809370771572963,True,False,0.9514667030801642,0.3652947447604146
1573,2025-01-14,2025-02-11,0.2361776206087237,0.07219575853714984,3.2713503589991864,0.027759753582148494,8.507914881514035,0.06945967908932665,3.400211802087282,True,False,0.8968983304802026,0.36369996097904117
1574,2025-01-15,2025-02-12,0.2163667789968804,0.07346215914847613,2.9452820541195406,0.03470146918874411,6.2350898695396415,0.07373911707553431,2.9342198222314777,True,False,0.8818377175907388,0.34893535599338177
1575,2025-01-16,2025-02-13,0.20872218987749075,0.07335877555954648,2.8452245595084618,0.03867667169202553,5.396591297707908,0.07051963198546173,2.9597742359251216,True,False,0.8831762628140176,0.35460809303925245
1576,2025-01-17,2025-02-14,0.2179755697147183,0.07089842468801885,3.074476910790291,0.03169695245069764,6.876862059649546,0.06315044320418507,3.451687092835363,True,False,0.913606311403213,0.3689966626627064
1577,2025-01-20,2025-02-17,0.21675421089628097,0.07126434436647307,3.0415520246932193,0.031994402538944276,6.774754134959797,0.06463131265381791,3.353702748654863,True,False,0.9089318200792158,0.3684474538880437
1578,2025-01-21,2025-02-18,0.23503621741680564,0.07249445904688788,3.2421266467384657,0.035869780486342054,6.552485524864005,0.06644188445315932,3.537470668558523,True,False,0.8930757142559734,0.3705498359858064
1579,2025-01-22,2025-02-19,0.19737682494341002,0.07853769746869792,2.513147587781992,0.03450196947984458,5.720740813324119,0.07245089462129936,2.72428416481395,True,False,0.8249119245308565,0.33925797597074187
1580,2025-01-23,2025-02-20,0.1609248024346078,0.07812417682268404,2.059859175218623,0.0747725817306706,2.152189996785932,0.08345331612415913,1.928321244840518,True,False,0.8296517408028413,0.35384682883033547
1581,2025-01-24,2025-02-21,0.16105098622143013,0.07813610349993723,2.061159681728428,0.07460112185366123,2.158827940112621,0.0843544047850534,1.9092184531656662,True,False,0.8295531918861148,0.35394248860650807
1582,2025-01-27,2025-02-24,0.13475175394147773,0.07982122521042737,1.6881694509980356,0.07599591352408663,1.7731447349306309,0.08977817848144422,1.5009410551733222,True,False,0.8122701089881771,0.33090037584712917
1583,2025-01-28,2025-02-25,0.114466861654451,0.08476605108803213,1.3503856813569581,0.08754806719816859,1.3074744573783752,0.10128417350215971,1.1301554595991268,True,False,0.7647341876510679,0.3126164869286666
1584,2025-01-29,2025-02-26,0.11926625233510606,0.08471783274131514,1.4078057532383306,0.08744105783935072,1.3639616820993352,0.0986694353853349,1.2087456654569286,True,False,0.7651041653116399,0.31013370473988994
1585,2025-01-30,2025-02-27,0.13795348331181043,0.08413259894966772,1.6397149860346167,0.0811820975246875,1.69930917675364,0.09907006129370988,1.392484081571567,True,False,0.770387653494787,0.3344675507187185
1586,2025-01-31,2025-02-28,0.13375848629749804,0.08412142040332017,1.5900645240676268,0.08055169552811371,1.6605297432977606,0.1030648402874726,1.2978090872155186,True,False,0.770538660950168,0.33641960306091123
1587,2025-02-03,2025-03-03,0.12000740380460823,0.08419688541286197,1.4253188014752363,0.0814435005521283,1.473504981871413,0.10053832604205379,1.1936483182981463,True,False,0.7698936114912067,0.34145338453488394
1588,2025-02-04,2025-03-04,0.10748165094696195,0.09867106076254792,1.089292545517644,0.1046888052100002,1.0266775968200177,0.14474807618266133,0.7425428633077519,True,False,0.6564699437859979,0.32500256812421247
1589,2025-02-05,2025-03-05,-0.07222693003547792,0.11041953790595976,-0.6541136777532154,0.10850829136126061,-0.6656351245547695,0.17819405574826017,-0.4053273816131946,True,False,0.5863271062540014,0.37702786745082606
1590,2025-02-06,2025-03-06,-0.08758684346843267,0.10915552666491117,-0.8024041122288688,0.11212287917448459,-0.7811683406036232,0.17534618145597147,-0.4995081315211034,True,False,0.5930460013662905,0.3809534543552962
1591,2025-02-07,2025-03-07,-0.09855858662255147,0.10777304766348267,-0.9145012483111454,0.1085512959757228,-0.907944817578169,0.17195028575700727,-0.5731807085324081,True,False,0.6005978101884767,0.37675669859632227
1592,2025-02-10,2025-03-10,-0.08787186217044467,0.10857385325659033,-0.8093280245178268,0.11188446812250527,-0.785380344966483,0.17186389279836753,-0.5112875121101605,True,False,0.596183702224091,0.3786359744791004
1593,2025-02-11,2025-03-11,-0.1164437558764075,0.10909892611508784,-1.0673226586444273,0.10596309041689136,-1.0989086427951655,0.17582248423822058,-0.6622802332757324,True,False,0.5931113921716314,0.3749456791568024
1594,2025-02-12,2025-03-12,-0.11281221742085779,0.09896045124140361,-1.1399727467457101,0.08568049923833128,-1.3166615323640465,0.14211945461321523,-0.7937844803013179,True,False,0.6541715197897815,0.3748147610579261
1595,2025-02-13,2025-03-13,-0.11986869294390891,0.10467368259298343,-1.1451655275186052,0.09574392672400449,-1.2519717651590319,0.16288571628568002,-0.735906718386989,True,False,0.6183459689228573,0.3774689884279149
1596,2025-02-14,2025-03-14,-0.09887736084048979,0.10084300447390204,-0.9805078830835414,0.09618697019092358,-1.027970427223417,0.14982738182878316,-0.6599418586482606,True,False,0.6420714304001588,0.3748531334439516
1597,2025-02-17,2025-03-17,-0.183010084919293,0.11112145018477211,-1.6469375139991862,0.10183403035525691,-1.7971407424497128,0.14877079046551833,-1.2301479634989945,True,False,0.5822387530033263,0.35955810770520596
1598,2025-02-18,2025-03-18,-0.1814493491307907,0.11278643960444563,-1.6087869230304048,0.10392508770621918,-1.7459629155543377,0.15140091906557773,-1.1984692711950962,True,False,0.5736422364678355,0.3610404696256964
1599,2025-02-19,2025-03-19,-0.14882601499062267,0.10970327105721954,-1.3566233126539802,0.10618335213210019,-1.4015946191402184,0.13552203512288144,-1.0981683890422556,True,False,0.5899573513930426,0.3655723081909391
1600,2025-02-20,2025-03-20,-0.11834062740241653,0.11151314232955685,-1.0612258333881606,0.08978960936820295,-1.317976859851718,0.12483391644689575,-0.9479845763932156,True,False,0.5803815618780634,0.3570985446842813
1601,2025-02-21,2025-03-21,-0.07270200349844964,0.1167830150062,-0.6225391894068663,0.10309249680923127,-0.7052113950929128,0.1262288322763536,-0.5759540208633371,True,False,0.5543780092369095,0.3488368200723602
1602,2025-02-24,2025-03-24,-0.07103267430273628,0.11678105061408067,-0.6082551401037973,0.10286327945639466,-0.6905542451895882,0.12567197998729185,-0.5652228468901279,True,False,0.5543780092369095,0.3486534632950489
1603,2025-02-25,2025-03-25,-0.07178295897726548,0.1172186710278546,-0.6123850266158345,0.11257626784111156,-0.6376384681590161,0.138286659839068,-0.5190880961388711,True,False,0.5522943297685358,0.34858732633828504
1604,2025-02-26,2025-03-26,-0.09201137726351329,0.11655964939416902,-0.7893930510408367,0.11326568133400182,-0.8123500091098813,0.14766833011985697,-0.6230948585172665,True,False,0.5554037073255498,0.34861793755861864
1605,2025-02-27,2025-03-27,-0.08652913762734091,0.11632258623496433,-0.7438721956590397,0.10884798403614145,-0.7949539754324721,0.14008409214114761,-0.6176942456831918,True,False,0.5565650099964302,0.3499076829548369
1606,2025-02-28,2025-03-28,-0.12308127497929235,0.11477641519162164,-1.0723568493911015,0.09974380805903821,-1.2339740919701074,0.13183722605800088,-0.9335851387311773,True,False,0.5639120972199536,0.32512098597302835
1607,2025-03-03,2025-03-31,-0.07988423478018084,0.10858966338629973,-0.7356522922075792,0.08850829614082936,-0.9025621129693152,0.10792863881477822,-0.7401579011598043,True,False,0.5962294114521174,0.3244955388562379
1608,2025-03-04,2025-04-01,-0.06741397563018942,0.10861421950655643,-0.6206735723596486,0.09066287626584087,-0.7435675814268099,0.10843520982029835,-0.6216982080074324,True,False,0.5961731534430093,0.3164168245318547
1650,2025-05-01,2025-05-29,-0.32917648404438166,0.05663276708888796,-5.812473961014879,0.052754600521478304,-6.239768300593273,0.08267996314584124,-3.9813332217352237,False,False,1.1400064894753932,0.37760964806530123
1651,2025-05-02,2025-05-30,-0.3214125180519903,0.056952514765102755,-5.643517575609032,0.049705231622290375,-6.466372000726226,0.0847403720017845,-3.7929089813910877,False,False,1.1339885486182366,0.3643622855782931
1652,2025-05-05,2025-06-02,-0.31889371296507507,0.057352508433904464,-5.5602400256404145,0.051222332117593396,-6.225677351686692,0.08544937872059638,-3.731960579933511,False,False,1.1262534046532984,0.3614136126905781
1653,2025-05-06,2025-06-03,-0.3310497705410119,0.059912750155736064,-5.525531204634864,0.05922814785250476,-5.5893993404187094,0.08957343748304769,-3.6958475619925277,False,False,1.077675066659826,0.3646738824511872
1654,2025-05-07,2025-06-04,-0.33239219769647055,0.05991364829311978,-5.5478544065666755,0.05938074439748871,-5.59764282292372,0.09005541902908122,-3.6909738612079805,False,False,1.0775729376009908,0.36934567663277457
1655,2025-05-08,2025-06-05,-0.3298440174968978,0.059359152071334416,-5.556750829265725,0.057554532919228886,-5.730982439902616,0.08941386725068859,-3.6889581855588247,True,False,1.0877152519053275,0.36870443088778276
1656,2025-05-09,2025-06-06,-0.3099250950342259,0.06007039362064848,-5.15936514402484,0.056270161791672865,-5.507805294423201,0.09146997387524035,-3.388271384628856,True,False,1.0757417257934245,0.34893584920980164
1657,2025-05-12,2025-06-09,-0.3187188668110605,0.06090420468543244,-5.233117622292738,0.056285847026952045,-5.662504584117645,0.09439963834723644,-3.376272117046633,True,False,1.0605869679388562,0.3491985926672616
1658,2025-05-13,2025-06-10,-0.26459872605392654,0.07103439483959247,-3.7249381324558994,0.09810524654240424,-2.6970904755797998,0.1009750114367906,-2.620437693335275,True,False,0.9105459877865513,0.2938888860183461
1659,2025-05-14,2025-06-11,-0.3143585179518154,0.07676268018713929,-4.0951998703724595,0.0707730298052684,-4.441784092284464,0.07091339871726651,-4.432991841290398,True,False,0.8413713919144866,0.29141422201159534
1660,2025-05-15,2025-06-12,-0.3333904233466921,0.07776493214256548,-4.287156359057725,0.07610763410772996,-4.380512247625248,0.06149701183943382,-5.421245900811585,True,False,0.8300458194655046,0.2951354565101187
1661,2025-05-16,2025-06-13,-0.34017209917044733,0.07782688976904271,-4.370881326234856,0.07561932506458692,-4.49848102822796,0.06201498716093038,-5.48532080298094,False,False,0.8292536829381522,0.2955154955304028
1662,2025-05-19,2025-06-16,-0.3338385949583769,0.07818424278489242,-4.2698961205886965,0.07409237423990785,-4.505707886717495,0.06164717670027984,-5.415310365005921,False,False,0.8253920835906036,0.2871304578205394
1663,2025-05-20,2025-06-17,-0.3227181449289518,0.07924369962087684,-4.0724770104490595,0.07233181826015081,-4.4616346262478,0.06052501742673177,-5.3319793805861595,False,False,0.815060338862202,0.2831618694922467
1664,2025-05-21,2025-06-18,-0.3082655460694074,0.07871680097328644,-3.916134068685303,0.07669196067668209,-4.019528818268098,0.06453688537378599,-4.776579227274279,False,False,0.8208766935368034,0.2888676654169833
1665,2025-05-22,2025-06-19,-0.2885109730394237,0.08621137226017196,-3.3465535401610857,0.08308627222665171,-3.4724264948653887,0.0739667009206262,-3.9005521328986315,False,False,0.74998247851928,0.2737067271134785
1666,2025-05-23,2025-06-20,-0.29402111425664507,0.08099873701511519,-3.6299468990705095,0.07231749424640078,-4.065698311598765,0.06458875068527703,-4.552203148955891,False,False,0.7982081184782861,0.2745519843413939
1667,2025-05-26,2025-06-23,-0.2450158673098428,0.08299601799373331,-2.9521400331319865,0.0604038489661297,-4.0562956086992195,0.06437687078218515,-3.8059611213293922,False,False,0.7798144480798245,0.25063951707914506
1668,2025-05-27,2025-06-24,-0.23911317763164924,0.08364993824502114,-2.8584979576584604,0.06684861960031471,-3.576935156796021,0.06519012161075728,-3.667935750440328,False,False,0.7737422955045602,0.28881193008139017
1669,2025-05-28,2025-06-25,-0.22892858355041737,0.08732321336830898,-2.621623446045783,0.0663735622340326,-3.449092919605809,0.07236150564996538,-3.163679106648424,False,False,0.7411848328535128,0.28417368829492345
1670,2025-05-29,2025-06-26,-0.2481945128347027,0.08296286366702432,-2.9916338692314675,0.05619152376033291,-4.416938645289235,0.07477335447103765,-3.3192908702636466,False,False,0.7796047381439858,0.29337410942610304
1671,2025-05-30,2025-06-27,-0.24051047144867133,0.08109337721186027,-2.965846037221096,0.05208668026959862,-4.6175043255549895,0.0723963850231021,-3.322133713885342,False,False,0.7979480743300679,0.288026496679146
1672,2025-06-02,2025-06-30,-0.2390202138068896,0.08110467911051761,-2.947058251487411,0.05122501600186617,-4.6660837313976025,0.07161415324127407,-3.337611393680946,False,False,0.7976958293490851,0.2837906896240253
1673,2025-06-03,2025-07-01,-0.21646531917752504,0.08079236142144726,-2.6792795181261013,0.042321162588433506,-5.1148244976778034,0.07419955168504902,-2.9173399873943193,False,False,0.8012828238383753,0.2698594797540652
1674,2025-06-04,2025-07-02,-0.20683945590911634,0.08125342533170933,-2.545609062814448,0.040382859133445234,-5.121961652730308,0.07593283878712206,-2.72397896895428,False,False,0.7967176257257885,0.2614387202350511
1675,2025-06-05,2025-07-03,-0.2037356006165765,0.07815745193841571,-2.6067328906411933,0.03937683194182131,-5.173996753156599,0.07140983675581027,-2.853046721185783,False,False,0.8286075379064324,0.25516827102376505
1676,2025-06-06,2025-07-04,-0.20611807278381095,0.07801733793709079,-2.6419521382543723,0.04108462566582787,-5.01691495160073,0.0712557648565697,-2.8926511868717535,False,False,0.830136734128458,0.2556434218693132
1677,2025-06-09,2025-07-07,-0.17902786509542018,0.08349643716229878,-2.144137776171566,0.050304415762053065,-3.558889659751682,0.08942021497875342,-2.0020961159393083,False,False,0.7757364974204883,0.2647139087849292
1678,2025-06-10,2025-07-08,-0.18297861987769556,0.08410781792415299,-2.175524515957632,0.049795379902298556,-3.674610380254359,0.09213238398455063,-1.986040216959746,False,False,0.7701168542896901,0.2675420757767279
1679,2025-06-11,2025-07-09,-0.1774332612256098,0.08340570873539312,-2.1273515196486326,0.0510731152161038,-3.4741029693380354,0.09045544953058904,-1.961554136830725,False,False,0.7766439592964675,0.2652532702166836
1680,2025-06-12,2025-07-10,-0.2171942410234978,0.08674286354600662,-2.503885992976269,0.05158351511870587,-4.210535876116284,0.0798831214002041,-2.7189002785129386,False,False,0.7463174583897132,0.2556415461346839
1681,2025-06-13,2025-07-11,-0.18663868546654863,0.10230734958396472,-1.8242940143158757,0.07740301376748955,-2.4112586368689914,0.12529145429954786,-1.4896361967379779,False,False,0.6327426858272259,0.24599236907414374
1682,2025-06-16,2025-07-14,-0.16918599732216838,0.10124457574007824,-1.671062336776578,0.0796884245330589,-2.1230937656695827,0.12623452387229978,-1.3402513997939167,False,False,0.6395049631504557,0.25081561702699773
1683,2025-06-17,2025-07-15,-0.15251684827768794,0.10011700103685463,-1.523386105238451,0.08471647669045093,-1.800320955685818,0.1290919828083926,-1.1814587161780927,False,False,0.6468141825105849,0.25424087648787247
1684,2025-06-18,2025-07-16,-0.14696040573786026,0.09988758848312401,-1.4712579207244472,0.08632661894911754,-1.7023764804744799,0.1283881651304362,-1.1446569517412728,False,False,0.6483388919332266,0.24686197756652178
1685,2025-06-19,2025-07-17,-0.15985040548769366,0.10227677330286634,-1.5629199115847918,0.0905101938975899,-1.76610388956365,0.133234889283676,-1.1997638632576897,False,False,0.6330788727625495,0.24671501481351488
1686,2025-06-20,2025-07-18,-0.1494121661378018,0.10230409873833989,-1.4604709682253183,0.10156625303403895,-1.4710808135033568,0.13992876555815958,-1.0677730596837187,False,False,0.6329563425417674,0.251790868754511
1687,2025-06-23,2025-07-21,-0.08360343332387615,0.11106524591921431,-0.7527416216652228,0.12667066013749304,-0.6600062969051388,0.17688821818490946,-0.4726342668932399,False,False,0.5830051433831758,0.25105624638920987
1688,2025-06-24,2025-07-22,-0.10561744812141276,0.11670044822173976,-0.9050303553310398,0.14074835029214627,-0.750399190485618,0.19590629253474287,-0.5391222852256372,False,False,0.5546690997214629,0.25312868913787234
1689,2025-06-25,2025-07-23,-0.12854508095557202,0.11670418175418101,-1.1014607962063605,0.14410999164702912,-0.8919928416234977,0.18788306065360488,-0.6841760002652247,False,False,0.5546690997214629,0.21186895242411163
1690,2025-06-26,2025-07-24,-0.12942394973328794,0.11786258966758772,-1.098091855085716,0.14560452973205806,-0.8888731001120248,0.19069641792857125,-0.6786910375095037,False,False,0.5491997930568968,0.21195970600228323
1691,2025-06-27,2025-07-25,0.03249345661469878,0.1425050697984106,0.2280161446934093,0.1032911652481009,0.314581179684157,0.0873429991011299,0.3720213062191316,False,False,0.4541250183802634,0.18807853365387078
1692,2025-06-30,2025-07-28,0.03727568164646936,0.15319952718164187,0.2433145998046929,0.11081584311465054,0.33637502182701245,0.09959408145087356,0.3742760724677823,False,False,0.42231574870948296,0.21847102483585157
1693,2025-07-01,2025-07-29,0.0316967517407908,0.15266091287931546,0.20762846980908822,0.10863080796513039,0.2917841847495528,0.10197095719288095,0.31084097485557083,False,False,0.42372808874917095,0.21748648705885143
1694,2025-07-02,2025-07-30,0.09735146668017301,0.1691528172096591,0.5755237677153743,0.08636792042634728,1.12717159565272,0.08863638300248514,1.0983239994962737,False,False,0.38221492482600467,0.22510829611927374
1695,2025-07-03,2025-07-31,0.12858335898277212,0.1698269325215918,0.7571435052942738,0.07354159666206855,1.7484439394704239,0.08759462814369179,1.467936581360237,False,False,0.3805990192294888,0.22673944001850663
1696,2025-07-04,2025-08-01,0.015294260762730345,0.19048034063761737,0.0802931195499444,0.21128389812989956,0.0723872519302312,0.1940769264769535,0.07880514721850013,False,False,0.33943139042698234,0.25138463317809057
1697,2025-07-07,2025-08-04,-0.08959151265142698,0.18449613389638647,-0.48560103000175503,0.27215710196025594,-0.3291904271691956,0.21213970837948246,-0.42232316305046835,False,False,0.3504914669649468,0.2575233266334141
1698,2025-07-08,2025-08-05,-0.11333089170113339,0.18517113221892656,-0.6120332599529772,0.24712319591327048,-0.4586007852573565,0.20406107308561866,-0.5553773190910485,False,False,0.3492391834423216,0.2524314663634493
1699,2025-07-09,2025-08-06,-0.13061697730363137,0.186708652211311,-0.6995764564558217,0.2456943881160879,-0.5316237717318814,0.19840551516421043,-0.6583333996311854,False,False,0.34639440312733744,0.2637396927440651
1700,2025-07-10,2025-08-07,-0.15768346790559726,0.1930707072149631,-0.81671357701111,0.26434701782650605,-0.5965017846695994,0.21159373491608685,-0.7452180376140667,False,False,0.33494891763373025,0.2625330009876055
1701,2025-07-11,2025-08-08,-0.11141880327401914,0.18407984723535897,-0.6052743140945918,0.23699732431595977,-0.47012684044262865,0.19294134397261983,-0.5774750034385088,False,False,0.351369586156642,0.2648424151754256
1702,2025-07-14,2025-08-11,-0.16260691963828308,0.1750917947253239,-0.9286952589261733,0.21028667649328858,-0.7732630633090669,0.18262401905699707,-0.8903917484563373,True,False,0.3693678456627857,0.2714570083132032
1703,2025-07-15,2025-08-12,-0.17209962780531238,0.18057145483939416,-0.9530832431869318,0.18849690958679913,-0.9130103415624641,0.1840635368610428,-0.935001199804378,True,False,0.3581649323918514,0.2783751874421995
1704,2025-07-16,2025-08-13,-0.24995442542659216,0.18358604102490236,-1.3615110605968528,0.14679767517596898,-1.70271378703353,0.16205487123421514,-1.5424061215990064,True,False,0.3521919505074098,0.27400435289271774
1705,2025-07-17,2025-08-14,-0.21700493088485187,0.182669064827834,-1.1879676019000782,0.16581717756397532,-1.3086999433525357,0.17843628350371313,-1.2161480088231953,True,False,0.3539967961648612,0.2899479812112893
1706,2025-07-18,2025-08-15,-0.18486871924904963,0.17748130547741264,-1.041623616367737,0.1511238732755148,-1.2232926224172034,0.1691731297900042,-1.09277826495572,True,False,0.36439677700473067,0.29252407837472344
1707,2025-07-21,2025-08-18,-0.23175659668281345,0.17864481971949275,-1.2973037619938634,0.14043505607952853,-1.6502759578176083,0.17224815763980159,-1.345480844953091,True,False,0.3619551430469482,0.2909287517908612
1708,2025-07-22,2025-08-19,-0.31047945370873686,0.18158757517066157,-1.7098056043588816,0.14822900544417716,-2.094593111370925,0.16035558422138166,-1.9361935863742614,True,False,0.3559397551783738,0.28326595370082874
1709,2025-07-23,2025-08-20,-0.23535940750219034,0.15245638962332408,-1.5437818518705302,0.12722515360634065,-1.8499439838008613,0.1332803446367513,-1.765897350758285,True,False,0.4241138041758516,0.2752695062243633
1710,2025-07-24,2025-08-21,-0.2189856704661168,0.15311379852710777,-1.4302151247808463,0.13046023392106015,-1.678562607810609,0.13444563837460663,-1.6288045719709836,True,False,0.4222710715567965,0.27712445119388524
1711,2025-07-25,2025-08-22,-0.1997704695664465,0.1533904701354438,-1.3023655862717494,0.13105468377264656,-1.524329110686406,0.13252389113002078,-1.507429851802716,True,False,0.42163515071548946,0.31950926167506954
1712,2025-07-28,2025-08-25,-0.17661271733717795,0.15490148622556735,-1.140161541639405,0.12273079602213025,-1.4390252737001068,0.1313304609537526,-1.3447962951974357,True,False,0.4175759603194492,0.3117669891566121
1713,2025-07-29,2025-08-26,-0.14397561254076668,0.1524728603931019,-0.9442704240582369,0.1074677188607645,-1.3397103248027615,0.12367613005197318,-1.164134198573831,True,False,0.4242991194729672,0.29018651745002944
1714,2025-07-30,2025-08-27,-0.12000322514012149,0.1538434866583474,-0.7800344866508537,0.09734330948258059,-1.2327834935753428,0.12413843043624119,-0.966688758013228,True,False,0.42053991504549537,0.2850319271323407
1715,2025-07-31,2025-08-28,-0.165765222222839,0.14549660906054132,-1.1393064298417008,0.0826263861478235,-2.0062020130745544,0.1279661144644148,-1.2953837265171904,True,False,0.44457294987417173,0.2832738461952944
1716,2025-08-01,2025-08-29,-0.17539732798343594,0.1444068012295163,-1.2146057283317573,0.08635231763672631,-2.031182633931276,0.12503370606283604,-1.4028003608506134,True,False,0.4478755761083195,0.2745035207704528
1717,2025-08-04,2025-09-01,-0.13698571597873507,0.14794408954525792,-0.9259289532944096,0.07680929383743411,-1.7834523549801615,0.12347704757095149,-1.1094022627972322,True,False,0.43727737885388596,0.2620227893570628
1718,2025-08-05,2025-09-02,-0.044125876964392206,0.15333989879493956,-0.2877651368702248,0.06702429131632748,-0.6583564868464772,0.1505941383622596,-0.29301191563144263,True,False,0.4219805547659856,0.276044961352185
1719,2025-08-06,2025-09-03,-0.055386809363722235,0.15581667255212778,-0.35546137943096445,0.06494301777001701,-0.852852412246437,0.15349483007608186,-0.36083827276963654,True,False,0.4152501466281108,0.2774408646412854
1720,2025-08-07,2025-09-04,-0.05997252179750706,0.15571840738490084,-0.3851344411021909,0.06634426755582698,-0.9039593623826164,0.15556623706643435,-0.3855111682870871,True,False,0.4155150992742617,0.2718893781811709
1721,2025-08-08,2025-09-05,-0.02929622681354535,0.15548492022994187,-0.1884184445039433,0.07903313015400829,-0.3706828611805849,0.15910422359148962,-0.18413230115603535,True,False,0.41615029737518716,0.2961101209862402
1722,2025-08-11,2025-09-08,-0.04392026007384316,0.16176293168484843,-0.27151004013335994,0.0879266860593023,-0.4995100127419913,0.17112143409194502,-0.2566613604362644,True,False,0.3999678274455733,0.29469099696814327
1723,2025-08-12,2025-09-09,0.024448534562531606,0.1703370136139268,0.14353036984636136,0.10254047169829678,0.23842814605403947,0.17871616935294887,0.1368009097948372,True,False,0.37979400787130047,0.28674450819202946
1724,2025-08-13,2025-09-10,-0.016405935079641183,0.16939710602898245,-0.09684896905401832,0.09222073621025575,-0.17789854813387077,0.17000210411432073,-0.09650430602087572,True,False,0.38191863839539786,0.27702318587887026
1725,2025-08-14,2025-09-11,0.010118492381009214,0.17231528820623748,0.05872080467345871,0.09995231310596878,0.10123319877831798,0.18370701059627215,0.05507951138155716,True,False,0.37544168773789593,0.27749655910050613
1726,2025-08-15,2025-09-12,-0.03325513832344935,0.16698028679655727,-0.19915607381825978,0.08809818430887713,-0.3774781351549197,0.166421846527224,-0.19982435610104426,True,False,0.38744442236420756,0.2603133827867115
1727,2025-08-18,2025-09-15,-0.021369537288575713,0.17144271632254762,-0.1246453494610506,0.10311709051650918,-0.20723565008997633,0.1791387514903273,-0.11929042214927782,True,False,0.377335338288841,0.26959697210238354
1728,2025-08-19,2025-09-16,-0.11829707455143833,0.14301972566192536,-0.8271381727515879,0.09077969289049999,-1.303122656452807,0.17270229121662742,-0.684976868101035,True,False,0.4523141771774516,0.27392688480215516
1729,2025-08-20,2025-09-17,-0.0883559912820329,0.14766163391200982,-0.5983679642518612,0.10287046902856685,-0.8589053021377465,0.18838407538375027,-0.46902048966743165,True,False,0.4380652860796578,0.27111134690362354
1730,2025-08-21,2025-09-18,-0.23374942371809443,0.14299211997050862,-1.634701435060226,0.12109294725806755,-1.930330618016413,0.18002492437340226,-1.2984281178380526,True,False,0.4522307457560397,0.290335939776534
1731,2025-08-22,2025-09-19,-0.25037152414478575,0.14089349642731402,-1.7770268358266677,0.11679408678428257,-2.1437003450972587,0.1649565386738905,-1.517802968936901,True,False,0.4589121446910194,0.2843483891487807
1732,2025-08-25,2025-09-22,-0.2736991484003547,0.14066419584912052,-1.9457627205570518,0.10379521491751878,-2.6369148964896953,0.15302652431071787,-1.7885732531218774,True,False,0.4596515677801721,0.24687239119860452
1733,2025-08-26,2025-09-23,-0.27275227605383306,0.14065969029222897,-1.9390933926213958,0.10543230244300543,-2.5869896581389504,0.1529877935161037,-1.7828368511316741,True,False,0.45965156778017213,0.24667515429227382
1734,2025-08-27,2025-09-24,-0.2840540531211271,0.1429887501873571,-1.9865482616564811,0.10327774794392297,-2.7503896897070295,0.15437403071012318,-1.8400378082665432,True,False,0.4521472989396406,0.26805670148310284
1735,2025-08-28,2025-09-25,-0.2737159362679704,0.1426319105483759,-1.919037158063835,0.10569685596413507,-2.589631770701367,0.15946742056381064,-1.7164379739775337,True,False,0.4533141565178908,0.27457030515652875
1736,2025-08-29,2025-09-26,-0.216247569862206,0.15279228622851504,-1.4153042355736971,0.14910769576320176,-1.4502777254745403,0.2259628051346804,-0.9570051572572582,True,False,0.4232825957345395,0.26124559167472416
1737,2025-09-01,2025-09-29,-0.23992859780009956,0.15136035757871058,-1.5851481962529828,0.1339494376026163,-1.7911877951431823,0.19854676114474387,-1.2084236298631317,True,False,0.42724587314353435,0.26782755333904834
1738,2025-09-02,2025-09-30,-0.23952467959852605,0.15132246648183956,-1.5828758621725993,0.13384206901365564,-1.7896068206632985,0.19851690276071082,-1.2065707064110573,True,False,0.42735380440031323,0.2678693407740738
1739,2025-09-03,2025-10-01,-0.31218749377676347,0.15599869272738134,-2.0012186533020055,0.0769134207617812,-4.058946939100276,0.13564621070569524,-2.3014833378139916,True,False,0.4143530996396986,0.2520090437284357
1740,2025-09-04,2025-10-02,-0.3237340372419724,0.15463428635657764,-2.0935462947425556,0.07056279889022356,-4.587885434442788,0.12427745751303768,-2.6049296768724948,True,False,0.41797989177359496,0.25606367917599177
1741,2025-09-05,2025-10-03,-0.2332480213093905,0.14029018911384333,-1.6626110691184066,0.11258511433005386,-2.071748318570801,0.17133103008004283,-1.3613880754725,True,False,0.4610040965062154,0.25803228748460244
1742,2025-09-08,2025-10-06,-0.2172054346970341,0.13614510238080216,-1.5953966091964413,0.12703323784098675,-1.7098315243205875,0.1781805860264627,-1.2190185223926449,True,False,0.475096737285599,0.23363000898787642
1743,2025-09-09,2025-10-07,-0.19593117543222582,0.1329905163859808,-1.4732717847607357,0.13712444286834302,-1.42885667451969,0.1801484597250486,-1.0876094956974132,True,False,0.4864337224764991,0.2365258096694823
1744,2025-09-10,2025-10-08,-0.14829525118288478,0.12301523541556587,-1.2055031287947287,0.14531277238421028,-1.020524546808513,0.17010558517317895,-0.8717835515624618,True,False,0.5260859812660628,0.2414462088382958
1745,2025-09-11,2025-10-09,-0.15145071110070793,0.12431555528026511,-1.218276431772899,0.1458939852358369,-1.0380874225615855,0.17600556502533557,-0.860488195807371,True,False,0.5205338265651419,0.24640136918113922
1746,2025-09-12,2025-10-10,-0.15631635985396825,0.12070776603350361,-1.2949983666384906,0.13458447630109152,-1.16147392440907,0.16406078285411488,-0.9527954038410685,True,False,0.5361038824374127,0.24303125182150326
1747,2025-09-15,2025-10-13,-0.15493527616233657,0.12314628422910594,-1.2581400821976017,0.13793071819021696,-1.1232833280014465,0.17317100152537188,-0.8946952711342752,True,False,0.5254879295593615,0.24301155676948646
1748,2025-09-16,2025-10-14,-0.18647476851868677,0.1171239993963754,-1.5921140797763567,0.1372877138990979,-1.3582771773426119,0.15149116829755283,-1.2309283149260595,True,False,0.5524138799528984,0.21938928900155336
1749,2025-09-17,2025-10-15,-0.060195071658235295,0.12488426931246308,-0.48200683712714815,0.10451072976559998,-0.5759702548555802,0.13942029615454749,-0.43175257346684315,True,False,0.5182271437013697,0.2108578309314588
1750,2025-09-18,2025-10-16,-0.04069090623977543,0.12325743943346573,-0.33012941390641454,0.10112248469124459,-0.4023922707597249,0.13147108708302313,-0.30950460015653014,True,False,0.5251267755987654,0.21656214305150467
1751,2025-09-19,2025-10-17,0.05748173573079524,0.13624399752552482,0.42190288581356583,0.041528244035075774,1.3841600353302865,0.08687715563810669,0.6616438499694871,True,False,0.4750062743984576,0.20011688225798016
1752,2025-09-22,2025-10-20,0.06369757585635347,0.12954363354453927,0.49170749741594344,0.03538983480586928,1.7998833904076161,0.07405041187728617,0.8601920535149883,True,False,0.49964835896466575,0.2009400616207296
1753,2025-09-23,2025-10-21,0.07068284638909912,0.1298204791448744,0.5444660723384014,0.0359340155310387,1.967017750299725,0.07637524313108572,0.9254680376962399,True,False,0.49855631272484263,0.20511631078465403
1754,2025-09-24,2025-10-22,0.06803760907958674,0.1294669912525064,0.525520894718943,0.03747973086394926,1.8153174398866954,0.078551749333065,0.866150145060455,True,False,0.49990003085108936,0.19991429819519968
1755,2025-09-25,2025-10-23,0.07067135142628182,0.129331374171598,0.546436252448029,0.03430286166474977,2.0602173695294046,0.07243604887671819,0.9756378560426484,True,False,0.5004721129249096,0.1766725584461452
1756,2025-09-26,2025-10-24,0.05463093819244189,0.12373779799463597,0.4415056601767727,0.03814201250513969,1.4323035048315895,0.06477735867373291,0.8433647081475495,True,False,0.5231950751953048,0.16498467003069384
1757,2025-09-29,2025-10-27,0.05625869172756193,0.12338575601055334,0.45595775028318547,0.038315322575403335,1.4683079234644734,0.06422392752068666,0.8759771303217307,True,False,0.5246914645786632,0.16580381299504712
1758,2025-09-30,2025-10-28,0.07655333102211652,0.12375011523011062,0.6186121999140549,0.03183649242908038,2.404578054339632,0.06365219544718555,1.2026817061735993,True,False,0.5231069189863393,0.15694768509124662
1759,2025-10-01,2025-10-29,0.07037538278787324,0.12316276425510558,0.5714014557362933,0.03186812484735369,2.2083314636479834,0.06223196689736853,1.1308558333683174,True,False,0.5256255417064182,0.15869757822240413
1760,2025-10-02,2025-10-30,0.07172509613029424,0.12398964043509572,0.5784765233498668,0.03580674940329792,2.003116656093002,0.07006070620592232,1.023756396623807,True,False,0.5220398521283645,0.2065894241442169
1761,2025-10-03,2025-10-31,0.07953371140193577,0.12314297132367802,0.6458648069558394,0.04593099548788286,1.7315912829043234,0.06532751843709796,1.2174610838542193,True,False,0.5256494705762094,0.20235563972488488
1762,2025-10-06,2025-11-03,0.04839446610282373,0.13529914539746993,0.357684935560049,0.03978707756762752,1.2163362845779746,0.06797000398383146,0.7119973998285434,True,False,0.47829598922013355,0.18845885384179228
1763,2025-10-07,2025-11-04,0.06551566114810374,0.13167795992309683,0.4975446246764948,0.03692010449225943,1.7745253446354567,0.07007777862600059,0.9348992281527001,True,False,0.4914479173891014,0.19550689239195107
1764,2025-10-08,2025-11-05,0.061306367971739606,0.13347590956580813,0.45930661323954863,0.03735118017646482,1.6413502246006428,0.07105621706854845,0.8627868257128987,True,False,0.484834398840756,0.19379140668987088
1765,2025-10-09,2025-11-06,0.0611822724683524,0.1430409909848791,0.42772545161421593,0.04840073216241319,1.2640774164954687,0.08358398862025967,0.7319855570223722,True,False,0.4523697895764948,0.19268546344978274
1766,2025-10-10,2025-11-07,0.03316111677469327,0.1413334120114063,0.23463041260206047,0.04010173577722433,0.8269247236307171,0.07577334674927498,0.43763563571264014,True,False,0.4579083671337354,0.19538021760203264
1767,2025-10-13,2025-11-10,0.04738246120410733,0.148891478565189,0.31823487590232985,0.04090890379856009,1.1582432381327972,0.08794669037063613,0.5387634373098309,True,False,0.43460855081393185,0.1962466177281055
1768,2025-10-14,2025-11-11,0.047753951253134835,0.14904828992080335,0.3203924800379048,0.04119682788521002,1.1591657344637176,0.08833353134254578,0.5406095570656099,True,False,0.4341500799396386,0.1962466177281055
1769,2025-10-15,2025-11-12,0.022476145576629962,0.16528333692384262,0.13598555060021728,0.10083629695991755,0.22289737182201597,0.12374128713426016,0.1816382074015699,True,False,0.39144120056911236,0.20139809646431217
1770,2025-10-16,2025-11-13,-0.07078855225498695,0.16710811226543257,-0.42360931073500036,0.1152624867037953,-0.6141508332793593,0.12293165116909387,-0.5758366668126543,True,False,0.38714401591586073,0.19919887787837975
1771,2025-10-17,2025-11-14,-0.0749530156316418,0.1686747083089728,-0.44436428189545363,0.09772050442276337,-0.7670142113407059,0.11736076943953375,-0.6386547735634851,True,False,0.3835371828529993,0.19885682420916098
1772,2025-10-20,2025-11-17,-0.08001104075299015,0.16912701196980262,-0.4730825657067483,0.105210311759664,-0.7604866805809156,0.12178344408631851,-0.6569943997993632,True,False,0.3825027610488315,0.20030397605045042
1773,2025-10-21,2025-11-18,-0.09983264350355456,0.1900008149645725,-0.5254327120763631,0.11886722647204762,-0.8398668536867968,0.1460327094854232,-0.6836320702076661,True,False,0.34041503261781014,0.19981228764137107
1774,2025-10-22,2025-11-19,-0.06919690297908172,0.1797248861093255,-0.38501570081390785,0.10141317361813872,-0.6823265707040767,0.13208511733110725,-0.5238811485901237,True,False,0.35991944412328686,0.2004525600343378
1775,2025-10-23,2025-11-20,-0.08609991360498699,0.17797819274780136,-0.4837666473386,0.09976076517714808,-0.8630638854072228,0.13232133568112658,-0.6506880629777961,True,False,0.3634405499183974,0.20247648475857077
1776,2025-10-24,2025-11-21,-0.0864218291109496,0.1783708031081924,-0.4845065874291639,0.1030330938361888,-0.8387773859178753,0.1339364467008601,-0.6452450489743702,True,False,0.3626321333312427,0.20397915219618093
1777,2025-10-27,2025-11-24,-0.0990626306084155,0.19828858458609425,-0.4995881674943513,0.11826898167651705,-0.8376044944680954,0.16304770278726563,-0.6075683920408629,True,False,0.3261591365236909,0.20364410574311423
1778,2025-10-28,2025-11-25,-0.0848185544360391,0.19885488465499,-0.4265349306515549,0.12248728200936009,-0.6924682550271426,0.16580975074331664,-0.5115414145175531,True,False,0.32524195846230014,0.20972042121854348
1779,2025-10-29,2025-11-26,-0.04555412571717024,0.19574309413963345,-0.2327240504570454,0.14283568323396212,-0.318926788361095,0.16990465127755727,-0.2681158248149001,True,False,0.33043736051868566,0.22080314032507803
1780,2025-10-30,2025-11-27,-0.036171547579039655,0.19668660927236775,-0.1839044748031118,0.14664075777155644,-0.24666776228331633,0.17229723015878426,-0.20993690697003647,True,False,0.328847517764292,0.2194299264121544
1781,2025-10-31,2025-11-28,0.009115066935343575,0.19141765845332215,0.04761873595672635,0.13220278482647566,0.06894761670344286,0.16341596467831265,0.055778313662846545,True,False,0.3379210933683457,0.17547397610802795
1782,2025-11-03,2025-12-01,0.05879310096587389,0.2061595706249018,0.28518249619778907,0.15420719384448395,0.38126042955665224,0.17373007779227942,0.3384163623996642,True,False,0.3137163757204892,0.17438758713387104
1783,2025-11-04,2025-12-02,0.007953554117299625,0.19398371936037614,0.04100114248517831,0.13944498396801297,0.05703721920269342,0.16963910353841502,0.04688514588559194,True,False,0.3334434652361028,0.1767884134042858
1784,2025-11-05,2025-12-03,-0.07163821668025107,0.21365664421705824,-0.3352959929833603,0.12776150353912102,-0.5607183282585211,0.18000773455711702,-0.3979729918634137,True,False,0.30266652498987484,0.17472062223679571
1785,2025-11-06,2025-12-04,-0.06998136755739993,0.2136530641035946,-0.32754675366353675,0.12629751603040953,-0.5540993184739281,0.18006074655570842,-0.38865421195923244,True,False,0.3026665249898749,0.17417455274776486
1786,2025-11-07,2025-12-05,-0.09492451306792385,0.21960508383267074,-0.43225098167696374,0.14034696315922832,-0.6763560174809684,0.1895299386015071,-0.5008417866240422,True,False,0.2944585412656231,0.1735521311818801
1787,2025-11-10,2025-12-08,-0.041244718386960394,0.21372892560772436,-0.19297677312363645,0.12771649144094874,-0.3229396448463383,0.1753614429177021,-0.23519832923772602,True,False,0.3025937915083518,0.16808028021536517
1788,2025-11-11,2025-12-09,-0.039031312006235566,0.21137854415273014,-0.18465124813251507,0.12731388380769312,-0.30657545617877885,0.1719081927145814,-0.22704742217282872,True,False,0.30596274646502114,0.16812637095617475
1789,2025-11-12,2025-12-10,-0.03966696630356591,0.2118196275740754,-0.18726766144319645,0.12866697339174407,-0.30829174929602526,0.17314566772075993,-0.22909592151932254,True,False,0.3053248875701454,0.16808485421642105
1790,2025-11-13,2025-12-11,-0.19000592509910494,0.19950716838797555,-0.9523764315556129,0.18598663600173002,-1.021610633880907,0.27514702065480545,-0.6905614483737513,True,False,0.3240894102151496,0.20381197847941668
1791,2025-11-14,2025-12-12,-0.18116940228196707,0.20274013122007115,-0.8936040496358888,0.23543546213151642,-0.7695077056011391,0.31833544915937323,-0.5691147585365695,True,False,0.3189549248093248,0.20281611584592357
1792,2025-11-17,2025-12-15,-0.24113025358245074,0.2010341288609333,-1.1994493420032883,0.21409265342577163,-1.1262892477814674,0.2883991462918453,-0.8360990546707068,True,False,0.3215927188704293,0.20011192456345264
1793,2025-11-18,2025-12-16,-0.22273100936979542,0.1937561937204258,-1.1495426550914698,0.20058382609925815,-1.110413604632199,0.2712340501107597,-0.8211764314946526,True,False,0.3336854222749775,0.19663547536169462
1794,2025-11-19,2025-12-17,-0.26330261371993735,0.1899618754974302,-1.3860813546426545,0.19577194256885194,-1.3449456048960398,0.2633628611418308,-0.9997712379732199,True,False,0.34032264819576075,0.2034719309095385
1795,2025-11-20,2025-12-18,-0.39802158591605036,0.20935056352279335,-1.901220513661121,0.12633799974258272,-3.1504502740824667,0.23538968444236555,-1.6909049640767275,True,False,0.3086130939479661,0.19345233773574444
1796,2025-11-21,2025-12-19,-0.3887870094297498,0.21053594098376707,-1.846653866380593,0.13443837965950137,-2.891934657457562,0.24011025375189285,-1.619202026380287,True,False,0.3068828961032654,0.19040692055619457
1797,2025-11-24,2025-12-22,-0.372963464248169,0.1915668277818754,-1.946910478012603,0.11346154497755273,-3.287135428324691,0.1820932455127107,-2.0482004326851047,True,False,0.3372317936077652,0.18524852418398496
1798,2025-11-25,2025-12-23,-0.3607650610542594,0.1715480409678591,-2.1029972654823355,0.09837271920756259,-3.6673283402185843,0.13421977512176286,-2.6878681679132366,True,False,0.3765177815998921,0.18656048268370876
1799,2025-11-26,2025-12-24,-0.38051572074196627,0.16890877360401485,-2.252788369857193,0.08800610000612824,-4.32374256688422,0.1238861109240025,-3.0714962145788265,True,False,0.38233556828653475,0.1862435213080452
1800,2025-11-27,2025-12-25,-0.4158331216444981,0.17186960566064458,-2.4194686433711725,0.07288855242206944,-5.705053918982629,0.11685337188994696,-3.5585889813785743,True,False,0.375715184829807,0.17909478997507347
1801,2025-11-28,2025-12-26,-0.4109050905635379,0.17164737342726508,-2.3938909309186567,0.07439239283317203,-5.523482642707962,0.11676620595874808,-3.5190412087955063,True,False,0.37621700846047745,0.17979462118315273
1802,2025-12-01,2025-12-29,-0.4291475803222649,0.17529592273641753,-2.4481321277936945,0.06984649453684837,-6.14415344918796,0.11631952063431232,-3.689385736650582,True,False,0.3683818438312534,0.18222426202812828
1803,2025-12-02,2025-12-30,-0.4204155679559289,0.17351163038323725,-2.4229820619364357,0.07206278480693039,-5.834017781609473,0.11573459498622606,-3.6325833948437274,True,False,0.372186290757041,0.18228778151947728
1804,2025-12-03,2025-12-31,-0.4287864629986157,0.18174428441395438,-2.3592844439717267,0.07604869077041093,-5.638314856637193,0.12755951878757738,-3.3614619047965073,True,False,0.3553355653587807,0.1871081898334917
1805,2025-12-04,2026-01-01,-0.4425696184149274,0.18212349340187747,-2.430052324102658,0.06570172898529864,-6.736042190213236,0.12918736220744592,-3.425796539635664,True,False,0.35460326705006806,0.17547121172751476
1806,2025-12-05,2026-01-02,-0.39360364878347903,0.17250574641984007,-2.281684274015641,0.0865217445519874,-4.549187615455195,0.1315253069300565,-2.992607719157747,True,False,0.37446887991908356,0.17628523206822866
1807,2025-12-08,2026-01-05,-0.3929981653878413,0.17209770934136778,-2.2835758063943903,0.08815767385813637,-4.457900806460199,0.13096241570220882,-3.0008469474285437,True,False,0.3753579242992884,0.17633062602544092
1808,2025-12-09,2026-01-06,-0.409351302607245,0.1595915793724004,-2.5649931169115168,0.08681848767545446,-4.715024571004798,0.10722428621281983,-3.817710679787231,True,False,0.4047040525599008,0.17881359319881865
1809,2025-12-10,2026-01-07,-0.41574278585794217,0.16071347820750173,-2.586856998522332,0.09299167947920471,-4.470752525239774,0.11067366524179664,-3.7564743604509645,True,False,0.4018737105506083,0.18032083074039992
1810,2025-12-11,2026-01-08,-0.4018254464185169,0.1599959874586393,-2.5114720237743033,0.10051847077683647,-3.997528447389729,0.11487026467919007,-3.498080617649275,True,False,0.4037316567886301,0.18626075300581524
1811,2025-12-12,2026-01-09,-0.3003243423263681,0.174832806645339,-1.7177802501083093,0.08666993484451908,-3.4651502030679135,0.07861220809199204,-3.8203270155562663,True,False,0.36974506863494533,0.1380713753353
1812,2025-12-15,2026-01-12,-0.30935545376794465,0.17470995937018471,-1.7706801311336002,0.07672790485366297,-4.031850659260848,0.07829395397486427,-3.9512048895532987,True,False,0.3699887825018394,0.14125853632414107
1813,2025-12-16,2026-01-13,-0.2963946003131461,0.1794313953473142,-1.6518547366776781,0.08815252050908069,-3.362292973603791,0.0862537252019962,-3.436310717235973,True,False,0.3602774672978773,0.13938828275881357
1814,2025-12-17,2026-01-14,-0.33384633027035515,0.18649241950432607,-1.7901335140467245,0.10049781007906894,-3.3219264181746246,0.08913861700369463,-3.7452491579100653,True,False,0.34657591034629237,0.14329286971053945
1815,2025-12-18,2026-01-15,-0.30910821958307494,0.19417152379751945,-1.5919338404400152,0.09362100833586533,-3.3016971839712443,0.0907463146673455,-3.406289508463153,True,False,0.3329055031575286,0.13462192906396908
1816,2025-12-19,2026-01-16,-0.30564196814663874,0.18587113985161507,-1.644375605543923,0.08859552215591247,-3.449857969218386,0.08325363956030697,-3.671214492974075,True,False,0.3477805238124226,0.13444204048833525
1817,2025-12-22,2026-01-19,-0.2818851109137514,0.17841670889758832,-1.5799255162561834,0.07906725520881668,-3.5651308518209293,0.07996461906816417,-3.5251229130906547,True,False,0.3623487614221291,0.13276836981799592
1818,2025-12-23,2026-01-20,-0.3771334334914554,0.162320769399225,-2.323383722781048,0.0917641633713428,-4.109811713373405,0.1296435357588605,-2.9090029925821437,True,False,0.39802121919373173,0.17405827666565316
1819,2025-12-24,2026-01-21,-0.3221054718388203,0.16362820667427527,-1.9685204549116406,0.07444601008823777,-4.326698925261972,0.15908528759367854,-2.0247345100919287,True,False,0.3950077059432087,0.16763730056484868
1820,2025-12-25,2026-01-22,-0.29941935098944755,0.1660295779599497,-1.8034096976484195,0.08067376437122047,-3.711483569945601,0.17829034814718578,-1.6793918128549783,True,False,0.38935238236422354,0.16267012714558807
1821,2025-12-26,2026-01-23,-0.2914813043979824,0.16608355930962979,-1.755028044976887,0.07662812510222827,-3.8038423099759022,0.17786454185818495,-1.6387825327792789,True,False,0.3892339137786639,0.17092747216802423
1822,2025-12-29,2026-01-26,-0.36112736504265297,0.09854965492717388,-3.664420391015255,0.029549673541818665,-12.221027231708192,0.07794307203026662,-4.633219549037291,True,False,0.6550793768203389,0.2273749317785452
1823,2025-12-30,2026-01-27,-0.37944733373696543,0.09150119588973708,-4.1469111965948064,0.026109059106977237,-14.533167671123165,0.04151559669487393,-9.13987426281692,True,False,0.7048569424466719,0.2446702829929464
1824,2025-12-31,2026-01-28,-0.37437128688931326,0.09154334467311306,-4.089552203124481,0.027218030327876674,-13.75453265278651,0.05029780915364302,-7.443093311395212,True,False,0.7046368243048133,0.24647942014563387
1825,2026-01-01,2026-01-29,-0.3605800275173832,0.09100916360919464,-3.9620189134553683,0.029093283013421217,-12.393927057013181,0.05569531935762726,-6.474153154631353,True,False,0.7088073800373732,0.2374570795391912
1826,2026-01-02,2026-01-30,-0.37949788570149107,0.08920465095261676,-4.254238782942727,0.0340565077267425,-11.14318264064094,0.05168855491625741,-7.342009973316724,True,False,0.7230062237094472,0.2593896467168803
1827,2026-01-05,2026-02-02,-0.4134211553143832,0.08876291297087766,-4.657588867661691,0.038017948351628146,-10.874367850959484,0.047794048715886765,-8.650055109831317,True,False,0.7261568572808365,0.27814788050776745
1828,2026-01-06,2026-02-03,-0.3475580752940517,0.08360346252595702,-4.157221062299215,0.05363124991892268,-6.480514174468699,0.09317845753999852,-3.7300260647141124,True,False,0.7720430381007881,0.28409057258912734
1829,2026-01-07,2026-02-04,-0.343393821423205,0.08685256088234165,-3.9537558586026886,0.06621039827746887,-5.186403198847099,0.1117064324165773,-3.074073837956042,True,False,0.7432819044843904,0.2887057349466381
1830,2026-01-08,2026-02-05,-0.3317456132063598,0.08664827079739809,-3.8286466671914425,0.07558903019785333,-4.388806316710505,0.11976595995230237,-2.7699491018857096,True,False,0.7452591635205377,0.2931186049274167
1831,2026-01-09,2026-02-06,-0.3253113263267682,0.08637470136164435,-3.766280186193805,0.07449787863533754,-4.366719325246116,0.11405202107361742,-2.8523065462977524,True,False,0.747562160139275,0.2900431773433836
1832,2026-01-12,2026-02-09,-0.3350769800043394,0.08580294476114898,-3.905192076298762,0.06153810610969365,-5.445032374039167,0.1039631447078529,-3.2230362110143944,True,False,0.7519964799037836,0.30173871400968283
1833,2026-01-13,2026-02-10,-0.3311814618076571,0.08537693062452371,-3.8790509261119817,0.0622617638675098,-5.3191789187405005,0.10204139176877153,-3.24556002291818,True,False,0.7559071701838315,0.3011167319778538
1834,2026-01-14,2026-02-11,-0.3275754059883767,0.08513142333055808,-3.8478788815315497,0.06051654185154385,-5.412989506108401,0.09948068878386822,-3.2928542211852507,True,False,0.7580506256757005,0.29715913699950924
1835,2026-01-15,2026-02-12,-0.3275634260295581,0.08515311195234884,-3.8467581338995642,0.06290642789235464,-5.20715349773292,0.1027095795587881,-3.1892198121799336,True,False,0.7579884014623887,0.2992919991832738
1836,2026-01-16,2026-02-13,-0.3264925980796099,0.08478656126189484,-3.850758813901133,0.06187452282070316,-5.2766887435350975,0.10056725910838428,-3.2465098579224403,True,False,0.7612668846616627,0.2984708464506202
1837,2026-01-19,2026-02-16,-0.31759283648664344,0.08332992243000364,-3.811270036323608,0.06104538431306516,-5.202569204215347,0.09726043047630993,-3.265385881301447,True,False,0.7746980965289988,0.29676118485523323
1838,2026-01-20,2026-02-17,-0.32754747161778036,0.08358877951385733,-3.918557891654341,0.06082195006129602,-5.385349718114592,0.09510255070469523,-3.4441502272095135,True,False,0.7722615877863219,0.3024149366591851
1839,2026-01-21,2026-02-18,-0.31029967594335733,0.08553348733955857,-3.627815088510324,0.0700849699954235,-4.42747818774296,0.11313143573885591,-2.7428245201415966,True,False,0.7553550920878338,0.28735857545628324
1840,2026-01-22,2026-02-19,-0.3171849367366308,0.08735818669429044,-3.6308553180781784,0.07931052891147798,-3.999279050208517,0.12521673654531215,-2.5330873930087705,True,False,0.739582263055794,0.3000326543922515
1841,2026-01-23,2026-02-20,-0.3215577166577752,0.08770701203245349,-3.6662714782575416,0.07945777253312646,-4.046900717279933,0.12356336407950755,-2.6023710106408813,True,False,0.736537451053813,0.3016685251891447
1842,2026-01-26,2026-02-23,-0.3289976681138527,0.08805474694802547,-3.7362854305633793,0.08567454701601657,-3.8400864617626485,0.1256219616088261,-2.6189502528094386,True,False,0.7335643070507253,0.2980832449350213
1843,2026-01-27,2026-02-24,-0.24667030950783536,0.12149627724921835,-2.0302705160410364,0.108138004310032,-2.281069556273952,0.1894809969555426,-1.3018208341267643,True,False,0.5323426810418279,0.25485975705269936
1844,2026-01-28,2026-02-25,-0.11302865757357233,0.13616287910996072,-0.8300989103079559,0.07282812353996863,-1.551991896530759,0.16638309885408215,-0.679327758360231,True,False,0.475264379047092,0.23008960916053342
1845,2026-01-29,2026-02-26,-0.11977248184611217,0.14183015020858045,-0.844478283848466,0.08294753178363473,-1.4439547418786833,0.18375294285234642,-0.6518125913355011,True,False,0.4562182437192883,0.2310400850868639
1846,2026-01-30,2026-02-27,-0.10808809445900357,0.15229933135082027,-0.7097082666109907,0.09557169163041997,-1.1309634957282653,0.214498888158421,-0.5039098122465496,True,False,0.4248101702293368,0.23118245986489333
1888,2026-03-31,2026-04-28,0.34570330878014427,0.13030462432258982,2.653039449500278,0.08520276841831258,4.05741873412933,0.19321128845868957,1.7892500564430476,False,False,0.4957437926798049,0.33087075959046053
1889,2026-04-01,2026-04-29,0.40313368110252257,0.13370811463654894,3.015027787941948,0.0838113293227317,4.81001416348115,0.15747410829845973,2.5599997704922113,False,False,0.48289128853058055,0.339613798596649
1890,2026-04-02,2026-04-30,0.27087086654136017,0.1327867791596247,2.0398933407048214,0.13510074933624264,2.0049545829476414,0.35431518848778265,0.7644912646771851,False,False,0.4869032386536344,0.3092921359338431
1891,2026-04-03,2026-05-01,0.243855841950471,0.13382071469436954,1.8222578059563386,0.1373560816978616,1.7753552586544656,0.37986439747155726,0.6419549807078985,False,False,0.48315168919042484,0.29903311125373777
1892,2026-04-06,2026-05-04,0.2901627217199407,0.13241516757913113,2.1913103085153733,0.11966840422086103,2.424722913363279,0.3176731858136567,0.9134001063915625,False,False,0.48813732767804857,0.31172019355811054
1893,2026-04-07,2026-05-05,0.30336663546828047,0.13222939967010533,2.2942449729420207,0.12502297107565802,2.4264871715830307,0.2882047558609781,1.0526080132231268,False,False,0.488781082126506,0.31146922297755075
1894,2026-04-08,2026-05-06,0.296877869280587,0.13221921136601703,2.245345938864755,0.12153066584386596,2.4428227000911424,0.2827208283446314,1.0500742765181008,False,False,0.48878108212650595,0.3217514629258935
1895,2026-04-09,2026-05-07,0.029396774297278133,0.20752741387452003,0.14165248700613925,0.08689170990857051,0.33831506283177193,0.19492468777234512,0.15081093438308327,False,False,0.31164136952291277,0.23399948752099775
1896,2026-04-10,2026-05-08,0.019914978084355654,0.20609926058870043,0.09662809088916989,0.08200183494692834,0.24286015181543982,0.19308519434648969,0.10314088634169641,False,False,0.31381325280146255,0.23342207474515483
1897,2026-04-13,2026-05-11,0.0038426978326078828,0.20085745428928833,0.01913146736925866,0.07810371952999065,0.04919993382814944,0.18534437343690424,0.020732746084229155,False,False,0.3220161459384424,0.2336643645981667
1898,2026-04-14,2026-05-12,0.08942392165855491,0.1872173126994469,0.4776477152095085,0.09110436524436474,0.9815547412980435,0.1760886004754422,0.507834813935194,False,False,0.3454945381646033,0.2499364237490339
1899,2026-04-15,2026-05-13,0.06026186906887157,0.18763420770519046,0.32116675208581685,0.09276698236805553,0.6496047142051141,0.16901323080011196,0.35655119296631804,False,False,0.3447352553165441,0.22058227734371139
1900,2026-04-16,2026-05-14,0.08103292153083924,0.19307846031274997,0.419689080799492,0.09851332132097922,0.8225580098636124,0.17125015190094137,0.4731845235250492,False,False,0.3349927251210652,0.223345816154271
1901,2026-04-17,2026-05-15,0.16300488149111048,0.18251173436473817,0.8931200070969438,0.1306455419325047,1.2476880502767065,0.16924371032127056,0.9631370121919621,False,False,0.35432826499622316,0.24876104921052813
1902,2026-04-20,2026-05-18,0.1248972749185054,0.18127190312657473,0.6890051506288581,0.1189629913874005,1.0498834424210133,0.1642272598396785,0.7605148806625178,False,False,0.35678390202905025,0.24623074455817928
1903,2026-04-21,2026-05-19,0.19197639226599608,0.18552000030108942,1.0348015952696652,0.11432290971174049,1.679246904667271,0.15754146256693027,1.218576932941932,False,False,0.3485391872140068,0.2536140865678032
1904,2026-04-22,2026-05-20,0.2589381397527487,0.18343223794617466,1.4116283083714547,0.11324711129598569,2.286487812267291,0.1523808406756058,1.6992827878144219,False,False,0.3524596979426741,0.25973810566577593
1905,2026-04-23,2026-05-21,0.24710839003689078,0.18299503745231224,1.3503556898436997,0.11084712329846517,2.2292720161219766,0.15394509272949577,1.6051722445683712,False,False,0.3533151262301814,0.2605220605021155
1906,2026-04-24,2026-05-22,0.27615107863079746,0.1921119231557021,1.4374489313033614,0.12236288615578533,2.25682057122466,0.17965957523006898,1.5370796590004352,False,False,0.3365099355306261,0.26092776226731723
1907,2026-04-27,2026-05-25,0.2755099389590492,0.19217716738176152,1.4336247261452575,0.12101703877350296,2.2766210589130105,0.17790927200910486,1.5485979783276804,False,False,0.3363977842408822,0.2609652898051159
1908,2026-04-28,2026-05-26,0.2497030492391825,0.18737194966550133,1.3326597160618512,0.11683253244821251,2.1372732748891368,0.1728006202269014,1.4450356075765347,False,False,0.34505739526485807,0.25933572582120495
1909,2026-04-29,2026-05-27,0.2272609848244832,0.17881768110371138,1.2709089136027634,0.11614331294660117,1.9567289675038824,0.1655174388515738,1.373033478534412,False,False,0.3616103754980954,0.2565550319595973
1910,2026-04-30,2026-05-28,0.1909061040856591,0.18598858235319812,1.0264399119034224,0.15023361617520217,1.2707282760405951,0.18725887448940043,1.0194769385760947,False,False,0.34770818382298113,0.2512973717177843
1911,2026-05-01,2026-05-29,0.28076988067415687,0.1808251003675546,1.5527151933191203,0.1127746630023561,2.489653909835146,0.1288184625490002,2.1795779511602005,False,False,0.357517597315831,0.23975505616449339
1912,2026-05-04,2026-06-01,0.3035759923339839,0.1778400595371789,1.7070169292791926,0.09588033713398725,3.166196546740902,0.11313565051646585,2.6832920564663323,False,False,0.3634492017885141,0.238109957627959
1913,2026-05-05,2026-06-02,0.27744701235612934,0.18271993845410375,1.5184276806541257,0.10490446435772484,2.6447588675543243,0.12773465506144585,2.1720574751046646,False,False,0.35381317095809284,0.22700678046957096
1914,2026-05-06,2026-06-03,0.2332599154572178,0.15602636252672017,1.4950032268891167,0.0816136535122413,2.8580991711421295,0.09298188121816973,2.5086598851436888,False,False,0.4144390980741677,0.23109817421560333
1915,2026-05-07,2026-06-04,0.22856918815974198,0.15601122500731088,1.4650816833790705,0.07496958975923057,3.048825382315762,0.0908230059952021,2.5166441658164955,False,False,0.4144390980741676,0.2048595358258062
1916,2026-05-08,2026-06-05,0.2644493125246191,0.15484742403396023,1.7078056943757853,0.07027172105635926,3.7632394446768385,0.10307651543130221,2.565563178169984,False,False,0.4173650582841408,0.23526296212340056
1917,2026-05-11,2026-06-08,0.22749246301799636,0.15145361812864824,1.5020602731640187,0.0666302906113977,3.4142498994155934,0.09365973979370996,2.428924781544977,False,False,0.4268408878651745,0.23649050475654237
1918,2026-05-12,2026-06-09,0.2494316210550523,0.15673825800714952,1.5913895192306822,0.0801066631214911,3.113743742848958,0.10001159787069196,2.494026956529082,False,False,0.41241339390494125,0.23807848046816463
1919,2026-05-13,2026-06-10,0.19661341048576156,0.1572092252767149,1.250648046510557,0.07576572127637579,2.595017999875714,0.0933296532387994,2.106655319748093,False,False,0.41134711618028597,0.22763719233973373
1920,2026-05-14,2026-06-11,0.19707917302415187,0.15716651855338862,1.2539513812364886,0.07303861737034469,2.6982872912948985,0.09271143678176089,2.1257266618364308,False,False,0.41142864774368126,0.22779057290015184
1921,2026-05-15,2026-06-12,0.255312608721402,0.14026255086102912,1.8202478648371612,0.07438421867740462,3.432349136161018,0.10633719709363798,2.400971773748934,False,False,0.46099727552317615,0.2585164890479658
1922,2026-05-18,2026-06-15,0.20874499313911812,0.13748526006858802,1.518308166526218,0.05491876323168647,3.800977677856346,0.09507379241888979,2.1956102499771903,False,False,0.47048991464578693,0.2366942270100023
1923,2026-05-19,2026-06-16,0.22815072074981937,0.13851961615615369,1.6470643442487178,0.06013927678777367,3.793705759963553,0.09821762825413312,2.3229101008170447,False,False,0.4669118225806428,0.23302694974026805
1924,2026-05-20,2026-06-17,0.21143379022439404,0.14104480570032152,1.499054071325592,0.056646103296664765,3.7325390083247427,0.09890659211333758,2.1377118117881464,False,False,0.45859455760309203,0.22252587595676068
1925,2026-05-21,2026-06-18,0.29887487747466335,0.12649586433109736,2.3627244973983617,0.10214834733413507,2.9258904845226787,0.12981613832502464,2.3022937003900172,False,False,0.510959595073951,0.2819000324243486
1926,2026-05-22,2026-06-19,0.2699612215852844,0.12242565462070214,2.2051033537184295,0.08124329063337292,3.322874042652211,0.12548094217860478,2.151412133971961,False,False,0.5281361227317232,0.2806157993030345
1927,2026-05-25,2026-06-22,0.26506546187081104,0.12153562549416586,2.180969249082732,0.07921224077399455,3.3462689513743973,0.12040924088459404,2.2013714223550536,False,False,0.5320117936084028,0.2800149459563387
1928,2026-05-26,2026-06-23,0.2782941313630106,0.11747874152244557,2.3688892795113876,0.07451338172699026,3.7348208457730863,0.10685761277083553,2.604345391468122,False,False,0.5502580026697552,0.2911225649560401
1929,2026-05-27,2026-06-24,0.29362247724184376,0.12047278908288184,2.4372514281199207,0.07113661688588602,4.127585624613818,0.10486183493074178,2.8000890642031293,False,False,0.536430291805249,0.29237277977653414
1930,2026-05-28,2026-06-25,0.33088067340612953,0.12222712374674073,2.707096945942432,0.06640395976905251,4.982845519407355,0.10319049589581669,3.2065033754677725,False,False,0.5285904095681844,0.30376751287662507
1931,2026-05-29,2026-06-26,0.2967223739130029,0.11231052592327252,2.6419818754629953,0.060975307944188865,4.866271018829376,0.09874120528681715,3.005051164314864,False,False,0.5754592503028896,0.30421394509919797
1932,2026-06-01,2026-06-29,0.3036828073905378,0.11669107247549691,2.6024510782888375,0.06377743240144378,4.761602904911912,0.10468709353460787,2.9008619605065755,False,False,0.5537764420946969,0.30071657733537016
1933,2026-06-02,2026-06-30,0.2954553598796443,0.1164606372455435,2.5369546901646394,0.0681666315580835,4.334310690236943,0.10558518061071684,2.7982654210628466,False,False,0.5549864788498816,0.29926295978040335
