start,start_date,end_date,beta,se_cl,t_cl,se_hac5,t_hac5,se_hc3,t_hc3,quiet,covid,shock_sd,usd_sd
0,2019-01-03,2019-01-31,0.038690523136078805,0.09472301754450449,0.40845957127474875,0.04334822300109382,0.8925515386202225,0.07360026050293896,0.5256845950230549,True,False,0.7157410330120507,0.245587993804021
1,2019-01-04,2019-02-01,0.08372848509899378,0.10312259789168098,0.81193149523775,0.032929181235094605,2.5426834788640083,0.04888426678324583,1.7127900367258888,True,False,0.6572182035952596,0.24908170150025682
2,2019-01-07,2019-02-04,0.050249927395906946,0.13053777930905341,0.3849454744969901,0.06543697242340114,0.7679133910837368,0.07539888711696556,0.6664544971062334,True,False,0.5188714415476146,0.23873763186783412
3,2019-01-08,2019-02-05,0.0612528302148273,0.13075463666302478,0.4684562764124798,0.061432165415283305,0.9970807605552614,0.07264138441102079,0.8432222308463373,True,False,0.518038467611723,0.23047709230115543
4,2019-01-09,2019-02-06,0.07515746667440801,0.132042688751622,0.569190671478846,0.06203668116794224,1.2115004423100248,0.07670933773537769,0.9797694634475513,True,False,0.5129570187155555,0.23123690196794283
5,2019-01-10,2019-02-07,0.07375091522200859,0.1282198731243755,0.5751909858034949,0.06640825605194778,1.1105684685397705,0.0831087020574374,0.8874030444012767,True,False,0.5282908569421213,0.2053466166301145
6,2019-01-11,2019-02-08,0.06872649714950191,0.12786315023227127,0.5375004215417499,0.06693825881559558,1.026714742294577,0.08311406642954088,0.8268936908262589,True,False,0.5297659996237827,0.2044599308028054
7,2019-01-14,2019-02-11,0.08718278013863559,0.13121317971405708,0.6644361513731045,0.07465984329247596,1.16773323240315,0.10475218016609775,0.8322765215998019,True,False,0.5161391679204852,0.22601243198270377
8,2019-01-15,2019-02-12,0.1079226904904138,0.1338366564025866,0.8063761707089988,0.07258957224527142,1.4867519831327292,0.11538101668623056,0.9353591569044751,True,False,0.505991474218581,0.2354514249055653
9,2019-01-16,2019-02-13,0.12021001657964789,0.1336983672163044,0.8991135724579618,0.0706837219781543,1.7006746845730665,0.11869805721972848,1.01273786105126,True,False,0.5065045749257849,0.23214282845286385
10,2019-01-17,2019-02-14,0.13736196284728033,0.1331718348516669,1.0314640704641533,0.06688790516137785,2.053614364448587,0.13440270090520692,1.0220178755496927,True,False,0.5084462758934362,0.22857379388883942
11,2019-01-18,2019-02-15,0.1609727900898194,0.13120397195819156,1.2268896107894793,0.05514343530754704,2.9191650681905985,0.1344298551047683,1.1974482153861195,True,False,0.5160692739554333,0.22556039133871933
12,2019-01-21,2019-02-18,0.16176722871173604,0.13118518314164784,1.2331211866897125,0.0530891935926616,3.0470839311090376,0.13034841121258037,1.241037211016833,True,False,0.516151360290585,0.22433971107393708
13,2019-01-22,2019-02-19,0.1582331856604883,0.1312124442784411,1.2059312402161146,0.04961674718321268,3.1891084088242065,0.1192713110979827,1.3266659367104465,True,False,0.5160667697903913,0.2396604538756939
14,2019-01-23,2019-02-20,0.2411778681383297,0.17599392399091124,1.3703761054318258,0.07393079944738828,3.2622110127452393,0.14798533402755124,1.6297416884123685,True,False,0.38447235012838327,0.23646013548056793
15,2019-01-24,2019-02-21,0.2215434411797901,0.17943958812483252,1.2346408253326282,0.07724598369212429,2.868025372850263,0.15251901696521772,1.4525627399651648,True,False,0.3771123077453765,0.23430839505842965
16,2019-01-25,2019-02-22,0.23967890217791843,0.1769037903997408,1.354854532151786,0.07511944794987327,3.1906371614692195,0.14723979222155503,1.6278133686664553,True,False,0.3824949238861903,0.2382911825247796
17,2019-01-28,2019-02-25,0.09373343825928251,0.1721973316405981,0.5443373446396857,0.08094151957757374,1.1580390230930753,0.11674216291203049,0.8029098992273606,True,False,0.3931209817776013,0.20959094213709234
18,2019-01-29,2019-02-26,0.1133625594381639,0.1899525879374937,0.5967939719540293,0.10884846423774922,1.0414713724444922,0.14409868884624646,0.7867008391667042,True,False,0.35631879886632367,0.2101046807634135
19,2019-01-30,2019-02-27,0.11911333099861192,0.19110117232853516,0.623299844512916,0.11679627661837029,1.0198384267660565,0.14875696353165582,0.8007244042277344,True,False,0.35417121623741443,0.21013862080287635
20,2019-01-31,2019-02-28,0.17102354536831404,0.20747510229787727,0.8243087651200248,0.13882612048375886,1.2319262741936372,0.17606543361275373,0.971363554214003,True,False,0.3261621045581553,0.21227748895496204
21,2019-02-01,2019-03-01,-0.0019700168594726296,0.20475592265218714,-0.009621293655173233,0.13903348611965008,-0.014169369656582324,0.1494949489849666,-0.013177815523859184,True,False,0.33051762803448265,0.19268361458896832
22,2019-02-04,2019-03-04,0.02155876385836487,0.19213128198573995,0.11220850470338802,0.11438998766044192,0.18846722776437777,0.13216663458111075,0.16311805113819589,True,False,0.35226949911893046,0.19133064919670612
23,2019-02-05,2019-03-05,0.02899686837693161,0.19299609632689338,0.15024588024732494,0.11485262130678818,0.2524702357421754,0.13474234324132384,0.21520234604350136,True,False,0.35069007541687613,0.19116787799254112
24,2019-02-06,2019-03-06,0.04329879767137293,0.18420765473914072,0.23505428008781187,0.10288460873199518,0.4208481541117804,0.1248993413791738,0.3466695435961101,True,False,0.36744436403952835,0.19115674862880275
25,2019-02-07,2019-03-07,0.09919190620209953,0.17940944902574726,0.5528800558763456,0.10895581714321631,0.910386510815823,0.13689647904790062,0.7245760219106284,True,False,0.3772374426860649,0.20997116600004503
26,2019-02-08,2019-03-08,0.10095424756496799,0.18424068653783396,0.5479476301464875,0.12033753569568943,0.8389256683821574,0.14555846888623675,0.6935649181901617,True,False,0.3673544389367284,0.21091312694916958
27,2019-02-11,2019-03-11,0.09682736198600952,0.16723449078495897,0.5789915796168894,0.0997093801548558,0.9710958170197198,0.11807679133107761,0.820037205402318,True,False,0.40477575604526017,0.2118227852629627
28,2019-02-12,2019-03-12,0.09617314243165716,0.1665735494537084,0.5773614283123873,0.09679276959390387,0.9935984147902124,0.12016928644084397,0.8003138345920073,True,False,0.4064140335053422,0.20033317838637202
29,2019-02-13,2019-03-13,0.08729459438908503,0.16732853103405618,0.5216958151106823,0.096595181088192,0.9037158314283248,0.11889068870852972,0.734242482210654,True,False,0.40458331662143776,0.19558410381037775
30,2019-02-14,2019-03-14,0.0804928363199503,0.16772977135227643,0.47989594018401344,0.09599663819326242,0.8384964081544237,0.11930528616587285,0.6746795461186798,True,False,0.4036180727037031,0.19138977688202138
31,2019-02-15,2019-03-15,0.07933642166267567,0.16927429551778864,0.46868558170628094,0.10018702495790505,0.7918831974101432,0.12395772919738407,0.6400280335592816,True,False,0.39992350491480994,0.1920141548403452
32,2019-02-18,2019-03-18,0.07388353705259504,0.17795825049372715,0.4151734288666732,0.10642146186536244,0.6942541077481882,0.13855671994922947,0.5332367645514974,True,False,0.38037902617762975,0.19273295052979086
33,2019-02-19,2019-03-19,0.05712830299679143,0.17595608787826433,0.3246736369605796,0.10333487626928678,0.552846290229421,0.136263916229106,0.4192474763512544,True,False,0.3847099046722494,0.19561492472390993
34,2019-02-20,2019-03-20,0.05391579825854198,0.17482861962042942,0.3083922894066121,0.10358150934982539,0.5205156653631333,0.1314897077504884,0.41003816329755066,True,False,0.3872103746122477,0.180218194515874
35,2019-02-21,2019-03-21,0.06093137013700517,0.17927561336332928,0.3398753962900603,0.10641193040945414,0.5725990488336422,0.14000298376889958,0.4352147968330696,True,False,0.3775887903537008,0.18032342939665516
36,2019-02-22,2019-03-22,0.148623890797428,0.13999324406266556,1.0616504517239351,0.07974680223955329,1.8636971843833088,0.12320994261466323,1.2062654006929165,True,False,0.48365549749289405,0.20694715446414283
37,2019-02-25,2019-03-25,0.1424749692653424,0.1439057515868958,0.9900575042638969,0.09421176616098968,1.5122842408227464,0.13581740261972836,1.0490185095370612,True,False,0.47049287160458075,0.2084147231405473
38,2019-02-26,2019-03-26,0.11327972456543821,0.13916938352066704,0.8139701542086364,0.06642096587958747,1.7054814404656438,0.13982684202584955,0.8101429090738985,True,False,0.48657217638547207,0.21056668019502528
39,2019-02-27,2019-03-27,0.13437937668058908,0.13873456789952787,0.9686077429376301,0.05979802673271497,2.2472209205370204,0.11962126068045427,1.1233736872206885,True,False,0.4880232882430315,0.22665349321595107
40,2019-02-28,2019-03-28,0.12308011215559407,0.13773678564666558,0.8935892585102858,0.06164412965622532,1.9966234066728274,0.1174557611533088,1.0478848457245455,True,False,0.491565180606871,0.2265439874884755
41,2019-03-01,2019-03-29,0.12809154177799895,0.13622110214987432,0.9403208442482649,0.0572375694052782,2.237892753115175,0.11692312711389707,1.0955192949400208,True,False,0.49706670200732656,0.22796307621728862
42,2019-03-04,2019-04-01,0.18001226732284994,0.14068306761658317,1.2795588720986264,0.05184685452642224,3.4719997764013235,0.11225775434504907,1.6035619844090445,True,False,0.48120757445429174,0.22457201096423324
43,2019-03-05,2019-04-02,0.18108423041564442,0.14517342237023706,1.2473648926855476,0.05382953701789101,3.3640309846146086,0.11705015164650681,1.5470653208764862,True,False,0.46629576926534694,0.2251986727544658
44,2019-03-06,2019-04-03,0.16039110202539597,0.14455807839744428,1.10952707592322,0.055861818525573065,2.871211612131286,0.13892794316864374,1.1544913022335488,True,False,0.46833448010506484,0.23769406034730484
45,2019-03-07,2019-04-04,0.154070476756228,0.1492395931387759,1.032369986515307,0.05669651573592758,2.7174593492452708,0.1534760284277089,1.0038732324168729,True,False,0.4536300164516939,0.24040009504694687
46,2019-03-08,2019-04-05,0.10460993845342563,0.15188796312449301,0.6887309323365107,0.058574303830634694,1.7859356682394583,0.22787781300401552,0.4590615342248447,True,False,0.4457645509514057,0.21704228616053248
47,2019-03-11,2019-04-08,0.08524778363743336,0.15134269990737617,0.563276482378114,0.0739676846790743,1.1525003656299415,0.24517709135476015,0.34769881299425187,True,False,0.447383849695565,0.22174541603590195
48,2019-03-12,2019-04-09,0.07593114271424017,0.15776788321119672,0.48128390372452795,0.09872861892114201,0.7690894853384814,0.27890876467937215,0.2722436593254037,True,False,0.42912573744588484,0.22297246506525076
49,2019-03-13,2019-04-10,0.058807765260587855,0.15466127763136656,0.38023586873991505,0.09533920118677315,0.6168267043205155,0.26857106875944714,0.21896537677057315,True,False,0.43778768993733874,0.21422130544668994
50,2019-03-14,2019-04-11,0.045824797749354586,0.15489562179173047,0.2958430794833548,0.09764453949908436,0.46930220557581,0.2684723703609209,0.17068720214206776,True,False,0.4371413814749987,0.21535528523200834
51,2019-03-15,2019-04-12,0.06601161139790826,0.150705805301187,0.43801638076239613,0.08776831847930612,0.7521120666504779,0.24304853893543138,0.2715984703592273,True,False,0.4493012973284128,0.22108250973440569
52,2019-03-18,2019-04-15,0.06149396204641199,0.15158486340177804,0.40567349975717093,0.08520248687973855,0.7217390512698224,0.23422707787925887,0.26253993604493225,True,False,0.44670023285520705,0.21983287963499393
53,2019-03-19,2019-04-16,0.06393363456107398,0.15182623659271238,0.42109740711404015,0.08304267236329657,0.7698889347078809,0.22615104949414574,0.2827032406176342,True,False,0.44598419879050755,0.2206549180473196
54,2019-03-20,2019-04-17,0.06734834974097784,0.1519996699591055,0.44308221036991374,0.08534574856737541,0.7891236631173292,0.22271261870951042,0.3024002417609842,True,False,0.44547088804132645,0.21916008038712934
55,2019-03-21,2019-04-18,0.06346974673025778,0.15188913840646293,0.4178688969872853,0.0900440029274767,0.7048747797382755,0.22382551564184144,0.28356796832681075,True,False,0.4457853484137158,0.22085913836408952
56,2019-03-22,2019-04-19,0.06324050424169662,0.15204130550503397,0.4159429178250694,0.08990385293960743,0.7034237374028697,0.22362758676319042,0.2827938411224055,True,False,0.44534044922168103,0.22096164331859916
57,2019-03-25,2019-04-22,-0.1296534942206591,0.21859085761610747,-0.5931331970358912,0.08973024398900181,-1.4449252387695577,0.15945868177403488,-0.813085200368005,True,False,0.3095850595846088,0.19824521742437431
58,2019-03-26,2019-04-23,-0.12260447106745102,0.21856397234477032,-0.5609546246444063,0.09647138672476774,-1.2708894857833941,0.16213972822062103,-0.7561655148491738,True,False,0.30960338992730835,0.203180897999514
59,2019-03-27,2019-04-24,-0.00026553201607838083,0.23873698172074007,-0.0011122366303054966,0.13369005170135262,-0.0019861763287484335,0.18331266246352265,-0.0014485197722291497,True,False,0.283444538275674,0.20452274313333932
60,2019-03-28,2019-04-25,-0.049058112893404046,0.24357252094661638,-0.20141070389527266,0.12760485686583536,-0.3844533358552652,0.17815375290129615,-0.2753695170293947,True,False,0.27781514297296944,0.19487728039994948
61,2019-03-29,2019-04-26,0.010190450373770464,0.24766166445679544,0.04114666028802446,0.1545906492465706,0.06591893121243572,0.17834750907646169,0.05713817045463519,True,False,0.2732389888113592,0.2029805402847638
62,2019-04-01,2019-04-29,-0.009278285291909485,0.25277136852261745,-0.03670623514893572,0.1513262695305184,-0.06131311715206399,0.18435151140239148,-0.050329315020680235,True,False,0.2677089955604742,0.20136557791100237
63,2019-04-02,2019-04-30,-0.029470372291035156,0.25450563993329034,-0.11579457452793492,0.15367631288299474,-0.19176912653723774,0.18696416685747144,-0.15762577817117934,True,False,0.26588265273548245,0.20108361078589682
64,2019-04-03,2019-05-01,-0.14997584740682057,0.21100660475635877,-0.710763758224497,0.11308802238922472,-1.3261868431179729,0.17977658175399996,-0.834234614673241,True,False,0.32071230601643996,0.20844975300831295
65,2019-04-04,2019-05-02,-0.1688645517876037,0.21006407874675748,-0.8038716223880342,0.14591313131089542,-1.1572950992862046,0.20271955591884688,-0.8329958647660215,True,False,0.3221206002940296,0.2191811448108775
66,2019-04-05,2019-05-03,-0.0601748453331467,0.18646086729685205,-0.32272104171512994,0.08999511741576041,-0.6686456672438161,0.19404960136904975,-0.3101003295477235,True,False,0.3630211249556755,0.22388306871287028
67,2019-04-08,2019-05-06,-0.03532617287809216,0.1516680778531433,-0.23291765398581551,0.058290326041206326,-0.6060383476517106,0.1236624181850725,-0.2856661983208447,True,False,0.4464631926443342,0.22470049912507062
68,2019-04-09,2019-05-07,-0.001342623670845655,0.11324663561326147,-0.01185574885801226,0.03659148978928779,-0.03669223851166371,0.07373749378104988,-0.01820815438659107,True,False,0.5984212783530202,0.21956898028749836
69,2019-04-10,2019-05-08,0.011808055838012291,0.11448531533699481,0.10314035300732262,0.03904249960711309,0.3024410823291908,0.07020121652128121,0.16820300876741542,True,False,0.5919117361710359,0.2176825123125543
70,2019-04-11,2019-05-09,-0.0071236099141339,0.11690210214575375,-0.06093654248622638,0.03618100402014142,-0.1968881214619775,0.08002074383514217,-0.0890220406949713,True,False,0.579583462662121,0.2214919543959143
71,2019-04-12,2019-05-10,0.03614621364423241,0.10005005208650876,0.3612813076096993,0.04038434590737501,0.8950550722583664,0.06378014694277663,0.5667314262643937,True,False,0.6776829385691929,0.23059251731909014
72,2019-04-15,2019-05-13,0.03745054172817819,0.08408599784351707,0.44538380573033276,0.03445900564122411,1.0868143474045935,0.05075787163797305,0.7378272673703016,True,False,0.8070719997416439,0.22970212463859882
73,2019-04-16,2019-05-14,0.028454044915302013,0.07862044760128156,0.36191659782458674,0.02942431352865311,0.9670249362858964,0.04579719211639275,0.6213054469144432,True,False,0.8636290404778304,0.22944756528805146
74,2019-04-17,2019-05-15,0.03259055653629244,0.07665841112203772,0.4251399951977784,0.02767524191916358,1.177606925044629,0.04188394030081855,0.778115819624915,True,False,0.8859492610020615,0.2300832165051424
75,2019-04-18,2019-05-16,0.02788010677889937,0.07571762402538154,0.3682115906008038,0.028496487191114007,0.9783699510721854,0.042447809550699066,0.6568090809397306,True,False,0.896972888260481,0.2268952721708299
76,2019-04-19,2019-05-17,0.03472691914933129,0.07581130568137967,0.4580704531759663,0.027085620059378045,1.282116454162826,0.04228475263667854,0.8212633865382614,True,False,0.8957894344000484,0.23478993209090734
77,2019-04-22,2019-05-20,0.03339413590804631,0.07582167013004826,0.44042997009653256,0.026783358735792736,1.2468240536023238,0.042171872145066756,0.7918580373471217,True,False,0.8957082026918912,0.23781766424031184
78,2019-04-23,2019-05-21,0.03423598593816691,0.07459067491038827,0.45898479909582973,0.026576523200448503,1.2882040920081355,0.04031336344298064,0.8492465776662471,True,False,0.9106273065634721,0.23863259416274907
79,2019-04-24,2019-05-22,0.037205481869801424,0.07457955010282914,0.4988697547585508,0.02532437008026804,1.4691572486057916,0.0390845243519922,0.9519236190450147,True,False,0.9108519986396258,0.23089937653256787
80,2019-04-25,2019-05-23,0.02621702960929998,0.0727731516661997,0.36025689432215113,0.0265845506530711,0.986175390038851,0.039966927210638756,0.6559681076087654,True,False,0.9337486277423696,0.22727630894351056
81,2019-04-26,2019-05-24,0.030081783071750138,0.07205864689595184,0.4174625026637864,0.024713199823126978,1.217235456640429,0.0389986844364527,0.7713537906840829,True,False,0.9431240357816884,0.2212122429424878
82,2019-04-29,2019-05-27,0.025701154383149693,0.0722540079301674,0.35570558809678127,0.027013748620165607,0.9514101409814678,0.039501452323820074,0.650638213817051,True,False,0.9405429966438893,0.21264964526959018
83,2019-04-30,2019-05-28,0.030176222579904335,0.07125914830224968,0.42347155837325184,0.025120370237373797,1.2012650408714318,0.03767946421842694,0.8008665517368694,True,False,0.9537726342139482,0.2162077495547338
84,2019-05-01,2019-05-29,0.029823035610478728,0.071258953105789,0.4185163310805914,0.026242024264899123,1.1364609417867777,0.03788320714423257,0.7872362943542138,True,False,0.9537083011124271,0.21410214163481042
85,2019-05-02,2019-05-30,0.049805411726739746,0.0720270507319562,0.6914820365488408,0.016476324965982413,3.022847135484989,0.032084444568767224,1.5523227032960107,True,False,0.9433084658549213,0.2047110001692535
86,2019-05-03,2019-05-31,0.062077444020435156,0.07143603828779874,0.8689933751692662,0.01846293056924966,3.36227468264579,0.030508893900741067,2.0347326986812617,True,False,0.9511868193710435,0.18753569298374856
87,2019-05-06,2019-06-03,0.052676210575982256,0.07297093411170585,0.7218793512406475,0.019749162983330622,2.6672629427608587,0.03017496682696163,1.7456924104690497,True,False,0.9310501168330036,0.18429652851451842
88,2019-05-07,2019-06-04,0.07279551087819217,0.07368348820301224,0.9879487610253531,0.028437012320460125,2.5598860406941055,0.03295151564099363,2.2091703359353296,True,False,0.9219077620888947,0.2016325456532828
89,2019-05-08,2019-06-05,0.08443859796500608,0.08249062058752232,1.0236145317323313,0.0325965712818629,2.5904134896540074,0.037748405326461634,2.236878544530585,True,False,0.8227218345475137,0.19846261688587005
90,2019-05-09,2019-06-06,0.08544797019474046,0.08253063790225049,1.035348476234308,0.032540762138208654,2.625874889832691,0.03806954620638002,2.244522951009601,True,False,0.8223103224298173,0.1977162432306538
91,2019-05-10,2019-06-07,0.08230706660736103,0.08235893577374764,0.9993702059661249,0.03209960894020088,2.5641143093267216,0.037363414944256754,2.2028785840415455,True,False,0.8240801256744994,0.1940423513968069
92,2019-05-13,2019-06-10,0.07741532566224153,0.08949586957460152,0.8650156261983694,0.04096237904793183,1.8899128288338563,0.044226523440154666,1.7504275633827844,True,False,0.7579917807719466,0.19027771982664268
93,2019-05-14,2019-06-11,0.06553741628183027,0.11923347103791652,0.5496561973020916,0.06973889733676122,0.9397541226577977,0.07877027228684018,0.8320069790183946,True,False,0.5682441574223563,0.175518518737271
94,2019-05-15,2019-06-12,0.10743137733576358,0.1330990550639715,0.8071535690777727,0.07061189058893964,1.5214346541316257,0.0839232603157584,1.2801144394480943,True,False,0.5088274989575606,0.17597002272186657
95,2019-05-16,2019-06-13,0.11817204617741728,0.14106681127358078,0.8377026822293298,0.07728975740120024,1.5289483387042198,0.09495028721204932,1.2445675484214975,True,False,0.4800165070194007,0.1799858118459626
96,2019-05-17,2019-06-14,0.13387701386356218,0.14485857901145585,0.9241911302538374,0.07683521456567795,1.7423913581854515,0.09690368301057066,1.3815472199230892,True,False,0.4674053221466806,0.18484157422769573
97,2019-05-20,2019-06-17,0.11071906936244959,0.1467028533926989,0.7547165361949248,0.08451341864482591,1.3100768036346384,0.09253643261585325,1.196491654504102,True,False,0.46154064356562846,0.16617018635023362
98,2019-05-21,2019-06-18,0.11744616520768551,0.1472263628114452,0.797725101435131,0.08163268483964405,1.4387149637230727,0.095495185086538,1.2298647842952026,True,False,0.45989055619542796,0.16521810965826697
99,2019-05-22,2019-06-19,0.13443747919857849,0.15208770722345377,0.8839470438005695,0.07699743471873091,1.7459994568607924,0.10130807463501616,1.3270164267055518,True,False,0.44513941790001693,0.16574715912600047
100,2019-05-23,2019-06-20,0.08962970391642808,0.15138171231109862,0.592077487749865,0.10126689624786889,0.8850839438886653,0.10040132865300015,0.8927143208054528,True,False,0.4471851191123385,0.24616380828705736
101,2019-05-24,2019-06-21,0.13270628841643664,0.17585401325228295,0.7546389528571867,0.12322733786510998,1.0769224647350797,0.12023967986177654,1.1036813185879344,True,False,0.38483665727325433,0.24663343063871618
102,2019-05-27,2019-06-24,0.1378046920867152,0.1835465627884493,0.7507887371639047,0.1300952487279879,1.059259991691524,0.12616384140508569,1.0922677254590971,True,False,0.36867860998499496,0.24706165169918354
103,2019-05-28,2019-06-25,0.128183823741191,0.175735918729331,0.7294116346164845,0.1222873623036562,1.0482180768842906,0.11379550632280055,1.1264401195032738,True,False,0.3850866814093873,0.24688629366391768
104,2019-05-29,2019-06-26,0.08736075125945438,0.19918370860760984,0.43859385825350955,0.15399363535008226,0.5673010515067869,0.1682959204126599,0.5190901303207273,True,False,0.3396976111425228,0.23940018058730672
105,2019-05-30,2019-06-27,0.04995183572407266,0.20056722890384734,0.24905282880494775,0.1573598840598286,0.3174369123523303,0.19088510157644617,0.2616853558058737,True,False,0.33735050545954154,0.23415706265247455
106,2019-05-31,2019-06-28,0.04170308256601019,0.19894313060958774,0.2096231342003441,0.15637843294477133,0.26668052480573584,0.19163058578195596,0.2176222673214673,True,False,0.34011863767104233,0.2338191617687895
107,2019-06-03,2019-07-01,-0.12513461662561398,0.21934782267468017,-0.5704848814989334,0.1471357489292181,-0.8504705181186926,0.26398945368659477,-0.47401369591897546,True,False,0.30841256652953614,0.22410694157234437
108,2019-06-04,2019-07-02,-0.14154396964370855,0.21152700759304544,-0.6691531793236706,0.15545275732682123,-0.9105272371986874,0.24915993487662633,-0.5680847914565207,True,False,0.3198598914335472,0.2249195407994104
109,2019-06-05,2019-07-03,-0.332845772365967,0.2545860603066231,-1.307399831573999,0.10657723997764766,-3.1230474014505765,0.23211922803659232,-1.4339431299224195,True,False,0.2656524195030441,0.21688024645435275
110,2019-06-06,2019-07-04,-0.35117119912568434,0.264552244152124,-1.3274171997715214,0.11116257101977967,-3.159077699482129,0.23817528443699743,-1.474423343109628,True,False,0.2556360453981825,0.2171849094398334
111,2019-06-07,2019-07-05,-0.23192731087847065,0.24867308735737254,-0.9326594741037005,0.13348392929267416,-1.7374923865924827,0.21690726930913182,-1.0692463725036923,True,False,0.2720513267269967,0.22754606388402138
112,2019-06-10,2019-07-08,-0.20617430816146756,0.2411388173854889,-0.8550025682172671,0.12346835153312262,-1.6698555184496617,0.19346368077362885,-1.0657003285423448,True,False,0.280574073792068,0.22437293057881322
113,2019-06-11,2019-07-09,-0.2148062405529088,0.2414122587281041,-0.8897901112587622,0.12222657809304006,-1.7574429711138293,0.18436087132526696,-1.165140081020377,True,False,0.28025988997694706,0.22155883302555524
114,2019-06-12,2019-07-10,-0.19372500843102122,0.22709693973254344,-0.8530498414429318,0.12359592838882667,-1.5674060703809913,0.17462902566125305,-1.109351711134269,True,False,0.29794971694995365,0.2206372717947911
115,2019-06-13,2019-07-11,-0.19719276553665607,0.22712139719121102,-0.8682262788769375,0.12318573142876346,-1.600776025352334,0.17699004294095708,-1.1141460969216133,True,False,0.29790898056132165,0.2246157919754854
116,2019-06-14,2019-07-12,-0.19488876120869417,0.22494185518586343,-0.8663961673458361,0.12650972355141693,-1.5405042058248286,0.18096175530853317,-1.076961045588975,True,False,0.3007892358679857,0.22047050432402948
117,2019-06-17,2019-07-15,-0.1680563033324594,0.224485459372957,-0.7486289036353709,0.10967654059929474,-1.5322903367863892,0.16886179995213121,-0.995229847011579,True,False,0.3013933049344238,0.21129571773797517
118,2019-06-18,2019-07-16,-0.14581002328319287,0.22372061712338712,-0.6517504964809535,0.11286543163958675,-1.291892665141335,0.1653880287779826,-0.8816238053053326,True,False,0.30245165621264347,0.22283315490545438
119,2019-06-19,2019-07-17,-0.15314652872660536,0.20567238042690897,-0.74461397494755,0.08479781964434761,-1.806019652025495,0.12585479181924863,-1.216850995602558,True,False,0.3290052530568961,0.22326859053468273
120,2019-06-20,2019-07-18,-0.1679257570471919,0.21081807163807276,-0.7965434639563665,0.09370430508361985,-1.792081558017407,0.1271481687789468,-1.320709206116361,True,False,0.3209636151167553,0.22322049255447343
121,2019-06-21,2019-07-19,-0.07580509029716809,0.20293515137527776,-0.3735434190845801,0.04769645282961378,-1.5893234360208484,0.07449563268525947,-1.017577642671229,True,False,0.33351506595986197,0.12196809990818581
122,2019-06-24,2019-07-22,-0.09941666253740801,0.20017282402734574,-0.49665414384035783,0.050286865679218126,-1.9769906355188405,0.07592633601304434,-1.309383117345844,True,False,0.33811213978542015,0.12432302098892217
123,2019-06-25,2019-07-23,-0.13731166001390896,0.1936803123945461,-0.7089603394184506,0.06370944234837615,-2.155279577916582,0.0788110490820113,-1.7422894583096025,True,False,0.34942043147382784,0.12979040413947746
124,2019-06-26,2019-07-24,-0.12984396350709926,0.20664251212667792,-0.6283506823973428,0.06703906396984914,-1.936840340812286,0.09529095026195429,-1.3626054011441688,True,False,0.32748469278313314,0.13049852475975868
125,2019-06-27,2019-07-25,-0.11918152022144632,0.1989758438478543,-0.5989748198408333,0.06074204923616787,-1.9620925161425342,0.08693037806716736,-1.3709996766534236,True,False,0.3401153336429166,0.12887804081012977
126,2019-06-28,2019-07-26,-0.131231459037255,0.19776304632979883,-0.6635792756671403,0.06246429333206071,-2.1009036048743472,0.08642862518268447,-1.5183795734326517,True,False,0.34218693806867895,0.13442208751102247
127,2019-07-01,2019-07-29,-0.142869562999187,0.1948533433094644,-0.7332158667264065,0.05950680189735465,-2.400894661514959,0.07880665544143328,-1.812912401863867,True,False,0.34728875865372094,0.13209651061762848
128,2019-07-02,2019-07-30,-0.12637359979666618,0.19087812053904324,-0.6620643552010302,0.06354236306699994,-1.988808626198181,0.07468245371033921,-1.6921457921938996,True,False,0.3545530297103019,0.13076822676851838
129,2019-07-03,2019-07-31,-0.14717202739919352,0.16868694334320822,-0.8724565427672684,0.05816609494830301,-2.530202990762873,0.06462963153759942,-2.277160242103092,True,False,0.4012569808675258,0.1339672822117456
130,2019-07-04,2019-08-01,-0.05018812202874362,0.15717035510398653,-0.3193230809686618,0.07873830788718086,-0.6374041222813043,0.1321175165159669,-0.37987485196694715,True,False,0.43075319150666425,0.16587966906093568
131,2019-07-05,2019-08-02,-0.05622488056396317,0.15619745717657746,-0.3599602809180325,0.07392051027497251,-0.7606127224340793,0.13075894675490526,-0.42998878439538946,True,False,0.4334241652182666,0.1660557408978053
132,2019-07-08,2019-08-05,0.002603386285862904,0.0811883667167774,0.03206600146231196,0.03301362107775365,0.07885794411135365,0.07848740264949089,0.03316947940663942,True,False,0.8361705248509077,0.17194397375724776
133,2019-07-09,2019-08-06,-0.017986468969937254,0.06886441253813197,-0.261186704525762,0.022823911614516478,-0.7880537426589704,0.06236546342229611,-0.2884043183988746,True,False,0.9871416166498336,0.16913670606728215
134,2019-07-10,2019-08-07,-0.019047651570247816,0.06849741849697694,-0.2780783858458617,0.02270993658905716,-0.8387364489351316,0.06221272745464565,-0.30616969146922457,True,False,0.9924662103384603,0.16921860266466668
135,2019-07-11,2019-08-08,-0.002121488211301196,0.066117202925691,-0.03208678101046611,0.022685013295438677,-0.09351937262156104,0.050320626756458646,-0.04215941549314871,True,False,1.028687873551369,0.18490640383855664
136,2019-07-12,2019-08-09,-0.006273712554059992,0.06588875571627982,-0.09521674048717664,0.022918264347029243,-0.2737429178345792,0.04998043060730726,-0.12552337940727465,True,False,1.0322425741421979,0.1750739067604838
137,2019-07-15,2019-08-12,-0.001112742278763396,0.06348217322540338,-0.0175284213225094,0.022949834509236836,-0.04848585197054646,0.04131354491099122,-0.0269340789119105,True,False,1.0717688770510592,0.17793086747601558
138,2019-07-16,2019-08-13,-0.0018149748568085193,0.05910545367481688,-0.030707400822841964,0.020236819227215243,-0.08968676531772701,0.034046994795628054,-0.05330793121986727,True,False,1.152148029018834,0.17600303738268097
139,2019-07-17,2019-08-14,0.005814180555947193,0.05494413210732062,0.1058198634312858,0.01959753644748878,0.2966791551339209,0.030155777934990777,0.1928048604311017,True,False,1.2408718953860012,0.17753336785798643
140,2019-07-18,2019-08-15,0.007026990302685992,0.0546892964464842,0.12848931617838968,0.01820438079464648,0.3860054556072833,0.028337250197990948,0.24797714152180478,True,False,1.2465853727727885,0.17169803049262175
141,2019-07-19,2019-08-16,0.011419467376057894,0.05304147833662264,0.2152931579995818,0.018286462296403915,0.6244765767681355,0.027202580676200603,0.4197935303266549,True,False,1.2860186067508872,0.17704103575013436
142,2019-07-22,2019-08-19,0.006808791467101193,0.05256262351066671,0.12953675087620886,0.017550922822418876,0.3879449266567285,0.02663002518350327,0.25568099993082594,True,False,1.2977214595914404,0.17954116717120217
143,2019-07-23,2019-08-20,0.006746017383600957,0.05273689247955631,0.12791837111403712,0.017441527158504475,0.3867790545113823,0.027298906181889356,0.24711676499611554,True,False,1.293480489189076,0.18130704805829198
144,2019-07-24,2019-08-21,0.015236574435290626,0.05232904550285086,0.29116859076782786,0.015876387973549903,0.9597003084501835,0.027971166577069044,0.5447243107758571,True,False,1.30397204178818,0.1861070941027394
145,2019-07-25,2019-08-22,0.014642596751702864,0.05233354118081764,0.27979373115821116,0.016397747415595142,0.8929639163594485,0.027785192581684208,0.5269928113204857,True,False,1.3037701076735235,0.1845064114963793
146,2019-07-26,2019-08-23,0.005406258190215471,0.050916487157213315,0.10617893126685525,0.017727787357280998,0.3049595576288916,0.0291062663770089,0.18574207080320976,True,False,1.3408836438298126,0.1866363977770607
147,2019-07-29,2019-08-26,0.004305593555976851,0.05092339525314907,0.08455040231651868,0.018905572818945404,0.22774203126298223,0.029069144336139587,0.14811559315917033,True,False,1.3406446465018613,0.19119589369785042
148,2019-07-30,2019-08-27,0.004258318921866845,0.05087244157915554,0.08370580985858653,0.019001224989543243,0.2241075996000407,0.02899004716323355,0.14688899600230496,True,False,1.341999867319525,0.19090578827041282
149,2019-07-31,2019-08-28,0.0041843813185387995,0.050712913775615896,0.0825111595254217,0.019292982075280164,0.2168861870192784,0.028469465778316716,0.1469778657288948,True,False,1.3462139936204456,0.19044300159135127
150,2019-08-01,2019-08-29,0.0091223044112284,0.050921604209262755,0.17914408928949319,0.01969262611282514,0.46323453047673274,0.027003475522523575,0.33781964116506014,True,False,1.3403053756579388,0.18515876261793787
151,2019-08-02,2019-08-30,0.0007173937015162287,0.051224099424520955,0.014005003691149572,0.020329808870909544,0.0352877740303189,0.02688786646489137,0.026680945565277937,True,False,1.3325195018936806,0.1640275362195253
152,2019-08-05,2019-09-02,0.0009849478342513617,0.05124347025384997,0.019220943261104798,0.020267222048042686,0.04859806795014038,0.027233259300532175,0.03616709345664382,True,False,1.3320841872398101,0.16488994390460074
153,2019-08-06,2019-09-03,-0.0062346839137372555,0.062317005558125534,-0.10004787389730913,0.029243277897817083,-0.21320058358446387,0.03709856896056684,-0.16805726173331065,True,False,1.0919840466918587,0.1541486001216901
154,2019-08-07,2019-09-04,0.03629295842242851,0.06684061713233086,0.5429776082195025,0.03724419034556333,0.9744595891517847,0.0450610935743541,0.8054167252408659,True,False,1.017395242724511,0.20361960182812638
155,2019-08-08,2019-09-05,0.040743657473251045,0.06663597831109644,0.6114363217275116,0.03862991745922781,1.0547176942910685,0.04429974249861829,0.9197267337281214,True,False,1.0205885440114741,0.20804865856778346
156,2019-08-09,2019-09-06,0.03713539662632366,0.06847544342369555,0.5423169937950801,0.04431775845629765,0.8379349028435945,0.04646312323250429,0.7992445200142031,True,False,0.9929080999973923,0.2094529340169295
157,2019-08-12,2019-09-09,0.03937179884146032,0.06897687822131417,0.5707970534000516,0.04402028220841708,0.8944013274392881,0.04664116605389021,0.8441426785078506,True,False,0.9856076911895133,0.20997217878119948
158,2019-08-13,2019-09-10,0.030958724130377976,0.07407608099260772,0.4179314525760001,0.04580861300376007,0.6758275813292322,0.052042795940567925,0.5948705016873491,True,False,0.9171822292914615,0.20246173967931527
159,2019-08-14,2019-09-11,0.04099515345984942,0.08058999971995227,0.5086878471560529,0.058119011034155225,0.7053656407841747,0.061480783901106346,0.6667962062063382,True,False,0.8424266420639634,0.20587004923279542
160,2019-08-15,2019-09-12,0.026481947615961704,0.10293376918430776,0.2572717177833499,0.07898674621993212,0.33527077495033014,0.09285919411918618,0.2851839052358318,True,False,0.6586623953552458,0.21502225759654867
161,2019-08-16,2019-09-13,0.031528573294143145,0.10334618263525602,0.3050772896510193,0.07925522925565624,0.39781063773647507,0.0929258739699949,0.33928734750800943,True,False,0.6560146371851092,0.21336055537577153
162,2019-08-19,2019-09-16,0.0446728770516389,0.11040018476244463,0.4046449482649371,0.10371986618765326,0.43070704478942656,0.12023147122347773,0.37155726863396793,True,False,0.6139159006981862,0.2180250291036591
163,2019-08-20,2019-09-17,0.07952103940773789,0.11413804842590569,0.69670929636895,0.1055654249151184,0.7532867837331975,0.1308225163099822,0.6078543789764282,True,False,0.593679276855265,0.20934162272790632
164,2019-08-21,2019-09-18,0.08132210621501441,0.11502558587193219,0.7069914541061957,0.10569330504169402,0.7694158696516716,0.1371761407048941,0.5928298157181867,True,False,0.5890811097043007,0.20935566516648965
165,2019-08-22,2019-09-19,0.07700114780349408,0.12006992730667054,0.6413025270418087,0.12277913345857139,0.6271517450436813,0.1545260280420101,0.49830535851578495,True,False,0.5642645534530185,0.20766762054903387
166,2019-08-23,2019-09-20,0.07002587607474904,0.11813244935000156,0.5927742670202082,0.12079968660201339,0.5796859085028612,0.14234791909284514,0.49193466628110877,True,False,0.5735589051598359,0.20555257066647747
167,2019-08-26,2019-09-23,0.1715074155376106,0.15209159855063387,1.1276587081206386,0.11455580164708111,1.497151720573557,0.13438600156057462,1.2762297675796497,True,False,0.445081098045247,0.2066159179445767
168,2019-08-27,2019-09-24,0.11560530496122655,0.13294606003071144,0.8695654834338148,0.10797096986025623,1.0707072939221647,0.1314528007073468,0.8794434530048431,True,False,0.5094039276443229,0.19426058573442606
169,2019-08-28,2019-09-25,0.07652455650984333,0.1343332260707323,0.5696621658557489,0.13379073946443268,0.5719719975849812,0.14419750971382714,0.5306926358278528,True,False,0.5041922340609277,0.21096761715692525
170,2019-08-29,2019-09-26,0.09049730697016073,0.13597816329839618,0.6655282346443351,0.13611246800162974,0.6648715455594939,0.14914734707038477,0.6067644430004763,True,False,0.4980616906894023,0.2100104877972194
171,2019-08-30,2019-09-27,0.11676182767011725,0.13709959481364678,0.851656985776116,0.14739211099690952,0.7921850557698131,0.14657166786581646,0.7966193560477899,True,False,0.4939361829386791,0.20665125264364242
172,2019-09-02,2019-09-30,0.09225456407807657,0.13909227761631093,0.6632615818727391,0.16014823821365,0.5760573148173002,0.15513327918293654,0.5946793915784374,True,False,0.48688213290462806,0.21051239553991344
173,2019-09-03,2019-10-01,0.061763798510416267,0.12273764703463785,0.5032180427329349,0.1377183177389143,0.44847918217755006,0.12516213251828542,0.4934703273883013,True,False,0.5519807529625337,0.21054999849503475
174,2019-09-04,2019-10-02,0.04276656912136467,0.11519240283726316,0.37126206301801595,0.1212891774801502,0.3526000423934255,0.11112047624259268,0.384866683148467,True,False,0.5882758203429287,0.20821189062208964
175,2019-09-05,2019-10-03,-0.014894907480260202,0.12265530145620843,-0.12143712748998563,0.0827544913779535,-0.1799891127628673,0.07627818832966435,-0.19527086060154394,True,False,0.5523880802502625,0.17971281230698893
176,2019-09-06,2019-10-04,-0.016387837224764366,0.11547670931589732,-0.1419146538020399,0.06961557626753616,-0.23540474852617874,0.06551599391847784,-0.25013490973144514,True,False,0.5868483706116996,0.1776030985276502
177,2019-09-09,2019-10-07,-0.04444715573542008,0.1181269592235569,-0.3762659771111455,0.07188885313555074,-0.6182760441540541,0.06730105498619592,-0.6604228677327066,True,False,0.5736120968421555,0.16385177308406468
178,2019-09-10,2019-10-08,-0.0274812498982722,0.10884786689844411,-0.25247394075175045,0.07190775813391806,-0.38217364317063324,0.06355025396521526,-0.43243336074336197,True,False,0.6227083066303393,0.1656887725114686
179,2019-09-11,2019-10-09,-0.022860578005770096,0.1037612821419963,-0.2203189622742481,0.06461979559313752,-0.35377050942262406,0.05519405294979343,-0.4141855287663859,True,False,0.653374122420931,0.16652292536936278
180,2019-09-12,2019-10-10,0.007702722694673765,0.10244391673315033,0.07518965440122813,0.0685395661980459,0.11238359274724115,0.055747220009494426,0.1381723195051143,True,False,0.6618350444950323,0.1800317528238663
181,2019-09-13,2019-10-11,0.0315060382840803,0.09719495780963745,0.3241530115768649,0.07411371416588164,0.42510402613966086,0.060284858764069686,0.522619426005161,True,False,0.6977403460641473,0.17826184829369862
182,2019-09-16,2019-10-14,0.028090353065886732,0.09622034809415657,0.2919377618380561,0.07141770758421047,0.3933247651888668,0.05897595663606844,0.47630177903222465,True,False,0.704848763407918,0.17774571684936932
183,2019-09-17,2019-10-15,0.017872807974116688,0.09603090355797149,0.18611517034542233,0.06564410997322016,0.2722682656739194,0.054819774751191326,0.3260284825181315,True,False,0.7062535557535394,0.170590142972885
184,2019-09-18,2019-10-16,0.016440526980829047,0.09603036814537254,0.17120133243622554,0.06470982371177199,0.2540653959135758,0.05467461148763663,0.30069764619263334,True,False,0.7062535557535393,0.17307832318543562
185,2019-09-19,2019-10-17,0.015209930880965615,0.09625526577934847,0.1580166109128224,0.06217469976089745,0.24463215647936842,0.05438413674517915,0.2796758722535739,True,False,0.7045665118517896,0.18604702389967465
186,2019-09-20,2019-10-18,0.012527052445076516,0.09602364198961048,0.13045800164955118,0.060697700119362145,0.2063843015541288,0.05423044281185154,0.2309966836991943,True,False,0.7062468728875122,0.18461672820329517
187,2019-09-23,2019-10-21,0.007728213338561364,0.09791968304833708,0.07892400279468234,0.06157109143614325,0.12551691318606015,0.0541884973027389,0.14261722917661993,True,False,0.6924841183714474,0.1826800006922823
188,2019-09-24,2019-10-22,0.010302680793956607,0.09777502915566913,0.1053712883844151,0.059413707152481364,0.17340578946732704,0.05473077685772664,0.18824291167542823,True,False,0.6934787421314165,0.1795914488983345
189,2019-09-25,2019-10-23,0.019413921982024848,0.1040817016904589,0.18652579335954986,0.057219683798729264,0.33928747405024967,0.05580369052708402,0.3478967394208884,True,False,0.6512960693222979,0.18136156524179742
190,2019-09-26,2019-10-24,0.04426635908583954,0.10538826479388116,0.4200311977089279,0.04066846876009844,1.0884687925420773,0.04820031895827031,0.9183831153516512,True,False,0.6431001092976724,0.15711685160793418
191,2019-09-27,2019-10-25,0.0389953061670012,0.10421575509730269,0.37417860793305785,0.04033946335728385,0.9666788529540529,0.04640816030866556,0.8402683042731991,True,False,0.6503578893004339,0.1545802953948793
192,2019-09-30,2019-10-28,0.03866793996465946,0.10623856544905597,0.3639727230993316,0.04140851674108616,0.933816108566201,0.047668814976622106,0.8111789643527559,True,False,0.637916952071914,0.15398454271373033
193,2019-10-01,2019-10-29,0.05409277040654575,0.107137627557379,0.504890500562705,0.031778601310279486,1.7021759352589332,0.045326392949816434,1.193405583065811,True,False,0.6324555953087667,0.14237993319478542
194,2019-10-02,2019-10-30,0.05135575391891117,0.1181376267734364,0.43471123740619,0.041898718302340855,1.2257118117152992,0.05312290092008139,0.9667347420686094,True,False,0.5734163506367275,0.15048816260954906
195,2019-10-03,2019-10-31,0.038504298001033624,0.12741722145565768,0.3021906894621263,0.06113581778029744,0.6298157021372601,0.07001682206173225,0.5499292436764018,True,False,0.5314992856962459,0.15244588826134833
196,2019-10-04,2019-11-01,0.028579719416321883,0.12981486117188867,0.2201575317211124,0.06402414843369902,0.44638968444723565,0.07488077971024183,0.3816696290678833,True,False,0.5216784830468999,0.1480720201291188
197,2019-10-07,2019-11-04,0.04820458052730835,0.13804874048696578,0.34918522514053435,0.06775819167823686,0.711420705502551,0.0805700632126542,0.5982939395253871,True,False,0.49049905528872967,0.15359714109340813
198,2019-10-08,2019-11-05,0.05800614427984114,0.1409639338324651,0.4114963501854392,0.06708903798648039,0.8646143397007778,0.08148143858494074,0.7118939636709082,True,False,0.48035771492292356,0.16480316864922928
199,2019-10-09,2019-11-06,0.026652721454839576,0.17828479708790024,0.14949520032097247,0.09231976798896774,0.28870004805497984,0.1275874090597406,0.20889774039035391,True,False,0.37963425506004783,0.15756361838000663
200,2019-10-10,2019-11-07,0.050375714368382264,0.19075189273311732,0.2640902464798259,0.11740488168087973,0.42907682923534113,0.14829171828613316,0.33970686259890026,True,False,0.3547849613045055,0.15852610878618106
201,2019-10-11,2019-11-08,-0.01088253338847746,0.1952790997051072,-0.055728100984238846,0.11175789080237726,-0.09737597327889058,0.1852410140778677,-0.05874796919381413,True,False,0.3465999833000446,0.15452007499147535
202,2019-10-14,2019-11-11,-0.1616808590186091,0.22525104781274816,-0.7177807188404951,0.061561431361529854,-2.6263336547376728,0.09846754452359151,-1.6419710657035071,True,False,0.30040679739100207,0.13193854959319248
203,2019-10-15,2019-11-12,-0.16235353795027305,0.23790632951751772,-0.6824263073602609,0.06262786436991767,-2.5923530936855173,0.1122699163665258,-1.446100105929001,True,False,0.28441974839629197,0.14084070183167308
204,2019-10-16,2019-11-13,-0.14909034033752377,0.2531769985402194,-0.5888779043797672,0.06773875454513749,-2.2009607548685874,0.13484028050030167,-1.1056810308043687,True,False,0.26726030757276714,0.14944940445496493
205,2019-10-17,2019-11-14,-0.14186492215287777,0.2536418532156522,-0.5593119603658664,0.06515331030634418,-2.17740160071443,0.13662577195168152,-1.038346719849086,True,False,0.26677169235241305,0.14594642348402212
206,2019-10-18,2019-11-15,-0.025754768988885696,0.2372735288017565,-0.10854463672769821,0.12232156556702936,-0.21054970045141128,0.15950635320460296,-0.1614654743930443,True,False,0.28521162138137074,0.14407284697315692
207,2019-10-21,2019-11-18,-0.017354541258710752,0.23817081149049302,-0.07286594503375358,0.11314136042857692,-0.1533881260837959,0.160470341322385,-0.10814796750413505,True,False,0.2841359215301145,0.14263733556769367
208,2019-10-22,2019-11-19,-0.004624244449997597,0.23495984278681128,-0.019680999081163685,0.1199364012956901,-0.03855580457676921,0.16168300385708537,-0.0286006836815393,True,False,0.2880169507702336,0.1443913132562587
209,2019-10-23,2019-11-20,0.009373028191070215,0.23972610727139285,0.039098904569701505,0.12307639634306712,0.07615617997900698,0.17349641068239313,0.05402433487934638,True,False,0.28227095348674924,0.1515608620721838
210,2019-10-24,2019-11-21,4.1393208069064136e-05,0.23942312370713303,0.00017288726096355297,0.11834638198326461,0.00034976318984485355,0.1720502609305912,0.0002405878831288902,True,False,0.2826369797147248,0.15315309807270958
211,2019-10-25,2019-11-22,-0.026200412609188553,0.2313382992294408,-0.11325583656687578,0.11026450693402415,-0.2376142000513851,0.16341408040882344,-0.16033142642079135,True,False,0.2925171312610967,0.1551792093904581
212,2019-10-28,2019-11-25,-0.053295515396714246,0.24604940021499508,-0.21660493929326896,0.13210471133490276,-0.4034338734642335,0.19160648508212216,-0.2781508954348382,True,False,0.2750048379125376,0.15454141716377603
213,2019-10-29,2019-11-26,-0.03764026576596754,0.24979395995276418,-0.1506852518495054,0.12875611667248305,-0.29233769034610674,0.19588120185266378,-0.19215864212574857,True,False,0.270874014833158,0.15329733886684793
214,2019-10-30,2019-11-27,-0.03164069083562531,0.2487259271762471,-0.12721106800098378,0.12503359690608504,-0.253057511089529,0.19629147518841067,-0.1611923839548047,True,False,0.2720314987560949,0.15228935493663115
215,2019-10-31,2019-11-28,0.0061078286298234825,0.2632489064895849,0.023201724600763467,0.12649420871639983,0.048285440826127006,0.21642531025098677,0.0282214156132676,True,False,0.2570262123149573,0.15039956339408217
216,2019-11-01,2019-11-29,0.07849304698580145,0.2640862711876834,0.29722501905453935,0.13490626297814012,0.5818339731085744,0.17881300753795298,0.43896720974921993,True,False,0.2561910873655172,0.13909264641856167
217,2019-11-04,2019-12-02,-0.1111948001936433,0.20051392979562038,-0.5545490046850202,0.10905004954577881,-1.0196675806824291,0.17708147608274585,-0.6279301632977392,True,False,0.3374892182215988,0.137437646383076
218,2019-11-05,2019-12-03,-0.1333227272131567,0.19381766382430257,-0.6878770726181846,0.10173877243153664,-1.3104416735799906,0.14338761398842526,-0.929806442165353,True,False,0.349165144079997,0.13882691069507105
219,2019-11-06,2019-12-04,-0.08416910370825297,0.18038367619881363,-0.4666115331604853,0.08102665680620241,-1.038782877461754,0.13710738897162034,-0.613891813851659,True,False,0.37525228739921285,0.14009418323766767
220,2019-11-07,2019-12-05,-0.06931726729031217,0.18181346020247716,-0.38125487086113846,0.08501134528007374,-0.815388429178991,0.13981287586707294,-0.4957860058340803,True,False,0.37231198247284314,0.1535014937617285
221,2019-11-08,2019-12-06,-0.08733706944284064,0.17500709372660797,-0.49904873901441155,0.0743143235312084,-1.1752387062524134,0.12272129718698795,-0.7116700315656452,True,False,0.3868000785124928,0.15575541142879712
222,2019-11-11,2019-12-09,-0.11332098299131085,0.1529089954309091,-0.7411008271420773,0.062464434850543045,-1.814168066395716,0.09555264636325951,-1.1859533702551996,True,False,0.44277931412610655,0.15587616044611552
223,2019-11-12,2019-12-10,-0.11110896039617554,0.1533418469149897,-0.72458342345239,0.06135801539173465,-1.8108304137089593,0.09370134649919257,-1.1857776280422285,True,False,0.441528872248151,0.15648235517595843
224,2019-11-13,2019-12-11,-0.09779662727125532,0.15042856653577516,-0.6501200504891946,0.058890400436550056,-1.6606548188889254,0.08634051125593642,-1.132685292786371,True,False,0.4500991961978249,0.14986939933101884
225,2019-11-14,2019-12-12,-0.0759759862696718,0.1453900136459899,-0.522566745572125,0.05249885964885886,-1.4471930776752262,0.0809905364908782,-0.9380847388043764,True,False,0.4657162948185504,0.1467402373869325
226,2019-11-15,2019-12-13,-0.05978005022642815,0.13895203147207077,-0.4302207718240081,0.05349511995274116,-1.1174860488066807,0.07633620745041779,-0.7831152767873193,True,False,0.4873484850982832,0.1487997751653219
227,2019-11-18,2019-12-16,-0.08399054221622974,0.1416152488204701,-0.5930896772473074,0.048754583530210865,-1.722720945081704,0.06960624842425903,-1.206652335352088,True,False,0.47815971847775474,0.13725525736614547
228,2019-11-19,2019-12-17,-0.08217278293195167,0.14215543952627588,-0.5780488119609586,0.04979781701083938,-1.6501282157421742,0.07204859982741402,-1.1405188043735648,True,False,0.4763475947311559,0.13729276028357923
229,2019-11-20,2019-12-18,-0.08638900514737324,0.14244207621574595,-0.606485158335705,0.0520377630399348,-1.6601214214584248,0.0692909689345533,-1.2467570662631284,True,False,0.4753773665518365,0.13385786846024592
230,2019-11-21,2019-12-19,-0.08421860036482245,0.1424322159267999,-0.5912889848466928,0.048584814536448535,-1.7334346373112386,0.06386786170790584,-1.3186381712603588,True,False,0.4753773665518365,0.1170342584349365
231,2019-11-22,2019-12-20,-0.08265588063505226,0.14295172919588628,-0.5782083301824855,0.05031948092757806,-1.6426218854287093,0.0689667009498711,-1.1984896986029712,True,False,0.4736744183782174,0.12394628789604788
232,2019-11-25,2019-12-23,-0.06582143908415454,0.145253701661081,-0.4531481010909797,0.04945675802356631,-1.3308886735517602,0.0734666545675259,-0.895936251237024,True,False,0.46615066684702855,0.11801477936700847
233,2019-11-26,2019-12-24,-0.05841034633160463,0.14622242222296908,-0.39946230847234143,0.04927266478183389,-1.1854513367651198,0.07488647283860217,-0.779985277948563,True,False,0.4630483615006761,0.11489723839736864
234,2019-11-27,2019-12-25,-0.054970040774706366,0.14678333241123165,-0.3744978389010886,0.0492651505195976,-1.1157997122700227,0.07574135866535009,-0.7257598984668582,True,False,0.4612710331956588,0.11384581136721424
235,2019-11-28,2019-12-26,-0.05647604167429929,0.146860340781007,-0.38455611211276153,0.046341777618488254,-1.2186852679507039,0.07028561425407613,-0.8035220617144144,True,False,0.4609963898377732,0.11250680417332892
236,2019-11-29,2019-12-27,-0.07931050999658319,0.14479055145176983,-0.5477602592252144,0.04409385155933785,-1.7986750349956089,0.059244205731564865,-1.3387049251016823,True,False,0.4675101354000765,0.12881041310440985
237,2019-12-02,2019-12-30,-0.10383250657399087,0.14073327725505935,-0.7377964089176222,0.04836140289773084,-2.1470118803948672,0.05282462002501701,-1.965608205507531,True,False,0.4809353201506261,0.13141576540018893
238,2019-12-03,2019-12-31,-0.07876146230891555,0.157679527289422,-0.4995034146972566,0.053012395813933806,-1.4857178420186368,0.07308998342034272,-1.0775958431397636,True,False,0.42916855122726305,0.13616098614682137
239,2019-12-04,2020-01-01,-0.08383726805743102,0.16449712499607075,-0.5096579533498449,0.05995649160479967,-1.3983017653874803,0.08085688273669546,-1.0368600077057257,True,False,0.4113683955104973,0.13758462998296433
240,2019-12-05,2020-01-02,-0.15504549022170255,0.16259876020095876,-0.9535465708968446,0.08192211417894746,-1.8925963004693367,0.09124477359770804,-1.6992259842222581,True,False,0.41619170876490724,0.1567186734809332
241,2019-12-06,2020-01-03,-0.13189912493375186,0.15003589596724332,-0.8791171211624504,0.06812180448771764,-1.9362247657067462,0.09011989018883172,-1.463596156823743,True,False,0.45116352314154384,0.15110063962782236
242,2019-12-09,2020-01-06,-0.11419915457699709,0.1535003744627749,-0.7439666188221015,0.06835837646632442,-1.670594892394136,0.0944215303869669,-1.2094609577812996,True,False,0.4409566067578355,0.14495696975337685
243,2019-12-10,2020-01-07,-0.08736786772116344,0.1856488461560617,-0.4706081913793287,0.11461989598162808,-0.7622399843668262,0.13647677495806976,-0.6401665612922476,True,False,0.36455791648282504,0.15084522909626055
244,2019-12-11,2020-01-08,-0.08897616842447689,0.18523731518850034,-0.4803360939124678,0.11500157774136938,-0.7736951976830976,0.1358372092413754,-0.6550205861957237,True,False,0.3653732553072091,0.15099723693131048
245,2019-12-12,2020-01-09,-0.11165360819601279,0.1828100686232171,-0.610762902923787,0.10986251912587344,-1.016303003830517,0.13280692743868822,-0.8407212661971938,True,False,0.370233046278463,0.1533253730765055
246,2019-12-13,2020-01-10,-0.15517289911115195,0.19037044069618353,-0.815110258418721,0.08724521329604157,-1.7785835262344685,0.13915091021867645,-1.1151411001717262,True,False,0.355486960862821,0.14860819399904346
247,2019-12-16,2020-01-13,-0.2064495462844178,0.20606518363183504,-1.0018652479075236,0.06425667696772866,-3.2128886214906824,0.15517181610669442,-1.3304577562104796,True,False,0.3283559866628341,0.14604476554178333
248,2019-12-17,2020-01-14,-0.2210511394314174,0.20874432614697574,-1.058956396619741,0.06094650804568595,-3.626969723445285,0.15959654675291648,-1.3850621703841965,True,False,0.32413161685956204,0.14443706763594472
249,2019-12-18,2020-01-15,-0.2223587949368689,0.20896994205865577,-1.0640707115402033,0.060969523490965474,-3.647048266168887,0.1603891794550508,-1.3863703006173502,True,False,0.3237777923303539,0.14459542612026408
250,2019-12-19,2020-01-16,-0.23338878875408411,0.20986778751859228,-1.1120753285370586,0.062291734585203436,-3.7467055670901557,0.16297154566818403,-1.4320830534998554,True,False,0.32238057194301434,0.1429616262215203
251,2019-12-20,2020-01-17,-0.23696992677466527,0.2094227649349639,-1.1315385261399644,0.06363771718555616,-3.723733930991011,0.16171494624376356,-1.4653557526925491,True,False,0.3230679372350552,0.1439545745740885
252,2019-12-23,2020-01-20,-0.23798756562171758,0.20942377903441323,-1.1363922794202403,0.06316422742310585,-3.767758671812082,0.16292119708247643,-1.460752620797648,True,False,0.323059067220333,0.1392906064746236
253,2019-12-24,2020-01-21,-0.2071010249743534,0.20313914559816884,-1.0195032787231546,0.06313242024502948,-3.2804227078663093,0.15268875291252598,-1.3563607078053728,True,False,0.3330892349427158,0.14164447262058255
254,2019-12-25,2020-01-22,-0.20673403150548153,0.2031403446438232,-1.0176906604542753,0.06357287491627366,-3.2519220151322883,0.15246024117928575,-1.3559865175759,True,False,0.3330892349427158,0.14215325634840395
255,2019-12-26,2020-01-23,-0.20288817606999188,0.20311502068056503,-0.9988831716639514,0.06547101705639949,-3.098900631026023,0.1511439104527017,-1.3423509783643106,True,False,0.333143547709863,0.15720271960667728
256,2019-12-27,2020-01-24,-0.1747208518732938,0.18189286287547463,-0.9605701351399871,0.05933082172286354,-2.944858115894996,0.12275953360086475,-1.4232772538984542,True,False,0.3720755730892442,0.15398347006006471
257,2019-12-30,2020-01-27,-0.036403645973644934,0.12818247175609035,-0.2839986269176876,0.05395099491390739,-0.6747539323739304,0.11484076956110097,-0.3169923548298446,True,False,0.5284799271125128,0.13757822417597435
258,2019-12-31,2020-01-28,0.0003555525389771085,0.12108253145836823,0.002936447848378179,0.0361796697408187,0.009827412508853455,0.0632777720851274,0.005618916837002174,True,False,0.5595611448079375,0.12735836393633176
259,2020-01-01,2020-01-29,-0.023762458161351082,0.12412739911108624,-0.19143604338382353,0.050088851398304414,-0.4744061302662548,0.07769875617184697,-0.30582803808075715,True,False,0.5457648804045208,0.10994323828456401
260,2020-01-02,2020-01-30,-0.029369600908610183,0.12175421653355284,-0.24122040077779608,0.04742631911897773,-0.6192679814541602,0.07649479463702705,-0.3839424767132315,True,False,0.5564183965617441,0.11000847943155911
261,2020-01-03,2020-01-31,-0.035751638885675854,0.10709348746574614,-0.3338357890073476,0.03368445738189203,-1.061369001149328,0.06166280336364756,-0.5797926291939028,True,False,0.6329418113024339,0.10026720804718024
262,2020-01-06,2020-02-03,-0.0531481104814682,0.10780627433874711,-0.4929964494874118,0.04796920558079901,-1.1079631158774534,0.07223524109188645,-0.7357642845527632,True,True,0.6286738000187577,0.11937972027514232
263,2020-01-07,2020-02-04,-0.03208921681337884,0.10169563710105312,-0.31554172556579163,0.03186212813369342,-1.0071272288760047,0.06443578414106452,-0.49800304661658623,True,True,0.6666591386037491,0.12694703044598876
264,2020-01-08,2020-02-05,-0.033478696391338096,0.10044557530178948,-0.33330185317522554,0.03249231112735366,-1.0303574978128918,0.06309770035496295,-0.5305850483139648,True,True,0.6750034923772702,0.12381836813860973
265,2020-01-09,2020-02-06,-0.03570244069706789,0.10057214782105964,-0.3549933204229716,0.03200077916590761,-1.115674106307508,0.06357078069981875,-0.561617150269946,True,True,0.67412889778627,0.12471090408010416
266,2020-01-10,2020-02-07,-0.027078188269862625,0.10171674714514342,-0.266211700922993,0.03244574212495762,-0.8345683130186067,0.06444238327679896,-0.4201922227729203,True,True,0.6664871798033453,0.1372620640346295
267,2020-01-13,2020-02-10,-0.028439759526958916,0.10130856291441875,-0.28072414323933936,0.03137384867062831,-0.9064797827492473,0.06508064191310159,-0.43699260933739525,True,True,0.6691412776219584,0.12971647887829418
268,2020-01-14,2020-02-11,-0.030241707667125715,0.1014927800968987,-0.29796905393913636,0.03147853319460022,-0.9607089212248724,0.06441224241831872,-0.4695024816978741,True,True,0.6679532227734676,0.13907706087070898
269,2020-01-15,2020-02-12,-0.022644242783085564,0.09846830451554567,-0.22996478810611193,0.032335622893107506,-0.7002878174928336,0.06082048464442236,-0.3723127646132986,True,True,0.6885803671289065,0.14100777134574458
270,2020-01-16,2020-02-13,-0.022178088494010796,0.09832818309971673,-0.22555169631802835,0.03239083239284777,-0.6847026413223004,0.06125725436628345,-0.3620483602056088,True,True,0.6895347461290057,0.13895396878512756
271,2020-01-17,2020-02-14,-0.021497003156019743,0.09800807070672894,-0.21933911157526564,0.03251028885736249,-0.6612369164216574,0.0609351937276904,-0.3527846855150145,True,True,0.6918013175415332,0.13918385428807697
272,2020-01-20,2020-02-17,-0.02122061384755839,0.09810537366813774,-0.2163042966366106,0.03265710002344957,-0.6498009263627462,0.06057132515407398,-0.3503409211137444,True,True,0.6911255655744077,0.13976946719591632
273,2020-01-21,2020-02-18,-0.017554314823459666,0.0968179383087502,-0.18131262790867697,0.033357228680167765,-0.5262521953418877,0.05902240878755725,-0.297417797478309,True,True,0.7003387443423515,0.14079179823263424
274,2020-01-22,2020-02-19,-0.021242858909477993,0.09695008724844209,-0.21911129233995968,0.03223338660188456,-0.6590327963936624,0.06031561347972016,-0.35219502354262633,True,True,0.6993560462146337,0.1418875113717068
275,2020-01-23,2020-02-20,-0.005560762946409425,0.09561024368815443,-0.05816074441297938,0.039692145320884165,-0.14009731400140799,0.06412113877107149,-0.08672277275459409,True,True,0.7091230160467723,0.15877925160449402
276,2020-01-24,2020-02-21,-0.022258009249027103,0.09363846835303709,-0.23770155194240938,0.031644486582467574,-0.7033771646451363,0.058174612254121856,-0.38260692055493767,True,True,0.7242649217964267,0.16085736794934402
277,2020-01-27,2020-02-24,-0.006192438891148425,0.06242183863159057,-0.09920308383890734,0.018285558120784327,-0.33865189403815754,0.027158525083018255,-0.22801086849228228,True,True,1.0902794084343235,0.16848943244180092
278,2020-01-28,2020-02-25,-0.023797146745197725,0.0639171382697292,-0.37231245624255244,0.019202808957551918,-1.2392534236945052,0.05353300271202623,-0.4445322612148501,True,True,1.0645245389923161,0.17148202227568002
279,2020-01-29,2020-02-26,-0.030101451354394064,0.06575674571531917,-0.4577697850911349,0.021420951670006568,-1.4052340819451947,0.06472754114352144,-0.4650485839968742,True,True,1.0343324724862528,0.16982787668881522
280,2020-01-30,2020-02-27,-0.06056159307173041,0.04387003667083272,-1.3804773751647028,0.01778944055209508,-3.404356246863424,0.03942039690620728,-1.5363009463305064,True,True,1.5612838674599465,0.1701416720468212
281,2020-01-31,2020-02-28,-0.06030813235367958,0.04429843520874146,-1.3614054778571254,0.018529104290372876,-3.2547786125319473,0.04117310386595582,-1.4647458338341515,True,True,1.545780732191529,0.1744777339451273
282,2020-02-03,2020-03-02,-0.009483265846559815,0.039645204821957686,-0.2392033510521167,0.029978838585393526,-0.31633199596932715,0.08083091679794134,-0.11732226012313819,True,True,1.7338549404131642,0.24490720214992923
283,2020-02-04,2020-03-03,-0.012852626178686051,0.03934828405607211,-0.3266375265658547,0.023986035992113314,-0.5358378592824606,0.07057344921278028,-0.18211701882297324,True,True,1.7474317078276607,0.24507434996970331
284,2020-02-05,2020-03-04,-0.030408186958104398,0.037664313493922554,-0.8073474367987886,0.02042533602381829,-1.48874843099986,0.06182952803046735,-0.4918068749145286,True,True,1.8281608155048907,0.24637022934267358
285,2020-02-06,2020-03-05,-0.03558340130254375,0.03529487658263369,-1.0081746912823042,0.020009768887306545,-1.7783014637973424,0.05246897751442373,-0.6781798119233763,True,True,1.9559814243585043,0.2463053061799603
286,2020-02-07,2020-03-06,-0.035400595062474206,0.035337003352634754,-1.0017995784533527,0.020228531281958537,-1.7500328901311466,0.0523601983048104,-0.6760974214878385,True,True,1.953557274078027,0.24630307669996135
287,2020-02-10,2020-03-09,-0.022014698553170696,0.030464454881420605,-0.7226355645902868,0.01563888467872086,-1.4076898068776684,0.0402194922737851,-0.5473639100988797,True,True,2.284230275775072,0.25299742357572164
288,2020-02-11,2020-03-10,-0.04950640498077376,0.028318031619882698,-1.748229031074824,0.025733525049412415,-1.923809695162776,0.04613993006001197,-1.0729622892012012,True,True,2.4677639873246844,0.28306587607976974
289,2020-02-12,2020-03-11,-0.04713007454158638,0.027784410258808973,-1.6962776644375208,0.024411777560343236,-1.9306285429271182,0.04516556618243106,-1.0434957097896294,True,True,2.519121473517542,0.28226907735739437
290,2020-02-13,2020-03-12,0.029401882467985824,0.02213592186464071,1.3282429639829707,0.040279436855596845,0.7299477044178293,0.07809666554397271,0.3764806379784672,True,True,3.2423249532319423,0.480904649052047
291,2020-02-14,2020-03-13,0.006471550279607998,0.018913601799276595,0.34216382200959317,0.02472494002172589,0.26174179892535326,0.059256880410261344,0.1092117950658661,True,True,3.905300480440133,0.48292540960212166
292,2020-02-17,2020-03-16,-0.008487440683741689,0.01680422260580704,-0.5050778535157396,0.017978490025939296,-0.4720886276598336,0.0416959981296069,-0.2035552826283117,True,True,4.575718959034121,0.48468854322919597
293,2020-02-18,2020-03-17,-0.026774175354268192,0.016481285474699358,-1.6245198467904454,0.020839452879832045,-1.2847830271100658,0.04199986568407631,-0.6374824042453847,True,True,4.68823724315622,0.5373912832414777
294,2020-02-19,2020-03-18,-0.02974186972151952,0.0164482777755769,-1.8082057056260024,0.02157311346489891,-1.3786544890662997,0.041325496041480364,-0.719697827502571,True,True,4.691466023526225,0.589759038768847
295,2020-02-20,2020-03-19,-0.03558452055124628,0.016293900280996566,-2.183916676644216,0.023597080379484422,-1.5080052268747568,0.04083130687411001,-0.8715008966271767,True,True,4.744377283066429,0.5956708513338972
296,2020-02-21,2020-03-20,-0.0332731752336207,0.016090792149953462,-2.06783947760564,0.021724172009916456,-1.5316199493556053,0.03978184890722812,-0.8363908703995697,True,True,4.8317178924486015,0.6024907605463627
297,2020-02-24,2020-03-23,-0.040182856531236134,0.01592365743875809,-2.523469038804571,0.02328090097514264,-1.726000921276198,0.039435492492019275,-1.0189515584056192,True,True,4.885747675199161,0.6080548980195107
298,2020-02-25,2020-03-24,-0.03802963018388723,0.016017655055632705,-2.3742320615472288,0.023274689274605614,-1.6339479223630422,0.04086533275691092,-0.9306086019195785,True,True,4.845997886682798,0.6359854802669781
299,2020-02-26,2020-03-25,-0.038296048482908664,0.01602888748083424,-2.3891894261968774,0.023758518718284154,-1.6118870430014087,0.04122332165802119,-0.9289898761823104,True,True,4.844922105438549,0.657883339807679
300,2020-02-27,2020-03-26,-0.02675297893627089,0.01602731370133761,-1.6692116617170933,0.025548501003884973,-1.0471447593814902,0.042736709720676794,-0.6259952886201559,True,True,4.866096656434231,0.8155477088455825
301,2020-02-28,2020-03-27,-0.021645951961806357,0.016283295434328552,-1.3293348419001363,0.025615792124892678,-0.8450237203780028,0.044679266682114006,-0.4844741995389924,True,True,4.750964848283496,0.8154484693395376
302,2020-03-02,2020-03-30,-0.031557115678091996,0.01600387965223286,-1.9718416011513276,0.024122534671608704,-1.3082006558470618,0.04364666554417636,-0.7230132081029628,True,True,4.861555921296372,0.8233864492067722
303,2020-03-03,2020-03-31,-0.03494731320449391,0.016104967202726275,-2.1699710880862875,0.02458987704383201,-1.4212073180439062,0.04438651634389406,-0.7873407530731202,True,True,4.815480119195621,0.817855646786189
304,2020-03-04,2020-04-01,-0.030007415977276086,0.016081076202194473,-1.8660079462331745,0.022925866035303052,-1.3088890919570195,0.04273242368879858,-0.702216569689725,True,True,4.816214877338795,0.827161568587433
305,2020-03-05,2020-04-02,-0.026713606939550234,0.016045202072403043,-1.6648968843774377,0.02286466601821777,-1.168335759563064,0.04251632351365014,-0.6283141328288571,True,True,4.836939760095809,0.8330254496299826
306,2020-03-06,2020-04-03,-0.02649564343644603,0.016089700188709494,-1.6467456276804102,0.02164003159555989,-1.2243809959077148,0.04326900746663168,-0.6123469196024203,True,True,4.804221486203878,0.8350211015928157
307,2020-03-09,2020-04-06,-0.024527205764089573,0.0160940724921916,-1.5239900140868319,0.02167192357907378,-1.131750288551812,0.0435269317051673,-0.5634949398736927,True,True,4.802977952561789,0.8385849702197677
308,2020-03-10,2020-04-07,-0.02529062996813501,0.016594383577214863,-1.5240475700983942,0.02432287363034281,-1.0397879112682198,0.05047844579748004,-0.5010183964379814,True,True,4.60613352308833,0.8749456550554731
309,2020-03-11,2020-04-08,-0.019080384248709312,0.016739014610941808,-1.1398749981517442,0.027460312521604007,-0.6948349270860662,0.051282276114240376,-0.3720658616283795,True,True,4.557307117739573,0.8710768127628166
310,2020-03-12,2020-04-09,-0.01731432553065424,0.016919959323901536,-1.023307751466968,0.028492839915168305,-0.6076728603468156,0.05489897256019508,-0.315385238069248,True,True,4.4958972760342935,0.8887415060062946
311,2020-03-13,2020-04-10,-0.07325199390595245,0.01940933148936103,-3.7740606339844613,0.017573229220509926,-4.168385501991812,0.048383985564331655,-1.5139718865978111,True,True,3.763689324160478,0.8014467070599317
312,2020-03-16,2020-04-13,-0.07392736402634444,0.02162761248760267,-3.4181934815375903,0.019884049090420824,-3.7179230291660805,0.09076226724877612,-0.8145164975188663,True,True,3.3140066471136205,0.8025671104246958
313,2020-03-17,2020-04-14,-0.15096205748519917,0.04052284864094313,-3.725356497585202,0.06982998214104512,-2.161851583754963,0.1099417523661878,-1.3731094350978075,True,True,1.6879712780797953,0.8037295776457943
314,2020-03-18,2020-04-15,-0.06442335547252506,0.04056674531969389,-1.588082922719697,0.06540266658436757,-0.9850264345020364,0.1038442879211149,-0.6203841998653227,True,True,1.69174150090634,0.7731728208709864
315,2020-03-19,2020-04-16,-0.08842888847498988,0.040890605659980726,-2.1625722350582457,0.07415052461621359,-1.1925591751734446,0.10507914066174515,-0.8415455999935016,True,True,1.6774621895691424,0.7138828395882214
316,2020-03-20,2020-04-17,-0.067685540446871,0.04156040284356941,-1.628606457488751,0.07113081459927759,-0.9515642528232542,0.11261763596336534,-0.6010207892206971,True,True,1.6503790171934165,0.6989952869058994
317,2020-03-23,2020-04-20,-0.052989460901752994,0.03933812566719021,-1.3470255637001187,0.06465833343202847,-0.8195302614388866,0.10331358034179397,-0.5128992793246262,True,True,1.746980586178092,0.7015076542959867
318,2020-03-24,2020-04-21,-0.0067431152597435835,0.03982066280911608,-0.16933709245542475,0.06326053487526825,-0.1065927639252353,0.11408186639334446,-0.059107687075296456,True,True,1.7256329280029283,0.6828796561693816
319,2020-03-25,2020-04-22,-0.006612798117593619,0.03939515469881053,-0.16785815839919221,0.058984241837319346,-0.11211126754552433,0.10666416541270594,-0.06199643612273458,True,True,1.7452249654487577,0.6764798650532975
320,2020-03-26,2020-04-23,0.009973882738172051,0.04020758290014624,0.24805974442536746,0.058990632387723195,0.16907570464099247,0.10998256004620446,0.09068603907730417,True,True,1.7088985553288845,0.6668530198515669
321,2020-03-27,2020-04-24,-0.03433748108882946,0.039024910802538774,-0.8798862158218086,0.051939967403486414,-0.6610993961949347,0.083306992039385,-0.4121800613398182,True,True,1.7610232294183656,0.5144605692688259
322,2020-03-30,2020-04-27,-0.021944758103475386,0.0416717315045377,-0.5266101817988001,0.056849841911824475,-0.38601264956043774,0.0980623438267983,-0.22378374049711794,True,True,1.6459008748829738,0.5180469635543781
323,2020-03-31,2020-04-28,0.039141892752567055,0.046768401164942394,0.8369303157172674,0.07114667301050114,0.5501577388838657,0.08745881543422197,0.44754656872760623,True,True,1.462613085615991,0.5043727325603503
324,2020-04-01,2020-04-29,0.030745249121286313,0.047340284167881656,0.6494521454973783,0.06601541028696806,0.4657283653564698,0.08769741282016097,0.3505833083620708,True,True,1.4446018481234528,0.4968009611429282
325,2020-04-02,2020-04-30,-0.042013507973146486,0.04802907260099821,-0.874751597270552,0.08813523311884343,-0.4766936727391936,0.08017775419630557,-0.5240045495697158,True,True,1.423389121984134,0.44464305447140107
326,2020-04-03,2020-05-01,-0.012743846869734718,0.04985681246194735,-0.25560893768452037,0.08239409111542043,-0.15466942710591597,0.08764212117622791,-0.14540778678906924,True,True,1.3703805479524056,0.4710514013869798
327,2020-04-06,2020-05-04,0.02569729102945583,0.05180916117097643,0.4959989787260152,0.0682881864834212,0.37630653781814133,0.087764216152765,0.292799185772096,True,True,1.3175935622589565,0.44499220149352453
328,2020-04-07,2020-05-05,0.029377968561877695,0.05141767274016783,0.5713593594625576,0.06938515823950678,0.4234042165108209,0.08735743616836536,0.33629613974999306,True,True,1.3277650436146218,0.4481114781911854
329,2020-04-08,2020-05-06,0.0660602802783298,0.05190860937278517,1.2726266620612672,0.061669058148993344,1.0712062460679586,0.08671869603780637,0.7617766790396594,True,True,1.3145168112534051,0.4331295721846493
330,2020-04-09,2020-05-07,0.0851629882471839,0.05247532674026319,1.6229148732834886,0.07049360309261947,1.2080952669604752,0.09338602579361367,0.9119457383848524,True,True,1.2998088311081,0.441785951865952
331,2020-04-10,2020-05-08,0.0882455564178517,0.05125885986439021,1.7215668988992934,0.06942875900589913,1.2710230988048306,0.0895564663135383,0.9853621971740479,True,True,1.3311103505051605,0.4338023077911186
332,2020-04-13,2020-05-11,0.092990884215272,0.0513073152142729,1.812429354896422,0.07063509607287322,1.3164968887326867,0.09108530777390754,1.0209207883020444,True,True,1.3294496111793337,0.4461206568075352
333,2020-04-14,2020-05-12,0.051333110478176854,0.04620708475317225,1.11093592578685,0.05524024942225761,0.9292700705564433,0.07667339594182368,0.6695035461469074,True,True,1.4805758398559394,0.44388403500146545
334,2020-04-15,2020-05-13,0.05028490740016705,0.04666423656798532,1.0775898439248386,0.04969373360379238,1.011896344941358,0.07717909925394867,0.6515352975902262,True,True,1.4655330937157292,0.4430909986754788
335,2020-04-16,2020-05-14,0.022684074584132383,0.047359640846233064,0.47897480172585916,0.04371505465901108,0.5189076111438984,0.06988015686684496,0.3246139619771657,True,True,1.444080405290215,0.41052302165841315
336,2020-04-17,2020-05-15,0.02412275785562249,0.04736250319501174,0.5093218522741239,0.04432911186488783,0.5441741745051659,0.06981312539562916,0.3455332749954891,True,True,1.4440531686946592,0.4051619774314974
337,2020-04-20,2020-05-18,0.030964879235882113,0.047055642003712754,0.6580481727024134,0.044392515623615084,0.6975247696800946,0.07140908423356059,0.4336266116311481,True,True,1.4536403107324454,0.41700035182933376
338,2020-04-21,2020-05-19,0.03129171908661804,0.052425088865774454,0.5968844262092751,0.05406011793119912,0.5788318687436491,0.09268205167929291,0.33762436760567804,True,True,1.3018680394702409,0.41645537746100625
339,2020-04-22,2020-05-20,0.01787026118385251,0.05279750577094044,0.33846790530942544,0.0629880850682003,0.28370859607024884,0.08891765829253293,0.20097539146904422,True,True,1.2924452219678755,0.39310706215411534
340,2020-04-23,2020-05-21,0.024655713706105236,0.053224169470286825,0.4632428077599154,0.06038233269950907,0.408326618131891,0.09077208916877329,0.27162219060820186,True,True,1.2817924828660656,0.392932851506489
341,2020-04-24,2020-05-22,0.021407623870065597,0.05312195648972195,0.40299012469933315,0.05907767262240198,0.3623640356805106,0.08991532501230806,0.23808648711590838,True,True,1.2844393768480067,0.39657119778874855
342,2020-04-27,2020-05-25,0.07458696050809374,0.05831165869331769,1.2791088811308526,0.045098879441359464,1.6538539633801017,0.09657398715619332,0.7723297205018677,True,True,1.1677277072521652,0.38702833959157795
343,2020-04-28,2020-05-26,0.073024049351149,0.05968966331144219,1.2233952295916317,0.0448931441678771,1.6266191799370724,0.09476364225507872,0.7705914168493813,True,True,1.1401201964323366,0.41490259112958944
344,2020-04-29,2020-05-27,0.07626611929770497,0.059778934357480995,1.275802590284226,0.04738172684313468,1.609610378916687,0.1005246618690499,0.7586806847164955,True,True,1.138646588882955,0.4114693976663651
345,2020-04-30,2020-05-28,0.054279479513177006,0.06066242324132126,0.8947792820152888,0.046430481180341154,1.1690483952201458,0.09315508853695363,0.5826786315773284,True,True,1.1220449906169268,0.4103231132171533
346,2020-05-01,2020-05-29,0.08564881634984955,0.06339201925616363,1.3510977778408895,0.06839269816955315,1.2523093640422922,0.11773934443589201,0.7274443115018747,True,True,1.0729791133215163,0.40455429825976674
347,2020-05-04,2020-06-01,0.029591205150190612,0.06703698066753838,0.4414161386078012,0.04879560138525457,0.6064318157810984,0.09299916328469189,0.3181878643316941,True,True,1.0139131234885363,0.3830431874221246
348,2020-05-05,2020-06-02,0.04089024505273658,0.06689825124671928,0.6112304027490084,0.04492801337704869,0.9101280466058891,0.09316404722934797,0.4389058469312138,True,True,1.0156413193051592,0.3894495392669749
349,2020-05-06,2020-06-03,0.03966901533049393,0.06814807484329206,0.5821003076273786,0.04241778429399883,0.9351977240382688,0.09522768336574855,0.4165702023657762,True,True,0.9967762979235973,0.39017990413435044
350,2020-05-07,2020-06-04,0.024913545412912474,0.06832574911863783,0.3646289390790826,0.03369019427034087,0.739489514753113,0.08125301191825915,0.3066168850205282,True,True,0.9937154683826267,0.3484501295005478
351,2020-05-08,2020-06-05,0.02207939186094833,0.07022179669074842,0.3144236248779611,0.03429676850760208,0.6437747001165519,0.08424317177436318,0.26209117482050354,True,True,0.9665673168386689,0.34901953951741765
352,2020-05-11,2020-06-08,0.003067148692138637,0.07417120101277712,0.04135228566152346,0.041811355371219085,0.07335683488150958,0.08417192667660608,0.03643909333242208,True,True,0.9148170039049067,0.34185140100905786
353,2020-05-12,2020-06-09,0.012990468391930472,0.07254126298130611,0.1790769536956934,0.03578050612492519,0.36305993958204896,0.07755660091446215,0.16749661845363456,True,True,0.934934454621295,0.3008352765377948
354,2020-05-13,2020-06-10,0.058356572475524185,0.09533832020612343,0.6120998602592962,0.05828528084272398,1.0012231498548076,0.10850323529590124,0.537832556940619,True,True,0.7100990818296289,0.3020026973503655
355,2020-05-14,2020-06-11,0.049976956803265006,0.04320199589312449,1.156820553543424,0.018301427755507426,2.7307681931113543,0.05913385395058706,0.8451496640997953,True,True,1.5833376530823773,0.3242071306708881
356,2020-05-15,2020-06-12,0.025028951436873673,0.041743422983548675,0.5995902982545952,0.023438451044241665,1.0678585965271268,0.125445632988024,0.1995203088437772,True,True,1.6412631766018124,0.34020974322210995
357,2020-05-18,2020-06-15,0.01841172663255396,0.04152621727350222,0.44337596442482713,0.026546511054370846,0.6935648377613259,0.1362958058010118,0.13508652393482,True,True,1.6506341336600419,0.3503260133001611
358,2020-05-19,2020-06-16,0.008977041606549212,0.04214261515208331,0.21301576976542788,0.02473889098829832,0.3628716263310032,0.17351908769122862,0.05173518214044299,True,True,1.6262038331965127,0.3334117059184842
359,2020-05-20,2020-06-17,0.008666732792089278,0.04224704962324812,0.20514409572686618,0.024025055950153657,0.3607372573895649,0.17048578666609357,0.05083551515683582,True,True,1.6226623164673122,0.3449592674233802
360,2020-05-21,2020-06-18,0.0007724763573820523,0.04291321539141677,0.018000896701312157,0.026007600624458196,0.02970194630932606,0.20191039738128383,0.0038258374377983235,True,True,1.5972825134900492,0.34743247201281624
361,2020-05-22,2020-06-19,0.0007233195731636913,0.04271571329796693,0.016933337109885458,0.025981132831358097,0.027840186101919157,0.1885890189402267,0.003835427837889901,True,True,1.6048717479999755,0.34752077500893247
362,2020-05-25,2020-06-22,0.011862553960396968,0.04176493532561751,0.28403142176352875,0.02383585630094577,0.497676853334876,0.13781312801558554,0.0860770967991918,True,True,1.6419870079391963,0.3485662811554125
363,2020-05-26,2020-06-23,0.013208858184127144,0.04172967770591083,0.31653391327908975,0.02427929164916771,0.5440380376410174,0.14310518153722201,0.09230174646535413,True,True,1.6430283161798733,0.3520221359843686
364,2020-05-27,2020-06-24,0.022154894820516982,0.041323557112712114,0.5361323266554322,0.030067916003838176,0.7368284126405337,0.0734781023838781,0.30151697038624137,True,True,1.6607094231555637,0.34701303763884217
365,2020-05-28,2020-06-25,0.016815339224546057,0.04106522859750717,0.4094787682630073,0.02570581846598862,0.6541452569111713,0.08208350211756955,0.2048565033258592,True,True,1.6716266982207426,0.3515852757956349
366,2020-05-29,2020-06-26,0.022495875198541626,0.04069095688722541,0.5528470431621632,0.028659234828844273,0.7849433291882764,0.05337378038029691,0.42147801857494144,True,True,1.687684251607636,0.34249355503488377
367,2020-06-01,2020-06-29,0.015753115942302914,0.04002018572931163,0.39362925621719436,0.024916293815157267,0.6322415387765198,0.05885157771148229,0.2676753377714356,True,True,1.717014209608804,0.34351068688827097
368,2020-06-02,2020-06-30,0.019934191025142833,0.039870183323911665,0.4999774107682003,0.02632623737580285,0.7571986357406654,0.04413588535594586,0.45165494844791537,True,True,1.7236735829986047,0.3220073320094845
369,2020-06-03,2020-07-01,0.018559842907383335,0.039761551653522166,0.4667786375419095,0.024403847147985016,0.7605293868149715,0.04320655408740856,0.4295608224121748,True,True,1.728539355050743,0.31109182975354044
370,2020-06-04,2020-07-02,0.01648728453000108,0.0398034229859631,0.4142177554884014,0.023689475073925728,0.6959750892981214,0.04432597362518378,0.37195538375346227,True,True,1.726653501622842,0.3028694993181529
371,2020-06-05,2020-07-03,0.016494401748631676,0.0398031686089126,0.4143992130550707,0.023622383621199245,0.6982530642601722,0.04482102667962437,0.36800588854271,True,True,1.7266715620317694,0.3028934666632043
372,2020-06-08,2020-07-06,0.011404026299241077,0.03995689307860651,0.2854082342389868,0.022397812992583085,0.5091580281975503,0.056152101707792695,0.2030917089904481,True,True,1.7198691112679185,0.30801019527654355
373,2020-06-09,2020-07-07,0.015125978555303829,0.0399167765301242,0.3789378770073938,0.023888964047628945,0.6331785055704469,0.043619771742036226,0.34676886079912644,True,True,1.7215455624648304,0.30970389656863684
374,2020-06-10,2020-07-08,0.017358803040598777,0.03996631094452889,0.4343358851581741,0.023538055647297936,0.7374782055369764,0.03849297430313413,0.45096029482931926,True,True,1.7192703653702424,0.309146299195501
375,2020-06-11,2020-07-09,0.01623501494126664,0.03986907686643708,0.40720819786358625,0.02329146549863335,0.6970370731811292,0.04002716620057203,0.4055999083201305,True,True,1.72361872018665,0.30883929086996476
376,2020-06-12,2020-07-10,-0.005954743258052237,0.07354127333644546,-0.08097144620830485,0.0792496438641219,-0.07513905385192632,0.09933640380225668,-0.059945226826471444,True,True,0.9239520454888918,0.2828604791428909
377,2020-06-15,2020-07-13,0.009845147817207323,0.06902799914969207,0.1426254264716181,0.05363053804119949,0.1835735418064273,0.0808044412076346,0.12183919188190773,True,True,0.9849865041850762,0.27221699699268
378,2020-06-16,2020-07-14,0.004743056055754314,0.06747783823727414,0.07029057509335403,0.06116938563882615,0.07753970399113745,0.07660142300241828,0.061918641584564005,True,True,1.007859331734621,0.26917120949845413
379,2020-06-17,2020-07-15,0.009680497833951682,0.06670254464270102,0.14512936329200415,0.05610471939945545,0.1725433784817332,0.07703151240076579,0.12566932067473527,True,True,1.019704814898132,0.26789987725957337
380,2020-06-18,2020-07-16,0.008262339562752446,0.06660371341765325,0.12405223581066158,0.05546776969893736,0.14895748661967084,0.07454836386330183,0.11083193694100342,True,True,1.0211851033920234,0.2586753002958198
381,2020-06-19,2020-07-17,-0.0026583329691755326,0.06515626677800358,-0.04079934441659834,0.05743760237936411,-0.046282101951571106,0.07030112322089888,-0.03781352057238927,True,True,1.0441314603910357,0.25423782573031056
382,2020-06-22,2020-07-20,-0.0009030073584119272,0.06741987217399385,-0.01339378627241373,0.06351186039104774,-0.014217932727084938,0.07934913122729784,-0.011380179523645156,True,True,1.0086937258420388,0.25406229783722417
383,2020-06-23,2020-07-21,-0.03138781912745033,0.07071925515020176,-0.4438369587007844,0.05522001436720957,-0.5684138167499077,0.07468474011961901,-0.4202708488665549,True,True,0.9610478032353752,0.26639018145987514
384,2020-06-24,2020-07-22,-0.031069133562479295,0.07070784070181911,-0.4394015324764397,0.05457757719784827,-0.5692655328002395,0.07480477469747791,-0.41533623606417747,True,True,0.9612351073247911,0.260600894716175
385,2020-06-25,2020-07-23,-0.07667655739334182,0.07229944368031394,-1.0605414577238264,0.03188844356763643,-2.404524925486198,0.04975213489480344,-1.5411711990946264,True,True,0.9394825559117872,0.2231357556569182
386,2020-06-26,2020-07-24,-0.06375848199545688,0.0730958752463515,-0.8722582742264833,0.03680116911638541,-1.7325124045330655,0.05083060206630296,-1.2543326146774911,True,True,0.9291419222615319,0.21117223585103728
387,2020-06-29,2020-07-27,-0.07946783469256069,0.07732190836653124,-1.027753147476095,0.03903289610871417,-2.035919509308953,0.05236804320113627,-1.5174871894170072,True,True,0.8775191231102758,0.23236477463537727
388,2020-06-30,2020-07-28,-0.05705257621254926,0.08068597433144119,-0.7070940976456348,0.04721183737938553,-1.208437954957893,0.053692794844034296,-1.062574156891523,True,True,0.8406113128020505,0.22665193675377165
389,2020-07-01,2020-07-29,-0.05980198994306802,0.08070319847879646,-0.7410113981886366,0.04556592243958619,-1.312427944860697,0.05315031347091269,-1.1251483958941382,True,False,0.8404648500991593,0.22671055702244003
390,2020-07-02,2020-07-30,-0.06203146594756841,0.08184539288029424,-0.7579102960418875,0.04505518516981785,-1.3767886140910335,0.05354116553823206,-1.1585751883431392,True,False,0.8288588149164758,0.2308465814636619
391,2020-07-03,2020-07-31,-0.06401596119770354,0.0822511385223545,-0.7782987852539581,0.0446855787735093,-1.43258659627463,0.053867358551427914,-1.1883998569669352,True,False,0.8247356437888664,0.23049305112035273
392,2020-07-06,2020-08-03,-0.06505376727191965,0.08228961804090613,-0.7905464725766675,0.041831312987407616,-1.5551452399187813,0.05322614732496801,-1.2222144667871422,True,False,0.8245614895689034,0.2663315971958557
393,2020-07-07,2020-08-04,-0.05924677762735187,0.08236262023772345,-0.7193406117526099,0.043452206716868606,-1.3634929524615294,0.05685243451767791,-1.0421150497773224,True,False,0.823997893533502,0.25065818098655496
394,2020-07-08,2020-08-05,-0.06684424149060002,0.08436761213712243,-0.7922974207443286,0.047347397178728046,-1.411782811170693,0.04926923739538844,-1.3567135402192483,True,False,0.8039196068390155,0.2853605269412447
395,2020-07-09,2020-08-06,-0.0638596133797109,0.08525784701097601,-0.7490174291111253,0.04843915880654444,-1.3183468696215892,0.05217759011796555,-1.223889666719641,True,False,0.7955390997826914,0.2900635649733016
396,2020-07-10,2020-08-07,-0.07057410069250598,0.08703843719604555,-0.8108383257565245,0.04647797406336376,-1.5184418450832604,0.05182976682434227,-1.3616519042366266,True,False,0.7793442540939673,0.31788359059807425
397,2020-07-13,2020-08-10,-0.07516541841922054,0.08946918879367542,-0.840126298591566,0.048471986392700124,-1.5506981251038734,0.05527978836724467,-1.3597269569823254,True,False,0.7580415184877675,0.3176928814694368
398,2020-07-14,2020-08-11,-0.0775396693177355,0.12136641992263114,-0.6388889889572883,0.08387913155303985,-0.9244214607623151,0.09495259306024986,-0.8166145527856683,True,False,0.5580911604568654,0.3181866242239359
399,2020-07-15,2020-08-12,-0.025483731784481243,0.12997539498432065,-0.19606581528415765,0.08927278350921372,-0.28545913751923174,0.10142713659996615,-0.2512516141019577,True,False,0.5210040240872332,0.3133698981906768
400,2020-07-16,2020-08-13,-0.05368253840454651,0.1362954496402242,-0.3938688969165956,0.10152992849862175,-0.5287360997725439,0.10557005661229218,-0.5085015593171134,True,False,0.4967929597889478,0.30965686794889546
401,2020-07-17,2020-08-14,-0.05452747925167984,0.13703818876721766,-0.39789988281517574,0.10283360666353424,-0.5302496043933447,0.10586408545633441,-0.5150706116870079,True,False,0.4940819955699059,0.3101014557320714
402,2020-07-20,2020-08-17,0.016880834818725186,0.15297606600591268,0.11034951583911645,0.09247601266307641,0.1825428490329506,0.11391646464557695,0.14818608417357185,True,False,0.4424327469868505,0.30535044816466234
403,2020-07-21,2020-08-18,0.02378212319010573,0.15770544782964124,0.15080089824034476,0.09535024405001837,0.2494185875143667,0.12446061258520329,0.19108152126300162,True,False,0.42910531101761357,0.3055909772854818
404,2020-07-22,2020-08-19,0.06006446046675608,0.15256428285464657,0.3936993596593092,0.09389612640408665,0.6396905044651755,0.12865903778987411,0.4668499119731746,True,False,0.44369241882997906,0.2889276406458367
405,2020-07-23,2020-08-20,0.061402871449885224,0.15308159258466983,0.40111205020239865,0.09556570285722864,0.642519958667794,0.13841158145416735,0.4436252429513476,True,False,0.4422540255610333,0.2930696147447101
406,2020-07-24,2020-08-21,0.09676043588828422,0.17258923589241318,0.5606400386904876,0.1392936886134761,0.6946505390978859,0.1951915965979077,0.4957202952113227,True,False,0.39219658321027095,0.2986033025714154
407,2020-07-27,2020-08-24,0.09809366997725812,0.17261671859386526,0.5682744451193867,0.13919548427925368,0.70471876645411,0.19151048469169193,0.5122104418208576,True,False,0.3921163469443205,0.2981907732441764
408,2020-07-28,2020-08-25,0.014400134473862,0.17871238892443841,0.08057714722816747,0.0968344033079362,0.14870886773649192,0.15991867030061088,0.09004661211097496,True,False,0.37878879655020997,0.26677831179552836
409,2020-07-29,2020-08-26,-0.01812929571899529,0.17067904971192274,-0.10621863520797932,0.0874353434395797,-0.2073451650764447,0.13681389257967697,-0.132510634535431,True,False,0.39663926383255377,0.26857807937981065
410,2020-07-30,2020-08-27,-0.02178238094304486,0.1715676694124313,-0.12696087215990692,0.08243504582874507,-0.2642368997804251,0.14576502348846784,-0.14943489474872665,True,False,0.39458298436625683,0.2683881243575756
411,2020-07-31,2020-08-28,0.07089284505781442,0.16148163548111247,0.4390149062250879,0.11469542595855949,0.6180965323188098,0.17304096106060216,0.4096882300196335,True,False,0.4191852011513173,0.29372366834003427
412,2020-08-03,2020-08-31,-0.015594447884609602,0.12073907294851226,-0.129158254273326,0.048619047357077234,-0.3207477055253242,0.13038480138618558,-0.11960326448188195,True,False,0.5610535166870614,0.2935563697682583
413,2020-08-04,2020-09-01,-0.0009125188074146327,0.12054253942398724,-0.007570097757813181,0.05167318657861058,-0.01765942586154262,0.12200013847585944,-0.007479653866091273,True,False,0.5618054169682035,0.26352454638194744
414,2020-08-05,2020-09-02,0.015440512826891342,0.12120478251389603,0.12739194367285878,0.05617598423269936,0.27485967603044875,0.1413787560641794,0.1092138115848329,True,False,0.5588289485329384,0.2842249868243514
415,2020-08-06,2020-09-03,-0.039600412935316395,0.07457759042441067,-0.5309961438812378,0.033397680606567226,-1.1857234459428143,0.0467575634577372,-0.8469306355347207,True,False,0.9108334923262325,0.2345097783680292
416,2020-08-07,2020-09-04,-0.039547689301596876,0.06971675585598558,-0.5672623290632002,0.02562474508906769,-1.5433398132990264,0.038263444363365214,-1.0335632340370604,True,False,0.9749264336392057,0.23098995208304163
417,2020-08-10,2020-09-07,-0.028071176786726545,0.06993993401564583,-0.401361213472791,0.02211973688045412,-1.2690556374353328,0.03596766709360762,-0.7804558664777986,True,False,0.9716395079212884,0.1960632863298184
418,2020-08-11,2020-09-08,-0.024576790530561936,0.07002659631614144,-0.3509636598587168,0.02247519787932451,-1.0935071923513844,0.041474262837441184,-0.5925793214671694,True,False,0.97057906076626,0.2176016249761147
419,2020-08-12,2020-09-09,-0.0055293742835115615,0.06738058545351003,-0.08206183199946539,0.024665383895239923,-0.22417548038158264,0.053903962940521966,-0.10257825179964439,True,False,1.0091393113926448,0.22224374976061118
420,2020-08-13,2020-09-10,-0.008032941995973755,0.06889089504428528,-0.11660382683096107,0.02450952126683069,-0.32774781312619616,0.051588368408027635,-0.15571227088321238,True,False,0.9867134876674628,0.22484379898432924
421,2020-08-14,2020-09-11,-0.030384894551253483,0.06524544487966623,-0.46570139275305866,0.021256221221026547,-1.4294588974825355,0.04172614481674878,-0.7281979843739855,True,False,1.0425458953485018,0.2299986269243147
422,2020-08-17,2020-09-14,-0.022408468624814954,0.0647529391864486,-0.34606102682524353,0.0187395339811173,-1.1957857995505448,0.04346477539810279,-0.5155546858248132,True,False,1.050529911959355,0.24075325552148882
423,2020-08-18,2020-09-15,-0.02445811881135475,0.06495785245230498,-0.3765228973558357,0.018619057257536056,-1.3136067241780105,0.043728532835427616,-0.5593171603402042,True,False,1.0472064329251267,0.2394324656030744
424,2020-08-19,2020-09-16,-0.025460100502497113,0.06493735387701048,-0.39207172732535156,0.018895523540148673,-1.3474143994158305,0.04311434374569404,-0.590525061744443,True,False,1.0475206964424741,0.2406378821858902
425,2020-08-20,2020-09-17,-0.025604346186843884,0.06516071268275622,-0.39294146937130847,0.01862451337183145,-1.374765916062486,0.04360204199187526,-0.5872281438473675,True,False,1.0439153251743745,0.24187222772309924
426,2020-08-21,2020-09-18,-0.023835784425470928,0.06493248033285888,-0.3670856912177572,0.018980402120054602,-1.255810297100405,0.0414841060587061,-0.5745763062060393,True,False,1.0475016008382236,0.23592321121129262
427,2020-08-24,2020-09-21,0.01623056302992809,0.06396182491325109,0.2537539079277517,0.05199476510519521,0.31215763735234886,0.08369197434441632,0.19393213216759234,True,False,1.0638380452178537,0.3246018643515446
428,2020-08-25,2020-09-22,0.010376846464382304,0.06358512779310187,0.1631961250144417,0.04722432592219979,0.219735194981454,0.08180558701762705,0.12684764993063805,True,False,1.070279277937708,0.3258509617006021
429,2020-08-26,2020-09-23,0.026698801123415807,0.06302262067669089,0.42363838311932406,0.060508711840026035,0.44123896066408674,0.09700650392934322,0.27522691821635437,True,False,1.0799364437332202,0.35237482454014574
430,2020-08-27,2020-09-24,0.029775001038139768,0.06327134166621619,0.470592218436205,0.06399081921324995,0.46530113857293065,0.10813210704230078,0.2753576329229572,True,False,1.0755723465566764,0.353198575769051
431,2020-08-28,2020-09-25,0.01568932933429913,0.061963092555020804,0.2532044268185552,0.05761690037805138,0.2723042932083141,0.10081976239981286,0.1556175987806955,True,False,1.0985333815181566,0.3568513691828693
432,2020-08-31,2020-09-28,-0.003391347155184972,0.06273950234685263,-0.054054415931386504,0.05925192123799045,-0.057236070735383136,0.08899944494945673,-0.038105261859901894,True,False,1.0846591258306824,0.329423838655061
433,2020-09-01,2020-09-29,0.02204307409896311,0.06661225798554916,0.3309161821799394,0.06667632547732993,0.3305982137011704,0.1480903480215716,0.14884882366372862,True,False,1.020768886017519,0.32725744108931365
434,2020-09-02,2020-09-30,0.01926053467342112,0.06664940125232159,0.2889828612338842,0.06539828852401507,0.2945112954500088,0.13765306209136377,0.1399208588664553,True,False,1.0203287096177251,0.3465723870407174
435,2020-09-03,2020-10-01,0.013861799320059837,0.06669354722739539,0.20784318568027663,0.06479992260441028,0.21391691167107046,0.12221857547524478,0.11341810576795282,True,False,1.0197999165654947,0.3413058833424753
436,2020-09-04,2020-10-02,0.11126180721146464,0.10137184637257307,1.0975612183538899,0.12844797234413588,0.8662013512628575,0.15797134034715288,0.7043164093370302,True,False,0.6686119732007128,0.3413323651812497
437,2020-09-07,2020-10-05,0.12278039237648053,0.11166947517001831,1.0994982486444544,0.1498609622069448,0.8192953693099315,0.1996043610552186,0.6151187866206718,True,False,0.6067438597439919,0.35857567915878436
438,2020-09-08,2020-10-06,0.11563580407497473,0.10730025232964135,1.0776843629381727,0.13399787152775264,0.862967469233458,0.1802330509372003,0.6415904489974285,True,False,0.6315591791552078,0.3589223071061844
439,2020-09-09,2020-10-07,0.0876399228373325,0.10570938379417788,0.8290647404394331,0.14412348851555176,0.6080891028937011,0.1775316970562575,0.49365788921378106,True,False,0.6411881402160716,0.3498069040243879
440,2020-09-10,2020-10-08,0.0745023492826709,0.1120952231990277,0.6646344701985224,0.1617445244956104,0.46061744293973195,0.19904522737637043,0.3742985966792159,True,False,0.6045524684299671,0.3456585338124521
441,2020-09-11,2020-10-09,0.14728136605778053,0.11157402873748477,1.3200326968949845,0.16319840006899347,0.9024681981901546,0.21505505765202645,0.684854230659814,True,False,0.607172379172131,0.3822448203824168
442,2020-09-14,2020-10-12,0.2574604034167699,0.1269392468151636,2.0282175125212323,0.1614139320930179,1.5950321021137341,0.23933746816697762,1.0757212624859411,True,False,0.5330955211309211,0.37949447165309147
443,2020-09-15,2020-10-13,0.2744354180963581,0.12663466986527003,2.1671428400163806,0.1550435391205187,1.7700538806911104,0.23144977476471199,1.1857234182895386,True,False,0.5343289504424824,0.39091123383908116
444,2020-09-16,2020-10-14,0.26776682607627306,0.12661046269452678,2.114887035223261,0.15200820421077488,1.7615287771243389,0.2352074161876612,1.1384285003268528,True,False,0.5344654252811977,0.39329883326188797
445,2020-09-17,2020-10-15,0.28904276333373286,0.12628725935769317,2.2887721596289827,0.15460120966887902,1.8696022104406387,0.22716396708623257,1.2723970576900991,True,False,0.5357053499902024,0.39729758836181156
446,2020-09-18,2020-10-16,0.27691888254453734,0.12626649924727512,2.193130277590343,0.15410001537070397,1.7970074946350882,0.2320326896532011,1.1934477118651845,True,False,0.5358750281016506,0.4029560711568247
447,2020-09-21,2020-10-19,0.1957268146559996,0.12090365242645865,1.6188660204045795,0.14792358007126666,1.3231616930965453,0.22709799595249766,0.8618605982632273,True,False,0.5600417209396608,0.40743070608628673
448,2020-09-22,2020-10-20,0.0689230386697004,0.12937776536383108,0.5327270762165178,0.1304307615080611,0.5284262536904739,0.20414561033927703,0.33761704968896805,True,False,0.5234893214529275,0.34111259835551383
449,2020-09-23,2020-10-21,0.10584813666909514,0.13044723605831765,0.8114249091623125,0.1269090784808091,0.8340470038563967,0.216221253732054,0.48953622662952645,True,False,0.5190572313321226,0.3423065718204551
450,2020-09-24,2020-10-22,-0.005440137003397062,0.13829764532023422,-0.03933643982730283,0.16722217482442214,-0.032532389972257145,0.1931422075949793,-0.02816648453560742,True,False,0.48952003053231274,0.3115554250369936
451,2020-09-25,2020-10-23,-0.0052490294245033054,0.137347772914066,-0.03821706980125154,0.16489911696701276,-0.03183176187385738,0.19089091031240357,-0.02749753467000067,True,False,0.4928271899346208,0.30175818513185293
452,2020-09-28,2020-10-26,0.10058097056843668,0.10057859731176791,1.000023596040631,0.05843067432541993,1.721372750351428,0.07969988239280897,1.2619964741317076,True,False,0.6734649480368986,0.2993590594199855
453,2020-09-29,2020-10-27,0.09347592201145824,0.10048104732590853,0.9302841132643723,0.05723107014231673,1.633307253892183,0.0790613700584677,1.1823210493611565,True,False,0.6741223965520323,0.2997285834029137
454,2020-09-30,2020-10-28,0.14267063450346915,0.07002576611356559,2.037401979609768,0.03281256084843238,4.3480493693403774,0.06689793340665409,2.132661313111329,True,False,0.9693048536501432,0.34591486883031913
455,2020-10-01,2020-10-29,0.07709851232297689,0.06590779083712604,1.1697936062446062,0.04014851014934658,1.9203330842460082,0.10807344523900615,0.7133899743130452,True,False,1.0316818189141808,0.3483595400358897
456,2020-10-02,2020-10-30,0.07666076055111516,0.06592001688792115,1.1629359968377389,0.04016125974307503,1.9088236036802533,0.10789872618917686,0.710488096186671,True,False,1.0315026222582109,0.3474562263591013
457,2020-10-05,2020-11-02,0.07037316600648028,0.06530813480704653,1.0775559004157511,0.041101587070274004,1.7121763664784717,0.10747669984573605,0.6547760222214546,True,False,1.041359480747055,0.3482417456395907
458,2020-10-06,2020-11-03,0.09130482412169025,0.06395085805093395,1.427734152510825,0.03870472666525797,2.359009660792852,0.09271852011721277,0.9847528196768526,True,False,1.063457331274413,0.3615991579174728
459,2020-10-07,2020-11-04,0.06981126896990189,0.05461400792659388,1.2782667235068061,0.029202150776187808,2.390620797247161,0.07084757091519216,0.9853727949751337,True,False,1.2481974612494509,0.36445024018315486
460,2020-10-08,2020-11-05,0.0880218667373398,0.054198513655288036,1.6240642187565173,0.02977867878644364,2.9558687733792484,0.07169325778707578,1.2277565485831166,True,False,1.2573013028663904,0.38420575844932414
461,2020-10-09,2020-11-06,0.09455656790392174,0.053329873691074996,1.7730506629672784,0.03091019665888368,3.059073643154771,0.06904344107472107,1.3695228168246933,True,False,1.2778373870231572,0.3905806970057319
462,2020-10-12,2020-11-09,0.08345922041783295,0.053542262743715735,1.5587540783869576,0.025091111197024202,3.3262464847603557,0.06535123655780785,1.2770870883829,True,False,1.2733179690184087,0.35957323632240296
463,2020-10-13,2020-11-10,0.0819187394234494,0.053368130428305294,1.534974876691605,0.024409707320454548,3.355990235688084,0.06464647232495975,1.2671803499449559,True,False,1.2775777557865562,0.35950006895846176
464,2020-10-14,2020-11-11,0.0703598328358312,0.05327331722933793,1.3207330891924187,0.023450995861608027,3.000291895962436,0.07033376837961425,1.0003705823933144,True,False,1.2798804498282998,0.33270945240765515
465,2020-10-15,2020-11-12,0.07489652556274912,0.05257840614772518,1.424473106931362,0.023107718288264457,3.241190870878249,0.0642664895417423,1.165405580681397,True,False,1.2971670927515935,0.33618553058814565
466,2020-10-16,2020-11-13,0.0661624623895085,0.0518554869090186,1.275900899466854,0.02478135832416439,2.6698480980759336,0.0666517592142101,0.9926589060743459,True,False,1.3155788716653969,0.3228297402633967
467,2020-10-19,2020-11-16,0.0700531596259021,0.05189186831837354,1.349983376896417,0.0231730472664972,3.0230447821673656,0.0657419944693739,1.0655770362813768,True,False,1.314549638292626,0.32562643509195865
468,2020-10-20,2020-11-17,0.08041545167870567,0.05257938057905389,1.5294104037189984,0.019515466197598252,4.120601110139112,0.06138696905002138,1.309975926864525,True,False,1.2969866266588579,0.32142340720597273
469,2020-10-21,2020-11-18,0.07652851385655868,0.05225812020556352,1.4644329638250415,0.02033105394264531,3.76411936500924,0.06275047385484697,1.2195687005261948,True,False,1.305129134029278,0.32229877781823535
470,2020-10-22,2020-11-19,0.07318394818746243,0.05226393684190305,1.4002762250544163,0.021485805058821257,3.406153410919824,0.05991839822910142,1.2213936011379913,True,False,1.305251695976635,0.32375800834595364
471,2020-10-23,2020-11-20,0.07223328559020661,0.05215353059052003,1.3850123811816584,0.02191050424297937,3.29674227435235,0.06317697838746371,1.143348216928019,True,False,1.3079243609354467,0.3205221926357016
472,2020-10-26,2020-11-23,0.06809888486759863,0.052063896552598556,1.3079867120356699,0.023945865457486868,2.8438681821085305,0.06171439687255284,1.1034521654360565,True,False,1.3104273651850094,0.32712765421544354
473,2020-10-27,2020-11-24,0.07317644473897836,0.05770811284346694,1.268044320518143,0.026513396966021764,2.759979976641907,0.08609183335164348,0.8499812571081857,True,False,1.1801225510118263,0.32408346521852566
474,2020-10-28,2020-11-25,0.07915601168771227,0.058202619412433945,1.3600077193570779,0.027972164579739372,2.8298135978023695,0.0836631698871528,0.9461273317097606,True,False,1.169894628255285,0.3238186133965567
475,2020-10-29,2020-11-26,0.0093460373015475,0.08224729780405497,0.11363336609323497,0.0630074298932136,0.148332304894635,0.061927629923088146,0.1509186983767171,True,False,0.8250891536948027,0.2741131377733222
476,2020-10-30,2020-11-27,0.054285162589133025,0.08456624546817543,0.6419247098957704,0.03801605222863202,1.4279537039421424,0.07695071524251124,0.7054536454671355,True,False,0.8020042325947072,0.24596209848139122
477,2020-11-02,2020-11-30,0.06152267187322924,0.0855556416831538,0.7190954408485638,0.039418795746601176,1.5607445815625642,0.08118619176782786,0.7577972378501093,True,False,0.7927407467670342,0.2486144713180444
478,2020-11-03,2020-12-01,0.050846433740133076,0.08474456391310627,0.5999964055779319,0.03757677729804173,1.3531344994500867,0.08105189114857127,0.6273318613495346,True,False,0.8001689627344358,0.24957370196962517
479,2020-11-04,2020-12-02,0.031066156269065653,0.08433897211327698,0.3683487655901262,0.041798134003580116,0.743242659263324,0.05936002746051164,0.5233514470614412,True,False,0.8043015475163272,0.2208835365291552
480,2020-11-05,2020-12-03,0.05180071796334959,0.12304161652321483,0.42100160439273904,0.10259802940742908,0.5048899892379289,0.10415077942316103,0.49736274898995286,True,False,0.5501492057457145,0.2358838458812961
481,2020-11-06,2020-12-04,-0.0069771478772362025,0.12993009411220513,-0.05369924438914723,0.08701620703174007,-0.08018216508438727,0.11139224755201117,-0.06263584792091065,True,False,0.5210373472009159,0.209086078131568
482,2020-11-09,2020-12-07,-0.0646070497051311,0.14911505136187356,-0.43326980821233274,0.07876955041606301,-0.8202033573109765,0.11815191529060501,-0.5468133931322602,True,False,0.4539117164556083,0.20076958615106627
483,2020-11-10,2020-12-08,-0.09518011222434075,0.15369050064418002,-0.6192973009093067,0.08502412932397581,-1.119448243470587,0.13911113743951126,-0.6842019551865663,True,False,0.44034442626901177,0.19846300333208075
484,2020-11-11,2020-12-09,-0.03830832532398354,0.14305524523772958,-0.2677869326659268,0.07449655016946446,-0.5142295211904432,0.11010675780748215,-0.3479198378628523,True,False,0.473213350811534,0.20478168807401764
485,2020-11-12,2020-12-10,-0.02164942405242384,0.1490333638893527,-0.14526562031101364,0.08394856221799306,-0.25788915831823056,0.11694422112972402,-0.1851260698757277,True,False,0.45417443758194037,0.20405722026684053
486,2020-11-13,2020-12-11,-0.06081467196505583,0.1645205015529442,-0.36964798545478,0.1081012414679341,-0.562571448202056,0.11731853795826215,-0.5183722284937745,True,False,0.4113272806010719,0.20172757302703923
487,2020-11-16,2020-12-14,-0.010840110275872205,0.18498636989813436,-0.058599508071008055,0.13382320001267412,-0.08100322122655534,0.14696257422958153,-0.0737610261163365,True,False,0.3657562791129904,0.20304446708560592
488,2020-11-17,2020-12-15,0.0027939736632816023,0.1642979507859505,0.017005529587655218,0.1293934432367687,0.021592853496981992,0.1167425966034537,0.023932769568009986,True,False,0.4119142470028577,0.19835760354911913
489,2020-11-18,2020-12-16,0.006734744645005132,0.16377958411711124,0.04112078243030234,0.1280199906447549,0.05260697654394854,0.11394635327473736,0.05910452113168477,True,False,0.4132243945355675,0.19833408018620421
490,2020-11-19,2020-12-17,0.06034095177710094,0.17049983468459246,0.353906218670098,0.12108787059309588,0.4983236676105313,0.10971324492484727,0.5499878507689206,True,False,0.39685806773835053,0.21216466450345967
491,2020-11-20,2020-12-18,0.0748745730971106,0.17273520157392366,0.4334644728744958,0.09501763314469328,0.7880071374024994,0.10532506226419364,0.7108903758280996,True,False,0.3917331356153032,0.22387364807928542
492,2020-11-23,2020-12-21,0.12172899351899827,0.12331436439236108,0.987143664234294,0.0392992510013169,3.097488893997476,0.0621468063770931,1.958732887742833,True,False,0.5491399313456389,0.23801219486550704
493,2020-11-24,2020-12-22,0.12675138998290608,0.12387467423793445,1.023222791605055,0.03524788276238115,3.5960001012651874,0.05698261766076043,2.224386930370699,True,False,0.5466355749809004,0.23751507391711865
494,2020-11-25,2020-12-23,0.11883166683273352,0.12439699871977933,0.9552615260470837,0.03198147860103463,3.715640177714898,0.0595926971963442,1.994064246516827,True,False,0.5443705651485587,0.23405753864370096
495,2020-11-26,2020-12-24,0.08604490540852922,0.11731442741558654,0.7334554436660634,0.04313081063641161,1.9949753816101232,0.07052746966304704,1.2200197429401405,True,False,0.57745383384321,0.2315080405039192
496,2020-11-27,2020-12-25,0.08604490540852922,0.11731442741558654,0.7334554436660634,0.04314701401753664,1.994226190798677,0.07052746966304706,1.2200197429401403,True,False,0.57745383384321,0.2315080405039192
497,2020-11-30,2020-12-28,0.0890563102212309,0.11766723810720547,0.7568488192107693,0.043100683844672964,2.066238914959532,0.07035963411299913,1.2657301497362037,True,False,0.5757073341218883,0.2314566006188466
498,2020-12-01,2020-12-29,0.051964698487972194,0.11451803525949834,0.4537686869166064,0.07013519521585779,0.7409218485531899,0.10427060401855844,0.49836383875481666,True,False,0.5915448284493146,0.243170922051245
499,2020-12-02,2020-12-30,0.05674395515717614,0.11420878848221536,0.4968440337322406,0.06735384985342122,0.8424753043911394,0.09827057759610575,0.5774256806589155,True,False,0.5931944101855798,0.23506333794343953
500,2020-12-03,2020-12-31,0.05909843297073544,0.11438425676463813,0.5166657951219534,0.06713346308365484,0.8803125930967249,0.09481779407738254,0.6232842004582402,True,False,0.5923185440718157,0.2341694466455117
501,2020-12-04,2021-01-01,0.06012833680002207,0.11439198086097792,0.5256341952247232,0.06544273340513576,0.91879317490891,0.08711616783738146,0.690208698255217,True,False,0.5923571511546746,0.20824552877196273
502,2020-12-07,2021-01-04,-0.0012800075821827051,0.09248516003683659,-0.013840140209227962,0.06401114793983831,-0.0199966353264862,0.08542376629494874,-0.014984209169180524,True,False,0.733442409739924,0.2043714483432809
503,2020-12-08,2021-01-05,0.008851869456939852,0.08919800483007598,0.09923842437734841,0.05647036140197538,0.15675248461629654,0.08149087417595759,0.10862405817155213,True,False,0.7605967301363077,0.20805850040125795
504,2020-12-09,2021-01-06,0.012840770111002268,0.08960616677200846,0.14330230355321394,0.056942209501214605,0.22550530131305088,0.0820803500620636,0.15644146377656706,True,False,0.757082584337279,0.20795719237063096
505,2020-12-10,2021-01-07,-0.05330568502682893,0.08481636834541365,-0.6284834645329563,0.07399942924956042,-0.7203526509246094,0.09333271128758379,-0.5711361460675822,True,False,0.8001154533626382,0.22684236558886442
506,2020-12-11,2021-01-08,-0.05361022848648645,0.08439314898955541,-0.635243845363814,0.07373341475798535,-0.727081861900075,0.09208965676299907,-0.5821525497098675,True,False,0.8041620966088017,0.22683258396037867
507,2020-12-14,2021-01-11,-0.015221077833757831,0.0803311049336268,-0.18947925397433754,0.06253034373283409,-0.24341906545070516,0.09481522290660865,-0.16053411432413472,True,False,0.8452387201047373,0.25077234666283377
508,2020-12-15,2021-01-12,-0.01045827794521141,0.08132865015422754,-0.12859278895418602,0.06640826266443116,-0.15748458889910025,0.0997859272303942,-0.10480714300589151,True,False,0.8347782620426001,0.25564448904760906
509,2020-12-16,2021-01-13,-0.019398968821421756,0.08274915003321619,-0.234431034199564,0.06451328610365382,-0.3006972670753949,0.10159443069672977,-0.19094519934197723,True,False,0.8203454236738082,0.2513715741974155
510,2020-12-17,2021-01-14,-0.027610692429175254,0.0820888285629852,-0.33635140021507426,0.05934843669676744,-0.4652303239299838,0.09902688095771472,-0.27882017652323354,True,False,0.8269691340171547,0.2528514306865837
511,2020-12-18,2021-01-15,-0.026310279107911793,0.08166393820050248,-0.3221774468347879,0.05821070302260597,-0.45198353123641655,0.09450143628889593,-0.2784114204093139,True,False,0.8313337698060645,0.24421625495305152
512,2020-12-21,2021-01-18,-0.020311986626873595,0.08181640408644701,-0.24826300854547456,0.06087109378489019,-0.3336885435088989,0.0963761290911922,-0.21075744396887078,True,False,0.829782404827954,0.2320087372085091
513,2020-12-22,2021-01-19,-0.05718969034283985,0.09122054842551161,-0.6269386813601489,0.06621933547245322,-0.8636403542078788,0.10772387252745066,-0.5308915192244553,True,False,0.7436287640007156,0.22147123224805443
514,2020-12-23,2021-01-20,-0.05027945569125199,0.08958948411913352,-0.5612205069111885,0.0642026029877453,-0.7831373394759259,0.10510518779873565,-0.47837273063563107,True,False,0.7572439874014579,0.21425414487003872
515,2020-12-24,2021-01-21,-0.054387014668098956,0.09017311096982465,-0.6031400501009543,0.06477091965283646,-0.839682606941605,0.10551761016818746,-0.5154306904924209,True,False,0.7522963171201767,0.21584427805615516
516,2020-12-25,2021-01-22,-0.042003913688966575,0.09275241951336434,-0.45286057128584545,0.0689287434126937,-0.6093816833055927,0.1137610120953306,-0.3692294303233494,True,False,0.7313109798472754,0.22906590208323754
517,2020-12-28,2021-01-25,-0.02661379598499985,0.0912541566816404,-0.29164475299298154,0.07206204756874224,-0.36931778769694434,0.11401367353690886,-0.23342635281709742,True,False,0.7434250291779744,0.23832495313653715
518,2020-12-29,2021-01-26,-0.024766109629369006,0.09120669142204378,-0.2715382966230839,0.07298161141857856,-0.33934725676753724,0.11473354452216983,-0.2158576180358786,True,False,0.7438078171421485,0.2416636981756564
519,2020-12-30,2021-01-27,-0.006426698423683023,0.04106724784426722,-0.15649206511363917,0.016440116837605916,-0.3909156173989155,0.02465805458555224,-0.26063282492076983,True,False,1.6719642359937612,0.2380687245481844
520,2020-12-31,2021-01-28,-0.01371957473640217,0.03707796755097234,-0.37001960038778836,0.014687483792170277,-0.9340997362472606,0.02120835761776804,-0.6468947281852754,True,False,1.858382049739064,0.23409226830759355
521,2021-01-01,2021-01-29,-0.016147923664432715,0.03672756081026772,-0.43966774019793686,0.014750473348819017,-1.0947393539560941,0.023471062084127865,-0.6879928827486946,True,False,1.8768262661845891,0.23468423452598
522,2021-01-04,2021-02-01,-0.02649845592484775,0.03611443192310327,-0.7337359197915572,0.017586843513206545,-1.5067204018133886,0.03174696656690967,-0.8346767830242867,True,False,1.9096779544456608,0.24945673560082188
523,2021-01-05,2021-02-02,-0.01801873972654003,0.03574656779269358,-0.5040690852066354,0.015242288284029093,-1.1821545027081077,0.020549165204704567,-0.8768599379606322,True,False,1.930176452367199,0.2500692641837942
524,2021-01-06,2021-02-03,-0.020178588045400913,0.03551884660997929,-0.5681093270560083,0.014505807549715699,-1.3910696096196584,0.020305042809020513,-0.9937722483617014,True,False,1.9429081305757507,0.24295316505271905
525,2021-01-07,2021-02-04,-0.022966138036744636,0.03545737139737816,-0.6477112411791144,0.014081530751048819,-1.6309404455218106,0.01938767750654094,-1.1845739660666632,True,False,1.9459099047320354,0.25382220680563716
526,2021-01-08,2021-02-05,-0.01321895898022803,0.03579778983751943,-0.3692674614892935,0.018125354335256482,-0.7293076171490457,0.018458456469786007,-0.7161464991325616,True,False,1.9274230515102408,0.26739729834029163
527,2021-01-11,2021-02-08,-0.014007926202143067,0.035821836869275966,-0.39104433011802153,0.018150281862758095,-0.7717745822386055,0.018907916928625618,-0.740849785569757,True,False,1.926146422289054,0.271225902395866
528,2021-01-12,2021-02-09,-0.022211324828347954,0.03618180038093459,-0.6138811389842239,0.016219075242775563,-1.369456920069565,0.036800763365053044,-0.6035560895304798,True,False,1.9061973773087855,0.25675112336732087
529,2021-01-13,2021-02-10,-0.023823926176040074,0.036194367213766135,-0.6582219281617638,0.01618802276403061,-1.4717008076475069,0.03853942313779241,-0.6181702847720605,True,False,1.905477428072896,0.2534556917984883
530,2021-01-14,2021-02-11,-0.024757376358818427,0.03623155645799923,-0.6833097658257647,0.01596569189458739,-1.5506610375721674,0.03875220311884858,-0.6388637126743576,True,False,1.9034167874860504,0.25078984583657826
531,2021-01-15,2021-02-12,-0.02286067752808825,0.03622662485907186,-0.6310462986000056,0.015336845973374693,-1.4905722837521609,0.033295703846901475,-0.6865954128257806,True,False,1.9036907082118473,0.2471617566320425
532,2021-01-18,2021-02-15,-0.025411963079349748,0.036316634151496816,-0.6997334327113675,0.01633001404216944,-1.5561507181639738,0.04425004884571471,-0.5742810175860565,True,False,1.898771755398509,0.23716634049388985
533,2021-01-19,2021-02-16,-0.022736425928844554,0.03616195045282356,-0.6287389270804465,0.015385435024330804,-1.477788953831254,0.03340066225704831,-0.6807178179243031,True,False,1.9072492760480444,0.24431235232891274
534,2021-01-20,2021-02-17,-0.022888029087659426,0.03621497214898387,-0.6320046027786776,0.014832315546072866,-1.5431190778380832,0.030225020954740084,-0.75725436623957,True,False,1.9042848154322305,0.2474758079476145
535,2021-01-21,2021-02-18,-0.022259069088846808,0.03630985675020704,-0.613031035676556,0.014840824945229538,-1.4998538943080657,0.027845990498541588,-0.7993635238083059,True,False,1.8991015257899468,0.2483628389064026
536,2021-01-22,2021-02-19,-0.021368204572990834,0.03630300412591692,-0.5886070612469217,0.015355320727628768,-1.3915830839367038,0.028593256897609207,-0.7473162168797047,True,False,1.8995365753148132,0.26029634808391316
537,2021-01-25,2021-02-22,-0.021097826221527775,0.03621702212216117,-0.582538955035125,0.015676209865660068,-1.345849947297795,0.029459283925424157,-0.7161690105888753,True,False,1.9042651053304465,0.2544303011587632
538,2021-01-26,2021-02-23,-0.02322210251089029,0.036296803176091526,-0.6397836855832676,0.015770044878994638,-1.4725451125267013,0.03768171608896429,-0.6162697700939174,True,False,1.8998911441857405,0.2469896568205222
539,2021-01-27,2021-02-24,-0.021878058231414216,0.03612916830985081,-0.6055511171412448,0.015740238006356762,-1.389944562628511,0.03413348202308132,-0.6409559451514529,True,False,1.9090912941924547,0.24592157332565626
540,2021-01-28,2021-02-25,-0.035754295127042444,0.0495148187077966,-0.7220928211015054,0.027271701852035053,-1.3110401148058315,0.02805748739190076,-1.2743227726572368,True,False,1.3798657118991502,0.2345741636955051
541,2021-01-29,2021-02-26,-0.044341346474469356,0.05815206596055612,-0.7625068128197816,0.027449462701507877,-1.615381217353794,0.042356915590198205,-1.0468502216608606,True,False,1.1714553166414519,0.2933062580948939
542,2021-02-01,2021-03-01,-0.019918382936273023,0.05615348187362786,-0.35471323009139294,0.025584878097791346,-0.7785217056786566,0.03245105804926599,-0.6137976427774303,True,False,1.2139523248285762,0.30035228405650993
543,2021-02-02,2021-03-02,-0.0009380245828197013,0.05726222865681799,-0.016381209827536367,0.01856602318506529,-0.05052372139523441,0.02974202103554013,-0.031538696771776606,True,False,1.1902091970655202,0.2865662459594196
544,2021-02-03,2021-03-03,0.005269152940309004,0.06074619240034119,0.0867404644159954,0.021286140972728552,0.24753913577194453,0.042546336406493954,0.12384504484632337,True,False,1.120975603481891,0.2882045889091934
545,2021-02-04,2021-03-04,0.00336269692301159,0.06216941628577974,0.05408924715577156,0.021619788829215968,0.1555379171172754,0.04424728662507894,0.07599781092804109,True,False,1.0949944785314534,0.2884594643730425
546,2021-02-05,2021-03-05,-0.06112446951088932,0.05803872188306868,-1.0531670499918577,0.0685100605133711,-0.8921969861486208,0.09591108830397357,-0.637303471285467,True,False,1.1736168871668358,0.33885025589196394
547,2021-02-08,2021-03-08,-0.06661162095685776,0.05820732322860029,-1.1443855731906942,0.06505007283469737,-1.0240053247308198,0.09450283083511347,-0.7048637630028278,True,False,1.169770997419524,0.33039729937315104
548,2021-02-09,2021-03-09,-0.054881159540997926,0.057588976869081064,-0.952980284156829,0.05522445029675174,-0.9937837180106072,0.08849091018508412,-0.6201897960616592,True,False,1.1826799162326946,0.33630951830962524
549,2021-02-10,2021-03-10,-0.043237487235716916,0.05704246139449458,-0.7579877547130173,0.04949189060703627,-0.8736277136596159,0.08346824913975218,-0.5180111920560803,True,False,1.1942873371595077,0.33904951538203465
550,2021-02-11,2021-03-11,-0.03438032262101617,0.05697654182093046,-0.6034118871073091,0.04958507856592127,-0.6933602530307373,0.08295791317983671,-0.41443089999728266,True,False,1.195935061638558,0.3657266106144677
551,2021-02-12,2021-03-12,-0.03666364218414075,0.05675957121857081,-0.6459464262503978,0.048299440266631355,-0.7590904155771463,0.08126135813519822,-0.4511817550863693,True,False,1.2004953039674302,0.3649655737131228
552,2021-02-15,2021-03-15,-0.039513327685990966,0.05702887875401129,-0.6928652386175782,0.04831321004282646,-0.8178576346089407,0.08262360112282618,-0.47823294009240097,True,False,1.1946425372974858,0.3646739599497402
553,2021-02-16,2021-03-16,-0.03849103664625647,0.05702007378279921,-0.675043613462804,0.04872940395757168,-0.7898934425664291,0.08271702670013466,-0.4653339001871281,True,False,1.1949201887633047,0.3687087811405344
554,2021-02-17,2021-03-17,-0.04453904375519348,0.05752264537574124,-0.7742871257791062,0.04835088386940086,-0.9211629693367461,0.0825239211227201,-0.5397107062927866,True,False,1.1842983867081622,0.3663931292028173
555,2021-02-18,2021-03-18,-0.061153738363947115,0.056199271444873876,-1.0881589172189376,0.053817230432107135,-1.1363226586157256,0.08919539015043713,-0.6856154590590958,True,False,1.2126404076802162,0.3746256439459528
556,2021-02-19,2021-03-19,-0.06419415149971283,0.05635160254487956,-1.1391717111964528,0.05433098061312455,-1.1815386134261245,0.0893122311505275,-0.7187610327584307,True,False,1.2092503345538408,0.37546856343546325
557,2021-02-22,2021-03-22,-0.06596337537059073,0.05552741018071036,-1.1879425882805843,0.05107472133073697,-1.2915072985605054,0.08292028691347508,-0.7955034627342956,True,False,1.2272928378053187,0.36171722603735934
558,2021-02-23,2021-03-23,-0.06422588360786764,0.05551384356611182,-1.1569345496926473,0.04891484846763389,-1.3130140564651815,0.08199443059588206,-0.7832956841228824,True,False,1.2275928557414388,0.36322822760921075
559,2021-02-24,2021-03-24,-0.06027358270114827,0.05529823566082696,-1.0899729798042332,0.04727961491894799,-1.274832352261667,0.07960164853416032,-0.7571901312481287,True,False,1.2323567654869338,0.3672109778033917
560,2021-02-25,2021-03-25,-0.07165448629194893,0.055521241083231816,-1.290577892243651,0.045559746937462405,-1.5727586544829908,0.08177673201171397,-0.8762209558788056,True,False,1.226894012609387,0.36640883907482485
561,2021-02-26,2021-03-26,-0.09598830817005802,0.07644714235274254,-1.2556166943055713,0.06671860238053257,-1.4387038209011689,0.14341156467250682,-0.6693205557672838,True,False,0.8877557427580836,0.3725245224748108
562,2021-03-01,2021-03-29,-0.07515910133821513,0.07380988447524571,-1.0182796230147457,0.06992119487006264,-1.0749115697734615,0.1375422520760389,-0.5464437305902491,True,False,0.9201657045982108,0.33413936610574285
563,2021-03-02,2021-03-30,-0.14024780469972745,0.08518877603583803,-1.6463178745604543,0.07584462372153229,-1.8491462916957038,0.16286176697082339,-0.8611462795000424,True,False,0.7958925173692879,0.32844016347261634
564,2021-03-03,2021-03-31,-0.13936224950242052,0.08592265392752024,-1.6219500112272958,0.07573982979774753,-1.8400127102816,0.16755399698722362,-0.8317453000721148,True,False,0.7891612695864862,0.33990043605503184
565,2021-03-04,2021-04-01,-0.15847952088728895,0.09067172736869006,-1.7478383338047407,0.0940381114312955,-1.685269073093567,0.17265303868661827,-0.9179075103042026,True,False,0.7475272094616093,0.33924237023224635
566,2021-03-05,2021-04-02,-0.16108894177244334,0.09638309675957572,-1.671340174660232,0.10595782124513084,-1.520311949410209,0.19629594901096376,-0.8206432307140786,True,False,0.7030152197292976,0.33877083146014497
567,2021-03-08,2021-04-05,-0.004931083233883832,0.11245927503086432,-0.04384772383185381,0.10656263819185632,-0.04627403485456005,0.12746825502271655,-0.03868479436707631,True,False,0.6026561901786589,0.2798590978605462
568,2021-03-09,2021-04-06,-0.048701514497534265,0.114338840593833,-0.4259402513143993,0.08510070797796512,-0.5722809557606079,0.11896559775865782,-0.4093747723298433,True,False,0.5926379490897781,0.2612679017118737
569,2021-03-10,2021-04-07,-0.07428259640733637,0.11595503156254884,-0.6406155507556962,0.08202759318017067,-0.9055805921816736,0.11787356133851548,-0.6301887850321898,True,False,0.5843474478850399,0.25621535933243655
570,2021-03-11,2021-04-08,-0.09968498343831159,0.11877918145535192,-0.8392462569358783,0.0799780717997448,-1.2464039354175787,0.11639917185767987,-0.8564062943694775,True,False,0.5703685715580342,0.2499819929700098
571,2021-03-12,2021-04-09,-0.11721328191955153,0.1191012380460213,-0.9841483081331174,0.08288388338597212,-1.4141866564542458,0.11423918174519572,-1.0260339765124489,True,False,0.5687757825748659,0.2143721246383365
572,2021-03-15,2021-04-12,-0.11326033014780339,0.12092802765679728,-0.9365928837377934,0.0806636763416612,-1.4041057299208002,0.11467624506146211,-0.9876529362040076,True,False,0.5601755423570501,0.21363541005803882
573,2021-03-16,2021-04-13,-0.10718693588188405,0.12146036034390911,-0.8824849158885207,0.07717266075230102,-1.3889236788908839,0.11467606549361369,-0.9346931761262187,True,False,0.5577308163014557,0.21297291245661734
574,2021-03-17,2021-04-14,-0.11631565393470471,0.12093399395729808,-0.9618110684062571,0.07735439052624438,-1.5036722950488735,0.1116572208876189,-1.0417208399963174,True,False,0.560144647896904,0.21483831835304573
575,2021-03-18,2021-04-15,-0.1078059608718088,0.12116471646535722,-0.8897471476577269,0.0730169074802098,-1.4764520244989572,0.11208404387938156,-0.9618314716394727,True,False,0.559081964586087,0.21349618277106008
576,2021-03-19,2021-04-16,-0.03664624894174089,0.13922932623266046,-0.2632078308021317,0.07157470127071,-0.5120000264218689,0.10562232178989611,-0.3469555328904585,True,False,0.4864481384780797,0.202264772965017
577,2021-03-22,2021-04-19,-0.05946205697184773,0.1346122443501676,-0.4417284420068707,0.07635240607704002,-0.7787843242536477,0.11024041897920833,-0.5393852592583347,True,False,0.5031366721658869,0.20450247040721306
578,2021-03-23,2021-04-20,-0.035276927129228364,0.14033247793117493,-0.2513810605306185,0.06672149311375698,-0.5287190901001402,0.11289092926780939,-0.3124868167710929,True,False,0.48258575342274695,0.20487772453102052
579,2021-03-24,2021-04-21,-0.08084341661552268,0.1439856212755556,-0.5614686792982394,0.05815026522037478,-1.3902501787248365,0.11842693737574551,-0.6826438174198689,True,False,0.47025898267758676,0.19395403511350345
580,2021-03-25,2021-04-22,-0.10669687669244252,0.14123862831005005,-0.7554369365455692,0.054969139550562436,-1.94103232404246,0.11296668541255986,-0.9444986041927343,True,False,0.4793568061299497,0.17630885238194952
581,2021-03-26,2021-04-23,-0.048957947789370286,0.14132360756077753,-0.3464244129793776,0.059061068452404025,-0.8289377261913977,0.09298692841702613,-0.5265035486472308,True,False,0.4790449127838202,0.15575760489571486
582,2021-03-29,2021-04-26,-0.06983059282507934,0.14348276750694225,-0.4866827845490272,0.05346294801516925,-1.3061493130769,0.09756940988155276,-0.715701703124496,True,False,0.4717927896494081,0.15672271594691317
583,2021-03-30,2021-04-27,-0.1400715362656063,0.1612446877501602,-0.8686893082805894,0.07659690785175786,-1.828683953361333,0.09400627722364036,-1.490023224006382,True,False,0.419659838018567,0.15128257695476421
584,2021-03-31,2021-04-28,-0.09629510051258013,0.16676344674421759,-0.5774352976781412,0.06317047291469496,-1.5243688398948108,0.07944386252549947,-1.2121150388637238,True,False,0.4057145645996471,0.13190110029121047
585,2021-04-01,2021-04-29,-0.09636483769121022,0.16577775072630174,-0.5812893302570386,0.06035231827303688,-1.5967048234212133,0.07485174726113439,-1.2874093286696886,True,False,0.4081898796398842,0.12128385913604778
586,2021-04-02,2021-04-30,-0.032055154454391846,0.18859783862121088,-0.16996565119058965,0.0899317633863397,-0.356438629104663,0.1087258354308219,-0.29482555206289784,True,False,0.358801802417507,0.14812412640763672
587,2021-04-05,2021-05-03,-0.03179018375249352,0.1875468877929846,-0.16950525880004855,0.0899077883828529,-0.35358653932317724,0.1093761514954662,-0.29065004864256233,True,False,0.36080692376021173,0.14741354375425042
588,2021-04-06,2021-05-04,0.04676122362852106,0.17992023306026994,0.2598997502012846,0.10317262919453546,0.4532328389184616,0.10374846587172337,0.4507172538467947,True,False,0.37619039247633046,0.1543542145178021
589,2021-04-07,2021-05-05,0.05522961843243959,0.17894624834384268,0.30863803484897134,0.10487920173532399,0.5266022006137934,0.10305528332280453,0.5359222414579315,True,False,0.3782495099873591,0.15039122077469297
590,2021-04-08,2021-05-06,0.11555426017541984,0.1816673427414386,0.6360761292131882,0.12349786855586513,0.9356781742605385,0.10433486380613986,1.1075325731016072,True,False,0.3725046522462821,0.15577673648071524
591,2021-04-09,2021-05-07,0.23769171376381157,0.16254689942231698,1.4622962025640307,0.17859014928856531,1.330934067252221,0.15801440364571864,1.5042408051403722,True,False,0.4161151541034532,0.2138414199323711
592,2021-04-12,2021-05-10,0.10453710391834664,0.12989336959326725,0.8047916860243273,0.08499312085102054,1.2299478225018188,0.18053201432739402,0.5790502272287787,True,False,0.5210734717936334,0.21102756998098054
593,2021-04-13,2021-05-11,0.10904478471095559,0.11999235126780408,0.908764463391377,0.0709311373188626,1.5373330928102502,0.14349028744724632,0.7599454057198506,True,False,0.5642003225946841,0.2145674114308519
594,2021-04-14,2021-05-12,0.15737802147111102,0.08382547314200961,1.877448651014415,0.038755873706815276,4.060752769029585,0.0805503426121834,1.9537846316659524,True,False,0.8087348846007263,0.26325430027355384
595,2021-04-15,2021-05-13,0.08078343253243253,0.07032189271222573,1.1487664711047805,0.04112841681239369,1.964175594235107,0.11150984271273955,0.72445113872628,True,False,0.966158800070788,0.26123487375418514
596,2021-04-16,2021-05-14,0.08467042322340795,0.0628815553445356,1.346506503528555,0.031016950013285242,2.7298113833610897,0.08139511544267498,1.0402396109756697,True,False,1.0816425254457713,0.2723601937546177
597,2021-04-19,2021-05-17,0.08367686986149593,0.06276078158649054,1.333266854654781,0.03138196569026405,2.6663998899041514,0.08127904078810078,1.0295011979736133,True,False,1.0837745003495294,0.2720398725401958
598,2021-04-20,2021-05-18,0.08053050577717875,0.06235165321236362,1.2915536578140077,0.032667601677648594,2.465149005177148,0.08051760376648257,1.0001602383838148,True,False,1.0910181733977444,0.2705949556799669
599,2021-04-21,2021-05-19,0.08078272040774222,0.06266840271442317,1.2890502535363013,0.0325699676249436,2.480282490237265,0.08127763444118996,0.9939108213858531,True,False,1.0854408511918938,0.2705559088084095
600,2021-04-22,2021-05-20,0.0781894213908087,0.06236552850725327,1.2537281934797533,0.0334225859634504,2.339418663663952,0.08029234645005433,0.9738091467964042,True,False,1.0908221455019937,0.27069263776531716
601,2021-04-23,2021-05-21,0.07403827232851874,0.06262200391459004,1.1823044249669703,0.03291259893354397,2.249541960451509,0.0802016846474093,0.9231510865889317,True,False,1.0864111141045385,0.27465740847766534
602,2021-04-26,2021-05-24,0.07322297827898623,0.06225404441498902,1.1761963253484011,0.032662978308934096,2.241772859364696,0.07904674715228505,0.9263250028229597,True,False,1.0929207909039609,0.2747405718019071
603,2021-04-27,2021-05-25,0.07404355523787498,0.062231278715103526,1.1898125310400318,0.03226589508678011,2.2947931566359028,0.0775782236288598,0.9544373636615483,True,False,1.093371158515378,0.27101169053816054
604,2021-04-28,2021-05-26,0.06937974278634038,0.06156201963245074,1.126989387296981,0.03172205083930581,2.187114040570608,0.07653234737482012,0.9065414189708623,True,False,1.105448820214178,0.26982230178869826
605,2021-04-29,2021-05-27,0.06815358579099565,0.06147831830136008,1.108579214169687,0.03114440045730605,2.188309448577224,0.07575116673347708,0.8997034465592753,True,False,1.1070168715532822,0.2696113033502503
606,2021-04-30,2021-05-28,0.06824754366599335,0.061515291810675554,1.1094402978049347,0.03128763747672624,2.181294248143864,0.0761949879791709,0.8956959699849272,True,False,1.106329065664025,0.2699389037287309
607,2021-05-03,2021-05-31,0.062165730084789025,0.06184723753585992,1.0051496649101659,0.03021844714909408,2.057211271580932,0.0805105971990468,0.7721434475401585,True,False,1.1002942751401827,0.2585091274674288
608,2021-05-04,2021-06-01,0.05644081805294284,0.06144375606758645,0.9185769501275196,0.03332477525198157,1.6936593758299012,0.08198280085209247,0.6884470579965832,True,False,1.1075868675258602,0.26122244101736414
609,2021-05-05,2021-06-02,0.04900610712300474,0.061848965250720186,0.7923512854959865,0.03404657025943434,1.4393845473884435,0.08693630304916283,0.5637013008856793,True,False,1.1002385094794662,0.2529323358917098
610,2021-05-06,2021-06-03,0.05594401451979394,0.06175837440028722,0.905853093819998,0.029572605572344455,1.8917512825488516,0.08004011494818794,0.698949702358723,True,False,1.102041444376095,0.28560658513875625
611,2021-05-07,2021-06-04,0.06106012361180958,0.06119357409121037,0.9978192076311496,0.02891029936634638,2.112054352605143,0.07784824845595636,0.784348072344301,True,False,1.1122761051654275,0.2908846288766931
612,2021-05-10,2021-06-07,0.04066262481292107,0.06200350980274275,0.6558116619895338,0.028294927975590717,1.4370994281377794,0.08000088206346899,0.5082772060020693,True,False,1.0978148237574619,0.24882318279086016
613,2021-05-11,2021-06-08,0.06576623886542654,0.06478710040530633,1.015113169967397,0.028809132688188903,2.2828260599594246,0.07377615953368787,0.8914294167805819,True,False,1.0499394298379772,0.2467244647675542
614,2021-05-12,2021-06-09,0.06528648922389647,0.06638950260156647,0.9833857261397231,0.030874662618499134,2.114565267663163,0.08102873406401043,0.8057202173777265,True,False,1.0243210080379934,0.24605226693843252
615,2021-05-13,2021-06-10,-0.0009028324345407468,0.08540314078583564,-0.010571419578171816,0.035759769586871465,-0.025247154692859233,0.08194638461222675,-0.011017355296551306,True,False,0.7946751962073112,0.20135452545587113
616,2021-05-14,2021-06-11,0.03885466571478666,0.10198832540464393,0.3809717000512438,0.04931730171298664,0.787850599388229,0.10218710514652408,0.38023061382425616,True,False,0.6647783307392073,0.23287804928958178
617,2021-05-17,2021-06-14,-0.05236836914157656,0.13378313816811743,-0.3914422240250359,0.08343871792747797,-0.6276267234486193,0.09769851241996955,-0.5360201280902255,True,False,0.5062928715273578,0.21628985669888412
618,2021-05-18,2021-06-15,-0.021695448305298747,0.13534660503986745,-0.1602954747103422,0.08182089857292005,-0.2651577858921145,0.10861100858228617,-0.19975367680028291,True,False,0.5004388527468692,0.229255357392177
619,2021-05-19,2021-06-16,-0.0049959113073349964,0.1403326449176452,-0.03560049274541122,0.07930210684311637,-0.06299846884545483,0.10698192292814324,-0.04669864936612338,True,False,0.4826154423418396,0.22863945058049098
620,2021-05-20,2021-06-17,-0.032665688391184534,0.14394997727763512,-0.22692388709574088,0.10528022264720113,-0.3102737396429029,0.13628567564901334,-0.23968541253969286,True,False,0.470288016072985,0.3634933185466744
621,2021-05-21,2021-06-18,0.027280881224554278,0.122026072817331,0.22356600187726156,0.07537354624330951,0.3619423867425615,0.1232076824957648,0.22142191681506584,True,False,0.5549575021912521,0.3701532367980415
622,2021-05-24,2021-06-21,0.05497495786752151,0.10779603324648658,0.5099905461438983,0.05746242420755708,0.9567114270875395,0.08855231251170911,0.6208189973610488,True,False,0.628559836395054,0.37420861379895964
623,2021-05-25,2021-06-22,0.0384676547251979,0.11019398871592695,0.3490903194761835,0.0611622074016154,0.628944839623004,0.09761891590722356,0.39405943374496527,True,False,0.6147940823759317,0.37120431747946986
624,2021-05-26,2021-06-23,0.052623029723733,0.11061710303185585,0.4757223637341005,0.05967196990049975,0.8818718371704415,0.0940371028644307,0.5595985852477546,True,False,0.6125229784482725,0.3898818054000636
625,2021-05-27,2021-06-24,0.05786370647330608,0.11398742181681991,0.5076323821613776,0.06386807184960193,0.9059879967813171,0.09911741817149392,0.5837894846412337,True,False,0.5943625872852228,0.39060370326680893
626,2021-05-28,2021-06-25,0.06430067116198344,0.11443577881441008,0.5618930707525059,0.06480738331820864,0.9921812588276061,0.09888558294866093,0.6502532446551571,True,False,0.5920788772316304,0.3993706228975187
627,2021-05-31,2021-06-28,0.06493844861231539,0.11437051511747753,0.5677901209556747,0.06581589301776676,0.9866681987401659,0.09823475487171983,0.6610537044360264,True,False,0.592390823582842,0.3979435575460123
628,2021-06-01,2021-06-29,0.06789871845749224,0.11419129630319597,0.5946050238120635,0.06787003912002008,1.000422562559916,0.09687751171996967,0.7008718251740157,True,False,0.5932779479824444,0.3991672429264579
629,2021-06-02,2021-06-30,0.09954802779436332,0.11700561109513428,0.8507970418053143,0.07991266976595043,1.2457101994705126,0.08433926419851408,1.1803283884484872,True,False,0.5787661234802992,0.3954603452645104
630,2021-06-03,2021-07-01,0.09786585252366027,0.11708340747234026,0.8358644033039443,0.08065219239242916,1.2134307775227566,0.08516166098756488,1.1491773573785795,True,False,0.5783548348425193,0.3957950592188245
631,2021-06-04,2021-07-02,0.08213323238302168,0.11790542695976164,0.6966026458735596,0.062427199508053186,1.3156642141607906,0.08845243049232919,0.9285582309707643,True,False,0.574516090954189,0.38600749528962713
632,2021-06-07,2021-07-05,0.03939314571680506,0.12303047630777364,0.3201901423047325,0.06997133127030934,0.5629897988452393,0.10610478606791186,0.37126643553658045,True,False,0.5504857296867914,0.37289126859949007
633,2021-06-08,2021-07-06,0.06150683600358544,0.11855728368330282,0.5187942410007141,0.0743089796766896,0.8277174073873048,0.08875587292555624,0.6929889141552823,True,False,0.5711433300506485,0.37168289593646914
634,2021-06-09,2021-07-07,0.06193444179921897,0.11942049296757828,0.5186249048229409,0.07274518714694218,0.8513888578513659,0.08892628598831112,0.6964694534455191,True,False,0.5669867965511927,0.3717306369489423
635,2021-06-10,2021-07-08,0.02310644648005761,0.1063475671266145,0.21727292033439474,0.0684157944780008,0.3377355573571177,0.09883259965830037,0.23379377411850805,True,False,0.6370091689662574,0.3707671360506969
636,2021-06-11,2021-07-09,0.04797023444713083,0.09964791028310578,0.4813972948438605,0.05183464544785285,0.9254473341655297,0.08777898353922967,0.5464888349463771,True,False,0.6800710632280934,0.3763543136080282
637,2021-06-14,2021-07-12,0.05887740536400047,0.09994530320180268,0.5890962704382342,0.04282668103251673,1.3747832879997637,0.08244902167271635,0.7141067797955922,True,False,0.6782035894931611,0.36660369977819723
638,2021-06-15,2021-07-13,0.07176428459251638,0.09949263204430261,0.7213025036925427,0.041739496707936995,1.7193375640025388,0.08217927605956815,0.873264988857989,True,False,0.6811756283691629,0.3653508041237768
639,2021-06-16,2021-07-14,0.06982704153940286,0.09922280136007841,0.703739872108643,0.04020504537834847,1.7367731060193419,0.07931468147433196,0.8803797763721775,True,False,0.6831639509497639,0.3627499003819497
640,2021-06-17,2021-07-15,0.09191741633317731,0.10028302137179491,0.9165800459122339,0.03705770709190329,2.480385958721668,0.07961270299804393,1.154557160751541,True,False,0.675751163015338,0.3572792120181141
641,2021-06-18,2021-07-16,0.10830726536554226,0.09788467008488555,1.1064783205747972,0.034344456596189066,3.1535588592646495,0.06537390241567158,1.6567355070358871,True,False,0.6925849674070691,0.2208518377527549
642,2021-06-21,2021-07-19,0.1059499384468786,0.0899133967485784,1.1783554206404037,0.02973605097787951,3.5630130754650033,0.05418578338980347,1.9553087880024258,True,False,0.7543105806394168,0.2239901717439937
643,2021-06-22,2021-07-20,0.06236978263647893,0.0901435882080459,0.6918937206330558,0.029522027434652744,2.1126524177424795,0.07985371669975262,0.78105046595373,True,False,0.7525084769335151,0.22160327509941743
644,2021-06-23,2021-07-21,0.08689068498240067,0.08842685121857319,0.9826278306305918,0.028754977478146697,3.0217615384479486,0.07860800978460711,1.1053668095718086,True,False,0.7671547810160401,0.23440228157901832
645,2021-06-24,2021-07-22,0.07822887661690826,0.0884951748110767,0.883990305504392,0.024290036891073914,3.2206158009441213,0.07570864154939522,1.0332886050513632,True,False,0.7665225901982333,0.2051507181126326
646,2021-06-25,2021-07-23,0.07786833144236488,0.08837576045208342,0.8811050795380077,0.02390274846961692,3.257714548657209,0.07529807656763651,1.034134402788093,True,False,0.767560433391255,0.20466524616772047
647,2021-06-28,2021-07-26,0.06851021285407591,0.08845554311598051,0.7745157673640325,0.02238651923457585,3.060333414775008,0.0756309840863745,0.9058484916159982,True,False,0.7668761185617972,0.19463227466016764
648,2021-06-29,2021-07-27,0.05835947475890797,0.08616098043786297,0.6773306717533848,0.024502541282327293,2.381772326652515,0.07344989193158379,0.7945481364801456,True,False,0.7874830955070358,0.1949913256237094
649,2021-06-30,2021-07-28,0.058191512588179166,0.0850452748762034,0.684241572184768,0.02461114062396303,2.364437856712747,0.07205653946236862,0.8075812830085959,True,False,0.7979199582862797,0.1922923012556807
650,2021-07-01,2021-07-29,0.07709120660615916,0.08471731641479276,0.9099816881439604,0.027463668214251894,2.8070251215077575,0.07663440960129198,1.0059607297458646,True,False,0.8010134734338533,0.23296637354209537
651,2021-07-02,2021-07-30,0.08290303994461473,0.0847354259573637,0.9783752073935289,0.02975724636617372,2.7859782092893517,0.0769802661099977,1.076938858929819,True,False,0.8008136730158204,0.23301203164134518
652,2021-07-05,2021-08-02,0.07691707570232567,0.08415198694486889,0.9140256635023594,0.02790391895489599,2.756497244227764,0.07617131394392312,1.009790585455196,True,False,0.8064322230824988,0.22964410452240044
653,2021-07-06,2021-08-03,0.06348991485474714,0.08231371681374587,0.7713163408524972,0.025750481375955588,2.465581669243302,0.07253333635252761,0.8753204808637577,True,False,0.8246196813379421,0.23140526590182986
654,2021-07-07,2021-08-04,0.049865518387558996,0.0834505765665473,0.5975455226219313,0.030121215059040085,1.6554949157867116,0.07648714278590653,0.6519464131002575,True,False,0.81335726401839,0.2175159916493893
655,2021-07-08,2021-08-05,0.05341521226327417,0.08309982691146202,0.6427836765554872,0.029479160084053452,1.811965202230058,0.0768347447577055,0.6951960656824767,True,False,0.8167913012986342,0.2164035836680107
656,2021-07-09,2021-08-06,0.05016287898035231,0.08864664779884203,0.5658745167012121,0.04099635316895076,1.2235936882879612,0.08405280064996343,0.5968019934190514,True,False,0.7653748444461969,0.24162912474972834
657,2021-07-12,2021-08-09,0.041569551258334635,0.0958897358148741,0.43351408683187237,0.047105781731277406,0.882472378772417,0.10441214612485547,0.3981294590825285,True,False,0.7072470876546623,0.2373206531129431
658,2021-07-13,2021-08-10,0.04141706872596895,0.0958877785082662,0.4319327172899152,0.04647376355663043,0.8911924827327646,0.10293746920040171,0.4023517291389492,True,False,0.7072502654791641,0.23635835605880237
659,2021-07-14,2021-08-11,0.040619191151151306,0.09635083917281648,0.4215758938881274,0.04469761993237629,0.9087551241566039,0.10987393731170834,0.36968904678382597,True,False,0.7038654169297288,0.23701424607109925
660,2021-07-15,2021-08-12,0.0374136592642236,0.0967825942306285,0.386574255026359,0.044551761938614765,0.8397795650769923,0.11117988301818557,0.33651464859073377,True,False,0.7007086649486959,0.23540933946196116
661,2021-07-16,2021-08-13,0.03581607698252088,0.09740670883794289,0.36769620295978445,0.04566295458898723,0.7843574141205226,0.11897184935942158,0.30104665242546763,True,False,0.6962098387664566,0.23827121310863225
662,2021-07-19,2021-08-16,0.04144680999021285,0.09955994379705393,0.4163000541131211,0.04706779179405901,0.8805768958008425,0.12313004063270044,0.33661005695474083,True,False,0.68106871745463,0.23905858075188802
663,2021-07-20,2021-08-17,0.00903689581760886,0.12383369790980274,0.07297606362519435,0.07826638850586425,0.11546330410955087,0.12395084296816815,0.0729070944675191,True,False,0.5471138458246457,0.234627329342196
664,2021-07-21,2021-08-18,0.04220564810412401,0.1104150117889647,0.38224556081913313,0.059236423084944353,0.7124948790983142,0.09282569624418503,0.45467634299341914,True,False,0.61383517155929,0.23172591730423725
665,2021-07-22,2021-08-19,0.00831937408227321,0.11763833217507207,0.0707199254567136,0.06262111350139705,0.13285254153277884,0.09343946854949946,0.08903490368062218,True,False,0.5760085399242619,0.23329033138122335
666,2021-07-23,2021-08-20,-0.06287281009502219,0.1007400346542088,-0.62410947455829,0.058630754250865766,-1.0723520599104996,0.09338484374354661,-0.6732656775406023,True,False,0.6729475609854234,0.24294697313288094
667,2021-07-26,2021-08-23,-0.02598823123345654,0.09850401470088335,-0.26382915774927784,0.04844611191877152,-0.5364358501468686,0.10791864656412031,-0.24081316863083085,True,False,0.6884095582183943,0.26917318493474174
668,2021-07-27,2021-08-24,-0.022646091328475754,0.09868286718509967,-0.22948351597849737,0.04919938259292911,-0.46029218528710625,0.1086523460310278,-0.20842708101313082,True,False,0.6871610316506759,0.27087609720668165
669,2021-07-28,2021-08-25,-0.015903925457761488,0.10298987367743069,-0.1544222251167465,0.05203110568785857,-0.30566187759243907,0.11637442918879068,-0.13666168391649883,True,False,0.6582919781813362,0.27117193877247026
670,2021-07-29,2021-08-26,-0.010287996300156388,0.09854880352487247,-0.1043949386717803,0.051229367612228204,-0.20082223887730938,0.11327991194405809,-0.09081924697502404,True,False,0.6880987617371928,0.27209460764464993
671,2021-07-30,2021-08-27,0.012831286441093834,0.09238304789408532,0.13889221814595853,0.0599737699763684,0.21394830516990637,0.10613533472967147,0.1208955196097072,True,False,0.7342404642719034,0.24905385229501437
672,2021-08-02,2021-08-30,0.010189053709975112,0.09276131283924881,0.10984162899496996,0.06005579467275281,0.1696597932888209,0.10543702548115516,0.09663639185075654,True,False,0.7312614217758203,0.2484675334234019
673,2021-08-03,2021-08-31,0.011576093494840586,0.09446425412178386,0.12254469801790442,0.05826868185808572,0.19866750243354295,0.10859855675917827,0.10659527935082089,True,False,0.7180145580820048,0.250480439792723
674,2021-08-04,2021-09-01,0.025244845448678613,0.09627339311291412,0.26222037711987806,0.06203631632599913,0.4069365646409056,0.12001712131723836,0.21034370072874453,True,False,0.7044605187227192,0.25360902252798295
675,2021-08-05,2021-09-02,0.023479388138309396,0.09610723512278824,0.2443040641873812,0.0620566859326299,0.37835388379906615,0.12054492344867357,0.19477707950353138,True,False,0.705687117501553,0.253752493739513
676,2021-08-06,2021-09-03,0.020374577858592417,0.09655923265604331,0.21100600427479932,0.06440452463675608,0.31635320613739165,0.12349314728001888,0.16498549358689,True,False,0.7023664968219482,0.25675620605487404
677,2021-08-09,2021-09-06,0.051339702075982,0.09800947074010188,0.5238238885313731,0.0696373691071994,0.7372435623888939,0.13837243961693896,0.3710254890215668,True,False,0.6918376217359639,0.23122005442601387
678,2021-08-10,2021-09-07,0.07385917679442343,0.09504968188512558,0.777058642696854,0.07836750331678273,0.9424719898994942,0.1395512066455401,0.5292621867614922,True,False,0.7134600268619068,0.24630453442086686
679,2021-08-11,2021-09-08,0.0708949805319533,0.09498878907965955,0.7463510296199198,0.07617046841928672,0.9307410339359599,0.13695224847314488,0.5176620414951068,True,False,0.713942231929772,0.2517158469481705
680,2021-08-12,2021-09-09,0.058557427192819096,0.09512405019588162,0.6155901380590535,0.07337900026660667,0.7980134231873343,0.13781083904213726,0.42491162233555874,True,False,0.7129530649965921,0.2509509440817704
681,2021-08-13,2021-09-10,0.04304445083004539,0.09160924407527768,0.46987016719267605,0.06913120140493988,0.6226486731788461,0.12933633519738413,0.33281019416820445,True,False,0.7404824828164366,0.2515414902219676
682,2021-08-16,2021-09-13,0.02715840027088309,0.08870904790600097,0.30615141196939716,0.06397542933875375,0.4245129818055261,0.11221681215294693,0.24201721426435907,True,False,0.7648840737774144,0.2492312164154317
683,2021-08-17,2021-09-14,0.02557980403073644,0.08892319489891488,0.287661774408969,0.06321181882880274,0.40466805899090647,0.11184367922537401,0.22871032326459034,True,False,0.7630284462008746,0.2482741683109142
684,2021-08-18,2021-09-15,-0.0020981106445979903,0.08986623689649664,-0.02334704019057221,0.06294608764650066,-0.033331867365304475,0.10163715235030207,-0.020643146684852533,True,False,0.7549603658480301,0.23059007991900118
685,2021-08-19,2021-09-16,0.011728753718331047,0.10582517756833808,0.11083141070807126,0.07762150642694751,0.15110185640843513,0.14447974352069265,0.08117922576912129,True,False,0.640588903953636,0.2399325400219338
686,2021-08-20,2021-09-17,0.031122485541626072,0.09917145300631182,0.3138250433786149,0.07773425826075862,0.4003702645135697,0.13475047990262584,0.23096381967705035,True,False,0.6837488017959027,0.2326604304087309
687,2021-08-23,2021-09-20,0.11898549941024913,0.08695657311662863,1.3683324347506471,0.054552877583055194,2.1811039982097573,0.05605318396555492,2.122725079869978,True,False,0.7799888164795572,0.2297068367481546
688,2021-08-24,2021-09-21,0.09263495188321672,0.08715147595712092,1.0629189106194106,0.0455005762451506,2.0359072242099274,0.046821940176793704,1.9784518013016739,True,False,0.7784243396937108,0.20474962380991457
689,2021-08-25,2021-09-22,0.07820940917807184,0.0773158736602258,1.0115569478238426,0.03437271651928091,2.275333959543213,0.038781423996273934,2.0166719299834397,True,False,0.8782528596036342,0.2019107427374397
690,2021-08-26,2021-09-23,0.07352726602861351,0.07438263524635755,0.9885004179414856,0.031490046634254185,2.3349367145310023,0.0359996987925007,2.042441145200092,True,False,0.9132001750711934,0.202791226630482
691,2021-08-27,2021-09-24,0.06531923459644684,0.07618488052710466,0.8573779225552227,0.032345114716628154,2.0194466820940713,0.03850689904175391,1.6962995261088072,True,False,0.8914704875785711,0.2063086708754265
692,2021-08-30,2021-09-27,0.04191520318120074,0.07928630665988082,0.5286562705084357,0.03040488161382966,1.3785682086700055,0.03435147998570254,1.220186239388996,True,False,0.8564120855762797,0.18573630353141704
693,2021-08-31,2021-09-28,0.06297409500251952,0.06987888908256837,0.9011891263484427,0.024899982716294643,2.529081876081345,0.033140658590306266,1.900206504071697,True,False,0.9726240483719899,0.20583733417929276
694,2021-09-01,2021-09-29,0.0523843421363935,0.06944378619998211,0.754341676957801,0.023281291781158085,2.250061664481563,0.03388827500009801,1.5457954745776232,True,False,0.9787023732798702,0.2165912525437764
695,2021-09-02,2021-09-30,0.04718602099993471,0.0696101497870838,0.6778612191506891,0.02303402690860133,2.0485354639537467,0.0341680932999626,1.380996609488489,True,False,0.9763270012836778,0.20952815107571363
696,2021-09-03,2021-10-01,0.05704447164805498,0.06750996626721624,0.8449785239450868,0.02240342003669878,2.5462394382023414,0.03288818193903506,1.7344975697896137,True,False,1.0069875319116508,0.21737580615740046
697,2021-09-06,2021-10-04,0.046291599409871195,0.06663530242037626,0.6947008226635705,0.02183688897422079,2.1198806965827433,0.03456297366885781,1.3393407596633156,True,False,1.0203911552000031,0.21120254967215019
698,2021-09-07,2021-10-05,0.041255890966638294,0.06530816200134537,0.63171110168111,0.023471664223274295,1.7576892108796154,0.034575060518644306,1.1932268620149316,True,False,1.0413370886817488,0.2105502536604959
699,2021-09-08,2021-10-06,0.03001002449065468,0.06608179511569892,0.45413452280029326,0.030424119814777734,0.9863892422642275,0.03719887980376561,0.8067453818224062,True,False,1.0290627227577107,0.20568165262229293
700,2021-09-09,2021-10-07,0.037483176469992885,0.06524204914742794,0.5745248188831695,0.02687668916787906,1.3946351887266635,0.03609497911369478,1.03845956945772,True,False,1.0425606624195947,0.2100991459428261
701,2021-09-10,2021-10-08,0.04113904159285658,0.06523239705981787,0.6306535317893075,0.02369807257173422,1.7359657190823612,0.03484858168137959,1.1805083480581975,True,False,1.0425953696025914,0.20398998568231297
702,2021-09-13,2021-10-11,0.05074763452597954,0.06635874013240593,0.7647468053902549,0.01751432148280171,2.89749360692114,0.03150470094997163,1.6107956271848132,True,False,1.0246008882677136,0.20154071856793518
703,2021-09-14,2021-10-12,0.05413191179649251,0.06727685615067962,0.8046141703657131,0.017179965885854742,3.1508742308424744,0.03155489700783971,1.7154837102793778,True,False,1.010442470679529,0.20205170333738348
704,2021-09-15,2021-10-13,0.06136177516100779,0.06673310688025243,0.9195102405634569,0.01716997416276631,3.5737837797142964,0.031232339047666695,1.9646871490270916,True,False,1.0187863463506324,0.21293578166303323
705,2021-09-16,2021-10-14,0.06857952991684435,0.06618546626468895,1.0361720448199467,0.019912604230501528,3.444026161670822,0.03118409618478599,2.1991828626510825,True,False,1.027315701980705,0.22172818327931346
706,2021-09-17,2021-10-15,0.06690924948212278,0.06624200397768201,1.0100728459945985,0.01959801794581583,3.41408246829409,0.031102313316151466,2.1512627952139085,True,False,1.0265370593647365,0.2171462750074512
707,2021-09-20,2021-10-18,0.06104406532735595,0.06823848522415976,0.8945694665822296,0.019492262467837695,3.1317075392391662,0.03403876692152818,1.7933688804910257,True,False,0.9962828861075789,0.21216384204552144
708,2021-09-21,2021-10-19,0.06590976968591748,0.08299814541442965,0.7941113546190001,0.0252264886965271,2.612720719034956,0.060019988307965115,1.0981303319776012,True,False,0.8177673424595346,0.21241455613543192
709,2021-09-22,2021-10-20,0.06344378445841266,0.08355261995270313,0.759327289728634,0.026328715545073357,2.4096801968861823,0.0626146015572607,1.0132426443757478,True,False,0.812313189440014,0.2127286783617848
710,2021-09-23,2021-10-21,0.06622235877474285,0.09198465542515341,0.7199283235737838,0.032373781458645196,2.0455552546228306,0.07779768582837117,0.8512124502113784,True,False,0.7374043110587484,0.21077068890684783
711,2021-09-24,2021-10-22,0.06885010617257492,0.09588601809563278,0.7180411444753775,0.037365737512046075,1.8425999527074455,0.08340843173955231,0.8254573876603194,True,False,0.7072359651564594,0.20980272075112752
712,2021-09-27,2021-10-25,0.07872055531867825,0.09650855544266196,0.8156847334166971,0.040530722069471836,1.942244087922909,0.07980742048288465,0.9863814021599722,True,False,0.70262716142103,0.20451314808586013
713,2021-09-28,2021-10-26,0.08395280879089921,0.09713278667518152,0.8643096905233757,0.04193107882130592,2.0021619083227904,0.07517764322029205,1.1167257338048415,True,False,0.6980738948509778,0.2050236954749686
714,2021-09-29,2021-10-27,0.01111389164699388,0.13726166097070777,0.08096865190466865,0.0596614007695699,0.18628278088741226,0.07221584907348774,0.15389823410764367,True,False,0.49343905009371203,0.17796125410015165
715,2021-09-30,2021-10-28,0.03127738186013267,0.13768961021012116,0.2271586201195707,0.05428696946131713,0.5761489759051621,0.06392417575966511,0.4892887782820359,True,False,0.49184594504331886,0.15025972160182635
716,2021-10-01,2021-10-29,0.039620319963186,0.14041528562808828,0.2821652912356464,0.05721130039848265,0.6925261213645968,0.07911963786346188,0.5007646778105768,True,False,0.4823251110966636,0.20878782143576025
717,2021-10-04,2021-11-01,0.015611911419142284,0.15136138182857237,0.10314329342489681,0.08355849710224543,0.18683810696162884,0.08748781297671725,0.1784466988939021,True,False,0.4473792027697571,0.20399185414121737
718,2021-10-05,2021-11-02,0.07157919754632008,0.17546876193148717,0.40793128508120785,0.06943346676319329,1.0309034084448776,0.09068184149674467,0.7893443313994639,True,False,0.38579238266254184,0.20364463187105342
719,2021-10-06,2021-11-03,0.10114355515125466,0.1863626634188543,0.5427243488355402,0.06756421270829507,1.496998945106289,0.09147494627863827,1.105696797494313,True,False,0.36319706528431095,0.2033811129413439
720,2021-10-07,2021-11-04,0.0973916314718392,0.18324727471867155,0.5314765615006208,0.06105231496154588,1.5952160296162696,0.0784805333145833,1.2409654644095267,True,False,0.3693820417569043,0.19071992318663225
721,2021-10-08,2021-11-05,0.008185602088371723,0.18344764465912386,0.04462091679390013,0.11438342004681407,0.07156283738518726,0.11287527207488188,0.07251900206221752,True,False,0.3690015633447065,0.19388186219799353
722,2021-10-11,2021-11-08,-0.009626760992213237,0.18120971466278607,-0.053124971859967424,0.1320290353669137,-0.07291396900280384,0.11253199549004744,-0.08554687891466962,True,False,0.3735490977309475,0.1971320845588356
723,2021-10-12,2021-11-09,-0.014587698236147383,0.19223594437316083,-0.07588434246110769,0.14821379222765504,-0.09842335194919519,0.1274502327104533,-0.11445799608140628,True,False,0.3520917686931202,0.19705247552678926
724,2021-10-13,2021-11-10,0.05092561922345969,0.18326913549177554,0.2778734077989092,0.12787974459929546,0.39823053590724994,0.12835280939745014,0.3967627936040438,True,False,0.3693459892204677,0.21040222177474666
725,2021-10-14,2021-11-11,0.0018901357669262,0.18574192602839362,0.010176139589708264,0.1188228353358425,0.01590717610452481,0.1365164007019278,0.013845484917619196,True,False,0.3644382951858582,0.2041655132539002
726,2021-10-15,2021-11-12,-0.16141484967785708,0.19706341328459198,-0.8191010547693471,0.09462994198005341,-1.7057481627948259,0.1541091350260556,-1.0474061102903878,True,False,0.34341428208870356,0.21007777427672047
727,2021-10-18,2021-11-15,-0.17566591647716676,0.19966491306808123,-0.8798036358910423,0.09148289883215051,-1.9202049642028964,0.15563970339822808,-1.1286703369492972,True,False,0.338920806436681,0.2086983828409057
728,2021-10-19,2021-11-16,-0.187177258432966,0.19947560264218459,-0.9383466246181539,0.09420404746626732,-1.9869343565093702,0.1524404951577837,-1.2278709685325278,True,False,0.33919655960594347,0.22941374401569473
729,2021-10-20,2021-11-17,-0.25581959819524075,0.19860394621957367,-1.2880891999618693,0.06906767016270948,-3.703897895970451,0.13620618762240214,-1.87817897748109,True,False,0.3406024964679534,0.21786405479217502
730,2021-10-21,2021-11-18,-0.2676943974266294,0.19787415252229607,-1.3528517697452482,0.06578190584660337,-4.069422951211921,0.13517498307332984,-1.9803545844086428,True,False,0.34182961199400513,0.2140463171867876
731,2021-10-22,2021-11-19,-0.26762844744982867,0.20113326872357082,-1.3306025857793127,0.0655030634630966,-4.085739403632722,0.14181457983602813,-1.8871715994171525,True,False,0.3362880361865736,0.21442754128707084
732,2021-10-25,2021-11-22,-0.1811921202413776,0.19012613515497206,-0.9530100640487309,0.08966381869544442,-2.0207941494977115,0.1575650296032549,-1.1499513610197336,True,False,0.3558188872127078,0.22442162089439857
733,2021-10-26,2021-11-23,-0.19268649891343548,0.19135757944411136,-1.0069446920952103,0.08387093899411864,-2.297416736051416,0.1580090884241054,-1.2194646576040862,True,False,0.3534549991385203,0.22749402051094617
734,2021-10-27,2021-11-24,-0.2024489733492354,0.18624365550466657,-1.0870113819483251,0.08224763660586543,-2.4614564223818425,0.15172134119534772,-1.3343473749587653,True,False,0.3631153727257509,0.22885783169285176
735,2021-10-28,2021-11-25,-0.18349230660564872,0.1932866522507924,-0.949327356384468,0.0971470739639357,-1.8888094012359786,0.16559198280430704,-1.1080989761593465,True,False,0.34987601058363604,0.22753310398896126
736,2021-10-29,2021-11-26,-0.06197751313212769,0.06136320479746565,-1.0100110210457491,0.020688174078375535,-2.9957942589486493,0.1570525769994217,-0.3946290746464854,True,False,1.1084836125894582,0.21963948290688387
737,2021-11-01,2021-11-29,-0.052380604667935725,0.05288421275787362,-0.9904771563444912,0.015566936450271608,-3.364862754805028,0.03239489719342545,-1.6169399876523263,True,False,1.2894897386490562,0.18975039325735948
738,2021-11-02,2021-11-30,-0.0748025779892946,0.0504030748414328,-1.484087592366581,0.021821265736770557,-3.427966960837031,0.0665334944352476,-1.124284522017624,True,False,1.3540946186031175,0.21093740306342845
739,2021-11-03,2021-12-01,-0.08895277939237137,0.048881619078762845,-1.8197592687967628,0.028124801186196577,-3.1627878470489836,0.07468633575249656,-1.1910181226074934,True,False,1.396946784205515,0.2248783528263596
740,2021-11-04,2021-12-02,-0.0893466622317826,0.04720899059768693,-1.892577263368988,0.02694966827523884,-3.315315844309433,0.06727785887070757,-1.3280247577956688,True,False,1.4474086635494434,0.22509073287623108
741,2021-11-05,2021-12-03,-0.08627613854524925,0.046685809463140986,-1.8480163359567603,0.02372463209940369,-3.636563811980788,0.05793244576855254,-1.4892542063549907,True,False,1.4640267274280658,0.22593957436727186
742,2021-11-08,2021-12-06,-0.07630743130453418,0.044726078685916756,-1.7061060022809844,0.019620194344856328,-3.889229126037638,0.04526302231346497,-1.685866904248549,True,False,1.5298137650640014,0.21636370978408717
743,2021-11-09,2021-12-07,-0.05603914107648961,0.041610130310307705,-1.3467667767098421,0.02673711691048134,-2.0959305845919927,0.03569533100764287,-1.569929161449458,True,False,1.6480718845211628,0.21931245420154866
744,2021-11-10,2021-12-08,-0.0473436505561401,0.04123257921424445,-1.1482097763068018,0.03208779278003039,-1.4754411710612916,0.03378880452028583,-1.4011638241807678,True,False,1.6640000684840293,0.2380413733612356
745,2021-11-11,2021-12-09,-0.04636512607201565,0.04108607134967131,-1.1284876978724951,0.03365729223290465,-1.377565543632394,0.03330062621177493,-1.392319945491631,True,False,1.6701830501321693,0.23554709083717157
746,2021-11-12,2021-12-10,-0.041371602042269015,0.040469431676798576,-1.0222926373830858,0.036006780352764285,-1.1489947625681802,0.03198902178615376,-1.2933062573415872,True,False,1.6966201976430217,0.24120244371177316
747,2021-11-15,2021-12-13,-0.03563823608413694,0.04047217174698315,-0.8805614956107083,0.037409211742446435,-0.9526593698230733,0.030855602212923956,-1.1550005032541468,True,False,1.6967192160520115,0.2371780922039179
748,2021-11-16,2021-12-14,-0.03252874225821113,0.04032375680251987,-0.8066892779240842,0.039802114115312794,-0.8172616701708458,0.03126948157343125,-1.0402712364073807,True,False,1.7030960190330415,0.24537065553580578
749,2021-11-17,2021-12-15,-0.03470345507095725,0.039725922830322384,-0.8735720305147565,0.03673838517571831,-0.9446102463396779,0.030171994679581753,-1.1501876305991152,True,False,1.7296600567599612,0.22798571239042717
750,2021-11-18,2021-12-16,-0.040288033311270274,0.039657423650789086,-1.0159014278394416,0.03366140356569087,-1.1968613617862789,0.03087409277337597,-1.3049139162402317,True,False,1.7328182125309113,0.2686638258469158
751,2021-11-19,2021-12-17,-0.04010579684887326,0.03961338796508411,-1.0124303653154627,0.03363752822001219,-1.1922932204338625,0.030689029982225714,-1.3068447217817407,True,False,1.7348100795446726,0.2687858715533113
752,2021-11-22,2021-12-20,-0.03888416355971898,0.039526241392309605,-0.9837556567492007,0.03367474395797012,-1.1546981205930118,0.030250060278441585,-1.2854243331022612,True,False,1.7387858049195777,0.270149587679163
753,2021-11-23,2021-12-21,-0.04332115912326288,0.03931136450305588,-1.1020009015432495,0.031836785276224175,-1.3607265541227642,0.031230921358603482,-1.387123954040145,True,False,1.748538083541828,0.259167052194498
754,2021-11-24,2021-12-22,-0.03817604223206973,0.03889918032604169,-0.9814099400575841,0.030486977811902856,-1.2522081548261854,0.031130771037137232,-1.2263121329866162,True,False,1.767848425065053,0.259468394977562
755,2021-11-25,2021-12-23,-0.03580366092818126,0.03891149096512398,-0.9201307901635474,0.02960996120164338,-1.2091762189203452,0.03132670220005258,-1.1429119062561641,True,False,1.7672388779417574,0.256350921184455
756,2021-11-26,2021-12-24,-0.03580366092818126,0.03891149096512398,-0.9201307901635474,0.029612544822319516,-1.2090707213111718,0.03132670220005258,-1.1429119062561641,True,False,1.7672388779417574,0.256350921184455
757,2021-11-29,2021-12-27,-0.0497092727234239,0.0499772819364447,-0.9946373791723684,0.05294199131648248,-0.9389384775171438,0.04672352488693536,-1.0639024526448646,True,False,1.3666105536849655,0.2506119923199488
758,2021-11-30,2021-12-28,-0.037789121030291084,0.054934463682494473,-0.6878946019879509,0.054786154740126186,-0.6897567681021018,0.052869260438290516,-0.7147654557112425,True,False,1.241207155208594,0.24949148796244452
759,2021-12-01,2021-12-29,-0.008266538195568836,0.059938104005984566,-0.13791791269779666,0.04859141580623315,-0.17012342732578767,0.05709492215726548,-0.14478587382602986,True,False,1.1362944941310806,0.2415013811929052
760,2021-12-02,2021-12-30,0.027848785871367424,0.06598628689834254,0.42203898992332806,0.03825330440343865,0.7280099407272134,0.04949431053989864,0.5626664068573659,True,False,1.0308714823150371,0.23544209655427598
761,2021-12-03,2021-12-31,0.04409193894643345,0.06845686391348302,0.6440835356138664,0.035999074612644844,1.2248075657740922,0.048483961959914855,0.9094128689995962,True,False,0.9931897041576476,0.23346716381269966
762,2021-12-06,2022-01-03,0.039018450238544895,0.07339146612472416,0.5316483277801741,0.04266093201314071,0.9146178575406221,0.057623560170540794,0.6771266843469438,True,False,0.9258093982277428,0.2303702693779021
763,2021-12-07,2022-01-04,0.04595538207579914,0.07756855413865997,0.5924486099566872,0.04656263517756764,0.9869583605083191,0.060896511274624705,0.7546472057907287,True,False,0.875504338106839,0.23050992802238784
764,2021-12-08,2022-01-05,0.016776734154613074,0.088576089865923,0.18940477255214017,0.06986809002222195,0.24012011991850837,0.08303660658504347,0.20204021870078315,True,False,0.7660198653502421,0.2265017509390219
765,2021-12-09,2022-01-06,-0.007279523660903786,0.09207801182427579,-0.07905821940200261,0.06294319686378133,-0.11565227099376259,0.08382217409013457,-0.08684484433768162,True,False,0.7367520833090949,0.2202690049889992
766,2021-12-10,2022-01-07,-0.018820999808391668,0.09463979173356278,-0.19886983544277015,0.05106424811816237,-0.3685748934330725,0.08675764884349273,-0.21693764249356257,True,False,0.7166623790079374,0.21951859804997545
767,2021-12-13,2022-01-10,-0.028032813109952946,0.10410474017259828,-0.2692750883723117,0.05722314939609852,-0.489885883699093,0.10170024667780707,-0.2756415448898831,True,False,0.6512088437470082,0.2202957983445996
768,2021-12-14,2022-01-11,-0.03417667843188928,0.10678073658709311,-0.3200640820080306,0.0601523828144471,-0.5681683223973781,0.10636244224857051,-0.3213228063343817,True,False,0.6347645262301375,0.22345486876373633
769,2021-12-15,2022-01-12,-0.062272857960383024,0.11099058823514044,-0.5610643114031806,0.08300686473424371,-0.7502133487363598,0.10068480788598301,-0.6184930901482352,True,False,0.6104241376695645,0.21960231689315127
770,2021-12-16,2022-01-13,-0.03627623589119386,0.10877306600567732,-0.3335038463409724,0.04986639011980468,-0.7274686578282429,0.08317740522012981,-0.43613089149858003,True,False,0.6228125151074215,0.21341938134685376
771,2021-12-17,2022-01-14,-0.00990601859177363,0.10952295288961163,-0.09044696413324357,0.05213359151042981,-0.19001220335629165,0.08646740512044371,-0.11456361594262211,True,False,0.6187721566163404,0.18555737815813803
772,2021-12-20,2022-01-17,-0.016423011427321485,0.11155884050273308,-0.1472138949572458,0.050571148503419434,-0.3247506120255707,0.08770895369775042,-0.1872444116015342,True,False,0.6074264411852177,0.1839549745924404
773,2021-12-21,2022-01-18,0.019773505050521407,0.09541465666639143,0.20723760626899962,0.04034553486624567,0.49010392639668626,0.08912834014758729,0.22185429480430727,True,False,0.7107219315129624,0.19374159936374524
774,2021-12-22,2022-01-19,0.03676960231946139,0.09856952509863554,0.373032154539318,0.043987035885419586,0.8359190743209283,0.08775239621247061,0.41901536489593905,True,False,0.6877745903371735,0.19144999879228322
775,2021-12-23,2022-01-20,0.004650088844251212,0.10467948973724123,0.04442215811257318,0.04612730534963,0.10080989576575193,0.10042524770532885,0.04630398182233674,True,False,0.6474833887590181,0.18355323739264784
776,2021-12-24,2022-01-21,0.010564333084388125,0.09590747290559047,0.11015130275393095,0.04261899108931933,0.24787853523439304,0.07830047356231888,0.13492042389730932,True,False,0.7070513855950353,0.1850490251583099
777,2021-12-27,2022-01-24,0.024748643201979205,0.09596129651863268,0.257902342921907,0.04335368949421328,0.5708543722739579,0.07728025191214628,0.3202453743307404,True,False,0.7067258901118432,0.22089799120514428
778,2021-12-28,2022-01-25,0.022927319443149477,0.09636393937049,0.23792426495767174,0.043905058122946115,0.5222022341696199,0.07783239275524673,0.29457297445868297,True,False,0.7037566834998148,0.22072902961111418
779,2021-12-29,2022-01-26,0.022668742487699282,0.09708891842341741,0.2334843446173532,0.0450023496810298,0.5037235310683126,0.07910601110955258,0.2865615668107159,True,False,0.698468344240516,0.22091930872878496
780,2021-12-30,2022-01-27,-0.06172618389884454,0.09377861544359539,-0.658211721370217,0.09217421133234655,-0.6696686959032658,0.11994116047718627,-0.5146372075546604,True,False,0.7232378223255119,0.2786152290770828
781,2021-12-31,2022-01-28,-0.06570963526483577,0.08360906839243323,-0.7859151707852614,0.06982984981586575,-0.9409963710090373,0.08915623619307542,-0.7370167031561983,True,False,0.8117402587641339,0.27774132047703987
782,2022-01-03,2022-01-31,-0.02170624239659535,0.07687333053779503,-0.2823637566467008,0.045587067386985924,-0.47614912826772426,0.08556253235955952,-0.2536886391508281,True,False,0.8835710787915253,0.29388344454372
783,2022-01-04,2022-02-01,-0.008621612119742574,0.07205086439234828,-0.11966007892416318,0.03850165599797537,-0.22392834532093753,0.07191645447077193,-0.11988372039734724,True,False,0.943265578358145,0.29557271720981554
784,2022-01-05,2022-02-02,-0.007894068220694543,0.07204516987991727,-0.10957109593678716,0.03859927947141268,-0.20451335695374914,0.07165836589993739,-0.11016254866483692,True,False,0.9433352695502609,0.29779703078464975
785,2022-01-06,2022-02-03,-0.007416590568856172,0.07329963174252249,-0.10118182578199324,0.03999244198873575,-0.18544980501428557,0.07355305734400377,-0.10083320580637686,True,False,0.9270372018795278,0.29968531993929415
786,2022-01-07,2022-02-04,-0.014269235448274806,0.0724861208945578,-0.19685472573475962,0.04003501683109313,-0.3564188697228829,0.07218725724977333,-0.1976697272054842,True,False,0.9375314736859602,0.2984580503591321
787,2022-01-10,2022-02-07,-0.021073855373971072,0.07286164314325529,-0.28923112991752303,0.03673392863565448,-0.5736891249229598,0.07349078124832467,-0.28675508704639713,True,False,0.932655701618917,0.29144495764613887
788,2022-01-11,2022-02-08,-0.02750527544023656,0.07180255555586589,-0.3830681962125445,0.036209906931498094,-0.7596063555830465,0.07060181630187784,-0.3895831138767033,True,False,0.9465267320291164,0.28978271800229694
789,2022-01-12,2022-02-09,-0.02815480709197881,0.07120427338742945,-0.39540895163392425,0.032124602610792044,-0.8764250700029015,0.0690231738781185,-0.40790368669071525,True,False,0.9545585969568665,0.2845729499434861
790,2022-01-13,2022-02-10,-0.06346224459499497,0.06584048698240086,-0.9638787242256943,0.036542410643963186,-1.7366737299658404,0.06895728264733779,-0.9203124334169951,True,False,1.0329755774925338,0.27383461321013775
791,2022-01-14,2022-02-11,-0.03823311278486637,0.06439372602248149,-0.5937397188589183,0.030629271820361285,-1.2482540560905635,0.06673223763663177,-0.5729331750128339,True,False,1.0565996881838893,0.27605692090870365
792,2022-01-17,2022-02-14,-0.029025658599298586,0.06505321260748437,-0.4461833234037574,0.03274431198047021,-0.8864336076632316,0.06854100674143777,-0.4234787316269542,True,False,1.0457970421799427,0.28092325270324287
793,2022-01-18,2022-02-15,-0.016318106123672398,0.062182991723611435,-0.2624207306750773,0.03261391080183899,-0.5003419008171285,0.06220584925676193,-0.2623243042035726,True,False,1.0947299263981518,0.28672430975506236
794,2022-01-19,2022-02-16,-0.026819212467005134,0.06511897799526853,-0.41184940692640765,0.03410855289871665,-0.7862899533335002,0.06341683123686828,-0.42290369833889463,True,False,1.044758139496244,0.2831325096617934
795,2022-01-20,2022-02-17,-0.030025426374769345,0.06110650117029363,-0.49136222496348614,0.02904106069537514,-1.0338956517366795,0.056541975243014804,-0.5310289611518071,True,False,1.1142312778101453,0.28206345249862597
796,2022-01-21,2022-02-18,-0.02593325639823346,0.06176420881911128,-0.4198751492823965,0.02870556829593246,-0.9034225043337033,0.05798673792001907,-0.44722737178289146,True,False,1.1022213054872052,0.28127709065360385
797,2022-01-24,2022-02-21,-0.03039827515992508,0.06512046303487448,-0.46680066054883007,0.03148574858085362,-0.9654614080990969,0.06359550994115047,-0.47799404687618363,True,False,1.0447170502478809,0.2800327238729694
798,2022-01-25,2022-02-22,-0.04529149992219774,0.06510713393152566,-0.6956457332284297,0.03659831907950902,-1.237529511227086,0.05935491570710417,-0.7630623240321917,True,False,1.044842087766749,0.2552784579551141
799,2022-01-26,2022-02-23,-0.045983813581227544,0.06397153889850962,-0.7188167484008869,0.03557603262201041,-1.2925503546108732,0.05748616629993486,-0.7999109445097864,True,False,1.0636016139648155,0.255270653633763
841,2022-03-25,2022-04-22,0.1265629258807797,0.07621514540806003,1.6606007271016137,0.049722306979962536,2.5453952877082506,0.07150509350910883,1.7699847615003426,True,False,0.890353557972406,0.3026131006814946
842,2022-03-28,2022-04-25,0.09662229865061812,0.07572275902821952,1.2760007676768617,0.04006491734331215,2.4116435289925,0.0828990165429969,1.165542158157008,True,False,0.8961450108569972,0.31175739773146066
843,2022-03-29,2022-04-26,0.07324887901784304,0.06213136247900815,1.178935663009017,0.03536225575448166,2.0713859298571413,0.06978647592745331,1.0496142417907601,True,False,1.0947313121917808,0.3097766182213986
844,2022-03-30,2022-04-27,0.034855395702771984,0.060747438261535114,0.5737755648676003,0.04005964960949235,0.8700873832534175,0.06588517328618845,0.5290324660962642,True,False,1.1195647269049929,0.27848905636326987
845,2022-03-31,2022-04-28,0.016438230341865184,0.05941996598958285,0.27664489651082996,0.047676769828601674,0.3447849005073275,0.06430292396086307,0.2556373696454308,True,False,1.1439426332213054,0.25401410866571944
846,2022-04-01,2022-04-29,-0.021360817658787223,0.0575289350274455,-0.37130563339294487,0.06965863896871084,-0.3066499428503339,0.07580265226619756,-0.2817951222046169,True,False,1.1828666114157707,0.2941957125374044
847,2022-04-04,2022-05-02,-0.024539520196186992,0.05742357107589822,-0.42734228708542826,0.0731915654669232,-0.3352779796365596,0.07592991831874892,-0.3231864427032789,True,False,1.1849439704767029,0.29588225195513274
848,2022-04-05,2022-05-03,-0.014840897893722489,0.05504683366790094,-0.2696049328333403,0.06104778870370224,-0.24310295604241047,0.0706278721656683,-0.2101280618919246,True,False,1.2370026317491798,0.3000264411001954
849,2022-04-06,2022-05-04,-0.005389994641279978,0.05250885424589967,-0.10264925256297845,0.05497289921397352,-0.09804821499954472,0.06682713848975627,-0.08065577493051261,True,False,1.2981199498358766,0.3057421659329298
850,2022-04-07,2022-05-05,-0.0013252647334834361,0.047928625163475826,-0.02765079801398849,0.04648982675970904,-0.028506553494666766,0.0526836847628064,-0.025155126097388042,True,False,1.4248179008207824,0.3090641526265075
851,2022-04-08,2022-05-06,0.004805087145545855,0.0477940819807594,0.10053728299416344,0.04762603176560559,0.10089203251688873,0.05223230202476442,0.09199455048463427,True,False,1.429390946328454,0.3133423430563362
852,2022-04-11,2022-05-09,0.015612373659416858,0.04583288224837219,0.3406369596136702,0.04841098879094515,0.32249648373918394,0.04724891678667725,0.33042818166403065,True,False,1.4916059729808373,0.3239202154615994
853,2022-04-12,2022-05-10,0.0165197795948605,0.04605472435749172,0.35869891363649486,0.04774958252220302,0.3459669953591529,0.04868565983255325,0.3393151012367443,True,False,1.4838726021796742,0.32392822296068885
854,2022-04-13,2022-05-11,0.019111633604119257,0.0460094296753195,0.4153851447189568,0.04843418556577975,0.3945897588834903,0.04873695221089927,0.3921384644944054,True,False,1.4855837489084427,0.3348569941610192
855,2022-04-14,2022-05-12,0.005262799993388159,0.0468117124084198,0.11242485528988178,0.04785042792977567,0.10998438720572655,0.05126559439947879,0.10265754362231028,True,False,1.4584767439940527,0.35173436366648875
856,2022-04-15,2022-05-13,0.019689356514239923,0.0455580645520862,0.4321815842665842,0.04788648049025358,0.4111673339252262,0.05094720507988513,0.3864658813641896,True,False,1.500495738231816,0.36855287226168854
857,2022-04-18,2022-05-16,0.02316410981386661,0.04524880762385342,0.5119275187630665,0.04825111867191561,0.48007404701580936,0.05045345027947354,0.4591184485016417,True,False,1.511032787475705,0.37135117182685684
858,2022-04-19,2022-05-17,0.035825265276103864,0.04505079543327541,0.7952193725228348,0.05199581164097772,0.6890029051468849,0.051087581123234284,0.7012519381116437,True,False,1.5186040280689537,0.4128597080185586
859,2022-04-20,2022-05-18,0.028408002879849476,0.04303856602888621,0.6600592329396584,0.04625857993677428,0.6141131638428422,0.047627179231495204,0.5964662056043758,True,False,1.591950964871099,0.41188084716916484
860,2022-04-21,2022-05-19,0.03318613662249525,0.04284791331735341,0.77450998317472,0.04695232831143431,0.7068049192868977,0.04789149408678601,0.6929442744541939,True,False,1.5992945737066104,0.4219608782909768
861,2022-04-22,2022-05-20,0.030267554291084946,0.04323123853782377,0.7001315556713309,0.046277854243483116,0.6540397083200383,0.04878217975441767,0.6204633422175839,True,False,1.5850286962507425,0.41946571134839583
862,2022-04-25,2022-05-23,0.009766134686427856,0.046267333696194554,0.21108055957050129,0.0527690576613335,0.18507313033910752,0.04673734850345729,0.20895782493321008,True,False,1.479083198348656,0.41325222819025137
863,2022-04-26,2022-05-24,0.016268103927284106,0.046360463761786264,0.350904684881377,0.05036375813725973,0.32301211285598563,0.04663902732243919,0.34880881659075935,True,False,1.4760769429534115,0.39835333977823123
864,2022-04-27,2022-05-25,0.008067406984502744,0.052618444954560445,0.1533189928259851,0.06343685520657978,0.12717224014701756,0.061951379161974594,0.1302215881814375,True,False,1.2970948833365954,0.39835355871861455
865,2022-04-28,2022-05-26,0.021968708904062342,0.053067862651501825,0.41397387809513797,0.055634473064121344,0.3948758331680858,0.060608322635440026,0.3624701682672272,True,False,1.285824996096863,0.3873728955838332
866,2022-04-29,2022-05-27,0.04169870387965691,0.05295548011996669,0.7874294366738176,0.04557645433715169,0.9149176803265754,0.05852634938137448,0.712477445123669,True,False,1.2881562176084742,0.3761919713375386
867,2022-05-02,2022-05-30,0.07785877951916775,0.055388175452300514,1.4056931625454714,0.01889643069751645,4.120290268860177,0.04264678667734819,1.825665790677786,True,False,1.2303975935882623,0.36455521545925146
868,2022-05-03,2022-05-31,0.0833205821316553,0.055495213798328016,1.5014012277607556,0.017501847350124597,4.76067357147085,0.04340789197034012,1.919480038067429,True,False,1.2277035243450154,0.35521851368081264
869,2022-05-04,2022-06-01,0.08569096765859122,0.05732382816714166,1.4948577301700474,0.01649209912132096,5.195879980360418,0.046416668284388514,1.846124912145234,True,False,1.1881389630366066,0.3779259652829686
870,2022-05-05,2022-06-02,0.10681825130140071,0.06068771739598581,1.7601296585998505,0.01847155470589737,5.782851146108297,0.05208472567652932,2.050855599485968,True,False,1.1209536990708415,0.39265683394865986
871,2022-05-06,2022-06-03,0.11527384358657841,0.07408967979610849,1.5558691021989421,0.027343197117709533,4.215814379362328,0.08737003863968204,1.3193749869102487,True,False,0.9162878678921914,0.38258821740477694
872,2022-05-09,2022-06-06,0.11694335471780194,0.07421327861212111,1.5757739976562875,0.027475496999917654,4.2562780472416,0.08785596386163073,1.3310804364059174,True,False,0.9147836523889377,0.38374911100067405
873,2022-05-10,2022-06-07,0.07081614201872777,0.09106726552856527,0.7776245570535409,0.03347711923791231,2.1153594942102907,0.11260951485988492,0.6288646399626283,True,False,0.7446635793202074,0.36155298551253595
874,2022-05-11,2022-06-08,0.09474502253223174,0.09251885156651322,1.0240618093288598,0.02984479433020563,3.1745912363799142,0.14143712971296715,0.6698737645801178,True,False,0.73272845557573,0.3546645107150143
875,2022-05-12,2022-06-09,0.12735218559304565,0.08679091108654871,1.4673447253716332,0.047396652456886575,2.6869447311471846,0.15115287885280748,0.842538935146985,True,False,0.7813689707845685,0.36944503778899235
876,2022-05-13,2022-06-10,0.20044969388061665,0.08405022266604671,2.3848799863036074,0.09042820940803767,2.216672155655885,0.19627455846021735,1.0212719134520205,True,False,0.8063054751107792,0.38855551335925353
877,2022-05-16,2022-06-13,0.231495171665339,0.06750096655571482,3.4295089904270415,0.056956970094406346,4.064387050112305,0.10167188036876969,2.276884924579863,True,False,1.0044616286382306,0.4391547280878731
878,2022-05-17,2022-06-14,0.2107606399134116,0.06762090647856174,3.116797021646409,0.04572303262906303,4.609507020744844,0.10555517119211504,1.9966870171601352,True,False,1.003135296637126,0.4467718284277146
879,2022-05-18,2022-06-15,0.16709106252773118,0.06463944171198023,2.584970694398226,0.05248926428523483,3.1833378654296305,0.09937280510312496,1.681456635488261,True,False,1.0505669765503456,0.4171241556394317
880,2022-05-19,2022-06-16,0.1233198672264241,0.06931215265947799,1.7791954584397245,0.107023256944291,1.1522716720405548,0.17514069088437945,0.704118880676534,True,False,0.9800880284646533,0.45784557390061664
881,2022-05-20,2022-06-17,0.07775092276478786,0.06901116958670565,1.1266425888797837,0.12102955477858204,0.6424126975186314,0.1930740466701229,0.402700021601709,True,False,0.9846402989078601,0.45090093509714513
882,2022-05-23,2022-06-20,0.07802452621770187,0.06899593552744547,1.1308568486134225,0.12073862626158664,0.6462267182720598,0.19278738919257218,0.4047179981246825,True,False,0.9848354394593004,0.4503538233649152
883,2022-05-24,2022-06-21,0.07536639681093577,0.06908518699250428,1.0909197773339312,0.1141655760735216,0.6601499278766876,0.19424928684761716,0.3879880231944351,True,False,0.983551195158686,0.4466848538843167
884,2022-05-25,2022-06-22,0.0834479773218254,0.06877903606661862,1.2132763425326085,0.11436826546793408,0.729642763929318,0.19284971643522175,0.4327098782634487,True,False,0.9878847082383703,0.4471332086224368
885,2022-05-26,2022-06-23,0.09162816647578616,0.06926259951379685,1.3229097250029458,0.11601840329724629,0.7897726901225244,0.1891830378753019,0.4843360562598743,True,False,0.9808934614521165,0.44560340685797295
886,2022-05-27,2022-06-24,0.09545722656971094,0.06820304706498935,1.3996035467264625,0.11360381696182931,0.8402642545169446,0.181022235547599,0.5273232113223509,True,False,0.9962551381806691,0.4476450942941841
887,2022-05-30,2022-06-27,0.08189237614741568,0.06951426284150734,1.178065806928435,0.1149135269942166,0.7126434832301091,0.19470117907813256,0.42060544540694694,True,False,0.9773714389819843,0.4407689131091352
888,2022-05-31,2022-06-28,0.09105310044780861,0.06897985224874428,1.3199955853698737,0.11243326425305106,0.809841296103237,0.1793295940867306,0.5077416302173298,True,False,0.9847681716893463,0.44499937362355446
889,2022-06-01,2022-06-29,0.08678578966284652,0.06901005827919866,1.2575817471669328,0.11024744203461112,0.7871909593657598,0.17763902407342613,0.4885513761152734,True,False,0.9841115132924163,0.44223892799126785
890,2022-06-02,2022-06-30,0.09274326995677443,0.06910989351724889,1.3419680632792028,0.11244975439983976,0.8247529792462276,0.17670416407824457,0.5248505061584611,True,False,0.9829297946086786,0.43247049261590603
891,2022-06-03,2022-07-01,0.05225624039568287,0.0677319527606263,0.7715153375300333,0.10568268717474079,0.4944635852159958,0.18405571243424196,0.2839153412005758,True,False,1.0028168167836022,0.41440779810623224
892,2022-06-06,2022-07-04,0.04925785179281519,0.06753969735730186,0.7293170345764041,0.10575287661631429,0.46578261858095193,0.18314493448379027,0.2689555784420283,True,False,1.0058314050184,0.41548244350875946
893,2022-06-07,2022-07-05,0.04745303693048611,0.06749728030507374,0.7030362811065602,0.10280570965026327,0.46157978084989165,0.17758838475468278,0.26720799896928416,True,False,1.0057650387134138,0.4488119396181948
894,2022-06-08,2022-07-06,0.04313760388754064,0.06768368503178188,0.6373412420923114,0.10333215569808865,0.41746544041506495,0.1793263017530361,0.24055369159928766,True,False,1.0027948527916364,0.44968102100472473
895,2022-06-09,2022-07-07,0.049026413862969055,0.06747614758135083,0.726573991259084,0.10253191621221612,0.4781575891110462,0.1775832264295027,0.2760757017917548,True,False,1.0060524268668982,0.4561808540943606
896,2022-06-10,2022-07-08,0.05009016702283022,0.0684424819128075,0.7318578406704003,0.10689201941225122,0.4686053018574484,0.20222944376564408,0.24768978290262117,True,False,0.9921793607156371,0.45897765271423135
897,2022-06-13,2022-07-11,0.03919093022268588,0.06863451579103154,0.5710090582121795,0.1006270197559697,0.3894672655289573,0.213286008903236,0.18374824689258495,True,False,0.9895985715192451,0.4427431944488223
898,2022-06-14,2022-07-12,-0.13004385877133368,0.09523051541263941,-1.365569200248954,0.16726326956560392,-0.7774800714410759,0.23334698777548482,-0.5572982107506593,True,False,0.7114702898387121,0.40011073830134614
899,2022-06-15,2022-07-13,-0.11214233860274221,0.09643080489498068,-1.1629306498568834,0.16838781404740477,-0.6659765686558039,0.23743757331265208,-0.472302412116872,True,False,0.7028605497310734,0.39537088742376836
900,2022-06-16,2022-07-14,-0.14833685881618955,0.10727849625179978,-1.3827268651120839,0.21343978651846815,-0.6949822300508838,0.2940631052976436,-0.5044388641208374,True,False,0.6312057040756075,0.41354065329147666
901,2022-06-17,2022-07-15,0.18746901318599343,0.12644295462679786,1.4826370811985274,0.1354058256631612,1.3844973971234138,0.1618137299928028,1.1585482467670187,True,False,0.5350155974436448,0.38329663564910316
902,2022-06-20,2022-07-18,0.1580307892292991,0.12697238330724572,1.2446075683000986,0.13527582820122722,1.168211581704184,0.18715208008772885,0.8443977173816133,True,False,0.5331914257128795,0.4014030061284368
903,2022-06-21,2022-07-19,0.16947876933473172,0.12640524019704033,1.3407574644100864,0.13031056226620563,1.30057584272034,0.18587459687015728,0.911790918116267,True,False,0.5355981461282978,0.4064773013271195
904,2022-06-22,2022-07-20,0.14499458678483093,0.12687796193265874,1.142787798418355,0.12674768467419062,1.143962409708269,0.1865765967230031,0.7771316946041952,True,False,0.5335378032108153,0.38721622878179357
905,2022-06-23,2022-07-21,0.12839687995156396,0.1286669283961299,0.9979011821613202,0.13056492549038917,0.9833948854894816,0.1933283388635036,0.664138949862992,True,False,0.5260458745046243,0.3866602271919919
906,2022-06-24,2022-07-22,0.11716612974329643,0.12899780195896976,0.9082800479078192,0.13426008374229376,0.87268029690933,0.19496968313277283,0.6009453770487344,True,False,0.5248640651219818,0.3985211321557798
907,2022-06-27,2022-07-25,0.08557275985001173,0.1354988023004819,0.6315388652679433,0.14864849780337613,0.5756718777151892,0.2170867208492479,0.3941869844237789,True,False,0.49963014128757527,0.3930522737861319
908,2022-06-28,2022-07-26,0.08795712176795074,0.1290527494144125,0.6815594566335351,0.1350436230520581,0.651323770645905,0.19470802735090809,0.4517385490708713,True,False,0.5245212793901084,0.38679572892677444
909,2022-06-29,2022-07-27,0.05875806023352629,0.1316097419179385,0.4464567696680326,0.14809867163382015,0.3967494075761053,0.20278591326604742,0.2897541514949214,True,False,0.5144054634813766,0.3819363267479917
910,2022-06-30,2022-07-28,0.09282465372775026,0.13043869228877444,0.7116343478992295,0.14840255976606204,0.6254922682875326,0.20062520313347437,0.46267693329633536,True,False,0.5191760759284682,0.4047935028336931
911,2022-07-01,2022-07-29,0.1178415300037871,0.13123453570449248,0.8979460274781396,0.14787779344395693,0.796884557575218,0.20457457906389084,0.576032127466746,True,False,0.5160127639700313,0.4111491844581503
912,2022-07-04,2022-08-01,0.13570468969110583,0.130880860269198,1.0368566451350187,0.11480171327809435,1.182078958720558,0.18119877637978427,0.7489271859467476,True,False,0.5174289830568454,0.40550778108777397
913,2022-07-05,2022-08-02,0.1801861651600832,0.12917951937790578,1.3948508713131298,0.10119035225798309,1.7806654600895313,0.17878226558161542,1.007852566214555,True,False,0.5241305668093059,0.4170128861296378
914,2022-07-06,2022-08-03,0.08670295185207956,0.12154072225440737,0.7133654485826909,0.12068432846113626,0.718427595012888,0.18359780213868537,0.4722439530435459,True,False,0.5573997753657823,0.37274324721148283
915,2022-07-07,2022-08-04,0.11154947388728029,0.12207699073885306,0.9137632998007527,0.125759649686486,0.8870052848061271,0.18544661254943426,0.6015179913709381,True,False,0.5548476382782508,0.37711463240154075
916,2022-07-08,2022-08-05,0.10457038811511311,0.1224728575277054,0.8538250043807262,0.12128484811410543,0.8621883915518674,0.18494950311573038,0.5653996704693994,True,False,0.5531096033092113,0.3866510524838588
917,2022-07-11,2022-08-08,0.08438195083641212,0.12599526385852228,0.6697231963509599,0.12348044026919004,0.6833628925557572,0.1958829812859409,0.4307773461607431,True,False,0.5376289604049643,0.3918420593629151
918,2022-07-12,2022-08-09,-0.01254790362145984,0.1329339209709249,-0.09439203726040922,0.08443481486872698,-0.14861054223862982,0.18598803567912894,-0.06746618714285356,True,False,0.5094800297062105,0.35770933553116896
919,2022-07-13,2022-08-10,0.0893334067239794,0.12974599920986538,0.6885253284726087,0.12514603654010437,0.7138332878432915,0.21706524434665198,0.41155094631969014,True,False,0.5217686250231678,0.40056690680684914
920,2022-07-14,2022-08-11,0.08992035616990762,0.12805143457284737,0.7022206074446803,0.1249012683063693,0.7199314898015504,0.21285748017395972,0.42244395685046815,True,False,0.5287128221628749,0.400810278691816
921,2022-07-15,2022-08-12,0.0847209672318592,0.12772567062141563,0.6633041488032253,0.11643697646141207,0.7276122225651939,0.20997743265603447,0.4034765363125533,True,False,0.5299600567224313,0.37387624462595137
922,2022-07-18,2022-08-15,0.06587017554059038,0.1371778293904671,0.480180914315939,0.1629858485314587,0.40414659391656604,0.25291085465877056,0.26044819479758186,True,False,0.4935614449455097,0.3774374137323549
923,2022-07-19,2022-08-16,0.14921656642595915,0.14320353140396402,1.0419894325443197,0.15323569351864433,0.9737715998120492,0.2574618135240325,0.5795677595195323,True,False,0.47275848927407177,0.3646412527652912
924,2022-07-20,2022-08-17,0.15502181373885734,0.14360721624747602,1.0794848461633761,0.16091187842913093,0.9633957123130118,0.26672040299884414,0.5812146802265035,True,False,0.4714482432939084,0.3700184487094953
925,2022-07-21,2022-08-18,0.15810579932954347,0.14417991383139683,1.096586862400483,0.16178616701303017,0.9772516541343718,0.27137558525087413,0.5826087825232399,True,False,0.46956906150955413,0.3734668595343029
926,2022-07-22,2022-08-19,0.2324729090802491,0.1401481942553749,1.6587649260513637,0.17207022727727148,1.3510350556208983,0.2707409941647269,0.8586542640040895,True,False,0.48291572169185504,0.3900863028467755
927,2022-07-25,2022-08-22,0.22340842967418906,0.11327531762783631,1.9722604566706472,0.11042937330088638,2.023088812298782,0.17723357197304043,1.2605311013433302,True,False,0.5976328995741088,0.3917078821483401
928,2022-07-26,2022-08-23,0.21507589190117013,0.11331428770996273,1.8980474240960208,0.10966307150150907,1.9612426403560153,0.17647814486930696,1.2187112010977177,True,False,0.5975208204973519,0.40610652311407497
929,2022-07-27,2022-08-24,0.1940334923124928,0.11379498693676654,1.70511458839846,0.10914833144104602,1.7777046130778058,0.17060546403777016,1.137322848402651,True,False,0.5951014827739484,0.4030114291099852
930,2022-07-28,2022-08-25,0.2095672265162858,0.11563435996332966,1.812326600698481,0.11184644761951437,1.87370480669358,0.17629477949300515,1.1887318905243067,True,False,0.5855483410524588,0.40309967092670745
931,2022-07-29,2022-08-26,0.09450117734957873,0.09617208083329215,0.9826258986055442,0.10069812679772913,0.9384601318294816,0.15736889143260102,0.600507358787949,True,False,0.7050010844430165,0.3805019705062479
932,2022-08-01,2022-08-29,0.08520998738972298,0.09757304086327984,0.8732943714352402,0.1081042336906938,0.7882206318905558,0.16590566346358349,0.5136050548896824,True,False,0.6947615289138294,0.3780134287420517
933,2022-08-02,2022-08-30,0.11619643983336683,0.09960277190575291,1.166598455144555,0.10994064331654403,1.0569015818727834,0.18174673670218075,0.6393316432623057,True,False,0.6802861729633731,0.36945855363598745
934,2022-08-03,2022-08-31,0.10535570657366995,0.10054128193776835,1.047885053215072,0.10899015683542404,0.9666534082775737,0.17787497663684942,0.5923020121529785,True,False,0.6740926401027993,0.36289224538704234
935,2022-08-04,2022-09-01,0.14647746309526324,0.1065580779173274,1.3746256122309857,0.13614209560206467,1.0759160305818138,0.2131239346523305,0.6872877198622117,True,False,0.6356638471499424,0.3836991282847864
936,2022-08-05,2022-09-02,0.13616311347196772,0.1072011061323505,1.2701651912421568,0.12820679333488721,1.062058491052794,0.21018193743249602,0.6478345148745197,True,False,0.6318956509604874,0.3872930195848331
937,2022-08-08,2022-09-05,0.1460852014130797,0.1074565626378673,1.3594814297698352,0.13186515369905982,1.1078377972885287,0.2060766292705917,0.7088877663136685,True,False,0.6304390723882881,0.38031922157767123
938,2022-08-09,2022-09-06,0.1696216794668804,0.10669600995013828,1.5897659110790445,0.1467134255737252,1.15614286016138,0.22853321505420593,0.7422189349003283,True,False,0.6345273433860497,0.4002902126624546
939,2022-08-10,2022-09-07,0.1435738317680742,0.09839106532703205,1.4592161523087868,0.12103497518179245,1.1862177156018645,0.18497445555293293,0.7761819400354371,True,False,0.6883502997417476,0.39946274901394296
940,2022-08-11,2022-09-08,0.056757549780064594,0.1027911309599722,0.5521638807745631,0.07070521771275473,0.8027349552991465,0.13059457372914568,0.4346087908505315,True,False,0.6587357543647997,0.33301389488266486
941,2022-08-12,2022-09-09,0.09803386347637759,0.10164867400982024,0.9644381929360591,0.09133709284581516,1.0733192881655118,0.14908831508554618,0.6575556469340084,True,False,0.6663452803861026,0.37313030729419483
942,2022-08-15,2022-09-12,0.08039782981361122,0.10150741912656491,0.7920389514914854,0.07329394775768623,1.0969231740581202,0.13130080135500902,0.6123178913145614,True,False,0.667583668269533,0.38645030782304934
943,2022-08-16,2022-09-13,0.15576431495908657,0.09049572604536057,1.72123393850678,0.10044770088650179,1.550700649038133,0.14073452638832729,1.1067953185083221,True,False,0.7486418255200853,0.42041148085127417
944,2022-08-17,2022-09-14,0.15590536136097746,0.08891313895479681,1.7534569490369618,0.09484531907033272,1.6437855119172045,0.13626903397622075,1.1440997034453424,True,False,0.7620965050525614,0.4203750762122628
945,2022-08-18,2022-09-15,0.1546584277261401,0.08888655783839174,1.7399529409984678,0.09404440676986724,1.644525528292175,0.13628370751337518,1.1348269763717838,True,False,0.7623220791606674,0.4211092385955239
946,2022-08-19,2022-09-16,0.16119832344282448,0.08920474990600348,1.8070598663488415,0.09493971702258731,1.6979018739277834,0.13714303554555798,1.175402912744158,True,False,0.7596420570954046,0.42068824713197717
947,2022-08-22,2022-09-19,0.14484666148922326,0.08913965611748739,1.6249407704502832,0.093387990280041,1.5510202227810452,0.13796740512900246,1.0498614607833534,True,False,0.7604596827840187,0.4071337036321587
948,2022-08-23,2022-09-20,0.12647732231672942,0.09690395176944443,1.3051822965656392,0.11309565057638965,1.1183217185819292,0.17507995717309144,0.7223974940300483,True,False,0.6994401594412752,0.3980526095925745
949,2022-08-24,2022-09-21,0.14157584138457446,0.09637769687490359,1.4689689209769892,0.11168761576223113,1.2676055480132336,0.17400312441069815,0.8136396508054313,True,False,0.7029195441638116,0.3911214839677964
950,2022-08-25,2022-09-22,0.13433923960245858,0.09815169649592081,1.3686899401483266,0.11473373918239664,1.1708782487154394,0.18043940703010244,0.7445116441778539,True,False,0.6900883879122197,0.3941869178772088
951,2022-08-26,2022-09-23,0.1880326866095609,0.0942326834987946,1.995408383036934,0.11528192287059391,1.6310682709606699,0.17290155036894259,1.0875130165596032,True,False,0.7181185506597162,0.42595213666406745
952,2022-08-29,2022-09-26,0.36061883753765644,0.10359558426383776,3.4810251817223268,0.06163617131008651,5.8507663580109925,0.11881574177736472,3.0351099285596264,True,False,0.6509341492132172,0.4545610080958754
953,2022-08-30,2022-09-27,0.35901362622747707,0.103799635596713,3.4587175972595214,0.06473172472252116,5.546177361508965,0.12177662346508275,2.9481325398254103,True,False,0.6499031187204143,0.45599301822764354
954,2022-08-31,2022-09-28,0.34786151392804254,0.09491662974682273,3.664916409863225,0.051511981155187125,6.753021454951627,0.09946093046678088,3.4974689287089,True,False,0.7110297142550773,0.46697688797036246
955,2022-09-01,2022-09-29,0.2861581069648095,0.09322957213962876,3.0693920437201414,0.06641377335411189,4.308716287494189,0.12090035180019695,2.3668922604768077,True,False,0.7249438859485969,0.4809083517058328
956,2022-09-02,2022-09-30,0.30624697602296475,0.09334946264526317,3.280650657698292,0.06558938582773868,4.669154500505302,0.12457962502479214,2.458242878496541,True,False,0.7241356635194459,0.46545287075638503
957,2022-09-05,2022-10-03,0.3091810937183214,0.09030374067350808,3.423790547460945,0.05640786455437406,5.481169977996383,0.11466721783069131,2.696333787175635,True,False,0.7484167077689141,0.45575215024404425
958,2022-09-06,2022-10-04,0.3425221500577522,0.08900968995833826,3.8481445134577217,0.05539226999762116,6.1835730883110935,0.11864186063302284,2.88702611565765,True,False,0.7590584618345275,0.49056056441121515
959,2022-09-07,2022-10-05,0.3078376145740659,0.08931494731635883,3.44665281482714,0.0634476531183205,4.85183611125843,0.1231845099370835,2.4989961378365995,True,False,0.7570946072687462,0.47477451900390727
960,2022-09-08,2022-10-06,0.34530150274915156,0.09192287970734053,3.7564260807375183,0.056056374897905485,6.159897128168621,0.11230039590176587,3.074802185481181,True,False,0.7350292436538693,0.477281002043395
961,2022-09-09,2022-10-07,0.33905039667037074,0.09354422765534247,3.6244929822883303,0.05645395448272453,6.005786481691438,0.11609772599957945,2.9203879210485044,True,False,0.72232571920546,0.4724142936240962
962,2022-09-12,2022-10-10,0.3004923048536552,0.09472965303191287,3.17210393193802,0.050953936340495776,5.897332501372188,0.11558930711331376,2.5996548673752193,True,False,0.7135511393789638,0.4420013885565986
963,2022-09-13,2022-10-11,0.3191049197296507,0.09450532260898739,3.376581455098954,0.047579556310447,6.706765352067504,0.10742497036033251,2.9704911126275966,True,False,0.7146542762360675,0.4275972094792439
964,2022-09-14,2022-10-12,0.2790147348899705,0.10614565512055245,2.628602504483919,0.07404010342281775,3.768427135988892,0.13854038151155235,2.0139596256756698,True,False,0.6368625543125305,0.3985864464508828
965,2022-09-15,2022-10-13,0.30441945881689636,0.10356955765451507,2.9392754561371377,0.0654031357479108,4.654508615462227,0.13080825017814685,2.3272191043172707,True,False,0.6526371478556117,0.41090032798741166
966,2022-09-16,2022-10-14,0.3025574491564233,0.10354817767012359,2.9219002783447263,0.06450159986859633,4.690696816401424,0.13076747285291418,2.3137057140863813,True,False,0.6527345123206734,0.4151486698851045
967,2022-09-19,2022-10-17,0.3266585265407388,0.1024535795426423,3.188356404909991,0.06950754827315028,4.699612267390563,0.13041813136995328,2.504701785782501,True,False,0.6596749661086426,0.4393445573899292
968,2022-09-20,2022-10-18,0.3137952418820206,0.101617421401796,3.0880063433342992,0.06636280725846984,4.72848052765235,0.13055884352355246,2.4034774927016938,True,False,0.6651919329222366,0.4399694299013723
969,2022-09-21,2022-10-19,0.3313384274182236,0.10357762721948885,3.1989381907358463,0.07457758597088626,4.44286876686478,0.13399790197164166,2.4727135465773613,True,False,0.6522983681695214,0.4437467471134173
970,2022-09-22,2022-10-20,0.3334624099469594,0.10312133874661158,3.233689690223465,0.07637591487777155,4.366067633764088,0.13654863809420315,2.442077889615479,True,False,0.6554389006509239,0.4447777738956814
971,2022-09-23,2022-10-21,0.3566955313469864,0.1036741815237796,3.4405434998796847,0.08994964331873198,3.9655024543349655,0.1370044031312539,2.6035333404960896,True,False,0.6518496060800332,0.44686369348643384
972,2022-09-26,2022-10-24,0.3000248957293023,0.11428730136003913,2.6251813819991625,0.07976247290259769,3.761479362552852,0.15921075864829887,1.8844511405919866,True,False,0.5919034775527644,0.408864864885248
973,2022-09-27,2022-10-25,0.23175164684530944,0.12348880098921317,1.876701733184316,0.10971494222499711,2.1123070581402343,0.1399718137614282,1.6557022490278885,True,False,0.5481128070196813,0.37096983253985405
974,2022-09-28,2022-10-26,0.272927277104029,0.12195520243580252,2.2379305814993704,0.1335014207047486,2.044377323201932,0.14768149385659146,1.8480804193994644,True,False,0.5547109108637176,0.3987991319799421
975,2022-09-29,2022-10-27,0.3111294209847625,0.13519146293254125,2.3013984332724613,0.14391029355585389,2.161967801587509,0.1808192993275019,1.720664896622796,True,False,0.5002734412968969,0.3997769135846717
976,2022-09-30,2022-10-28,0.35087982645103627,0.14007562232588963,2.5049314122246416,0.1157401467687337,3.0316172585485583,0.15989077448843117,2.19449700943455,True,False,0.4827312698773836,0.4018559354178372
977,2022-10-03,2022-10-31,0.36139773038813205,0.13947647831937998,2.5911016304884473,0.11860799993598074,3.0469928721772415,0.1641508073882438,2.201620181698934,True,False,0.48475174329769555,0.4083410499318399
978,2022-10-04,2022-11-01,0.3448180264476425,0.1455176084765899,2.3695965736209508,0.12741965662746219,2.706160380386125,0.1840772701639263,1.8732243592083462,True,False,0.4647067027133244,0.4029202247215006
979,2022-10-05,2022-11-02,0.2842611677685343,0.14831896972444672,1.9165530093463212,0.14898657540289967,1.9079649760377122,0.1819026906682019,1.5627100771534959,True,False,0.456086620671425,0.3682569468112377
980,2022-10-06,2022-11-03,0.2747961999374424,0.14819250828908465,1.8543191090428623,0.15234838447577267,1.8037355688608705,0.18253673709210125,1.5054295607288657,True,False,0.45648609182535765,0.3786298731691021
981,2022-10-07,2022-11-04,0.3620382267175574,0.1716881893303019,2.1086961667529214,0.16420588971320382,2.204782224010847,0.23974901508541357,1.5100717998302382,True,False,0.39386963786259876,0.41665781367358873
982,2022-10-10,2022-11-07,0.38281176261525585,0.18090241267343002,2.116123035386588,0.1600058200106846,2.3924864894895266,0.26008647245572675,1.4718634114291356,True,False,0.3737575163247081,0.4404609194405764
983,2022-10-11,2022-11-08,0.23478908279728175,0.1788023933333116,1.3131204701471946,0.2485982913546208,0.9444517157294517,0.3325276273584829,0.7060739123013269,True,False,0.3783742688357065,0.45341941147483655
984,2022-10-12,2022-11-09,0.23637792604618216,0.19120120475587102,1.2362784342702942,0.26034385435823015,0.9079450967985165,0.39258985041120453,0.602098922828994,True,False,0.35382456398866025,0.45356161506868764
985,2022-10-13,2022-11-10,0.396621809196065,0.1602011009010765,2.4757745543894685,0.17081763824370433,2.3219019609099583,0.34404024802864563,1.1528354937211918,True,False,0.42164393383146886,0.4871744474234396
986,2022-10-14,2022-11-11,0.38607420859187863,0.16621762854094718,2.3227031451526843,0.18264979407954296,2.1137401798752946,0.38300054556125646,1.008025218413509,True,False,0.40650886373808065,0.4857577500096835
987,2022-10-17,2022-11-14,0.10109156493174519,0.15356255309701575,0.6583087015222968,0.18723670017198743,0.5399131945761002,0.42071679834709585,0.2402841182688968,True,False,0.4401067715485085,0.5052701322346065
988,2022-10-18,2022-11-15,0.05871989175065814,0.14793210449289534,0.3969381220658444,0.18485783063332972,0.3176489280950752,0.3948912899246591,0.14869887801744436,True,False,0.457005349502785,0.49983738685772644
989,2022-10-19,2022-11-16,0.08112632948008416,0.14916854930537737,0.5438567972797175,0.1942450834498171,0.41764933268461857,0.39981705041705545,0.20290862882275784,True,False,0.4531809159928989,0.4992812940009483
990,2022-10-20,2022-11-17,0.05772570230853243,0.150555217749245,0.3834188092017948,0.18442369236177558,0.3130058918639073,0.41396958163803005,0.13944430912077757,True,False,0.4490982856437239,0.5111125900450433
991,2022-10-21,2022-11-18,0.04608201141034256,0.15046062980714367,0.3062728865977048,0.18625506460235522,0.2474134677020742,0.4191322232046113,0.10994623858315546,True,False,0.44946784099837017,0.5102885259826446
992,2022-10-24,2022-11-21,0.004479869771825931,0.14980046044782117,0.029905580786825217,0.20549698870922112,0.02180017235271978,0.4404197704201274,0.01017181805338228,True,False,0.45177099282643535,0.541312851845996
993,2022-10-25,2022-11-22,-0.00195400666466598,0.14893135851387196,-0.013120182909524575,0.18163303917658724,-0.010757991351817089,0.4158375028472013,-0.004698966907234378,True,False,0.4542272604520467,0.5364267547469875
994,2022-10-26,2022-11-23,-0.028396357875690573,0.15197009449615967,-0.1868549070120382,0.18361382655354833,-0.15465261199928854,0.4446181783765012,-0.06386683958667257,True,False,0.4451579726151598,0.5328120485073596
995,2022-10-27,2022-11-24,-0.08274775330120206,0.1543175372885673,-0.5362174303395423,0.2084567025873712,-0.39695415054605737,0.49630892888261385,-0.16672630389201282,True,False,0.4385294083424604,0.5167746262177347
996,2022-10-28,2022-11-25,-0.11077532384590327,0.15437988322652327,-0.7175502502703766,0.21480287262758213,-0.515706901359563,0.49250272428607034,-0.22492327124988531,True,False,0.4381883276475213,0.5148909611255867
997,2022-10-31,2022-11-28,0.05588661678170273,0.14609443668354163,0.38253761094791006,0.18706476549042178,0.2987554424543102,0.3953748721045684,0.14135095759682442,True,False,0.46304241564206194,0.50677965419111
998,2022-11-01,2022-11-29,0.036980302618616415,0.14637276372526548,0.25264469753421226,0.1865185616707356,0.19826607222019207,0.3960924631842931,0.0933628030216023,True,False,0.4620748932376884,0.49786990998988695
999,2022-11-02,2022-11-30,0.027698910928431884,0.14189255872978263,0.1952104548426753,0.17019350149963383,0.16274952148212002,0.36278880827373133,0.07634995980232254,True,False,0.47673951748240795,0.49788719659585784
1000,2022-11-03,2022-12-01,0.07679142162023551,0.14128380217351666,0.5435260124577105,0.1722818219501073,0.4457314227990592,0.33092635465594356,0.23204988221646405,True,False,0.4782454919484874,0.5506666740504393
1001,2022-11-04,2022-12-02,0.08946901412545245,0.14056677428805212,0.636487637840439,0.16653404103232913,0.5372415967981219,0.3137655049950731,0.2851461129446251,True,False,0.48029337669929084,0.5155133808418184
1002,2022-11-07,2022-12-05,0.16306483044188674,0.12973743565863088,1.2568834092801704,0.1772621462049266,0.919907797197565,0.2787665465476259,0.5849512162106866,True,False,0.5210658157458185,0.5228329702360196
1003,2022-11-08,2022-12-06,0.1972154593653057,0.12344912348618238,1.5975444279876152,0.17478530493228622,1.128329749698976,0.25053037114144117,0.7871918221602138,True,False,0.5479719382711936,0.5202253277037916
1004,2022-11-09,2022-12-07,0.25307890101424824,0.12675028810870007,1.9966731815016447,0.17634765561120122,1.4351134986008467,0.24616707324990095,1.0280777915303507,True,False,0.5335798209479816,0.5122346402299477
1005,2022-11-10,2022-12-08,0.23730810365642457,0.1279130162092169,1.855230301725346,0.18068396478626492,1.3133877371859843,0.2503319968947225,0.9479735175692496,True,False,0.5285973972773812,0.5054408312380406
1006,2022-11-11,2022-12-09,0.0834980062101305,0.14653000065864114,0.5698355683806275,0.29487644681847225,0.28316268427343194,0.2574431056710308,0.32433576340097053,True,False,0.4619148413502413,0.4633980104975812
1007,2022-11-14,2022-12-12,0.1436405916854876,0.13438765477772688,1.068852581162048,0.23665826149776306,0.6069536333801104,0.20802868213620196,0.690484553430196,True,False,0.503696968854946,0.47028767119507126
1008,2022-11-15,2022-12-13,0.32939397345540833,0.12144965932281562,2.7121852403049775,0.09798607893653657,3.361640521086159,0.11993148489887855,2.746517928408376,True,False,0.5567177253438529,0.4455421326077266
1009,2022-11-16,2022-12-14,0.332279350982194,0.1195433775828241,2.7795713798698594,0.06007536688572588,5.531041560083169,0.11012055885930838,3.017414317763488,True,False,0.5656310875001378,0.441759096685873
1010,2022-11-17,2022-12-15,0.37458305691143406,0.11309904150812146,3.3119914361478995,0.059551459272820635,6.2900735176844655,0.10888524819619688,3.4401635034755556,True,False,0.5975214787412156,0.46101333665739386
1011,2022-11-18,2022-12-16,0.37812311466233184,0.11306614300186461,3.3442647341043203,0.05932420360079528,6.3738422382675335,0.1074005181523088,3.5206824060764856,True,False,0.5976004627410921,0.4417303362956807
1012,2022-11-21,2022-12-19,0.38425680951808877,0.11411342459962186,3.367323440395304,0.05860426874407661,6.556805805326721,0.11083446624871965,3.4669432941174803,True,False,0.5920689127331031,0.441729122898257
1013,2022-11-22,2022-12-20,0.4328734166932692,0.11341665038267254,3.816665500459907,0.04572130113450114,9.467653062187777,0.09590687229147882,4.513476525203391,True,False,0.5949759891086668,0.41159870584984126
1014,2022-11-23,2022-12-21,0.3814259436227942,0.11203563720751497,3.404505504943113,0.05844297773687682,6.52646320213282,0.10667188810210063,3.57569318785952,True,False,0.6029465428888757,0.40924563500038014
1015,2022-11-24,2022-12-22,0.3313034745563619,0.10755855622208621,3.0802149656256876,0.08992123526834474,3.684374147749188,0.1163610110258306,2.847203471640659,True,False,0.6285508971977615,0.4030393720265111
1016,2022-11-25,2022-12-23,0.326967433154571,0.10549669658382357,3.0993144216110635,0.08851361521854077,3.693978969758336,0.10974017166509505,2.9794689418967732,True,False,0.6408248954522893,0.40427948997396024
1017,2022-11-28,2022-12-26,0.3279351311703797,0.10551285470164368,3.108011171697273,0.0871846091369714,3.7613878689893205,0.10968348767807488,2.9898313603309323,True,False,0.6407947326734644,0.39970695839379455
1018,2022-11-29,2022-12-27,0.3196551730584768,0.10922362571498233,2.9266119941175814,0.09987567771430178,3.2005307035098447,0.117695450151829,2.715951828606089,True,False,0.6190271762114943,0.39577776581716
1019,2022-11-30,2022-12-28,0.32887294760609104,0.10896442404336278,3.018168090121,0.09852671925789637,3.33790620537417,0.11799230316361936,2.7872406825557468,True,False,0.6204518637275052,0.3997337012254025
1020,2022-12-01,2022-12-29,0.3507135388888718,0.11108723648239581,3.157100221360264,0.11065880064680525,3.169323513710041,0.12153658219350719,2.885662345930342,True,False,0.6083689468837916,0.4025752118501167
1021,2022-12-02,2022-12-30,0.29336601151317415,0.11231781387136135,2.61192772011365,0.09034580489479946,3.2471459173425448,0.11566608828001834,2.5363182578022223,True,False,0.6023366871819867,0.30476234381105255
1022,2022-12-05,2023-01-02,0.3040101679514898,0.11374210286743248,2.6728024213322006,0.094848806006483,3.2052081702611037,0.11736304522731794,2.590339807242212,True,False,0.5947140573864121,0.3047431079738122
1023,2022-12-06,2023-01-03,0.30464696466194996,0.11616794929155197,2.6224700230987437,0.09791465342960566,3.111352121375495,0.12303360793693469,2.4761280252636966,True,False,0.5822938191952809,0.3076747645672818
1024,2022-12-07,2023-01-04,0.31311324025326526,0.11822312468120699,2.648494032767165,0.10892537063492641,2.8745666728341335,0.1266443528512678,2.472382172626269,True,False,0.5720165522020434,0.31366695710255754
1025,2022-12-08,2023-01-05,0.3387656531333099,0.1183323178129705,2.8628329047753813,0.11496028423571744,2.9468059807393687,0.12930612673985065,2.6198731775089685,True,False,0.5714109532486411,0.3336607883461527
1026,2022-12-09,2023-01-06,0.3844720119263936,0.1150519227459102,3.3417260898411243,0.13657265588344875,2.815146336866308,0.13098503121556349,2.9352362507259615,True,False,0.587246917509225,0.3743634797100547
1027,2022-12-12,2023-01-09,0.33123136353457916,0.11423830912441747,2.8994771200073832,0.1152727874281482,2.873456701487697,0.13877226624736178,2.386870031683123,True,False,0.5916793117280662,0.4057824241190023
1028,2022-12-13,2023-01-10,0.29970463096031247,0.12207966990576456,2.45499214727284,0.14123428461421314,2.1220387937600784,0.17471746181631972,1.7153673585035913,True,False,0.5538575780446764,0.39868765029756387
1029,2022-12-14,2023-01-11,0.23254064340373284,0.13566237742996237,1.7141129899760548,0.1492433793272231,1.5581303804028492,0.19573190485705477,1.188056916799333,True,False,0.4987790028963922,0.36936196183974485
1030,2022-12-15,2023-01-12,0.3029725408177371,0.12692093552485606,2.3870966563936435,0.1392826186401873,2.175235817474215,0.17304849550314297,1.7507955786430656,True,False,0.5327178476638553,0.3881545945710862
1031,2022-12-16,2023-01-13,0.23355597231363873,0.1367365752811299,1.7080724146662918,0.14990376675896705,1.5580393832876631,0.18441529736003046,1.2664674550163366,True,False,0.4944973597709105,0.35480211741367507
1032,2022-12-19,2023-01-16,0.22761370438026948,0.13131994844912998,1.733275919373676,0.1386304980118876,1.6418732360086563,0.16570466075224108,1.37361075631176,True,False,0.5148925018387266,0.35280759200286205
1033,2022-12-20,2023-01-17,0.228074240203946,0.131339929113565,1.7365186789977498,0.13810803645502495,1.651419034389202,0.16625386077555657,1.3718432711276836,True,False,0.5148642376074483,0.3548061170923207
1034,2022-12-21,2023-01-18,0.2085559219091174,0.13004532846052105,1.6037171375397037,0.13616502936871122,1.5316408543076374,0.16237879460593763,1.2843790497105416,True,False,0.5201176449773022,0.35213785090566385
1035,2022-12-22,2023-01-19,0.275705912714684,0.13575923392548997,2.030844641227147,0.12151902346704278,2.2688292322350523,0.16230128981938402,1.698729030567173,True,False,0.49805887035788127,0.37018965702942513
1036,2022-12-23,2023-01-20,0.33081987980203426,0.14805890376648587,2.2343801783362762,0.13567123330222358,2.4383936944473277,0.18457984668893448,1.7922860254595,True,False,0.45645581125696827,0.37061062160728353
1037,2022-12-26,2023-01-23,0.3417474959804775,0.15264859372574555,2.2387857473123822,0.14339469813301597,2.3832645169590947,0.19286665430576233,1.7719366637567426,True,False,0.442704691820733,0.37008525866473996
1038,2022-12-27,2023-01-24,0.3290469465104993,0.15133239657613903,2.174332488978642,0.14080583069256772,2.336884381080305,0.19217839338974166,1.7121953238686176,True,False,0.44658965491027636,0.3695839532802022
1039,2022-12-28,2023-01-25,0.3555925581636309,0.1549099741829194,2.2954787775236687,0.15311741801548653,2.3223521058046166,0.2021074931259967,1.7594229321421022,True,False,0.43622164841641525,0.3692645080574892
1040,2022-12-29,2023-01-26,0.3341100244559317,0.15666444698572857,2.1326473931023266,0.15186728163852092,2.2000132013371414,0.2105440583213136,1.5868888778900743,True,False,0.43136908413111585,0.3638911354792047
1041,2022-12-30,2023-01-27,0.32865994650347563,0.1581842885431698,2.077702846030639,0.15061742789348065,2.182084444676016,0.21452125339157133,1.5320624008454953,True,False,0.4272921269845642,0.36186897786608324
1042,2023-01-02,2023-01-30,0.29702839622247407,0.14781090275895875,2.0095161498800285,0.13667457394499102,2.1732527685948555,0.1889229055841929,1.5722201355309153,True,False,0.45741126583150776,0.36180967903082456
1043,2023-01-03,2023-01-31,0.2834825351192064,0.14705134673879533,1.927779251302957,0.13764390559299378,2.05953568302145,0.1907071864699871,1.486480611279009,True,False,0.4598392392152943,0.3631317756000594
1044,2023-01-04,2023-02-01,0.2066990599027555,0.14758720093922287,1.4005215803765747,0.08756532078561263,2.3605127926022176,0.17667959370951206,1.1699090741775193,True,False,0.45814991271692607,0.33395254380710193
1045,2023-01-05,2023-02-02,0.15715405709631772,0.14505688511781828,1.0833960550626318,0.08300116008011313,1.8933959109081349,0.17553638168537214,0.8952791187071263,True,False,0.46631854287042807,0.32539668472570327
1046,2023-01-06,2023-02-03,0.089973132288282,0.14649700835325744,0.6141636153505889,0.09043199266266654,0.9949259066302322,0.19444955688162668,0.46270680031970524,True,False,0.4619659277644376,0.3839925811672269
1047,2023-01-09,2023-02-06,0.1137430689664967,0.1461010911115864,0.7785230630456013,0.12136218777804418,0.9372199945383165,0.22772268468272272,0.4994806254149452,True,False,0.4634413469475231,0.399894961885883
1048,2023-01-10,2023-02-07,0.21613831563808567,0.14807606957315075,1.4596437916074725,0.09946016073774859,2.1731144815660213,0.19941352715270608,1.0838698794619492,True,False,0.45707321165229714,0.3627938171855694
1049,2023-01-11,2023-02-08,0.21465120223679426,0.1502665629778333,1.4284695010190571,0.09726700301092461,2.206824468650335,0.19721938365430441,1.088387957915157,True,False,0.45041005101919274,0.36438126653662456
1050,2023-01-12,2023-02-09,0.18769178549019797,0.14633331266607005,1.2826319726562003,0.1044100428407649,1.7976411117505768,0.1931058916659722,0.9719630192063774,True,False,0.4625894565245816,0.3652739456619086
1051,2023-01-13,2023-02-10,0.0542994814034314,0.17331329420518,0.3133024598744745,0.08439020832477898,0.6434334324008035,0.20743546629573117,0.2617656583663429,True,False,0.39059160331084763,0.33836535295018005
1052,2023-01-16,2023-02-13,0.04140219581705203,0.17497806811539407,0.236613629713572,0.08797503635925281,0.47061300035140635,0.2120760371987583,0.19522335650891934,True,False,0.386869362837901,0.3359263922704046
1053,2023-01-17,2023-02-14,0.057682664929449345,0.16897755106835075,0.3413628885301867,0.08735130230427995,0.6603526611259586,0.20381916095656827,0.28300903928135057,True,False,0.4006221451538474,0.3363442577958924
1054,2023-01-18,2023-02-15,0.016232825293161803,0.16653471408522436,0.09747412353231431,0.10267150649858883,0.15810448143550826,0.20975202087952244,0.07739055492812452,True,False,0.4064803893452186,0.3482378225247314
1055,2023-01-19,2023-02-16,0.012886651468881226,0.151767623487301,0.08491041219973708,0.09891248711298015,0.13028336305164173,0.1715713674298907,0.07510956904943422,True,False,0.4460983275829011,0.34637339425641095
1056,2023-01-20,2023-02-17,0.0028925245922042553,0.15187436370303173,0.019045509206940068,0.09559504611079259,0.030258101333534397,0.16948749123917178,0.01706630130079911,True,False,0.4458280747010841,0.33454849485988936
1057,2023-01-23,2023-02-20,-0.027374961354946794,0.14782286955360027,-0.18518759267503387,0.08660171558779882,-0.3161018366569589,0.1585635343277947,-0.1726434862277677,True,False,0.45805228035457907,0.329518777434566
1058,2023-01-24,2023-02-21,-0.033605207647872413,0.1389988983539639,-0.24176599991674738,0.07620698702213109,-0.4409727895174914,0.1406651203112594,-0.2389022066985181,True,False,0.4871730930858277,0.3256448381701616
1059,2023-01-25,2023-02-22,-0.050035242443937755,0.13913982739496522,-0.3596040284131349,0.07873690286379147,-0.6354738454787169,0.14377079994310343,-0.34802089481131737,True,False,0.48663406802107406,0.32578860769912704
1060,2023-01-26,2023-02-23,-0.07101907831666297,0.13401492433748158,-0.5299341000097868,0.07831101859974234,-0.9068848750346435,0.13656482850471197,-0.5200393036352883,True,False,0.5052009939395018,0.3245097973155087
1061,2023-01-27,2023-02-24,-0.06131681888274734,0.13415374981032907,-0.4570637717502422,0.07775895079907078,-0.7885499772391487,0.13984218103682827,-0.4384715572091885,True,False,0.5046036187049674,0.3312796255654914
1062,2023-01-30,2023-02-27,-0.048107659629981585,0.13234319658269014,-0.3635068584724954,0.07691877051209739,-0.6254345891087203,0.13583282934996338,-0.35416813343433867,True,False,0.5115486293934287,0.3332070124482381
1063,2023-01-31,2023-02-28,-0.025740507532262997,0.13780284979112564,-0.18679227295574158,0.09226016428348466,-0.2789991512823565,0.1459796896829024,-0.17632937560133619,True,False,0.4912346169605884,0.3337416738776466
1064,2023-02-01,2023-03-01,-0.014531922694283638,0.13891966033761025,-0.10460666732820506,0.09247774288677837,-0.15713967751219066,0.14414097301196208,-0.1008174316478192,True,False,0.4874246877261338,0.3648474342905742
1065,2023-02-02,2023-03-02,-0.1163034041964685,0.14407070437049063,-0.8072661593809103,0.06600113592236283,-1.7621424627187667,0.14366962367982747,-0.8095197942165875,True,False,0.4697299742624666,0.3622390197398989
1066,2023-02-03,2023-03-03,-0.037262133979803436,0.14180848152563025,-0.26276378943574497,0.08791848931334406,-0.42382591273833314,0.1476814777596507,-0.2523142004337672,True,False,0.47731184838830626,0.3649905163043823
1067,2023-02-06,2023-03-06,-0.001550955901152095,0.142418600463245,-0.010890121768556216,0.1078407177070858,-0.014381913753251919,0.14167204761474597,-0.010947508187145474,True,False,0.47549649340798866,0.31014844652355716
1068,2023-02-07,2023-03-07,-0.01697348114772242,0.14334452863164268,-0.11841038726591199,0.1095996845631743,-0.15486797444146605,0.13010375557434084,-0.13046111599771484,True,False,0.47242083194128365,0.30346098010649875
1069,2023-02-08,2023-03-08,-0.030871227074366583,0.14476197032993376,-0.21325509043574448,0.11552732202080657,-0.2672201392221889,0.1307946719404001,-0.23602817008045893,True,False,0.46776569949220087,0.3003309125260575
1070,2023-02-09,2023-03-09,-0.04130301259013944,0.11496412282528276,-0.35926871423104645,0.06108229674975734,-0.6761863058186908,0.08724039833205723,-0.47343906469718966,True,False,0.5893809147945771,0.29661222486080996
1071,2023-02-10,2023-03-10,-0.06043676019205637,0.10910860036138237,-0.5539138069032293,0.05470414973961836,-1.104792972374567,0.08043486878788524,-0.751375132486809,True,False,0.6211190190409588,0.29764025194706734
1072,2023-02-13,2023-03-13,-0.08730320862510169,0.10590839070173186,-0.824327591483968,0.05915469946776714,-1.4758456962945508,0.07838869512808251,-1.1137219274087085,True,False,0.6399632065820198,0.3059310683013814
1073,2023-02-14,2023-03-14,-0.09521099953204597,0.09451476788044125,-1.0073663795321959,0.04984069030894347,-1.9103065977190368,0.06226136074648438,-1.529214883685659,True,False,0.7174106496090342,0.30400227134360747
1074,2023-02-15,2023-03-15,-0.0202810056505648,0.0926105460122355,-0.2189923990717571,0.069184529509552,-0.29314365211899995,0.11200166372031113,-0.181077717748999,True,False,0.7322348343042941,0.3560287647262286
1075,2023-02-16,2023-03-16,0.033479715950788885,0.08326596095073154,0.40208166180414145,0.06729780090259972,0.49748603225897625,0.10261911412864558,0.32625224096963046,True,False,0.8151269296346972,0.35650498658790125
1076,2023-02-17,2023-03-17,0.01783195896702664,0.08162736039961536,0.21845566094172839,0.05190654534536288,0.34353969905684884,0.09995992162042314,0.17839108592681546,True,False,0.8316629235512244,0.35857225076869914
1077,2023-02-20,2023-03-20,0.04133527989568265,0.0800364432464634,0.516455732151855,0.05747620012759857,0.7191721060876906,0.09980298791239783,0.4141687614800143,True,False,0.8483279820782179,0.37445448483409033
1078,2023-02-21,2023-03-21,0.04115426127515535,0.07582598632387569,0.5427461384989187,0.050000050323122894,0.8230843970995616,0.09363509849273141,0.4395174666084216,True,False,0.8958191652455677,0.3752993874312288
1079,2023-02-22,2023-03-22,0.03483777471291506,0.07691964218425205,0.4529112944839918,0.04841910100834785,0.719504781943571,0.09750310506672809,0.3572991310284239,True,False,0.8830046765772365,0.3787279088956596
1080,2023-02-23,2023-03-23,0.030873712396887527,0.07702814232593509,0.40081081361470744,0.045532949500316035,0.6780521081041156,0.09661187073809957,0.31956437817648287,True,False,0.8816603072514652,0.40710310655021
1081,2023-02-24,2023-03-24,0.023170044032034074,0.07737245071761856,0.29946116243100984,0.055142992733766286,0.4201811124742622,0.09798430245079895,0.23646689778363728,True,False,0.8777849366168256,0.42649037217534475
1082,2023-02-27,2023-03-27,0.019279262803494446,0.07679419966778904,0.2510510284226719,0.053235977570657324,0.3621472485952961,0.09890489387023754,0.19492728872232237,True,False,0.8843559607378769,0.41642892430020845
1083,2023-02-28,2023-03-28,0.024780886965032823,0.07685039775956577,0.3224561965516734,0.050423560155655245,0.4914545281716592,0.09972024702788577,0.24850406716404438,True,False,0.8836037007414952,0.4251030593553941
1084,2023-03-01,2023-03-29,0.02227711448794561,0.07651717921597645,0.2911387314091454,0.05121337613722103,0.43498625101880317,0.09949523020756561,0.22390133116403063,True,False,0.8875134280505218,0.42541941093277635
1085,2023-03-02,2023-03-30,0.021703317669673133,0.07652539957901652,0.2836093347969168,0.051470165190234875,0.421667923338835,0.09903911054648873,0.21913885888025667,True,False,0.8875040582329222,0.41177692721650394
1086,2023-03-03,2023-03-31,0.036314503424628955,0.07696926860135955,0.4718052293404216,0.051801644585208334,0.7010299328411352,0.0990034649461044,0.3668003280935458,True,False,0.8821731171696916,0.3982054988440372
1087,2023-03-06,2023-04-03,0.02994392728905533,0.07765157412422861,0.38561906344809455,0.051199034518665844,0.5848533584776594,0.09870936160296875,0.30335448231847084,True,False,0.8744487496638458,0.3949163096723429
1088,2023-03-07,2023-04-04,0.029005822302746787,0.07754638075220857,0.37404482351577295,0.05110929475952672,0.5675253872944536,0.09780566248805186,0.2965658793660356,True,False,0.8756692591145148,0.39332532981137874
1089,2023-03-08,2023-04-05,0.00297061482804288,0.07810295340444619,0.03803460302787693,0.060702812946914174,0.04893702093576359,0.09781031490551724,0.030371181515082873,True,False,0.8691831244389956,0.3437655251425629
1090,2023-03-09,2023-04-06,0.001856129563669493,0.07797092274697334,0.02380540717329838,0.06070083472728671,0.03057832024894892,0.09769175073333425,0.018999859760279094,True,False,0.8706777104038194,0.34400456186748507
1091,2023-03-10,2023-04-07,0.00724759112170861,0.08729628612078363,0.08302290330748781,0.07729791676492105,0.09376179106805728,0.13161759078163257,0.05506552033559956,True,False,0.7770849431323099,0.344655425496225
1092,2023-03-13,2023-04-10,0.041849140981296565,0.09213090831320948,0.45423562784191446,0.07835169897051589,0.5341191260835912,0.1472208158569856,0.2842610315510681,True,False,0.7361823983160639,0.3576313084878931
1093,2023-03-14,2023-04-11,0.07148991662653051,0.09633234448222897,0.7421174789296102,0.08998225782050032,0.7944890288165589,0.16052050740102355,0.4453631363619441,True,False,0.7038601482961577,0.35577161140747726
1094,2023-03-15,2023-04-12,0.11311963965936,0.10424693396935673,1.0851123899011879,0.12074176452301735,0.9368725072573847,0.17461408382634375,0.6478265508746657,True,False,0.6499309568473498,0.36331613793093837
1095,2023-03-16,2023-04-13,-0.014551170833003389,0.1149952731584003,-0.12653712133854295,0.07998435710191415,-0.18192520838121679,0.07897169378818758,-0.1842580567162651,True,False,0.588666814860179,0.29787254847584166
1096,2023-03-17,2023-04-14,-0.06717955287713642,0.13400623245909118,-0.5013166301622926,0.08198758402996424,-0.8193869068343825,0.09883538450588567,-0.679711554854485,True,False,0.505100553457266,0.31724529114477407
1097,2023-03-20,2023-04-17,-0.04241615833785949,0.16978060809387135,-0.24982922852065464,0.14245989622013777,-0.29774104476613855,0.16242964057010306,-0.26113557962072254,True,False,0.3986054438070205,0.33319336565371166
1098,2023-03-21,2023-04-18,-0.10342644677242237,0.17573516983058535,-0.5885358455688122,0.14266386384512136,-0.7249659723551586,0.1722983091727797,-0.6002754598636656,True,False,0.38509222593039205,0.3230302841448958
1099,2023-03-22,2023-04-19,-0.17153061089468868,0.2455860900653665,-0.6984540974980838,0.2805605717211145,-0.6113853056487039,0.3496347232812269,-0.49059947274378385,True,False,0.2754653884763905,0.32723741212081886
1100,2023-03-23,2023-04-20,-0.14474425011769687,0.2525935039051287,-0.5730323538805701,0.271181836515294,-0.5337534842955224,0.3647285518655827,-0.39685472765247354,True,False,0.2678351060723845,0.3257890284697831
1101,2023-03-24,2023-04-21,-0.010822900808005353,0.2603168193238093,-0.04157587986868685,0.1810392117444625,-0.05978208092996957,0.3354298068437692,-0.03226576943129643,True,False,0.25994639398109737,0.2916480373675204
1102,2023-03-27,2023-04-24,0.1261551214000049,0.26586656834404593,0.47450539639400335,0.15861923049314605,0.7953330816685312,0.2862968042247768,0.4406445323118529,True,False,0.25447486295025196,0.2571930837318634
1103,2023-03-28,2023-04-25,0.2103179895461417,0.21185854036097615,0.9927283988070078,0.10497919481988052,2.003425439745443,0.2062306758588253,1.01981913539436,True,False,0.3193725801640802,0.26924286632516664
1104,2023-03-29,2023-04-26,0.15219700519998625,0.21553265038011382,0.7061436164384899,0.11449062597904124,1.3293403184628196,0.2425573086233124,0.6274682303485885,True,False,0.31396814535290307,0.2563757248600837
1105,2023-03-30,2023-04-27,0.07355801103278155,0.18995678180987643,0.3872355086874663,0.09632105381904021,0.7636753141320076,0.23010473540959936,0.3196718698632784,True,False,0.3563287331789081,0.25735989850847757
1106,2023-03-31,2023-04-28,0.09179140011864674,0.17973083307622578,0.510715933084876,0.07953947517363204,1.1540357780620145,0.19118106666682458,0.48012808861775846,True,False,0.3766228398939678,0.25350139850523357
1107,2023-04-03,2023-05-01,0.10238275570871674,0.1785403618510846,0.5734431959654661,0.07960151982396761,1.2861909663927023,0.18371604435824795,0.5572880477933078,True,False,0.37913040737234455,0.25672403830094515
1108,2023-04-04,2023-05-02,0.0997857592463929,0.15909005647698876,0.6272281339017953,0.06826201679600977,1.4618050261331546,0.1426786222880837,0.6993742835903936,True,False,0.42555678236503086,0.2582612211353102
1109,2023-04-05,2023-05-03,0.07579543858372807,0.15848828954519678,0.47823999363759406,0.07725085394629382,0.9811598799467308,0.1512729920287516,0.5010507002421295,True,False,0.42719770141700425,0.27211902643813257
1110,2023-04-06,2023-05-04,0.04069350646452232,0.14496532865634465,0.2807119939760941,0.07608006320001355,0.5348774008972573,0.13554020805527303,0.30023199055388483,True,False,0.46715064340305723,0.2707892112880288
1111,2023-04-07,2023-05-05,0.10062824083036422,0.12132246447624753,0.8294279321210556,0.05266795143555149,1.9106161923442302,0.1051380851024936,0.9571055125482553,True,False,0.5583524607809879,0.28467139454277834
1112,2023-04-10,2023-05-08,0.09961840255846342,0.12128185244091398,0.8213792958595801,0.05220603803266886,1.9081777953754206,0.10501777181969775,0.9485861376824452,True,False,0.558540509249579,0.2844414836915829
1113,2023-04-11,2023-05-09,0.09344895047273027,0.12076164215767668,0.7738297426488733,0.048648352099245375,1.9209068023946456,0.10380855356132085,0.9002047255916051,True,False,0.5609480520253144,0.2752453491431847
1114,2023-04-12,2023-05-10,0.1025180482848044,0.11980130611781602,0.855733978258845,0.049992010670408635,2.050688638244492,0.09929262929363208,1.032483972014015,True,False,0.5654464901877888,0.27443279181107033
1115,2023-04-13,2023-05-11,0.10823861236045025,0.1198072413804755,0.9034396511702795,0.05602497025964286,1.9319709025962495,0.10369065417973414,1.0438608302425485,True,False,0.5654464901877888,0.2723969497426944
1116,2023-04-14,2023-05-12,0.06888831367524235,0.12316499350969398,0.5593173166515073,0.06584106873220248,1.0462818268554241,0.12319430485091667,0.5591842395523673,True,False,0.5500005837015386,0.251633120191355
1117,2023-04-17,2023-05-15,0.09119228519454561,0.12437543777215873,0.7332017223657875,0.05363507104072232,1.700236122094591,0.10889741243550907,0.8374146194571084,True,False,0.5446467013844372,0.24202020177225106
1118,2023-04-18,2023-05-16,0.09168146080708414,0.12270571797091635,0.7471653507525577,0.04893707174516606,1.873456206871232,0.10180160948025059,0.9005895022206918,True,False,0.5520822313051963,0.22899061980655103
1119,2023-04-19,2023-05-17,0.05174257054429295,0.11976737565900632,0.43202558509431604,0.06811288931371687,0.7596590170470541,0.12048414788950837,0.4294554217351828,True,False,0.5657145239940959,0.2398709293894557
1120,2023-04-20,2023-05-18,0.030565891473835982,0.11862255043916735,0.2576735313873642,0.0849330588185756,0.35988214599838425,0.12915852774721792,0.23665407160460894,True,False,0.5711899592078378,0.25224351364898473
1121,2023-04-21,2023-05-19,0.02338484095911604,0.1184648040875659,0.197399059908381,0.09758835806960706,0.23962736356765307,0.1312881930397321,0.1781183853451241,True,False,0.5719675345370483,0.2572410945810027
1122,2023-04-24,2023-05-22,0.03424623487372293,0.11846850598646505,0.2890745906564867,0.09444716296709528,0.3625967556659597,0.130181195238746,0.26306591217661657,True,False,0.5719360981522471,0.26074426887913366
1123,2023-04-25,2023-05-23,0.043590660908169016,0.1151770409786427,0.37846658099379404,0.08801119850744543,0.4952853914889183,0.12313559788101976,0.3540053539212004,True,False,0.588300844134713,0.2615088272437063
1124,2023-04-26,2023-05-24,0.01734347130076528,0.11759868543501285,0.14748014602892473,0.09154757209213697,0.18944763803577608,0.13178536059871984,0.13160392946508925,True,False,0.5761858527612703,0.25334874777798444
1125,2023-04-27,2023-05-25,-0.0010593375805331851,0.11583468242776934,-0.00914525389400323,0.0934363563922277,-0.01133753092946274,0.13843434420104217,-0.0076522743445423865,True,False,0.5849073774076033,0.2515139440343477
1126,2023-04-28,2023-05-26,0.02946067479905241,0.11981269201541588,0.24588943210842645,0.0937366106493304,0.3142920849705681,0.138226786371277,0.21313289249104778,True,False,0.5654597060990655,0.25653164496134195
1127,2023-05-01,2023-05-29,0.013229749834469647,0.12305804805782812,0.10750820481284287,0.10337248056552853,0.12798135211704836,0.16066135724053038,0.08234556250301706,True,False,0.5504823613829178,0.2518813683444574
1128,2023-05-02,2023-05-30,0.011579825623002893,0.12317669184534658,0.09400987678368439,0.10184313869529935,0.1137025603428046,0.1566306996310659,0.07393075335983602,True,False,0.5499860768561352,0.25137992356427685
1129,2023-05-03,2023-05-31,0.017824325515972125,0.12982871742872382,0.137291085277475,0.11011676570723163,0.1618674994810673,0.17810290016858332,0.10007880556184379,True,False,0.521688176479872,0.2589234064135661
1130,2023-05-04,2023-06-01,0.15985705649889684,0.1185599362521509,1.3483227264808582,0.1332905441891419,1.199312805505967,0.14889385923253426,1.073630956460339,True,False,0.5712129772617905,0.2987773353975085
1131,2023-05-05,2023-06-02,0.2092582534694506,0.1256378562671464,1.6655668895249245,0.14831962455889966,1.4108601885406702,0.14096270075396425,1.4844937870102897,True,False,0.538783918120039,0.2983687711327864
1132,2023-05-08,2023-06-05,0.17162502002175706,0.14955664962641108,1.1475586037161989,0.2134025463438196,0.8042313597572849,0.239490636720266,0.7166251773852081,True,False,0.452536229441954,0.2801268846691006
1133,2023-05-09,2023-06-06,0.17223143732595497,0.14785499145411826,1.164867250216582,0.20726896044973167,0.8309562461848973,0.22807953412470783,0.7551376233160113,True,False,0.45775569869952154,0.2806250084824749
1134,2023-05-10,2023-06-07,0.1630776602373385,0.15120387383261735,1.078528321422938,0.2085477888949632,0.7819678218668331,0.2347026714627557,0.6948266043201679,True,False,0.4476557991769924,0.2801432836700599
1135,2023-05-11,2023-06-08,0.15407982363283138,0.1527791600393359,1.008513357405294,0.21387579546625124,0.7204173024672377,0.2461082768330464,0.6260651840545582,True,False,0.44305332899404004,0.2820126763675082
1136,2023-05-12,2023-06-09,0.14097409426176147,0.15238792749426214,0.9251001478911088,0.2045776241733322,0.6890983059922455,0.24202247746520114,0.5824834773126857,True,False,0.4442516745515847,0.2731038450888403
1137,2023-05-15,2023-06-12,0.13928225555841997,0.14541710145741205,0.9578120741129696,0.18806129823679252,0.7406215785187568,0.21975215544523624,0.6338151963798602,True,False,0.46559430357249726,0.26873544555320755
1138,2023-05-16,2023-06-13,0.15521342032613522,0.14522801356110077,1.0687567537431981,0.18060207240920886,0.8594221442512135,0.20885586950062937,0.7431604421616099,True,False,0.4661793534647278,0.27905434143184904
1139,2023-05-17,2023-06-14,0.1846401605581669,0.14816465708678747,1.246182215034007,0.17256472426771874,1.069976273202362,0.19781391353865616,0.9334033044247169,True,False,0.4568683651185648,0.289223091852414
1140,2023-05-18,2023-06-15,0.2196231529334969,0.1495406209123222,1.4686521400915213,0.1338353123786,1.6409955566301964,0.18479829952016896,1.1884479105259687,True,False,0.4525466589299591,0.2779582957704246
1141,2023-05-19,2023-06-16,0.2596590137882778,0.1485615826601181,1.747820729551128,0.09963944579527727,2.605986130450609,0.15504985281018188,1.6746808144743135,True,False,0.45536251888554924,0.2588853951820412
1142,2023-05-22,2023-06-19,0.28957542381039736,0.14932087835380753,1.939282885305995,0.09480434460988761,3.0544530949713047,0.14683686930218526,1.9720893341471415,True,False,0.45299874486695274,0.2553152230190544
1143,2023-05-23,2023-06-20,0.2648569141518603,0.1505029457437705,1.759812160771764,0.10897802939715696,2.4303698242388108,0.15727612388082676,1.6840249340869502,True,False,0.44953334126700406,0.26882130143516403
1144,2023-05-24,2023-06-21,0.26655469801725434,0.16068074064917492,1.6589088209348073,0.12164108125532143,2.191321346920314,0.17259606452022597,1.5443845649563908,True,False,0.421005006378503,0.2644528410670811
1145,2023-05-25,2023-06-22,0.29531924733182074,0.181300693298074,1.6288919913080002,0.1411583571880656,2.092113093512177,0.21376292669274724,1.3815269649460717,True,False,0.37305103876887047,0.26162057213779466
1146,2023-05-26,2023-06-23,0.378563471345102,0.1785461365781366,2.120255742299036,0.11434764992886609,3.310636218414637,0.1717682738918842,2.2039196340959943,True,False,0.37863419946926036,0.2638373244383446
1147,2023-05-29,2023-06-26,0.355924673494509,0.17758693200543463,2.004227841965403,0.1085631365822301,3.2785039627601154,0.18665531583449407,1.9068552744037832,True,False,0.380735591520897,0.2626824125204366
1148,2023-05-30,2023-06-27,0.3637835159989401,0.17747603754381633,2.049761314448589,0.10771513268613091,3.3772739904518527,0.17853220399656358,2.037635271706735,True,False,0.3809359483264005,0.26299421154191444
1149,2023-05-31,2023-06-28,0.35545570537245913,0.17764100570823887,2.0009777807510654,0.12009040857129842,2.9599008746932762,0.19435524060749831,1.8288969428424329,True,False,0.38065234901085326,0.280079936132772
1150,2023-06-01,2023-06-29,0.33328210107899137,0.18037014753070243,1.8477675249573127,0.10352296050079682,3.219402724446101,0.20596320662338347,1.61816329500258,True,False,0.37492377823837686,0.2700435665741147
1151,2023-06-02,2023-06-30,0.1410830286436124,0.22913088125910996,0.6157311832797882,0.07499737542891266,1.8811728788741413,0.12553502884834913,1.1238538751924438,True,False,0.2953192742660557,0.21807894650939835
1152,2023-06-05,2023-07-03,0.16708748077115584,0.24543264903408157,0.6807875049580446,0.08582220183268613,1.9469027501403386,0.14153215837598976,1.1805619492304826,True,False,0.2756766246511036,0.2191088135173927
1153,2023-06-06,2023-07-04,0.16709225216394388,0.24543265089618102,0.6808069405346747,0.08581148981423198,1.9472013890642341,0.1415321431032583,1.1805957890571726,True,False,0.2756766246511036,0.21910941303745102
1154,2023-06-07,2023-07-05,0.20292705927953072,0.2516363690582935,0.8064297702234017,0.10402968388750723,1.950664961156341,0.15089638119613458,1.3448106420508976,True,False,0.26886652133184635,0.22141551705504628
1155,2023-06-08,2023-07-06,0.2844055596922822,0.22577280774187103,1.2596980235877067,0.12101922654021235,2.3500857493728877,0.15254016417278804,1.8644634430190152,True,False,0.2996335178689823,0.23871065488005208
1156,2023-06-09,2023-07-07,0.3559297213585505,0.22098810796623022,1.6106283936913974,0.17372794816659412,2.0487764065298024,0.16708343850986437,2.1302513554479963,True,False,0.3060397850713511,0.27026348999294575
1157,2023-06-12,2023-07-10,0.35414428288082866,0.22073573379807165,1.6043812969802105,0.1705522515000523,2.0764562165907265,0.16716846316599082,2.1184873999181244,True,False,0.3063920873899245,0.270024463895154
1158,2023-06-13,2023-07-11,0.3744468956614388,0.24072523566970452,1.555494980074344,0.19469121561859656,1.9232860325603323,0.19266169413850245,1.9435461591667147,True,False,0.28092431044578553,0.2686468745310201
1159,2023-06-14,2023-07-12,0.5466625768406284,0.21764121529185465,2.5117603580165615,0.25873620266503616,2.11281827285819,0.25280137388788465,2.1624193272108907,True,False,0.31039419104597527,0.32467663466500873
1160,2023-06-15,2023-07-13,0.5222724261876656,0.2243298142319671,2.3281454049064223,0.2884412997928265,1.8106714487931814,0.28200717776520673,1.8519827414552499,True,False,0.301192269743355,0.3265473100688142
1161,2023-06-16,2023-07-14,0.5788024447916135,0.22991248379186544,2.5174902869371385,0.2540260700829442,2.2785159200495593,0.2728346229274959,2.1214405949696005,True,False,0.29381313099828066,0.325553512684792
1162,2023-06-19,2023-07-17,0.6516711811893036,0.24428281991281417,2.6676914136732517,0.2699725553739251,2.413842326627265,0.2995254893898741,2.175678545811715,True,False,0.27647260693333325,0.3265128085525146
1163,2023-06-20,2023-07-18,0.6913358107203034,0.25273342967064516,2.735434768646285,0.2493767348056942,2.7722546421941425,0.3044797493303583,2.270547753145346,True,False,0.2671911308944206,0.32636279165149407
1164,2023-06-21,2023-07-19,0.7736710919864069,0.24945671337596168,3.1014242171161386,0.22263994428733055,3.4749878080634837,0.2666622560952869,2.901314581655492,True,False,0.27053818247525485,0.3156873329326877
1165,2023-06-22,2023-07-20,0.8270538229954003,0.25875471942051925,3.196284979255976,0.2319618106667427,3.5654740779016447,0.28782611436433514,2.8734495645815574,True,False,0.26079965663404625,0.3200869570813409
1166,2023-06-23,2023-07-21,0.772769473002391,0.2571821007682204,3.00475604909547,0.2425486783134542,3.1860386887110295,0.31868411072105907,2.424876066942629,True,False,0.2624918678677776,0.3283786108256292
1167,2023-06-26,2023-07-24,0.7225318511974169,0.26113056528041595,2.7669371083447225,0.2707635989741194,2.668496998617895,0.3299127360985754,2.19006959155869,True,False,0.25858235760167386,0.3177300580285007
1168,2023-06-27,2023-07-25,0.826352173066684,0.2774540635179552,2.9783386935805582,0.2080498668388757,3.9718947463045136,0.32568730831425213,2.537256294523291,True,False,0.24329278575571253,0.3183388474287814
1169,2023-06-28,2023-07-26,0.783927203376666,0.27261387652907637,2.875595378187046,0.22969021866610906,3.4129759984086556,0.33112436110054044,2.3674706408527864,True,False,0.24765824680238183,0.317566913763687
1170,2023-06-29,2023-07-27,0.7139996612764631,0.24266281166722747,2.9423530386501797,0.2684579230191237,2.6596334101325856,0.2929535657635348,2.4372451634631638,True,False,0.2781965248500453,0.3053328299431514
1171,2023-06-30,2023-07-28,0.5964307239181945,0.22322589046715033,2.671870734483483,0.2814370133460176,2.11923341861542,0.2721519871513355,2.191535436360924,True,False,0.30253635752306235,0.3013273022941664
1172,2023-07-03,2023-07-31,0.5976619684922573,0.22195719662787267,2.692690201409783,0.2820129724058078,2.1192711930720707,0.27255981061950335,2.192773641623197,True,False,0.30427714068718836,0.3016488776033559
1173,2023-07-04,2023-08-01,0.6412662618534828,0.22076108839651237,2.904797518943622,0.2744701050063237,2.336379263740611,0.2834419524118462,2.26242536221918,True,False,0.30589195426088556,0.33710692710585854
1174,2023-07-05,2023-08-02,0.5592804047379559,0.17715156737203847,3.157072855942637,0.21209361470316135,2.636950695195161,0.20330413150337964,2.7509544474193763,True,False,0.38116302964043847,0.35375076940237293
1175,2023-07-06,2023-08-03,0.545371413722301,0.17770854662728877,3.0689093128768756,0.2126401639614919,2.564762007148683,0.2059460079967117,2.648128113903567,True,False,0.38002109129843814,0.35643692948640693
1176,2023-07-07,2023-08-04,0.38408715611489863,0.17924662677439157,2.1427859649394083,0.22507649515994063,1.7064738627725837,0.25093338104424995,1.5306339655431023,True,False,0.37718113710026235,0.35957283687846703
1177,2023-07-10,2023-08-07,0.22309858343635888,0.16928519435211686,1.3178859751450502,0.22594502802605748,0.9874020481239785,0.26822285045474714,0.8317657614111392,True,False,0.39974854865347353,0.33762353268529255
1178,2023-07-11,2023-08-08,0.23889687787482988,0.16931384782810613,1.4109706969589817,0.23049250453032588,1.036462675268463,0.2668221180476573,0.895341359340234,True,False,0.39963889847686246,0.351683451790234
1179,2023-07-12,2023-08-09,0.2333651599179131,0.1697649511681204,1.3746368629812675,0.22753546781154754,1.0256210258665865,0.26977088073374683,0.865049479332928,True,False,0.3985830303849051,0.35039188489787254
1180,2023-07-13,2023-08-10,0.05265563762246873,0.18299784286303913,0.28773911647624023,0.13464162114687675,0.39107994373469535,0.24277011982598132,0.21689505141824092,True,False,0.3698333894534471,0.28343103625540766
1181,2023-07-14,2023-08-11,-0.014337065734173362,0.17417618667607082,-0.08231358148193434,0.1431739875320747,-0.10013736420494321,0.2387563830630351,-0.0600489316777268,True,False,0.38846325240759927,0.27257386410107665
1182,2023-07-17,2023-08-14,-0.029855799690235708,0.1748403291789339,-0.17076037222328086,0.13981100128132792,-0.21354399451127468,0.23589213653807362,-0.12656547237392504,True,False,0.38686892712620097,0.274148810234695
1183,2023-07-18,2023-08-15,-0.03584195790212577,0.16061013643844824,-0.22316124434563156,0.11781717236793765,-0.30421675534864284,0.18164345915970218,-0.19732038834722518,True,False,0.4212043501141798,0.2738857654691158
1184,2023-07-19,2023-08-16,-0.04577853016898747,0.16103608252934395,-0.2842749863878843,0.11707370899948397,-0.3910231473847749,0.18006301072477673,-0.25423616979813346,True,False,0.42002880758212124,0.2696683613592466
1185,2023-07-20,2023-08-17,-0.0505603222676438,0.15699214770574363,-0.3220563767457398,0.11186827457596461,-0.45196301149089957,0.16839993100706452,-0.30023956640173893,True,False,0.43091321268326027,0.26778865099133464
1186,2023-07-21,2023-08-18,-0.0325319324143337,0.15418414628027008,-0.21099401721366598,0.10924076078720057,-0.29780030988346406,0.1651072372925442,-0.1970351690682838,True,False,0.4388590853541622,0.2706151421556723
1187,2023-07-24,2023-08-21,-0.015438652719116226,0.15513708750661442,-0.09951619543236548,0.11257580625702478,-0.13714005906267135,0.16584725752177715,-0.093089587068324,True,False,0.43623169513987714,0.2679674496712662
1188,2023-07-25,2023-08-22,-0.0038814454274585307,0.15476627729484962,-0.025079400340320124,0.1136680674668582,-0.034147192909655386,0.16473068683401462,-0.02356237020592004,True,False,0.43727169616275957,0.26719276225810656
1189,2023-07-26,2023-08-23,0.038964924085921435,0.14932514371950273,0.26094014119359854,0.11955109869217158,0.3259269426394065,0.15793946450614413,0.24670796629429897,True,False,0.4532963316770057,0.2790582897709649
1190,2023-07-27,2023-08-24,0.029389067888289263,0.14726774414373617,0.19956215163861657,0.11599682750445166,0.25336096271392755,0.1484389582265896,0.19798756498565115,True,False,0.4596012735100182,0.2768428126966578
1191,2023-07-28,2023-08-25,-0.001757732939057304,0.14141972734300243,-0.012429191966931609,0.10006319794360628,-0.01756622789577372,0.1480743318448699,-0.011870611990326543,True,False,0.47860345947794936,0.2783369501314899
1192,2023-07-31,2023-08-28,-0.0036022535010079852,0.144719939459598,-0.024891203758509308,0.09877979269945787,-0.03646751428167105,0.1555254052486687,-0.023161833240352998,True,False,0.46768761526877717,0.2814120833426817
1193,2023-08-01,2023-08-29,0.0073837108233750035,0.14311222015292102,0.05159385282043154,0.0984236714587358,0.0750196646186952,0.1535063374407531,0.04810036475676323,True,False,0.47296500715017153,0.28272544956838813
1194,2023-08-02,2023-08-30,0.01895676974298591,0.1421761040466737,0.13333302294429708,0.0988801359686072,0.1917146407343571,0.16387987920904362,0.11567478469278608,True,False,0.47628141711565497,0.2740826932504814
1195,2023-08-03,2023-08-31,-0.09855944106977975,0.16448232702559426,-0.5992099142325693,0.14444609964415592,-0.6823267731879344,0.15746601137118907,-0.6259093007534754,True,False,0.4115333602032136,0.26691569405581533
1196,2023-08-04,2023-09-01,-0.11699562196863413,0.16376859572229865,-0.7143959527321272,0.14306910104808299,-0.8177560431396992,0.15641549244149425,-0.7479797566241416,True,False,0.4132861221546402,0.2782981745417425
1197,2023-08-07,2023-09-04,-0.018645121797558895,0.16965400420891777,-0.10990086490737143,0.07435836395646336,-0.2507467997611616,0.10534770060478335,-0.1769865093449634,True,False,0.39889712626506574,0.25023887628529473
1198,2023-08-08,2023-09-05,0.03866817085406312,0.17893141656071593,0.21610610141759,0.07921805502032878,0.48812320428897393,0.12840382715578372,0.3011450025329045,True,False,0.37812337260994694,0.2700042851382546
1199,2023-08-09,2023-09-06,0.04130752506080221,0.1776315583732503,0.232546093943534,0.08382300030108877,0.49279463765824744,0.12892848749326222,0.3203909846763768,True,False,0.38091795298079195,0.26316032924574245
1200,2023-08-10,2023-09-07,0.04291824393537264,0.1776211733853231,0.24162797214647266,0.0846905946105395,0.5067651742526742,0.12861077306095298,0.3337064455326168,True,False,0.38089700650785696,0.25811201185502647
1201,2023-08-11,2023-09-08,0.04796185576789219,0.1759904501037951,0.27252533157114717,0.0863102341857449,0.5556914104146137,0.1247847374634076,0.3843567470096792,True,False,0.38436623592786023,0.24566051702692784
1202,2023-08-14,2023-09-11,0.10327517485054273,0.18256814889191608,0.565680133568554,0.054626823688558285,1.8905579324791304,0.13454261754166133,0.7676019445553258,True,False,0.3706507668721236,0.27039542995733534
1203,2023-08-15,2023-09-12,0.09131399984960782,0.18090283585845485,0.5047682056297631,0.0544196653162156,1.677959600063889,0.13350523072453072,0.6839731998068408,True,False,0.3741271508545317,0.2620167310840527
1204,2023-08-16,2023-09-13,0.138531624451956,0.2039611584682584,0.6792059110289622,0.06988481406596185,1.982285083011036,0.1688464888452388,0.8204590181258149,True,False,0.3317806903248606,0.2667263495716966
1205,2023-08-17,2023-09-14,0.11636857319677646,0.20386358317062353,0.5708158926029562,0.06761927813618707,1.7209378213474416,0.1588407697270801,0.7326114913489824,True,False,0.3319466140344446,0.26737119703031004
1206,2023-08-18,2023-09-15,0.07341443613774884,0.20774975546470476,0.3533791699226401,0.08663507008311976,0.847398588900699,0.16753647571293528,0.43819971636230737,True,False,0.32575839939180695,0.26663003597818963
1207,2023-08-21,2023-09-18,0.06090367510472382,0.20800533634245272,0.29279861841839544,0.08295956633985573,0.7341368547567282,0.16921586231751803,0.3599170566553841,True,False,0.3253579926207588,0.26569920552464665
1208,2023-08-22,2023-09-19,0.056827744883567004,0.20723128717680087,0.27422377025088884,0.08278486884010822,0.6864508657170776,0.16919136358403356,0.33587852050936357,True,False,0.326579074917532,0.2659624796327363
1209,2023-08-23,2023-09-20,-0.0027387731876485242,0.1936934441575274,-0.014139730952489694,0.09547962789174608,-0.028684372238586015,0.15657698268725811,-0.017491544035682836,True,False,0.34944631977508483,0.26813346718329645
1210,2023-08-24,2023-09-21,0.08159944942974147,0.15998146181858575,0.5100556558376297,0.07172029767612889,1.1377455486621706,0.1803151357339173,0.4525379918752578,True,False,0.4231160070505019,0.27718269464856404
1211,2023-08-25,2023-09-22,0.07851280377975693,0.16704628151592305,0.4700062944668002,0.08214691018256146,0.955760887479174,0.21484876719271945,0.3654328800934236,True,False,0.4052113918601243,0.27648243291698044
1212,2023-08-28,2023-09-25,0.1294245424821308,0.1827181436589628,0.7083289042367753,0.07049548248830097,1.8359267560670909,0.21190180217646484,0.6107760347141848,True,False,0.3703518579111155,0.28954677297382336
1213,2023-08-29,2023-09-26,0.12365114901253306,0.16200640883899914,0.7632485029367988,0.05816730458138376,2.125784405903298,0.1414511519155897,0.8741614849932172,True,False,0.4177101708159476,0.28883997546145185
1214,2023-08-30,2023-09-27,0.06616712005207219,0.16114883836962332,0.41059632028067256,0.06742054091474352,0.9814089171391203,0.16419782751152978,0.4029719580024651,True,False,0.4198824362639849,0.2962416150972549
1215,2023-08-31,2023-09-28,0.07898496488925805,0.15822972872249436,0.4991790450945097,0.07662905755937062,1.03074430777205,0.15703664415523455,0.5029715536405598,True,False,0.42762652552365876,0.2943050495131567
1216,2023-09-01,2023-09-29,0.09841316333901311,0.15948900221773069,0.6170529752556966,0.06557955940045097,1.500668260640012,0.16004049647444038,0.614926631115084,True,False,0.42434973557830524,0.2950036323198393
1217,2023-09-04,2023-10-02,0.12912170987082205,0.1618797296280471,0.7976397672982682,0.05119996472519043,2.5219101334125344,0.1479726306484725,0.8726053548211009,True,False,0.41801554015415,0.30710782994134395
1218,2023-09-05,2023-10-03,0.2045658714957074,0.1456946500477596,1.404072637043635,0.0801262162791489,2.553045444989285,0.12310467628618332,1.6617229959660509,True,False,0.46425427813891385,0.32508833350593275
1219,2023-09-06,2023-10-04,0.21730443597749877,0.13802491935345187,1.5743855312172235,0.07698268781898351,2.822770185531411,0.10949106810908299,1.984677286744561,True,False,0.49022577187707184,0.3138260555368656
1220,2023-09-07,2023-10-05,0.20541384207798208,0.13793228169270919,1.4892368889801366,0.07298305420034944,2.814541599123685,0.11208841101015933,1.8326055318900367,True,False,0.4906083260298408,0.30997617487331636
1221,2023-09-08,2023-10-06,0.24602702168867072,0.1333822039533643,1.8445265889795275,0.08676500291171899,2.835555966487968,0.10612017642488246,2.3183811974042636,True,False,0.5073196056444719,0.3299673177510657
1222,2023-09-11,2023-10-09,0.2489157255575904,0.13499007340522964,1.8439557759952085,0.08720545001294731,2.8543597392208184,0.110111794100104,2.2605727896077874,True,False,0.5012638582271055,0.32992993194097103
1223,2023-09-12,2023-10-10,0.2606340609188966,0.13292900385372253,1.9607012266916786,0.09723352186054138,2.680495943494826,0.10434082039610858,2.497910788217428,True,False,0.508972578087653,0.31855359274991096
1224,2023-09-13,2023-10-11,0.2669181917085699,0.12991206348898462,2.054606666541034,0.09439089076033526,2.827796088780356,0.09628652230255733,2.7721241283369173,True,False,0.5207835417627747,0.3205797740134011
1225,2023-09-14,2023-10-12,0.2660471932387441,0.13140582403791976,2.0246225400327074,0.10683380342743529,2.490290382851073,0.09999258913813337,2.6606691108999776,True,False,0.5147624080332742,0.3214956648722284
1226,2023-09-15,2023-10-13,0.2517948341312079,0.11894868656774253,2.1168357667220485,0.07877983827229555,3.1961836892949855,0.09193954513242317,2.738700020416031,True,False,0.5687761777237915,0.3250673404948244
1227,2023-09-18,2023-10-16,0.2560145016133006,0.10945958903420064,2.3388951472612316,0.06705497537065139,3.8179792058406,0.07411253544456403,3.4544021477284192,True,False,0.6181455550521061,0.3313469276744914
1228,2023-09-19,2023-10-17,0.24629050106478378,0.1090678174487547,2.2581409147616154,0.06731812730366132,3.658605949535801,0.0740313264867233,3.3268416595095496,True,False,0.6204784876463343,0.3351411233144923
1229,2023-09-20,2023-10-18,0.26675512462813844,0.10697600657658952,2.493597706296458,0.06619999007691711,4.029534208663752,0.07649740171236076,3.48711353140031,True,False,0.6323169886123964,0.3505553137544155
1230,2023-09-21,2023-10-19,0.23828107837033102,0.10247202995809133,2.325327979427971,0.06925738019119643,3.440515331543249,0.08408827289052426,2.833701658738462,True,False,0.6603298921508074,0.3462995523720943
1231,2023-09-22,2023-10-20,0.22640755655703146,0.10958993286044974,2.065952142203934,0.0774201769466446,2.924399884968798,0.09391380308287446,2.410801704593281,True,False,0.6176187621256995,0.33961652643304074
1232,2023-09-25,2023-10-23,0.23746218718188777,0.10630665820390903,2.233747078441753,0.07000903211818074,3.3918793046736164,0.08947757518107481,2.6538737410053646,True,False,0.6367104346059856,0.3473756373719093
1233,2023-09-26,2023-10-24,0.21042505956516652,0.10317789457443477,2.039439362792592,0.0760668998512402,2.7663157033701005,0.09164286710664751,2.2961422553518394,True,False,0.6562802704174404,0.3384996479008293
1234,2023-09-27,2023-10-25,0.20653237190969986,0.10697194691310649,1.930715275075497,0.08427549936447255,2.4506810813009112,0.09910213504233985,2.0840355439513196,True,False,0.6330017298796701,0.33453653313838244
1235,2023-09-28,2023-10-26,0.23246699141560015,0.10773373231875925,2.1577920527972054,0.08793634218475724,2.6435826831093236,0.09819275455756084,2.3674556484646474,True,False,0.6283988219735714,0.3252072891426938
1236,2023-09-29,2023-10-27,0.20362314927744835,0.1091947413073857,1.864770655065197,0.08486160017337505,2.3994733644126383,0.09743855337541601,2.0897595687091037,True,False,0.620142797770135,0.3217346105808479
1237,2023-10-02,2023-10-30,0.20413571307368245,0.10482924356677119,1.947316475136614,0.08076898167787003,2.527402337296197,0.09015059837565191,2.26438555874096,True,False,0.6460187290879291,0.32128638097775103
1238,2023-10-03,2023-10-31,0.15566472776647092,0.10095963714290225,1.5418511018035548,0.09246424670286145,1.6835126366919684,0.09762613916087637,1.5944984519971008,True,False,0.6711678480488937,0.30276378957529104
1239,2023-10-04,2023-11-01,0.10464624439443826,0.10593094134538383,0.9878723162974936,0.08293140011018917,1.2618410427823121,0.0913299045621955,1.1458048149297513,True,False,0.6397929426568723,0.27418603596180896
1240,2023-10-05,2023-11-02,0.14193018462394696,0.10587278488134245,1.3405728845521165,0.07547265697733166,1.8805510539608528,0.10273192899622537,1.3815586450164081,True,False,0.6399895455875355,0.3169259399822616
1241,2023-10-06,2023-11-03,0.16915299165324071,0.10528902770511465,1.6065585877285455,0.08091037043697369,2.090621891108568,0.10922189482356108,1.5487095506491015,True,False,0.6432089633914272,0.36508242017780873
1242,2023-10-09,2023-11-06,0.15463242530312626,0.10650607619954026,1.45186482143442,0.08019529327818106,1.9281982642888782,0.11105445241887404,1.392401852740539,True,False,0.6359867506855206,0.3558826231796558
1243,2023-10-10,2023-11-07,0.1554247594735615,0.10673762334333461,1.4561384693157233,0.0795716724456954,1.9532674719088368,0.1095354568435179,1.418944732166507,True,False,0.6346705136240133,0.3672885357699558
1244,2023-10-11,2023-11-08,0.14609820415135003,0.10712607454159138,1.3637968606291817,0.07788494896573282,1.8758207598701657,0.1092952008087446,1.3367302779104355,True,False,0.6324491099036617,0.36102975657617786
1245,2023-10-12,2023-11-09,0.1434142558419855,0.10695916671584993,1.3408318356011781,0.07955388702800723,1.802730968902827,0.11223680665067794,1.277782753462892,True,False,0.6334603851479923,0.36056400230928376
1246,2023-10-13,2023-11-10,0.12179737042482514,0.10600484250223206,1.1489793065091394,0.07155764711210891,1.7020874126004448,0.10656642126111414,1.1429244689224516,True,False,0.6392315146597294,0.3498523288672242
1247,2023-10-16,2023-11-13,0.11172407967044233,0.11918983956251109,0.9373624470049462,0.07905043148268892,1.4133266267485023,0.128791624161933,0.867479390817906,True,False,0.56832513411615,0.3466988259153819
1248,2023-10-17,2023-11-14,0.14005489805689655,0.12768090799930426,1.0969133933294062,0.10505089169009366,1.3332099880700374,0.16123395697041376,0.8686439301529792,True,False,0.5302504793859067,0.39072255767748637
1249,2023-10-18,2023-11-15,0.1495175299280174,0.12946740051117722,1.154866239205206,0.10895172630710954,1.3723282319232124,0.16470090212522787,0.9078124527474293,True,False,0.5228845786814287,0.39169928129037296
1250,2023-10-19,2023-11-16,0.07867395486779825,0.13629475791814533,0.5772339015052035,0.10462347262689844,0.7519723145527801,0.1444234764867769,0.5447449180812475,True,False,0.4966426257500937,0.3654781794951633
1251,2023-10-20,2023-11-17,0.10862144692158822,0.16181714213646614,0.6712604455094374,0.13632309455694555,0.7967941695764127,0.18609709220023637,0.5836815913529371,True,False,0.4180973912332421,0.36665349908933864
1252,2023-10-23,2023-11-20,0.11761287502480634,0.1644285379426876,0.7152826175818756,0.14017894586629395,0.8390195424710094,0.1912162217863043,0.6150779150748301,True,False,0.4113544633437167,0.3758250119865735
1253,2023-10-24,2023-11-21,0.11282394059632382,0.1695974112256722,0.665245653108445,0.15643644547084756,0.72121263211231,0.2129526417813149,0.5298076588887066,True,False,0.3988559936428156,0.37520563352357145
1254,2023-10-25,2023-11-22,0.18738559775041946,0.17726949174312304,1.0570662549309693,0.16128860587009264,1.1618030718260794,0.22588546993252087,0.8295602094565775,True,False,0.3815151803917985,0.3805523440216332
1255,2023-10-26,2023-11-23,0.1764512000219097,0.19654268439271233,0.8977754657575665,0.19461596912007792,0.906663522113334,0.2663673288321639,0.6624355952193007,True,False,0.3440646911401643,0.37780660787415316
1256,2023-10-27,2023-11-24,0.13417874621435133,0.2041667909073046,0.6572016223503797,0.23328271571597564,0.5751765440595928,0.27681012138023,0.48473208112951066,True,False,0.331106661141678,0.3756953264089668
1257,2023-10-30,2023-11-27,0.20368527211848048,0.21090338939634645,0.9657752428800416,0.20268923840632558,1.0049140927263152,0.2872418344039229,0.7091072668476828,True,False,0.32054670218268405,0.37456141524688974
1258,2023-10-31,2023-11-28,0.20075239315611695,0.22673763687977663,0.8853951021045621,0.23950399702630124,0.8382005964354375,0.3816565840405664,0.5260026986322838,True,False,0.2980707616847385,0.3823126733165268
1259,2023-11-01,2023-11-29,0.5493200110213088,0.2510243990609276,2.188313220054677,0.14852371563803576,3.69853399278029,0.32383464692403785,1.696297836686274,True,False,0.2688844930363842,0.37348447147111785
1260,2023-11-02,2023-11-30,0.7610875536826219,0.27656378403013065,2.7519422195919336,0.28149329123721745,2.703750239792554,0.370736671858211,2.0529060420915184,True,False,0.2439337439085753,0.3893104715360895
1261,2023-11-03,2023-12-01,0.6604782996953825,0.31207979779446093,2.1163763382414795,0.2833587639180225,2.3308906721743856,0.47238992484612496,1.3981633920548262,True,False,0.21639917228293196,0.36557794875916033
1262,2023-11-06,2023-12-04,0.5514047326723444,0.31566957005422824,1.7467782294556287,0.28355269201310945,1.9446288051705443,0.42845141741124915,1.286971428415368,True,False,0.21414405549973708,0.335163653428829
1263,2023-11-07,2023-12-05,0.5287192016289048,0.31515548344427297,1.677645573069634,0.26607447134663353,1.9871098454240879,0.4094391468522721,1.2913254770425497,True,False,0.21452391186725484,0.34192555340417996
1264,2023-11-08,2023-12-06,0.5009520638469194,0.31333102751286196,1.598794948024596,0.25758362457936823,1.9448133190336523,0.4114038853335378,1.2176648828699859,True,False,0.21575662593702058,0.3321499523645433
1265,2023-11-09,2023-12-07,0.5294836096471873,0.3154091237082976,1.6787200174237,0.258688511298985,2.046799863621407,0.4400862399300808,1.2031360256374062,True,False,0.21432213965000874,0.33277246567524554
1266,2023-11-10,2023-12-08,0.502062706088845,0.3389650157071277,1.4811637863024683,0.2637593503038648,1.9034878024625173,0.4515756871005546,1.1118018981767017,True,False,0.19946264842337066,0.33488079243237573
1267,2023-11-13,2023-12-11,0.8026155185534732,0.393882198459594,2.0377044753288303,0.4147312346377238,1.935266629374019,0.5350725532408205,1.5000125005332492,True,False,0.1715613798203632,0.3373404569872136
1268,2023-11-14,2023-12-12,0.7753446532365211,0.41675402882683793,1.8604370914400405,0.4205917309566689,1.8434614762228891,0.5465228454577298,1.4186866288949842,True,False,0.16215107357563205,0.33213937704998964
1269,2023-11-15,2023-12-13,0.5351590454829652,0.43562125867913987,1.22849616454816,0.25003435718935935,2.1403420373851723,0.46113887620944316,1.1605160030790878,True,False,0.1552427060620341,0.2896480724379585
1270,2023-11-16,2023-12-14,0.05896572153242039,0.4223829759267833,0.13960250505607882,0.46981444867265487,0.125508531504328,0.6928162064822598,0.08511019370031186,True,False,0.16013955094024404,0.4059206419271647
1271,2023-11-17,2023-12-15,0.00858493035970567,0.4263499565055753,0.020135877179556855,0.4991812438577048,0.017198022692841534,0.7248231966222587,0.011844171654152653,True,False,0.15865339646289442,0.4071597865839324
1272,2023-11-20,2023-12-18,-0.019746011139457585,0.4332534004388599,-0.04557612501011198,0.43522055999905473,-0.04537012483854272,0.6964125871747715,-0.028353897535890075,True,False,0.15614024440935279,0.4063102979967865
1273,2023-11-21,2023-12-19,-0.1889844221541876,0.4458075583502557,-0.4239148004882165,0.44428999459158236,-0.4253627685852193,0.6921184574223999,-0.27305213454067795,True,False,0.151738347439648,0.4003944467166365
1274,2023-11-22,2023-12-20,-0.06756322517744986,0.3439343005826431,-0.19644224220438072,0.2311466587513183,-0.29229591957951906,0.3835845940129747,-0.17613644091025343,True,False,0.19670836524136526,0.40097283577247506
1275,2023-11-23,2023-12-21,0.08803240260103971,0.359284928156664,0.2450211397753198,0.25791089838868225,0.3413287424107658,0.36249194498240234,0.2428534035571835,True,False,0.18827367146776863,0.3912869009109072
1276,2023-11-24,2023-12-22,0.13264786968325987,0.3370068118716122,0.39360590056498346,0.24960859004363015,0.531423496523392,0.33431969088139446,0.3967695391604048,True,False,0.20070640170866874,0.39257963199478585
1277,2023-11-27,2023-12-25,0.06420608565981008,0.3435859980162751,0.18687049539419456,0.22996294341498347,0.27920187794755225,0.3286841730033321,0.19534279692609105,True,False,0.19689137543601165,0.38556318505283493
1278,2023-11-28,2023-12-26,0.06727578261484889,0.34569138172223446,0.19461226449927949,0.23930407712885463,0.28113095030396773,0.34290377298502817,0.19619434930448046,True,False,0.19568568587760451,0.3861742354587541
1279,2023-11-29,2023-12-27,0.15342934416909473,0.3300653831259445,0.4648453064541761,0.2578207296490222,0.5951008841607187,0.3361387361480775,0.45644648375635377,True,False,0.2049531111441648,0.3795774335913849
1280,2023-11-30,2023-12-28,0.11531613262193333,0.3343828771876488,0.3448625527473414,0.25268934278078586,0.4563553466596843,0.35214371108973513,0.32746895369813334,True,False,0.2022972133626017,0.37580219638048806
1281,2023-12-01,2023-12-29,0.12469157348974393,0.33440299143974367,0.37287816401670015,0.2527254307797144,0.4933875198275163,0.35319091841117006,0.35304297757900793,True,False,0.202258324795448,0.36421056078879477
1282,2023-12-04,2024-01-01,0.09879579172419439,0.3381199678080814,0.2921915329776424,0.2474833915829129,0.3992017043741516,0.35122640134071537,0.28128805621407493,True,False,0.2000550203016992,0.3621901375823935
1283,2023-12-05,2024-01-02,0.27717680575797965,0.3214316063081259,0.8623196982448472,0.3829050268048651,0.7238787332484764,0.4378127923535717,0.6330943512818498,True,False,0.21042795194607883,0.3851938346908453
1284,2023-12-06,2024-01-03,0.4245849518735239,0.29885734097479894,1.4206944038538003,0.3660265983481062,1.1599838749142661,0.36105429350474605,1.175958739479559,True,False,0.22626054071207602,0.3894927567032703
1285,2023-12-07,2024-01-04,0.42983984251502116,0.2989657281733476,1.4377562443070049,0.3621961771222807,1.1867597442087396,0.36056078035878125,1.192142534435672,True,False,0.2261837930096752,0.3875795284849062
1286,2023-12-08,2024-01-05,0.4138857529211224,0.2784932997538942,1.4861605406193799,0.3269814895880145,1.2657773179839762,0.3279444522014552,1.262060541481195,True,False,0.24279851842515401,0.3884556145177951
1287,2023-12-11,2024-01-08,0.5313490329998726,0.29191946071637925,1.8201905131501883,0.3066950394070108,1.7324995996910355,0.32736807265261925,1.6230936288148785,True,False,0.2315405615128808,0.3864615144615165
1288,2023-12-12,2024-01-09,0.441019711988795,0.29046848056190877,1.518304881602459,0.32711752265781996,1.3481995962965336,0.3478086882426457,1.2679950987340531,True,False,0.23277488530743698,0.39447634423809885
1289,2023-12-13,2024-01-10,0.4294514221729118,0.3014049361671266,1.424832080171323,0.3427301050503805,1.2530309297159161,0.36090789517538346,1.1899197216625577,True,False,0.22435500943262562,0.39379011162086963
1290,2023-12-14,2024-01-11,0.38208573190804423,0.2992002001362551,1.2770236508332657,0.3691114261632959,1.0351501059710042,0.3692323874875175,1.0348109885700676,True,False,0.2260167954184398,0.3830178135853677
1291,2023-12-15,2024-01-12,0.5235936982474946,0.29968481131720687,1.7471479316757474,0.2808416322465217,1.864373504950598,0.32594862417560694,1.6063687937685698,True,False,0.22560324365934994,0.25819248948767853
1292,2023-12-18,2024-01-15,0.5115407433075282,0.29232454173949135,1.7499069365287643,0.2707609273856008,1.8892709086456325,0.2917953450676016,1.7530805475632834,True,False,0.23128488949729534,0.25610124354515684
1293,2023-12-19,2024-01-16,0.6689092608029056,0.28480261719049477,2.3486766638646968,0.24772213448204325,2.7002401791891275,0.3430271667658338,1.9500183239408966,True,False,0.23724059275033635,0.3186786388780063
1294,2023-12-20,2024-01-17,0.6634791380296515,0.2649907022369106,2.5037827079550845,0.21248637403144746,3.1224549858969226,0.2738334123464183,2.4229298110279704,True,False,0.25489646066924504,0.31400985907875795
1295,2023-12-21,2024-01-18,0.8088827801139165,0.2814710979710952,2.873768518133901,0.1666037077582893,4.85513072306562,0.242973330534278,3.329101092433688,True,False,0.23985088147378947,0.3166425855985349
1296,2023-12-22,2024-01-19,0.7774604629737935,0.2633607245218859,2.9520744385299738,0.1422711124529512,5.464640358603354,0.22053579649960914,3.525325481458387,True,False,0.25632483759248065,0.31716610085360203
1297,2023-12-25,2024-01-22,0.7741119515945061,0.27253496991873716,2.840413293843818,0.15340594411443356,5.046166601061138,0.23010728736730107,3.3641348800868514,True,False,0.24771745445787813,0.3118431860534361
1298,2023-12-26,2024-01-23,0.6384115492739751,0.2627334592575385,2.4298829356491924,0.17978318933626697,3.5510080315678927,0.26062653244563994,2.4495263136999745,True,False,0.257064028594575,0.31994253932629907
1299,2023-12-27,2024-01-24,0.4750085498055622,0.2549563799066429,1.8630973266073811,0.29722840053820815,1.5981263867969464,0.3064960683882556,1.5498030767684838,True,False,0.2651173981931879,0.34139184500874714
1300,2023-12-28,2024-01-25,0.42967797434707117,0.2608229924765362,1.6473930088265716,0.27718403703198013,1.550154110416889,0.3008510574247089,1.428208290258719,True,False,0.2591310888364119,0.3308056306903085
1301,2023-12-29,2024-01-26,0.4472652465269908,0.2595863259113475,1.7229923223295605,0.2682890479070916,1.6671021423203176,0.30145440165866283,1.4836912118915742,True,False,0.26036495861265246,0.3346511708713965
1302,2024-01-01,2024-01-29,0.4489141842038986,0.25772825263422205,1.7418120815843,0.2577795820883723,1.7414652493695226,0.2909563660214681,1.5428917756375045,True,False,0.2622151624340589,0.33492902884579484
1303,2024-01-02,2024-01-30,0.47292768821174497,0.2552914416695099,1.8525011458236749,0.2536308264401997,1.864630158918204,0.29039275695151595,1.6285794906747797,True,False,0.2647199330123962,0.3409641135582743
1304,2024-01-03,2024-01-31,0.2207407182872987,0.2455950228801965,0.8987996405569588,0.23425794444462036,0.9422976830545988,0.2838884848263679,0.7775613668244004,True,False,0.275452741791966,0.3122285202261822
1305,2024-01-04,2024-02-01,0.17058873785937378,0.25413016155410617,0.6712652162819099,0.2609787288286285,0.6536499684286177,0.31570535328412097,0.5403416067698142,True,False,0.26623997550239875,0.304979682149
1306,2024-01-05,2024-02-02,0.17153239822273988,0.2543059205095912,0.6745120124573367,0.25976678791991603,0.6603322911149901,0.32084209563717425,0.5346318346477766,True,False,0.26602462561702783,0.31920746368138964
1307,2024-01-08,2024-02-05,0.09856355500543089,0.2674613957295736,0.36851507013403567,0.28954608142606597,0.3404071452805987,0.3453578228063021,0.2853954608716403,True,False,0.2529014423636112,0.32122897827553415
1308,2024-01-09,2024-02-06,0.15896792925241035,0.2602715060955075,0.6107773057342534,0.2711240694832319,0.586329091162605,0.34057671470455797,0.4667610038763548,True,False,0.25989775534203113,0.3304766816423581
1309,2024-01-10,2024-02-07,0.20333749534588377,0.26142676513114954,0.77779907211825,0.26766515714943045,0.7596711410307535,0.33833813745362096,0.6009889895245908,True,False,0.25876677250875196,0.32487490069387287
1310,2024-01-11,2024-02-08,0.20276956947411662,0.2615038000713635,0.7753981755476651,0.26700122418320094,0.7594331078234599,0.3385598500582663,0.5989179444615772,True,False,0.25868598498599205,0.325490931714975
1311,2024-01-12,2024-02-09,0.2073026716200013,0.26276311810736597,0.7889336719443886,0.2676540987261439,0.7745170823335963,0.3346244771170367,0.6195083916335746,True,False,0.25745476255290684,0.32573726108309253
1312,2024-01-15,2024-02-12,0.1546170363283279,0.24449063721214254,0.6324047337410633,0.24502132393512244,0.6310350211366417,0.28928052224175693,0.534488236989256,True,False,0.2767121125414083,0.31765930462941677
1313,2024-01-16,2024-02-13,0.2526719835897246,0.2007155071584748,1.2588563144263067,0.15361466903076673,1.6448428082028947,0.2028887372189311,1.2453721534925513,True,False,0.3369710436712305,0.33049479064761794
1314,2024-01-17,2024-02-14,0.16422861131900326,0.18179994478887804,0.9033479713633569,0.10308195777782478,1.593184829424461,0.18076521105929252,0.9085189033698242,True,False,0.3722552337630734,0.2782390117029095
1315,2024-01-18,2024-02-15,0.1267333185518059,0.18818024522476362,0.6734677085813915,0.12004792257096923,1.0556893933494302,0.22008738471941056,0.5758318165912972,True,False,0.3596697174777608,0.26886978265324585
1316,2024-01-19,2024-02-16,0.11353959528126364,0.19129701514588798,0.5935251796515248,0.12741403704885518,0.8911074314184741,0.227548349478966,0.4989691005944166,True,False,0.3538102715820806,0.2675468943354569
1317,2024-01-22,2024-02-19,0.0832323753633114,0.19657474298993952,0.42341337497041087,0.15260624804764697,0.5454060789000229,0.24254261018859566,0.34316599173477924,True,False,0.34430988927649336,0.26308106822999405
1318,2024-01-23,2024-02-20,0.06126105768287311,0.19324889952185234,0.31700598468839297,0.1555736771097303,0.39377521198309173,0.2365375063164089,0.2589908832509889,True,False,0.35025352277100646,0.2644299874140552
1319,2024-01-24,2024-02-21,0.12990626753809814,0.1984201842782336,0.6547028872624057,0.10429712764279435,1.245540222191086,0.21636635435919618,0.6003995765554052,True,False,0.3410871514579177,0.2494578989666092
1320,2024-01-25,2024-02-22,0.1618194820539194,0.19291740853188713,0.8388018649295325,0.08308389058160073,1.9476637519157654,0.18077085416320635,0.8951635638553936,True,False,0.35079500426826143,0.22153973176451228
1321,2024-01-26,2024-02-23,0.1468081802190655,0.18746791653497302,0.7831109607049894,0.08508998890580766,1.7253284682123795,0.18305848530204213,0.8019741886142863,True,False,0.36102347666732115,0.21402119946877476
1322,2024-01-29,2024-02-26,0.14017027023979595,0.18783099703778144,0.7462573933502641,0.08564537096975658,1.6366356833143196,0.18187652651718586,0.7706891753650847,True,False,0.3603252464467683,0.20977225266432747
1323,2024-01-30,2024-02-27,0.13410756470042823,0.18792058838598452,0.7136395530274438,0.09221800977018954,1.4542448382331055,0.19331482145197842,0.6937262424740778,True,False,0.3601630361293521,0.20661363043719944
1324,2024-01-31,2024-02-28,0.12971276026692377,0.1873063871516971,0.6925164818958952,0.09334778932696695,1.3895643507162463,0.18239636699552722,0.7111586837149263,True,False,0.36134052110913134,0.2024913214821456
1325,2024-02-01,2024-02-29,0.18062002879046782,0.1955551696382442,0.9236269699471266,0.07175377850014401,2.5172197557527274,0.17587936658269276,1.0269540554977274,True,False,0.34603440154381426,0.19912260048274066
1326,2024-02-02,2024-03-01,0.18247576100394855,0.19674216284058949,0.9274868099920184,0.07198648588435999,2.5348613529639428,0.1787531900304698,1.0208252002263245,True,False,0.343947090772895,0.20117972702201656
1327,2024-02-05,2024-03-04,0.16828460380944277,0.19515422401451682,0.862315969122578,0.08148765777679116,2.0651545080655467,0.19488726446263735,0.8634971827094701,True,False,0.34677534346052685,0.1754326667300188
1328,2024-02-06,2024-03-05,0.16691169553354418,0.18719950109908068,0.8916246814418667,0.0851180224339532,1.9609442367279888,0.1763457749206784,0.9465023792524786,True,False,0.36151774560773153,0.15370093449589015
1329,2024-02-07,2024-03-06,0.13822868455907655,0.1910350523874755,0.7235775991450405,0.09085617334131518,1.5214011274698886,0.1925401254351024,0.7179214423316034,True,False,0.35427241785018704,0.1563235009472707
1330,2024-02-08,2024-03-07,0.14367652784099555,0.1916948057506351,0.7495066299704343,0.09238366124800279,1.5552157805837301,0.1965755450959893,0.7308972627843267,True,False,0.35303809985000334,0.16276869090147827
1331,2024-02-09,2024-03-08,0.14142513701272988,0.19140332245213554,0.7388854864214608,0.10048067666907667,1.4074859137195084,0.20408450709714404,0.6929734109871046,True,False,0.3535517969996591,0.1609342197051411
1332,2024-02-12,2024-03-11,0.1456046474614076,0.19013535971016388,0.7657946827111095,0.09684082447216451,1.5035461361985776,0.194507865004931,0.7485797423035637,True,False,0.35591598938038516,0.1623274317970352
1333,2024-02-13,2024-03-12,0.09847426897628835,0.18071110171584495,0.544926504466405,0.1335450359202648,0.7373862180477003,0.2056636836440769,0.47881214238440195,True,False,0.37455252966905134,0.16500445880783463
1334,2024-02-14,2024-03-13,-0.08974327624602557,0.22020302589648333,-0.4075478794202109,0.06020041635265206,-1.4907417869057984,0.09221941037436297,-0.9731495341567943,True,False,0.3072692473721693,0.11886932830249065
1335,2024-02-15,2024-03-14,-0.05357604615688017,0.2448268569185038,-0.218832389678205,0.06009944600026707,-0.8914565727717705,0.1362921159527234,-0.39309717794288607,True,False,0.2763691429948414,0.13438814056601786
1336,2024-02-16,2024-03-15,-0.0677640441256656,0.24761551059147527,-0.2736663949838954,0.05657694296777375,-1.1977325138310146,0.1253241900617846,-0.5407100105116023,True,False,0.2732692156484661,0.13729890760539462
1337,2024-02-19,2024-03-18,-0.07129581638451958,0.2483942842535126,-0.2870267993435576,0.055067129035523375,-1.2947073441676469,0.11834404158646869,-0.6024453401181751,True,False,0.27242015268074987,0.14251690489337598
1338,2024-02-20,2024-03-19,-0.12396048382491089,0.24835387195599196,-0.49912845267367745,0.06206677647448036,-1.9972115657702798,0.11202835900258362,-1.1065098599012066,True,False,0.27246057550754266,0.15864588704264712
1339,2024-02-21,2024-03-20,-0.09903016723423233,0.250918575057677,-0.39467053091413784,0.06655684354962241,-1.4879036016844605,0.11547846170089987,-0.8575639627996589,True,False,0.26968093795021336,0.15700556156522713
1340,2024-02-22,2024-03-21,-0.09909844257834025,0.250941298410616,-0.39490686947903314,0.06598513623227603,-1.5018297792021098,0.11885955543894176,-0.8337440116814772,True,False,0.26965593488864115,0.1583125136062621
1341,2024-02-23,2024-03-22,-0.06147983102688697,0.26054234402890525,-0.23596867240921973,0.07052101172737318,-0.8717945123158688,0.12726064002940002,-0.4831016959578686,True,False,0.2597186867128587,0.17267153523543713
1342,2024-02-26,2024-03-25,-0.08680270690408845,0.27319838636592025,-0.3177277437789308,0.06014804336674175,-1.4431509662720818,0.1376694878926492,-0.6305152160642506,True,False,0.247676623106686,0.1746356865686039
1343,2024-02-27,2024-03-26,-0.0857918801412059,0.27305609657682833,-0.31419141054434246,0.05991735496593406,-1.4318369058511138,0.13707542149227875,-0.6258735461633319,True,False,0.2478058993052229,0.17478144895269074
1344,2024-02-28,2024-03-27,-0.08475045983456814,0.27028612893196374,-0.3135583027122397,0.05817307318259955,-1.456867502401752,0.13315562172374867,-0.6364767685918338,True,False,0.25034710895490464,0.17431681041384128
1345,2024-02-29,2024-03-28,-0.10445481993817606,0.2735944357266397,-0.3817870771412233,0.055222498982100764,-1.8915264948808805,0.13312591877398539,-0.7846317298700811,True,False,0.2473149718252585,0.1719724566900008
1346,2024-03-01,2024-03-29,-0.09792915958080677,0.278137824602943,-0.35208860830275784,0.05608992403331692,-1.7459313997757906,0.14325297188956176,-0.6836099683593542,True,False,0.24327338541165427,0.1717686188890692
1347,2024-03-04,2024-04-01,-0.013695870006819013,0.2697059946054721,-0.05078074006791518,0.12260392932241067,-0.11170824689315692,0.17830081853569446,-0.07681327612120414,True,False,0.25088697739767934,0.19105134026804582
1348,2024-03-05,2024-04-02,-0.06431041310450018,0.2529342328544264,-0.25425745016299695,0.06854234868889142,-0.9382580891180184,0.1566279030224813,-0.41059359069162477,True,False,0.2675328450271636,0.1935637765993847
1349,2024-03-06,2024-04-03,-0.03526307273965973,0.2715534085931828,-0.12985685918046322,0.09527589832773724,-0.3701153529758297,0.20946084126705622,-0.16835162375147908,True,False,0.24918292715842047,0.2011850371511764
1350,2024-03-07,2024-04-04,-0.1455118122027073,0.20563517891520805,-0.7076212006638606,0.06623865828795701,-2.196780791816901,0.14858197382454427,-0.9793369172396215,True,False,0.32909899840046497,0.19130991498440855
1351,2024-03-08,2024-04-05,-0.1651170813598511,0.2040545897127598,-0.8091809235571735,0.0733369861202434,-2.2514844159142964,0.14621043843564177,-1.1293111704369285,True,False,0.33162400250046187,0.1859704793115974
1352,2024-03-11,2024-04-08,-0.10681264151525456,0.19656618888860283,-0.5433927478534316,0.06685296620693783,-1.5977247918158914,0.17825794519478622,-0.5992026969599483,True,False,0.3443035248219998,0.18651555545278886
1353,2024-03-12,2024-04-09,-0.1077325908418085,0.19834469446254405,-0.5431584199100068,0.06753732298023533,-1.5951563681808387,0.185525595897859,-0.5806885584731964,True,False,0.34121561784952814,0.18681900739966603
1354,2024-03-13,2024-04-10,0.03552742578389016,0.214239353006078,0.165830531531162,0.1734419355724931,0.20483757671766095,0.3704734587976638,0.09589735766548844,True,False,0.3158560472931041,0.23981307174483812
1355,2024-03-14,2024-04-11,0.024425592273582226,0.20363964834442105,0.11994517016779849,0.16097932947720067,0.15173123377334974,0.32919569514490243,0.07419778761940002,True,False,0.33229241687562405,0.23439263034058866
1356,2024-03-15,2024-04-12,0.14242666757931466,0.16441342358919186,0.8662715274099885,0.17048543645243047,0.8354183826080366,0.24707194239562558,0.5764582825485421,True,False,0.41157718490038947,0.25587379377742486
1357,2024-03-18,2024-04-15,0.11496992597651988,0.14964163579765702,0.7683017187274025,0.12240619284619583,0.9392492593980137,0.18311111773138297,0.6278697186763743,True,False,0.452323241486308,0.2557024398455363
1358,2024-03-19,2024-04-16,0.05100037534960798,0.14550064482887726,0.35051649021617276,0.11777448885933417,0.43303414723812633,0.1920945221518838,0.26549625037867247,True,False,0.4651835698930922,0.27697957461322503
1359,2024-03-20,2024-04-17,0.07781538913990807,0.1469393513661636,0.5295748784544245,0.11401510298032186,0.6825007135531721,0.1935999289906936,0.4019391409159488,True,False,0.4606859702050843,0.2758821953700055
1360,2024-03-21,2024-04-18,0.07928555815417065,0.1503937570295255,0.5271864984302853,0.11613029087371932,0.6827293512972097,0.20242991298411675,0.3916691806333565,True,False,0.4500873367859898,0.2760776070438958
1361,2024-03-22,2024-04-19,0.07049683461243551,0.15010288336986985,0.4696567649451719,0.11322150026701178,0.6226452965751371,0.19761428972232947,0.35673955922667117,True,False,0.4509361807702698,0.27296500366615156
1362,2024-03-25,2024-04-22,0.07078764507432926,0.1352986135464798,0.5231956427255718,0.09945262637648991,0.7117725056988852,0.16098029657965285,0.4397286287723021,True,False,0.5004561431157952,0.26944567657669527
1363,2024-03-26,2024-04-23,0.10218357501934386,0.12944944791744054,0.7893704968484212,0.09463105372809907,1.0798101785165073,0.15225845438541624,0.6711192191711313,True,False,0.5231066459202802,0.27676571969536223
1364,2024-03-27,2024-04-24,0.10278598668288519,0.12939302375446626,0.7943703895345233,0.09408378141366565,1.0924942124823604,0.1513148256440921,0.679285630111674,True,False,0.5233165937756082,0.27708947420029983
1365,2024-03-28,2024-04-25,0.10227093121902113,0.12888424936747073,0.7935099263171363,0.0943936686010509,1.0834511756425422,0.15034285282671583,0.6802513674321314,True,False,0.5253853641107515,0.2768324226928764
1366,2024-03-29,2024-04-26,0.10061621452290205,0.12836889810984914,0.7838052363493977,0.09542507699678243,1.0544001397692837,0.15078528078895542,0.6672814083473319,True,False,0.527490334106582,0.27678775088897833
1367,2024-04-01,2024-04-29,0.1138282276304183,0.12785626207202885,0.8902827736845009,0.09660673349342763,1.1782639109536013,0.15098611113331506,0.7538986650892164,True,False,0.5296410443785291,0.2895690374915883
1368,2024-04-02,2024-04-30,0.1165982795755326,0.12655911875543252,0.9212949704623923,0.10341819910794921,1.1274444979826603,0.14675836269440407,0.7944915535636358,True,False,0.535088371958114,0.28672991345705495
1369,2024-04-03,2024-05-01,0.14135915239232694,0.12837676576379553,1.101127229302677,0.09613425600227761,1.4704347676958966,0.15309079076388368,0.923368098675179,True,False,0.5273978674089917,0.28193641138476366
1370,2024-04-04,2024-05-02,0.16349154549799055,0.12717067770631327,1.2856072519764057,0.10741334085649218,1.5220785816207014,0.15441431336689554,1.0587849139964576,True,False,0.5323951053801167,0.2988349922220737
1371,2024-04-05,2024-05-03,0.2845559989590317,0.13597395536601634,2.092724288214316,0.10766987901218185,2.6428561225264944,0.12172604005769529,2.3376756429779433,True,False,0.49747381394648266,0.3003661369920887
1372,2024-04-08,2024-05-06,0.28409740270664197,0.13605398794175522,2.088122568140114,0.10576029557896309,2.686238735920781,0.12250549907760777,2.3190583675485867,True,False,0.49723521423664235,0.3041568692217795
1373,2024-04-09,2024-05-07,0.2735989048904499,0.1377507615617232,1.9861879657765524,0.10573415991441035,2.587611280138062,0.12426734880144862,2.201695839891134,True,False,0.49110214614230935,0.3008316009972238
1374,2024-04-10,2024-05-08,0.2722028718074534,0.13773025564875574,1.9763476842853918,0.10570439769351654,2.5751328965204365,0.12389308915829954,2.1970787366489573,True,False,0.4911627805709371,0.3003337686305871
1375,2024-04-11,2024-05-09,0.22098993638187658,0.14075591027138454,1.570022430715675,0.089659216576441,2.4647765708890237,0.12453501009154687,1.7745205642929227,True,False,0.48084208055521804,0.2599566907392061
1376,2024-04-12,2024-05-10,0.23051697072063165,0.1428687952297609,1.6134871883668886,0.09400381279160096,2.452208733614557,0.1296326551952979,1.7782322700506799,True,False,0.4737078683614892,0.2618755966828429
1377,2024-04-15,2024-05-13,0.12876693292200145,0.16673011081048647,0.7723076071625969,0.12719239557950385,1.0123791782938265,0.1146683854054986,1.1229506063650112,True,False,0.40600363077092455,0.23059325369124023
1378,2024-04-16,2024-05-14,0.1620447546981966,0.20358691230037823,0.795948781123567,0.15600884300752682,1.0386895484532153,0.15955883524630748,1.0155799548677555,True,False,0.33240146296403733,0.2293522512402247
1379,2024-04-17,2024-05-15,0.2943435876549109,0.20160746844065316,1.4599835508651124,0.1234508233130559,2.3842982959173327,0.16986134934922617,1.7328461641368202,True,False,0.33546850101816356,0.20703347538696668
1380,2024-04-18,2024-05-16,0.2905476904746807,0.20103740363186254,1.4452419561024994,0.1225498179732653,2.3708537089631974,0.16927788340376318,1.7163948687949013,True,False,0.3364211744856856,0.20718670414908208
1381,2024-04-19,2024-05-17,0.28656508848182605,0.20086278735892735,1.4266708744300898,0.12084013496000405,2.371439659320755,0.16646948688987537,1.721427114576244,True,False,0.33672233700834187,0.20759112475620528
1382,2024-04-22,2024-05-20,0.2884754834805188,0.2098689964102209,1.3745502595183217,0.12855929259321772,2.243910009627244,0.1841043284439506,1.5669130971483016,True,False,0.32225976613517937,0.20512659642325465
1383,2024-04-23,2024-05-21,0.4210539453893974,0.2427600975478753,1.7344446210166822,0.10682833002918393,3.9414071648819338,0.17306048316163558,2.4329872290726247,True,False,0.27849023851698856,0.20951526015654837
1384,2024-04-24,2024-05-22,0.4405607197950946,0.25682238835987065,1.7154295721982067,0.11625492345233494,3.789609134065849,0.1942357215427326,2.268175577056095,True,False,0.26326155295355347,0.20821127039334972
1385,2024-04-25,2024-05-23,0.4414556586051802,0.2522472061602968,1.7500913699898273,0.11089060094969473,3.98100158917387,0.18494022269077784,2.3870180979683315,True,False,0.2680332796407822,0.20959183196744333
1386,2024-04-26,2024-05-24,0.43422761356224016,0.24683790029657912,1.7591610244638676,0.1111050718512902,3.9082609490900366,0.17621180397274153,2.4642368091834044,True,False,0.2739056703180493,0.2100365087335666
1387,2024-04-29,2024-05-27,0.42953899088474035,0.24132669826580774,1.7799066326744644,0.11268595532697395,3.8118236619494708,0.1625431093852661,2.6426158113330422,True,False,0.280152610159632,0.2080497526861649
1388,2024-04-30,2024-05-28,0.36149020739952875,0.23481704048930974,1.5394547459002914,0.11846302635482238,3.051502384522808,0.15896833909422803,2.2739761229137363,True,False,0.2879954906140547,0.19982555932239665
1389,2024-05-01,2024-05-29,0.4406619727267772,0.2203870249742063,1.9994914527220986,0.09524643677480417,4.626545492391028,0.20183187935910357,2.183312042309937,True,False,0.3067566238906494,0.22930286930670055
1390,2024-05-02,2024-05-30,0.4346109711079832,0.22014147212622412,1.9742348722860685,0.09398366637737918,4.624324500843151,0.20255132793197073,2.145683148786625,True,False,0.3070943817440753,0.2307385248505973
1391,2024-05-03,2024-05-31,0.23944123922602495,0.19913682818448908,1.202395565948234,0.09830155447440761,2.43578283686615,0.23924706642286153,1.000811599515374,True,False,0.3397677357755007,0.21061960438801908
1392,2024-05-06,2024-06-03,0.22835591634173039,0.2130910259684396,1.0716355383992173,0.11038901759565019,2.0686470567043855,0.2771165299270774,0.8240429266410839,True,False,0.31751886056741535,0.20877270248707733
1393,2024-05-07,2024-06-04,0.23372044444248405,0.2130232091039599,1.0971595321729637,0.10583855794754086,2.2082731376435434,0.2662232283542048,0.8779115402038606,True,False,0.31759671296133124,0.21257970068943563
1394,2024-05-08,2024-06-05,0.2564617431800255,0.21055495421550674,1.2180275887383412,0.09906456226885905,2.5888343652495425,0.26526525442974835,0.966812422272762,True,False,0.32131511764407233,0.21411127765561325
1395,2024-05-09,2024-06-06,0.26224899790434464,0.21105743778333844,1.2425480033238963,0.10147710090062925,2.584317009225068,0.2728312308173432,0.9612132640339727,True,False,0.32054933148319675,0.2159891240441104
1396,2024-05-10,2024-06-07,0.18329327269979753,0.21068510042372826,0.8699868777201591,0.1240145430685027,1.4779982102466054,0.2625618452081348,0.6980956145951044,True,False,0.32112637939738736,0.2991885311568827
1397,2024-05-13,2024-06-10,0.1983171784495946,0.20758940010176474,0.9553338385889418,0.11639098598545751,1.7038877776529306,0.25096975869909766,0.7902034869761686,True,False,0.3258608382206413,0.3007210242374194
1398,2024-05-14,2024-06-11,0.25409467372112465,0.2217402788787573,1.1459112210283546,0.14295367108520354,1.7774616894565696,0.27809607425669364,0.9136938534651347,True,False,0.30499738539306676,0.300406113005638
1399,2024-05-15,2024-06-12,0.27290966385755666,0.21426008191666165,1.273730792111371,0.1263240748174859,2.1603931337067688,0.2523771098541182,1.0813566413186477,True,False,0.31564019230496165,0.3031654462051601
1400,2024-05-16,2024-06-13,0.16929412306368943,0.22595307331102907,0.7492446134187012,0.0883990113963372,1.9151133071461488,0.2517259234185711,0.6725335268000441,True,False,0.2992800183504026,0.27667892065149186
1401,2024-05-17,2024-06-14,0.15460122071977114,0.2184770008013675,0.7076315591696068,0.08363807740491612,1.8484549802753347,0.22848857987841387,0.6766255924127124,True,False,0.3094972040639659,0.2724084870856199
1402,2024-05-20,2024-06-17,0.14661621698065988,0.2212371513140583,0.6627106528438802,0.08923888621076621,1.6429633224509181,0.23644912163959195,0.6200751179111587,True,False,0.3056308262293433,0.2717059969407809
1403,2024-05-21,2024-06-18,0.1840627392887275,0.21846279932227505,0.8425358452777089,0.09035796188477886,2.0370395198094164,0.23355593002216893,0.7880884860052854,True,False,0.3095309696728646,0.2798795535556988
1404,2024-05-22,2024-06-19,0.1834754083349424,0.2194134592527124,0.8362085396211822,0.09559853242039068,1.9192282945110153,0.24164502498930204,0.7592765807740719,True,False,0.3082142867083033,0.2808043079282278
1405,2024-05-23,2024-06-20,0.18090469173952237,0.21382172337470234,0.8460538474966082,0.09342324007273127,1.9363992471111642,0.2277032918451465,0.7944755223940709,True,False,0.3162771892320886,0.2811404491444189
1406,2024-05-24,2024-06-21,0.18336658586537502,0.21623112591239682,0.8480119829726251,0.0935428537867713,1.9602415197141063,0.2366416349498429,0.7748703473259906,True,False,0.31278585571090994,0.28311142601464184
1407,2024-05-27,2024-06-24,0.15207945980412593,0.227109682357269,0.6696300141219338,0.11172140543043385,1.3612383340345824,0.27787443361702296,0.5472956177527566,True,False,0.2978444698847411,0.29414559271211677
1408,2024-05-28,2024-06-25,0.14281252821541093,0.2250417362942092,0.6346046318657282,0.10339483564049438,1.3812346364374768,0.2619172786979742,0.5452581399950056,True,False,0.3005569522278205,0.2943594317058898
1409,2024-05-29,2024-06-26,0.1755365949809113,0.2283535210574408,0.7687054448210423,0.11472555363084082,1.5300566388700616,0.250366647125685,0.7011181281378556,True,False,0.2961064773012031,0.2909428808849952
1410,2024-05-30,2024-06-27,-0.006374803757883768,0.2658544609757599,-0.023978547264117606,0.10613861001603571,-0.06006111967097219,0.16718245989070574,-0.0381308168455665,True,False,0.2544156819270923,0.2681613337131914
1411,2024-05-31,2024-06-28,-0.00020472422920865668,0.26570470437222543,-0.0007704953124272076,0.10743598055864562,-0.0019055462438573338,0.16597352943025837,-0.0012334751807195933,True,False,0.25455102721957124,0.26549918771034325
1412,2024-06-03,2024-07-01,0.05113298708184183,0.3421674143121945,0.14943850566432942,0.1766753973174157,0.289417699681049,0.28390116097782214,0.18010841134191857,True,False,0.19763423111516415,0.26673085153206627
1413,2024-06-04,2024-07-02,0.05494614959552389,0.34389867318559586,0.1597742413093593,0.1749616830693546,0.31404675944814325,0.2744922486532714,0.20017377490659077,True,False,0.19667037143397545,0.26997648537427027
1414,2024-06-05,2024-07-03,0.006111613959369561,0.3438727133691726,0.017772895963420906,0.20557269382010787,0.029729697294902893,0.2886535215605802,0.021172836992695086,True,False,0.19673407117403463,0.28459452528914936
1415,2024-06-06,2024-07-04,-0.06202476510522722,0.3550722805599517,-0.17468208165225876,0.24775770657895202,-0.25034444321295823,0.3336798699568429,-0.18588105153975668,True,False,0.19051826480185782,0.2812100609129704
1416,2024-06-07,2024-07-05,-0.11049416516965915,0.3521176898727993,-0.31379896082350933,0.2686727644182319,-0.4112592707672349,0.3501135766183562,-0.3155952026679163,True,False,0.19212002965013425,0.28575344096821165
1417,2024-06-10,2024-07-08,0.12855731081067256,0.35899091224748353,0.35810742396188255,0.2526320860558847,0.5088716671651693,0.20913319224103452,0.6147150025927258,True,False,0.18845861149155632,0.19522914248758838
1418,2024-06-11,2024-07-09,0.03192562604244679,0.3750484813559413,0.08512399764164794,0.2622375481331282,0.12174315337267926,0.23401234210327965,0.13642710361129862,True,False,0.1803892121891727,0.18313652412346118
1419,2024-06-12,2024-07-10,-0.019284786733932628,0.3680282171825998,-0.05240029387302209,0.2720076367274658,-0.07089796068209198,0.2515029477414691,-0.07667817378330018,True,False,0.1838239188731612,0.1841003684784658
1420,2024-06-13,2024-07-11,-0.121417708672874,0.42218642033034987,-0.28759264350063135,0.35140832823323737,-0.34551744770342047,0.36313366488993815,-0.33436092660170846,True,False,0.16022584115889205,0.19421003458893402
1421,2024-06-14,2024-07-12,-0.0003122000785305977,0.40183026531482646,-0.0007769451568960213,0.3329757240680153,-0.0009376061255048916,0.32602253173081625,-0.0009576027671252146,True,False,0.16832787527063212,0.19471978212528715
1422,2024-06-17,2024-07-15,0.015500524674063342,0.40869967102003635,0.03792644274798899,0.33387676464431043,0.04642588618161717,0.3392316522236498,0.045693037699925776,True,False,0.16550020688911968,0.19679572945174661
1423,2024-06-18,2024-07-16,0.014347115764660946,0.40890871381934907,0.0350863537014262,0.3329667728774184,0.043088731168808944,0.33910075845803916,0.04230930013220917,True,False,0.16541666808580652,0.19738511108289383
1424,2024-06-19,2024-07-17,-0.1375611843682328,0.32987504350953684,-0.41700997718627314,0.20799193711711686,-0.66137748546846,0.23721842095114393,-0.5798925050452304,True,False,0.20505424737680902,0.1960109265853822
1425,2024-06-20,2024-07-18,0.02632218845592418,0.270721117272709,0.09722990478577521,0.17244129035206768,0.1526443487066412,0.2434828542730197,0.10810694878091438,True,False,0.24991154166400112,0.2050179993775909
1426,2024-06-21,2024-07-19,0.03227471871542897,0.27667036523731364,0.11665405034523799,0.20265109137722484,0.15926249642224327,0.25642563683218517,0.12586385321741753,True,False,0.24454223541583298,0.21268544219968513
1427,2024-06-24,2024-07-22,-0.04573334625314208,0.22006057534380982,-0.2078216244853989,0.12278079182987324,-0.3724796490684865,0.17627204687073547,-0.25944752480624134,True,False,0.307516011700784,0.21362293589563003
1428,2024-06-25,2024-07-23,-0.052308146524582225,0.21916925418516586,-0.2386655314362183,0.10775114912588142,-0.4854532591895858,0.16347937700422185,-0.31996786067536437,True,False,0.30878800122155353,0.20618650080260403
1429,2024-06-26,2024-07-24,0.014283534347348895,0.1483124969100247,0.09630701825493604,0.04631037907828852,0.30843052101133367,0.07864781215155126,0.1816138803686628,True,False,0.4565824592902941,0.2042601725540341
1430,2024-06-27,2024-07-25,0.03375338019490647,0.1495043639648015,0.2257685280869339,0.04502523841697408,0.7496546688397273,0.07909223316062991,0.42675973159534003,True,False,0.4529067013739198,0.19457664660833246
1431,2024-06-28,2024-07-26,-0.013572504904567366,0.13170449546990418,-0.10305270792878002,0.04625492998884896,-0.2934282877055353,0.09150581675358344,-0.14832395782135738,True,False,0.5142940382102942,0.19616294366799517
1432,2024-07-01,2024-07-29,-0.013092827530215716,0.13171141646568915,-0.099405411326864,0.042613554293952485,-0.3072456111006396,0.0790723689964507,-0.16558031201523013,True,False,0.5142956769921186,0.21386989584788874
1433,2024-07-02,2024-07-30,0.003763649739568885,0.1301595431922144,0.0289156649390731,0.050161498700254444,0.07503064774956163,0.07945102239944131,0.04737068984017694,True,False,0.5204417391200845,0.21039267894341854
1434,2024-07-03,2024-07-31,0.058398946296573884,0.12418258169577112,0.4702668079460824,0.07295627919756403,0.8004649762692913,0.10373082383320471,0.5629854669859482,True,False,0.545511661709678,0.23734748884824566
1435,2024-07-04,2024-08-01,0.06459126303873713,0.11569870049427793,0.5582712922685904,0.07627276491649719,0.8468457005518435,0.0934290332955026,0.6913403763308162,True,False,0.5856732645014351,0.2238855465662884
1436,2024-07-05,2024-08-02,-0.04594215123793937,0.08996217174785642,-0.5106829942556834,0.04661511875871358,-0.9855633206844846,0.1254862321423778,-0.3661130823165763,True,False,0.7541000454810272,0.23505707159592296
1437,2024-07-08,2024-08-05,-0.050950661592509966,0.03983547872939803,-1.2790272193944814,0.014755409457047019,-3.453015773017163,0.022097324653719955,-2.305738925002974,True,False,1.7245894655926557,0.22984474907106042
1438,2024-07-09,2024-08-06,-0.06050948701046111,0.03225053412613893,-1.8762320888638682,0.01195345382391698,-5.062092337646476,0.020111248699017707,-3.0087384386737046,True,False,2.1484720583984562,0.22897267436965757
1439,2024-07-10,2024-08-07,-0.06017960799869668,0.032250586168450994,-1.8660004405615156,0.01194897803991034,-5.036381169811594,0.020555771763388842,-2.9276258119328045,True,False,2.1484720583984562,0.22950092698787897
1440,2024-07-11,2024-08-08,-0.058182935503118365,0.031430280334360704,-1.8511745642787254,0.01169174794853492,-4.976410350208517,0.01893652989281354,-3.0725236266861615,True,False,2.2077220123240457,0.22704342681037354
1441,2024-07-12,2024-08-09,-0.05076574844627498,0.030919158174036093,-1.6418865015834994,0.014559321731020416,-3.4868209786251474,0.021129306576571402,-2.4026225499782874,True,False,2.246786944639041,0.2337561449022703
1442,2024-07-15,2024-08-12,-0.05193886995740783,0.03094139531957485,-1.6786208062358805,0.014812710985355563,-3.506371656664109,0.020963117532047645,-2.477631004930712,True,False,2.2449636166853457,0.23012999886284416
1443,2024-07-16,2024-08-13,-0.04976174783059172,0.03066273106146341,-1.622873961580407,0.015953606304333543,-3.1191535557120234,0.021307055362206527,-2.3354587006356975,True,False,2.2667310149294964,0.23201751088385172
1444,2024-07-17,2024-08-14,-0.044911001963166795,0.030518320978254316,-1.4716078907213774,0.018958221033567948,-2.368946004144911,0.023464427222907366,-1.9140037613755179,True,False,2.2783664006214943,0.2549484632903996
1445,2024-07-18,2024-08-15,-0.044574447523183625,0.030530152808789856,-1.4600139017434042,0.01957660069112187,-2.27692479539609,0.024012704546091543,-1.8562860105001724,True,False,2.277483966591414,0.2539376640903424
1446,2024-07-19,2024-08-16,-0.04582057269154506,0.03059300166956617,-1.4977468764409356,0.01827951107599041,-2.5066629244656884,0.02274290860338804,-2.0147191148945263,True,False,2.2724227618014607,0.2508752462972756
1447,2024-07-22,2024-08-19,-0.04668639126503427,0.03060291102962197,-1.5255539324296423,0.01659691989953939,-2.812955147559033,0.022920893941389343,-2.036848623112838,True,False,2.2713026970855665,0.25582612525763415
1448,2024-07-23,2024-08-20,-0.0460236454802593,0.030633000861993855,-1.5024204023498235,0.01670026163097102,-2.755863740176824,0.023737224933967745,-1.9388806235053997,True,False,2.268814260268003,0.25476256225263216
1449,2024-07-24,2024-08-21,-0.04559173133187865,0.03063089879930225,-1.4884229036373298,0.01681144170075832,-2.711946550653186,0.024063961300672097,-1.8946062438442042,True,False,2.268934913469503,0.2525959124532163
1450,2024-07-25,2024-08-22,-0.04531178880987131,0.03094689837751539,-1.464178679786301,0.017602798726494572,-2.574124121618853,0.02376940671001578,-1.906307101505321,True,False,2.2446725177433295,0.2701382099397862
1451,2024-07-26,2024-08-23,-0.03994442853599527,0.03086289790996596,-1.2942539826468074,0.020641944867924457,-1.935109738523959,0.026866947473701816,-1.4867497908012846,True,False,2.2508909968508255,0.3095637187903993
1452,2024-07-29,2024-08-26,-0.03725619979173215,0.03099734571161971,-1.2019158071901053,0.022689629747451517,-1.6419924082682196,0.028530406991963582,-1.3058418620605883,True,False,2.2406938943392927,0.3124471172767087
1453,2024-07-30,2024-08-27,-0.038619826023101475,0.03097934860807602,-1.2466313127395343,0.021384658151925674,-1.805959475654456,0.02800698656229912,-1.3789354287436462,True,False,2.2417780468472106,0.2993093155188426
1454,2024-07-31,2024-08-28,-0.038958873243380154,0.03091966966702642,-1.2600028933985332,0.02123919507801931,-1.8342914173663365,0.028067748535929322,-1.3880298661472323,True,False,2.246204080981092,0.2967405994717499
1455,2024-08-01,2024-08-29,-0.044502183524662946,0.03091401668472931,-1.439547114776768,0.020097286277284465,-2.2143379414843096,0.024733330614972102,-1.7992798550844562,True,False,2.2471355550924903,0.29003513815444076
1456,2024-08-02,2024-08-30,-0.047480996868284796,0.031088626861926847,-1.5272786758695063,0.01989982433294905,-2.3860008045231,0.024277650879631456,-1.9557492239959906,True,False,2.233599726552892,0.28638394613988866
1457,2024-08-05,2024-09-02,-0.038439016400691896,0.032011338932322816,-1.2007937712932981,0.020286979389968037,-1.894762924622484,0.027874468804092126,-1.3790044456398336,True,False,2.166421788478874,0.28007048337075136
1458,2024-08-06,2024-09-03,-0.0026312572580989733,0.04671497392781917,-0.05632577815765486,0.0452118340771637,-0.058198418883166035,0.11125541512972868,-0.023650599434021365,True,False,1.4646861595011549,0.2932316981318409
1459,2024-08-07,2024-09-04,0.09929648679736885,0.07105691836366504,1.3974218004948569,0.03737736036621445,2.656594415027856,0.051367946665827266,1.9330437216682879,True,False,0.9560421355785597,0.2951737428840298
1460,2024-08-08,2024-09-05,0.09787759597845477,0.07063911808981017,1.3856004806573852,0.036706962774609386,2.666458583878201,0.04928055260741145,1.9861302440779582,True,False,0.9617734910239162,0.2951289473640612
1461,2024-08-09,2024-09-06,0.11387094865227465,0.0741951377811714,1.5347494735857454,0.04884967755637748,2.331048112259411,0.049837305611833575,2.284853630314169,True,False,0.9151378656731581,0.29533283417057193
1462,2024-08-12,2024-09-09,0.06324068614023456,0.07586969327515283,0.8335434533903112,0.0583580294679827,1.0836672642439147,0.066283565942111,0.9540929978852685,True,False,0.8952121844473756,0.2850402097721964
1463,2024-08-13,2024-09-10,0.058020584336750565,0.0759078860719892,0.764355159116475,0.0576380689741432,1.0066365055147661,0.06619355149129362,0.8765292544301987,True,False,0.8947842773732578,0.2850123386274484
1464,2024-08-14,2024-09-11,0.0615547482233776,0.07863210524717805,0.7828195370056772,0.06147638112654137,1.0012747513012341,0.07311084785113957,0.8419372778812352,True,False,0.8635240270683107,0.2856459398938764
1465,2024-08-15,2024-09-12,0.04257564141684239,0.08080579710322132,0.5268884528477118,0.05720482880356387,0.7442665646818599,0.07869813211069693,0.5409993893750289,True,False,0.8401943183213897,0.2720593879354255
1466,2024-08-16,2024-09-13,0.061312177388954385,0.08127195892942048,0.7544075250136411,0.06313165215321556,0.9711796745023328,0.08324237655782107,0.7365500592882073,True,False,0.8352019971160426,0.3043700355260392
1467,2024-08-19,2024-09-16,0.057604408831321556,0.08129030747294257,0.7086257958920275,0.06261123177680321,0.9200331505482915,0.08583570525188106,0.671100780989496,True,False,0.8350253155673021,0.30396629181500756
1468,2024-08-20,2024-09-17,0.054966778819931325,0.08126878859534181,0.6763577970089483,0.06075059768863274,0.9047940417253929,0.08264893867017489,0.6650633354081643,True,False,0.8353214680993268,0.2914418893785797
1469,2024-08-21,2024-09-18,0.059547448455587994,0.08194059733328413,0.7267148445768032,0.06486755715242028,0.917985061710717,0.08155603924872759,0.7301414953953521,True,False,0.8284118947890808,0.29097772584110454
1470,2024-08-22,2024-09-19,0.06420092410575821,0.07945337161901979,0.8080327215514868,0.06123158626984812,1.048493563809113,0.0733295282983244,0.8755125744784755,True,False,0.8544989736491987,0.2936964237858199
1471,2024-08-23,2024-09-20,0.0470239169115901,0.08056125540786888,0.5837038744433097,0.047239893851794744,0.9954280815938701,0.08043660686843358,0.5846084108011286,True,False,0.8426857889358499,0.2773353505114708
1472,2024-08-26,2024-09-23,0.008673729180977708,0.08242746431447583,0.10522863044635035,0.034665585448766086,0.25021153021624354,0.08830631468424663,0.09822320421809036,True,False,0.8236002542187155,0.22578244458117774
1473,2024-08-27,2024-09-24,0.01035415994295452,0.08232677357343803,0.12576904806937794,0.0370335958598038,0.2795882955074559,0.09486395828079322,0.10914745842996192,True,False,0.8245913355091016,0.22734399721972037
1474,2024-08-28,2024-09-25,0.015470541090635928,0.08267732875627083,0.18711950813314748,0.03610864398651361,0.42844425551992743,0.0899510038911156,0.17198853177183876,True,False,0.821074343313694,0.23300577853167767
1475,2024-08-29,2024-09-26,0.016649219288521828,0.08489094847118228,0.19612478819427606,0.037926481418446366,0.43898665697008526,0.10538988801810413,0.1579773885485274,True,False,0.7994862742777381,0.24091583960998483
1476,2024-08-30,2024-09-27,0.03725878843347521,0.0845264039885253,0.4407946709590673,0.043887825315486836,0.8489549929995639,0.0892989192040771,0.41723672319400357,True,False,0.8028659186564427,0.23079946661544248
1477,2024-09-02,2024-09-30,0.03914873501339853,0.08485988273155218,0.4613338335293556,0.04588404140529004,0.8532102625311687,0.08809024649407408,0.4444162273519362,True,False,0.7996969456195739,0.23305828137699253
1478,2024-09-03,2024-10-01,0.05946894036913791,0.08082460349964507,0.7357776938478772,0.04844585949567811,1.2275340140150302,0.06925720148625669,0.8586679665498591,True,False,0.8398933279295373,0.24671138555316385
1479,2024-09-04,2024-10-02,0.02680352348544685,0.10751063157164924,0.24931044580073874,0.08241977619111888,0.3252074286551515,0.10577400592558361,0.2534036907357393,True,False,0.6304257035150977,0.2296757900707734
1480,2024-09-05,2024-10-03,0.07386965265455935,0.10404216637310429,0.7099972562052997,0.09288589045824797,0.7952731280297476,0.10741404438552865,0.6877094431844281,True,False,0.6515312871992445,0.2501139312382529
1481,2024-09-06,2024-10-04,0.06544878126896807,0.1045797065535215,0.6258267825170544,0.08376615755194242,0.781327246965865,0.10684231296582132,0.6125736092020493,True,False,0.6481916367396444,0.250855861109364
1482,2024-09-09,2024-10-07,0.07250977391094422,0.09720468570800934,0.7459493684157826,0.060985270917437454,1.188971907808834,0.09019898699414843,0.8038867877268757,True,False,0.697588614355905,0.2536390127022148
1483,2024-09-10,2024-10-08,0.11851982675340467,0.10704744090261004,1.1071710426149468,0.05373690104279195,2.205557530364927,0.07344588119770078,1.613702835620889,True,False,0.6330501932019179,0.25430405810338796
1484,2024-09-11,2024-10-09,0.11693549183787355,0.10671893050705498,1.0957333556687319,0.06121270572283632,1.9103140509315701,0.07267970518534052,1.6089153297977248,True,False,0.6350101149385068,0.25186401790018104
1485,2024-09-12,2024-10-10,0.11033307445780714,0.11045110141786764,0.9989314098406863,0.06685318565519212,1.650378712345448,0.07808426628769412,1.413000079315535,True,False,0.6134980447011378,0.25104058985403344
1486,2024-09-13,2024-10-11,0.1013538500803228,0.11081985023795538,0.9145820885219847,0.06017738097461934,1.684251598172247,0.07648491026143048,1.325148316627275,True,False,0.6114669695709503,0.2438600915798195
1487,2024-09-16,2024-10-14,0.07230343608731883,0.11013653869828277,0.6564890901955154,0.04770809286623576,1.515538176930351,0.06663186016093725,1.0851180788392056,True,False,0.6152685938969006,0.1906030120761573
1488,2024-09-17,2024-10-15,0.09398307200440956,0.10937396452840605,0.8592819361503601,0.053542587395502196,1.7552956735203373,0.07512179596630453,1.251075946674187,True,False,0.6194101890771176,0.20287485664153473
1489,2024-09-18,2024-10-16,0.06986518006965166,0.1072521963550775,0.6514102502698456,0.04437741979304331,1.5743407434562893,0.07377362938047438,0.9470210515106205,True,False,0.6316824751161054,0.21032388929015156
1490,2024-09-19,2024-10-17,0.07234145901256799,0.10726366026635553,0.6744265376822938,0.04660029657806402,1.5523819444235256,0.0768749877204916,0.9410272594200991,True,False,0.6315370260314451,0.20875400613660944
1491,2024-09-20,2024-10-18,0.06230721545847869,0.11152845020874394,0.558666558549504,0.03861949109832894,1.6133618980073694,0.0770244429563334,0.8089278294917605,True,False,0.6073032168037624,0.20501525705798804
1492,2024-09-23,2024-10-21,0.06739433881078243,0.11152773142459382,0.6042832392439463,0.041343153280303836,1.630120913948031,0.08127057116582193,0.8292588306445285,True,False,0.6071684924746852,0.21844459209477007
1493,2024-09-24,2024-10-22,0.06840213208198542,0.1116363567038779,0.6127227195655099,0.04191727610021723,1.6318362843627365,0.08109137673630025,0.8435191858244215,True,False,0.6066035462226622,0.22065253760550502
1494,2024-09-25,2024-10-23,0.056865302026534545,0.11093539721425708,0.5125983541277337,0.03951848342011488,1.4389545626538427,0.0759768189117378,0.7484559480253433,True,False,0.6102868799319812,0.20530714565726899
1495,2024-09-26,2024-10-24,0.06392081762396055,0.11080772171818959,0.5768624842456955,0.042362521257220495,1.5089002195086665,0.07545336485679753,0.8471566211165728,True,False,0.6111529921362429,0.21216870928253964
1496,2024-09-27,2024-10-25,0.0500853445712149,0.10903120201398916,0.45936707700231294,0.03743708639557231,1.3378537005256503,0.06957029610920631,0.7199242690097887,True,False,0.6210237550194668,0.18946913884687017
1497,2024-09-30,2024-10-28,0.06490799148505592,0.11152023518697528,0.5820288253179428,0.04532889904482727,1.4319339947097818,0.0807471714321379,0.8038422935917495,True,False,0.6069975457156132,0.18781616253282116
1498,2024-10-01,2024-10-29,0.06790018371349504,0.11114099942026046,0.6109373144715232,0.04556050150523725,1.4903300330372748,0.08067965037990303,0.841602354419829,True,False,0.6091164959078597,0.1890832582866956
1499,2024-10-02,2024-10-30,0.042465471816543164,0.12145057400436368,0.3496522940683458,0.04797915522936339,0.8850816904453158,0.08856875268507944,0.47946336071295975,True,False,0.5573979609012475,0.1873883642050909
1500,2024-10-03,2024-10-31,-0.008506448252648286,0.10806434380779772,-0.07871651233803612,0.052356621627721235,-0.16247129757784792,0.06783473380244816,-0.12539959657571897,True,False,0.6267405032659715,0.18348053407615558
1501,2024-10-04,2024-11-01,-0.029346916080065334,0.10827700524496338,-0.27103553532600533,0.04309769632462112,-0.6809393211882614,0.055442957008855535,-0.5293172958898629,True,False,0.6256331441408386,0.16920053630762466
1502,2024-10-07,2024-11-04,-0.028775190865091834,0.11152568780306821,-0.2580140184017784,0.04142989605561141,-0.6945513651896894,0.05737561253897969,-0.5015230268006746,True,False,0.6074347662553724,0.17975318816029226
1503,2024-10-08,2024-11-05,-0.02391083726303371,0.13328084268049417,-0.17940190639665796,0.06845309978347613,-0.34930247627450084,0.09605536770183594,-0.24892765323906718,True,False,0.5080036058265833,0.18074344638102308
1504,2024-10-09,2024-11-06,-0.21894145170159338,0.10219507443562473,-2.142387516332895,0.10727476528971001,-2.0409408597661565,0.21654863406209443,-1.0110497932709785,True,False,0.662064481294656,0.25657460334803966
1505,2024-10-10,2024-11-07,-0.17789617740445066,0.10151805348003157,-1.7523600119011595,0.1058751483440039,-1.6802448939805956,0.25880169610693654,-0.6873841249129379,True,False,0.6671136043561325,0.31690474557307047
1506,2024-10-11,2024-11-08,-0.17947460010984284,0.10165289942085404,-1.7655630201633357,0.09973890109435792,-1.7994443305531411,0.24790103418351506,-0.7239768107501408,True,False,0.6660482308355128,0.3401599569698318
1507,2024-10-14,2024-11-11,-0.18298378053547168,0.10157311490225827,-1.801498169191259,0.0965788089189084,-1.8946576643859059,0.2461408746439852,-0.7434107837641225,True,False,0.6665204792109836,0.3381827055461639
1508,2024-10-15,2024-11-12,-0.18778961559071883,0.10185069754030601,-1.8437734853647287,0.08285613349501017,-2.266454004905117,0.2305271492357901,-0.8146095425777463,True,False,0.6642108673536273,0.38425077236282634
1509,2024-10-16,2024-11-13,-0.21294241737517186,0.10367173206729782,-2.054006556357539,0.07541386782319762,-2.8236506563275605,0.22076403885370458,-0.9645702193203852,True,False,0.6524834528933596,0.3785983594756293
1510,2024-10-17,2024-11-14,-0.2076188287428887,0.10410037863538893,-1.9944099288060482,0.08183773034426804,-2.536957316258593,0.24168742151565367,-0.8590386187286192,True,False,0.6499908652937485,0.3762471809582062
1511,2024-10-18,2024-11-15,-0.21369633813677694,0.09872112850789987,-2.1646464274329738,0.07415255582827182,-2.8818472370887838,0.21268942813018182,-1.0047341798576788,True,False,0.6855986307981113,0.37886246588801636
1512,2024-10-21,2024-11-18,-0.22210712264264368,0.09961689041109874,-2.229613087961816,0.06751821006945857,-3.2895884297607054,0.21672738546934467,-1.0248225998834835,True,False,0.6793868692632138,0.381360525280741
1513,2024-10-22,2024-11-19,-0.239614312898287,0.09891289252479019,-2.422478069158005,0.06734424021646229,-3.5580520639642366,0.21236708891526118,-1.1283024790809184,True,False,0.6843086848097075,0.3768751120050953
1514,2024-10-23,2024-11-20,-0.22354619976643667,0.09796931126378829,-2.2817982170408957,0.06569816051644158,-3.402624944278191,0.21430798760301267,-1.0431071761101924,True,False,0.6909152944222163,0.381448287132558
1515,2024-10-24,2024-11-21,-0.23740334107538258,0.09945294744453746,-2.3870920588630797,0.06255235704984616,-3.7952741075160885,0.2094257775131063,-1.1335917855695936,True,False,0.6804746272008424,0.38073336210390263
1516,2024-10-25,2024-11-22,-0.24218201217351815,0.09675268789065854,-2.5031037116737385,0.05319844164167587,-4.552426813641695,0.1752773090562108,-1.3817077263312574,True,False,0.6992598699863972,0.3790278976511412
1517,2024-10-28,2024-11-25,-0.2393113753611151,0.0992163624233216,-2.4120152111610076,0.06322084767520104,-3.785323736729762,0.19300245921856374,-1.239939513361896,True,False,0.6820542030669359,0.39362463812498255
1518,2024-10-29,2024-11-26,-0.24149075670028536,0.09922132417638259,-2.4338594420589965,0.06022287037901245,-4.0099509568451985,0.18867040338260052,-1.2799609921359612,True,False,0.6819281496169637,0.3972445902436589
1519,2024-10-30,2024-11-27,-0.24950848456585564,0.09920445871233878,-2.5150934524964295,0.06430501737156673,-3.8800780213485946,0.1949957330230071,-1.2795586892991997,True,False,0.6821706788128065,0.41681177581572704
1520,2024-10-31,2024-11-28,-0.25012048443467993,0.10134419845676013,-2.4680296281725216,0.0675768073237276,-3.7012770259546945,0.20368718348010648,-1.2279637832937509,True,False,0.6677158798631484,0.41639961579469026
1521,2024-11-01,2024-11-29,-0.2987780168906505,0.11852552965557814,-2.52079039645607,0.08902273127882505,-3.3561991706911134,0.27998152531292275,-1.0671347566833909,True,False,0.5705450766695651,0.4200613335306614
1522,2024-11-04,2024-12-02,-0.30190059525498086,0.11991414890042593,-2.517639478104227,0.08095455303960536,-3.72926023206233,0.28591859834086225,-1.0558970175667461,True,False,0.5638043197524324,0.4271608888725434
1523,2024-11-05,2024-12-03,-0.2990335263013367,0.12018989635453148,-2.488008854082537,0.07809951100192233,-3.8288783433480953,0.2898156207439564,-1.0318061032518469,True,False,0.5625136621432547,0.42602485794969547
1524,2024-11-06,2024-12-04,-0.32839461155191524,0.12239724097734504,-2.6830229907935506,0.08403077758449187,-3.9080277606823124,0.29302043712192455,-1.1207225501997038,True,False,0.5522470811230795,0.4287018128716277
1525,2024-11-07,2024-12-05,-0.05962465272837282,0.19652688613275643,-0.30339183559900096,0.1496548566427201,-0.3984144187897509,0.24854385986379168,-0.23989589910226966,True,False,0.3443882113919557,0.389154817640603
1526,2024-11-08,2024-12-06,-0.24248018589682435,0.2012429029850033,-1.204912979787884,0.09379225091555173,-2.5852901868742615,0.13496650054043652,-1.7965953397760084,True,False,0.3360948334601498,0.3483319490494595
1527,2024-11-11,2024-12-09,-0.22284030822693343,0.1815118685581187,-1.2276900127639956,0.07193462792052767,-3.0978169300204645,0.11751462124449193,-1.8962772961103194,True,False,0.37276837430860227,0.32375238249996235
1528,2024-11-12,2024-12-10,-0.22125591237230693,0.18152814634944717,-1.2188518244789577,0.07113123395742948,-3.1105310573513156,0.11494349191537148,-1.9249103075379792,True,False,0.37270928301570594,0.3279399288434909
1529,2024-11-13,2024-12-11,-0.1733014709212911,0.1796045010040258,-0.9649060572118211,0.05756533153494675,-3.010518072254709,0.12266202262515445,-1.412837218989017,True,False,0.37682299770134176,0.2566624077194945
1530,2024-11-14,2024-12-12,-0.15433535173925647,0.18189391160708135,-0.8484910263112293,0.05887228903082898,-2.6215279595878704,0.13180663939955284,-1.170922439433503,True,False,0.3720936940647198,0.2553879796746851
1531,2024-11-15,2024-12-13,-0.161184780355983,0.1825387137950298,-0.8830169611963802,0.05601286074509567,-2.87763878173453,0.12768849229409412,-1.2623281664626418,True,False,0.37076853538403975,0.262486361618808
1532,2024-11-18,2024-12-16,-0.15497893461978318,0.2078025772362624,-0.7457989052925891,0.07650904233696763,-2.0256289960761995,0.16966285344721058,-0.9134523643267841,True,False,0.3256543754999881,0.2616307234142421
1533,2024-11-19,2024-12-17,-0.13130205516718071,0.19543155155289219,-0.6718569960881917,0.07124021796561414,-1.8430889028239206,0.15896617820090325,-0.8259747869212763,True,False,0.34628615568749604,0.25833820173642724
1534,2024-11-20,2024-12-18,-0.05495761658208006,0.05278373377665056,-1.0411847107032648,0.012595110122798169,-4.363408977473116,0.05186536790847636,-1.0596206832863964,True,False,1.292540035352905,0.254796810842334
1535,2024-11-21,2024-12-19,-0.09560525110009162,0.05011133211229204,-1.9078569072132123,0.02252755017533618,-4.243925786691313,0.27159081835221444,-0.3520194522044014,True,False,1.3617383677926402,0.29263066800705395
1536,2024-11-22,2024-12-20,-0.04862738228394161,0.045462461992032646,-1.0696161218119604,0.022492752438721297,-2.161913372603947,0.058400755979821514,-0.8326498770108939,True,False,1.5054851572455563,0.32320782462283854
1537,2024-11-25,2024-12-23,-0.049041594492584016,0.04548140614946645,-1.078277886383232,0.020495430656918348,-2.3928062461097763,0.058631551604060354,-0.8364369209220754,True,False,1.504827772277642,0.32453496748244665
1538,2024-11-26,2024-12-24,-0.05214166271255901,0.04479718436345427,-1.1639495529343222,0.020561220234868213,-2.5359225822665876,0.056358504910313106,-0.925178245866092,True,False,1.5281631393816888,0.3110017443902665
1539,2024-11-27,2024-12-25,-0.05053174514585469,0.0448291355391959,-1.1272076639013655,0.019773376718559978,-2.5555445519036635,0.05593255474734319,-0.9034406773321035,True,False,1.5272123857148734,0.3038137836188084
1540,2024-11-28,2024-12-26,-0.050873770296787135,0.04480228230275649,-1.1355173817485875,0.02086004196242216,-2.4388143795890973,0.05768979681204557,-0.8818503983041373,True,False,1.5279619305579197,0.28046252288807916
1541,2024-11-29,2024-12-27,-0.05070420729396148,0.04466243052713551,-1.1352764884382003,0.021220941642583462,-2.3893476617557248,0.05867991552791374,-0.8640811227794244,True,False,1.5328469217340548,0.2802507227071452
1542,2024-12-02,2024-12-30,-0.049247944964089074,0.044500523923377125,-1.106682362861306,0.022772259553382367,-2.162628826912974,0.06331785622285586,-0.7777892035819121,True,False,1.5383407323661848,0.2782692604673181
1543,2024-12-03,2024-12-31,-0.04860816367620118,0.04451018260375923,-1.0920683949765653,0.022546420266799684,-2.1559149124785115,0.06314431578983935,-0.7697947640763382,True,False,1.5380663325372672,0.27390876134592596
1544,2024-12-04,2025-01-01,-0.04896219641462331,0.04450922442010804,-1.1000460478143839,0.022915384892111815,-2.1366517143457457,0.06411007265157087,-0.7637208068804707,True,False,1.5380013051688928,0.2701983038524167
1545,2024-12-05,2025-01-02,-0.04889874172400127,0.04448793971334246,-1.0991460166301197,0.023844357157713925,-2.050746908401427,0.06712116296973997,-0.7285145185289198,True,False,1.5385353249437907,0.2645513472796208
1546,2024-12-06,2025-01-03,-0.04726355476107847,0.0440687020850736,-1.0724970903349338,0.02439119276425853,-1.9377303610316179,0.06922162625242359,-0.6827859632873574,True,False,1.5532976326804808,0.25278596348942556
1547,2024-12-09,2025-01-06,-0.044236371613685564,0.044172168085067735,-1.0014534837523525,0.022560565909119215,-1.96078288957303,0.06264798151611656,-0.7061100859619156,True,False,1.5503529443934043,0.3086932414826806
1548,2024-12-10,2025-01-07,-0.04270314861579165,0.04406216161500847,-0.9691569149264363,0.023172310285224283,-1.8428524428581088,0.06484652680206504,-0.6585263810062957,True,False,1.5542816671227169,0.30704581098132855
1549,2024-12-11,2025-01-08,-0.043174802958533195,0.044055035573311294,-0.9800197048232246,0.0232036613275458,-1.860689239903662,0.06519674895769745,-0.6622232496063098,True,False,1.5544780956357205,0.31015135344123546
1550,2024-12-12,2025-01-09,-0.04433895747161712,0.0441125301158928,-1.0051329487365483,0.023912436650965194,-1.8542216386730055,0.06714245500487574,-0.6603714068601948,True,False,1.5522255220029293,0.30823939392834176
1551,2024-12-13,2025-01-10,-0.03998801418484611,0.043949954591409685,-0.9098533674631382,0.026641911291243263,-1.500943898044938,0.07513993457814805,-0.5321805829263431,True,False,1.557921179081001,0.3180711398579546
1552,2024-12-16,2025-01-13,-0.0395568926801929,0.04392888326055214,-0.9004757176632974,0.026011486529702376,-1.520747098979641,0.07375655665759687,-0.5363169658777525,True,False,1.5588150680305708,0.31575606674502626
1553,2024-12-17,2025-01-14,-0.034479843188839204,0.043933315485021295,-0.7848222427145255,0.026811655153285145,-1.286002038729582,0.07432505976953008,-0.4639060270621455,True,False,1.55906015613833,0.3418742517790608
1554,2024-12-18,2025-01-15,-0.031166433106766995,0.043319976444661165,-0.7194471388178237,0.028121197715796884,-1.108289676056702,0.0721261236040504,-0.43211019183369476,True,False,1.5819089431520776,0.3439542293981094
1555,2024-12-19,2025-01-16,0.022617022367267287,0.07554888307719076,0.2993693810689264,0.04803366428904439,0.4708577349245833,0.1557893814723774,0.1451769186931232,True,False,0.8988297300992322,0.34470723822615085
1556,2024-12-20,2025-01-17,0.11491869365895728,0.08128851355997614,1.4137138031705818,0.03024313029047696,3.799828012351724,0.0720410732565187,1.5951829763801963,True,False,0.8347059694138759,0.3039238366917729
1557,2024-12-23,2025-01-20,0.05321194813920634,0.1156740038967438,0.4600164803381916,0.07280976767830372,0.7308352963617923,0.07022596788992462,0.7577246670720604,True,False,0.5856789247639693,0.2700886228522057
1558,2024-12-24,2025-01-21,0.13514724307743636,0.11933560287156267,1.1324972583654795,0.06816383582984877,1.982682480117349,0.09960075782783237,1.356889706713365,True,False,0.5676197846960236,0.32550874150247106
1559,2024-12-25,2025-01-22,0.19868171878960741,0.13562370434967555,1.4649483270074293,0.06749620594333836,2.9435983254584195,0.13238061677320279,1.5008369324188378,True,False,0.49914791016722226,0.32573931042043197
1560,2024-12-26,2025-01-23,0.19962126171126068,0.13558292498918295,1.4723185956283715,0.0677469291468593,2.946572844335557,0.13363706590316635,1.493756693639971,True,False,0.4992946765368164,0.32642296551360406
1561,2024-12-27,2025-01-24,0.2116725487831852,0.13606955514719987,1.5556202014050688,0.07315477554690393,2.8934891427213687,0.1456771871634355,1.4530246835814409,True,False,0.49744083254667526,0.35058632532514866
1562,2024-12-30,2025-01-27,0.24094258629874485,0.11651258151094629,2.0679533761434032,0.07091620356724032,3.397567469475313,0.11420763781236744,2.109688904472319,True,False,0.5809655129643119,0.3682032742169194
1563,2024-12-31,2025-01-28,0.18929081482120289,0.11605204129921484,1.6310856121277337,0.0563060021971533,3.361823028358653,0.10617184531617747,1.7828720435017298,True,False,0.583518967865789,0.3637280040477975
1564,2025-01-01,2025-01-29,0.19019920724667952,0.11597177458507418,1.6400473988362902,0.05727351613838207,3.3208927977658553,0.11215121226654767,1.6959175331483411,True,False,0.5838924586092675,0.35397631758258863
1565,2025-01-02,2025-01-30,0.19327847228834744,0.11509480685318635,1.6792979420426093,0.05538065172900893,3.4899999594462385,0.11064096673536479,1.7468978985933676,True,False,0.5883168893647975,0.35543753628137653
1566,2025-01-03,2025-01-31,0.200609645634946,0.1150665562145473,1.7434226958257042,0.057357662062659895,3.497521314864467,0.10814510066370689,1.8550044745787533,True,False,0.5884485774273059,0.36112466807582505
1567,2025-01-06,2025-02-03,0.2657313241938455,0.1124170350009163,2.3637994383296053,0.05581000054129746,4.7613567750678225,0.11770704109198343,2.2575652376325293,True,False,0.6020077746215802,0.37871686859741327
1568,2025-01-07,2025-02-04,0.307852461288647,0.10852479338745621,2.836701657560861,0.08174974243679496,3.7657912075584092,0.12262325842135481,2.5105552180876853,True,False,0.6232902974931811,0.3852476437092843
1569,2025-01-08,2025-02-05,0.32078979067028274,0.11059042990972974,2.9007011812154975,0.07025415170461177,4.5661328602908,0.11303129776274876,2.8380616432770363,True,False,0.6115395584973439,0.38531163937152835
1570,2025-01-09,2025-02-06,0.3186796618412384,0.11054161154152904,2.8828932145748087,0.0691013576372592,4.611771356419884,0.11306079904664885,2.8186574350120353,True,False,0.6118110014789948,0.3781349857562164
1571,2025-01-10,2025-02-07,0.3157586529339351,0.10873747652822034,2.9038622470881705,0.06710668730469956,4.705323204231871,0.11132753700607752,2.836303231218503,True,False,0.6219837786364607,0.3786422381719277
1572,2025-01-13,2025-02-10,0.28173594039250877,0.11258391198861552,2.502452929695656,0.07254988964588174,3.883340715853196,0.1041042117740826,2.7062876284381865,True,False,0.6009594675386944,0.3652947447604146
1573,2025-01-14,2025-02-11,0.2801787812939673,0.11238280479107265,2.4930751800939555,0.07362146463473035,3.8056670386016083,0.10973110983956129,2.5533213115552997,True,False,0.6019952677332822,0.36369996097904117
1574,2025-01-15,2025-02-12,0.270924193673286,0.11261493515459363,2.405757223066117,0.07715959076937946,3.51121864400558,0.10627361351166897,2.549308193454231,True,False,0.6008802705064064,0.34893535599338177
1575,2025-01-16,2025-02-13,0.3464670727766279,0.12486531579189306,2.774726276703354,0.0758497098323559,4.567810127980639,0.11375606348274078,3.045702023867891,True,False,0.5414360665785763,0.35460809303925245
1576,2025-01-17,2025-02-14,0.350553392807568,0.1254114392095642,2.795226615825599,0.07314189065600725,4.792785497660314,0.11244779498039281,3.117476806625625,True,False,0.5389084216279484,0.3689966626627064
1577,2025-01-20,2025-02-17,0.3594308159174136,0.12512596158152775,2.8725518779188035,0.07682954584155467,4.678288957462623,0.11801783842123982,3.045563456555618,True,False,0.5400613714101811,0.3684474538880437
1578,2025-01-21,2025-02-18,0.36076843257378005,0.1251763498105229,2.882081424485284,0.07815621904128348,4.615991369582706,0.11871915841409657,3.038839201634223,True,False,0.539863243544648,0.3705498359858064
1579,2025-01-22,2025-02-19,0.3183795697353621,0.12669354141412167,2.5129897402952732,0.07474799385682576,4.25937277119697,0.11082546226114395,2.872801639980055,True,False,0.5338396466403227,0.33925797597074187
1580,2025-01-23,2025-02-20,0.302039384151446,0.12634305369247165,2.3906291270007785,0.07339286270504818,4.115378158299729,0.1145829738732888,2.635988349241618,True,False,0.5353589055468432,0.35384682883033547
1581,2025-01-24,2025-02-21,0.24011042067979133,0.11316931225865576,2.1216919665554164,0.08691801589982569,2.76249311715217,0.12284574868215542,1.9545684181634995,True,False,0.598095285592511,0.35394248860650807
1582,2025-01-27,2025-02-24,0.2272664888826504,0.11275693202699888,2.0155433887491103,0.09139177132102358,2.4867281331527327,0.12175226722317843,1.866630446117761,True,False,0.6004220879952802,0.33090037584712917
1583,2025-01-28,2025-02-25,0.20245171004267334,0.13240257219722815,1.5290617597753262,0.1346058485342546,1.5040335338115212,0.16502207471888225,1.2268159298539487,True,False,0.5112732996734539,0.3126164869286666
1584,2025-01-29,2025-02-26,0.26542644694351214,0.13994521350707034,1.8966454106706707,0.14077623916767978,1.8854491959211983,0.17863662221297566,1.4858456438291987,True,False,0.4834655170070892,0.31013370473988994
1585,2025-01-30,2025-02-27,0.3102193130582961,0.12911991832559525,2.402567451104109,0.11515705235566244,2.693880285335752,0.15988111756778894,1.9403123882141013,True,False,0.5238594902501431,0.3344675507187185
1586,2025-01-31,2025-02-28,0.23235538838492245,0.12388971219339266,1.8755018820466234,0.12090167715441343,1.921854136797146,0.16318603696925532,1.4238680753592834,True,False,0.5463740186779166,0.33641960306091123
1587,2025-02-03,2025-03-03,0.08064557122331918,0.10757191080792822,0.7496898643672273,0.14847453404739042,0.5431609652169614,0.19094660297607802,0.422346195042928,True,False,0.630009254840302,0.34145338453488394
1588,2025-02-04,2025-03-04,0.035735866028286024,0.11359423741622215,0.3145922437715371,0.12068623633390595,0.29610556359893947,0.19974129669647095,0.1789107541571167,True,False,0.5965139869829815,0.32500256812421247
1589,2025-02-05,2025-03-05,0.0901741053042285,0.11248021085942708,0.8016886225162237,0.1007609658728934,0.8949309340482119,0.23827059953390922,0.3784525051794964,True,False,0.6022827671646953,0.37702786745082606
1590,2025-02-06,2025-03-06,0.030895546338234638,0.10631055109044066,0.29061599268685134,0.07794979436408667,0.3963518645594908,0.21215455512058262,0.14562754177337595,True,False,0.6373817288671606,0.3809534543552962
1591,2025-02-07,2025-03-07,0.03510372767045325,0.10173577366643831,0.3450480239679314,0.06789085163620077,0.5170612361524013,0.18865331307327984,0.18607533097930637,True,False,0.6660872039983353,0.37675669859632227
1592,2025-02-10,2025-03-10,0.048465395453267536,0.08534631515297234,0.5678674628939694,0.055402297097951914,0.874790360543718,0.13220245648838275,0.36659981017468024,True,False,0.7947253247340694,0.3786359744791004
1593,2025-02-11,2025-03-11,0.06435624408413562,0.08487221309677939,0.7582722511400816,0.05398140653217181,1.1921927978253146,0.12820543082355193,0.5019775189766227,True,False,0.7989824898874864,0.3749456791568024
1594,2025-02-12,2025-03-12,0.04910457028601113,0.07811374474053223,0.6286290645662951,0.04397059621612777,1.1167592553134473,0.10652867800518316,0.46095165363473245,True,False,0.8687436254715426,0.3748147610579261
1595,2025-02-13,2025-03-13,0.04996555933713017,0.07829459078125424,0.6381738360026428,0.044891897011357255,1.113019557282004,0.10768427853848608,0.4640005023506993,True,False,0.8668073641795672,0.3774689884279149
1596,2025-02-14,2025-03-14,0.042256867553300194,0.07320000127683658,0.5772796013143235,0.03686012632753897,1.1464113600101584,0.0921375553348971,0.4586280523691668,True,False,0.9277712024888456,0.3748531334439516
1597,2025-02-17,2025-03-17,0.03861041691182913,0.07222529946508281,0.5345829951247937,0.036274832164910856,1.0643858181424617,0.08974602567119705,0.43021868236579414,True,False,0.9405806916713386,0.35955810770520596
1598,2025-02-18,2025-03-18,0.04105607995830494,0.07188725016024883,0.5711176859148737,0.036690036135325864,1.1189980791208696,0.08924568953881071,0.4600343184132235,True,False,0.9450672583830486,0.3610404696256964
1599,2025-02-19,2025-03-19,0.020439470442836623,0.07001662490442519,0.29192310355914924,0.038356607328079564,0.5328800398849036,0.08724437866067758,0.23427836562780194,True,False,0.9707003348603875,0.3655723081909391
1600,2025-02-20,2025-03-20,0.02184566055341126,0.0700057427663492,0.31205526418487156,0.03847633385446986,0.5677687649774205,0.0868662016950552,0.25148631029247376,True,False,0.9707747705471188,0.3570985446842813
1601,2025-02-21,2025-03-21,0.0185758262433077,0.06981858001971761,0.2660584938573896,0.04008247376889005,0.46344011475971575,0.08781345595850482,0.21153735541493188,True,False,0.9736358134652565,0.3488368200723602
1602,2025-02-24,2025-03-24,0.018866501661778085,0.07099454240399401,0.26574580274661636,0.040573521202098256,0.4649954231924639,0.09114132825156139,0.20700270693558684,True,False,0.9573581762540984,0.3486534632950489
1603,2025-02-25,2025-03-25,0.01828086543985133,0.07127420741195366,0.2564864079679037,0.04030778424685785,0.45353188674161354,0.09180681168046065,0.19912319255219346,True,False,0.9535415568491129,0.34858732633828504
1604,2025-02-26,2025-03-26,0.02059833085211,0.07068924715738098,0.2913927037057041,0.03927754330341084,0.5244302244922037,0.090133145859781,0.22853225254286103,True,False,0.96150062607565,0.34861793755861864
1605,2025-02-27,2025-03-27,0.021702304120660994,0.07066000060283996,0.3071370497524272,0.039665088765105654,0.5471386752511957,0.09040640603701039,0.24005272493385643,True,False,0.9619319742386354,0.3499076829548369
1606,2025-02-28,2025-03-28,-0.0060088036885180066,0.06867168984711026,-0.08750044890253796,0.0470829351311727,-0.1276216886601807,0.07832672107769809,-0.07671460780998898,True,False,0.9899562106919264,0.32512098597302835
1607,2025-03-03,2025-03-31,0.01173126960074793,0.06957701912315582,0.1686083961139931,0.0404654802244632,0.28990807808715563,0.07965513112532638,0.14727575530935216,True,False,0.9769103859144089,0.3244955388562379
1608,2025-03-04,2025-04-01,0.05664932292252774,0.07395151683904895,0.7660332788821843,0.03627630244430079,1.5616068646882633,0.07361085498061404,0.7695783853814326,True,False,0.9185399394433703,0.3164168245318547
1650,2025-05-01,2025-05-29,-0.3929458791582791,0.09896314936488441,-3.9706282760814204,0.10144411924801362,-3.873520535947414,0.11532003960608102,-3.407437948343875,False,False,0.682413945182776,0.37760964806530123
1651,2025-05-02,2025-05-30,-0.40054039035819394,0.09883926714768014,-4.052441928365664,0.09820275200253183,-4.078708408781328,0.11409773820842818,-3.5105024573450025,False,False,0.6831190429163576,0.3643622855782931
1652,2025-05-05,2025-06-02,-0.4715477735687599,0.10239209375484738,-4.6053142999279295,0.0612248495873699,-7.701901707342628,0.08017535677588591,-5.881455256717807,False,False,0.6584974783577845,0.3614136126905781
1653,2025-05-06,2025-06-03,-0.48212462684291846,0.10420428688838362,-4.626725456691976,0.0631758694402052,-7.631468013261623,0.08138230668226588,-5.924194662179302,False,False,0.6470204321332156,0.3646738824511872
1654,2025-05-07,2025-06-04,-0.4985156727384978,0.10724547527072222,-4.648360888700276,0.07606201507246689,-6.554068706483056,0.09363220745062104,-5.324190108423971,False,False,0.62855152294571,0.36934567663277457
1655,2025-05-08,2025-06-05,-0.4888256492409016,0.10646203413271783,-4.59154902705993,0.07118144735742188,-6.867318204227737,0.087461317922457,-5.589049660494406,True,False,0.6332566976782388,0.36870443088778276
1656,2025-05-09,2025-06-06,-0.46272962202029483,0.10429740403172078,-4.436636043976332,0.06369928913631227,-7.26428235376511,0.08926697498212584,-5.183659714165831,True,False,0.6466305729442163,0.34893584920980164
1657,2025-05-12,2025-06-09,-0.4672674483806746,0.1038467164571909,-4.499588088308,0.06312441910134356,-7.402324726830304,0.08535236279320264,-5.474569573578193,True,False,0.64934731697393,0.3491985926672616
1658,2025-05-13,2025-06-10,-0.40898878191375354,0.125776443469956,-3.2517120903601313,0.03946617637283243,-10.363020173276569,0.07022297423686057,-5.824144966207829,True,False,0.5368994010241371,0.2938888860183461
1659,2025-05-14,2025-06-11,-0.4193549188475659,0.125447210466478,-3.3428795848722834,0.04273660124776527,-9.81254724530754,0.07200602354531956,-5.8238866444781525,True,False,0.538238954945408,0.29141422201159534
1660,2025-05-15,2025-06-12,-0.42453876857526196,0.12430681853104408,-3.415249248529667,0.04324637921971053,-9.81674711814414,0.07232267900917444,-5.870064195511997,True,False,0.5430876255436025,0.2951354565101187
1661,2025-05-16,2025-06-13,-0.2955332272609685,0.11037075652452603,-2.6776406773591024,0.09998761019362713,-2.955698477928066,0.13574963537580048,-2.17704619568836,False,False,0.6125902141303715,0.2955154955304028
1662,2025-05-19,2025-06-16,-0.2595843084074058,0.10578645700479918,-2.453851993508293,0.10893798594255326,-2.3828631139214704,0.12464775765592592,-2.0825429457299576,False,False,0.6393125523915206,0.2871304578205394
1663,2025-05-20,2025-06-17,-0.16979706231811065,0.09905867642713684,-1.7141059061394368,0.13191699023998468,-1.2871508212036535,0.11842564462310452,-1.4337862619071926,False,False,0.6837828218515876,0.2831618694922467
1664,2025-05-21,2025-06-18,-0.1835283916698213,0.09608522003273129,-1.9100585043912333,0.11804741667883621,-1.5547006180502436,0.11480090404396441,-1.5986667805293315,False,False,0.7050151910055296,0.2888676654169833
1665,2025-05-22,2025-06-19,-0.1288725352981521,0.10037316872428403,-1.2839341124335053,0.10376160338804144,-1.2420060127271,0.107349434068016,-1.2004957121292243,False,False,0.6751974987107914,0.2737067271134785
1666,2025-05-23,2025-06-20,-0.1403615742589797,0.09772017577409588,-1.436362277770149,0.09306988663890234,-1.508130925350347,0.10667532923081582,-1.3157829019236131,False,False,0.6935539275016849,0.2745519843413939
1667,2025-05-26,2025-06-23,-0.09393296574256722,0.1024978207484489,-0.9164386623701822,0.06640250975708767,-1.4145996301373385,0.0885853256923956,-1.060367109432332,False,False,0.6613432232751493,0.25063951707914506
1668,2025-05-27,2025-06-24,-0.01532254937953128,0.09936369714735277,-0.15420671552517307,0.06826195450842007,-0.22446690092416344,0.10935889502158497,-0.14011251098053756,False,False,0.6823966542283904,0.28881193008139017
1669,2025-05-28,2025-06-25,0.005220890421109271,0.10176022832369518,0.051305804901516434,0.0649274760192404,0.08041111007552687,0.11051210788825641,0.04724270055900427,False,False,0.666214736590704,0.28417368829492345
1670,2025-05-29,2025-06-26,-0.0027659645799461984,0.1020172515107655,-0.02711271416339144,0.06578836718494935,-0.042043368733720124,0.11576980217457629,-0.023891934925959646,False,False,0.6643042518173612,0.29337410942610304
1671,2025-05-30,2025-06-27,-0.0034858058435991417,0.10200873912359541,-0.034171639347249295,0.06591915593113265,-0.052880013318751355,0.11369400512940242,-0.030659539521294223,False,False,0.6644711945856858,0.288026496679146
1672,2025-06-02,2025-06-30,-0.0001763381644125581,0.10195661772748374,-0.001729541135661112,0.06249602265784952,-0.002821590189474401,0.11624244030845512,-0.0015169860848123625,False,False,0.664686788071061,0.2837906896240253
1673,2025-06-03,2025-07-01,-0.0027547720463807768,0.10195477116686301,-0.027019550089247057,0.06432065922690568,-0.04282872842864833,0.11519418241083101,-0.02391415945430385,False,False,0.6648256608775415,0.2698594797540652
1674,2025-06-04,2025-07-02,0.007741949186959245,0.1024250839548052,0.07558645683293128,0.059222584805163646,0.13072629660507862,0.1154887456222384,0.06703639515042462,False,False,0.6616783060884996,0.2614387202350511
1675,2025-06-05,2025-07-03,0.00702619123203611,0.10238073059081468,0.06862806302992412,0.06005463782278246,0.11699664649997504,0.11398265477805443,0.061642635414286676,False,False,0.6620496293031558,0.25516827102376505
1676,2025-06-06,2025-07-04,0.01098478316025701,0.1017346232508707,0.10797487432738881,0.058090156234844106,0.18909887444351595,0.11162485209517276,0.09840804224216347,False,False,0.6662913962215763,0.2556434218693132
1677,2025-06-09,2025-07-07,0.047433999318099995,0.10577075201726378,0.44846045256781264,0.05072066683387741,0.9352006248943443,0.11334204936102547,0.41850310264824764,False,False,0.6407438736102214,0.2647139087849292
1678,2025-06-10,2025-07-08,0.03475580141384107,0.1045204155769739,0.3325264372704796,0.05008957112754177,0.6938730085219392,0.11088243031459966,0.3134473271845742,False,False,0.6485413987524544,0.2675420757767279
1679,2025-06-11,2025-07-09,0.03657953669133008,0.10355063139700622,0.35325266681461914,0.046572659505353206,0.78542941459303,0.10693069912845517,0.342086388562627,False,False,0.6546084663514583,0.2652532702166836
1680,2025-06-12,2025-07-10,0.043385087038084975,0.10374013020887321,0.41820929808678914,0.04840847116210811,0.8962292341933077,0.10495654672695873,0.41336237129590364,False,False,0.6534698293737559,0.2556415461346839
1681,2025-06-13,2025-07-11,0.06325086364966788,0.10404590707133056,0.6079130398306307,0.05068869648610458,1.2478297536612921,0.1017106731909171,0.6218704651668382,False,False,0.6515361165995248,0.24599236907414374
1682,2025-06-16,2025-07-14,0.086068326099202,0.11729761342100024,0.7337602495823061,0.06257686252938734,1.37540174787099,0.12562322080660454,0.6851307070983569,False,False,0.5776286602904953,0.25081561702699773
1683,2025-06-17,2025-07-15,0.08733753666458875,0.12262127296204417,0.7122543630061886,0.07750213814484315,1.1269048668226973,0.14733409655170923,0.5927856396359431,False,False,0.5524634481380568,0.25424087648787247
1684,2025-06-18,2025-07-16,0.061012689048375014,0.1433323195560939,0.42567293432028325,0.10718114310165329,0.5692483517413978,0.20018525379716248,0.3047811359282041,False,False,0.4724767285149258,0.24686197756652178
1685,2025-06-19,2025-07-17,0.08950807398040575,0.14896036621119688,0.6008851633292891,0.0970531225645707,0.9222585694845096,0.2163028674631988,0.41380900322846814,False,False,0.45456483536391856,0.24671501481351488
1686,2025-06-20,2025-07-18,0.14339793855803837,0.1766161179561802,0.8119187547402468,0.1051753404946312,1.3634178685198388,0.28348818815966204,0.505833909655791,False,False,0.3832348687392501,0.251790868754511
1687,2025-06-23,2025-07-21,0.21849599178774903,0.18839682219220738,1.1597647414924743,0.12165804905460914,1.7959846757831195,0.27625063811601025,0.7909338898829714,False,False,0.3591469359957805,0.25105624638920987
1688,2025-06-24,2025-07-22,0.24638546273418938,0.19171256597228173,1.2851816023880895,0.12935515725456218,1.904720831882408,0.26298922256702906,0.9368652461467016,False,False,0.35286410047698286,0.25312868913787234
1689,2025-06-25,2025-07-23,0.014790463810157181,0.24206738212629778,0.0611006062867252,0.08845636416331444,0.16720632766286858,0.1454570421533804,0.10168269333127955,False,False,0.27954686148821833,0.21186895242411163
1690,2025-06-26,2025-07-24,0.021735427343008318,0.2496269475910585,0.08707163851001985,0.0848743623790324,0.25608943306038784,0.15440155101432448,0.14077207903819458,False,False,0.2710743196059045,0.21195970600228323
1691,2025-06-27,2025-07-25,-0.043011163071638006,0.2468602031349794,-0.1742328756333404,0.09422997351623295,-0.4564488502613077,0.14565617577319703,-0.2952924092872739,False,False,0.2741228228403391,0.18807853365387078
1692,2025-06-30,2025-07-28,-0.016462349440724278,0.24705436209104403,-0.0666345224645643,0.0828769935780895,-0.19863593899811166,0.14467366273103976,-0.11378953936715586,False,False,0.2738876177902489,0.21847102483585157
1693,2025-07-01,2025-07-29,0.08249393478967391,0.23302405002307106,0.35401468123786545,0.07597879986135957,1.0857493793032094,0.13713588038463856,0.6015488766199992,False,False,0.2903427284550114,0.21748648705885143
1694,2025-07-02,2025-07-30,0.0476986573497862,0.2301090818711651,0.20728715686455182,0.06358960933688476,0.7501014371245537,0.1392568163467686,0.34252296297662005,False,False,0.29397754841222923,0.22510829611927374
1695,2025-07-03,2025-07-31,0.0742425442463307,0.20859349100153934,0.3559197551652406,0.0524001105497384,1.4168394583034203,0.11681498829696116,0.6355566638212132,False,False,0.32428395459536746,0.22673944001850663
1696,2025-07-04,2025-08-01,-0.18336793049262756,0.13444267907015647,-1.3639116072429673,0.09880619912629722,-1.8558342706639372,0.2571814321755984,-0.7129905488955655,False,False,0.5034248229121473,0.25138463317809057
1697,2025-07-07,2025-08-04,-0.09171956575646688,0.11538046073627145,-0.7949315262842729,0.06313343229982496,-1.4527891548947383,0.24769091010878677,-0.3702984728675885,False,False,0.5870801235250467,0.2575233266334141
1698,2025-07-08,2025-08-05,-0.10023469101943772,0.1153668879005629,-0.8688341416111707,0.0562495076201747,-1.7819656608600623,0.23111358531617188,-0.4337031545865769,False,False,0.5872077830718381,0.2524314663634493
1699,2025-07-09,2025-08-06,-0.06208667644112917,0.1149901757779217,-0.5399302681390449,0.06679355081334608,-0.9295310053904722,0.24375375496337384,-0.25471064620300204,False,False,0.5892747989449816,0.2637396927440651
1700,2025-07-10,2025-08-07,-0.0690397056720416,0.11644674591289625,-0.5928865176162521,0.06523883215369075,-1.058260906777066,0.2473814657075163,-0.27908196547621933,False,False,0.5818622350064374,0.2625330009876055
1701,2025-07-11,2025-08-08,-0.05193297372991092,0.11262685066752655,-0.46110650721484336,0.07008245396784235,-0.7410267590478581,0.23416540799749533,-0.22177901584194024,False,False,0.6017092184006468,0.2648424151754256
1702,2025-07-14,2025-08-11,-0.034359908643390134,0.11111597555220634,-0.3092256399013173,0.08658037764634662,-0.3968556106758908,0.23780092516222281,-0.14449022273546885,True,False,0.6099229192378895,0.2714570083132032
1703,2025-07-15,2025-08-12,-0.015095904983617526,0.10877685360057496,-0.13877865082445937,0.09959113337079394,-0.15157880498671528,0.2398474795295332,-0.06293960233907198,True,False,0.6231375696169026,0.2783751874421995
1704,2025-07-16,2025-08-13,-0.01895336583669447,0.10891113279413502,-0.1740259728316326,0.09567375879973611,-0.19810412044505926,0.23323122315792538,-0.08126427319664992,True,False,0.622360728739737,0.27400435289271774
1705,2025-07-17,2025-08-14,-0.007175746812442517,0.10857234330971456,-0.06609184801301478,0.10833582020965664,-0.06623614238167644,0.24637379312384747,-0.029125446832063848,True,False,0.6243142484906454,0.2899479812112893
1706,2025-07-18,2025-08-15,-0.0060338408712712665,0.10886986177552978,-0.05542250879046737,0.10337502631572332,-0.05836845789855456,0.2328093819197762,-0.025917515958830507,True,False,0.6226028172598447,0.29252407837472344
1707,2025-07-21,2025-08-18,-0.007036703588769812,0.10887109141315547,-0.06463335213630024,0.10670986487557706,-0.0659423905837999,0.2411472423799616,-0.029180112197519925,True,False,0.6225957779831305,0.2909287517908612
1708,2025-07-22,2025-08-19,0.0029196055034629406,0.10834294308660185,0.026947814230311336,0.11365899757853448,0.025687412045364847,0.25048407852538124,0.011655852622054381,True,False,0.6256139246110952,0.28326595370082874
1709,2025-07-23,2025-08-20,0.00101515668945939,0.1083098020491792,0.009372712997836036,0.11558337156660636,0.008782895633688911,0.25345595526253273,0.0040052587772415075,True,False,0.6257666766276677,0.2752695062243633
1710,2025-07-24,2025-08-21,0.0031412736389023277,0.10910526951635423,0.028791218360277912,0.12208441895562791,0.02573034024959431,0.2528090009761033,0.012425481793661514,True,False,0.6211335832873615,0.27712445119388524
1711,2025-07-25,2025-08-22,0.08501429601310626,0.10075213187042402,0.8437964977499633,0.1527597444863011,0.5565229000545363,0.25643492303440213,0.33152386191057576,True,False,0.6728446036870224,0.31950926167506954
1712,2025-07-28,2025-08-25,0.09500454541512589,0.10051973502709029,0.9451332655176813,0.15317311486334367,0.6202429551679877,0.2484262627269922,0.38242553090906917,True,False,0.6743996435223579,0.3117669891566121
1713,2025-07-29,2025-08-26,0.09114313470069242,0.10050792360314187,0.9068253669290139,0.1497327832419549,0.608705273002327,0.24099042032422824,0.37820231434124457,True,False,0.674503113179654,0.29018651745002944
1714,2025-07-30,2025-08-27,0.08116615460237249,0.10170390914705874,0.7980632729171728,0.15543181292531172,0.5221978247231444,0.24724076332960196,0.32828791461935486,True,False,0.666563302332825,0.2850319271323407
1715,2025-07-31,2025-08-28,0.09829398829169986,0.10177275280801164,0.9658183116764635,0.15318253847793434,0.6416788053545602,0.24335701954928046,0.4039085803801729,True,False,0.6659851265935565,0.2832738461952944
1716,2025-08-01,2025-08-29,0.07914392326198219,0.10274102268022225,0.7703244643409363,0.15892613519423232,0.49799187002978507,0.23636738781966518,0.3348343610006152,True,False,0.6596809283305418,0.2745035207704528
1717,2025-08-04,2025-09-01,0.28948198584741835,0.1290574685445559,2.243047141029869,0.10028683984633359,2.8865401112547033,0.1370138982093799,2.1127928599260932,True,False,0.5241910252065857,0.2620227893570628
1718,2025-08-05,2025-09-02,0.42257127893299995,0.15058665014456057,2.8061669379545853,0.04700894114056719,8.989168202479139,0.08139296639862127,5.191741960398165,True,False,0.4487742525115484,0.276044961352185
1719,2025-08-06,2025-09-03,0.42428653636826663,0.14858140688329655,2.85558297816848,0.045681490637649654,9.287931073303882,0.079858667831245,5.312967870499124,True,False,0.45480976023585956,0.2774408646412854
1720,2025-08-07,2025-09-04,0.36174990563827486,0.148920717050487,2.4291442641632903,0.08060823760940386,4.487753564234639,0.11737708789338348,3.081946503621399,True,False,0.45403523783195937,0.2718893781811709
1721,2025-08-08,2025-09-05,0.3653196961987241,0.14897870272424535,2.4521605405231566,0.07767869944588471,4.702958453278766,0.11137597959257861,3.280058209454947,True,False,0.4538441244010388,0.2961101209862402
1722,2025-08-11,2025-09-08,0.39411410995291296,0.15788706184006673,2.4961773647554146,0.08163202896560916,4.82793475731137,0.11629325886258444,3.3889678026704013,True,False,0.4281642482143022,0.29469099696814327
1723,2025-08-12,2025-09-09,0.3836581976693316,0.16481041244032188,2.3278759635909223,0.08996906443290996,4.264334636439684,0.12944737433822578,2.963815988008321,True,False,0.4102235646331851,0.28674450819202946
1724,2025-08-13,2025-09-10,0.37729502860902775,0.17896033441791223,2.1082606368401158,0.1067148872183825,3.5355425887011163,0.17648385553745918,2.137844436025174,True,False,0.3778392980167131,0.27702318587887026
1725,2025-08-14,2025-09-11,0.3741380663179566,0.17630060935961187,2.122159802379371,0.10442002615756234,3.5830106550003067,0.1691509398516086,2.2118592225746867,True,False,0.3835423427009971,0.27749655910050613
1726,2025-08-15,2025-09-12,0.3540238557933719,0.17710765820392113,1.9989189591437662,0.10935742616156287,3.2373096937225174,0.1745787581532434,2.027874751420866,True,False,0.38183066115590464,0.2603133827867115
1727,2025-08-18,2025-09-15,0.282364038680049,0.17182701761822855,1.6433040775194945,0.14850415231062847,1.9013881718904648,0.2208255900893957,1.278674444233302,True,False,0.3937039795942567,0.26959697210238354
1728,2025-08-19,2025-09-16,0.24808168185021934,0.16948127839721722,1.4637704187525924,0.16974951814765435,1.461457355268772,0.2254278919049108,1.1004924002699021,True,False,0.3991607251245397,0.27392688480215516
1729,2025-08-20,2025-09-17,0.2206022900598902,0.16849250435061916,1.3092706462528139,0.18464282248819477,1.194751505025301,0.23229977930551832,0.9496448542456698,True,False,0.401540720293329,0.27111134690362354
1730,2025-08-21,2025-09-18,0.21745836627937098,0.16859391181698932,1.2898352255769745,0.18847655433450666,1.1537687912812096,0.24320079664759794,0.8941515376467777,True,False,0.401350649653291,0.290335939776534
1731,2025-08-22,2025-09-19,0.1844302050592095,0.17396524430677943,1.0601554683760603,0.19488416796687544,0.9463580699411006,0.278537503352872,0.6621377833833731,True,False,0.38898029001902396,0.2843483891487807
1732,2025-08-25,2025-09-22,-0.048039525286631406,0.22785409474872648,-0.21083459281084485,0.20402101798476202,-0.23546360939253522,0.22134660624587588,-0.21703303294954618,True,False,0.29700398845465525,0.24687239119860452
1733,2025-08-26,2025-09-23,-0.0844605695071949,0.2282655048323858,-0.3700102193242639,0.20898806122664912,-0.40414064330496263,0.2223745495300155,-0.37981221180976305,True,False,0.2964478402608536,0.24667515429227382
1734,2025-08-27,2025-09-24,-0.14632000122650857,0.22482272839520445,-0.6508238836480095,0.22984078598154767,-0.6366146052000344,0.22614801893514203,-0.6470098739554836,True,False,0.30098624666450796,0.26805670148310284
1735,2025-08-28,2025-09-25,-0.1110760783547084,0.22187412353599043,-0.5006265561053164,0.2071155773156574,-0.5362999721909923,0.22266611669261224,-0.4988458953907546,True,False,0.3050067806666744,0.27457030515652875
1736,2025-08-29,2025-09-26,-0.1121252788112138,0.19757354334438185,-0.5675116056190433,0.15140114847437022,-0.7405840704715315,0.17893476418508933,-0.6266265771319424,True,False,0.3425602941009513,0.26124559167472416
1737,2025-09-01,2025-09-29,-0.14931181843147637,0.19925236277622338,-0.7493603405805817,0.15468607536424298,-0.9652570089446532,0.19066175420869386,-0.7831241197332275,True,False,0.3396496402021116,0.26782755333904834
1738,2025-09-02,2025-09-30,-0.15414468397510533,0.20482880103576867,-0.7525537580439554,0.16181613641521264,-0.952591548593011,0.20602504514401604,-0.7481842019127083,True,False,0.3303918045156821,0.2678693407740738
1739,2025-09-03,2025-10-01,-0.2771376744227851,0.2186445279081151,-1.26752623115842,0.12143464246109792,-2.2821961575879572,0.19031328766252198,-1.4562182064461349,True,False,0.3094031492375664,0.2520090437284357
1740,2025-09-04,2025-10-02,-0.29821789425135903,0.22605188830624887,-1.3192453134801583,0.13743877707592655,-2.1698235432247173,0.21820795018274283,-1.3666683271696114,True,False,0.2992514800152211,0.25606367917599177
1741,2025-09-05,2025-10-03,-0.2602637230795717,0.24608974320534918,-1.057596792493684,0.15628599087447032,-1.6653042388720356,0.24751959489944506,-1.0514873506693638,True,False,0.27489509848931115,0.25803228748460244
1742,2025-09-08,2025-10-06,-0.30500177694766495,0.244489551218203,-1.247504342937976,0.15817053391020508,-1.9283097136209792,0.28085351581699775,-1.0859816942665659,True,False,0.2766782002624748,0.23363000898787642
1743,2025-09-09,2025-10-07,-0.2470723701947121,0.23388965089340924,-1.0563629867800803,0.15112656185462106,-1.6348705823956204,0.2525468078230446,-0.9783230773117974,True,False,0.2892585272088741,0.2365258096694823
1744,2025-09-10,2025-10-08,-0.27946160174296475,0.21868116486996594,-1.2779408867203566,0.1319299831005783,-2.118256935801425,0.2245048902095492,-1.2447907102696956,True,False,0.3093473928227997,0.2414462088382958
1745,2025-09-11,2025-10-09,-0.2728054184276314,0.21947632098124062,-1.2429833761016478,0.13507159825431395,-2.0197097091721017,0.23080987527143562,-1.1819486410917577,True,False,0.30821738581146807,0.24640136918113922
1746,2025-09-12,2025-10-10,-0.13015639095674209,0.10899141703909401,-1.1941893636455467,0.05015001966011545,-2.59534077631192,0.19764045687998263,-0.6585513563945042,True,False,0.6216341686691343,0.24303125182150326
1747,2025-09-15,2025-10-13,-0.10957517870451661,0.09735110027443081,-1.1255669262661272,0.04554722788352902,-2.4057485778216074,0.08208723550273463,-1.3348625767871822,True,False,0.6963551737916652,0.24301155676948646
1748,2025-09-16,2025-10-14,-0.0914416054133901,0.09515874997248591,-0.9609374381213437,0.026511665374399813,-3.449108312210666,0.04053300727807429,-2.2559788072486304,True,False,0.7124646699958928,0.21938928900155336
1749,2025-09-17,2025-10-15,-0.07607684519924737,0.095210220268515,-0.7990407435745128,0.021021035491001098,-3.619081716113135,0.03450800405673102,-2.2046144736211737,True,False,0.7121002251651976,0.2108578309314588
1750,2025-09-18,2025-10-16,-0.10688215886593698,0.08007646813983503,-1.3347511615933412,0.02487192610051308,-4.297301239719111,0.04576937793932024,-2.3352329369133735,True,False,0.8474693589832206,0.21656214305150467
1751,2025-09-19,2025-10-17,-0.08855330690554221,0.06805329494698512,-1.3012346716573682,0.014351026145203283,-6.170520909763686,0.032762980289272,-2.70284650919069,True,False,0.9987539772651567,0.20011688225798016
1752,2025-09-22,2025-10-20,-0.07940290808791337,0.06532701276572624,-1.2154682225049183,0.013447361502123938,-5.904720273592117,0.03034756134952477,-2.6164510279227686,True,False,1.0409877640728025,0.2009400616207296
1753,2025-09-23,2025-10-21,-0.08121731566944286,0.06534902869537351,-1.2428236087186522,0.01359612111582506,-5.973565179182674,0.03173408891769786,-2.559308253029712,True,False,1.0405679121713807,0.20511631078465403
1754,2025-09-24,2025-10-22,-0.07963171546841291,0.06527442742910632,-1.2199527227550153,0.013398689895919434,-5.943246398490402,0.032903785725719975,-2.420138403897002,True,False,1.0417440095725714,0.19991429819519968
1755,2025-09-25,2025-10-23,-0.0746081995729447,0.06472799064794006,-1.1526419841880118,0.01369528949665872,-5.447727088291714,0.029636335646770408,-2.517456964389424,True,False,1.0507752199392002,0.1766725584461452
1756,2025-09-26,2025-10-24,-0.07715811307547456,0.06452297091665571,-1.195823936488288,0.013253187534417794,-5.821853261722827,0.02766188652747083,-2.7893293900562193,True,False,1.0541638830004858,0.16498467003069384
1757,2025-09-29,2025-10-27,-0.07914254199397955,0.06513073950630441,-1.2151334775850173,0.013668499415932346,-5.790141228065534,0.02757603504171364,-2.8699753925559794,True,False,1.04420254489125,0.16580381299504712
1758,2025-09-30,2025-10-28,-0.0760976618081408,0.06523111698532022,-1.1665852943353097,0.013222650916330668,-5.755098753621045,0.028049351791623885,-2.712991814337226,True,False,1.0425945612186136,0.15694768509124662
1759,2025-10-01,2025-10-29,-0.07720054521093407,0.06515805458983756,-1.1848196772740163,0.01305456382972121,-5.913682465221264,0.027371222533357397,-2.820500440447975,True,False,1.0437775802111031,0.15869757822240413
1760,2025-10-02,2025-10-30,-0.07773749438183858,0.06515075594086604,-1.1931940506169547,0.013712683617250199,-5.669021217994619,0.030958342932742283,-2.511035379081015,True,False,1.0437843629208274,0.2065894241442169
1761,2025-10-03,2025-10-31,-0.07854459085364042,0.06509941644600846,-1.206532948245135,0.013231376067435,-5.93623750495264,0.029721408730953497,-2.6426940783543613,True,False,1.0446451939608283,0.20235563972488488
1762,2025-10-06,2025-11-03,-0.0786712200821112,0.06506203391631454,-1.2091724673609399,0.014054244008719548,-5.597684232129592,0.03223730548844409,-2.4403782788332604,True,False,1.0451582449312293,0.18845885384179228
1763,2025-10-07,2025-11-04,-0.06780071925802061,0.064063894136462,-1.058329659349131,0.01821562282339899,-3.722119189409587,0.03528969431534503,-1.9212611662815906,True,False,1.0617020766143757,0.19550689239195107
1764,2025-10-08,2025-11-05,-0.06896948014144799,0.06389225558546094,-1.0794654142268598,0.01888771633323081,-3.651552094739159,0.03416304919497156,-2.018832679361641,True,False,1.064611784172017,0.19379140668987088
1765,2025-10-09,2025-11-06,-0.0697078149958445,0.06361205538081009,-1.0958271129354722,0.015718004609792505,-4.434902312753852,0.030669661145921553,-2.272858988046375,True,False,1.0694614099765938,0.19268546344978274
1766,2025-10-10,2025-11-07,-0.06635092639263648,0.06351618409236044,-1.0446302362269428,0.017664524975502298,-3.756168166687413,0.02890084022538057,-2.2958130585548666,True,False,1.0711851196406865,0.19538021760203264
1767,2025-10-13,2025-11-10,-0.06585429766974812,0.07389195534352709,-0.8912241848735559,0.027418235059634834,-2.4018430627104412,0.04454001153295429,-1.4785424476377562,True,False,0.9193574901071327,0.1962466177281055
1768,2025-10-14,2025-11-11,-0.06664283932922513,0.07727043981086046,-0.8624622752549468,0.028052073337829598,-2.3756831991221836,0.04753505128760025,-1.401972597568423,True,False,0.8788355588917104,0.1962466177281055
1769,2025-10-15,2025-11-12,-0.07270823298155915,0.0793966230300346,-0.9157597666849719,0.03029053797464374,-2.4003612297154753,0.04720852375873679,-1.5401505319916549,True,False,0.8550980571050927,0.20139809646431217
1770,2025-10-16,2025-11-13,-0.08966975979330473,0.07546052322541251,-1.1883002656295794,0.026508334800898002,-3.382700590844622,0.03873981684303242,-2.314666591136255,True,False,0.8999433822804166,0.19919887787837975
1771,2025-10-17,2025-11-14,-0.06730100389902498,0.09262022281740272,-0.7266340098501639,0.043718766873463176,-1.5394076437200694,0.05517154476417706,-1.2198499097078679,True,False,0.7322998256924385,0.19885682420916098
1772,2025-10-20,2025-11-17,-0.047310382700543475,0.10905279913298346,-0.43383006283819686,0.042268542178616836,-1.11928115477986,0.07142880354701864,-0.6623432054185396,True,False,0.6215213551418423,0.20030397605045042
1773,2025-10-21,2025-11-18,-0.05346419194873764,0.1144599298821542,-0.46709963918188113,0.03991511100608341,-1.339447407288664,0.07161281123410197,-0.7465730087590532,True,False,0.592044143110205,0.19981228764137107
1774,2025-10-22,2025-11-19,-0.06381102563778641,0.11200063946898166,-0.5697380473926557,0.04115226621808132,-1.5506078158521774,0.0713059867016169,-0.894890157046792,True,False,0.6050757794593786,0.2004525600343378
1775,2025-10-23,2025-11-20,-0.04530827439422633,0.10288645315219158,-0.4403716233390364,0.03562797068582074,-1.2717051665324897,0.061503230081352556,-0.7366812171376272,True,False,0.6589297751568631,0.20247648475857077
1776,2025-10-24,2025-11-21,-0.0643849152176081,0.09290249899757147,-0.6930374953561923,0.029873709340495994,-2.1552367161291768,0.055496135699377336,-1.1601693416345473,True,False,0.7300562419694797,0.20397915219618093
1777,2025-10-27,2025-11-24,-0.06713393507674238,0.08521224527507044,-0.7878437525032916,0.025492710950120324,-2.633456096846597,0.04638091781895912,-1.447447317424582,True,False,0.7963242435105345,0.20364410574311423
1778,2025-10-28,2025-11-25,-0.05030018593701058,0.08226304217421503,-0.6114554556648397,0.02776343217280854,-1.81174235317615,0.04987694260857333,-1.0084857512570247,True,False,0.8251408392703533,0.20972042121854348
1779,2025-10-29,2025-11-26,-0.029889600575831433,0.081013178663418,-0.36894738694320933,0.03454041327552589,-0.8653515618763641,0.05298589118267855,-0.564104894881952,True,False,0.8380326191533478,0.22080314032507803
1780,2025-10-30,2025-11-27,-0.027887028994963484,0.08116506049287231,-0.3435841583265061,0.035973700536185316,-0.7752060138186898,0.05318955357712824,-0.524295225650381,True,False,0.8364445076402721,0.2194299264121544
1781,2025-10-31,2025-11-28,-0.02330319602572989,0.08067859417665009,-0.2888398870052978,0.03284133911992588,-0.7095689959728562,0.05489710121977928,-0.4244886434428674,True,False,0.8415676731103873,0.17547397610802795
1782,2025-11-03,2025-12-01,-0.02678891809022883,0.08032979650284565,-0.3334866918190169,0.030176296724401835,-0.8877470398336246,0.05473722820223668,-0.4894094745033907,True,False,0.8452347315555456,0.17438758713387104
1783,2025-11-04,2025-12-02,-0.029555035323759398,0.08010989342015996,-0.36893115271979326,0.029551566726578247,-1.0001173743921343,0.0539896985010293,-0.547419899431295,True,False,0.847573179506407,0.1767884134042858
1784,2025-11-05,2025-12-03,-0.04594180805932231,0.08247312501472617,-0.5570518644845708,0.02310475592312125,-1.9884134769563917,0.05467617597168889,-0.8402527653563556,True,False,0.8230020695837807,0.17472062223679571
1785,2025-11-06,2025-12-04,-0.04375688946733938,0.08299120008961708,-0.5272473397190186,0.02254821148019318,-1.9405924725238786,0.055962257670683815,-0.7819000034779102,True,False,0.8178180479743182,0.17417455274776486
1786,2025-11-07,2025-12-05,-0.0380230863603244,0.08498764570152934,-0.44739545432119415,0.02267834873863138,-1.6766249958734458,0.05753509886366007,-0.6608676635878745,True,False,0.7985241259227849,0.1735521311818801
1787,2025-11-10,2025-12-08,-0.03551868357171826,0.08354298489856175,-0.4251545909551256,0.024920151645791578,-1.4252996561405966,0.05433301475193983,-0.6537219356201867,True,False,0.8124681849015541,0.16808028021536517
1788,2025-11-11,2025-12-09,-0.03797256659629649,0.08495651130376755,-0.4469647589520608,0.026515583954993982,-1.4320848698165172,0.05677154323135949,-0.6688662036462167,True,False,0.7988476670210641,0.16812637095617475
1789,2025-11-12,2025-12-10,-0.03897403228337158,0.08406882557453664,-0.46359672586143885,0.025437398658116128,-1.5321547933100628,0.05518052440213436,-0.7063005055795388,True,False,0.8073399200366141,0.16808485421642105
1790,2025-11-13,2025-12-11,-0.02045552429866101,0.08364347875441312,-0.2445561160687826,0.029515547623264124,-0.6930423436405424,0.05978849260143479,-0.3421314605642043,True,False,0.8114592504265963,0.20381197847941668
1791,2025-11-14,2025-12-12,0.013215958163495403,0.08845501351502377,0.14940880836845635,0.03905690401583028,0.3383770039258309,0.05649237975184127,0.2339423161415793,True,False,0.7670942808957784,0.20281611584592357
1792,2025-11-17,2025-12-15,0.007054902283028344,0.08768108864267612,0.08046093396238449,0.037099822875787385,0.19015999905575331,0.059627053442635025,0.11831713753582682,True,False,0.773869573285595,0.20011192456345264
1793,2025-11-18,2025-12-16,-0.002903208133707708,0.09507669991873834,-0.030535432300332975,0.03776760865492533,-0.07687031922602536,0.06657014807007842,-0.04361126147190629,True,False,0.713319437186683,0.19663547536169462
1794,2025-11-19,2025-12-17,0.007396247712733394,0.10077518106137576,0.073393544271866,0.050035900457365765,0.14781881899048738,0.07508849400002968,0.0985004135617698,True,False,0.6728073581563164,0.2034719309095385
1795,2025-11-20,2025-12-18,0.019626373561167337,0.10117928590543132,0.19397620160623993,0.05302291487666662,0.37014889895847963,0.08105450491694516,0.24213797346955693,True,False,0.6700518167628294,0.19345233773574444
1796,2025-11-21,2025-12-19,-0.02209425465352582,0.11359063396388243,-0.19450771496311015,0.061438225052479714,-0.35961739836483236,0.0842644697784372,-0.2622013134553612,True,False,0.5965584447090012,0.19040692055619457
1797,2025-11-24,2025-12-22,0.03559418853618237,0.12712866624542588,0.2799855421079198,0.05181147054801478,0.6869943693876917,0.0969610933726276,0.36709763986872196,True,False,0.5327657306414749,0.18524852418398496
1798,2025-11-25,2025-12-23,0.10104585634709391,0.1479754116347492,0.6828557206281508,0.0645016667773396,1.5665619416612167,0.10150092395712672,0.9955166160829726,True,False,0.45741789907310176,0.18656048268370876
1799,2025-11-26,2025-12-24,0.10207925181573675,0.161064623459289,0.6337782290320164,0.07772352035752828,1.3133637198388863,0.12985426957858534,0.7861062416123354,True,False,0.4201729883095759,0.1862435213080452
1800,2025-11-27,2025-12-25,0.07779282599519574,0.16858082325890827,0.4614571485139841,0.08056213375004549,0.9656251935500878,0.14005259077837726,0.5554543872615471,True,False,0.401473128160155,0.17909478997507347
1801,2025-11-28,2025-12-26,0.0797472512963454,0.168244813140142,0.47399530367642745,0.08008537819689285,0.9957779196632355,0.13986818006205182,0.5701600697239781,True,False,0.4022790146689781,0.17979462118315273
1802,2025-12-01,2025-12-29,0.08730621807428397,0.16812749160260815,0.5192857946197397,0.08378793943647017,1.0419902752290673,0.14616337221737458,0.5973194019117315,True,False,0.40258478389777697,0.18222426202812828
1803,2025-12-02,2025-12-30,0.09703765982208967,0.17430605901179486,0.5567084722827872,0.086653525653865,1.1198351029559235,0.1567570683774934,0.6190321165512558,True,False,0.3882870394176664,0.18228778151947728
1804,2025-12-03,2025-12-31,0.14130066992822943,0.17269993040238227,0.8181860270528534,0.10027796113127498,1.409089976841982,0.17378050002052126,0.8130985347121433,True,False,0.3918725285480213,0.1871081898334917
1805,2025-12-04,2026-01-01,0.12382801314128916,0.1740136188345333,0.7115995516364451,0.09422102564034245,1.3142290937689596,0.1685780908096774,0.7345439288495056,True,False,0.38895862206921733,0.17547121172751476
1806,2025-12-05,2026-01-02,0.12696551930998876,0.17341929474175324,0.73213029437733,0.09530723023113402,1.3321709066781056,0.16821757382755348,0.7547696499305486,True,False,0.39028507597714107,0.17628523206822866
1807,2025-12-08,2026-01-05,0.1320930841327884,0.17288489894526848,0.7640521811833093,0.09871289475083939,1.3381542955072256,0.1747649865637719,0.7558326569297535,True,False,0.3914867821765126,0.17633062602544092
1808,2025-12-09,2026-01-06,0.13085468386535432,0.18544566028541473,0.7056227881739544,0.1063961171710902,1.2298821361585361,0.19466738787739382,0.672196228100465,True,False,0.36494810848536585,0.17881359319881865
1809,2025-12-10,2026-01-07,0.14115905788046365,0.18237943641212445,0.7739856019813838,0.10499779098244293,1.344400263659522,0.18991971814533445,0.7432564625672142,True,False,0.3710930009911072,0.18032083074039992
1810,2025-12-11,2026-01-08,0.17444014324559495,0.19281272023875837,0.9047128375637623,0.14054829291039422,1.2411402489022638,0.24650600021604668,0.7076506985335422,True,False,0.35097419182279715,0.18626075300581524
1811,2025-12-12,2026-01-09,0.050161753622623234,0.19217671861206276,0.26101888920209,0.05903509545572251,0.849693783594295,0.144215688880572,0.34782452597208907,True,False,0.3522143069906504,0.1380713753353
1812,2025-12-15,2026-01-12,0.0042634334147404205,0.1960105293959238,0.021751042803056078,0.07497572132776385,0.05686418668921364,0.1417257825650608,0.030082271112408528,True,False,0.34532392512872906,0.14125853632414107
1813,2025-12-16,2026-01-13,0.04930275890567267,0.1944052654294298,0.2536081458327056,0.0683158958491428,0.7216879511401636,0.14799862706337677,0.33312983967452603,True,False,0.3481726245221452,0.13938828275881357
1814,2025-12-17,2026-01-14,0.019433952966029816,0.1889593961187336,0.10284724319196274,0.07561214681733626,0.25702157370267953,0.13417534014398785,0.14483997540214633,True,False,0.3582266251051866,0.14329286971053945
1815,2025-12-18,2026-01-15,-0.03464145103822876,0.1945682333652523,-0.1780426868203005,0.07508734585879338,-0.4613487218388868,0.10878216593802245,-0.3184478883971236,True,False,0.34788444346531516,0.13462192906396908
1816,2025-12-19,2026-01-16,-0.043840936958137934,0.19907531000815837,-0.22022287422956305,0.07731134812485102,-0.5670698807028779,0.10879834026222712,-0.40295593528790935,True,False,0.3399973588051028,0.13444204048833525
1817,2025-12-22,2026-01-19,-0.021037088699881717,0.16569948420918199,-0.126959288981999,0.07534682102370888,-0.27920340120603254,0.07595830184896647,-0.2769557531935261,True,False,0.4085929984395361,0.13276836981799592
1818,2025-12-23,2026-01-20,-0.11898241893218102,0.1663221378021893,-0.715373314126647,0.07102421962770894,-1.6752372578798735,0.1271398038925355,-0.935839251669371,True,False,0.406988067741652,0.17405827666565316
1819,2025-12-24,2026-01-21,-0.0800082581895462,0.12343429284298983,-0.648185008774813,0.03674377906388514,-2.177464055900146,0.0789276341739959,-1.0136913265785727,True,False,0.5488221368835163,0.16763730056484868
1820,2025-12-25,2026-01-22,-0.07787124250669095,0.12001037751608754,-0.6488709069867913,0.034023936689560545,-2.288719357116131,0.07434839975985152,-1.0473828994062866,True,False,0.5645384234779517,0.16267012714558807
1821,2025-12-26,2026-01-23,-0.08370989929960507,0.11978435112096575,-0.6988383584018381,0.03075715270721941,-2.7216400717078217,0.07362843688829286,-1.1369234882251749,True,False,0.5655810196955174,0.17092747216802423
1822,2025-12-29,2026-01-26,-0.08052668230424641,0.11975501921533577,-0.6724284529523435,0.029905035955546014,-2.6927465469009877,0.06576729864696862,-1.2244182741411425,True,False,0.565622047807721,0.2273749317785452
1823,2025-12-30,2026-01-27,-0.09002626377973737,0.12023161035016355,-0.7487736670709485,0.026964747848037214,-3.338665144843565,0.07084578026133029,-1.2707357226874436,True,False,0.5632129359633996,0.2446702829929464
1824,2025-12-31,2026-01-28,-0.09103310928179247,0.12021927804656928,-0.7572255528479302,0.026741873061478127,-3.4041411038229166,0.07132518455848086,-1.276310882969433,True,False,0.5633063063788852,0.24647942014563387
1825,2026-01-01,2026-01-29,-0.10231628854654956,0.12039156292006459,-0.8498626154931113,0.024114702153445886,-4.242900778765331,0.07692434547026575,-1.3300898164430763,True,False,0.5623988802651192,0.2374570795391912
1826,2026-01-02,2026-01-30,-0.0848625181767343,0.11998484444115912,-0.7072769779549208,0.027921923186874188,-3.039279121598161,0.06822217392484284,-1.2439140135027558,True,False,0.5644484423158047,0.2593896467168803
1827,2026-01-05,2026-02-02,-0.12602972433584506,0.11751583373422649,-1.0724488805557348,0.04030160888482641,-3.1271636002426533,0.09808650656161641,-1.2848834029650669,True,False,0.5763653532420077,0.27814788050776745
1828,2026-01-06,2026-02-03,-0.15053105952063964,0.11296438739676959,-1.3325532319484286,0.06298663601837737,-2.3898888563713703,0.10286504496815187,-1.4633839859521345,True,False,0.5994988615522092,0.28409057258912734
1829,2026-01-07,2026-02-04,-0.13623158437373747,0.11274848819656087,-1.2082785902746402,0.05558275214656827,-2.450968674859842,0.09645091448271668,-1.412444714540775,True,False,0.600719319700424,0.2887057349466381
1830,2026-01-08,2026-02-05,-0.08299249830264113,0.10022597082620276,-0.8280538229612623,0.04578519558249545,-1.8126492034549864,0.08293773317853263,-1.0006603161433243,True,False,0.6762678175841595,0.2931186049274167
1831,2026-01-09,2026-02-06,-0.0509639707992823,0.08308369021128753,-0.6134052383768392,0.04548447765793209,-1.1204695189105822,0.06170745344733245,-0.8258965157714739,True,False,0.8166767564273449,0.2900431773433836
1832,2026-01-12,2026-02-09,-0.03460830573469952,0.083724597313417,-0.41335887953149325,0.04708111656547688,-0.7350782704265072,0.05902690506046472,-0.586314083370087,True,False,0.8101509587644213,0.30173871400968283
1833,2026-01-13,2026-02-10,-0.03289264316582332,0.08384894995496278,-0.39228449710450425,0.04708185339398343,-0.6986267700758496,0.05863944289786764,-0.5609303489310508,True,False,0.8089905165142768,0.3011167319778538
1834,2026-01-14,2026-02-11,-0.03943808466708566,0.08422826655273623,-0.4682286158933718,0.049044405528707,-0.8041301396547971,0.06144777143704432,-0.6418147272841546,True,False,0.8052382321418956,0.29715913699950924
1835,2026-01-15,2026-02-12,-0.02501209092687719,0.07825181748605824,-0.3196359104545205,0.04385816044440934,-0.5702950300111257,0.05028384415043702,-0.4974180345489717,True,False,0.8673198215821253,0.2992919991832738
1836,2026-01-16,2026-02-13,-0.02073290266086705,0.07890910425912517,-0.2627441136929325,0.04202181217506574,-0.4933843065713673,0.05032491708316525,-0.41198086082495794,True,False,0.8600117999403954,0.2984708464506202
1837,2026-01-19,2026-02-16,-0.01833833539500023,0.07885466612726394,-0.2325586588040827,0.04138398359547944,-0.4431263933954248,0.05032479305218666,-0.36439961861310455,True,False,0.8605648683805842,0.29676118485523323
1838,2026-01-20,2026-02-17,-0.034148618253078224,0.08348064133631444,-0.4090603247225345,0.052694851080084204,-0.6480446865895888,0.06115200463225195,-0.5584218940725948,True,False,0.8126501164114989,0.3024149366591851
1839,2026-01-21,2026-02-18,-0.016978872251057067,0.0842783995409911,-0.20146173092429132,0.03990081884390756,-0.4255269125548175,0.051966713957704753,-0.32672591661031364,True,False,0.8051817100878452,0.28735857545628324
1840,2026-01-22,2026-02-19,-0.0015598963320992453,0.09346865989073436,-0.016688977181472133,0.04377947138392505,-0.03563077129049137,0.05906065421338657,-0.026411768594085134,True,False,0.7256234537371705,0.3000326543922515
1841,2026-01-23,2026-02-20,0.003509088448248311,0.09380842924451435,0.037406963068337615,0.0426001361833853,0.08237270494024639,0.058608753486505426,0.05987311177085984,True,False,0.7229619728805858,0.3016685251891447
1842,2026-01-26,2026-02-23,0.001681945469449431,0.09090329030285339,0.018502580751982262,0.04273726223527154,0.03935548000688969,0.055785103168086325,0.030150441138049957,True,False,0.7462364157503912,0.2980832449350213
1843,2026-01-27,2026-02-24,-0.0075982632066971395,0.08840826847290205,-0.08594516483518821,0.04251783197801451,-0.1787076822408564,0.05693873777488204,-0.13344628812704448,True,False,0.7675179012108686,0.25485975705269936
1844,2026-01-28,2026-02-25,0.001463580895810348,0.08586930151459479,0.01704428555950918,0.0369383486582648,0.039622261118131434,0.053032585421613765,0.027597766244559827,True,False,0.790361206304494,0.23008960916053342
1845,2026-01-29,2026-02-26,0.0035374293087890077,0.08557942319843796,0.04133504499775099,0.0374625270946148,0.09442580581536662,0.05260505469296162,0.06724504573630458,True,False,0.7930538235352227,0.2310400850868639
1846,2026-01-30,2026-02-27,-0.00013825664373953378,0.08474936542595506,-0.0016313590437479755,0.03746515362413702,-0.003690272970092977,0.052643242549347324,-0.002626294222091908,True,False,0.8008760458430456,0.23118245986489333
1888,2026-03-31,2026-04-28,0.16687926123302937,0.08482929379947202,1.9672362430308012,0.10025642045568735,1.6645244311987866,0.1893350751909527,0.8813964399608701,False,False,0.799003727513598,0.33087075959046053
1889,2026-04-01,2026-04-29,0.31851029385240764,0.10980048083682739,2.9008096451393532,0.03630266373159951,8.773744433942506,0.14839846030769788,2.1463180493381815,False,False,0.6158031456563127,0.339613798596649
1890,2026-04-02,2026-04-30,0.30458653207830194,0.10599731076322882,2.8735307517251187,0.04073043075717472,7.478107312298646,0.15653125002967092,1.9458512726408737,False,False,0.638109290067183,0.3092921359338431
1891,2026-04-03,2026-05-01,0.3068075138363693,0.10582894996216387,2.8990887082037533,0.031972932807295774,9.59585145615294,0.13476889948346257,2.276545367753912,False,False,0.6389765567444898,0.29903311125373777
1892,2026-04-06,2026-05-04,0.3185318880359261,0.10224440536054923,3.1153967487284238,0.03340900107448714,9.534313442229008,0.10904366124157448,2.92114080185049,False,False,0.6613118722451354,0.31172019355811054
1893,2026-04-07,2026-05-05,0.3255712503749646,0.10219995855334066,3.185629964859927,0.030897753388670054,10.537052525454774,0.10466706641096961,3.1105414677108327,False,False,0.6615380081617626,0.31146922297755075
1894,2026-04-08,2026-05-06,0.36207959016853547,0.10772251008259401,3.361224964874272,0.024535471550319488,14.757392757907711,0.06239389406553186,5.803125379355965,False,False,0.6272172643288608,0.3217514629258935
1895,2026-04-09,2026-05-07,0.3099804149000312,0.16900462627765256,1.8341534295680983,0.050430232371948436,6.146717957073231,0.0834398124513413,3.715018116571141,False,False,0.4002136651725517,0.23399948752099775
1896,2026-04-10,2026-05-08,0.34932711329765237,0.18217214335957255,1.9175660276892514,0.05950932511426812,5.870123928088319,0.0873103905128922,4.00097985183185,False,False,0.37122016499089083,0.23342207474515483
1897,2026-04-13,2026-05-11,0.31003572893919323,0.17109816587316826,1.8120342047910478,0.06538778166377042,4.741493304260168,0.08733539817960422,3.549943498300751,False,False,0.3953256027992769,0.2336643645981667
1898,2026-04-14,2026-05-12,0.28596891138132663,0.17039752404130581,1.67824569629313,0.08394253569175017,3.406722337188481,0.09137698085038172,3.1295508860110473,False,False,0.3970173150994362,0.2499364237490339
1899,2026-04-15,2026-05-13,0.23932254916432197,0.17381072805007058,1.3769147155023655,0.08828324609707204,2.7108489973417416,0.08824880522251238,2.7119069607898836,False,False,0.3893068964841022,0.22058227734371139
1900,2026-04-16,2026-05-14,0.21798517203096018,0.1717779016937789,1.2689942645798118,0.10157620726717749,2.146025904054385,0.09458082301379642,2.3047502134672997,False,False,0.3939468071127142,0.223345816154271
1901,2026-04-17,2026-05-15,0.2736228191620424,0.16357437440271116,1.6727731355303734,0.07865921259097157,3.478585789879221,0.09803592265144992,2.7910465037888397,False,False,0.4135849764305684,0.24876104921052813
1902,2026-04-20,2026-05-18,0.2712513077008161,0.16264394610840113,1.6677614764709956,0.08439164702052727,3.2141961589496817,0.09717398639395468,2.7913983748812328,False,False,0.41595227669828977,0.24623074455817928
1903,2026-04-21,2026-05-19,0.31208121959214546,0.17428220475802247,1.790666006466044,0.08612568283812852,3.623555823397021,0.10278589084903846,3.036226246756949,False,False,0.3880651403716302,0.2536140865678032
1904,2026-04-22,2026-05-20,0.3284370567978762,0.17554736127881684,1.8709313224949538,0.09400411561097922,3.49385827060019,0.10649918084396999,3.0839397467203375,False,False,0.3852678583853788,0.25973810566577593
1905,2026-04-23,2026-05-21,0.3203534246435172,0.1748194411636478,1.8324816880271089,0.08509570984710461,3.7646248585164983,0.10842583219368963,2.9545858045271403,False,False,0.3868862099806719,0.2605220605021155
1906,2026-04-24,2026-05-22,0.3213419272400895,0.17657695036161328,1.8198407356226898,0.08700785836231374,3.6932517739026927,0.1120181100834908,2.8686604960624913,False,False,0.3830439290409242,0.26092776226731723
1907,2026-04-27,2026-05-25,0.3278949045990507,0.17828284406947884,1.8391837212966287,0.08705866962369714,3.7663670489836956,0.11219204367423193,2.922621728427976,False,False,0.3793677523451363,0.2609652898051159
1908,2026-04-28,2026-05-26,0.3031627502366457,0.17929419739552171,1.6908676055358938,0.09042106490635586,3.352788982861623,0.115639845093169,2.6216115214647058,False,False,0.37727408148990765,0.25933572582120495
1909,2026-04-29,2026-05-27,0.29561596329591744,0.1762769813102706,1.6769969686262927,0.09325335322019856,3.170030385908819,0.11448320768817333,2.5821775024081197,False,False,0.3837541189025834,0.2565550319595973
1910,2026-04-30,2026-05-28,0.28486390847053716,0.18375548031484315,1.5502335385179085,0.09860741798782628,2.888868954115657,0.13222447332297657,2.154396242325864,False,False,0.3681593113218303,0.2512973717177843
1911,2026-05-01,2026-05-29,0.26521351937979465,0.21607023388455912,1.2274412565383326,0.12560298165394265,2.1115224804973383,0.1832720899647702,1.4471026080991152,False,False,0.3131068813058868,0.23975505616449339
1912,2026-05-04,2026-06-01,0.2931389364806579,0.2086594884893112,1.4048675121508996,0.11810375785524488,2.482045802809651,0.1593419397043517,1.8396847498188962,False,False,0.324182577380311,0.238109957627959
1913,2026-05-05,2026-06-02,0.25484943928857917,0.23481858613025183,1.0853035251103011,0.15260725245817652,1.6699693833910225,0.21815278749474107,1.1682153696739848,False,False,0.28810882118162257,0.22700678046957096
1914,2026-05-06,2026-06-03,0.2633992358094092,0.24407556801018995,1.0791708402309752,0.16798450927253622,1.5679971739660423,0.22729685636828467,1.1588336064913654,False,False,0.2771588791964076,0.23109817421560333
1915,2026-05-07,2026-06-04,0.27112758998209124,0.23808831008396492,1.1387690134239459,0.16051952534128291,1.6890629934622776,0.21596180986037028,1.2554422939749779,False,False,0.28409439104978407,0.2048595358258062
1916,2026-05-08,2026-06-05,0.14319292875410186,0.09477084434462014,1.510938619829132,0.03148662240369791,4.5477386211258,0.1263892793120087,1.132951540934189,False,False,0.7150327426756193,0.23526296212340056
1917,2026-05-11,2026-06-08,0.12654655663290415,0.08755518157786396,1.4453348659937921,0.030180855199248294,4.192941379476086,0.0414652087800017,3.051873133071898,False,False,0.7743552296296606,0.23649050475654237
1918,2026-05-12,2026-06-09,0.12626605996779766,0.0879694069656742,1.435340583994921,0.03323198104787897,3.7995345443258364,0.040470321069527006,3.1199668456021317,False,False,0.7707139866270831,0.23807848046816463
1919,2026-05-13,2026-06-10,0.1081749662164283,0.08423630473447344,1.2841846108683592,0.037386122447151435,2.893452413240852,0.0580834908611886,1.8624046973166835,False,False,0.8053331942161568,0.22763719233973373
1920,2026-05-14,2026-06-11,0.07422090759803472,0.07847372850240655,0.9458058004183985,0.051780804773634795,1.4333672086113607,0.08591061151549866,0.8639317808213359,False,False,0.8650150749605459,0.22779057290015184
1921,2026-05-15,2026-06-12,0.10240371297273887,0.0767861434681721,1.3336222962569446,0.043855371369589925,2.3350323979640812,0.06946345224721584,1.4742099573210214,False,False,0.8841359106833104,0.2585164890479658
1922,2026-05-18,2026-06-15,0.09012502695790481,0.07645996262680359,1.1787218285444314,0.03710769521391264,2.428742244388021,0.08956126686202907,1.0062946864825417,False,False,0.8880847367168321,0.2366942270100023
1923,2026-05-19,2026-06-16,0.08688739396122654,0.07656724908821778,1.1347853683644593,0.0361592836871164,2.4029069467486335,0.09095618381141445,0.9552664845897229,False,False,0.8868491287759737,0.23302694974026805
1924,2026-05-20,2026-06-17,0.0820996605871825,0.07430990506617918,1.1048279568392112,0.03473268106385695,2.3637582263298396,0.08946072576545079,0.9177173545677729,False,False,0.9140470293597437,0.22252587595676068
1925,2026-05-21,2026-06-18,0.024258850113104094,0.07245219765204591,0.33482559396759815,0.06382520793651554,0.38008258644818566,0.13169597366459015,0.18420343035609987,False,False,0.9378295263155597,0.2819000324243486
1926,2026-05-22,2026-06-19,0.026428457445822555,0.07258430817488364,0.3641070378758201,0.06519504768626197,0.4053752299255026,0.13236853049079908,0.19965816155721086,False,False,0.9361514308040086,0.2806157993030345
1927,2026-05-25,2026-06-22,0.027002288884989265,0.07246966577428289,0.37260126145871497,0.06378437545583515,0.4233370428418772,0.12756949546937943,0.21166728602035303,False,False,0.9376023102153762,0.2800149459563387
1928,2026-05-26,2026-06-23,0.041895312846300145,0.07038890788940186,0.5951976540412859,0.05198835723763071,0.8058595245624549,0.1012232651182705,0.41389015457414013,False,False,0.9654266310389303,0.2911225649560401
1929,2026-05-27,2026-06-24,0.036821610891633993,0.07001022659201565,0.5259461750668485,0.051436642361618996,0.715863423447514,0.09766204124873758,0.37703093669578575,False,False,0.9705384204247832,0.29237277977653414
1930,2026-05-28,2026-06-25,0.034554103042355074,0.07030422413046176,0.4914939816167219,0.054117121211278596,0.6385059343318067,0.10434996772902885,0.33113669121665246,False,False,0.9665929523972978,0.30376751287662507
1931,2026-05-29,2026-06-26,0.034503268066041246,0.07034411194194896,0.4904926242371906,0.05407170666940538,0.6381020720687504,0.10473954875277056,0.3294196745823632,False,False,0.9660455057959464,0.30421394509919797
1932,2026-06-01,2026-06-29,0.0315416086648214,0.07012776046851986,0.4497735055859987,0.052924758710391394,0.5959707598747811,0.1032269483124832,0.3055559539485784,False,False,0.9689855761737677,0.30071657733537016
1933,2026-06-02,2026-06-30,0.030555656534742362,0.06963423551458184,0.4388022114257838,0.05138795657194277,0.5946073471896992,0.1047965925511479,0.2915710882472549,False,False,0.9760106541889578,0.29926295978040335
