start,start_date,end_date,beta,se_cl,t_cl,se_hac5,t_hac5,se_hc3,t_hc3,quiet,covid,shock_sd,usd_sd
0,2019-01-03,2019-01-31,0.04588370826190028,0.09471214074169627,0.48445434664006426,0.03780723877980364,1.2136223046897314,0.06956419861682153,0.6595879658535303,True,False,0.7157410330120507,0.245587993804021
1,2019-01-04,2019-02-01,0.08525100092692159,0.10301864094301447,0.8275298542724789,0.03280064296497605,2.5990649335121607,0.053080672905382646,1.6060648115535987,True,False,0.6572182035952596,0.24908170150025682
2,2019-01-07,2019-02-04,0.04566609811280399,0.13042092092754656,0.3501439630086121,0.06332252755230164,0.7211666981404965,0.0720291018589285,0.6339951066201358,True,False,0.5188714415476146,0.23873763186783412
3,2019-01-08,2019-02-05,0.05674580015371362,0.13063761638520313,0.4343756547608061,0.06009210237902564,0.944313776805386,0.07208525642277773,0.7872039716540828,True,False,0.518038467611723,0.23047709230115543
4,2019-01-09,2019-02-06,0.07085804954227333,0.13192242714952052,0.5371190560492266,0.061153740458429987,1.1586870894747634,0.0773880255031635,0.9156203312019735,True,False,0.5129570187155555,0.23123690196794283
5,2019-01-10,2019-02-07,0.0697104522824373,0.12810179102530594,0.5441801533334246,0.06603058503922334,1.055729738590504,0.08472205250434872,0.8228135440753057,True,False,0.5282908569421213,0.2053466166301145
6,2019-01-11,2019-02-08,0.0645851676917837,0.12774623743233932,0.5055739330560807,0.06643243344335804,0.9721933149844741,0.08472768780881747,0.7622675581271136,True,False,0.5297659996237827,0.2044599308028054
7,2019-01-14,2019-02-11,0.08185229360590289,0.1311046436623737,0.6243279514697619,0.07521248433785195,1.0882806800826461,0.10724494356202688,0.7632275321079568,True,False,0.5161391679204852,0.22601243198270377
8,2019-01-15,2019-02-12,0.10186483624922688,0.13373410700733773,0.7616967617964335,0.07392874633014214,1.3778785831742784,0.11915539979637117,0.8548906421639914,True,False,0.505991474218581,0.2354514249055653
9,2019-01-16,2019-02-13,0.11387537214401484,0.13360020353453625,0.8523592714031872,0.0722300161421829,1.5765657856126483,0.12222831761340244,0.9316611270408938,True,False,0.5065045749257849,0.23214282845286385
10,2019-01-17,2019-02-14,0.13114784344391575,0.13307308486624175,0.9855324506510001,0.06926475141577552,1.8934283421689424,0.13859980187535462,0.9462339892942954,True,False,0.5084462758934362,0.22857379388883942
11,2019-01-18,2019-02-15,0.15548238158231634,0.13109915588187024,1.1859907147107578,0.059305655386471375,2.621712559604973,0.13952215854505465,1.1143920306544555,True,False,0.5160692739554333,0.22556039133871933
12,2019-01-21,2019-02-18,0.15666100109994036,0.13107570471077595,1.1951948032293203,0.05728710425091671,2.7346643393558066,0.13576173342131934,1.1539407839892761,True,False,0.516151360290585,0.22433971107393708
13,2019-01-22,2019-02-19,0.1528675959024939,0.1311062623895743,1.1659824108802457,0.053228527688111295,2.871911032336091,0.12360581716126598,1.2367346409194535,True,False,0.5160667697903913,0.2396604538756939
14,2019-01-23,2019-02-20,0.24361619474633567,0.17581447886739085,1.385643527858048,0.07249847563693698,3.3602940283370115,0.14714466369710735,1.65562371495722,True,False,0.38447235012838327,0.23646013548056793
15,2019-01-24,2019-02-21,0.23008830765671623,0.17930992608712737,1.2831877893079686,0.07471163979583782,3.0796848829107675,0.1514809047188004,1.518926151674613,True,False,0.3771123077453765,0.23430839505842965
16,2019-01-25,2019-02-22,0.24588851730904535,0.17674970550389038,1.391167903833555,0.07303324790624979,3.3668024407826387,0.14606085360746637,1.6834662487312477,True,False,0.3824949238861903,0.2382911825247796
17,2019-01-28,2019-02-25,0.09514735290416867,0.17201965618061202,0.5531190738125225,0.08336017099583772,1.1414006445466567,0.1179059214554744,0.8069768823281688,True,False,0.3931209817776013,0.20959094213709234
18,2019-01-29,2019-02-26,0.11630375788785857,0.18976158919566205,0.6128940971712588,0.1124622644634308,1.034158065754375,0.14667859084262647,0.7929157024193293,True,False,0.35631879886632367,0.2101046807634135
19,2019-01-30,2019-02-27,0.12254018530660359,0.19091146040303902,0.6418691944836903,0.12041446580638872,1.0176533565629295,0.15213097105685436,0.805491376642879,True,False,0.35417121623741443,0.21013862080287635
20,2019-01-31,2019-02-28,0.16961981783132962,0.20725893453458516,0.8183956856297805,0.14137797200974303,1.1997612882694364,0.1808821533891196,0.9377366127792494,True,False,0.3261621045581553,0.21227748895496204
21,2019-02-01,2019-03-01,-0.0005675393870781342,0.20454426863208508,-0.0027746530903731675,0.14246019578519478,-0.003983845339745882,0.15470362718293756,-0.00366855902096605,True,False,0.33051762803448265,0.19268361458896832
22,2019-02-04,2019-03-04,0.030622265371093704,0.19199744945019767,0.1594930841986879,0.11563986928256749,0.26480716003118104,0.13815845519458778,0.2216459740228284,True,False,0.35226949911893046,0.19133064919670612
23,2019-02-05,2019-03-05,0.03649883272869059,0.1928400263058526,0.189270004925232,0.11589019255037807,0.31494324002287216,0.14021769060769557,0.2603011971635441,True,False,0.35069007541687613,0.19116787799254112
24,2019-02-06,2019-03-06,0.051493589856429114,0.18407243858039307,0.2797463338539922,0.1039476851679423,0.49537986125649536,0.1290707973682758,0.39895616131899464,True,False,0.36744436403952835,0.19115674862880275
25,2019-02-07,2019-03-07,0.10657243382522384,0.17926851171204836,0.594484958944752,0.11028232128607984,0.9663600891095473,0.1395866793124732,0.76348570186024,True,False,0.3772374426860649,0.20997116600004503
26,2019-02-08,2019-03-08,0.10739994523151454,0.18408269794680418,0.5834331332027236,0.12183163488871358,0.8815439875662705,0.14874729765549707,0.7220295556579175,True,False,0.3673544389367284,0.21091312694916958
27,2019-02-11,2019-03-11,0.10210477300183833,0.1670859303137016,0.6110913875880392,0.10076512852753114,1.0132947230245548,0.12094658766045709,0.8442137556496023,True,False,0.40477575604526017,0.2118227852629627
28,2019-02-12,2019-03-12,0.10291451527226039,0.16644201212865042,0.6183205427287986,0.09831428269858743,1.0467910912575784,0.12358369791400227,0.8327515441711021,True,False,0.4064140335053422,0.20033317838637202
29,2019-02-13,2019-03-13,0.0947291099160617,0.16720509260666952,0.5665444062693765,0.09794946100647291,0.9671223194357508,0.12255795659543202,0.7729331701308118,True,False,0.40458331662143776,0.19558410381037775
30,2019-02-14,2019-03-14,0.0885760463475007,0.16761497649270746,0.5284494751061487,0.09748335871828766,0.9086273545772283,0.12298596406390881,0.7202126439523844,True,False,0.4036180727037031,0.19138977688202138
31,2019-02-15,2019-03-15,0.08716634247421934,0.1691539278284574,0.5153078240229608,0.10170885953835601,0.8570181876962993,0.1278827578146323,0.6816113756364879,True,False,0.39992350491480994,0.1920141548403452
32,2019-02-18,2019-03-18,0.07854320976169085,0.17779272783675418,0.4417684048011665,0.10767897360430076,0.7294201191991468,0.14179611331006764,0.5539165208988435,True,False,0.38037902617762975,0.19273295052979086
33,2019-02-19,2019-03-19,0.06076429954127764,0.17578479542858425,0.3456743764051211,0.10441854365142808,0.5819301573877735,0.13932248956719837,0.43614135614458466,True,False,0.3847099046722494,0.19561492472390993
34,2019-02-20,2019-03-20,0.05835486545486231,0.17466512204524326,0.33409569564636227,0.10433113131149097,0.559323614354742,0.13423157784841788,0.43473276847538833,True,False,0.3872103746122477,0.180218194515874
35,2019-02-21,2019-03-21,0.06382524110277996,0.17909691304218436,0.3563726477393086,0.10722366634430051,0.5952532988177623,0.14260675210620216,0.44756114391587853,True,False,0.3775887903537008,0.18032342939665516
36,2019-02-22,2019-03-22,0.14674645325127555,0.1398498130430029,1.049314618719955,0.0781570351402723,1.877584698394744,0.1212912098258802,1.2098688228267958,True,False,0.48365549749289405,0.20694715446414283
37,2019-02-25,2019-03-25,0.1414301535060728,0.14375592390248676,0.9838213943935167,0.0917447389549359,1.5415614575517171,0.13324487280893296,1.0614303614434542,True,False,0.47049287160458075,0.2084147231405473
38,2019-02-26,2019-03-26,0.11655385224968363,0.13903641250424692,0.8382973219056803,0.06353585869368969,1.8344578108497278,0.13342380486513017,0.8735611487582795,True,False,0.48657217638547207,0.21056668019502528
39,2019-02-27,2019-03-27,0.13760369154604835,0.13860111794836041,0.9928036193569255,0.05705902342632851,2.411602640268015,0.11412789035184641,1.2056973201014063,True,False,0.4880232882430315,0.22665349321595107
40,2019-02-28,2019-03-28,0.12583388014280963,0.13760097660861761,0.9144839175140633,0.059248933165573496,2.1238168085012075,0.11168127946447778,1.1267231244680835,True,False,0.491565180606871,0.2265439874884755
41,2019-03-01,2019-03-29,0.13078866806935127,0.13608675170013906,0.9610683364501059,0.05487048897476293,2.3835885284256544,0.1111748548039563,1.1764231066456674,True,False,0.49706670200732656,0.22796307621728862
42,2019-03-04,2019-04-01,0.18199897365286413,0.14053990572734773,1.2949985465761478,0.05276102798867194,3.4494963534815932,0.10733637027351221,1.6955946357147935,True,False,0.48120757445429174,0.22457201096423324
43,2019-03-05,2019-04-02,0.17939989703824985,0.14502387687286242,1.2370369687160119,0.05343748368696916,3.3571920805469526,0.11314633974558813,1.5855563462471185,True,False,0.46629576926534694,0.2251986727544658
44,2019-03-06,2019-04-03,0.15860733074002012,0.14440950735904795,1.0983164034046031,0.055257439870250606,2.870334404062951,0.13454163347971862,1.1788717487507632,True,False,0.46833448010506484,0.23769406034730484
45,2019-03-07,2019-04-04,0.15147910878418377,0.14908921949721946,1.0160299268788437,0.055780023410364775,2.7156515813874087,0.1488382633428999,1.0177430546552386,True,False,0.4536300164516939,0.24040009504694687
46,2019-03-08,2019-04-05,0.10227965699094774,0.1517333525100251,0.6740749828498653,0.057450729948270364,1.7803021316359622,0.22161636919200003,0.4615167072895076,True,False,0.4457645509514057,0.21704228616053248
47,2019-03-11,2019-04-08,0.08295725245082786,0.15118808075729495,0.5487023317929453,0.0732863615155921,1.1319603093295636,0.23982674289506437,0.3459049289058043,True,False,0.447383849695565,0.22174541603590195
48,2019-03-12,2019-04-09,0.07159081913203463,0.1576170456333212,0.4542073406107537,0.10031211279628129,0.7136807025231813,0.27631506448417553,0.2590912633217456,True,False,0.42912573744588484,0.22297246506525076
49,2019-03-13,2019-04-10,0.05062786047880721,0.15455873523082517,0.3275638895672718,0.09879555222261548,0.5124508071449182,0.2685839155396781,0.18849922705564223,True,False,0.43778768993733874,0.21422130544668994
50,2019-03-14,2019-04-11,0.03769103600706246,0.1547913970329228,0.2434956769531959,0.10136250786861363,0.37184395689891264,0.26861920715041315,0.14031400214042544,True,False,0.4371413814749987,0.21535528523200834
51,2019-03-15,2019-04-12,0.05803604489670423,0.15060576616617227,0.38535074966963495,0.09104096127468857,0.6374717938401157,0.24374103903385372,0.23810534790016824,True,False,0.4493012973284128,0.22108250973440569
52,2019-03-18,2019-04-15,0.05409555501462485,0.15147521293308047,0.35712479928002133,0.0879806498140345,0.6148574161360154,0.23372521030314128,0.23144937999825946,True,False,0.44670023285520705,0.21983287963499393
53,2019-03-19,2019-04-16,0.05688770698945488,0.15171166526709418,0.37497253022239196,0.08603809900342696,0.6611920492012382,0.2258899823883318,0.2518381133504988,True,False,0.44598419879050755,0.2206549180473196
54,2019-03-20,2019-04-17,0.06157448343128983,0.15186947845963153,0.40544343771916597,0.08783828223846431,0.7009982647899098,0.22038053385552134,0.27940073632663615,True,False,0.44547088804132645,0.21916008038712934
55,2019-03-21,2019-04-18,0.056918475061868805,0.15176793943000455,0.375036224881472,0.09262111856224807,0.6145302059121159,0.22281233084332372,0.2554547804712501,True,False,0.4457853484137158,0.22085913836408952
56,2019-03-22,2019-04-19,0.05648917078116056,0.15192216387288024,0.3718296879211611,0.09227715472135271,0.6121685367493142,0.2224381089992768,0.2539545540793292,True,False,0.44534044922168103,0.22096164331859916
57,2019-03-25,2019-04-22,-0.1372221003763787,0.21839325111994667,-0.6283257365907022,0.0938316403184154,-1.4624288769834868,0.1578685022122995,-0.869217725216929,True,False,0.3095850595846088,0.19824521742437431
58,2019-03-26,2019-04-23,-0.1305681952834002,0.21837164749760274,-0.597917343114946,0.10088903214921334,-1.2941763093761454,0.16117995576120833,-0.8100771256994255,True,False,0.30960338992730835,0.203180897999514
59,2019-03-27,2019-04-24,-0.008207820903697592,0.2385214768228717,-0.03441124469388053,0.14070147434188754,-0.0583350028284251,0.18919099348638854,-0.043383782454147896,True,False,0.283444538275674,0.20452274313333932
60,2019-03-28,2019-04-25,-0.057859851845129595,0.24335866793320654,-0.2377554592015194,0.13499108204603438,-0.4286198093100576,0.18442641389517153,-0.31372866078726275,True,False,0.27781514297296944,0.19487728039994948
61,2019-03-29,2019-04-26,0.002257729492794302,0.2474360441307617,0.009124497203815493,0.164052003909945,0.013762279271112492,0.18577868621463278,0.012152790714570533,True,False,0.2732389888113592,0.2029805402847638
62,2019-04-01,2019-04-29,-0.014844029496636327,0.25252174382377,-0.05878317356700849,0.16170005099596008,-0.09179978240703951,0.1912638791067116,-0.07761020829424053,True,False,0.2677089955604742,0.20136557791100237
63,2019-04-02,2019-04-30,-0.03474676095772689,0.25425216100739356,-0.13666259834352584,0.1633303659840467,-0.2127391360962283,0.19347309271143415,-0.17959479776111203,True,False,0.26588265273548245,0.20108361078589682
64,2019-04-03,2019-05-01,-0.15513417534167662,0.2107990648046941,-0.735933887967714,0.11502909289273901,-1.348651644904601,0.18119416912318026,-0.8561764216386708,True,False,0.32071230601643996,0.20844975300831295
65,2019-04-04,2019-05-02,-0.17028244445074814,0.20984504064338752,-0.8114675663940403,0.14346963446437505,-1.186888396882554,0.20314531457210516,-0.8382297411555975,True,False,0.3221206002940296,0.2191811448108775
66,2019-04-05,2019-05-03,-0.07034360623345845,0.18633775258807742,-0.377505928114104,0.09157451646905561,-0.7681570042166546,0.18955457875647744,-0.3710994832988421,True,False,0.3630211249556755,0.22388306871287028
67,2019-04-08,2019-05-06,-0.047430883315083466,0.1516384943503158,-0.3127891998552061,0.05769743530836374,-0.8220622469887834,0.12000022516629186,-0.3952566193051347,True,False,0.4464631926443342,0.22470049912507062
68,2019-04-09,2019-05-07,-0.0073686559711679395,0.11316878829840823,-0.0651120868391553,0.03644608197944969,-0.20217964650693573,0.07401482722845765,-0.09955648411396678,True,False,0.5984212783530202,0.21956898028749836
69,2019-04-10,2019-05-08,0.00654826565428346,0.1143948837835064,0.05724264440598695,0.038995952343442226,0.16792167547575362,0.06962643420039369,0.09404855683743221,True,False,0.5919117361710359,0.2176825123125543
70,2019-04-11,2019-05-09,-0.009221244916200399,0.11678397989143799,-0.07895984470449147,0.03642066635553463,-0.25318715550626114,0.07855957537803475,-0.11737900659247527,True,False,0.579583462662121,0.2214919543959143
71,2019-04-12,2019-05-10,0.0326773336390828,0.0999598003905037,0.32690475082408416,0.04116039353752616,0.7939023617276811,0.06224685380431436,0.5249636189133453,True,False,0.6776829385691929,0.23059251731909014
72,2019-04-15,2019-05-13,0.035063963395865365,0.08400553975979876,0.41740060829470904,0.035068889786698136,0.9998595224752556,0.04943569453377396,0.7092843283896826,True,False,0.8070719997416439,0.22970212463859882
73,2019-04-16,2019-05-14,0.02902023767205869,0.07854128883006088,0.36949021469267623,0.030260350550706847,0.9590185554337807,0.04365336998454526,0.6647880262699721,True,False,0.8636290404778304,0.22944756528805146
74,2019-04-17,2019-05-15,0.03183939356571316,0.07657899461805763,0.4157718931217896,0.02866465255431573,1.1107545610532592,0.04026954798014881,0.7906568402855834,True,False,0.8859492610020615,0.2300832165051424
75,2019-04-18,2019-05-16,0.026693211740246848,0.0756404239963248,0.3528961146693706,0.029554803885354804,0.9031767506829591,0.04125281095748215,0.6470640695917333,True,False,0.896972888260481,0.2268952721708299
76,2019-04-19,2019-05-17,0.03372048940564969,0.07573358647178802,0.44525145284399165,0.028186614705234987,1.1963298806290106,0.040835077442209725,0.8257726326923541,True,False,0.8957894344000484,0.23478993209090734
77,2019-04-22,2019-05-20,0.03244926540812869,0.07574351419056047,0.42840982168441133,0.027840061427093724,1.1655601225272199,0.04071339750553182,0.7970168886966442,True,False,0.8957082026918912,0.23781766424031184
78,2019-04-23,2019-05-21,0.033662597302656534,0.074513144786697,0.45176723380847555,0.02760614821236965,1.219387690151324,0.03905032120646047,0.8620312525646372,True,False,0.9106273065634721,0.23863259416274907
79,2019-04-24,2019-05-22,0.03641581744263969,0.07450181368223568,0.4887910192087408,0.02637022080766269,1.3809447295965736,0.037851531951336226,0.9620698440807532,True,False,0.9108519986396258,0.23089937653256787
80,2019-04-25,2019-05-23,0.02491741940683459,0.07269897455622369,0.34274787999332834,0.027334776155392666,0.9115647871116306,0.03887155012470086,0.6410194429318851,True,False,0.9337486277423696,0.22727630894351056
81,2019-04-26,2019-05-24,0.0291845806146167,0.07198412127483791,0.4054308102642379,0.02519352156501847,1.1584160848374554,0.03798963310260796,0.7682248611296327,True,False,0.9431240357816884,0.2212122429424878
82,2019-04-29,2019-05-27,0.024552018746146768,0.07217964270866373,0.3401515694008802,0.027710675195878994,0.8860130102422777,0.03844895023206337,0.6385614847209101,True,False,0.9405429966438893,0.21264964526959018
83,2019-04-30,2019-05-28,0.02866018201350572,0.07118750895347271,0.40260127703355464,0.025884331801005914,1.1072405590316197,0.03656493154960191,0.7838160991666824,True,False,0.9537726342139482,0.2162077495547338
84,2019-05-01,2019-05-29,0.028339723172963096,0.07118722519555139,0.3981012477324948,0.02710646891389399,1.045496676936662,0.03673037040390487,0.7715610504692936,True,False,0.9537083011124271,0.21410214163481042
85,2019-05-02,2019-05-30,0.048705871295409806,0.07195342675273231,0.6769082932323343,0.016744645091198235,2.90874312534769,0.030638245911118335,1.5897082175234745,True,False,0.9433084658549213,0.2047110001692535
86,2019-05-03,2019-05-31,0.06063214644227269,0.07136378291559237,0.8496206894467346,0.018001223795667588,3.3682235791582804,0.029044300545116614,2.087574680894394,True,False,0.9511868193710435,0.18753569298374856
87,2019-05-06,2019-06-03,0.05276386328624333,0.07289554621058549,0.7238283548053208,0.019935072011789068,2.6467856878089124,0.02887953791234739,1.8270328094025439,True,False,0.9310501168330036,0.18429652851451842
88,2019-05-07,2019-06-04,0.07314872177884368,0.07360738920817834,0.9937687311794547,0.027461818225724802,2.6636518083978054,0.03126941540326758,2.3393057028881907,True,False,0.9219077620888947,0.2016325456532828
89,2019-05-08,2019-06-05,0.08510771627864756,0.08240619074069243,1.032783041100104,0.03165800619525511,2.6883473252779724,0.036066862493110786,2.359720541117326,True,False,0.8227218345475137,0.19846261688587005
90,2019-05-09,2019-06-06,0.08596535070138389,0.08244575817042839,1.0426897951945562,0.03159023070436546,2.7212637826511448,0.036407051736312285,2.361228020439851,True,False,0.8223103224298173,0.1977162432306538
91,2019-05-10,2019-06-07,0.08271289878558157,0.08227392365428059,1.0053355317432724,0.031110224849318167,2.658704628018603,0.03544331980334018,2.3336668022216895,True,False,0.8240801256744994,0.1940423513968069
92,2019-05-13,2019-06-10,0.07892032370224995,0.08940781302619107,0.8827005272920733,0.039736166881431334,1.986108120034329,0.04164468823260784,1.8950873941338633,True,False,0.7579917807719466,0.19027771982664268
93,2019-05-14,2019-06-11,0.06857644671484217,0.11912288020742262,0.575678212241288,0.06685200566710305,1.02579490369109,0.07538478171307493,0.9096855513338722,True,False,0.5682441574223563,0.175518518737271
94,2019-05-15,2019-06-12,0.10426837354810992,0.13296988004246513,0.7841503167093997,0.07019564928068572,1.485396525519414,0.08363016215163188,1.2467795214728676,True,False,0.5088274989575606,0.17597002272186657
95,2019-05-16,2019-06-13,0.11724815036931238,0.14091988421140955,0.8320199170289938,0.07600661228989107,1.5426046081638933,0.09424337925986294,1.2440995992516037,True,False,0.4800165070194007,0.1799858118459626
96,2019-05-17,2019-06-14,0.13501117179286476,0.14470880067402825,0.9329852169598972,0.0750411938358826,1.79916076612718,0.09560737298316009,1.4121418419962768,True,False,0.4674053221466806,0.18484157422769573
97,2019-05-20,2019-06-17,0.11169977095141957,0.1465509733608207,0.7621905770383758,0.08249674910674347,1.3539899712519579,0.09084208971368213,1.2296037145719247,True,False,0.46154064356562846,0.16617018635023362
98,2019-05-21,2019-06-18,0.11811945205920413,0.14707298211909414,0.8031349494467682,0.07989436961746153,1.4784452599697113,0.09392304446273371,1.2576194983337763,True,False,0.45989055619542796,0.16521810965826697
99,2019-05-22,2019-06-19,0.1334618096780874,0.15192914825797738,0.8784476922852735,0.07585058263018166,1.7595357220760715,0.09995962625585046,1.3351571497124932,True,False,0.44513941790001693,0.16574715912600047
100,2019-05-23,2019-06-20,0.08975204179847274,0.15122374915474396,0.593504937552047,0.09934309748381533,0.9034552381769138,0.09785424283298996,0.9172013312867238,True,False,0.4471851191123385,0.24616380828705736
101,2019-05-24,2019-06-21,0.13244532637208317,0.1756696175321249,0.7539455497924263,0.12193542710946724,1.0861923356628809,0.11616865120128635,1.140112457211835,True,False,0.38483665727325433,0.24663343063871618
102,2019-05-27,2019-06-24,0.1356105073116645,0.1833572442496141,0.7395972156248738,0.1286706869825567,1.0539347421845084,0.12225559356637203,1.1092376500388275,True,False,0.36867860998499496,0.24706165169918354
103,2019-05-28,2019-06-25,0.13011566517732542,0.1755551301617166,0.7411669773333678,0.11837518601512166,1.099180238337315,0.10819958366519274,1.2025523645261769,True,False,0.3850866814093873,0.24688629366391768
104,2019-05-29,2019-06-26,0.09241341290971575,0.1989947457924436,0.46440127120796043,0.14922609260389108,0.6192845453309554,0.1606931292991041,0.5750924965665659,True,False,0.3396976111425228,0.23940018058730672
105,2019-05-30,2019-06-27,0.05509693894894688,0.20037756256162062,0.27496561114223217,0.15195062602682735,0.3625976436531386,0.183233787934974,0.30069202612620594,True,False,0.33735050545954154,0.23415706265247455
106,2019-05-31,2019-06-28,0.04593059406089937,0.1987496170175074,0.23109777392352632,0.15046624018240706,0.3052551456407675,0.18442999456879386,0.24904080363005643,True,False,0.34011863767104233,0.2338191617687895
107,2019-06-03,2019-07-01,-0.12406095204818743,0.21911977477349676,-0.5661787128817047,0.14143084722340418,-0.8771845356495725,0.2547221672530689,-0.4870441916620931,True,False,0.30841256652953614,0.22410694157234437
108,2019-06-04,2019-07-02,-0.13860532996025002,0.21131438236743394,-0.6559200013146419,0.15023789735331977,-0.9225723496002275,0.2408114346293725,-0.5755761979225545,True,False,0.3198598914335472,0.2249195407994104
109,2019-06-05,2019-07-03,-0.32026880379579054,0.2544295209095982,-1.2587721843393551,0.10765108996734914,-2.9750632705430937,0.2331078683523431,-1.373908165603846,True,False,0.2656524195030441,0.21688024645435275
110,2019-06-06,2019-07-04,-0.34175244488422324,0.2643372755428804,-1.2928651253681576,0.11200463725472964,-3.0512347815294762,0.23976855366007097,-1.4253430638312092,True,False,0.2556360453981825,0.2171849094398334
111,2019-06-07,2019-07-05,-0.22305906107347562,0.24846888802341371,-0.8977343716870352,0.13116591859899202,-1.7005870385845014,0.21640972880161735,-1.0307256624213679,True,False,0.2720513267269967,0.22754606388402138
112,2019-06-10,2019-07-08,-0.19552900101956758,0.2409678016451895,-0.8114320655482105,0.12217675479029182,-1.6003780862831065,0.1924674064650217,-1.0159070806365456,True,False,0.280574073792068,0.22437293057881322
113,2019-06-11,2019-07-09,-0.20463052105476817,0.24123396999536975,-0.8482657772398136,0.1201584180499948,-1.7030061178870275,0.18327489666220553,-1.1165223649364444,True,False,0.28025988997694706,0.22155883302555524
114,2019-06-12,2019-07-10,-0.18444747303069,0.22692549080357247,-0.8128107264527122,0.12142358851948033,-1.5190415246301057,0.17314911125295093,-1.0652522077415314,True,False,0.29794971694995365,0.2206372717947911
115,2019-06-13,2019-07-11,-0.18787896528811418,0.22695038472961204,-0.8278415809338794,0.12118350869397188,-1.5503674329365245,0.17586229961253283,-1.068329970107618,True,False,0.29790898056132165,0.2246157919754854
116,2019-06-14,2019-07-12,-0.18603092519514952,0.22476801719191697,-0.8276574555369592,0.12452713757135882,-1.4938986699870676,0.17997628595935639,-1.0336413167074714,True,False,0.3007892358679857,0.22047050432402948
117,2019-06-17,2019-07-15,-0.15936103208698388,0.22431257411236868,-0.7104418141408001,0.10892004506893263,-1.463101047985506,0.16817331100771324,-0.9476000153179764,True,False,0.3013933049344238,0.21129571773797517
118,2019-06-18,2019-07-16,-0.13898053369069135,0.2235245197726968,-0.6217686266903575,0.11234349919687078,-1.2371034789217472,0.16457563121120128,-0.8444782053567608,True,False,0.30245165621264347,0.22283315490545438
119,2019-06-19,2019-07-17,-0.15279292217933485,0.20545768171763795,-0.7436710124536464,0.08423069966044502,-1.8139813962757196,0.12634196013952045,-1.209360073332758,True,False,0.3290052530568961,0.22326859053468273
120,2019-06-20,2019-07-18,-0.16756181751953617,0.21059822483558296,-0.7956468657338117,0.09262238761901838,-1.8090854903110951,0.12787829434191633,-1.3103225874401756,True,False,0.3209636151167553,0.22322049255447343
121,2019-06-21,2019-07-19,-0.07424488869946835,0.2027258534980601,-0.36623295656850596,0.049218221411142384,-1.5084837804126796,0.07769578458406877,-0.9555845159029643,True,False,0.33351506595986197,0.12196809990818581
122,2019-06-24,2019-07-22,-0.08896640430232845,0.20005461709615135,-0.4447105775097854,0.04993037849883672,-1.7818091305757116,0.07891231498829471,-1.1274083685863874,True,False,0.33811213978542015,0.12432302098892217
123,2019-06-25,2019-07-23,-0.12995732766467816,0.19352655716866843,-0.6715219325242975,0.06301104420533853,-2.0624531668000463,0.08259604294885801,-1.5734086407159409,True,False,0.34942043147382784,0.12979040413947746
124,2019-06-26,2019-07-24,-0.12847867645388658,0.20642886349587422,-0.6223871714357155,0.06672527391659346,-1.9254874339592047,0.09882930621049908,-1.3000058523150668,True,False,0.32748469278313314,0.13049852475975868
125,2019-06-27,2019-07-25,-0.11655741375848684,0.19877452951898206,-0.5863800258541482,0.06034846308349551,-1.9314064982437593,0.09044127829499475,-1.2887634491222955,True,False,0.3401153336429166,0.12887804081012977
126,2019-06-28,2019-07-26,-0.12736610179890082,0.1975709598940731,-0.6446600343855577,0.06149691397749596,-2.071097451255991,0.0897705684866792,-1.4187957584093978,True,False,0.34218693806867895,0.13442208751102247
127,2019-07-01,2019-07-29,-0.13975986559894316,0.1946595671501568,-0.7179706995399562,0.05865549978457698,-2.382723974942448,0.08182119570528765,-1.708113214360069,True,False,0.34728875865372094,0.13209651061762848
128,2019-07-02,2019-07-30,-0.12221953637357655,0.19069638157886443,-0.6409116699628169,0.06253294156806427,-1.9544824425146565,0.07680540043824509,-1.5912883166574519,True,False,0.3545530297103019,0.13076822676851838
129,2019-07-03,2019-07-31,-0.14014795849250308,0.16856269555630418,-0.8314292674899123,0.05655724950335143,-2.477983984779852,0.06444944846836766,-2.1745408505906596,True,False,0.4012569808675258,0.1339672822117456
130,2019-07-04,2019-08-01,-0.04375826218113604,0.15705192383176148,-0.27862289816972347,0.07809073205050478,-0.560351542777645,0.12938425410104923,-0.33820392199317234,True,False,0.43075319150666425,0.16587966906093568
131,2019-07-05,2019-08-02,-0.050156647464227475,0.15607532460232437,-0.3213618013739534,0.07301181817940477,-0.6869661476034259,0.12799720997976644,-0.39185734964188784,True,False,0.4334241652182666,0.1660557408978053
132,2019-07-08,2019-08-05,0.004126595205470225,0.08111062595157387,0.050876135611799614,0.0318486277151685,0.12956901133623594,0.07408789592954579,0.05569864218298802,True,False,0.8361705248509077,0.17194397375724776
133,2019-07-09,2019-08-06,-0.012096943302605474,0.06888327361198866,-0.17561510462969757,0.022368461413625668,-0.5408035483046977,0.05525525816308148,-0.21892836455314918,True,False,0.9871416166498336,0.16913670606728215
134,2019-07-10,2019-08-07,-0.014260063673543212,0.06848616916287842,-0.20821815335632177,0.022084172726047034,-0.6457141886381043,0.05522685916118021,-0.2582088478348018,True,False,0.9924662103384603,0.16921860266466668
135,2019-07-11,2019-08-08,0.00292330361549994,0.0661158085063942,0.04421489627881085,0.02228809461489142,0.13115987104374474,0.04464200000867163,0.06548325825303736,True,False,1.028687873551369,0.18490640383855664
136,2019-07-12,2019-08-09,-0.0010932273522087012,0.06589092686086229,-0.016591470241679868,0.02257079459024149,-0.04843548364404324,0.04432493695469809,-0.02466393473556487,True,False,1.0322425741421979,0.1750739067604838
137,2019-07-15,2019-08-12,0.0029850287983368496,0.06346436734611306,0.047034720791550924,0.022435537563148894,0.1330491319824606,0.037374672116141955,0.07986769192411534,True,False,1.0717688770510592,0.17793086747601558
138,2019-07-16,2019-08-13,-0.00048354688747233657,0.059051805925428524,-0.00818851989188894,0.019736642899996274,-0.024499956244961388,0.031734702622757315,-0.015237164602436817,True,False,1.152148029018834,0.17600303738268097
139,2019-07-17,2019-08-14,0.005675868774877775,0.05488739948180772,0.10340932214795541,0.01781683233714222,0.3185677828401326,0.027977807465785015,0.20287039224996392,True,False,1.2408718953860012,0.17753336785798643
140,2019-07-18,2019-08-15,0.0070559224014470024,0.05463260071068472,0.1291522334587862,0.01645871063359475,0.4287044446267123,0.026158347296738667,0.269738845554922,True,False,1.2465853727727885,0.17169803049262175
141,2019-07-19,2019-08-16,0.011626310652458128,0.05298743463816115,0.2194163716709725,0.016090023770073507,0.7225788363397188,0.025254930679799514,0.46035805046804523,True,False,1.2860186067508872,0.17704103575013436
142,2019-07-22,2019-08-19,0.006977670993043994,0.052509528073424974,0.1328839021993684,0.015870341492753647,0.4396673503358437,0.024970844032515416,0.279432724979505,True,False,1.2977214595914404,0.17954116717120217
143,2019-07-23,2019-08-20,0.006413782404746908,0.05268117461418332,0.12174714120782207,0.01601338962639422,0.4005262192693626,0.025478306139807932,0.2517350395882816,True,False,1.293480489189076,0.18130704805829198
144,2019-07-24,2019-08-21,0.015401554358346189,0.052275469398972554,0.29462297585124886,0.014245029662916731,1.0811879457464502,0.026062772389996793,0.5909407536497342,True,False,1.30397204178818,0.1861070941027394
145,2019-07-25,2019-08-22,0.01482805843883962,0.05228048010762358,0.28362513902540426,0.014716134889502451,1.007605499010274,0.02598233915581442,0.5706975938508349,True,False,1.3037701076735235,0.1845064114963793
146,2019-07-26,2019-08-23,0.006059931554539932,0.050867158046718285,0.11913249702242587,0.016145934324430868,0.3753224454388173,0.027309259377071463,0.22190025261643603,True,False,1.3408836438298126,0.1866363977770607
147,2019-07-29,2019-08-26,0.004830625817381718,0.05087306196670351,0.09495449321574881,0.01736690830852461,0.278151167240895,0.027309358336707282,0.17688536500283628,True,False,1.3406446465018613,0.19119589369785042
148,2019-07-30,2019-08-27,0.004644253309196944,0.05082179609984317,0.0913831006695034,0.01752404681782424,0.26502173598812423,0.027286307839604628,0.17020453395516036,True,False,1.341999867319525,0.19090578827041282
149,2019-07-31,2019-08-28,0.004185583458493367,0.0506602990584769,0.08262058330255752,0.01809928779780276,0.23125680442528207,0.026807987892757026,0.15613195123921356,True,False,1.3462139936204456,0.19044300159135127
150,2019-08-01,2019-08-29,0.008652964307157077,0.05086848912846816,0.17010460612077646,0.0188541095956074,0.45894314251642143,0.02552866076266963,0.33895096917149065,True,False,1.3403053756579388,0.18515876261793787
151,2019-08-02,2019-08-30,0.00048481433135303477,0.05117049962354771,0.009474488912942572,0.019137983496764845,0.02533257129388734,0.025235054851677048,0.019211938876400558,True,False,1.3325195018936806,0.1640275362195253
152,2019-08-05,2019-09-02,0.0007622108896752201,0.051190331266873765,0.014889743254473942,0.019086771049679083,0.03993398818958619,0.02558593388155355,0.029790231351482704,True,False,1.3320841872398101,0.16488994390460074
153,2019-08-06,2019-09-03,-0.006313061772137753,0.06225207564545631,-0.10141126551494407,0.02627561774050583,-0.24026311519997856,0.03397331264517053,-0.18582414491261529,True,False,1.0919840466918587,0.1541486001216901
154,2019-08-07,2019-09-04,0.03190747243025014,0.06680551856830882,0.4776173153663146,0.036821989631978615,0.8665330893075809,0.04505440247376265,0.7081987703384015,True,False,1.017395242724511,0.20361960182812638
155,2019-08-08,2019-09-05,0.03691519916508061,0.0665932344239531,0.5543385823560852,0.03835863400110332,0.9623700146365693,0.044169062567347435,0.8357704922714538,True,False,1.0205885440114741,0.20804865856778346
156,2019-08-09,2019-09-06,0.03250327605302021,0.06844330948217167,0.47489340154550486,0.04430340944881063,0.7336517992046501,0.04614338748495286,0.7043972674008682,True,False,0.9929080999973923,0.2094529340169295
157,2019-08-12,2019-09-09,0.03442588706734747,0.0689502553420639,0.49928585320764657,0.04382485577689896,0.7855333795643455,0.04631063641514129,0.743368904688425,True,False,0.9856076911895133,0.20997217878119948
158,2019-08-13,2019-09-10,0.02652686196251044,0.07403146636190938,0.35831874290901555,0.04570722469950179,0.5803647483939139,0.05116708006403918,0.5184361102746183,True,False,0.9171822292914615,0.20246173967931527
159,2019-08-14,2019-09-11,0.03924981840363701,0.08050955661802531,0.48751750788861453,0.057449902741889394,0.6832007806867555,0.059460194522199424,0.6601024217803916,True,False,0.8424266420639634,0.20587004923279542
160,2019-08-15,2019-09-12,0.028699422339545578,0.1028359321204248,0.2790797121957086,0.07857780778318499,0.3652357217540882,0.09098768541602927,0.3154209518389355,True,False,0.6586623953552458,0.21502225759654867
161,2019-08-16,2019-09-13,0.03382108861691493,0.10324843035160074,0.32757000277622694,0.07883225848050683,0.4290260011423877,0.09106824645141974,0.37138179260931253,True,False,0.6560146371851092,0.21336055537577153
162,2019-08-19,2019-09-16,0.04493019694695334,0.11028535481325435,0.4073994867499263,0.10227103523987106,0.43932474958889434,0.1169950551560523,0.38403500803537205,True,False,0.6139159006981862,0.2180250291036591
163,2019-08-20,2019-09-17,0.07946803701432115,0.11401856364727497,0.6969745493388385,0.10431140145968439,0.7618346211658845,0.12673418190764946,0.6270450151501281,True,False,0.593679276855265,0.20934162272790632
164,2019-08-21,2019-09-18,0.07959071439284322,0.11490794608397584,0.6926476114600252,0.1044900250491205,0.7617063385277956,0.13245353938214624,0.6008953385776528,True,False,0.5890811097043007,0.20935566516648965
165,2019-08-22,2019-09-19,0.07387447300610635,0.11995422259385614,0.6158555439622354,0.1217018627773013,0.6070118510945646,0.14916121996708318,0.49526594796160106,True,False,0.5642645534530185,0.20766762054903387
166,2019-08-23,2019-09-20,0.06838752389510888,0.11801117538836464,0.5795004046866867,0.11995085640102685,0.5701295175957031,0.13841057741794432,0.4940917462442631,True,False,0.5735589051598359,0.20555257066647747
167,2019-08-26,2019-09-23,0.1634380973606862,0.15199496406032723,1.0752862660358746,0.11817760296402187,1.3829870742127297,0.13696409074972415,1.193291588080107,True,False,0.445081098045247,0.2066159179445767
168,2019-08-27,2019-09-24,0.10609272350434623,0.13290543826024576,0.7982572037165491,0.11139898155794573,0.9523670864904688,0.13448446479178539,0.7888846021628114,True,False,0.5094039276443229,0.19426058573442606
169,2019-08-28,2019-09-25,0.06896202066973593,0.13425128263213656,0.5136786726924578,0.13616162139455512,0.5064717940593914,0.14682315034438562,0.46969446240582574,True,False,0.5041922340609277,0.21096761715692525
170,2019-08-29,2019-09-26,0.08500975763535978,0.1358656620870725,0.6256897904113508,0.1379990873907408,0.6160168102753961,0.15143999541438613,0.5613428434327873,True,False,0.4980616906894023,0.2100104877972194
171,2019-08-30,2019-09-27,0.11089784729815583,0.13699076655164838,0.8095278980451943,0.14992235646945828,0.7397018690854662,0.14904293769160684,0.7440664349197198,True,False,0.4939361829386791,0.20665125264364242
172,2019-09-02,2019-09-30,0.0853651962071623,0.13899371762049542,0.6141658606487601,0.16162308422109026,0.5281745279058533,0.15747747751126975,0.5420787629840795,True,False,0.48688213290462806,0.21051239553991344
173,2019-09-03,2019-10-01,0.05662531353192347,0.12263735111293726,0.4617297505046156,0.13888924391133634,0.40770121527964936,0.12649766770961576,0.4476391901699787,True,False,0.5519807529625337,0.21054999849503475
174,2019-09-04,2019-10-02,0.038433986290852686,0.11509226738717908,0.33394064747684443,0.12162722625945739,0.31599821415695706,0.11199383300972768,0.3431794881733742,True,False,0.5882758203429287,0.20821189062208964
175,2019-09-05,2019-10-03,-0.02078716636781759,0.1225621548853662,-0.16960509863146636,0.08248485530800061,-0.25201191528066297,0.07588019797928747,-0.27394718149643904,True,False,0.5523880802502625,0.17971281230698893
176,2019-09-06,2019-10-04,-0.018915822281117836,0.11536129663434441,-0.1639702641439137,0.07054068488874692,-0.268154786290364,0.06595210795364367,-0.2868114889430579,True,False,0.5868483706116996,0.1776030985276502
177,2019-09-09,2019-10-07,-0.04623899353688066,0.11800523710756793,-0.39183848675064653,0.07414535079328065,-0.6236263372169658,0.06834606547950146,-0.6765421420015579,True,False,0.5736120968421555,0.16385177308406468
178,2019-09-10,2019-10-08,-0.03156051717876597,0.10875146827149154,-0.29020773402320443,0.07294597946275509,-0.43265602040315604,0.06365195154679039,-0.4958295293674682,True,False,0.6227083066303393,0.1656887725114686
179,2019-09-11,2019-10-09,-0.02779896541738377,0.10368061672199536,-0.2681211425653716,0.0652323927333182,-0.42615277859009343,0.05518085221710509,-0.5037791969578639,True,False,0.653374122420931,0.16652292536936278
180,2019-09-12,2019-10-10,0.004428994662099504,0.10234840679951993,0.04327370401353701,0.06896387567758484,0.06422195125467765,0.05598565476111732,0.07910945546671523,True,False,0.6618350444950323,0.1800317528238663
181,2019-09-13,2019-10-11,0.029594919401121043,0.09709689880362007,0.3047977820689949,0.0749219920175586,0.3950097775588405,0.06112595070871913,0.48416293011373257,True,False,0.6977403460641473,0.17826184829369862
182,2019-09-16,2019-10-14,0.025058501551763205,0.09613053970738067,0.2606715995566108,0.07188333956359694,0.34859957403054903,0.06003908596525691,0.4173698041683033,True,False,0.704848763407918,0.17774571684936932
183,2019-09-17,2019-10-15,0.01603254791590927,0.09593379950533543,0.16712095214176947,0.06643940763289075,0.24131081969449072,0.05603685361993702,0.28610721124080285,True,False,0.7062535557535394,0.170590142972885
184,2019-09-18,2019-10-16,0.01420495099414488,0.09593526740604785,0.14806808151190273,0.065515356220026,0.21681864853850663,0.055847398926459985,0.25435295586191936,True,False,0.7062535557535393,0.17307832318543562
185,2019-09-19,2019-10-17,0.013926203436495092,0.09615587217822236,0.14482946408809275,0.06269998623527374,0.22210855651927547,0.05525533402704723,0.2520336485465508,True,False,0.7045665118517896,0.18604702389967465
186,2019-09-20,2019-10-18,0.011343135895947239,0.09592450308827513,0.1182506609964781,0.06138153589886585,0.1847971988618295,0.055016250141673086,0.20617791773771163,True,False,0.7062468728875122,0.18461672820329517
187,2019-09-23,2019-10-21,0.0060048562375495385,0.09782011497599025,0.06138672234257155,0.06247432359274299,0.0961171869053587,0.05477164450514355,0.109634397356567,True,False,0.6924841183714474,0.1826800006922823
188,2019-09-24,2019-10-22,0.009200645595275482,0.09767353301944412,0.09419793992138982,0.05995401744165394,0.15346170261616526,0.05517810271654911,0.1667445080984274,True,False,0.6934787421314165,0.1795914488983345
189,2019-09-25,2019-10-23,0.020218855013205854,0.10397508044987024,0.19445866188056493,0.056242128658106745,0.3594966174931842,0.05546163955683544,0.3645556672100574,True,False,0.6512960693222979,0.18136156524179742
190,2019-09-26,2019-10-24,0.04484725172440244,0.10527947580298594,0.4259828554648871,0.039685083862734324,1.1300782903602622,0.048055729654819586,0.9332342271470356,True,False,0.6431001092976724,0.15711685160793418
191,2019-09-27,2019-10-25,0.03967164819107057,0.10410773160459766,0.3810634193985125,0.03913843417994857,1.0136237951848155,0.04591690932998628,0.8639877720420263,True,False,0.6503578893004339,0.1545802953948793
192,2019-09-30,2019-10-28,0.04017428375088207,0.10613234476612127,0.378530068655434,0.039906524583096833,1.0067096588987017,0.046947185941524125,0.8557335854149349,True,False,0.637916952071914,0.15398454271373033
193,2019-10-01,2019-10-29,0.055558667684186214,0.10703016185200619,0.5190935594492406,0.03042881567383776,1.8258570520690598,0.044714725422785914,1.2425138957886657,True,False,0.6324555953087667,0.14237993319478542
194,2019-10-02,2019-10-30,0.053237718696227856,0.1180200914347953,0.4510903020748892,0.03987189066756766,1.3352193187952368,0.051544792310322295,1.0328437910024626,True,False,0.5734163506367275,0.15048816260954906
195,2019-10-03,2019-10-31,0.04054368121071909,0.12729055438358797,0.3185128810778951,0.05832087952997567,0.6951829522715021,0.06655306529277771,0.6091932960917859,True,False,0.5314992856962459,0.15244588826134833
196,2019-10-04,2019-11-01,0.03160101891955797,0.12969149243992062,0.24366300614666067,0.060673503755379485,0.5208372182850267,0.07108717931625105,0.444538934073781,True,False,0.5216784830468999,0.1480720201291188
197,2019-10-07,2019-11-04,0.04943638481469244,0.13790775464729324,0.3584742927700385,0.06421998774266062,0.7697974813198601,0.07935141782276596,0.6230056900194304,True,False,0.49049905528872967,0.15359714109340813
198,2019-10-08,2019-11-05,0.05740889753458405,0.14081634736009455,0.407686313491561,0.0636025186192717,0.9026198770246345,0.08121262124752932,0.7068962515026637,True,False,0.48035771492292356,0.16480316864922928
199,2019-10-09,2019-11-06,0.03420875925322658,0.17815089890207303,0.19202125537424672,0.09056831691043551,0.3777122112919044,0.12992610000452395,0.26329397443651004,True,False,0.37963425506004783,0.15756361838000663
200,2019-10-10,2019-11-07,0.062006118533700055,0.19066230728759784,0.32521435104721097,0.1166583600539353,0.5315188599002457,0.1497294434388517,0.4141210780565204,True,False,0.3547849613045055,0.15852610878618106
201,2019-10-11,2019-11-08,-0.0015777440235305279,0.19514745253059812,-0.008084881473321542,0.10894573025273256,-0.014481926183527097,0.18651804952491,-0.008458934819173175,True,False,0.3465999833000446,0.15452007499147535
202,2019-10-14,2019-11-11,-0.15447415121564959,0.22505721380194427,-0.6863772487274749,0.06330966112877434,-2.439977539943597,0.09772857183631072,-1.5806447215291777,True,False,0.30040679739100207,0.13193854959319248
203,2019-10-15,2019-11-12,-0.14829830522955598,0.23779533622483578,-0.6236384093308699,0.06354026078338626,-2.3339266065513415,0.11162225381362317,-1.328572933827077,True,False,0.28441974839629197,0.14084070183167308
204,2019-10-16,2019-11-13,-0.13542081818052273,0.2530338287878223,-0.5351885905108672,0.06747632135212196,-2.006938366924831,0.13319004112857247,-1.0167488277130032,True,False,0.26726030757276714,0.14944940445496493
205,2019-10-17,2019-11-14,-0.12632980789046833,0.2535310371052245,-0.49828143067957753,0.06457565720008633,-1.9563069640783994,0.13552142790650287,-0.9321758916060425,True,False,0.26677169235241305,0.14594642348402212
206,2019-10-18,2019-11-15,-0.0136675578114088,0.23712305498896136,-0.05763909296818505,0.11823466322454496,-0.11559687691123291,0.1568350383146456,-0.08714607372358128,True,False,0.28521162138137074,0.14407284697315692
207,2019-10-21,2019-11-18,-0.006851650446633933,0.2379958528980528,-0.02878894889638638,0.1077923968206799,-0.06356339267631396,0.157667535991288,-0.043456317139455546,True,False,0.2841359215301145,0.14263733556769367
208,2019-10-22,2019-11-19,0.007481959314148968,0.23481200391405965,0.03186361510243462,0.11558972083946698,0.0647285871080184,0.15927421742392428,0.04697533244966437,True,False,0.2880169507702336,0.1443913132562587
209,2019-10-23,2019-11-20,0.020358072362568105,0.2395554804515078,0.08498270348145553,0.1188741585530521,0.17125734146402008,0.17080065551227916,0.1191920036928929,True,False,0.28227095348674924,0.1515608620721838
210,2019-10-24,2019-11-21,0.010988882271655922,0.23925141279149775,0.045930271188126634,0.11431122520259232,0.09613126140657198,0.16952990335301749,0.06481972828577283,True,False,0.2826369797147248,0.15315309807270958
211,2019-10-25,2019-11-22,-0.016243889735009922,0.23116455027027163,-0.07026981306613832,0.10653771427560692,-0.15247079257762108,0.16147309480132152,-0.10059811979820293,True,False,0.2925171312610967,0.1551792093904581
212,2019-10-28,2019-11-25,-0.045189982698513535,0.2458344517084132,-0.1838228221653564,0.12840699479285828,-0.3519277339323489,0.18943960910036575,-0.23854558670764428,True,False,0.2750048379125376,0.15454141716377603
213,2019-10-29,2019-11-26,-0.03016914068196702,0.24956911868301165,-0.12088491092636397,0.1252687024592438,-0.24083542089679233,0.19344615615238414,-0.15595626856602807,True,False,0.270874014833158,0.15329733886684793
214,2019-10-30,2019-11-27,-0.02485369258198126,0.24849653809434563,-0.10001625283224333,0.1217257941234949,-0.2041776992374053,0.19372047225994038,-0.12829667557609384,True,False,0.2720314987560949,0.15228935493663115
215,2019-10-31,2019-11-28,0.012477144864225595,0.26299751409336225,0.047442063881243744,0.1232739383209401,0.10121478257425112,0.21394256873873174,0.058320066631820135,True,False,0.2570262123149573,0.15039956339408217
216,2019-11-01,2019-11-29,0.07602352496138144,0.2638125867410004,0.28817247084582054,0.1368541767161867,0.5555075247651511,0.179908061463583,0.42256875174417974,True,False,0.2561910873655172,0.13909264641856167
217,2019-11-04,2019-12-02,-0.11004438782107467,0.2003056721953649,-0.54938228466014,0.10819234811378872,-1.0171180285812644,0.17228083634969482,-0.6387500209118273,True,False,0.3374892182215988,0.137437646383076
218,2019-11-05,2019-12-03,-0.1335354352462185,0.19361483324223364,-0.689696305856643,0.10040513490961607,-1.3299661951196626,0.13881320920606285,-0.9619793102541869,True,False,0.349165144079997,0.13882691069507105
219,2019-11-06,2019-12-04,-0.08653953962173894,0.18019705548208342,-0.4802494657319379,0.0798062037297846,-1.0843710836660356,0.13149322959106466,-0.6581292427820903,True,False,0.37525228739921285,0.14009418323766767
220,2019-11-07,2019-12-05,-0.07097964697326763,0.18162402584800272,-0.3908053829434933,0.0838126548126033,-0.8468846039058302,0.13406565051913946,-0.529439470128364,True,False,0.37231198247284314,0.1535014937617285
221,2019-11-08,2019-12-06,-0.08962122099387942,0.1748261978529686,-0.5126303843160405,0.07307135126772289,-1.2264891703661014,0.11744424696344904,-0.7630958800542296,True,False,0.3868000785124928,0.15575541142879712
222,2019-11-11,2019-12-09,-0.11571650233745646,0.15275165228049056,-0.7575466491516032,0.06136496417851466,-1.885709604601571,0.09322600805208026,-1.2412469948601896,True,False,0.44277931412610655,0.15587616044611552
223,2019-11-12,2019-12-10,-0.11366307937297523,0.15318462770374083,-0.7420005589124758,0.06021003428374503,-1.8877763602878563,0.09120511548538764,-1.246235792456024,True,False,0.441528872248151,0.15648235517595843
224,2019-11-13,2019-12-11,-0.09961511375973472,0.15027214833176405,-0.6628980477460732,0.05775730187959724,-1.7247189622430017,0.0838786976573364,-1.1876092087967933,True,False,0.4500991961978249,0.14986939933101884
225,2019-11-14,2019-12-12,-0.07698448063199814,0.14523843613869755,-0.5300558356224705,0.05243211718459484,-1.4682695409945619,0.07952604601868107,-0.9680410945354192,True,False,0.4657162948185504,0.1467402373869325
226,2019-11-15,2019-12-13,-0.06073376272453262,0.13880655731313193,-0.4375424612507614,0.0534554290994974,-1.1361570517278599,0.07456088374134066,-0.8145526136093593,True,False,0.4873484850982832,0.1487997751653219
227,2019-11-18,2019-12-16,-0.0847044009497514,0.1414667290149366,-0.5987584610145894,0.04878549437156925,-1.7362620188822895,0.06796098124476181,-1.2463681276862097,True,False,0.47815971847775474,0.13725525736614547
228,2019-11-19,2019-12-17,-0.08243430005308983,0.14200680304798488,-0.5804954289776866,0.05008453424001838,-1.6459032973740513,0.0707096738588376,-1.165813608724301,True,False,0.4763475947311559,0.13729276028357923
229,2019-11-20,2019-12-18,-0.08752571035678018,0.14229268081275986,-0.6151104178854676,0.05182022057844549,-1.6890262021228506,0.06713856545785607,-1.303657737693568,True,False,0.4753773665518365,0.13385786846024592
230,2019-11-21,2019-12-19,-0.08552522172716394,0.14228384615428366,-0.6010887675500827,0.04855843793639365,-1.7612844515137165,0.06224616317445724,-1.3739838307376875,True,False,0.4753773665518365,0.1170342584349365
231,2019-11-22,2019-12-20,-0.08435438026860691,0.14280334116224233,-0.5907031276864163,0.05037203970856752,-1.674627050177988,0.06694955714732069,-1.259969204620538,True,False,0.4736744183782174,0.12394628789604788
232,2019-11-25,2019-12-23,-0.06756031122829126,0.1451032601995871,-0.46560160767830566,0.049405230051020974,-1.367472859827218,0.07139410566382098,-0.9463009670072455,True,False,0.46615066684702855,0.11801477936700847
233,2019-11-26,2019-12-24,-0.05978078013192333,0.14606970386713414,-0.40926200676288277,0.04897612739372348,-1.2206105977171344,0.07256668871844495,-0.8238047124331346,True,False,0.4630483615006761,0.11489723839736864
234,2019-11-27,2019-12-25,-0.05674561547134728,0.1466314075811813,-0.3869949583613629,0.049097182359513505,-1.155781508108311,0.07360339547237378,-0.7709646424212334,True,False,0.4612710331956588,0.11384581136721424
235,2019-11-28,2019-12-26,-0.05812992756095598,0.14670839907363528,-0.39622767290766797,0.046230097185054046,-1.2574043988760875,0.06836639945285183,-0.8502704256210636,True,False,0.4609963898377732,0.11250680417332892
236,2019-11-29,2019-12-27,-0.08227938330469999,0.14464307348089114,-0.568844268340094,0.044473826704378557,-1.850063046106158,0.057962614384459016,-1.419525053838165,True,False,0.4675101354000765,0.12881041310440985
237,2019-12-02,2019-12-30,-0.10571890395484008,0.14058677024983282,-0.7519833037416677,0.04982963941668856,-2.12160684268234,0.05319518125528259,-1.9873774552528964,True,False,0.4809353201506261,0.13141576540018893
238,2019-12-03,2019-12-31,-0.08229454030198323,0.15752019137150153,-0.522438041659667,0.05339184120640983,-1.5413317548618937,0.07325028521307601,-1.1234705784775936,True,False,0.42916855122726305,0.13616098614682137
239,2019-12-04,2020-01-01,-0.08721223602174769,0.16433091091769186,-0.530711084936598,0.06076230822846803,-1.4353015638218871,0.08130960432608658,-1.072594519978095,True,False,0.4113683955104973,0.13758462998296433
240,2019-12-05,2020-01-02,-0.15470602557745036,0.1624271924151784,-0.9524638287289234,0.08142191781682354,-1.9000538150611423,0.09150547287790421,-1.6906751116829337,True,False,0.41619170876490724,0.1567186734809332
241,2019-12-06,2020-01-03,-0.12781309609674624,0.14990132812354914,-0.852648189957345,0.06830935870066056,-1.8710920220586154,0.09229710055971047,-1.384800771873209,True,False,0.45116352314154384,0.15110063962782236
242,2019-12-09,2020-01-06,-0.10840544588762799,0.15337645177447173,-0.7067932830199375,0.06713131268639921,-1.6148268453208856,0.09615576773614928,-1.1273941068734612,True,False,0.4409566067578355,0.14495696975337685
243,2019-12-10,2020-01-07,-0.08030148630945115,0.1854956730353964,-0.4329022073422056,0.11294516492167239,-0.7109776356087516,0.13956411196446988,-0.5753734622686829,True,False,0.36455791648282504,0.15084522909626055
244,2019-12-11,2020-01-08,-0.08472347605361827,0.185060656118027,-0.45781463132597877,0.11438439737582332,-0.7406908459311052,0.13922687609558398,-0.608528169485414,True,False,0.3653732553072091,0.15099723693131048
245,2019-12-12,2020-01-09,-0.10022379096343771,0.1827330736654627,-0.5484709962626783,0.10928711850891792,-0.917068656680333,0.13570260993364508,-0.7385546306916606,True,False,0.370233046278463,0.1533253730765055
246,2019-12-13,2020-01-10,-0.1411783235223209,0.19034242056869025,-0.7417070934609286,0.08949604139951006,-1.577481208270445,0.1428165356558178,-0.9885292545014189,True,False,0.355486960862821,0.14860819399904346
247,2019-12-16,2020-01-13,-0.1901586522362245,0.20606614221936587,-0.9228039608457017,0.07074897669150684,-2.68779367743212,0.16088518311893618,-1.1819525487045477,True,False,0.3283559866628341,0.14604476554178333
248,2019-12-17,2020-01-14,-0.20406206828442713,0.20875961010177088,-0.9774978415841374,0.06815857832274795,-2.993930819949649,0.16538857570202714,-1.233834123174724,True,False,0.32413161685956204,0.14443706763594472
249,2019-12-18,2020-01-15,-0.20546626830055903,0.20898152015072838,-0.9831791258498169,0.06800217880155264,-3.0214659577329277,0.16621841723028338,-1.2361221561621576,True,False,0.3237777923303539,0.14459542612026408
250,2019-12-19,2020-01-16,-0.2158483061630506,0.20989691647469416,-1.0283538690720784,0.06941357622722262,-3.1095978322234776,0.1689545728981172,-1.2775523175286365,True,False,0.32238057194301434,0.1429616262215203
251,2019-12-20,2020-01-17,-0.21952686339248348,0.20945015666961106,-1.0481102849627728,0.07087570816100891,-3.0973498408479045,0.16797731266526936,-1.3068840065916378,True,False,0.3230679372350552,0.1439545745740885
252,2019-12-23,2020-01-20,-0.22055832498358827,0.20945038350348863,-1.0530337605226425,0.07001581719643962,-3.150121412777053,0.16897946599571345,-1.3052374363000012,True,False,0.323059067220333,0.1392906064746236
253,2019-12-24,2020-01-21,-0.19064364273926535,0.20315054389273912,-0.9384353055925007,0.06910344451449926,-2.758815339505465,0.15779538239765192,-1.208169972039069,True,False,0.3330892349427158,0.14164447262058255
254,2019-12-25,2020-01-22,-0.19012905137418745,0.20315691500381253,-0.9358729008590203,0.06974208866899331,-2.726173749635879,0.1575322306415651,-1.2069215969320606,True,False,0.3330892349427158,0.14215325634840395
255,2019-12-26,2020-01-23,-0.18631158471016993,0.20313048296288078,-0.9172015051242493,0.0721068776277369,-2.5838254385668007,0.15659849615074323,-1.189740574078212,True,False,0.333143547709863,0.15720271960667728
256,2019-12-27,2020-01-24,-0.15865777130386507,0.1819418383388416,-0.8720246687207087,0.06372056783984613,-2.4898988926563246,0.12615238509250556,-1.2576676309966222,True,False,0.3720755730892442,0.15398347006006471
257,2019-12-30,2020-01-27,-0.029348366058270122,0.12811425062989218,-0.22907963722985264,0.04839216676479884,-0.6064693527965469,0.10459277108737719,-0.2805965054100382,True,False,0.5284799271125128,0.13757822417597435
258,2019-12-31,2020-01-28,0.008333991136098461,0.12104152003255114,0.06885233375999607,0.03134284179443713,0.26589775077694505,0.05453927697947635,0.15280714372569737,True,False,0.5595611448079375,0.12735836393633176
259,2020-01-01,2020-01-29,-0.016314984708113493,0.12407094200196767,-0.13149722606164102,0.044187226208197795,-0.3692240067580135,0.06598528168462695,-0.2472518763516093,True,False,0.5457648804045208,0.10994323828456401
260,2020-01-02,2020-01-30,-0.01925597802757602,0.12176529235610585,-0.1581401206779137,0.04230746134153834,-0.4551437835545596,0.06406448817911642,-0.30057179218756386,True,False,0.5564183965617441,0.11000847943155911
261,2020-01-03,2020-01-31,-0.023541385435039374,0.10720652462906953,-0.21958911098453818,0.029284241946781617,-0.8038926012775485,0.053388416582458076,-0.44094556351338593,True,False,0.6329418113024339,0.10026720804718024
262,2020-01-06,2020-02-03,-0.041927786751626214,0.10788771279619525,-0.38862429895821127,0.04368092792894152,-0.9598648366589819,0.06377948253086724,-0.6573867502191555,True,True,0.6286738000187577,0.11937972027514232
263,2020-01-07,2020-02-04,-0.021737863791903338,0.10176035244781562,-0.2136182046249385,0.02832634651535702,-0.7674079599399887,0.05799568971433073,-0.37481860977906284,True,True,0.6666591386037491,0.12694703044598876
264,2020-01-08,2020-02-05,-0.024571950223381944,0.10046744770408757,-0.2445762362328054,0.028738027532736927,-0.8550325938476746,0.05677051348986648,-0.43282945164425946,True,True,0.6750034923772702,0.12381836813860973
265,2020-01-09,2020-02-06,-0.02546000346914414,0.10063729417057025,-0.2529877584545542,0.028858379640655733,-0.8822395361822756,0.05726603793643963,-0.4445916705011537,True,True,0.67412889778627,0.12471090408010416
266,2020-01-10,2020-02-07,-0.019728074568620864,0.10169523826348717,-0.1939921170891643,0.02870190121643997,-0.6873438250606533,0.05906852794734345,-0.33398622336089745,True,True,0.6664871798033453,0.1372620640346295
267,2020-01-13,2020-02-10,-0.021219455152241214,0.10128721608901006,-0.20949786134504672,0.02782886011306102,-0.7624981787264155,0.059683139052646675,-0.3555351727315058,True,True,0.6691412776219584,0.12971647887829418
268,2020-01-14,2020-02-11,-0.022993805251288045,0.10147344854622958,-0.22659922946062544,0.027920601457992147,-0.8235426190901833,0.05876425407852665,-0.3912889836151316,True,True,0.6679532227734676,0.13907706087070898
269,2020-01-15,2020-02-12,-0.016369963319043543,0.09843301693629589,-0.1663056139957378,0.028439548263724655,-0.5756056027065604,0.0553705259524529,-0.29564399177101114,True,True,0.6885803671289065,0.14100777134574458
270,2020-01-16,2020-02-13,-0.015929499559533395,0.09829205456043438,-0.16206294222631415,0.028538335776412554,-0.558178994189963,0.05608957438977917,-0.2840010774343854,True,True,0.6895347461290057,0.13895396878512756
271,2020-01-17,2020-02-14,-0.015049625889432042,0.0979771392683324,-0.1536034426175198,0.028774384223782642,-0.5230216491303125,0.05571271906218756,-0.27012908619005604,True,True,0.6918013175415332,0.13918385428807697
272,2020-01-20,2020-02-17,-0.014712159375266978,0.09807576221351287,-0.1500081064191815,0.028908644879459378,-0.5089190253162122,0.05530802001742016,-0.26600408712214146,True,True,0.6911255655744077,0.13976946719591632
273,2020-01-21,2020-02-18,-0.011230219710912523,0.09678663466015744,-0.1160306869883914,0.029741978599404296,-0.37758818477320316,0.054302591132903234,-0.2068081739124943,True,True,0.7003387443423515,0.14079179823263424
274,2020-01-22,2020-02-19,-0.015060646991920409,0.09691530815392134,-0.15540008362766614,0.028581115426295732,-0.5269439896689277,0.05543830323675501,-0.2716650061889946,True,True,0.6993560462146337,0.1418875113717068
275,2020-01-23,2020-02-20,-0.0003566180827303754,0.0955599815339656,-0.0037318768485071333,0.03578042141863681,-0.009966849706935678,0.05969028418746739,-0.005974474532745668,True,True,0.7091230160467723,0.15877925160449402
276,2020-01-24,2020-02-21,-0.017183025077828498,0.09358946586970254,-0.1835999908552861,0.028207227693979414,-0.6091709991583493,0.054143414246462206,-0.31736131378067384,True,True,0.7242649217964267,0.16085736794934402
277,2020-01-27,2020-02-24,-0.0036634359087003255,0.062378066989259046,-0.05872955167609052,0.01656191859003853,-0.22119634804289923,0.025365062017298382,-0.1444284230884966,True,True,1.0902794084343235,0.16848943244180092
278,2020-01-28,2020-02-25,-0.02122442922485572,0.06387246203276645,-0.33229389551271143,0.017394445357448097,-1.2201843053171955,0.05124737349326053,-0.41415642945383174,True,True,1.0645245389923161,0.17148202227568002
279,2020-01-29,2020-02-26,-0.027784303944009943,0.06570603629546408,-0.4228577085227098,0.019315906330476286,-1.4384157527297787,0.062365517304762655,-0.445507471833127,True,True,1.0343324724862528,0.16982787668881522
280,2020-01-30,2020-02-27,-0.05878282919562164,0.04384334256455924,-1.340746981347602,0.0175492718263492,-3.349587936028359,0.03969829920168651,-1.4807392351238151,True,True,1.5612838674599465,0.1701416720468212
281,2020-01-31,2020-02-28,-0.05923601974829733,0.044260806923168465,-1.3383402578069592,0.018363977351555923,-3.225663951457577,0.041158053515801034,-1.4392327792070139,True,True,1.545780732191529,0.1744777339451273
282,2020-02-03,2020-03-02,-0.008487189079782905,0.03961231281333519,-0.2142563379163702,0.030165359103573534,-0.28135547966267943,0.08091553183641764,-0.10488949262474077,True,True,1.7338549404131642,0.24490720214992923
283,2020-02-04,2020-03-03,-0.012087954425710598,0.03931336159433112,-0.3074769985442723,0.02409669308144262,-0.5016437062486301,0.07067908663209128,-0.17102590032936502,True,True,1.7474317078276607,0.24507434996970331
284,2020-02-05,2020-03-04,-0.029734689787068454,0.0376308232898586,-0.7901684626464675,0.020519561469754793,-1.4490899247967106,0.06199784710441173,-0.4796084247408093,True,True,1.8281608155048907,0.24637022934267358
285,2020-02-06,2020-03-05,-0.03410729972461697,0.03527546590828964,-0.9668844576933525,0.01993410219838416,-1.711002551566214,0.05265240212244493,-0.6477824059251712,True,True,1.9559814243585043,0.2463053061799603
286,2020-02-07,2020-03-06,-0.0339204093753113,0.035317621756070186,-0.9604386617420314,0.020141316621860066,-1.6841207559637046,0.05259517092166653,-0.6449339127698855,True,True,1.953557274078027,0.24630307669996135
287,2020-02-10,2020-03-09,-0.021431017378788938,0.03043894403944206,-0.7040657307631676,0.015544026581098325,-1.3787301036173758,0.04002815033781121,-0.535398643153013,True,True,2.284230275775072,0.25299742357572164
288,2020-02-11,2020-03-10,-0.04902684383079775,0.0282945451531644,-1.7327312938025687,0.02610090188703347,-1.878358228500661,0.04610141288833589,-1.063456427019876,True,True,2.4677639873246844,0.28306587607976974
289,2020-02-12,2020-03-11,-0.04689673628565035,0.027759140501128834,-1.6894160063689032,0.024813169376459204,-1.8899938002334482,0.04517000017160735,-1.0382274985052664,True,True,2.519121473517542,0.28226907735739437
290,2020-02-13,2020-03-12,0.029495829256051098,0.02211648189645515,1.333658282277649,0.040051625232317443,0.7364452524700813,0.07786892412704867,0.3787881955056495,True,True,3.2423249532319423,0.480904649052047
291,2020-02-14,2020-03-13,0.006183713917743821,0.01889610582157574,0.32724805714642013,0.024423822514462314,0.2531837067716242,0.05927256137437114,0.10432675380243642,True,True,3.905300480440133,0.48292540960212166
292,2020-02-17,2020-03-16,-0.008744901885041395,0.016789830150570544,-0.5208451667835502,0.017764294503693098,-0.49227408852197196,0.04156856625428617,-0.21037294939513823,True,True,4.575718959034121,0.48468854322919597
293,2020-02-18,2020-03-17,-0.026849466057581896,0.016469058094253378,-1.630297610459617,0.020575733911092218,-1.3049092768014248,0.04176385246118354,-0.6428876761916664,True,True,4.68823724315622,0.5373912832414777
294,2020-02-19,2020-03-18,-0.02982597029066521,0.016435974441897847,-1.8146761176893893,0.021312215285458947,-1.3994777122496078,0.041070318753929004,-0.7262171610930558,True,True,4.691466023526225,0.589759038768847
295,2020-02-20,2020-03-19,-0.035665068609764886,0.01628205639931522,-2.1904523442914043,0.023343571394647503,-1.5278325671256372,0.04056722652847379,-0.8791596483612671,True,True,4.744377283066429,0.5956708513338972
296,2020-02-21,2020-03-20,-0.03347586886028033,0.016077434750565285,-2.0821648092276237,0.02150117300536351,-1.5569322125788072,0.03950683910468428,-0.847343640213199,True,True,4.8317178924486015,0.6024907605463627
297,2020-02-24,2020-03-23,-0.04027719277624383,0.015911991504286106,-2.531247755216224,0.023011512118842472,-1.7503062192624765,0.039131320024239774,-1.0292827523143673,True,True,4.885747675199161,0.6080548980195107
298,2020-02-25,2020-03-24,-0.03813815397418009,0.016006236118450194,-2.3827059461042626,0.023020457360148554,-1.6567070487575222,0.040591100825583724,-0.939569343981487,True,True,4.845997886682798,0.6359854802669781
299,2020-02-26,2020-03-25,-0.03831867747891271,0.01601719358019184,-2.392346529812856,0.023442878566739694,-1.6345551323751903,0.04091790991151084,-0.9364769012342214,True,True,4.844922105438549,0.657883339807679
300,2020-02-27,2020-03-26,-0.02676577835766898,0.01601603616746461,-1.6711861835103543,0.025322773620644112,-1.0569844661821908,0.042463476930856746,-0.6303247000063533,True,True,4.866096656434231,0.8155477088455825
301,2020-02-28,2020-03-27,-0.021744953316008498,0.016270618130973084,-1.3364552680770228,0.025418268774142997,-0.8554852224290264,0.0444358429595827,-0.4893561563755402,True,True,4.750964848283496,0.8154484693395376
302,2020-03-02,2020-03-30,-0.031547098889031865,0.01599322809358748,-1.9725285417320313,0.023831549770096105,-1.3237535617015244,0.04337108634640768,-0.7273762671532629,True,True,4.861555921296372,0.8233864492067722
303,2020-03-03,2020-03-31,-0.03506535611455646,0.016092260437734197,-2.1790199239090673,0.024298863018507057,-1.443086291233017,0.044091655744935176,-0.7952832689569483,True,True,4.815480119195621,0.817855646786189
304,2020-03-04,2020-04-01,-0.03007867622243486,0.01606847612430166,-1.871905959828041,0.022654152915168393,-1.3277334330296358,0.04241970604897388,-0.7090731884777512,True,True,4.816214877338795,0.827161568587433
305,2020-03-05,2020-04-02,-0.02687358259598682,0.01603159395667848,-1.6762888748683507,0.02259873789380898,-1.1891629843341363,0.04220149742032352,-0.6367921575940327,True,True,4.836939760095809,0.8330254496299826
306,2020-03-06,2020-04-03,-0.02675199805091257,0.016075685870207537,-1.6641279424656485,0.02137761308596198,-1.2514024808728426,0.042988316163982424,-0.6223085814495478,True,True,4.804221486203878,0.8350211015928157
307,2020-03-09,2020-04-06,-0.024799122300676078,0.016080245008956124,-1.5422104754538162,0.02140876457096807,-1.1583630722113498,0.04325753016479415,-0.5732902966535812,True,True,4.802977952561789,0.8385849702197677
308,2020-03-10,2020-04-07,-0.025399496586403284,0.016580888574931337,-1.5318537647496655,0.024052846577209755,-1.0559871366938118,0.050212533529198515,-0.5058397734827205,True,True,4.60613352308833,0.8749456550554731
309,2020-03-11,2020-04-08,-0.01919314958958478,0.016725157921034312,-1.1475616362011511,0.027214972007870427,-0.7052423050089569,0.05101478854289347,-0.3762271713318402,True,True,4.557307117739573,0.8710768127628166
310,2020-03-12,2020-04-09,-0.017354462917390054,0.01690629290716458,-1.0265090645646833,0.028258594557732303,-0.6141304332009467,0.05462607063448272,-0.31769561156088433,True,True,4.4958972760342935,0.8887415060062946
311,2020-03-13,2020-04-10,-0.07315039573580986,0.01939359146148255,-3.7718849487519246,0.017258601713621823,-4.238489128471741,0.047895292991390795,-1.527298220076839,True,True,3.763689324160478,0.8014467070599317
312,2020-03-16,2020-04-13,-0.07347244471587223,0.02161365365380567,-3.399353292724547,0.019611449607516478,-3.7464056041891194,0.08940254210868263,-0.8218160578314999,True,True,3.3140066471136205,0.8025671104246958
313,2020-03-17,2020-04-14,-0.1492090545827695,0.040504024907074276,-3.683808088827963,0.06955079442083092,-2.1453249502795098,0.10927184582410343,-1.365484891899361,True,True,1.6879712780797953,0.8037295776457943
314,2020-03-18,2020-04-15,-0.06323925842666483,0.040535498558563074,-1.5600957352307099,0.0648276131649603,-0.9754987934808931,0.10315910999840365,-0.6130264057885284,True,True,1.69174150090634,0.7731728208709864
315,2020-03-19,2020-04-16,-0.08719419706467037,0.040860262137922175,-2.1339607849394078,0.07372120775733286,-1.1827559493014055,0.10437414933594621,-0.8354003133862274,True,True,1.6774621895691424,0.7138828395882214
316,2020-03-20,2020-04-17,-0.06637363112226831,0.04153016280339659,-1.598203008172168,0.07063053995860621,-0.9397299123179192,0.11189054544844002,-0.5932014260566257,True,True,1.6503790171934165,0.6989952869058994
317,2020-03-23,2020-04-20,-0.05092237665051559,0.03932421239892513,-1.2949369750608781,0.06417999884199607,-0.7934306258851881,0.10276135662805334,-0.4955401361119636,True,True,1.746980586178092,0.7015076542959867
318,2020-03-24,2020-04-21,-0.0052311049897745205,0.03979446049519602,-0.13145309484484702,0.06310411379712333,-0.08289641791963469,0.11347087164842624,-0.04610086195497267,True,True,1.7256329280029283,0.6828796561693816
319,2020-03-25,2020-04-22,-0.004521809637568975,0.039379267118364654,-0.11482716587836683,0.05895562361792143,-0.07669852950540969,0.1061580486665025,-0.042595071163886264,True,True,1.7452249654487577,0.6764798650532975
320,2020-03-26,2020-04-23,0.011220850059116638,0.04017642086224226,0.2792894393851289,0.059182126773338124,0.18959862835094485,0.10952457362623667,0.10245052491515637,True,True,1.7088985553288845,0.6668530198515669
321,2020-03-27,2020-04-24,-0.033750855590093345,0.03898860770338147,-0.8656594215126626,0.05200942557943898,-0.648937288079493,0.08287165677072302,-0.40726657225485663,True,True,1.7610232294183656,0.5144605692688259
322,2020-03-30,2020-04-27,-0.02120857919877258,0.041633417448197214,-0.5094124023126749,0.056923788871903316,-0.372578488169483,0.09758226023619629,-0.21734052016665278,True,True,1.6459008748829738,0.5180469635543781
323,2020-03-31,2020-04-28,0.03893006848865264,0.04672000685165709,0.8332633300389135,0.07160550481664929,0.5436742410843369,0.08759913532376053,0.4444115611960063,True,True,1.462613085615991,0.5043727325603503
324,2020-04-01,2020-04-29,0.03059260763137579,0.04729133029226681,0.6468967449701529,0.0665439926854799,0.45973507745427467,0.08788854027438714,0.34808414767006,True,True,1.4446018481234528,0.4968009611429282
325,2020-04-02,2020-04-30,-0.042208850289027024,0.04797939860122411,-0.879728623525309,0.08887510759950441,-0.47492319760929763,0.08052184609679645,-0.5241912888868341,True,True,1.423389121984134,0.44464305447140107
326,2020-04-03,2020-05-01,-0.012601784291103951,0.0498061004884413,-0.25301688282198476,0.08284236052553236,-0.1521176389851908,0.08789397833409276,-0.14337483101747264,True,True,1.3703805479524056,0.4710514013869798
327,2020-04-06,2020-05-04,0.025420502780987196,0.051755576545344406,0.49116451748374657,0.06906394819251972,0.3680719600641146,0.08830700712244262,0.28786506993426064,True,True,1.3175935622589565,0.44499220149352453
328,2020-04-07,2020-05-05,0.02892060908063881,0.0513645827105312,0.5630457321852098,0.07010345168423979,0.41254187041892204,0.08779933333102441,0.3293944040736759,True,True,1.3277650436146218,0.4481114781911854
329,2020-04-08,2020-05-06,0.06551294174489544,0.051854808431733,1.2633918382158025,0.06202604363506568,1.0562166777933664,0.08675989481826045,0.7551062836363289,True,True,1.3145168112534051,0.4331295721846493
330,2020-04-09,2020-05-07,0.0847220431106503,0.052420968238486174,1.6161861552272796,0.07071353435284404,1.1981022287460146,0.09342761294643226,0.9068201620352498,True,True,1.2998088311081,0.441785951865952
331,2020-04-10,2020-05-08,0.08801028487155335,0.051205757753919716,1.7187575915682316,0.06968400961481012,1.262991113141232,0.08956603569388778,0.982630125244668,True,True,1.3311103505051605,0.4338023077911186
332,2020-04-13,2020-05-11,0.0928472219476039,0.05125383145978223,1.8115176817651009,0.07083432164670617,1.3107660211767038,0.09097294758221779,1.02060254630853,True,True,1.3294496111793337,0.4461206568075352
333,2020-04-14,2020-05-12,0.050994963868530245,0.04615919102349844,1.1047629461827015,0.05555851938948839,0.9178603826900836,0.07694054657872412,0.6627840083817594,True,True,1.4805758398559394,0.44388403500146545
334,2020-04-15,2020-05-13,0.04974826120096157,0.04661590175696072,1.067195084208215,0.049958882770906064,0.9957841016799689,0.07747404779789784,0.6421280753361054,True,True,1.4655330937157292,0.4430909986754788
335,2020-04-16,2020-05-14,0.02232548198834431,0.047310547870940946,0.4718922733519443,0.04388797535116117,0.5086924564122922,0.07019887354596901,0.3180319122033304,True,True,1.444080405290215,0.41052302165841315
336,2020-04-17,2020-05-15,0.0237705839407832,0.04731345953148611,0.5024063802598154,0.04455859824734769,0.533467947282164,0.0701623212884834,0.3387941491138343,True,True,1.4440531686946592,0.4051619774314974
337,2020-04-20,2020-05-18,0.031090687807308788,0.04700783799175209,0.6613936980629466,0.044632547943079574,0.6965922682021003,0.07195762699789884,0.4320693872828329,True,True,1.4536403107324454,0.41700035182933376
338,2020-04-21,2020-05-19,0.03068945316833893,0.052370834887834575,0.5860027481721111,0.0543834783575165,0.5643157461644277,0.09320129627724766,0.32928139837289855,True,True,1.3018680394702409,0.41645537746100625
339,2020-04-22,2020-05-20,0.01747987387500569,0.05274262974159557,0.3314183225342698,0.06324679375904838,0.27637565220458216,0.08947859672002041,0.19535257051136398,True,True,1.2924452219678755,0.39310706215411534
340,2020-04-23,2020-05-21,0.023601457328561608,0.05317044947773575,0.4438829756074251,0.06105894672926359,0.38653561177874346,0.09143422629208356,0.25812497448348876,True,True,1.2817924828660656,0.392932851506489
341,2020-04-24,2020-05-22,0.02054310632990442,0.05306734874497683,0.3871138622098388,0.059778160798287266,0.3436557106402814,0.0905607716340982,0.22684332254706047,True,True,1.2844393768480067,0.39657119778874855
342,2020-04-27,2020-05-25,0.07510841960612666,0.05825243256159963,1.2893610842208605,0.044953997084472994,1.6707840120421447,0.09671327846362208,0.7766091771398079,True,True,1.1677277072521652,0.38702833959157795
343,2020-04-28,2020-05-26,0.07362587554898581,0.05962910120037671,1.2347305940697404,0.04474085423208024,1.6456072824866703,0.09494473654176547,0.775460317556396,True,True,1.1401201964323366,0.41490259112958944
344,2020-04-29,2020-05-27,0.07692861787743237,0.05971958374802702,1.2881639999705103,0.04737075291785497,1.623968654474066,0.10101217813007624,0.7615776562937709,True,True,1.138646588882955,0.4114693976663651
345,2020-04-30,2020-05-28,0.054900389106899976,0.06060176117260451,0.9059206868680595,0.046457225536901514,1.181740589809694,0.093563677693327,0.5867703200685055,True,True,1.1220449906169268,0.4103231132171533
346,2020-05-01,2020-05-29,0.08634772306086085,0.0633280301352697,1.363499273172096,0.06811651576859203,1.2676473845815097,0.11831200029026155,0.7298306414312924,True,True,1.0729791133215163,0.40455429825976674
347,2020-05-04,2020-06-01,0.031079290296172502,0.06697498322437252,0.464043271083084,0.04832418202833439,0.6431415699483434,0.0942843703292959,0.3296335350984,True,True,1.0139131234885363,0.3830431874221246
348,2020-05-05,2020-06-02,0.04256165685941455,0.06683732893801848,0.6367947004417853,0.044509687302152,0.9562335626059709,0.0944818463907214,0.45047444017345456,True,True,1.0156413193051592,0.3894495392669749
349,2020-05-06,2020-06-03,0.04185983304570403,0.06808987277369513,0.6147732598183905,0.04228426831861689,0.9899623361171892,0.09677907648636108,0.43252978397250225,True,True,0.9967762979235973,0.39017990413435044
350,2020-05-07,2020-06-04,0.027582193537602506,0.06827545845462017,0.4039840106813084,0.03386134652596096,0.8145628088491894,0.08322793385664704,0.33140548202374537,True,True,0.9937154683826267,0.3484501295005478
351,2020-05-08,2020-06-05,0.025876726530126223,0.07018346676820199,0.36870117310662953,0.03507546086807768,0.7377444483894646,0.0867709099356455,0.29821891402680867,True,True,0.9665673168386689,0.34901953951741765
352,2020-05-11,2020-06-08,0.007534148277437148,0.07414116871838773,0.1016189575599259,0.04362170957209291,0.17271556643110422,0.0873121853658289,0.08628976867169064,True,True,0.9148170039049067,0.34185140100905786
353,2020-05-12,2020-06-09,0.017335485809496738,0.07250959368030702,0.23907851264383664,0.03721297449655867,0.46584520705540117,0.07996846252428057,0.2167790309115074,True,True,0.934934454621295,0.3008352765377948
354,2020-05-13,2020-06-10,0.06648763967009748,0.0953419027422583,0.6973601088058443,0.05789495649349571,1.1484185099537492,0.10829673992318745,0.6139394382255249,True,True,0.7100990818296289,0.3020026973503655
355,2020-05-14,2020-06-11,0.051471089618738704,0.04316798256633778,1.1923441068769252,0.01762781209030469,2.919879639915599,0.05120686784507912,1.005159889381615,True,True,1.5833376530823773,0.3242071306708881
356,2020-05-15,2020-06-12,0.026011440403231806,0.04170692355754659,0.6236719993825871,0.023922429479479656,1.0873243633362604,0.12098843670636987,0.2149911273451667,True,True,1.6412631766018124,0.34020974322210995
357,2020-05-18,2020-06-15,0.019589485219526272,0.041491440060716284,0.4721331723087967,0.02706834763416026,0.7237045084645041,0.13168962819530225,0.1487549588223766,True,True,1.6506341336600419,0.3503260133001611
358,2020-05-19,2020-06-16,0.00952380650950896,0.04210275815910996,0.22620386231034253,0.024762003622476568,0.3846137273344134,0.16972226348601402,0.05611406726433253,True,True,1.6262038331965127,0.3334117059184842
359,2020-05-20,2020-06-17,0.00920266336978882,0.042206173449867615,0.21804069446664526,0.024133154215649554,0.38132866046250996,0.16723020336487002,0.05502991196937107,True,True,1.6226623164673122,0.3449592674233802
360,2020-05-21,2020-06-18,0.0012569421198503044,0.04287172297774061,0.029318675167380612,0.02604679945662187,0.04825706597632487,0.1981257514452837,0.006344163293671765,True,True,1.5972825134900492,0.34743247201281624
361,2020-05-22,2020-06-19,0.001340949316954373,0.04267547912709308,0.03142200965010499,0.025937172921447947,0.05169990272322687,0.18444485979186526,0.007270190768490661,True,True,1.6048717479999755,0.34752077500893247
362,2020-05-25,2020-06-22,0.012860500231334596,0.04172887447788046,0.30819187893868694,0.024155493251729096,0.5324047866592009,0.13326321586782566,0.09650450161798597,True,True,1.6419870079391963,0.3485662811554125
363,2020-05-26,2020-06-23,0.014096778476537042,0.041693169375080094,0.33810762500973723,0.024530569048324895,0.5746616985837782,0.13840628410749015,0.10185071124074896,True,True,1.6430283161798733,0.3520221359843686
364,2020-05-27,2020-06-24,0.02287870391614895,0.04128563414951947,0.5541565338028177,0.030743994956429058,0.7441682171940588,0.07059707902296564,0.32407437011248547,True,True,1.6607094231555637,0.34701303763884217
365,2020-05-28,2020-06-25,0.017494161506698268,0.041027085502243245,0.4264051733760551,0.02624128209280331,0.6666656547050365,0.07951140199350668,0.22002079032799515,True,True,1.6716266982207426,0.3515852757956349
366,2020-05-29,2020-06-26,0.02319166866695202,0.040653444725400285,0.5704724119592713,0.02936263378201035,0.7898361175338737,0.051485690777136016,0.45044882018463805,True,True,1.687684251607636,0.34249355503488377
367,2020-06-01,2020-06-29,0.016205741055844925,0.039981852266448355,0.4053274207469454,0.025456613146248044,0.6366024012205814,0.05695566819006158,0.284532542077572,True,True,1.717014209608804,0.34351068688827097
368,2020-06-02,2020-06-30,0.02037637608818913,0.03983183128309243,0.5115601123978041,0.026886891616352316,0.7578554032551847,0.04301861679048222,0.47366413911981853,True,True,1.7236735829986047,0.3220073320094845
369,2020-06-03,2020-07-01,0.01902846814300183,0.03972351479400568,0.4790227713151215,0.024926780870412793,0.7633744702906241,0.042053037470586516,0.45248736565845116,True,True,1.728539355050743,0.31109182975354044
370,2020-06-04,2020-07-02,0.016676464974015225,0.03976366371609631,0.4193895485356044,0.024079688682150976,0.6925531801570434,0.04310933636687231,0.38684114346121967,True,True,1.726653501622842,0.3028694993181529
371,2020-06-05,2020-07-03,0.016676586643612174,0.03976350954519366,0.4193942344213409,0.02397411032634327,0.6956081546553817,0.043955635258639984,0.37939587371414907,True,True,1.7266715620317694,0.3028934666632043
372,2020-06-08,2020-07-06,0.011349187453766344,0.039916180047463015,0.28432549007122926,0.022644324380361305,0.5011934674283826,0.05534801236528892,0.20505140056093324,True,True,1.7198691112679185,0.30801019527654355
373,2020-06-09,2020-07-07,0.014856538514642801,0.03987578545197587,0.37257042955392494,0.02406262218003048,0.6174114526459303,0.04363165850089416,0.34049905561894556,True,True,1.7215455624648304,0.30970389656863684
374,2020-06-10,2020-07-08,0.016972887431963478,0.039925101546268195,0.42511820320091176,0.023680195029974968,0.7167545457492551,0.038529423219454934,0.4405175581085065,True,True,1.7192703653702424,0.309146299195501
375,2020-06-11,2020-07-09,0.015873704547270176,0.03982789089744384,0.398557498014261,0.02345878351283291,0.6766635848183097,0.03988896605044558,0.3979472550678675,True,True,1.72361872018665,0.30883929086996476
376,2020-06-12,2020-07-10,-0.0054855955992546045,0.07346619031019326,-0.07466830083461523,0.08014484127930664,-0.06844602237263377,0.10004834333952117,-0.054829449605565635,True,True,0.9239520454888918,0.2828604791428909
377,2020-06-15,2020-07-13,0.01077273636737559,0.06895994491090092,0.15621729949602495,0.05408888839341938,0.1991672723798523,0.08144308103526664,0.13227319289051404,True,True,0.9849865041850762,0.27221699699268
378,2020-06-16,2020-07-14,0.005331795846398509,0.06740983244574027,0.0790952247313505,0.061724517525493905,0.08638051879783964,0.07716180445033928,0.06909890047776177,True,True,1.007859331734621,0.26917120949845413
379,2020-06-17,2020-07-15,0.010399097002482916,0.06663592622034759,0.15605841461700137,0.05663756213581261,0.18360777918983634,0.07753996986949653,0.1341127294733941,True,True,1.019704814898132,0.26789987725957337
380,2020-06-18,2020-07-16,0.009230318003626439,0.06653906068417975,0.138720293143859,0.055977857468540615,0.1648923060124952,0.07524141138489315,0.12267603482886935,True,True,1.0211851033920234,0.2586753002958198
381,2020-06-19,2020-07-17,-0.0015454687124310381,0.06509413462709743,-0.023742057887158538,0.05788597493182962,-0.026698500185080843,0.07082961634211765,-0.021819526805936556,True,True,1.0441314603910357,0.25423782573031056
382,2020-06-22,2020-07-20,-0.00017462328999598512,0.06735254187888785,-0.002592675571324236,0.06356516699291115,-0.00274715379911547,0.07967738865950877,-0.0021916291802962524,True,True,1.0086937258420388,0.25406229783722417
383,2020-06-23,2020-07-21,-0.03225347765277903,0.07064576839525273,-0.45655215288091344,0.054039501172990036,-0.5968500254939423,0.07415659435133537,-0.43493741770246525,True,True,0.9610478032353752,0.26639018145987514
384,2020-06-24,2020-07-22,-0.031898486206433214,0.07063399434947201,-0.4516024684744684,0.05346170419145405,-0.5966604822809267,0.07428559356000254,-0.42940339677932193,True,True,0.9612351073247911,0.260600894716175
385,2020-06-25,2020-07-23,-0.07642089685205739,0.07222514855295918,-1.058092622627445,0.030990302224263397,-2.4659616514557507,0.049730478287781946,-1.536701425025966,True,True,0.9394825559117872,0.2231357556569182
386,2020-06-26,2020-07-24,-0.0630961074137962,0.07302190573142053,-0.8640709494198621,0.03606944815713515,-1.7492950582143776,0.0508545658911492,-1.2407166654189754,True,True,0.9291419222615319,0.21117223585103728
387,2020-06-29,2020-07-27,-0.07837853563205481,0.077244958606935,-1.0146750939551676,0.03840337689893118,-2.040928219368026,0.052325989373251655,-1.497889224281364,True,True,0.8775191231102758,0.23236477463537727
388,2020-06-30,2020-07-28,-0.05559575493251988,0.08060756212895644,-0.6897089238795917,0.046940600313221795,-1.1843852562929447,0.05398518990532565,-1.0298334604364399,True,True,0.8406113128020505,0.22665193675377165
389,2020-07-01,2020-07-29,-0.05901815681422793,0.08062183338713262,-0.7320368978814035,0.04484179625096492,-1.3161416746983672,0.05327494981277439,-1.1078031424081496,True,False,0.8404648500991593,0.22671055702244003
390,2020-07-02,2020-07-30,-0.06146333773934089,0.08176258939169548,-0.7517293446381926,0.044401922074969936,-1.3842494844156474,0.05370143364383575,-1.1445381169334221,True,False,0.8288588149164758,0.2308465814636619
391,2020-07-03,2020-07-31,-0.06283809014365611,0.08217014232260766,-0.764731426373194,0.044430008156892825,-1.4143164214996318,0.054225753532410007,-1.1588237331934654,True,False,0.8247356437888664,0.23049305112035273
392,2020-07-06,2020-08-03,-0.06384709466111346,0.08220905248945667,-0.7766431156629845,0.04161601836127958,-1.534195177127232,0.05376919485105695,-1.1874288770358703,True,False,0.8245614895689034,0.2663315971958557
393,2020-07-07,2020-08-04,-0.057897196771872377,0.08228306756775251,-0.7036343987078433,0.043244369012862854,-1.3388378208189626,0.05775835610149622,-1.0024038196331657,True,False,0.823997893533502,0.25065818098655496
394,2020-07-08,2020-08-05,-0.0648419674802737,0.08429186688794524,-0.7692553252672932,0.04752189735428174,-1.3644650380196026,0.05012638659377686,-1.2935695526141067,True,False,0.8039196068390155,0.2853605269412447
395,2020-07-09,2020-08-06,-0.06132826859526869,0.08518457759361134,-0.7199456794614448,0.04887667429181372,-1.254755350765354,0.053499437051342955,-1.1463348396808823,True,False,0.7955390997826914,0.2900635649733016
396,2020-07-10,2020-08-07,-0.0682334912080357,0.0869619157306493,-0.7846364771836223,0.04678783355474096,-1.458359706443849,0.05364722600442213,-1.2718922540824613,True,False,0.7793442540939673,0.31788359059807425
397,2020-07-13,2020-08-10,-0.07345374398077593,0.08938468781009895,-0.8217709965808809,0.048823451691253156,-1.5044766692301552,0.056645566066703894,-1.2967253940807884,True,False,0.7580415184877675,0.3176928814694368
398,2020-07-14,2020-08-11,-0.07475970062191588,0.12125360989863067,-0.616556494148222,0.08375086481912679,-0.8926439241358433,0.09642566921118324,-0.7753091187594828,True,False,0.5580911604568654,0.3181866242239359
399,2020-07-15,2020-08-12,-0.022048693088965145,0.1298574354613254,-0.16979153338918176,0.08913057456738017,-0.2473751930354377,0.10302675109705955,-0.21400939905591596,True,False,0.5210040240872332,0.3133698981906768
400,2020-07-16,2020-08-13,-0.05035666252419775,0.13616919887451243,-0.3698094939267745,0.10126786897813625,-0.49726199467147636,0.10728490948068291,-0.46937321164692486,True,False,0.4967929597889478,0.30965686794889546
401,2020-07-17,2020-08-14,-0.051922282858031604,0.1369051483262818,-0.37925734344399403,0.10301192638558321,-0.504041470534991,0.10745794062798628,-0.4831870269855981,True,False,0.4940819955699059,0.3101014557320714
402,2020-07-20,2020-08-17,0.020106690499121383,0.15282803436358192,0.13156415040506925,0.09348447465307412,0.2150805315400058,0.11628690440508958,0.17290588825960151,True,False,0.4424327469868505,0.30535044816466234
403,2020-07-21,2020-08-18,0.025279467539500392,0.15754373809503944,0.16045999571401792,0.09698516950687298,0.2606529190806738,0.1267557833980831,0.1994344310121844,True,False,0.42910531101761357,0.3055909772854818
404,2020-07-22,2020-08-19,0.06326044675542358,0.15241783647734772,0.4150462191137671,0.09603940770411314,0.6586925957552974,0.1311316752633429,0.4824192677198845,True,False,0.44369241882997906,0.2889276406458367
405,2020-07-23,2020-08-20,0.0639150821145366,0.1529291345458254,0.4179392128540711,0.09739579221830402,0.656240692321457,0.14020627334986674,0.45586463848906905,True,False,0.4422540255610333,0.2930696147447101
406,2020-07-24,2020-08-21,0.09701632755762644,0.17240809295255152,0.5627133036285387,0.1407342752287132,0.6893582064494319,0.1974877591731407,0.4912523589503624,True,False,0.39219658321027095,0.2986033025714154
407,2020-07-27,2020-08-24,0.09829377772729045,0.17243657536453286,0.5700285888854861,0.14078021252075765,0.6982073401316773,0.19446835382416408,0.505448705634473,True,False,0.3921163469443205,0.2981907732441764
408,2020-07-28,2020-08-25,0.01284727236077415,0.17852670880045785,0.07196274690267075,0.09724225454620378,0.1321161507487456,0.1615698026196105,0.07951530640302222,True,False,0.37878879655020997,0.26677831179552836
409,2020-07-29,2020-08-26,-0.02125561220875147,0.17050658484499512,-0.12466153273830813,0.08765206945886404,-0.2424998330327721,0.13784588568689607,-0.154198379609469,True,False,0.39663926383255377,0.26857807937981065
410,2020-07-30,2020-08-27,-0.02451221377641091,0.17139202230203976,-0.14301840568293,0.08373341009412352,-0.29274113820107267,0.14644367759898483,-0.16738321638940343,True,False,0.39458298436625683,0.2683881243575756
411,2020-07-31,2020-08-28,0.06340629301709912,0.16135978672125834,0.392949782008764,0.11087814310217288,0.5718556538115089,0.16975526674919933,0.3735159104711441,True,False,0.4191852011513173,0.29372366834003427
412,2020-08-03,2020-08-31,-0.02168967402566107,0.12065027207877538,-0.1797731049582663,0.047207411744516675,-0.4594548445706814,0.12805059153273454,-0.16938363006403118,True,False,0.5610535166870614,0.2935563697682583
413,2020-08-04,2020-09-01,-0.006886157435130966,0.12045200465179651,-0.057169305359736584,0.0502236901447279,-0.1371097467208674,0.11962330805428428,-0.057565348652672876,True,False,0.5618054169682035,0.26352454638194744
414,2020-08-05,2020-09-02,0.009382883521322253,0.1211154654330042,0.07747056486780754,0.05492265808136729,0.17083811762026554,0.1390563080021856,0.06747542528724966,True,False,0.5588289485329384,0.2842249868243514
415,2020-08-06,2020-09-03,-0.04129920529872738,0.0745019346065023,-0.5543373540144676,0.032528564838215576,-1.2696288786220222,0.04579885358195603,-0.9017519450530213,True,False,0.9108334923262325,0.2345097783680292
416,2020-08-07,2020-09-04,-0.04155092873030437,0.06964855151981847,-0.5965799406249113,0.02495788878965744,-1.6648414888170788,0.037810140096989936,-1.0989361219958094,True,False,0.9749264336392057,0.23098995208304163
417,2020-08-10,2020-09-07,-0.02954295383292718,0.069867836681565,-0.4228405405991659,0.020768768744653665,-1.4224701616234319,0.03477270151214107,-0.8496019161068663,True,False,0.9716395079212884,0.1960632863298184
418,2020-08-11,2020-09-08,-0.02585437994851098,0.06995449692262175,-0.3695885337737343,0.021122645390970807,-1.2240124032742046,0.03979958448326893,-0.6496143184454531,True,False,0.97057906076626,0.2176016249761147
419,2020-08-12,2020-09-09,-0.007038824129810371,0.06731273814409267,-0.10456897645053077,0.023863613144710635,-0.2949605362409474,0.05177021406857632,-0.13596281677503866,True,False,1.0091393113926448,0.22224374976061118
420,2020-08-13,2020-09-10,-0.01004036253869386,0.06882339688047172,-0.14588589046442083,0.02311839509855205,-0.43430188366850375,0.04861506211407566,-0.20652781467467968,True,False,0.9867134876674628,0.22484379898432924
421,2020-08-14,2020-09-11,-0.03237810970940132,0.06518197119810337,-0.4967341293038931,0.02090585278344731,-1.5487581417887641,0.04052298169513,-0.7990061035733823,True,False,1.0425458953485018,0.2299986269243147
422,2020-08-17,2020-09-14,-0.024884639249816296,0.06469410424936856,-0.38465080456012624,0.01819742384278459,-1.3674814338999548,0.04177478298314857,-0.5956856618466324,True,False,1.050529911959355,0.24075325552148882
423,2020-08-18,2020-09-15,-0.02692583002972333,0.06489850195897826,-0.41489139528587116,0.018026444176626067,-1.493685042146949,0.04199813003268116,-0.6411197357780166,True,False,1.0472064329251267,0.2394324656030744
424,2020-08-19,2020-09-16,-0.027876847160484216,0.06487787214266462,-0.4296818967672647,0.018319534966001406,-1.521700589683084,0.0415954653060859,-0.6701895736794538,True,False,1.0475206964424741,0.2406378821858902
425,2020-08-20,2020-09-17,-0.02825200370913415,0.06510274122500524,-0.43396027843882656,0.01810687845184697,-1.560291233205486,0.04181615993601278,-0.6756240590328106,True,False,1.0439153251743745,0.24187222772309924
426,2020-08-21,2020-09-18,-0.02652084027737345,0.06487578162123468,-0.40879415422245696,0.01855407024160072,-1.4293812587768564,0.04011253655085639,-0.6611608877875174,True,False,1.0475016008382236,0.23592321121129262
427,2020-08-24,2020-09-21,0.013815240208429683,0.06390486677774648,0.2161844770990204,0.05155041525252331,0.26799474147307567,0.08188917526416233,0.16870654960028317,True,False,1.0638380452178537,0.3246018643515446
428,2020-08-25,2020-09-22,0.008464246967178273,0.0635239670794574,0.1332449366172452,0.04708132036762609,0.17977930315222068,0.08004561765617652,0.10574279036155518,True,False,1.070279277937708,0.3258509617006021
429,2020-08-26,2020-09-23,0.025020342788617162,0.06296086665556683,0.3973951458688336,0.060605973319822676,0.4128362505884159,0.09550182410554615,0.2619881140800549,True,False,1.0799364437332202,0.35237482454014574
430,2020-08-27,2020-09-24,0.028210937664959825,0.06320857791831969,0.44631501916424976,0.06407334567266963,0.4402913156600335,0.10667218029742778,0.2644638703952701,True,False,1.0755723465566764,0.353198575769051
431,2020-08-28,2020-09-25,0.014291013932493072,0.061900443569937964,0.2308709454779016,0.05779421715604796,0.24727411557295517,0.09978127346085455,0.1432234069261465,True,False,1.0985333815181566,0.3568513691828693
432,2020-08-31,2020-09-28,-0.0040256414816047725,0.06267437603844761,-0.06423105798668409,0.05947518306949457,-0.06768607129634151,0.08833491166170111,-0.04557248550858231,True,False,1.0846591258306824,0.329423838655061
433,2020-09-01,2020-09-29,0.021914755429285615,0.06654304267865747,0.32933203152603047,0.0669610810131269,0.3272760101496793,0.14746524912233444,0.1486096253843883,True,False,1.020768886017519,0.32725744108931365
434,2020-09-02,2020-09-30,0.019101820025065882,0.06658003137908387,0.28690013551220284,0.06572311048048049,0.29064083981142447,0.13709484648584988,0.1393328816852168,True,False,1.0203287096177251,0.3465723870407174
435,2020-09-03,2020-10-01,0.013770308159170174,0.0666241845069913,0.20668632961241226,0.06520657855180995,0.21117973776570662,0.12192952526343889,0.11293661752080372,True,False,1.0197999165654947,0.3413058833424753
436,2020-09-04,2020-10-02,0.1101911793101561,0.10126686496498051,1.0881266972001329,0.1308114166098404,0.8423666845441599,0.15959951141610362,0.6904230365898086,True,False,0.6686119732007128,0.3413323651812497
437,2020-09-07,2020-10-05,0.12191804796367099,0.11155322138660673,1.0929137361362538,0.15250864162482755,0.7994173095029614,0.20109492654980723,0.6062711280459594,True,False,0.6067438597439919,0.35857567915878436
438,2020-09-08,2020-10-06,0.11432317113065883,0.1071895724727827,1.0665512371521724,0.13637654694213003,0.8382905543074843,0.1813026988491325,0.6305651921143801,True,False,0.6315591791552078,0.3589223071061844
439,2020-09-09,2020-10-07,0.08529925649487217,0.10560485357430857,0.8077209863735247,0.14691020488407702,0.5806217244212516,0.17903766453818148,0.47643191009499175,True,False,0.6411881402160716,0.3498069040243879
440,2020-09-10,2020-10-08,0.07376492448134644,0.11197836550395882,0.6587426432719149,0.16466834681098577,0.4479605577507702,0.20101555870885604,0.36696126884479124,True,False,0.6045524684299671,0.3456585338124521
441,2020-09-11,2020-10-09,0.14770378716554608,0.11145807148772928,1.325195970054149,0.16498276815492818,0.895267965360139,0.2161069678664181,0.6834753577073277,True,False,0.607172379172131,0.3822448203824168
442,2020-09-14,2020-10-12,0.25804563200500025,0.12680698661137876,2.03494806477678,0.1628850238382276,1.5842195060319557,0.24052019006865852,1.0728647434185834,True,False,0.5330955211309211,0.37949447165309147
443,2020-09-15,2020-10-13,0.27646465709004164,0.1265062252987437,2.1853838136200174,0.15636920444142832,1.7680249642351915,0.23289362979994876,1.1870855262444042,True,False,0.5343289504424824,0.39091123383908116
444,2020-09-16,2020-10-14,0.26967149381006306,0.12648154601508457,2.1321014986478835,0.153243968458114,1.7597527427891693,0.23629555638711713,1.141246572441959,True,False,0.5344654252811977,0.39329883326188797
445,2020-09-17,2020-10-15,0.28989406745189694,0.12615545290984853,2.2979115112769404,0.15552065379373795,1.86402294730817,0.228513117380093,1.268610182100431,True,False,0.5357053499902024,0.39729758836181156
446,2020-09-18,2020-10-16,0.2777804405626734,0.12613478545230555,2.2022508665360085,0.15518758433737506,1.7899656196644163,0.2333954553791631,1.1901707345218209,True,False,0.5358750281016506,0.4029560711568247
447,2020-09-21,2020-10-19,0.1976750890631426,0.12078205420405877,1.636626321400153,0.14866560900569623,1.329662525080488,0.22788367043234853,0.8674385869251043,True,False,0.5600417209396608,0.40743070608628673
448,2020-09-22,2020-10-20,0.06974860098822216,0.12924349704026167,0.5396681657916934,0.129611898282112,0.5381342447157748,0.2042900617365134,0.34141945229906295,True,False,0.5234893214529275,0.34111259835551383
449,2020-09-23,2020-10-21,0.10521627753214396,0.13031119144422895,0.8074231872645782,0.12650708111275863,0.8317026731362358,0.21612200880144172,0.48683740316706736,True,False,0.5190572313321226,0.3423065718204551
450,2020-09-24,2020-10-22,-0.007087495350229863,0.1381536079468635,-0.05130155813922608,0.16665435070783322,-0.04252811474844222,0.19182613360111922,-0.03694749624140113,True,False,0.48952003053231274,0.3115554250369936
451,2020-09-25,2020-10-23,-0.007395396669822328,0.13720693234577946,-0.05389958468851237,0.16444997765082206,-0.04497049361432589,0.18943793440924347,-0.03903862599053696,True,False,0.4928271899346208,0.30175818513185293
452,2020-09-28,2020-10-26,0.09781876265193477,0.10048172561037158,0.9734980371578935,0.05826074499312728,1.6789823518987605,0.07870958914189005,1.242780755412108,True,False,0.6734649480368986,0.2993590594199855
453,2020-09-29,2020-10-27,0.09006657281171036,0.10038968818833571,0.8971695642957003,0.05704885636273051,1.578762109428543,0.07786189053799193,1.1567478286153774,True,False,0.6741223965520323,0.2997285834029137
454,2020-09-30,2020-10-28,0.1427599356746483,0.0699528806586004,2.0408013841685384,0.033331970499130684,4.2829731797095985,0.06940329646473818,2.056961887209212,True,False,0.9693048536501432,0.34591486883031913
455,2020-10-01,2020-10-29,0.07725889846171197,0.0658397130983656,1.1734391725900433,0.03985333360414771,1.9385805772009823,0.11012575653053261,0.7015515797186989,True,False,1.0316818189141808,0.3483595400358897
456,2020-10-02,2020-10-30,0.07685158756196908,0.06585191361102226,1.1670365118912156,0.039861201552057336,1.9279797038130824,0.10999364353817633,0.6986911705974684,True,False,1.0315026222582109,0.3474562263591013
457,2020-10-05,2020-11-02,0.07042716947986398,0.06524063021745947,1.0794986076179334,0.040903903221385006,1.7217713698052144,0.10960557654008148,0.6425509696042664,True,False,1.041359480747055,0.3482417456395907
458,2020-10-06,2020-11-03,0.09255413169445782,0.0638891633588145,1.4486671421044448,0.03882392785279653,2.3839455926608686,0.09459525167449018,0.9784225958079164,True,False,1.063457331274413,0.3615991579174728
459,2020-10-07,2020-11-04,0.06964163703738799,0.05455727109601492,1.276486811718024,0.029453577926216716,2.3644542341119026,0.07294541785861663,0.9547088642684581,True,False,1.2481974612494509,0.36445024018315486
460,2020-10-08,2020-11-05,0.08736698593383234,0.05414272854341432,1.6136420953328416,0.029798955509355584,2.931880813956814,0.07362458541383772,1.1866550479401645,True,False,1.2573013028663904,0.38420575844932414
461,2020-10-09,2020-11-06,0.09363477413627483,0.05327605273623252,1.7575396322970216,0.030669228226495125,3.053052833438561,0.07082769735024168,1.3220078816518992,True,False,1.2778373870231572,0.3905806970057319
462,2020-10-12,2020-11-09,0.08254599983548817,0.053487692663472336,1.5432709044834205,0.024709978728314923,3.340593723008734,0.06730780240442807,1.2263957057979598,True,False,1.2733179690184087,0.35957323632240296
463,2020-10-13,2020-11-10,0.08082445657227828,0.05331458895668593,1.5159913666021516,0.024040670770837453,3.3619884129989597,0.06659054610766131,1.213752721619133,True,False,1.2775777557865562,0.35950006895846176
464,2020-10-14,2020-11-11,0.069505696539543,0.053218760580062675,1.3060374909516757,0.023535941845983212,2.9531725135276568,0.07246201275738257,0.9592018479014941,True,False,1.2798804498282998,0.33270945240765515
465,2020-10-15,2020-11-12,0.07434458394262443,0.05252405976734331,1.4154386441553775,0.02301459422145378,3.2303234733255377,0.06609452775427418,1.1248220763301653,True,False,1.2971670927515935,0.33618553058814565
466,2020-10-16,2020-11-13,0.06589865344681821,0.05180200683304309,1.2721254923425718,0.024723167207858127,2.665461625235163,0.06829200278991698,0.9649541784495426,True,False,1.3155788716653969,0.3228297402633967
467,2020-10-19,2020-11-16,0.06983907654815417,0.05183846664895018,1.3472442582282387,0.023134281127719876,3.0188565688549467,0.06736542494741843,1.0367198990085276,True,False,1.314549638292626,0.32562643509195865
468,2020-10-20,2020-11-17,0.08005862689772356,0.052525182592630684,1.5241951183422604,0.019421361598003273,4.12219434223162,0.06324525351258965,1.2658440349485993,True,False,1.2969866266588579,0.32142340720597273
469,2020-10-21,2020-11-18,0.07582451917271088,0.05220437702202796,1.4524552058291254,0.020340581144089178,3.7277459594484066,0.06483136825537758,1.1695653078619306,True,False,1.305129134029278,0.32229877781823535
470,2020-10-22,2020-11-19,0.07241602654301207,0.05221046796051688,1.3870020586250107,0.021403667932613606,3.3833465726997636,0.06192506580939854,1.1694138003164025,True,False,1.305251695976635,0.32375800834595364
471,2020-10-23,2020-11-20,0.07128723406877081,0.0521006652907833,1.368259573479605,0.022058662114334725,3.2317115924471738,0.06525874092237649,1.0923783245154095,True,False,1.3079243609354467,0.3205221926357016
472,2020-10-26,2020-11-23,0.06702367092713622,0.05201168117742425,1.288627273909922,0.02418049274837238,2.77180749063303,0.06380311461787636,1.0504764748327433,True,False,1.3104273651850094,0.32712765421544354
473,2020-10-27,2020-11-24,0.07284394368336639,0.0576481981403347,1.2635944579922556,0.026996215334507304,2.6983020686701686,0.08920606762197164,0.8165805939575435,True,False,1.1801225510118263,0.32408346521852566
474,2020-10-28,2020-11-25,0.07917475259447666,0.05814308566512647,1.3617225795425016,0.0286357444920328,2.7648924097819463,0.08617323937690553,0.9187858454314476,True,False,1.169894628255285,0.3238186133965567
475,2020-10-29,2020-11-26,0.006512823836080212,0.08217216699434107,0.07925827046192817,0.06276885235554448,0.10375884840444949,0.06268195201713853,0.10390269649387232,True,False,0.8250891536948027,0.2741131377733222
476,2020-10-30,2020-11-27,0.051182507961173344,0.08449184734852488,0.6057685985968316,0.038494227421127666,1.3296151498570323,0.07848586621255081,0.6521238846057185,True,False,0.8020042325947072,0.24596209848139122
477,2020-11-02,2020-11-30,0.05839136272940845,0.08548066915847877,0.6830943569376194,0.039966396332726674,1.461011451802934,0.08270072671816915,0.7060562227995514,True,False,0.7927407467670342,0.2486144713180444
478,2020-11-03,2020-12-01,0.046930307584240966,0.08467718787596816,0.5542260998674478,0.038234392443778235,1.2274369902241715,0.082468842052411,0.5690671339172627,True,False,0.8001689627344358,0.24957370196962517
479,2020-11-04,2020-12-02,0.026744546863701032,0.08427951843790107,0.3173315101866295,0.04242908862458137,0.6303351717106299,0.05962513931311761,0.44854481132955937,True,False,0.8043015475163272,0.2208835365291552
480,2020-11-05,2020-12-03,0.04718787910143613,0.12293645251893717,0.38383960277499707,0.10275205706318996,0.4592402376179852,0.10520289455664603,0.4485416423217142,True,False,0.5501492057457145,0.2358838458812961
481,2020-11-06,2020-12-04,-0.00992874157390899,0.12980186044140607,-0.07649151976824653,0.08934998018268923,-0.11112192250751719,0.11408277415845806,-0.08703103204799544,True,False,0.5210373472009159,0.209086078131568
482,2020-11-09,2020-12-07,-0.06822327536914372,0.14896817330429232,-0.4579721550977624,0.08383433334427508,-0.8137868179732186,0.12319456517510573,-0.5537847815946493,True,False,0.4539117164556083,0.20076958615106627
483,2020-11-10,2020-12-08,-0.09705754995983266,0.1535314973289855,-0.6321670253228814,0.09064335895813655,-1.070762944747651,0.1448825704728145,-0.6699049419339531,True,False,0.44034442626901177,0.19846300333208075
484,2020-11-11,2020-12-09,-0.03822108147457689,0.1429057161528818,-0.26745663157159955,0.07910603525963376,-0.48316264807269826,0.11395949082908785,-0.33539182385343774,True,False,0.473213350811534,0.20478168807401764
485,2020-11-12,2020-12-10,-0.02337595127026005,0.14887883229491186,-0.1570132631343788,0.0886149488206039,-0.2637924140495006,0.12133856422587423,-0.19265063353432496,True,False,0.45417443758194037,0.20405722026684053
486,2020-11-13,2020-12-11,-0.06439261952103903,0.16435648541419043,-0.39178630133617726,0.11279578300253515,-0.570877898153265,0.12119671774242166,-0.53130662876442,True,False,0.4113272806010719,0.20172757302703923
487,2020-11-16,2020-12-14,-0.016213049701546293,0.18481269899127364,-0.08772692455680131,0.14049811008718904,-0.1153969237841345,0.15341462869444633,-0.10568124982290696,True,False,0.3657562791129904,0.20304446708560592
488,2020-11-17,2020-12-15,0.0026115906523146385,0.1641255029886557,0.015912156275281305,0.13744235384601006,0.019001352779803637,0.12365038097961127,0.021120765109047777,True,False,0.4119142470028577,0.19835760354911913
489,2020-11-18,2020-12-16,0.005746268810939156,0.1636081895048371,0.03512213434015946,0.1359762148449056,0.042259367327538475,0.12083204782482683,0.04755583402235856,True,False,0.4132243945355675,0.19833408018620421
490,2020-11-19,2020-12-17,0.06328603982371506,0.17033093941727953,0.371547530003788,0.12709015964103712,0.4979617619685493,0.11482417481236526,0.5511560603603821,True,False,0.39685806773835053,0.21216466450345967
491,2020-11-20,2020-12-18,0.07944191719674933,0.1725736143965738,0.46033640469621256,0.09977339206021169,0.7962234775861622,0.11010110053251108,0.7215360864925361,True,False,0.3917331356153032,0.22387364807928542
492,2020-11-23,2020-12-21,0.12343100705441572,0.12318976569563365,1.0019582905886688,0.04087651781675481,3.019606699566341,0.06213828663841487,1.9863921863933196,True,False,0.5491399313456389,0.23801219486550704
493,2020-11-24,2020-12-22,0.12925187516599682,0.12375332114572823,1.0444315673257256,0.03822231181400568,3.3815818309199046,0.05629121770837038,2.296128604565208,True,False,0.5466355749809004,0.23751507391711865
494,2020-11-25,2020-12-23,0.11985725346343282,0.12426914059993512,0.9644973231873738,0.03468300901836649,3.455791664441861,0.05864934677859196,2.0436246957004953,True,False,0.5443705651485587,0.23405753864370096
495,2020-11-26,2020-12-24,0.08707871869629473,0.1171936782967748,0.7430325591093864,0.04561349533355027,1.9090560383397188,0.06986157200942499,1.2464465970583511,True,False,0.57745383384321,0.2315080405039192
496,2020-11-27,2020-12-25,0.0870618064670966,0.11719411241408,0.742885497178242,0.04553512373307048,1.9119703501292304,0.06960010852393565,1.2508860735059892,True,False,0.57745383384321,0.2315080405039192
497,2020-11-30,2020-12-28,0.09007873216780315,0.11754661676728678,0.7663234778261356,0.0455946765778802,1.975641432919034,0.06956061757476965,1.2949674012163404,True,False,0.5757073341218883,0.2314566006188466
498,2020-12-01,2020-12-29,0.05237985052422306,0.1143986792628785,0.45787111233914324,0.07234945293426716,0.7239840579280203,0.10399250573847234,0.5036887047990899,True,False,0.5915448284493146,0.243170922051245
499,2020-12-02,2020-12-30,0.057224193895906945,0.11409102382027268,0.5015661353521735,0.06950384573873121,0.8233241382212986,0.09767770210153817,0.5858470527533614,True,False,0.5931944101855798,0.23506333794343953
500,2020-12-03,2020-12-31,0.05942604638078693,0.1142653457961975,0.5200705950409376,0.06932678527616941,0.8571873936467412,0.09462276312579179,0.6280311884549996,True,False,0.5923185440718157,0.2341694466455117
501,2020-12-04,2021-01-01,0.06041927365754244,0.11427294446593154,0.5287277223836249,0.0676177742461165,0.8935412963701997,0.08730614935766416,0.6920391530500886,True,False,0.5923571511546746,0.20824552877196273
502,2020-12-07,2021-01-04,-0.002697692588236037,0.09238970308671085,-0.02919906113026645,0.0661010245235257,-0.04081166075233696,0.08738458791233482,-0.030871491789174445,True,False,0.733442409739924,0.2043714483432809
503,2020-12-08,2021-01-05,0.007925685282547465,0.08910482337719954,0.08894788163146192,0.05825182773829717,0.13605899746449998,0.08340914858549985,0.09502177419330828,True,False,0.7605967301363077,0.20805850040125795
504,2020-12-09,2021-01-06,0.011621484838937832,0.08951339635957074,0.12982955972595342,0.05877709955905667,0.19772130517024017,0.08401846045871446,0.13832061163092216,True,False,0.757082584337279,0.20795719237063096
505,2020-12-10,2021-01-07,-0.05623374893650332,0.08473743503804555,-0.6636234494383196,0.07583289016104014,-0.7415482756503713,0.09505034310513392,-0.5916206833078331,True,False,0.8001154533626382,0.22684236558886442
506,2020-12-11,2021-01-08,-0.05623389780354024,0.08431240432527035,-0.6669706344346968,0.07545275032078738,-0.7452862561598061,0.09373803603186973,-0.5999048004848473,True,False,0.8041620966088017,0.22683258396037867
507,2020-12-14,2021-01-11,-0.01818327326050177,0.08025843383883637,-0.22655903424448634,0.06384029170609698,-0.28482440751073823,0.09640122184625127,-0.18862077588084902,True,False,0.8452387201047373,0.25077234666283377
508,2020-12-15,2021-01-12,-0.013152538346079896,0.08125221658753089,-0.16187297895942335,0.06769889335820337,-0.19427996077407292,0.10148282452533133,-0.12960358964779173,True,False,0.8347782620426001,0.25564448904760906
509,2020-12-16,2021-01-13,-0.024229898221087516,0.08269617497354238,-0.2929990199527315,0.06495724628478107,-0.37301301405020265,0.1028342513499522,-0.2356208938462679,True,False,0.8203454236738082,0.2513715741974155
510,2020-12-17,2021-01-14,-0.032209213506585205,0.08203285866407156,-0.39263795058616036,0.05991707991956161,-0.5375631380872685,0.10030434854663116,-0.3211148267575981,True,False,0.8269691340171547,0.2528514306865837
511,2020-12-18,2021-01-15,-0.031085501181482712,0.08161122612172969,-0.3808973674175192,0.058572208132689894,-0.5307210052771342,0.0956768751115383,-0.32490088273936435,True,False,0.8313337698060645,0.24421625495305152
512,2020-12-21,2021-01-18,-0.024995850406491316,0.08176239454781133,-0.3057132871992241,0.06129211218170492,-0.40781512525444225,0.09761981137157126,-0.25605304963507214,True,False,0.829782404827954,0.2320087372085091
513,2020-12-22,2021-01-19,-0.06273994071356122,0.0911646707038221,-0.6882045449096416,0.06648073743290245,-0.9437311187602765,0.1088758501995343,-0.5762521311987843,True,False,0.7436287640007156,0.22147123224805443
514,2020-12-23,2021-01-20,-0.05502161505023197,0.08952422069318432,-0.6146003240709683,0.06456000800722411,-0.8522553938356882,0.1063302073294839,-0.5174598680103883,True,False,0.7572439874014579,0.21425414487003872
515,2020-12-24,2021-01-21,-0.05930358228953254,0.09010952500132144,-0.6581277871419571,0.06513042050940093,-0.9105358421718258,0.10670161701257976,-0.5557889744308265,True,False,0.7522963171201767,0.21584427805615516
516,2020-12-25,2021-01-22,-0.047209608594158944,0.09268957367096826,-0.509330302475495,0.06918460554122542,-0.6823715799901162,0.1149937670974353,-0.41054058655333725,True,False,0.7313109798472754,0.22906590208323754
517,2020-12-28,2021-01-25,-0.0322945733046804,0.09120152747672636,-0.35410123271149846,0.07196401389514535,-0.4487600337543008,0.11495271685017586,-0.28093788637263506,True,False,0.7434250291779744,0.23832495313653715
518,2020-12-29,2021-01-26,-0.030710528260227757,0.09115880234455959,-0.3368904315367037,0.0727645879861894,-0.4220532144847239,0.11557049665168992,-0.2657298285459838,True,False,0.7438078171421485,0.2416636981756564
519,2020-12-30,2021-01-27,-0.00880435706924432,0.04103778921684117,-0.214542674867855,0.016495007248372915,-0.5337589087820978,0.023896139680468952,-0.3684426516991107,True,False,1.6719642359937612,0.2380687245481844
520,2020-12-31,2021-01-28,-0.015175313270889144,0.03704347492274076,-0.40966224962802056,0.014644505337099161,-1.036246218057313,0.021021410177592254,-0.7218979670100938,True,False,1.858382049739064,0.23409226830759355
521,2021-01-01,2021-01-29,-0.017373867670864563,0.03669178922473662,-0.47350832537628246,0.014657733891850162,-1.1853037992813198,0.022928486717065124,-0.7577415764614596,True,False,1.8768262661845891,0.23468423452598
522,2021-01-04,2021-02-01,-0.027717778054301898,0.03607909657003428,-0.7682503357726277,0.017384291503627292,-1.5944151677690452,0.031227437021446276,-0.8876097655810169,True,False,1.9096779544456608,0.24945673560082188
523,2021-01-05,2021-02-02,-0.01787327322946401,0.035711533345065535,-0.500490221373641,0.014673397920247163,-1.2180732320222492,0.019783821065196612,-0.9034287749855558,True,False,1.930176452367199,0.2500692641837942
524,2021-01-06,2021-02-03,-0.02065905106999441,0.03548193454426576,-0.5822413951026558,0.013997516844825732,-1.4759082842347968,0.019539773464632856,-1.0572820154433957,True,False,1.9429081305757507,0.24295316505271905
525,2021-01-07,2021-02-04,-0.023426622029909767,0.0354204870672071,-0.6613862193780655,0.01360248744173384,-1.7222307412712226,0.018955349744718065,-1.235884451904541,True,False,1.9459099047320354,0.25382220680563716
526,2021-01-08,2021-02-05,-0.013387645330209426,0.03576134832184867,-0.3743607542344856,0.017675450072231993,-0.7574146782967254,0.0185871770968347,-0.7202624293330305,True,False,1.9274230515102408,0.26739729834029163
527,2021-01-11,2021-02-08,-0.014180415235081456,0.035785244123096464,-0.3962643145957792,0.01763388585685184,-0.804157140983846,0.01842032892894246,-0.7698242137685636,True,False,1.926146422289054,0.271225902395866
528,2021-01-12,2021-02-09,-0.02232862416749448,0.0361449794283431,-0.617751746456535,0.01549290755015582,-1.4412158657249527,0.03386484200370458,-0.6593452928276435,True,False,1.9061973773087855,0.25675112336732087
529,2021-01-13,2021-02-10,-0.02406125270999407,0.03615719199604054,-0.6654624261925246,0.015420230928982245,-1.5603691553523409,0.03559375258836864,-0.6759965151259951,True,False,1.905477428072896,0.2534556917984883
530,2021-01-14,2021-02-11,-0.024807561493922575,0.03619489943040024,-0.6853883249938417,0.015270186779048418,-1.6245748564097453,0.035812756269631256,-0.6927018213049148,True,False,1.9034167874860504,0.25078984583657826
531,2021-01-15,2021-02-12,-0.022899731092864098,0.0361900211803628,-0.632763683080954,0.014676511939864894,-1.5602979227416418,0.030354307305587257,-0.7544145502094521,True,False,1.9036907082118473,0.2471617566320425
532,2021-01-18,2021-02-15,-0.025453596387853612,0.036279918524658825,-0.7015891276203735,0.01561753146830265,-1.6298091948471014,0.040949148255044775,-0.621590374220246,True,False,1.898771755398509,0.23716634049388985
533,2021-01-19,2021-02-16,-0.02286563025069113,0.03612510105376141,-0.6329568522635404,0.014701332278107042,-1.555344088422667,0.030618199891393704,-0.7467986469419549,True,False,1.9072492760480444,0.24431235232891274
534,2021-01-20,2021-02-17,-0.02296654434836908,0.03617827727888516,-0.6348158639873412,0.014201800764527098,-1.617157199228871,0.02765371244511882,-0.830504923848766,True,False,1.9042848154322305,0.2474758079476145
535,2021-01-21,2021-02-18,-0.022266024545321263,0.03627318661537379,-0.6138425273031891,0.014176899807829242,-1.570584884364124,0.025121346010771033,-0.8863388345423242,True,False,1.8991015257899468,0.2483628389064026
536,2021-01-22,2021-02-19,-0.02130925967338946,0.036266758933684154,-0.5875700034942373,0.014780345283029907,-1.4417294904372595,0.025999285253574034,-0.8196094417811023,True,False,1.8995365753148132,0.26029634808391316
537,2021-01-25,2021-02-22,-0.020962458987604387,0.036181187703547425,-0.5793745401439406,0.015121374695312289,-1.3862799785063766,0.02661086111583693,-0.7877407234720786,True,False,1.9042651053304465,0.2544303011587632
538,2021-01-26,2021-02-23,-0.02295376086930803,0.03626166314862132,-0.6330035325525529,0.015225417581998553,-1.5075948325021258,0.03407438259492508,-0.6736368826452832,True,False,1.8998911441857405,0.2469896568205222
539,2021-01-27,2021-02-24,-0.021659130933776957,0.03609392288873731,-0.6000769437155149,0.015275348101189965,-1.4179140658725602,0.030931456314539106,-0.7002299120198955,True,False,1.9090912941924547,0.24592157332565626
540,2021-01-28,2021-02-25,-0.03289838453535249,0.049497812815198015,-0.6646431966232502,0.02661694232285836,-1.2359941324702683,0.027762042065272875,-1.185013136209623,True,False,1.3798657118991502,0.2345741636955051
541,2021-01-29,2021-02-26,-0.04125164972467678,0.058125213806486616,-0.7097031911489193,0.02691578270165002,-1.5326193624734505,0.0420901768262657,-0.9800778432209947,True,False,1.1714553166414519,0.2933062580948939
542,2021-02-01,2021-03-01,-0.018255365118160505,0.05610716885942383,-0.3253660002681513,0.024931084631630594,-0.7322330892495362,0.032360277706788294,-0.5641288150729014,True,False,1.2139523248285762,0.30035228405650993
543,2021-02-02,2021-03-02,0.0006986501447398959,0.057213900590271,0.012211195837584595,0.018538708615100225,0.03768602005917654,0.02915945555902524,0.023959642981868173,True,False,1.1902091970655202,0.2865662459594196
544,2021-02-03,2021-03-03,0.0038932597271309384,0.060685011118493844,0.06415521156499322,0.021241729884508762,0.18328355309565572,0.04006571040073739,0.09717186312661225,True,False,1.120975603481891,0.2882045889091934
545,2021-02-04,2021-03-04,0.004431479542408929,0.062110073271925026,0.0713488055795298,0.021643896264713434,0.2047450000780902,0.04282633940389598,0.1034755620977914,True,False,1.0949944785314534,0.2884594643730425
546,2021-02-05,2021-03-05,-0.06035439032500889,0.05798248555722338,-1.04090726268443,0.06867328050442637,-0.8788627815896857,0.09591626152893398,-0.6292404370535486,True,False,1.1736168871668358,0.33885025589196394
547,2021-02-08,2021-03-08,-0.06589239673326673,0.05815014303961441,-1.1331424703182236,0.06510213230997637,-1.012138840852825,0.09426501989591318,-0.699012176584959,True,False,1.169770997419524,0.33039729937315104
548,2021-02-09,2021-03-09,-0.05448817630479023,0.057530564007171596,-0.9471170193637922,0.05545089624745378,-0.9826383339528483,0.08825927303960258,-0.6173648890167154,True,False,1.1826799162326946,0.33630951830962524
549,2021-02-10,2021-03-10,-0.04262661837397982,0.056986083894757386,-0.7480180328359322,0.04964596930453903,-0.8586118666048999,0.08323469410441516,-0.512125608589444,True,False,1.1942873371595077,0.33904951538203465
550,2021-02-11,2021-03-11,-0.03371086207250459,0.05692058729488211,-0.5922437500137252,0.0497492841291599,-0.6776150182379288,0.08275345895414525,-0.4073649911260411,True,False,1.195935061638558,0.3657266106144677
551,2021-02-12,2021-03-12,-0.03608008369565876,0.05670328090491189,-0.6362962269531275,0.0484291075694708,-0.7450082296871244,0.08104016598442818,-0.44521236176381385,True,False,1.2004953039674302,0.3649655737131228
552,2021-02-15,2021-03-15,-0.03879300953947147,0.05697345403160485,-0.6808962208601895,0.048523515107976055,-0.7994682465428987,0.08242151900154514,-0.47066603490702746,True,False,1.1946425372974858,0.3646739599497402
553,2021-02-16,2021-03-16,-0.037776789969327644,0.05696465732903324,-0.6631618926648736,0.04894744821161733,-0.771782622987925,0.08255725331232339,-0.45758293128301875,True,False,1.1949201887633047,0.3687087811405344
554,2021-02-17,2021-03-17,-0.04362607375696389,0.05746780237075334,-0.759139412979644,0.04848569741882309,-0.8997720168922929,0.08238527128573385,-0.529537295636949,True,False,1.1842983867081622,0.3663931292028173
555,2021-02-18,2021-03-18,-0.06074585867206602,0.05614295696947888,-1.0819853807324296,0.054195799703063534,-1.1208591626083568,0.08949137505864034,-0.6787900915843738,True,False,1.2126404076802162,0.3746256439459528
556,2021-02-19,2021-03-19,-0.06434807572128846,0.05629302078486093,-1.1430915382425846,0.054799839824935234,-1.1742383906021665,0.0898582121625692,-0.7161067883798039,True,False,1.2092503345538408,0.37546856343546325
557,2021-02-22,2021-03-22,-0.06557583366029514,0.05547175215316783,-1.1821482306747415,0.05125043543257872,-1.2795175905688032,0.08325147307358363,-0.7876837638936972,True,False,1.2272928378053187,0.36171722603735934
558,2021-02-23,2021-03-23,-0.0637983030491842,0.055458376522981856,-1.1503817285878588,0.049050269230836455,-1.300671821982092,0.08227925710587353,-0.7753874462805516,True,False,1.2275928557414388,0.36322822760921075
559,2021-02-24,2021-03-24,-0.05977653973053915,0.05524305480388173,-1.0820643417123064,0.0474055290817,-1.260961345405904,0.07968758613843563,-0.750136158305681,True,False,1.2323567654869338,0.3672109778033917
560,2021-02-25,2021-03-25,-0.07107830396480636,0.055466270045706347,-1.2814689703532451,0.045717675640265645,-1.5547226093490292,0.0818748276327753,-0.8681337844594498,True,False,1.226894012609387,0.36640883907482485
561,2021-02-26,2021-03-26,-0.0961870404779057,0.0763670936254149,-1.2595351729595579,0.06641886133930372,-1.44818864006912,0.1430635707700494,-0.6723377583837201,True,False,0.8877557427580836,0.3725245224748108
562,2021-03-01,2021-03-29,-0.07662603196463098,0.07373393519834565,-1.0392234153582818,0.06919371001939614,-1.1074132597190038,0.1371705671807939,-0.5586186128663895,True,False,0.9201657045982108,0.33413936610574285
563,2021-03-02,2021-03-30,-0.14108493651422058,0.08509887076274944,-1.6578943439514837,0.07555104509583822,-1.8674121097233152,0.1630656820346168,-0.8652031178716685,True,False,0.7958925173692879,0.32844016347261634
564,2021-03-03,2021-03-31,-0.13978206786030972,0.08583165625634998,-1.62856076600489,0.07537750134759419,-1.8544269226399759,0.16770732856431045,-0.8334881311206846,True,False,0.7891612695864862,0.33990043605503184
565,2021-03-04,2021-04-01,-0.1582712180407368,0.09057671632486736,-1.7473720009132665,0.09293801977621022,-1.7029760094076183,0.17315388875915658,-0.9140494572482839,True,False,0.7475272094616093,0.33924237023224635
566,2021-03-05,2021-04-02,-0.16274109679923146,0.09628237998918512,-1.6902479645550026,0.10575639433406632,-1.538829853494818,0.19638956019224404,-0.828664704172287,True,False,0.7030152197292976,0.33877083146014497
567,2021-03-08,2021-04-05,-0.007142758653167819,0.1123457498868894,-0.06357836108939774,0.10730545273975878,-0.0665647315285152,0.12934173557027145,-0.05522392769569072,True,False,0.6026561901786589,0.2798590978605462
568,2021-03-09,2021-04-06,-0.051756699106916895,0.1142271590554727,-0.4531032683898059,0.08561854965314183,-0.6045033385474738,0.12020318363546899,-0.4305767746042025,True,False,0.5926379490897781,0.2612679017118737
569,2021-03-10,2021-04-07,-0.07633491939601685,0.11583603377413758,-0.6589911352184086,0.08275253003749669,-0.9224481639585894,0.11944255453491429,-0.6390931581566548,True,False,0.5843474478850399,0.25621535933243655
570,2021-03-11,2021-04-08,-0.10243958052698328,0.11866032131812071,-0.8633010545483805,0.08046198970901479,-1.273142522294675,0.11778289871072847,-0.8697322077169457,True,False,0.5703685715580342,0.2499819929700098
571,2021-03-12,2021-04-09,-0.12009357340795015,0.11898219974071822,-1.0093406717110105,0.08337893944354702,-1.4403346241800226,0.11594051670017358,-1.0358205813289287,True,False,0.5687757825748659,0.2143721246383365
572,2021-03-15,2021-04-12,-0.11621462393412817,0.120807678671187,-0.9619804404191876,0.0809829305932978,-1.4350508568005091,0.11631040260217014,-0.9991765253502769,True,False,0.5601755423570501,0.21363541005803882
573,2021-03-16,2021-04-13,-0.11080093969352854,0.12134360289087007,-0.9131172723886974,0.07784652819105392,-1.423325384808384,0.11620419624887074,-0.953502053025949,True,False,0.5577308163014557,0.21297291245661734
574,2021-03-17,2021-04-14,-0.12080860139983829,0.12082466169689704,-0.9998670776575478,0.07823333049336413,-1.5442088511121925,0.11310418309699255,-1.0681178900009278,True,False,0.560144647896904,0.21483831835304573
575,2021-03-18,2021-04-15,-0.11266845442798498,0.1210589011175615,-0.930691203933625,0.07393626190097133,-1.5238592205119963,0.11333313368436773,-0.9941351727003872,True,False,0.559081964586087,0.21349618277106008
576,2021-03-19,2021-04-16,-0.03987106663914777,0.13909141740914782,-0.2866536798734608,0.07418012380140124,-0.5374898907676752,0.1051812545250968,-0.37907008068281145,True,False,0.4864481384780797,0.202264772965017
577,2021-03-22,2021-04-19,-0.06202010718843961,0.1344753071936414,-0.4612007102473621,0.07936730515597609,-0.7814314353568511,0.10986718852947114,-0.5645007214488167,True,False,0.5031366721658869,0.20450247040721306
578,2021-03-23,2021-04-20,-0.042611798217421504,0.14023403053394923,-0.3038620373041736,0.06838317499979575,-0.6231327840152022,0.11335084356151195,-0.37592837316907496,True,False,0.48258575342274695,0.20487772453102052
579,2021-03-24,2021-04-21,-0.08823188169401433,0.14388041001513296,-0.6132306801512056,0.05829919326379865,-1.5134322921892407,0.11820213767066916,-0.7464491204029071,True,False,0.47025898267758676,0.19395403511350345
580,2021-03-25,2021-04-22,-0.11249841548960583,0.14111735230972067,-0.7971976064481231,0.056235584151250205,-2.00048451861071,0.11230034735391155,-1.0017637357351183,True,False,0.4793568061299497,0.17630885238194952
581,2021-03-26,2021-04-23,-0.053126213169543496,0.14118777041345737,-0.3762805589603655,0.06006397496136642,-0.8844937952194248,0.09203761436433877,-0.577222840210078,True,False,0.4790449127838202,0.15575760489571486
582,2021-03-29,2021-04-26,-0.07310922923826438,0.14334017284646636,-0.5100400521811334,0.054815324250536694,-1.3337370568878568,0.09597231406458716,-0.7617741632140239,True,False,0.4717927896494081,0.15672271594691317
583,2021-03-30,2021-04-27,-0.14019574665729714,0.16107563385514648,-0.8703721556258075,0.08129069353369907,-1.72462234682718,0.09555405412697933,-1.4671878439714825,True,False,0.419659838018567,0.15128257695476421
584,2021-03-31,2021-04-28,-0.09579847228912156,0.16659073966411464,-0.5750528059499188,0.06719914498586309,-1.4255906426975373,0.08039293054420944,-1.191628065311543,True,False,0.4057145645996471,0.13190110029121047
585,2021-04-01,2021-04-29,-0.0957925978290985,0.16560578455619737,-0.5784375110193801,0.06444850451299916,-1.4863432216612147,0.07582497517756248,-1.263338334167298,True,False,0.4081898796398842,0.12128385913604778
586,2021-04-02,2021-04-30,-0.029868257548999987,0.18840650342843954,-0.15853092650989373,0.09228414425529306,-0.3236553558580228,0.10927152484048329,-0.27333980735239355,True,False,0.358801802417507,0.14812412640763672
587,2021-04-05,2021-05-03,-0.028556719844631154,0.1873605837959324,-0.15241583510293866,0.09291667383448807,-0.30733687148012934,0.110017355922911,-0.2595655894933596,True,False,0.36080692376021173,0.14741354375425042
588,2021-04-06,2021-05-04,0.050098983895985924,0.17974274877386923,0.27872603616969527,0.10438559592510874,0.4799415422404577,0.10372888692527349,0.4829800586993413,True,False,0.37619039247633046,0.1543542145178021
589,2021-04-07,2021-05-05,0.05805543832959927,0.1787675887689805,0.324753713631075,0.10539549874149612,0.550834134501247,0.10299101522630101,0.5636942038296711,True,False,0.3782495099873591,0.15039122077469297
590,2021-04-08,2021-05-06,0.11809316088877551,0.18148397829203589,0.6507084647370099,0.12331030036093138,0.9576909677708577,0.10403471195932963,1.135132290604522,True,False,0.3725046522462821,0.15577673648071524
591,2021-04-09,2021-05-07,0.23900112221721356,0.16237749462871498,1.4718857607927915,0.1764523180923015,1.3544799229681588,0.15582775008936695,1.5337519926980068,True,False,0.4161151541034532,0.2138414199323711
592,2021-04-12,2021-05-10,0.10549043557567174,0.1297588496038485,0.8129729563550555,0.08436679654439466,1.2503785837140515,0.17981538823921767,0.5866596658308931,True,False,0.5210734717936334,0.21102756998098054
593,2021-04-13,2021-05-11,0.1076802948707422,0.11986808623093424,0.8983233006931352,0.07027881260699792,1.5321871681710808,0.14208805525765647,0.7578419922454376,True,False,0.5642003225946841,0.2145674114308519
594,2021-04-14,2021-05-12,0.1583172855089663,0.08374011255071258,1.8905788478978955,0.03815173842839406,4.149674222738438,0.08141104157110583,1.9446660115592451,True,False,0.8087348846007263,0.26325430027355384
595,2021-04-15,2021-05-13,0.08387654622028394,0.07027222303666808,1.1935946038951566,0.0401284889025543,2.090199469607861,0.10978872052707747,0.7639814528997745,True,False,0.966158800070788,0.26123487375418514
596,2021-04-16,2021-05-14,0.08665688673293373,0.06282780923658209,1.3792759573491056,0.030664111022539967,2.826003554097352,0.08036996200342028,1.0782248065420996,True,False,1.0816425254457713,0.2723601937546177
597,2021-04-19,2021-05-17,0.08577542683538149,0.06270848581743288,1.367844012134256,0.03099429526103836,2.7674585310931787,0.08016079210123776,1.070042156358096,True,False,1.0837745003495294,0.2720398725401958
598,2021-04-20,2021-05-18,0.08260983135816503,0.06229980788677684,1.326004592314305,0.03236075967635836,2.552777876179368,0.07939833323536578,1.0404479287150674,True,False,1.0910181733977444,0.2705949556799669
599,2021-04-21,2021-05-19,0.08277105590855634,0.06261487199837854,1.3219072924192796,0.03234178998929784,2.5592601997584534,0.08026630267050437,1.0312055389960348,True,False,1.0854408511918938,0.2705559088084095
600,2021-04-22,2021-05-20,0.07952674452092097,0.062307143232860816,1.2763664067168872,0.03332839015600574,2.3861561914231952,0.0793085283209025,1.0027514846718062,True,False,1.0908221455019937,0.27069263776531716
601,2021-04-23,2021-05-21,0.07521318580997345,0.06256170651233302,1.2022240121462544,0.03293029123672104,2.2840121658596857,0.0795228444015969,0.9458060306563065,True,False,1.0864111141045385,0.27465740847766534
602,2021-04-26,2021-05-24,0.0738334777726389,0.06219136345219499,1.1871982486666808,0.03270225526688691,2.257748805703928,0.07841446132129165,0.941579863312676,True,False,1.0929207909039609,0.2747405718019071
603,2021-04-27,2021-05-25,0.07446015175213554,0.06216733944095743,1.1977374682867525,0.03238954327163247,2.298894773775631,0.07717719129802182,0.9647947858662754,True,False,1.093371158515378,0.27101169053816054
604,2021-04-28,2021-05-26,0.06974211375324896,0.061498960859446304,1.1340372711766966,0.03191795015145085,2.1850436328875205,0.07617022771507032,0.9156085762817071,True,False,1.105448820214178,0.26982230178869826
605,2021-04-29,2021-05-27,0.06848311440842766,0.061415138001107206,1.1150852483176548,0.03145560700877822,2.1771353637943243,0.07549077165124715,0.9071720014309362,True,False,1.1070168715532822,0.2696113033502503
606,2021-04-30,2021-05-28,0.06856488442325295,0.061451977448876795,1.1157474058551418,0.03160909478631334,2.169150520974153,0.07598103590513594,0.9023947042372228,True,False,1.106329065664025,0.2699389037287309
607,2021-05-03,2021-05-31,0.06244371417380474,0.06178373789607576,1.0106820386755995,0.030598654872690062,2.0407339614636806,0.08034781292741193,0.7771675655965624,True,False,1.1002942751401827,0.2585091274674288
608,2021-05-04,2021-06-01,0.056568245231734315,0.06138059861030129,0.9215981354447179,0.03377613334804603,1.6747993220191033,0.08175082207843261,0.6919593441820333,True,False,1.1075868675258602,0.26122244101736414
609,2021-05-05,2021-06-02,0.049139052467187895,0.061785395419557756,0.7953182484874614,0.03470316396644791,1.4159819120440156,0.08692217012796795,0.5653224303402083,True,False,1.1002385094794662,0.2529323358917098
610,2021-05-06,2021-06-03,0.05614779960761051,0.06169490746668351,0.9100880755503434,0.030109290519895276,1.8647998221847772,0.07986771876538645,0.7030099328684491,True,False,1.102041444376095,0.28560658513875625
611,2021-05-07,2021-06-04,0.06134764096567538,0.06113091077031825,1.0035453454336944,0.029337479546153827,2.091101277775518,0.07766379176323411,0.7899130286182761,True,False,1.1122761051654275,0.2908846288766931
612,2021-05-10,2021-06-07,0.04116640482215617,0.061940865449347494,0.6646081633428297,0.028959501803540323,1.4215163334447813,0.07989685791385152,0.5152443524943583,True,False,1.0978148237574619,0.24882318279086016
613,2021-05-11,2021-06-08,0.0662408820143712,0.06472117123591194,1.0234808911742317,0.029396969111882713,2.253323523328655,0.07354744605460627,0.9006550950143094,True,False,1.0499394298379772,0.2467244647675542
614,2021-05-12,2021-06-09,0.06637993871163071,0.066324868347746,1.0008303124492608,0.031780638828832,2.0886911389398994,0.08060583788209613,0.8235127933131352,True,False,1.0243210080379934,0.24605226693843252
615,2021-05-13,2021-06-10,-0.0011010021481146657,0.08531403892992694,-0.012905286889757719,0.0356301829735384,-0.030900827787843557,0.07882292768387243,-0.013968044330075502,True,False,0.7946751962073112,0.20135452545587113
616,2021-05-14,2021-06-11,0.03443722507262571,0.10190558845050729,0.337932645267545,0.05025458215791824,0.6852554253542767,0.10244529144902324,0.3361523461501563,True,False,0.6647783307392073,0.23287804928958178
617,2021-05-17,2021-06-14,-0.054664818622171873,0.13364653022999567,-0.4090253486424063,0.08409982715116103,-0.6499991792363298,0.09819717541392954,-0.5566842263206027,True,False,0.5062928715273578,0.21628985669888412
618,2021-05-18,2021-06-15,-0.02547667562894706,0.13521667023407333,-0.18841371840354026,0.0833074046711931,-0.3058152601140466,0.10874181586251662,-0.23428591316846759,True,False,0.5004388527468692,0.229255357392177
619,2021-05-19,2021-06-16,-0.011189999948874473,0.1402204828167388,-0.07980289130439842,0.08050364074779014,-0.13899992403985337,0.10813807379520982,-0.1034788169989593,True,False,0.4826154423418396,0.22863945058049098
620,2021-05-20,2021-06-17,-0.03743757448164218,0.1438169920111588,-0.26031398625509694,0.10628606750116466,-0.35223407321220107,0.13756272967690078,-0.27214911022464694,True,False,0.470288016072985,0.3634933185466744
621,2021-05-21,2021-06-18,0.027891361986945223,0.12189861269497881,0.22880787049428095,0.07550164035899755,0.3694139869587801,0.12635007065858905,0.22074670668218752,True,False,0.5549575021912521,0.3701532367980415
622,2021-05-24,2021-06-21,0.055527431707986144,0.10768327752030817,0.5156551043639449,0.058128581790985255,0.9552517883138428,0.09094522929096645,0.6105590380154405,True,False,0.628559836395054,0.37420861379895964
623,2021-05-25,2021-06-22,0.04131018046645277,0.11009273289485715,0.3752307657391483,0.06221714748342279,0.663967766723145,0.0994791604517944,0.4152646672814539,True,False,0.6147940823759317,0.37120431747946986
624,2021-05-26,2021-06-23,0.05533081789278928,0.11051186787461352,0.5006776100786522,0.060774701019694136,0.9104251763387406,0.09609952709366487,0.5757657666604358,True,False,0.6125229784482725,0.3898818054000636
625,2021-05-27,2021-06-24,0.06068930101597364,0.11387963323680365,0.5329249778120997,0.06494708013993407,0.9344423318987293,0.10117846739525889,0.599824276630795,True,False,0.5943625872852228,0.39060370326680893
626,2021-05-28,2021-06-25,0.06745970399194244,0.11433074049940241,0.5900399463632884,0.06570544455952466,1.0266988442765734,0.10086936140349487,0.6687828995178424,True,False,0.5920788772316304,0.3993706228975187
627,2021-05-31,2021-06-28,0.06794123962294293,0.1142644610447201,0.5945964213348236,0.06661515291034804,1.019906682708956,0.10023084330188485,0.6778476303777172,True,False,0.592390823582842,0.3979435575460123
628,2021-06-01,2021-06-29,0.07082242798503141,0.11408565419213998,0.6207829414358635,0.0684882256567834,1.0340818046585911,0.09879348950094824,0.7168734330854023,True,False,0.5932779479824444,0.3991672429264579
629,2021-06-02,2021-06-30,0.10274273586177933,0.11689730758129488,0.8789144761980774,0.08055011622613308,1.2755131919778193,0.08613082718882058,1.192868328508459,True,False,0.5787661234802992,0.3954603452645104
630,2021-06-03,2021-07-01,0.10114246328518214,0.11697603090113966,0.8646426323924515,0.08128158605275022,1.2443465758596612,0.08687983976596109,1.1641649381219168,True,False,0.5783548348425193,0.3957950592188245
631,2021-06-04,2021-07-02,0.08541772518921747,0.11779797280466797,0.7251205021232134,0.06337137207357267,1.3478913647324775,0.09087259490036248,0.939972334705243,True,False,0.574516090954189,0.38600749528962713
632,2021-06-07,2021-07-05,0.04243275430418982,0.12291514249867296,0.3452199089680748,0.07158476158684386,0.5927623891393707,0.10870378758669914,0.3903521233825144,True,False,0.5504857296867914,0.37289126859949007
633,2021-06-08,2021-07-06,0.06433020363154751,0.11844534973491741,0.5431213954411848,0.0753060691645289,0.8542499209592087,0.09046079761070785,0.7111390274092911,True,False,0.5711433300506485,0.37168289593646914
634,2021-06-09,2021-07-07,0.06477444709174601,0.11930692351292917,0.5429227842315997,0.07384899718768462,0.8771201987634855,0.0908269804486162,0.7131630576268143,True,False,0.5669867965511927,0.3717306369489423
635,2021-06-10,2021-07-08,0.025434949843161865,0.10624527245807706,0.2393984151454659,0.06976826694680067,0.3645633030064569,0.10056342104609646,0.2529244687439874,True,False,0.6370091689662574,0.3707671360506969
636,2021-06-11,2021-07-09,0.04993659318620377,0.09955055853108931,0.5016204220552789,0.05261066883678758,0.9491723692226853,0.08894502483371616,0.5614321124712804,True,False,0.6800710632280934,0.3763543136080282
637,2021-06-14,2021-07-12,0.060552884862468764,0.09984595753655598,0.6064630592610514,0.04388437944024003,1.3798277572758486,0.08379588022270396,0.7226236504889932,True,False,0.6782035894931611,0.36660369977819723
638,2021-06-15,2021-07-13,0.07229868549844719,0.09939016021351693,0.7274229696695333,0.042802588501976796,1.689119467508563,0.08334306720136357,0.8674828984127466,True,False,0.6811756283691629,0.3653508041237768
639,2021-06-16,2021-07-14,0.0704983410292956,0.09912027549722062,0.7112403660669043,0.04124022185542666,1.709455911183925,0.08090774309097742,0.8713423256661988,True,False,0.6831639509497639,0.3627499003819497
640,2021-06-17,2021-07-15,0.09332612586320098,0.10018162623519322,0.9315692844125149,0.0384595502302004,2.4266047133831674,0.08075472993630707,1.155673803092515,True,False,0.675751163015338,0.3572792120181141
641,2021-06-18,2021-07-16,0.11025595990480686,0.09778935516031449,1.1274842719236136,0.03647748223775791,3.0225759329047306,0.06658803212909965,1.6557924356593783,True,False,0.6925849674070691,0.2208518377527549
642,2021-06-21,2021-07-19,0.10657252209881464,0.08982069034688202,1.1865030394137261,0.030357671240716193,3.510563153997065,0.054355971516461286,1.9606405538449436,True,False,0.7543105806394168,0.2239901717439937
643,2021-06-22,2021-07-20,0.06223722809804965,0.09004924984813789,0.6911465470618425,0.029715359010275347,2.094446446920883,0.08056159653965075,0.7725421388268761,True,False,0.7525084769335151,0.22160327509941743
644,2021-06-23,2021-07-21,0.08593331403986479,0.08833499760661584,0.9728116416842335,0.028597974257474713,3.004874165777816,0.07933761820250092,1.0831345329844546,True,False,0.7671547810160401,0.23440228157901832
645,2021-06-24,2021-07-22,0.07797823186353935,0.08840307636493352,0.8820759985957982,0.024575960855302982,3.172947431136279,0.07669365592160382,1.0167494420040246,True,False,0.7665225901982333,0.2051507181126326
646,2021-06-25,2021-07-23,0.07743475325569148,0.08828358560684006,0.8771138227273356,0.024139099628546327,3.2078559037934857,0.0762292296404921,1.015814453601129,True,False,0.767560433391255,0.20466524616772047
647,2021-06-28,2021-07-26,0.06829182086866013,0.0883632063787308,0.7728535854160461,0.02271300033707823,3.0067282989987003,0.07655802822423473,0.8920269036793467,True,False,0.7668761185617972,0.19463227466016764
648,2021-06-29,2021-07-27,0.057766710986086454,0.08607103581968496,0.6711515719074785,0.024923720200583074,2.3177403100816,0.0744009172692091,0.7764247149946534,True,False,0.7874830955070358,0.1949913256237094
649,2021-06-30,2021-07-28,0.05729887704344632,0.08495684567393323,0.6744468510914474,0.0251191187647389,2.281086274566285,0.07300296023307698,0.784884295931396,True,False,0.7979199582862797,0.1922923012556807
650,2021-07-01,2021-07-29,0.07619686792783657,0.08462955589240678,0.900357648393062,0.02755388513295123,2.765376554347104,0.077583327782187,0.9821294098360556,True,False,0.8010134734338533,0.23296637354209537
651,2021-07-02,2021-07-30,0.0817006183590029,0.08464844730726723,0.9651756288267883,0.02961963479396168,2.7583263239848774,0.07796255510638675,1.0479469053767572,True,False,0.8008136730158204,0.23301203164134518
652,2021-07-05,2021-08-02,0.07533290230637794,0.08406706728127697,0.8961047975460391,0.027691750370999486,2.720409555087974,0.07717026668287569,0.9761907732670119,True,False,0.8064322230824988,0.22964410452240044
653,2021-07-06,2021-08-03,0.06103887725059396,0.08223595709776038,0.7422407351328352,0.026376368843474208,2.3141501247885237,0.07371234901909333,0.8280685402493871,True,False,0.8246196813379421,0.23140526590182986
654,2021-07-07,2021-08-04,0.047396099662575776,0.08337144527608913,0.5684931993876439,0.031093434525276437,1.5243121381154145,0.07800426244359891,0.6076090995263956,True,False,0.81335726401839,0.2175159916493893
655,2021-07-08,2021-08-05,0.0511018712818517,0.08301988699393441,0.6155377118928782,0.030387952832597178,1.681649025959876,0.07841500347888275,0.6516848691540706,True,False,0.8167913012986342,0.2164035836680107
656,2021-07-09,2021-08-06,0.04721578240872877,0.08856540593503569,0.533117664964607,0.042662245168839916,1.106734589843263,0.08647781833148925,0.5459872059646542,True,False,0.7653748444461969,0.24162912474972834
657,2021-07-12,2021-08-09,0.03865033075389297,0.09579963645130594,0.4034496599946762,0.048970665795399056,0.7892547533532674,0.10722678996786926,0.3604540503867982,True,False,0.7072470876546623,0.2373206531129431
658,2021-07-13,2021-08-10,0.03844954272980973,0.09579817301874048,0.4013598748098051,0.048392347600214033,0.7945376621827637,0.10583665619759519,0.36329135964032255,True,False,0.7072502654791641,0.23635835605880237
659,2021-07-14,2021-08-11,0.037414350974833956,0.09626252415246192,0.38866995546030547,0.04688705889459868,0.7979675385257323,0.11304354383220154,0.33097291279518537,True,False,0.7038654169297288,0.23701424607109925
660,2021-07-15,2021-08-12,0.034417079817601594,0.09669203202689282,0.35594535657322024,0.04679884019725382,0.735425913816155,0.11439836233575719,0.3008529065878414,True,False,0.7007086649486959,0.23540933946196116
661,2021-07-16,2021-08-13,0.03327737055161334,0.0973120298690306,0.3419656397713661,0.04800154664331244,0.6932562152400882,0.12206498966097387,0.272620107076064,True,False,0.6962098387664566,0.23827121310863225
662,2021-07-19,2021-08-16,0.037763055083051736,0.09947236347999651,0.379633636539115,0.04950467874706182,0.762817900021077,0.12762516453057124,0.2958903537711483,True,False,0.68106871745463,0.23905858075188802
663,2021-07-20,2021-08-17,0.0004895916888509149,0.12378287761974038,0.003955245654854908,0.07797780508821094,0.006278603101191082,0.1238204028414209,0.003954046971386001,True,False,0.5471138458246457,0.234627329342196
664,2021-07-21,2021-08-18,0.04099059692053611,0.11030054264587667,0.3716264302718591,0.061028505607734054,0.6716631271295856,0.08954727556848324,0.45775370227972656,True,False,0.61383517155929,0.23172591730423725
665,2021-07-22,2021-08-19,0.006591629839624495,0.1175174102280652,0.056090666283678016,0.0642333430720749,0.10262006497510434,0.09010785334802374,0.07315266755013716,True,False,0.5760085399242619,0.23329033138122335
666,2021-07-23,2021-08-20,-0.06366804136442164,0.10063437456565934,-0.6326669355199416,0.05798695139221143,-1.0979718684257864,0.09302866572456185,-0.6843916428182385,True,False,0.6729475609854234,0.24294697313288094
667,2021-07-26,2021-08-23,-0.024430555030918497,0.09840754596727137,-0.24825896013140772,0.04879220280943367,-0.5007061297547115,0.10866059680635613,-0.22483361723529044,True,False,0.6884095582183943,0.26917318493474174
668,2021-07-27,2021-08-24,-0.021207135710934563,0.09858537594003187,-0.21511441741455214,0.04922756567935095,-0.43079797707385176,0.10922124222910295,-0.19416676901046762,True,False,0.6871610316506759,0.27087609720668165
669,2021-07-28,2021-08-25,-0.014204129065628459,0.10288876065904932,-0.13805326232568602,0.05168262623493835,-0.274833732346717,0.1162060131615632,-0.1222323069106606,True,False,0.6582919781813362,0.27117193877247026
670,2021-07-29,2021-08-26,-0.01032225005224624,0.0984462353568261,-0.104851648362504,0.050747946415305556,-0.20340232031799133,0.11299588539977504,-0.09135067189151642,True,False,0.6880987617371928,0.27209460764464993
671,2021-07-30,2021-08-27,0.01248801823964195,0.09228686309124334,0.13531739861279216,0.05836026696845091,0.21398151325100812,0.1049805464679858,0.11895554614444893,True,False,0.7342404642719034,0.24905385229501437
672,2021-08-02,2021-08-30,0.010206971404857662,0.0926647749049197,0.11014942210058462,0.058594583556809195,0.17419650051718003,0.10436117615485688,0.09780429639574005,True,False,0.7312614217758203,0.2484675334234019
673,2021-08-03,2021-08-31,0.011623142388939396,0.09436615348578212,0.12317067041087588,0.05632814621738659,0.20634697162023283,0.10738319573335248,0.10823986294653856,True,False,0.7180145580820048,0.250480439792723
674,2021-08-04,2021-09-01,0.025993522343435785,0.0961748537911911,0.2702735831537765,0.05918947005814123,0.4391578826082174,0.11870471609479874,0.21897632376018747,True,False,0.7044605187227192,0.25360902252798295
675,2021-08-05,2021-09-02,0.024104533202930448,0.09600845576284203,0.25106677335247357,0.059291027977109736,0.4065460496356446,0.11934483498306116,0.201973828246121,True,False,0.705687117501553,0.253752493739513
676,2021-08-06,2021-09-03,0.020941902330819964,0.09645981904794196,0.21710493071121695,0.06178466173059617,0.33894985817247575,0.12242229808735995,0.1710628101089552,True,False,0.7023664968219482,0.25675620605487404
677,2021-08-09,2021-09-06,0.05250266304893776,0.09791045750515497,0.5362314137504005,0.06623561350723807,0.7926651580452319,0.1370386556256858,0.3831230159783977,True,False,0.6918376217359639,0.23122005442601387
678,2021-08-10,2021-09-07,0.07402448249105938,0.09495055937044276,0.7796108098980038,0.07448280124270917,0.9938466499110805,0.137783363862741,0.5372526872315452,True,False,0.7134600268619068,0.24630453442086686
679,2021-08-11,2021-09-08,0.0709611011125939,0.09488988621708185,0.7478257582715877,0.07219758175782597,0.982873655666479,0.1349999873655934,0.5256378352127113,True,False,0.713942231929772,0.2517158469481705
680,2021-08-12,2021-09-09,0.059057775193782594,0.09502581825720958,0.6214918879617424,0.06961753429413305,0.8483175365600335,0.13633303570352293,0.4331875608067055,True,False,0.7129530649965921,0.2509509440817704
681,2021-08-13,2021-09-10,0.04358871120265499,0.09151495629317301,0.47630150270756016,0.06589837896915102,0.6614534664511271,0.12841820905134335,0.3394278079771976,True,False,0.7404824828164366,0.2515414902219676
682,2021-08-16,2021-09-13,0.028318314758239954,0.08862042655218084,0.31954613467771753,0.061103896811991285,0.46344531585885124,0.11142094107792058,0.25415612616694705,True,False,0.7648840737774144,0.2492312164154317
683,2021-08-17,2021-09-14,0.026899840269661454,0.08883531865240861,0.3028056934755208,0.0603779800991949,0.4455240176214531,0.11098557682822496,0.24237239683220263,True,False,0.7630284462008746,0.2482741683109142
684,2021-08-18,2021-09-15,-8.874709021756476e-05,0.08978260614947245,-0.0009884664081795116,0.05966085009444318,-0.0014875264109894184,0.10113173567037921,-0.0008775394749163608,True,False,0.7549603658480301,0.23059007991900118
685,2021-08-19,2021-09-16,0.010062645575368874,0.10571666384967725,0.09518504660416974,0.07437406288348856,0.13529777969952525,0.14314049195353176,0.07029908475259082,True,False,0.640588903953636,0.2399325400219338
686,2021-08-20,2021-09-17,0.028571798276317645,0.09907449039654755,0.28838703244355307,0.07476958128435114,0.3821313131025593,0.1334948905201417,0.21402915246412918,True,False,0.6837488017959027,0.2326604304087309
687,2021-08-23,2021-09-20,0.12103244918067733,0.0868743749202814,1.3931892953674825,0.05341715623555266,2.2657973151352864,0.053853083154235655,2.2474562660421773,True,False,0.7799888164795572,0.2297068367481546
688,2021-08-24,2021-09-21,0.0928509390687892,0.08706115039580099,1.0665025519036497,0.04351702545439842,2.133669250121148,0.04442158280527543,2.0902213114693966,True,False,0.7784243396937108,0.20474962380991457
689,2021-08-25,2021-09-22,0.07747539338702959,0.0772357075970075,1.003103302830767,0.03288354379852254,2.3560536498657596,0.03813850706674707,2.031421766233223,True,False,0.8782528596036342,0.2019107427374397
690,2021-08-26,2021-09-23,0.07344836588282311,0.0743052337535451,0.98846827030295,0.030324240958792763,2.4221007207610303,0.03557015184702328,2.064887611351867,True,False,0.9132001750711934,0.202791226630482
691,2021-08-27,2021-09-24,0.06656238960087582,0.07611019754055035,0.8745528424809619,0.031939353212086616,2.084024343225805,0.038082360431332424,1.747853569132005,True,False,0.8914704875785711,0.2063086708754265
692,2021-08-30,2021-09-27,0.043817868151011026,0.07921302049213805,0.5531649705916717,0.030757324300059913,1.4246319908564242,0.03546545681509468,1.2355083533665756,True,False,0.8564120855762797,0.18573630353141704
693,2021-08-31,2021-09-28,0.06307199896758925,0.06980648173620592,0.9035263975333145,0.023982952732138404,2.6298679596307375,0.031463062351836435,2.004636365725788,True,False,0.9726240483719899,0.20583733417929276
694,2021-09-01,2021-09-29,0.05223594785386523,0.06937063869787581,0.7529979373746886,0.023133591944391005,2.258012848995999,0.03206469601885706,1.6290797774332737,True,False,0.9787023732798702,0.2165912525437764
695,2021-09-02,2021-09-30,0.04750732648971614,0.06953875228328738,0.6831777236407768,0.023180662162451064,2.049437852844012,0.032601752017973246,1.4572016394556186,True,False,0.9763270012836778,0.20952815107571363
696,2021-09-03,2021-10-01,0.05680792205338401,0.06743943973434159,0.8423545966153128,0.021923674034407325,2.591167975049659,0.03104110948422895,1.830086713950943,True,False,1.0069875319116508,0.21737580615740046
697,2021-09-06,2021-10-04,0.04605563328971182,0.06656573311840429,0.6918820109408248,0.021971872907935733,2.096117772148481,0.03316631093151627,1.3886269529586868,True,False,1.0203911552000031,0.21120254967215019
698,2021-09-07,2021-10-05,0.04223216489677795,0.06524484287885238,0.6472874028556599,0.023224470491374664,1.8184339191915078,0.03294406197816139,1.2819355708101097,True,False,1.0413370886817488,0.2105502536604959
699,2021-09-08,2021-10-06,0.031030911525760183,0.06601686779806235,0.4700451954291441,0.030199913581634923,1.027516566955695,0.03572174875147475,0.8686839981337446,True,False,1.0290627227577107,0.20568165262229293
700,2021-09-09,2021-10-07,0.039124906980376614,0.06518340111581129,0.6002280689659538,0.0264922351709588,1.476844317887754,0.03471108079063635,1.1271589961823065,True,False,1.0425606624195947,0.2100991459428261
701,2021-09-10,2021-10-08,0.04258235885829023,0.06517190827407762,0.6533851775401753,0.02337434663350346,1.8217561126288382,0.0332404915471351,1.2810387836145065,True,False,1.0425953696025914,0.20398998568231297
702,2021-09-13,2021-10-11,0.05251294515447569,0.06629923031240711,0.7920596499692473,0.016950791090659723,3.0979642704352326,0.029200512503413434,1.7983569688489924,True,False,1.0246008882677136,0.20154071856793518
703,2021-09-14,2021-10-12,0.055595921253330904,0.06721360514988439,0.8271527933868985,0.01671192677970937,3.3267212085222977,0.0292326037044929,1.9018463704205075,True,False,1.010442470679529,0.20205170333738348
704,2021-09-15,2021-10-13,0.06285871049167564,0.06667100972262235,0.9428192366246233,0.01685126298785986,3.73020767268073,0.028862630006367837,2.1778580288008196,True,False,1.0187863463506324,0.21293578166303323
705,2021-09-16,2021-10-14,0.06965559839471179,0.06612074459927743,1.053460586641261,0.01944366823632122,3.5824309254872766,0.028735260669193637,2.4240461639308473,True,False,1.027315701980705,0.22172818327931346
706,2021-09-17,2021-10-15,0.06834226933128175,0.06617973137561715,1.0326767412123607,0.019081681995608397,3.5815642115307527,0.02875276536914581,2.376893785827602,True,False,1.0265370593647365,0.2171462750074512
707,2021-09-20,2021-10-18,0.06309832978146628,0.06817942240312108,0.9254746895388453,0.018482475793634,3.4139544120598555,0.03160490686681916,1.99647257457072,True,False,0.9962828861075789,0.21216384204552144
708,2021-09-21,2021-10-19,0.06459721264839033,0.08291331537653325,0.7790933501457007,0.023796869461470894,2.7145256544344445,0.05725033887979563,1.1283289131968353,True,False,0.8177673424595346,0.21241455613543192
709,2021-09-22,2021-10-20,0.06205578804144179,0.08346744384778,0.7434729659939419,0.024869567662318518,2.4952499731415316,0.05959999047122211,1.0412046638062042,True,False,0.812313189440014,0.2127286783617848
710,2021-09-23,2021-10-21,0.06589125416501723,0.09188866782838986,0.7170770424931496,0.030739824277939844,2.1435143405261265,0.07295589665984602,0.9031655723763166,True,False,0.7374043110587484,0.21077068890684783
711,2021-09-24,2021-10-22,0.0682887715737833,0.09578600009103308,0.7129306110379704,0.035782879517698596,1.9084202415852793,0.07827531170040988,0.8724177533160268,True,False,0.7072359651564594,0.20980272075112752
712,2021-09-27,2021-10-25,0.07792652756242752,0.09640816493933387,0.8082980068281959,0.03860554368740322,2.01853205833375,0.07470115700659646,1.0431769825940747,True,False,0.70262716142103,0.20451314808586013
713,2021-09-28,2021-10-26,0.08188010155683575,0.09703618521126217,0.8438099805610724,0.03981879472344307,2.0563179304025834,0.07170482937962848,1.141904977185513,True,False,0.6980738948509778,0.2050236954749686
714,2021-09-29,2021-10-27,0.013722281546035242,0.13712791909299268,0.10006920280566307,0.05897543702130673,0.23267791201068397,0.0700173938852779,0.19598389463793706,True,False,0.49343905009371203,0.17796125410015165
715,2021-09-30,2021-10-28,0.03428261224045292,0.1375575362358047,0.24922380247989304,0.05242561094417891,0.6539287119983386,0.06113492465246103,0.5607696817382574,True,False,0.49184594504331886,0.15025972160182635
716,2021-10-01,2021-10-29,0.043882086592482154,0.14029093955985097,0.31279344717597507,0.05536250677312462,0.7926318577356117,0.07742982556545853,0.5667336361927433,True,False,0.4823251110966636,0.20878782143576025
717,2021-10-04,2021-11-01,0.021670059282031605,0.1512435710928768,0.1432792093273458,0.08039937699153636,0.26953018907488313,0.0859541607396353,0.25211181280301975,True,False,0.4473792027697571,0.20399185414121737
718,2021-10-05,2021-11-02,0.07943246044176988,0.1753403326646048,0.45301876205350994,0.06571028715676575,1.208828387133159,0.08560376761079484,0.9279084631288268,True,False,0.38579238266254184,0.20364463187105342
719,2021-10-06,2021-11-03,0.1033448279957971,0.18617209556471617,0.5551037478646895,0.06794205064426133,1.521073135353268,0.08900919999723707,1.1610578232250715,True,False,0.36319706528431095,0.2033811129413439
720,2021-10-07,2021-11-04,0.09815316604778254,0.18305624003813248,0.5361913149059341,0.06077119383562421,1.6151265073592307,0.07509981930244339,1.3069694036479407,True,False,0.3693820417569043,0.19071992318663225
721,2021-10-08,2021-11-05,0.00783726306378643,0.18325583243080099,0.042766786518218185,0.11355295404003289,0.06901857490227349,0.10858816558753019,0.07217419155560749,True,False,0.3690015633447065,0.19388186219799353
722,2021-10-11,2021-11-08,-0.008130085451234021,0.18102355427703729,-0.04491175462609573,0.13071229845852728,-0.06219832064091165,0.10827600722380269,-0.0750866757990939,True,False,0.3735490977309475,0.1971320845588356
723,2021-10-12,2021-11-09,-0.017052725392202366,0.19203746744085362,-0.08879894959797104,0.1459993521830119,-0.11680000724131004,0.12250210609280565,-0.1392035282992073,True,False,0.3520917686931202,0.19705247552678926
724,2021-10-13,2021-11-10,0.0461706698269304,0.18309259085247923,0.2521711534691804,0.12643489437890482,0.36517347567487507,0.12389064387339832,0.3726727732088583,True,False,0.3693459892204677,0.21040222177474666
725,2021-10-14,2021-11-11,-0.006240783532606349,0.18559441248460704,-0.03362592358821121,0.11726843028495626,-0.053217933568664354,0.13231483444617453,-0.04716616665643103,True,False,0.3644382951858582,0.2041655132539002
726,2021-10-15,2021-11-12,-0.16548796244688663,0.19686516506279514,-0.8406157706677057,0.0941630058265072,-1.7574626149020107,0.1494727332626539,-1.1071448205612908,True,False,0.34341428208870356,0.21007777427672047
727,2021-10-18,2021-11-15,-0.18182970497359935,0.19947686678739276,-0.9115327902528056,0.08991051740306129,-2.0223407697507967,0.15054505670572466,-1.2078092031213474,True,False,0.338920806436681,0.2086983828409057
728,2021-10-19,2021-11-16,-0.19347056702652154,0.1992881170285734,-0.9708083447784408,0.09266512279046989,-2.0878466590282114,0.14720327035498673,-1.3143088910997651,True,False,0.33919655960594347,0.22941374401569473
729,2021-10-20,2021-11-17,-0.2624948080841018,0.19841897311122927,-1.3229319957066457,0.06689662754825994,-3.923887013508047,0.13097525462104948,-2.004155737994766,True,False,0.3406024964679534,0.21786405479217502
730,2021-10-21,2021-11-18,-0.2740033708689308,0.1976886519605825,-1.3860348995832337,0.06400153891938933,-4.281199725744738,0.13028302690263194,-2.103139429464664,True,False,0.34182961199400513,0.2140463171867876
731,2021-10-22,2021-11-19,-0.2740699354674225,0.20094369936054166,-1.3639140532377412,0.0634005761954257,-4.3228303576079545,0.13699205686164995,-2.0006264724108003,True,False,0.3362880361865736,0.21442754128707084
732,2021-10-25,2021-11-22,-0.188193754924764,0.1899569337537393,-0.9907180075286903,0.08835886383878948,-2.12987975114894,0.15364511648056595,-1.2248599840696401,True,False,0.3558188872127078,0.22442162089439857
733,2021-10-26,2021-11-23,-0.19958717601700865,0.19118448869545482,-1.0439506749678777,0.08233658160256724,-2.424040106260442,0.15408865415719572,-1.2952749643292814,True,False,0.3534549991385203,0.22749402051094617
734,2021-10-27,2021-11-24,-0.20676426757776067,0.1860553674030921,-1.1113050403421172,0.08097481117356138,-2.553439329850146,0.14770415337598639,-1.399854119548247,True,False,0.3631153727257509,0.22885783169285176
735,2021-10-28,2021-11-25,-0.18983025900098702,0.193106859421241,-0.9830321904148084,0.09602781319187481,-1.9768258038083606,0.16147493868655255,-1.1756019884266775,True,False,0.34987601058363604,0.22753310398896126
736,2021-10-29,2021-11-26,-0.06030162943246935,0.06131059785427398,-0.9835433276282382,0.0213546422348843,-2.823818295300795,0.1648648798778687,-0.36576394849612953,True,False,1.1084836125894582,0.21963948290688387
737,2021-11-01,2021-11-29,-0.05117501868279098,0.05283751682596368,-0.9685356496095636,0.015892733609447145,-3.220026204451758,0.03502086807384187,-1.4612721356560299,True,False,1.2894897386490562,0.18975039325735948
738,2021-11-02,2021-11-30,-0.0742810741800617,0.05035363531086297,-1.4751879128781946,0.022435820589769975,-3.3108249320700813,0.0695344361834187,-1.068263126260523,True,False,1.3540946186031175,0.21093740306342845
739,2021-11-03,2021-12-01,-0.08825533280565494,0.04883555566035343,-1.8071941971841634,0.028667460588775267,-3.0785891388025934,0.07700871311595102,-1.14604347007812,True,False,1.396946784205515,0.2248783528263596
740,2021-11-04,2021-12-02,-0.0887372824900499,0.047164131605412996,-1.8814569349532047,0.02749491173897459,-3.227407432054529,0.06939158805572324,-1.2787901959930874,True,False,1.4474086635494434,0.22509073287623108
741,2021-11-05,2021-12-03,-0.08582197885184423,0.04664026504458327,-1.8400834294103452,0.0242816589361717,-3.5344363858104297,0.059885456335365184,-1.4331021938153339,True,False,1.4640267274280658,0.22593957436727186
742,2021-11-08,2021-12-06,-0.07585963030290928,0.044682932450648555,-1.697731687299055,0.019984558681316267,-3.795912209651699,0.04695950463366711,-1.6154265445236944,True,False,1.5298137650640014,0.21636370978408717
743,2021-11-09,2021-12-07,-0.05477297749852596,0.041579635045746424,-1.317302988308196,0.027279522661817178,-2.007842225743599,0.036750429192055574,-1.4904037504510657,True,False,1.6480718845211628,0.21931245420154866
744,2021-11-10,2021-12-08,-0.04637594737008561,0.04119810024774605,-1.1256816962724596,0.032423387952111624,-1.4303239204546268,0.034716450960875264,-1.3358493188820009,True,False,1.6640000684840293,0.2380413733612356
745,2021-11-11,2021-12-09,-0.04515506032650158,0.04105423982311437,-1.0998878683676994,0.03421018919583791,-1.319930154960828,0.03418834012987093,-1.3207736952122118,True,False,1.6701830501321693,0.23554709083717157
746,2021-11-12,2021-12-10,-0.03969864613068722,0.04044581746928931,-0.981526610528532,0.03671628576677357,-1.081227180299717,0.03273415901859648,-1.2127590052988433,True,False,1.6966201976430217,0.24120244371177316
747,2021-11-15,2021-12-13,-0.03381602683406689,0.04045056761423237,-0.8359839880755803,0.038299268464931265,-0.8829418469188398,0.03158862610376185,-1.0705127447768228,True,False,1.6967192160520115,0.2371780922039179
748,2021-11-16,2021-12-14,-0.030781260732292804,0.0403008587550189,-0.7637867202633599,0.040648592202527006,-0.7572528115839451,0.03193711288041691,-0.9638084960136504,True,False,1.7030960190330415,0.24537065553580578
749,2021-11-17,2021-12-15,-0.03335943503376067,0.039697515217170375,-0.8403406321847495,0.037446349926748085,-0.8908594589063508,0.03092357920953995,-1.078770177530719,True,False,1.7296600567599612,0.22798571239042717
750,2021-11-18,2021-12-16,-0.03911262660196811,0.03962717417847672,-0.9870152846581707,0.03434292469437424,-1.1388845577376001,0.031792478362290405,-1.2302478012648508,True,False,1.7328182125309113,0.2686638258469158
751,2021-11-19,2021-12-17,-0.03883970809942261,0.03958427634885499,-0.9811903028649426,0.03439005079447199,-1.1293879247676448,0.03158601044425499,-1.229649061503649,True,False,1.7348100795446726,0.2687858715533113
752,2021-11-22,2021-12-20,-0.03754552479111532,0.03949825466477387,-0.9505616161971817,0.0344071243028732,-1.0912136818124043,0.031117040385206816,-1.2065904831027772,True,False,1.7387858049195777,0.270149587679163
753,2021-11-23,2021-12-21,-0.04174597033413191,0.03928755349841519,-1.062574953561715,0.03259557766497305,-1.280724973283471,0.03209153165887434,-1.3008406946069777,True,False,1.748538083541828,0.259167052194498
754,2021-11-24,2021-12-22,-0.03647124216548662,0.03887804729093406,-0.9380934667979407,0.031232135557383075,-1.1677473062473647,0.03197076652657191,-1.1407684621879248,True,False,1.767848425065053,0.259468394977562
755,2021-11-25,2021-12-23,-0.0341113316690899,0.038889958142839055,-0.8771244120089376,0.03036095757896628,-1.1235262122536558,0.032163203841811296,-1.060570079923011,True,False,1.7672388779417574,0.256350921184455
756,2021-11-26,2021-12-24,-0.03411126738155292,0.038890040619748316,-0.8771208987689064,0.030387803999848348,-1.1225315057884129,0.03214616520673675,-1.061130220733276,True,False,1.7672388779417574,0.256350921184455
757,2021-11-29,2021-12-27,-0.04851718659078322,0.0499340359335339,-0.9716255793015286,0.054517790706582255,-0.8899331018732102,0.048043676840139785,-1.0098558183258743,True,False,1.3666105536849655,0.2506119923199488
758,2021-11-30,2021-12-28,-0.03618812645980231,0.05488932333598295,-0.6592926321625652,0.05642421898377168,-0.6413580393591354,0.0544838299987925,-0.6641993865079663,True,False,1.241207155208594,0.24949148796244452
759,2021-12-01,2021-12-29,-0.005450920838406901,0.05990229520402667,-0.09099686113597341,0.04995939955706001,-0.10910701262894991,0.058477570746755414,-0.09321387275153425,True,False,1.1362944941310806,0.2415013811929052
760,2021-12-02,2021-12-30,0.030669426451987926,0.06594033309065783,0.4651087583955964,0.03969677242192867,0.7725924446957305,0.050885108571252294,0.6027190923459033,True,False,1.0308714823150371,0.23544209655427598
761,2021-12-03,2021-12-31,0.047335475125167906,0.06841307714586473,0.6919068268811108,0.037420468389049125,1.264962122682044,0.049628801369618517,0.9537904164283418,True,False,0.9931897041576476,0.23346716381269966
762,2021-12-06,2022-01-03,0.043226475216640886,0.07335639473816273,0.5892666259149302,0.044448820782884445,0.9724999326255639,0.05934400706038282,0.7284050632552961,True,False,0.9258093982277428,0.2303702693779021
763,2021-12-07,2022-01-04,0.05005335895879071,0.07752477348313304,0.645643408034991,0.04865646837661856,1.0287092472754027,0.06240557956839996,0.8020654451887506,True,False,0.875504338106839,0.23050992802238784
764,2021-12-08,2022-01-05,0.017257279910266057,0.0884853214947674,0.19502986053214003,0.07147036871815769,0.24146062514830274,0.08509600457161794,0.20279776937990196,True,False,0.7660198653502421,0.2265017509390219
765,2021-12-09,2022-01-06,-0.00550781300844907,0.09198973395967334,-0.05987421390808236,0.06569839817786509,-0.08383481426042966,0.0869189937143042,-0.06336719712325262,True,False,0.7367520833090949,0.2202690049889992
766,2021-12-10,2022-01-07,-0.017284691271719735,0.09454712008017631,-0.18281562946668553,0.05340168525109384,-0.3236731423446171,0.08981958904433479,-0.19243787970559564,True,False,0.7166623790079374,0.21951859804997545
767,2021-12-13,2022-01-10,-0.028752041678270654,0.1039960050253107,-0.2764725594148827,0.05960008896042058,-0.4824160866163204,0.1048497481508536,-0.2742213709173948,True,False,0.6512088437470082,0.2202957983445996
768,2021-12-14,2022-01-11,-0.03546969995573679,0.10666938418676122,-0.33251996555670515,0.06303532731899682,-0.5626955782467614,0.109251653217296,-0.32466053291833813,True,False,0.6347645262301375,0.22345486876373633
769,2021-12-15,2022-01-12,-0.06427793866889946,0.11087778432648819,-0.5797188233815,0.085793920886956,-0.7492132077002694,0.10418964096157517,-0.6169321448435068,True,False,0.6104241376695645,0.21960231689315127
770,2021-12-16,2022-01-13,-0.03999220643499603,0.10867114375411041,-0.36801127745085827,0.05047238977917586,-0.7923580914232082,0.08585605301907227,-0.4658053221490634,True,False,0.6228125151074215,0.21341938134685376
771,2021-12-17,2022-01-14,-0.013018531655965459,0.10941787571052278,-0.11897993423311781,0.056867034992129604,-0.22892932008442543,0.09003625215876569,-0.14459210977606213,True,False,0.6187721566163404,0.18555737815813803
772,2021-12-20,2022-01-17,-0.02037046949812093,0.11145789302582272,-0.18276381281854548,0.05497102197610745,-0.3705674147185172,0.09120647853596736,-0.2233445455312455,True,False,0.6074264411852177,0.1839549745924404
773,2021-12-21,2022-01-18,0.014632652935709483,0.09534874357868933,0.15346455953699548,0.04046722823043649,0.3615926658575512,0.09040727804255165,0.16185259917705286,True,False,0.7107219315129624,0.19374159936374524
774,2021-12-22,2022-01-19,0.03002475055595514,0.09852680264800089,0.30473688122431264,0.04515314435604514,0.6649537033169076,0.08983554179995862,0.3342190624598534,True,False,0.6877745903371735,0.19144999879228322
775,2021-12-23,2022-01-20,-0.004014564428198473,0.10466507864755147,-0.03835629304514348,0.04612883860051104,-0.08702938443704927,0.10219242692575173,-0.039284363322883695,True,False,0.6474833887590181,0.18355323739264784
776,2021-12-24,2022-01-21,0.0014879529462159266,0.09592118089034887,0.01551224591278606,0.04277912105285116,0.034782223421038636,0.07967479895508532,0.01867532727700666,True,False,0.7070513855950353,0.1850490251583099
777,2021-12-27,2022-01-24,0.015737143092622908,0.09597526116095259,0.16397082854748765,0.04353306055178257,0.3614986608603725,0.07860536038467436,0.20020445190518035,True,False,0.7067258901118432,0.22089799120514428
778,2021-12-28,2022-01-25,0.013669318614452553,0.09638144134101737,0.14182521473286222,0.04404343251737001,0.31035997498745355,0.07922130915931992,0.17254598238161578,True,False,0.7037566834998148,0.22072902961111418
779,2021-12-29,2022-01-26,0.013671684078927231,0.09709776778082918,0.1408032789156101,0.04505657357815685,0.3034337277159304,0.08048926119657852,0.16985724400596677,True,False,0.698468344240516,0.22091930872878496
780,2021-12-30,2022-01-27,-0.06994647624957206,0.09376974614823017,-0.7459386329040655,0.09176420068551357,-0.762241437587264,0.12041163883260422,-0.5808946454653887,True,False,0.7232378223255119,0.2786152290770828
781,2021-12-31,2022-01-28,-0.07571254672874317,0.08366991352693783,-0.9048957210212396,0.07058893491929398,-1.0725837812301195,0.08980197173063424,-0.8431056163872097,True,False,0.8117402587641339,0.27774132047703987
782,2022-01-03,2022-01-31,-0.030967962056713854,0.07693698942989298,-0.40251070760875923,0.04598816250174945,-0.6733898545204061,0.08627726510496751,-0.3589353698107758,True,False,0.8835710787915253,0.29388344454372
783,2022-01-04,2022-02-01,-0.015614555698132335,0.07206157901808617,-0.21668350750700813,0.03903774611058083,-0.3999860968894449,0.07263647381876308,-0.21496852582756934,True,False,0.943265578358145,0.29557271720981554
784,2022-01-05,2022-02-02,-0.014830775218339098,0.07205425580995997,-0.20582788693917867,0.03914755259287782,-0.37884297321404675,0.07236244917285044,-0.20495126115636556,True,False,0.9433352695502609,0.29779703078464975
785,2022-01-06,2022-02-03,-0.013294049844131892,0.07328139121468805,-0.1814109915733603,0.040229337876564686,-0.33045659078262496,0.07396300121603368,-0.17973918885879406,True,False,0.9270372018795278,0.29968531993929415
786,2022-01-07,2022-02-04,-0.020824047546448968,0.07248454574140101,-0.2872894812742807,0.0399363628177672,-0.5214307482499284,0.07275010332471457,-0.28624079684811454,True,False,0.9375314736859602,0.2984580503591321
787,2022-01-10,2022-02-07,-0.02765708394715911,0.07285927458615801,-0.3795959279618394,0.03663646531866166,-0.754905903356111,0.07402265795432164,-0.37362997643540324,True,False,0.932655701618917,0.29144495764613887
788,2022-01-11,2022-02-08,-0.03435525734960406,0.0718083589548461,-0.4784297796194874,0.03607732395440863,-0.9522673409208298,0.07114622254419085,-0.48288238111679194,True,False,0.9465267320291164,0.28978271800229694
789,2022-01-12,2022-02-09,-0.035833547602571666,0.07123365761035182,-0.503042365149649,0.03231527428438061,-1.1088733856079815,0.06955905253393524,-0.5151528995466094,True,False,0.9545585969568665,0.2845729499434861
790,2022-01-13,2022-02-10,-0.0693648111548331,0.06583223849895166,-1.0536602238724984,0.03676050150033179,-1.8869386521891447,0.06884518511961324,-1.0075477469385412,True,False,1.0329755774925338,0.27383461321013775
791,2022-01-14,2022-02-11,-0.04387342680718156,0.06438469938609499,-0.6814262895612244,0.0308865301866105,-1.420471206772231,0.0661971630792231,-0.6627689883730356,True,False,1.0565996881838893,0.27605692090870365
792,2022-01-17,2022-02-14,-0.0344305905804385,0.06503877992595351,-0.5293855545820146,0.03309585488104845,-1.0403293918282908,0.06803076582083466,-0.506103233809166,True,False,1.0457970421799427,0.28092325270324287
793,2022-01-18,2022-02-15,-0.020704189785919824,0.06215415359596956,-0.33311031665729907,0.033015319898459725,-0.6271085620129261,0.06176122943807637,-0.3352295602644772,True,False,1.0947299263981518,0.28672430975506236
794,2022-01-19,2022-02-16,-0.031162985871474102,0.0650838942595876,-0.4788125576379971,0.03437628320230415,-0.9065257488158385,0.06260753674337437,-0.49775134899828205,True,False,1.044758139496244,0.2831325096617934
795,2022-01-20,2022-02-17,-0.033918442234414904,0.06106991195444689,-0.5554034900151037,0.02946949783655088,-1.1509677708978814,0.055953131243664425,-0.6061938175847038,True,False,1.1142312778101453,0.28206345249862597
796,2022-01-21,2022-02-18,-0.030083906076427705,0.0617312457534391,-0.4873367726383799,0.02894433244166796,-1.039371218426141,0.057271603398003544,-0.5252848583156031,True,False,1.1022213054872052,0.28127709065360385
797,2022-01-24,2022-02-21,-0.03400478280784163,0.06507390720560827,-0.5225563404453297,0.031573868986838845,-1.07699131905615,0.06277013693655277,-0.541735042608131,True,False,1.0447170502478809,0.2800327238729694
798,2022-01-25,2022-02-22,-0.04977224087200668,0.06507316599859395,-0.7648658261545491,0.037213179170882696,-1.337489620100794,0.05843634738401965,-0.851734290388206,True,False,1.044842087766749,0.2552784579551141
799,2022-01-26,2022-02-23,-0.05151676739563457,0.06395964710258253,-0.8054573427056081,0.03636554445924794,-1.4166367687239068,0.05673878815326269,-0.9079638299019992,True,False,1.0636016139648155,0.255270653633763
841,2022-03-25,2022-04-22,0.12075912237185547,0.07619859272253864,1.5847946537749689,0.0473575217187821,2.5499459851160693,0.06707662828285464,1.8003159291583315,True,False,0.890353557972406,0.3026131006814946
842,2022-03-28,2022-04-25,0.09051973258102922,0.07571062651264249,1.1956014201773095,0.03830895569721428,2.362886978608283,0.07841015135777572,1.1544389471715082,True,False,0.8961450108569972,0.31175739773146066
843,2022-03-29,2022-04-26,0.07202462307578579,0.06206764502071382,1.1604213926877527,0.03335917004704275,2.159065197791714,0.06458535381013485,1.115185081861138,True,False,1.0947313121917808,0.3097766182213986
844,2022-03-30,2022-04-27,0.03436245785751128,0.06068356196849646,0.5662564414948213,0.03817780035042966,0.9000638471075393,0.06123576795821136,0.5611501088867046,True,False,1.1195647269049929,0.27848905636326987
845,2022-03-31,2022-04-28,0.015845858868149567,0.05935690525397748,0.2669589797572498,0.04606607814201809,0.34398107039409853,0.059939838585204575,0.26436272172512865,True,False,1.1439426332213054,0.25401410866571944
846,2022-04-01,2022-04-29,-0.02156980399168108,0.057467541673468306,-0.37533890198820624,0.06812525199382131,-0.3166198048505916,0.07304572092567059,-0.2952918215925331,True,False,1.1828666114157707,0.2941957125374044
847,2022-04-04,2022-05-02,-0.02467701892340204,0.05736253400250494,-0.4301940169226909,0.07196283138182863,-0.34291339639581286,0.07323299127940898,-0.3369658741543241,True,False,1.1849439704767029,0.29588225195513274
848,2022-04-05,2022-05-03,-0.013905183205864872,0.05499452876358717,-0.2528466652681227,0.05965307668603055,-0.23310085545212395,0.06832641954818626,-0.2035110766496177,True,False,1.2370026317491798,0.3000264411001954
849,2022-04-06,2022-05-04,-0.004069032289289744,0.05246214672798617,-0.07756129977653202,0.05365808180291605,-0.07583260810990475,0.064377518761651,-0.06320579555659457,True,False,1.2981199498358766,0.3057421659329298
850,2022-04-07,2022-05-05,-0.0001484574777117057,0.04788643901173776,-0.0031001987363336063,0.04550508976175893,-0.0032624367623259754,0.050957431652463483,-0.0029133626420618213,True,False,1.4248179008207824,0.3090641526265075
851,2022-04-08,2022-05-06,0.005905797568433265,0.04775091742505487,0.12367924820926053,0.046662770117926605,0.12656337275965562,0.05048126500639633,0.11698988857915821,True,False,1.429390946328454,0.3133423430563362
852,2022-04-11,2022-05-09,0.01686183340341488,0.04579339965585875,0.36821536575430036,0.047778863955207765,0.3529140713605642,0.045881906899711604,0.36750506992378007,True,False,1.4916059729808373,0.3239202154615994
853,2022-04-12,2022-05-10,0.017581275323306368,0.046013126146721095,0.38209260694970654,0.04700782745681744,0.3740073999262562,0.04714128014780236,0.3729486188789036,True,False,1.4838726021796742,0.32392822296068885
854,2022-04-13,2022-05-11,0.020206341041149142,0.045968239214538464,0.43957178666000424,0.047697169015390097,0.42363816256326053,0.04718344343480056,0.4282506652798846,True,False,1.4855837489084427,0.3348569941610192
855,2022-04-14,2022-05-12,0.006057470105777396,0.04676618078643387,0.12952672217215935,0.04705865964639729,0.12872168802285772,0.049762070405927,0.12172865912459925,True,False,1.4584767439940527,0.35173436366648875
856,2022-04-15,2022-05-13,0.020498953638973572,0.04551424446272924,0.45038545363001203,0.04706750565174481,0.4355224130772196,0.04941883768065662,0.414800400030396,True,False,1.500495738231816,0.36855287226168854
857,2022-04-18,2022-05-16,0.024048942143281217,0.04520715141759542,0.5319720749739818,0.047456629240212,0.5067562220138369,0.048901003862256646,0.4917883119745719,True,False,1.511032787475705,0.37135117182685684
858,2022-04-19,2022-05-17,0.036625951517023816,0.045008246531164635,0.8137609069409815,0.05117834219700922,0.7156533397669176,0.049528771766803,0.7394883864568718,True,False,1.5186040280689537,0.4128597080185586
859,2022-04-20,2022-05-18,0.029152199259567874,0.04299816231054765,0.6779870974257126,0.04550292582873977,0.6406664786631208,0.04649887163760748,0.6269442296743838,True,False,1.591950964871099,0.41188084716916484
860,2022-04-21,2022-05-19,0.03399165528615809,0.04280832599258101,0.7940430861989112,0.04627230867227657,0.7346003746409941,0.04677014828197787,0.7267810031565847,True,False,1.5992945737066104,0.4219608782909768
861,2022-04-22,2022-05-20,0.03075959950074561,0.0431893107757081,0.7122039909478343,0.04551192879724226,0.6758579632557663,0.04755576372096023,0.6468111769002733,True,False,1.5850286962507425,0.41946571134839583
862,2022-04-25,2022-05-23,0.012441019927215781,0.046249478412223106,0.26899805909871166,0.05192022385273603,0.23961799476255877,0.046678248157087134,0.26652713883665463,True,False,1.479083198348656,0.41325222819025137
863,2022-04-26,2022-05-24,0.018739316906307094,0.04633865950563209,0.40439920157874837,0.04955422145549076,0.3781578310767855,0.046646935790957335,0.40172664267348884,True,False,1.4760769429534115,0.39835333977823123
864,2022-04-27,2022-05-25,0.009016169842789726,0.05256911760386603,0.1715107700823698,0.06316703938992381,0.14273535581007388,0.061909443490248545,0.14563480681602117,True,False,1.2970948833365954,0.39835355871861455
865,2022-04-28,2022-05-26,0.022714244837924353,0.05301657805061378,0.428436645161058,0.055430140202703204,0.4097814790808815,0.06059975838915663,0.37482401649292235,True,False,1.285824996096863,0.3873728955838332
866,2022-04-29,2022-05-27,0.04263251536615235,0.05290539250991972,0.8058255187910908,0.04522614956002034,0.942651890132147,0.05848002883814135,0.7290098211844063,True,False,1.2881562176084742,0.3761919713375386
867,2022-05-02,2022-05-30,0.07872583749395275,0.05533446685252393,1.4227269543189225,0.018695018017557394,4.21105972832,0.04287225045850261,1.8362888967107975,True,False,1.2303975935882623,0.36455521545925146
868,2022-05-03,2022-05-31,0.08439868646767432,0.055441999415293666,1.5222879289665905,0.017305586770698114,4.876961849717716,0.043650167615082364,1.9335249113341821,True,False,1.2277035243450154,0.35521851368081264
869,2022-05-04,2022-06-01,0.0860722731494979,0.057265466654958,1.5030397581165234,0.016407012456963993,5.246066179035802,0.04670123291862512,1.8430407030040323,True,False,1.1881389630366066,0.3779259652829686
870,2022-05-05,2022-06-02,0.10710619378840427,0.06062544919032032,1.7666870137682253,0.018477739400672974,5.79649877433077,0.05237966468214477,2.0448048768230227,True,False,1.1209536990708415,0.39265683394865986
871,2022-05-06,2022-06-03,0.11524931478192503,0.07401260461899813,1.5571579378297131,0.02767632397075271,4.16418433689807,0.08788475959266923,1.3113686072088702,True,False,0.9162878678921914,0.38258821740477694
872,2022-05-09,2022-06-06,0.1165547258906778,0.07413590373238924,1.5721765031881063,0.02758968683221113,4.224575893141325,0.0882336823305378,1.3209776902888937,True,False,0.9147836523889377,0.38374911100067405
873,2022-05-10,2022-06-07,0.06889572441214675,0.0909766006689508,0.7572905989623332,0.033582357638731186,2.0515451938576215,0.10968331352473952,0.6281331425732962,True,False,0.7446635793202074,0.36155298551253595
874,2022-05-11,2022-06-08,0.09283874036860784,0.0924264870930003,1.004460336950735,0.02945688287410763,3.151682435829365,0.13810610142088664,0.6722276526051243,True,False,0.73272845557573,0.3546645107150143
875,2022-05-12,2022-06-09,0.1264923193430955,0.08670144784465415,1.4589412574716856,0.047528982574252275,2.661372335195321,0.15079209761065876,0.8388524421862964,True,False,0.7813689707845685,0.36944503778899235
876,2022-05-13,2022-06-10,0.20002016625732136,0.08396285807243789,2.382245803075885,0.09094490849814431,2.1993552971841486,0.19634455857177574,1.0187201912407569,True,False,0.8063054751107792,0.38855551335925353
877,2022-05-16,2022-06-13,0.22872761045847345,0.0674472960827119,3.391205040717725,0.056151692625539595,4.073387635592677,0.10060022672176268,2.273629174724247,True,False,1.0044616286382306,0.4391547280878731
878,2022-05-17,2022-06-14,0.2078090105904522,0.06756900404104733,3.075507972031241,0.045086508674408735,4.6091173767998,0.10437718677218528,1.990942820139599,True,False,1.003135296637126,0.4467718284277146
879,2022-05-18,2022-06-15,0.16379963071717302,0.06459515546346806,2.5357881646373666,0.051920920871288676,3.154790553950888,0.09810504714066977,1.6696351053407663,True,False,1.0505669765503456,0.4171241556394317
880,2022-05-19,2022-06-16,0.1189407208497302,0.0692784399392764,1.7168504509337037,0.10729764026738212,1.1085119910683396,0.17466081871439967,0.6809811251613256,True,False,0.9800880284646533,0.45784557390061664
881,2022-05-20,2022-06-17,0.0731666715386417,0.06897907894642767,1.0607081546488364,0.12138884068478946,0.6027462749119887,0.19254783082150184,0.37999218805258633,True,False,0.9846402989078601,0.45090093509714513
882,2022-05-23,2022-06-20,0.07345152068394359,0.06896392021149501,1.06507171371184,0.12111689080268487,0.6064515047996538,0.19232486004137886,0.3819138132643925,True,False,0.9848354394593004,0.4503538233649152
883,2022-05-24,2022-06-21,0.07072131996220218,0.0690541464646819,1.024142988985795,0.11455613307632043,0.6173507961820404,0.19379178261028063,0.36493456538569674,True,False,0.983551195158686,0.4466848538843167
884,2022-05-25,2022-06-22,0.07934338659109436,0.06873814818730277,1.1542846102704665,0.11463042502892536,0.6921669056977952,0.1918504299547502,0.4135689798026945,True,False,0.9878847082383703,0.4471332086224368
885,2022-05-26,2022-06-23,0.08794455332256014,0.06921561387294387,1.2705883600771957,0.11643161403788745,0.7553322527500351,0.18815827451731418,0.4673966826501034,True,False,0.9808934614521165,0.44560340685797295
886,2022-05-27,2022-06-24,0.09204875128222852,0.0681538962900077,1.3506014519044325,0.11405919220814789,0.8070261545798757,0.17999719119311708,0.5113899315432672,True,False,0.9962551381806691,0.4476450942941841
887,2022-05-30,2022-06-27,0.07808207374222681,0.06946837260741838,1.1239945720837081,0.11520423652437217,0.6777708537281791,0.19362744420354702,0.4032593316686274,True,False,0.9773714389819843,0.4407689131091352
888,2022-05-31,2022-06-28,0.08655265523692539,0.06894867964635895,1.2553199811926503,0.11276763503304951,0.7675309960305442,0.17909012965865367,0.4832910412309992,True,False,0.9847681716893463,0.44499937362355446
889,2022-06-01,2022-06-29,0.0820026467719441,0.06898263667602794,1.1887432943026477,0.1104630961266234,0.7423533256567859,0.1773135180991075,0.4624726171532483,True,False,0.9841115132924163,0.44223892799126785
890,2022-06-02,2022-06-30,0.08807313339433427,0.0690807297736027,1.2749305585360071,0.11266014552356461,0.781759449937089,0.17633351580328818,0.4994690487121333,True,False,0.9829297946086786,0.43247049261590603
891,2022-06-03,2022-07-01,0.04713435968001312,0.06771125159249894,0.696108232700792,0.10615165710721863,0.4440284868318635,0.1839409631580437,0.25624721579561843,True,False,1.0028168167836022,0.41440779810623224
892,2022-06-06,2022-07-04,0.044302947952614566,0.06751482783813623,0.6561958220322934,0.10612047725416378,0.41747784309814984,0.18279343203071066,0.24236619150064068,True,False,1.0058314050184,0.41548244350875946
893,2022-06-07,2022-07-05,0.04254725350870829,0.06747010321826055,0.6306089879701418,0.10314395125778889,0.4125036222664133,0.17716647485603604,0.2401540897807095,True,False,1.0057650387134138,0.4488119396181948
894,2022-06-08,2022-07-06,0.03880144300122473,0.06764742425543471,0.573583450194816,0.10379981816874816,0.3738103176456911,0.17876722237518783,0.21705009724763846,True,False,1.0027948527916364,0.44968102100472473
895,2022-06-09,2022-07-07,0.04443082135952282,0.06744353855436967,0.6587854420435676,0.10294509133052744,0.4315972795329121,0.17701339791080162,0.25100259010852866,True,False,1.0060524268668982,0.4561808540943606
896,2022-06-10,2022-07-08,0.04516595702222698,0.06841652052417746,0.6601615615086117,0.10710746434458324,0.42168822965428704,0.20200127083611247,0.22359243996475145,True,False,0.9921793607156371,0.45897765271423135
897,2022-06-13,2022-07-11,0.03398029339278296,0.0686141384462001,0.4952374854845214,0.10075146588544338,0.3372684763854384,0.21327477139060147,0.15932636181590296,True,False,0.9895985715192451,0.4427431944488223
898,2022-06-14,2022-07-12,-0.1352127855207875,0.09515912757019981,-1.4209124124329504,0.1674631005489911,-0.8074183809897344,0.23312323870217516,-0.5800056067920693,True,False,0.7114702898387121,0.40011073830134614
899,2022-06-15,2022-07-13,-0.1170642452522635,0.09635690236172273,-1.2149025381991385,0.16875933132631235,-0.693675687929271,0.23712203990066755,-0.4936877453538385,True,False,0.7028605497310734,0.39537088742376836
900,2022-06-16,2022-07-14,-0.15296246781744907,0.10718667176142198,-1.4270661202907362,0.2137275442463606,-0.7156890720698662,0.2939412109809785,-0.520384560255988,True,False,0.6312057040756075,0.41354065329147666
901,2022-06-17,2022-07-15,0.18405244525020836,0.12632408678434628,1.4569861531191026,0.13751316559832677,1.3384350832837484,0.16353450723016622,1.1254654957388548,True,False,0.5350155974436448,0.38329663564910316
902,2022-06-20,2022-07-18,0.15729590046030484,0.1268397756367704,1.2401149376891938,0.13595969982477144,1.1569303305540692,0.18748549719689245,0.8389763625029446,True,False,0.5331914257128795,0.4014030061284368
903,2022-06-21,2022-07-19,0.1689855238654215,0.1262732247728981,1.338253015786532,0.1309880054026411,1.2900839534580337,0.18603487340536112,0.9083540132672335,True,False,0.5355981461282978,0.4064773013271195
904,2022-06-22,2022-07-20,0.14448805247702232,0.12674541667032416,1.139986409550795,0.12758937214554023,1.1324458303016485,0.18676584645760766,0.7736320918279799,True,False,0.5335378032108153,0.38721622878179357
905,2022-06-23,2022-07-21,0.12744692162354582,0.12853228141279557,0.9915557416602293,0.13157965585722323,0.9685913889441858,0.19369709551482028,0.6579702255462809,True,False,0.5260458745046243,0.3866602271919919
906,2022-06-24,2022-07-22,0.1163774979108654,0.1288625909212337,0.9031131306524814,0.13517099169788424,0.8609650373134533,0.19524182333092982,0.5960684853552538,True,False,0.5248640651219818,0.3985211321557798
907,2022-06-27,2022-07-25,0.0847011812367357,0.13535635808425514,0.6257643337597177,0.15056541738286633,0.5625540227564522,0.21805770262700802,0.38843471345572567,True,False,0.49963014128757527,0.3930522737861319
908,2022-06-28,2022-07-26,0.0853854093948441,0.1289238457517119,0.6622933786763052,0.13751252188471078,0.6209282487483607,0.196128800825194,0.4353537524096043,True,False,0.5245212793901084,0.38679572892677444
909,2022-06-29,2022-07-27,0.05831674461777573,0.13147056941130017,0.4435726176505271,0.14948249132419442,0.39012424867404455,0.2036319392529548,0.28638309310276594,True,False,0.5144054634813766,0.3819363267479917
910,2022-06-30,2022-07-28,0.09179944382986609,0.13030188040767676,0.7045135768006745,0.14902049569746517,0.6160189133730521,0.20120824695463543,0.4562409603944477,True,False,0.5191760759284682,0.4047935028336931
911,2022-07-01,2022-07-29,0.11615576883273945,0.13109856045002802,0.8860186445526651,0.14793649724665628,0.7851731722366764,0.2047501046658915,0.5673050522844952,True,False,0.5160127639700313,0.4111491844581503
912,2022-07-04,2022-08-01,0.13343891318194692,0.1307487755934313,1.0205748587419337,0.11630096024269987,1.1473586538192215,0.18194500730732838,0.7334024448197776,True,False,0.5174289830568454,0.40550778108777397
913,2022-07-05,2022-08-02,0.1749658711005711,0.12907525629986435,1.355533787932947,0.10230892304903703,1.7101721520097453,0.17926915124160833,0.9759954230204531,True,False,0.5241305668093059,0.4170128861296378
914,2022-07-06,2022-08-03,0.08207777580293699,0.12143667981443601,0.6758894917775893,0.12278245499319933,0.6684813054722119,0.18354776914238044,0.4471739220064732,True,False,0.5573997753657823,0.37274324721148283
915,2022-07-07,2022-08-04,0.10659108931656842,0.12197601429681976,0.8738692597151663,0.12759215522808268,0.8354047247342682,0.1852769094459186,0.57530692645584,True,False,0.5548476382782508,0.37711463240154075
916,2022-07-08,2022-08-05,0.09999366402111168,0.12236742469688368,0.8171591767074118,0.12343914251487828,0.8100644737471285,0.18492363101013426,0.5407295080401692,True,False,0.5531096033092113,0.3866510524838588
917,2022-07-11,2022-08-08,0.07918530431076101,0.12589184383523125,0.6289947140213443,0.125085363907906,0.6330501174306942,0.19587936057470026,0.4042554768324508,True,False,0.5376289604049643,0.3918420593629151
918,2022-07-12,2022-08-09,-0.019343955294573712,0.13283769269838483,-0.1456209822801967,0.08406575192720435,-0.23010506479885365,0.18533028391188203,-0.10437557686886767,True,False,0.5094800297062105,0.35770933553116896
919,2022-07-13,2022-08-10,0.07754586651935938,0.12976668820285495,0.5975791444884337,0.12056745631665869,0.6431741108951715,0.2130242779194973,0.3640236093121004,True,False,0.5217686250231678,0.40056690680684914
920,2022-07-14,2022-08-11,0.07731408049500194,0.12810069590026002,0.6035414558184692,0.11997531796882241,0.6444165500365108,0.2090166539475309,0.3698943554727938,True,False,0.5287128221628749,0.400810278691816
921,2022-07-15,2022-08-12,0.07253619373868626,0.12775932471668996,0.5677565524045888,0.11184695469432236,0.6485307886739305,0.2059293460071833,0.3522382562034458,True,False,0.5299600567224313,0.37387624462595137
922,2022-07-18,2022-08-15,0.05183374094910806,0.137244187414503,0.37767530942902894,0.15857925701061834,0.326863310663874,0.24705174775416802,0.20980924612071913,True,False,0.4935614449455097,0.3774374137323549
923,2022-07-19,2022-08-16,0.13205014092215706,0.14337184867074637,0.9210325607603091,0.15069148629289908,0.8762946346251517,0.252566557334125,0.5228330397973691,True,False,0.47275848927407177,0.3646412527652912
924,2022-07-20,2022-08-17,0.13669025461145745,0.14382124793084683,0.9504176648305948,0.15815265384326213,0.864293145197076,0.26146082255496195,0.522794402908006,True,False,0.4714482432939084,0.3700184487094953
925,2022-07-21,2022-08-18,0.13946772414383035,0.14440549458341057,0.9658062149655386,0.15894845139228875,0.8774399682549944,0.26611036167320806,0.52409730784967,True,False,0.46956906150955413,0.3734668595343029
926,2022-07-22,2022-08-19,0.2150967124733542,0.14035643567194664,1.5325033828594585,0.170127056648468,1.2643298291923466,0.26594954863447573,0.8087876575755567,True,False,0.48291572169185504,0.3900863028467755
927,2022-07-25,2022-08-22,0.21256741210909177,0.11332393602784815,1.8757503450714559,0.10951601130169202,1.9409710925603043,0.17330042459429776,1.2265833312683416,True,False,0.5976328995741088,0.3917078821483401
928,2022-07-26,2022-08-23,0.20395603189787398,0.11337190358839148,1.7989998001476417,0.1088278106070266,1.874116834292955,0.17298644728076593,1.1790289650081247,True,False,0.5975208204973519,0.40610652311407497
929,2022-07-27,2022-08-24,0.18302723543557792,0.11384370951534384,1.6077061808224857,0.10847551664638838,1.6872676996064964,0.16803331671922145,1.0892318202669942,True,False,0.5951014827739484,0.4030114291099852
930,2022-07-28,2022-08-25,0.19938982943786354,0.11565490007699271,1.7240067589451686,0.11066558969349428,1.8017328601429312,0.17322882464986367,1.1510199289343297,True,False,0.5855483410524588,0.40309967092670745
931,2022-07-29,2022-08-26,0.08944022829219572,0.09610755201003525,0.9306264327995437,0.09753391439716573,0.9170166997295742,0.15274294918826098,0.5855604384196978,True,False,0.7050010844430165,0.3805019705062479
932,2022-08-01,2022-08-29,0.08057886981591707,0.09750061253884215,0.8264447547323477,0.10483746526307415,0.7686075737687503,0.16098612918804966,0.5005329976087071,True,False,0.6947615289138294,0.3780134287420517
933,2022-08-02,2022-08-30,0.11248813038554195,0.09951643009172614,1.1303473233702168,0.10549311779760359,1.0663077623827444,0.1760995604492069,0.6387757590001898,True,False,0.6802861729633731,0.36945855363598745
934,2022-08-03,2022-08-31,0.1025111811868411,0.10044500718984452,1.0205702010961226,0.10488849836842444,0.9773348153652374,0.17272144354640911,0.5935058153870572,True,False,0.6740926401027993,0.36289224538704234
935,2022-08-04,2022-09-01,0.1437465513916997,0.10645531508992633,1.3502994309891643,0.1306170240834658,1.10051926538951,0.20646085912976506,0.6962411761609106,True,False,0.6356638471499424,0.3836991282847864
936,2022-08-05,2022-09-02,0.13290084912369268,0.10710034852268334,1.2409002487563794,0.12281452534772509,1.0821264728045006,0.20357232944147796,0.6528433873519063,True,False,0.6318956509604874,0.3872930195848331
937,2022-08-08,2022-09-05,0.143146270476687,0.10735399747069886,1.3334041940614019,0.12649095077828268,1.131672025515867,0.19939818430120682,0.7178915443906608,True,False,0.6304390723882881,0.38031922157767123
938,2022-08-09,2022-09-06,0.1663399411196278,0.10659743789051973,1.5604497107188098,0.14110968789181108,1.1787988734491481,0.2215290016040476,0.7508720750565084,True,False,0.6345273433860497,0.4002902126624546
939,2022-08-10,2022-09-07,0.14115973862376002,0.09829383209773858,1.436099657640753,0.11674981572659819,1.2090788987138479,0.17968456644354008,0.785597457910303,True,False,0.6883502997417476,0.39946274901394296
940,2022-08-11,2022-09-08,0.05801216168541605,0.10268726731703902,0.5649401644539627,0.06879581637031154,0.8432513014040034,0.12814256901577598,0.4527157690921119,True,False,0.6587357543647997,0.33301389488266486
941,2022-08-12,2022-09-09,0.09941412046087934,0.10154532484984902,0.9790122844934417,0.08962112297598271,1.109271086544196,0.1468935173875208,0.676776771561772,True,False,0.6663452803861026,0.37313030729419483
942,2022-08-15,2022-09-12,0.08083465831829063,0.10140108155679844,0.7971774765835431,0.07139543508621446,1.13221045884345,0.1292052689618519,0.6256297360609746,True,False,0.667583668269533,0.38645030782304934
943,2022-08-16,2022-09-13,0.15506183632827317,0.0904017484349446,1.7152526252283673,0.09831374371601155,1.5772142374740992,0.1385003801569979,1.1195769726588616,True,False,0.7486418255200853,0.42041148085127417
944,2022-08-17,2022-09-14,0.15638319809053294,0.08882214125114356,1.760633057115357,0.09327645169278259,1.676556035874951,0.1341931681496409,1.1653588647385356,True,False,0.7620965050525614,0.4203750762122628
945,2022-08-18,2022-09-15,0.15485062571646618,0.08879290821310454,1.7439526290187721,0.09245230451032119,1.6749244546865674,0.13418578309284224,1.1540017291498466,True,False,0.7623220791606674,0.4211092385955239
946,2022-08-19,2022-09-16,0.16189501126797504,0.08911289810488103,1.8167405023393295,0.09335882020353563,1.734115865164327,0.1350791340992792,1.1985197591582646,True,False,0.7596420570954046,0.42068824713197717
947,2022-08-22,2022-09-19,0.14562477419083353,0.08904800774538388,1.635351288343478,0.09181160082195018,1.586126076521016,0.13589944692726744,1.071562669925883,True,False,0.7604596827840187,0.4071337036321587
948,2022-08-23,2022-09-20,0.12709225390165563,0.09680375396557067,1.3128855927101484,0.11135231251851095,1.1413526223851713,0.1723400763552627,0.737450374802359,True,False,0.6994401594412752,0.3980526095925745
949,2022-08-24,2022-09-21,0.1415733650957879,0.09627743427085723,1.4704729739421563,0.10985973691328899,1.2886738041938888,0.17112958099920822,0.8272875108391865,True,False,0.7029195441638116,0.3911214839677964
950,2022-08-25,2022-09-22,0.13566616626475778,0.0980543899908557,1.3835807481685385,0.11231311980923851,1.2079280363254439,0.1775588429259185,0.7640631355170563,True,False,0.6900883879122197,0.3941869178772088
951,2022-08-26,2022-09-23,0.1896928811326847,0.09413928459544271,2.015023610471199,0.11383260272245568,1.6664196073526492,0.17105529882373882,1.1089564745267007,True,False,0.7181185506597162,0.42595213666406745
952,2022-08-29,2022-09-26,0.3613626157038554,0.1034873583339942,3.49185273951623,0.06304284886825758,5.7320159572579765,0.11884346365766427,3.040660416502014,True,False,0.6509341492132172,0.4545610080958754
953,2022-08-30,2022-09-27,0.359823916482991,0.1036907690737749,3.470163445571322,0.06617716993240143,5.437281721937391,0.1217483184902639,2.9554733974561285,True,False,0.6499031187204143,0.45599301822764354
954,2022-08-31,2022-09-28,0.3499565617130257,0.09482311711396561,3.690624948475606,0.053320571714940965,6.5632559902759695,0.09945587780741932,3.5187117084287522,True,False,0.7110297142550773,0.46697688797036246
955,2022-09-01,2022-09-29,0.2891970264331252,0.09314529793413935,3.104794690093847,0.06617141888874278,4.370422023432295,0.12016006093700037,2.406764978129884,True,False,0.7249438859485969,0.4809083517058328
956,2022-09-02,2022-09-30,0.3086739419475877,0.09325830014750104,3.3098817098250417,0.06549136157872688,4.7132008635449125,0.12374020129566836,2.4945324051157263,True,False,0.7241356635194459,0.46545287075638503
957,2022-09-05,2022-10-03,0.31097931055656386,0.09021325662565674,3.447157570721386,0.05694475082989707,5.461070704927799,0.11398861838637116,2.728161065190571,True,False,0.7484167077689141,0.45575215024404425
958,2022-09-06,2022-10-04,0.34477440951236077,0.08892292381535934,3.8772275440273942,0.05591322650267104,6.166240638892311,0.11816719532224679,2.917682937063428,True,False,0.7590584618345275,0.49056056441121515
959,2022-09-07,2022-10-05,0.3104410879467048,0.08923062538925115,3.4790867663704725,0.06409355717573817,4.843561531395522,0.12257785814259231,2.532603299248181,True,False,0.7570946072687462,0.47477451900390727
960,2022-09-08,2022-10-06,0.3474078474211161,0.0918320219333479,3.7830795849542143,0.056072735166760326,6.1956643703562,0.11162909829280164,3.1121620861781927,True,False,0.7350292436538693,0.477281002043395
961,2022-09-09,2022-10-07,0.3421737993269533,0.09345839432028026,3.661242008442064,0.05662044443886266,6.04329059437928,0.11521820487218347,2.9697893636386845,True,False,0.72232571920546,0.4724142936240962
962,2022-09-12,2022-10-10,0.30339861718437583,0.09464299896895867,3.205716434280422,0.05205988889476194,5.827876770879982,0.11492429111165943,2.639986849164868,True,False,0.7135511393789638,0.4420013885565986
963,2022-09-13,2022-10-11,0.32180863932606024,0.09441765168082183,3.4083525018598424,0.04846796041680832,6.639615873220435,0.10684889033596154,3.0118107760801975,True,False,0.7146542762360675,0.4275972094792439
964,2022-09-14,2022-10-12,0.283100423890101,0.10605590314417672,2.6693509318877116,0.07550356026853779,3.749497677768031,0.13849518069962585,2.0441175097933626,True,False,0.6368625543125305,0.3985864464508828
965,2022-09-15,2022-10-13,0.30530706777274397,0.10345983944676229,2.950971791618205,0.06704039784478379,4.5540760136837255,0.13085317928712054,2.333203285056096,True,False,0.6526371478556117,0.41090032798741166
966,2022-09-16,2022-10-14,0.3037378274070459,0.10344150503587607,2.9363245179166926,0.06637009482584402,4.576425997341993,0.1308418919127113,2.3214111548438847,True,False,0.6527345123206734,0.4151486698851045
967,2022-09-19,2022-10-17,0.32800606955503625,0.10234806250490673,3.2048097592400553,0.0705056756848061,4.652193832187062,0.1304800789276273,2.5138402141599685,True,False,0.6596749661086426,0.4393445573899292
968,2022-09-20,2022-10-18,0.3144650820719813,0.10151069697319015,3.097851669317513,0.06771270143023148,4.644107758660225,0.13083461326623436,2.403531253859242,True,False,0.6651919329222366,0.4399694299013723
969,2022-09-21,2022-10-19,0.3317795651284912,0.10346912643163247,3.206556163859328,0.07558693963781715,4.389376878045972,0.1342897110382345,2.4706253559070364,True,False,0.6522983681695214,0.4437467471134173
970,2022-09-22,2022-10-20,0.33473906126536745,0.10301372009383525,3.2494609549140976,0.07757304722837124,4.315146474521132,0.1367949798382517,2.4470127607107193,True,False,0.6554389006509239,0.4447777738956814
971,2022-09-23,2022-10-21,0.3576563720342435,0.10356496084571415,3.4534495944729984,0.0910302418318377,3.9289840918466474,0.1372680482017174,2.6055325818333355,True,False,0.6518496060800332,0.44686369348643384
972,2022-09-26,2022-10-24,0.2998820761286064,0.11416674091156392,2.6267026082570024,0.07911149578832692,3.790625788835795,0.1589375782616563,1.886791527897295,True,False,0.5919034775527644,0.408864864885248
973,2022-09-27,2022-10-25,0.23192811614179806,0.12335964438468354,1.8800971525060144,0.10687992974099557,2.16998754306664,0.13826584547822218,1.6774071379640052,True,False,0.5481128070196813,0.37096983253985405
974,2022-09-28,2022-10-26,0.2729048378708872,0.12182754297594697,2.240091453906841,0.1312658857391543,2.079023322275763,0.14576112021956167,1.8722745644367131,True,False,0.5547109108637176,0.3987991319799421
975,2022-09-29,2022-10-27,0.30821024521236756,0.13505982966272717,2.282027498346721,0.1435604384487462,2.146902367690974,0.1794517498726739,1.7175103916849597,True,False,0.5002734412968969,0.3997769135846717
976,2022-09-30,2022-10-28,0.3463628606361487,0.1399521522320743,2.474866267592626,0.11621145874688152,2.98045360045395,0.16024623175532782,2.1614415318357896,True,False,0.4827312698773836,0.4018559354178372
977,2022-10-03,2022-10-31,0.35789220663520055,0.13934429515702618,2.5684022889627034,0.1196774397759911,2.9904734535188355,0.16500091385917665,2.169031663307337,True,False,0.48475174329769555,0.4083410499318399
978,2022-10-04,2022-11-01,0.34236472045051525,0.14537163159249147,2.3550999373126564,0.12841194679296114,2.6661438363091765,0.1849353429526706,1.8512671238733127,True,False,0.4647067027133244,0.4029202247215006
979,2022-10-05,2022-11-02,0.28060308349376517,0.14817696521261772,1.8937024596983105,0.15024221894360962,1.8676713207962128,0.18205798024343475,1.5412841728693412,True,False,0.456086620671425,0.3682569468112377
980,2022-10-06,2022-11-03,0.27150640914454344,0.14804821691231052,1.8339052965788682,0.15304488080655868,1.774031301887937,0.18261657894852612,1.4867566280555096,True,False,0.45648609182535765,0.3786298731691021
981,2022-10-07,2022-11-04,0.3593572522203079,0.1715148210552158,2.0951964967775,0.16483489621396752,2.1801042162445774,0.2394389678616334,1.5008302759974002,True,False,0.39386963786259876,0.41665781367358873
982,2022-10-10,2022-11-07,0.3769102722681199,0.18074395390077289,2.0853271389373327,0.16076101972395865,2.3445377051931446,0.2600712193435951,1.4492579118113103,True,False,0.3737575163247081,0.4404609194405764
983,2022-10-11,2022-11-08,0.2263047016442493,0.17867523629097845,1.2665700426202582,0.2524209455325095,0.896536938195976,0.33558772221409267,0.6743533409123805,True,False,0.3783742688357065,0.45341941147483655
984,2022-10-12,2022-11-09,0.2334741057237382,0.19100882200399238,1.2223210596987935,0.2636550508473508,0.885528666996459,0.39950718038854194,0.5844052802672338,True,False,0.35382456398866025,0.45356161506868764
985,2022-10-13,2022-11-10,0.39123483753615973,0.1600655651890249,2.4442161377691822,0.17261485674373997,2.2665189133573707,0.3470544141736373,1.127301142294125,True,False,0.42164393383146886,0.4871744474234396
986,2022-10-14,2022-11-11,0.3826043009687847,0.16605587834806995,2.3040695985890203,0.1847612688130395,2.0708036020035303,0.3854159333462986,0.9927049399512303,True,False,0.40650886373808065,0.4857577500096835
987,2022-10-17,2022-11-14,0.09402619589019409,0.15344416676835496,0.6127713934680851,0.1899942927885652,0.4948895806824628,0.42333193700853783,0.22210985675833325,True,False,0.4401067715485085,0.5052701322346065
988,2022-10-18,2022-11-15,0.05168718814049412,0.1478206159328818,0.3496615665839383,0.1869237421746232,0.2765148372228083,0.39662098351911396,0.13031884415667386,True,False,0.457005349502785,0.49983738685772644
989,2022-10-19,2022-11-16,0.07464932961638095,0.14904807101920772,0.5008406288382017,0.19637555890422578,0.38013554249278103,0.40127420294725996,0.1860307218059373,True,False,0.4531809159928989,0.4992812940009483
990,2022-10-20,2022-11-17,0.05180271022011991,0.15042831030717246,0.3443680921120467,0.18673533668370784,0.2774124659001381,0.41578147885547767,0.12459119237999083,True,False,0.4490982856437239,0.5111125900450433
991,2022-10-21,2022-11-18,0.039077162757579616,0.1503499767293478,0.25990800668978015,0.1890913892944948,0.20665754746092665,0.4214933655457402,0.0927112167162664,True,False,0.44946784099837017,0.5102885259826446
992,2022-10-24,2022-11-21,-0.0020476218345505427,0.149682109187717,-0.01367980345588671,0.20831187938146117,-0.00982959704761212,0.4426121131217677,-0.004626221862995463,True,False,0.45177099282643535,0.541312851845996
993,2022-10-25,2022-11-22,-0.009820200152247717,0.14882920780965497,-0.06598301702181508,0.18352657832165356,-0.05350832692492405,0.4180836984123086,-0.02348859854986062,True,False,0.4542272604520467,0.5364267547469875
994,2022-10-26,2022-11-23,-0.038029691393441936,0.1518926741858863,-0.25037212358840416,0.18478726205514595,-0.2058025589561079,0.44701696736461916,-0.08507438010159957,True,False,0.4451579726151598,0.5328120485073596
995,2022-10-27,2022-11-24,-0.09177518654489619,0.15422528638482488,-0.5950722394244585,0.2089561692905006,-0.4392078341429875,0.49844293186790517,-0.18412375956655755,True,False,0.4385294083424604,0.5167746262177347
996,2022-10-28,2022-11-25,-0.11958065391726967,0.15428395784977952,-0.7750686175273054,0.21467267194048587,-0.5570371525930476,0.494612370324745,-0.2417664035348676,True,False,0.4381883276475213,0.5148909611255867
997,2022-10-31,2022-11-28,0.04619505230957548,0.14603595165705266,0.3163265742812348,0.1887643102134006,0.2447234451117976,0.398097614146316,0.11603951058243982,True,False,0.46304241564206194,0.50677965419111
998,2022-11-01,2022-11-29,0.026386721834521853,0.14632561581363268,0.18032879402420726,0.18831022221420318,0.14012368274148662,0.3986374577749339,0.06619227902416408,True,False,0.4620748932376884,0.49786990998988695
999,2022-11-02,2022-11-30,0.017310304419258283,0.14185092808385494,0.12203166135807955,0.17193163101113546,0.10068132499794148,0.36547859645496567,0.047363387588666254,True,False,0.47673951748240795,0.49788719659585784
1000,2022-11-03,2022-12-01,0.06660291015881989,0.141245154475037,0.4715412037061489,0.17409086918904287,0.38257555074009486,0.33396650385246035,0.19942991105552224,True,False,0.4782454919484874,0.5506666740504393
1001,2022-11-04,2022-12-02,0.07971948174430243,0.14052075568136926,0.5673146387361189,0.16822689268302374,0.47388072425798994,0.31676102515834326,0.2516707404405326,True,False,0.48029337669929084,0.5155133808418184
1002,2022-11-07,2022-12-05,0.15578160744492187,0.12966157447177543,1.2014477541211117,0.17965370202664452,0.8671216105628473,0.28085129800779257,0.5546764731014329,True,False,0.5210658157458185,0.5228329702360196
1003,2022-11-08,2022-12-06,0.18925187092715695,0.12339736015425329,1.5336784408562874,0.17659873513660423,1.07164907370806,0.251994203211286,0.7510167635422852,True,False,0.5479719382711936,0.5202253277037916
1004,2022-11-09,2022-12-07,0.2474154622162635,0.12665868153356094,1.95340310842179,0.17805782058801417,1.3895231414110552,0.24702540470606996,1.001579017796399,True,False,0.5335798209479816,0.5122346402299477
1005,2022-11-10,2022-12-08,0.2302423606505292,0.1278385030222634,1.8010408070128285,0.1825760500623403,1.2610764696241008,0.2513053371517298,0.916185717581941,True,False,0.5285973972773812,0.5054408312380406
1006,2022-11-11,2022-12-09,0.07767119808397478,0.14640718750544715,0.5305149248979664,0.2977037868973817,0.260900940809154,0.2595551888172576,0.2992473332469572,True,False,0.4619148413502413,0.4633980104975812
1007,2022-11-14,2022-12-12,0.1362535819252329,0.1343041811745104,1.014514818032281,0.23926390515448284,0.5694698572994518,0.20905953955543802,0.6517453459190339,True,False,0.503696968854946,0.47028767119507126
1008,2022-11-15,2022-12-13,0.3248437273440868,0.12135012124242187,2.6769130843729814,0.09846087678208816,3.299216277171948,0.12058944234269137,2.6937990675912165,True,False,0.5567177253438529,0.4455421326077266
1009,2022-11-16,2022-12-14,0.32760775375125584,0.11944806751069056,2.742679396817659,0.06040093298628884,5.423885651329651,0.11106693500402293,2.9496425172747376,True,False,0.5656310875001378,0.441759096685873
1010,2022-11-17,2022-12-15,0.3721713321927961,0.11298927049620414,3.2938643692305205,0.06019834649494941,6.182417854683449,0.11030560376089092,3.3740020407263316,True,False,0.5975214787412156,0.46101333665739386
1011,2022-11-18,2022-12-16,0.3758150607853165,0.11295570957602853,3.3271010575376176,0.05994456809300718,6.26937640458464,0.10878350826279824,3.4547062030526337,True,False,0.5976004627410921,0.4417303362956807
1012,2022-11-21,2022-12-19,0.3831533647265516,0.11399436387837673,3.3611606020745635,0.05884169224055837,6.511596627101282,0.11199234246855447,3.4212460984476194,True,False,0.5920689127331031,0.441729122898257
1013,2022-11-22,2022-12-20,0.4307610711370909,0.11330360890818511,3.801830103100736,0.046169762785723115,9.329939015200948,0.09760080226737929,4.413499286174027,True,False,0.5949759891086668,0.41159870584984126
1014,2022-11-23,2022-12-21,0.38024131148621076,0.11191905038475267,3.3974672781713764,0.058048852768054236,6.550367377724771,0.10757903322056574,3.5345299181729453,True,False,0.6029465428888757,0.40924563500038014
1015,2022-11-24,2022-12-22,0.3305969549303159,0.10744564006087567,3.076876406925483,0.08879548733269901,3.7231278847722846,0.11648194978809999,2.8381818430385706,True,False,0.6285508971977615,0.4030393720265111
1016,2022-11-25,2022-12-23,0.3253992483593664,0.10538879038352617,3.087607772849352,0.08808882246574763,3.6939902163625167,0.11002983455209665,2.9573728769472716,True,False,0.6408248954522893,0.40427948997396024
1017,2022-11-28,2022-12-26,0.32638759189879624,0.1054057936341979,3.096486261765624,0.08671134702764945,3.7640701371496603,0.10996430220518918,2.9681231577295826,True,False,0.6407947326734644,0.39970695839379455
1018,2022-11-29,2022-12-27,0.3171844186948312,0.10911709506708553,2.9068260889810644,0.10004232991815541,3.1705021159974947,0.118283162223869,2.6815686419890525,True,False,0.6190271762114943,0.39577776581716
1019,2022-11-30,2022-12-28,0.3263423632172194,0.10885884027966336,2.99784897927289,0.09858178249282654,3.3103719060970134,0.1184940262001579,2.7540828317029917,True,False,0.6204518637275052,0.3997337012254025
1020,2022-12-01,2022-12-29,0.3481310500134695,0.11097985089192142,3.136885184252947,0.11076541470430974,3.1429580338123735,0.12193515447867051,2.855050715291186,True,False,0.6083689468837916,0.4025752118501167
1021,2022-12-02,2022-12-30,0.2909083291669394,0.11220794077581736,2.5925823712258595,0.09058619232371266,3.2113981359031976,0.11605937144901675,2.506547515594045,True,False,0.6023366871819867,0.30476234381105255
1022,2022-12-05,2023-01-02,0.3008112208940171,0.11363687981126017,2.6471267197201764,0.09486530892050772,3.170929650859847,0.11792366622806126,2.550897801228942,True,False,0.5947140573864121,0.3047431079738122
1023,2022-12-06,2023-01-03,0.29938983692499976,0.11608351184503574,2.5790901064801224,0.09751245008297686,3.070272941252508,0.12324113846057123,2.4293011300020093,True,False,0.5822938191952809,0.3076747645672818
1024,2022-12-07,2023-01-04,0.3068930829467031,0.11815273498255159,2.597426822087733,0.1075464900481391,2.8535852988724604,0.12696513726125322,2.4171444978255434,True,False,0.5720165522020434,0.31366695710255754
1025,2022-12-08,2023-01-05,0.3323828128940731,0.11826511767551809,2.8104890049323417,0.11313838502746515,2.9378430036223766,0.1295145965587954,2.5663733797231276,True,False,0.5714109532486411,0.3336607883461527
1026,2022-12-09,2023-01-06,0.3781218397382664,0.11499160562037795,3.288256022674915,0.13419745141691475,2.817652911779564,0.1310720230243324,2.884840189489341,True,False,0.587246917509225,0.3743634797100547
1027,2022-12-12,2023-01-09,0.32471681908110184,0.1141804395201832,2.843891829858502,0.11346331998529881,2.861866012057242,0.1389911181447315,2.3362415053239163,True,False,0.5916793117280662,0.4057824241190023
1028,2022-12-13,2023-01-10,0.29501367783190663,0.12198090842903053,2.418523370840019,0.14013036312377417,2.1052801923543676,0.17474069204067474,1.6882940910136472,True,False,0.5538575780446764,0.39868765029756387
1029,2022-12-14,2023-01-11,0.22686632479655422,0.13555627238291557,1.6735951852947724,0.14618238237981557,1.5519402619058646,0.19530201418157728,1.1616179471944963,True,False,0.4987790028963922,0.36936196183974485
1030,2022-12-15,2023-01-12,0.297797982617732,0.12682147692196757,2.348166807747911,0.13742477260939115,2.1669890876529014,0.17254715396272644,1.7258933327991153,True,False,0.5327178476638553,0.3881545945710862
1031,2022-12-16,2023-01-13,0.2247440565142526,0.13667944947623034,1.6443149089017761,0.14574178067766605,1.542070197504408,0.18166836199607,1.237111702031609,True,False,0.4944973597709105,0.35480211741367507
1032,2022-12-19,2023-01-16,0.21934668006506694,0.1312617557324323,1.6710631275738035,0.13467238789539243,1.6287427845672846,0.16324950581713374,1.3436284475542073,True,False,0.5148925018387266,0.35280759200286205
1033,2022-12-20,2023-01-17,0.21975646868946208,0.13128502297902495,1.6738883362542578,0.13414722051371608,1.6381738499531024,0.16390355229196646,1.3407669670148643,True,False,0.5148642376074483,0.3548061170923207
1034,2022-12-21,2023-01-18,0.20222985232636237,0.12995652385098858,1.556134669762668,0.1321758083261239,1.5300065487580803,0.1599712931228054,1.2641633906848293,True,False,0.5201176449773022,0.35213785090566385
1035,2022-12-22,2023-01-19,0.26739749955093883,0.13569893596204652,1.9705202377248332,0.11773364308608686,2.2712072143679247,0.16026578532273375,1.6684627914340517,True,False,0.49805887035788127,0.37018965702942513
1036,2022-12-23,2023-01-20,0.321294490117141,0.14800330903018594,2.170860180238346,0.13094798207449554,2.4536039809636656,0.1825942958324382,1.7596085828003314,True,False,0.45645581125696827,0.37061062160728353
1037,2022-12-26,2023-01-23,0.33310610404946395,0.152568476871765,2.1833219474914354,0.1379750768623924,2.4142483673459583,0.19054204696385496,1.7482026112202562,True,False,0.442704691820733,0.37008525866473996
1038,2022-12-27,2023-01-24,0.3204291487270366,0.1512514052294285,2.118520143604535,0.135587510756481,2.3632644846068187,0.1898535816094519,1.6877698382651105,True,False,0.44658965491027636,0.3695839532802022
1039,2022-12-28,2023-01-25,0.34896713349649994,0.15479416706156793,2.2543945945825046,0.14773836378434307,2.362061718822708,0.19909707123762424,1.7527487035708544,True,False,0.43622164841641525,0.3692645080574892
1040,2022-12-29,2023-01-26,0.3272860129715895,0.15655011695685994,2.09061493746299,0.1464171442921058,2.23529843143673,0.2075314281507025,1.5770431297467156,True,False,0.43136908413111585,0.3638911354792047
1041,2022-12-30,2023-01-27,0.3223980760783761,0.1580573874440757,2.039753290193082,0.14535893629282134,2.2179446568659156,0.21131490705219855,1.5256759713536823,True,False,0.4272921269845642,0.36186897786608324
1042,2023-01-02,2023-01-30,0.29024615428744543,0.14770443103447342,1.9650470351813856,0.13252567358694212,2.190112650867097,0.18664057379063342,1.555107490255752,True,False,0.45741126583150776,0.36180967903082456
1043,2023-01-03,2023-01-31,0.2765495751784219,0.14694711094730506,1.881966738887381,0.13370943799387447,2.068287619241143,0.18843081204817919,1.4676451912106177,True,False,0.4598392392152943,0.3631317756000594
1044,2023-01-04,2023-02-01,0.20164523630962214,0.1474606387910668,1.3674512599618405,0.08728130543848067,2.310291250762166,0.17585880522615116,1.1466314470311003,True,False,0.45814991271692607,0.33395254380710193
1045,2023-01-05,2023-02-02,0.15353351323590403,0.14491605437637944,1.0594651772476713,0.08445261243863075,1.8179841783754451,0.17449329734525063,0.8798820102076713,True,False,0.46631854287042807,0.32539668472570327
1046,2023-01-06,2023-02-03,0.08629083829489029,0.14635501452383054,0.5895994652157259,0.09223102291563436,0.9355945056992626,0.19344632043914783,0.4460712310216037,True,False,0.4619659277644376,0.3839925811672269
1047,2023-01-09,2023-02-06,0.1107157295085696,0.14595604039676194,0.7585553102674184,0.12143296153661136,0.9117436329277816,0.2270386976339292,0.4876513592721736,True,False,0.4634413469475231,0.399894961885883
1048,2023-01-10,2023-02-07,0.21339915431694234,0.14792827018905144,1.4425853425056583,0.10066390300090818,2.1199173482774363,0.19885013518940203,1.0731657492396602,True,False,0.45707321165229714,0.3627938171855694
1049,2023-01-11,2023-02-08,0.21093639716584012,0.1501224021731231,1.4050960690236327,0.09837854263020156,2.144130127630942,0.19714627083985573,1.0699487049247118,True,False,0.45041005101919274,0.36438126653662456
1050,2023-01-12,2023-02-09,0.1832527517436458,0.14619920891465668,1.2534455767857062,0.10540748214657109,1.7385174943162898,0.19329718711527083,0.9480363086420128,True,False,0.4625894565245816,0.3652739456619086
1051,2023-01-13,2023-02-10,0.04974823228510333,0.17314719192944655,0.28731758067075425,0.08489651985690884,0.5859867091013018,0.2074390325051772,0.23982098105794883,True,False,0.39059160331084763,0.33836535295018005
1052,2023-01-16,2023-02-13,0.03660152068079194,0.1748115127153916,0.20937706053938457,0.08814588628698682,0.4152379903654734,0.21209390041751067,0.1725722456362073,True,False,0.386869362837901,0.3359263922704046
1053,2023-01-17,2023-02-14,0.05172954204147827,0.16882800049585173,0.30640380677107715,0.08827504470226474,0.586004144387039,0.2042036687185572,0.2533232745821736,True,False,0.4006221451538474,0.3363442577958924
1054,2023-01-18,2023-02-15,0.011270605608962366,0.16637840333874512,0.0677407967788674,0.10292362920407326,0.10950454911199659,0.2096750951604929,0.05375271488650303,True,False,0.4064803893452186,0.3482378225247314
1055,2023-01-19,2023-02-16,0.006057087314183123,0.1516494340785635,0.03994137763181621,0.09901621716560771,0.06117267946171338,0.171662486623065,0.0352848629501868,True,False,0.4460983275829011,0.34637339425641095
1056,2023-01-20,2023-02-17,-0.0038631736741565064,0.15175387873424853,-0.025456836466906378,0.0957948340666485,-0.04032757832712288,0.1697672729955363,-0.022755703181131272,True,False,0.4458280747010841,0.33454849485988936
1057,2023-01-23,2023-02-20,-0.03610923326491207,0.14773504063316267,-0.24441888065387302,0.08668411800633971,-0.41656111979210764,0.1586978850318959,-0.22753443284801592,True,False,0.45805228035457907,0.329518777434566
1058,2023-01-24,2023-02-21,-0.042257500078221176,0.13892443049633665,-0.3041761620130268,0.0762153314865543,-0.5544488130406693,0.14053282440292364,-0.30069487507818177,True,False,0.4871730930858277,0.3256448381701616
1059,2023-01-25,2023-02-22,-0.059263583807953296,0.13907407487036494,-0.4261296281366217,0.07890520210467512,-0.7510732147841738,0.1437308148151396,-0.41232343867371496,True,False,0.48663406802107406,0.32578860769912704
1060,2023-01-26,2023-02-23,-0.08059049283665029,0.13396164695208002,-0.601593774563541,0.0787278758570141,-1.0236589258805748,0.13669588999992283,-0.5895604676680168,True,False,0.5052009939395018,0.3245097973155087
1061,2023-01-27,2023-02-24,-0.0701972585719677,0.13408877933453783,-0.523513294105189,0.07808027175962683,-0.8990396292173868,0.13983834398155434,-0.5019886289645078,True,False,0.5046036187049674,0.3312796255654914
1062,2023-01-30,2023-02-27,-0.05690946741012182,0.1322793371436889,-0.43022189737996425,0.0773096596660536,-0.7361236313281891,0.13600368736521787,-0.4184406210788964,True,False,0.5115486293934287,0.3332070124482381
1063,2023-01-31,2023-02-28,-0.033758055098890946,0.1377179895198073,-0.24512451290203952,0.09274327098970075,-0.36399465684836385,0.1461469920427965,-0.23098699895927732,True,False,0.4912346169605884,0.3337416738776466
1064,2023-02-01,2023-03-01,-0.02282452162249286,0.13883744314676005,-0.1643974500334602,0.0929953749879359,-0.2454371695953034,0.14436218120400962,-0.15810596260136664,True,False,0.4874246877261338,0.3648474342905742
1065,2023-02-02,2023-03-02,-0.12246435286785097,0.14394992834230425,-0.8507427150407336,0.06686413930966988,-1.831540107032234,0.1438956929444624,-0.8510633665395183,True,False,0.4697299742624666,0.3622390197398989
1066,2023-02-03,2023-03-03,-0.04168449270117927,0.14167592031075624,-0.2942242592089555,0.09032576780448709,-0.4614905991323167,0.1486102482629678,-0.2804954112412087,True,False,0.47731184838830626,0.3649905163043823
1067,2023-02-06,2023-03-06,-0.005672454716860025,0.14228335027103553,-0.03986731199437297,0.10994508003164948,-0.05159352938055179,0.14240324328306844,-0.03983374666252754,True,False,0.47549649340798866,0.31014844652355716
1068,2023-02-07,2023-03-07,-0.022781636056584842,0.1432240047226715,-0.15906297342193118,0.11051491787488008,-0.2061408223854192,0.12942886176966945,-0.1760166607748344,True,False,0.47242083194128365,0.30346098010649875
1069,2023-02-08,2023-03-08,-0.03789812376337169,0.14465321304760811,-0.26199296209824735,0.11626687666907003,-0.32595804453611477,0.12998755498063325,-0.29155193948388447,True,False,0.46776569949220087,0.3003309125260575
1070,2023-02-09,2023-03-09,-0.04744911883303423,0.11488395257956237,-0.4130178129114556,0.062121601863123536,-0.7638102915887759,0.08633443949972665,-0.5495966512087505,True,False,0.5893809147945771,0.29661222486080996
1071,2023-02-10,2023-03-10,-0.0643952557673309,0.1090093057899026,-0.5907317297427992,0.055457759469662936,-1.161158625648356,0.07943836490299228,-0.8106316871699013,True,False,0.6211190190409588,0.29764025194706734
1072,2023-02-13,2023-03-13,-0.0917071850015563,0.10581709601864527,-0.8666575482793181,0.05977507951697238,-1.5342043162906573,0.07769516341613274,-1.1803461241258433,True,False,0.6399632065820198,0.3059310683013814
1073,2023-02-14,2023-03-14,-0.09972700395933659,0.09443871676076736,-1.055997025160407,0.050224376495083746,-1.9856295073986323,0.06166526705185489,-1.6172313642212113,True,False,0.7174106496090342,0.30400227134360747
1074,2023-02-15,2023-03-15,-0.0236081071010567,0.0925266935919289,-0.25514914868973587,0.06997469623760622,-0.3373806300050659,0.11256297536057769,-0.20973243666873467,True,False,0.7322348343042941,0.3560287647262286
1075,2023-02-16,2023-03-16,0.030669314965928278,0.08318946686915954,0.36866824755789096,0.06844835908751327,0.4480650138992615,0.1035066076377562,0.2963029671812083,True,False,0.8151269296346972,0.35650498658790125
1076,2023-02-17,2023-03-17,0.015918456933888697,0.08154599929354853,0.19520831275346304,0.0532268576619662,0.2990681327645497,0.10060481909757851,0.15822757872512136,True,False,0.8316629235512244,0.35857225076869914
1077,2023-02-20,2023-03-20,0.03970591185411101,0.0799558748561835,0.49659780379528046,0.05876609539755591,0.6756602014392534,0.10037639377302675,0.39557021687683724,True,False,0.8483279820782179,0.37445448483409033
1078,2023-02-21,2023-03-21,0.040814749723218136,0.0757469141619791,0.5388305276164631,0.051338608811716605,0.7950108245610136,0.09406689933462578,0.4338906673008019,True,False,0.8958191652455677,0.3752993874312288
1079,2023-02-22,2023-03-22,0.03503311133829943,0.07684007529729626,0.4559223973005675,0.04960734564221459,0.7062081408461238,0.09794482528964331,0.35768210555993335,True,False,0.8830046765772365,0.3787279088956596
1080,2023-02-23,2023-03-23,0.031209292680982204,0.07694907250449987,0.405583740845702,0.04630225099296239,0.6740340266767115,0.0969888354829664,0.3217823219092399,True,False,0.8816603072514652,0.40710310655021
1081,2023-02-24,2023-03-24,0.023521216345837214,0.07729300653794788,0.30431234854720274,0.0558158226699638,0.42140768012893054,0.09840334090142622,0.23902863592201784,True,False,0.8777849366168256,0.42649037217534475
1082,2023-02-27,2023-03-27,0.02000539617495881,0.07671650904300906,0.26077041857761435,0.05341633764690215,0.3745183038792442,0.09927238875620473,0.20152024571594115,True,False,0.8843559607378769,0.41642892430020845
1083,2023-02-28,2023-03-28,0.025211849673578715,0.07677192677230439,0.32839933467286553,0.05069643476400222,0.49731011245549706,0.10003087890321943,0.2520406693414276,True,False,0.8836037007414952,0.4251030593553941
1084,2023-03-01,2023-03-29,0.022697657549143154,0.07643915858694564,0.2969375640539754,0.051471906029721626,0.4409717708148744,0.09978445316978617,0.22746687312624167,True,False,0.8875134280505218,0.42541941093277635
1085,2023-03-02,2023-03-30,0.022158920544328845,0.07644682023235717,0.2898605916763792,0.051791360978948216,0.42784974415589977,0.09938441172141561,0.22296173172954428,True,False,0.8875040582329222,0.41177692721650394
1086,2023-03-03,2023-03-31,0.03647739684802589,0.076889803561738,0.4744113674154035,0.0520589955814555,0.7006934429026882,0.09936851173464384,0.36709211209116266,True,False,0.8821731171696916,0.3982054988440372
1087,2023-03-06,2023-04-03,0.02979446592132184,0.07757115872800847,0.3840920570207237,0.05157864373196014,0.5776512092127779,0.09906687366814892,0.3007510464206875,True,False,0.8744487496638458,0.3949163096723429
1088,2023-03-07,2023-04-04,0.028678978310714916,0.07746542480685197,0.37021649829225756,0.051514372095898264,0.5567180020621552,0.0982016609635124,0.2920416826897746,True,False,0.8756692591145148,0.39332532981137874
1089,2023-03-08,2023-04-05,0.0031135247914680668,0.07802244757032242,0.039905500127534646,0.061123788405006915,0.05093802057617594,0.09826389101257355,0.03168533994923598,True,False,0.8691831244389956,0.3437655251425629
1090,2023-03-09,2023-04-06,0.0024469628140399192,0.07789100272832886,0.031415217782912966,0.06092691597886886,0.04016226284764838,0.0981836550964026,0.024922303123033507,True,False,0.8706777104038194,0.34400456186748507
1091,2023-03-10,2023-04-07,0.008962358278216051,0.08721262212576468,0.10276446298440507,0.07700665897640517,0.11638419842317943,0.1320381841792379,0.06787701856040308,True,False,0.7770849431323099,0.344655425496225
1092,2023-03-13,2023-04-10,0.04309522627459108,0.09203870448790209,0.46822938799899855,0.07802437037688705,0.5523303304650192,0.1478538470380759,0.2914717955461317,True,False,0.7361823983160639,0.3576313084878931
1093,2023-03-14,2023-04-11,0.07404809536778122,0.09624463719239547,0.7693737285305279,0.08904714708165444,0.8315605585867968,0.16066880979186737,0.46087411404680323,True,False,0.7038601482961577,0.35577161140747726
1094,2023-03-15,2023-04-12,0.11716450023694139,0.1041631654204691,1.1248170095829038,0.12015141845076768,0.9751403832568969,0.1741643518449604,0.6727237749619406,True,False,0.6499309568473498,0.36331613793093837
1095,2023-03-16,2023-04-13,-0.010229254802366906,0.11490353573220131,-0.08902471744827424,0.0798183691595377,-0.12815665003028423,0.07853330847928579,-0.13025371018292206,True,False,0.588666814860179,0.29787254847584166
1096,2023-03-17,2023-04-14,-0.061877409993222755,0.13390375380438171,-0.46210362469463456,0.08227424754087986,-0.7520872185731937,0.09919139096523213,-0.6238183514828579,True,False,0.505100553457266,0.31724529114477407
1097,2023-03-20,2023-04-17,-0.03637424971469042,0.16964023064724576,-0.21441994965408864,0.14276226442290824,-0.2547889658498136,0.162987748912776,-0.2231716798184405,True,False,0.3986054438070205,0.33319336565371166
1098,2023-03-21,2023-04-18,-0.09743890795807109,0.17558783574570302,-0.5549297167668724,0.14306508723674688,-0.6810809669925081,0.17334619214091293,-0.5621058458489997,True,False,0.38509222593039205,0.3230302841448958
1099,2023-03-22,2023-04-19,-0.16601535951622878,0.24535170836682146,-0.6766423621881689,0.28180410333440065,-0.5891161894091653,0.3509420248004121,-0.473056367673963,True,False,0.2754653884763905,0.32723741212081886
1100,2023-03-23,2023-04-20,-0.1351831392710751,0.25239134266092567,-0.535609256030174,0.27224291233466613,-0.49655338356392353,0.36555546517664583,-0.36980199217032933,True,False,0.2678351060723845,0.3257890284697831
1101,2023-03-24,2023-04-21,-0.000793074599733222,0.26010629191491835,-0.0030490404284131633,0.18105436803440633,-0.004380311882795954,0.3357774515879714,-0.0023619054703720686,True,False,0.25994639398109737,0.2916480373675204
1102,2023-03-27,2023-04-24,0.1380544772679048,0.26566636629712115,0.519653575995031,0.15673979957212225,0.8807876343135197,0.2840390846886803,0.4860404243987012,True,False,0.25447486295025196,0.2571930837318634
1103,2023-03-28,2023-04-25,0.21255819621005756,0.21163991194641418,1.0043388992898272,0.10304994329008085,2.062671646618145,0.20194938566665813,1.0525320268164151,True,False,0.3193725801640802,0.26924286632516664
1104,2023-03-29,2023-04-26,0.15699397058147685,0.215323551882679,0.7291072862620084,0.11303280071356347,1.3889240078135852,0.23622603380827084,0.664592162220776,True,False,0.31396814535290307,0.2563757248600837
1105,2023-03-30,2023-04-27,0.07800037554506206,0.18977528083031917,0.41101441243447995,0.09639948668215388,0.8091368349526908,0.22624468984052326,0.34476113273661113,True,False,0.3563287331789081,0.25735989850847757
1106,2023-03-31,2023-04-28,0.09571577305468902,0.17955711729301627,0.5330658817522229,0.07957264067173835,1.2028729001158334,0.1876048563885579,0.5101988024043858,True,False,0.3766228398939678,0.25350139850523357
1107,2023-04-03,2023-05-01,0.10682733337956249,0.1783715898420766,0.5989032977400904,0.07949480579428886,1.3438278427398496,0.18067698167129506,0.5912614456550589,True,False,0.37913040737234455,0.25672403830094515
1108,2023-04-04,2023-05-02,0.10493881938958427,0.15895032306521797,0.6601988430468773,0.06809951980379272,1.5409626924232707,0.14084768698224956,0.7450517764115592,True,False,0.42555678236503086,0.2582612211353102
1109,2023-04-05,2023-05-03,0.079966037956305,0.15834092938640407,0.505024432193154,0.0775715439775702,1.0308682005791605,0.1499868723776814,0.5331535799676042,True,False,0.42719770141700425,0.27211902643813257
1110,2023-04-06,2023-05-04,0.04570064417859952,0.14484283109090615,0.31551885470891494,0.0757622573166332,0.6032112267669484,0.13424330512193333,0.3404314586644718,True,False,0.46715064340305723,0.2707892112880288
1111,2023-04-07,2023-05-05,0.10034261226135695,0.1211961824191922,0.8279354205588166,0.05192432791819548,1.9324778246420902,0.10223279594953258,0.9815109850941696,True,False,0.5583524607809879,0.28467139454277834
1112,2023-04-10,2023-05-08,0.09929450655715125,0.12115569986564322,0.8195611652383243,0.0514995219466929,1.9280665684611769,0.10215653141348618,0.971983926854851,True,False,0.558540509249579,0.2844414836915829
1113,2023-04-11,2023-05-09,0.09172869932915537,0.12063814410349091,0.7603623216423553,0.04678800575010176,1.9605173988198004,0.1009878099873847,0.9083145712399747,True,False,0.5609480520253144,0.2752453491431847
1114,2023-04-12,2023-05-10,0.10062986956630593,0.11967919291051649,0.8408301152360408,0.048122481194606624,2.091119723427397,0.09658556262342932,1.0418727896077458,True,False,0.5654464901877888,0.27443279181107033
1115,2023-04-13,2023-05-11,0.10636639031720262,0.11968523954492767,0.8887176958631946,0.05422862796492201,1.9614435088788547,0.10066432669994732,1.0566443327461135,True,False,0.5654464901877888,0.2723969497426944
1116,2023-04-14,2023-05-12,0.0667727941691786,0.12304014279972537,0.5426911303074954,0.06342557146938313,1.0527740250856272,0.11908653528082962,0.560708177559412,True,False,0.5500005837015386,0.251633120191355
1117,2023-04-17,2023-05-15,0.08918793485830791,0.12424895023081539,0.7178164056326016,0.05109300492064712,1.7455997155936762,0.10461563254389507,0.8525297098489182,True,False,0.5446467013844372,0.24202020177225106
1118,2023-04-18,2023-05-16,0.0897966742419876,0.1225804879727499,0.7325527555572282,0.04641161117183709,1.9347889886761114,0.09760530747148477,0.9199978624955569,True,False,0.5520822313051963,0.22899061980655103
1119,2023-04-19,2023-05-17,0.04874747200955019,0.11965070324697055,0.40741483908314957,0.06689460523954333,0.7287205273876727,0.11755954668450314,0.4146619596992385,True,False,0.5657145239940959,0.2398709293894557
1120,2023-04-20,2023-05-18,0.027827260624139944,0.1185051350011684,0.2348190280857077,0.08371595678241851,0.3324009148753353,0.12615077444900022,0.22058731502587683,True,False,0.5711899592078378,0.25224351364898473
1121,2023-04-21,2023-05-19,0.019225579572239217,0.11835883607409743,0.162434679234284,0.09720117136012675,0.19779164492791096,0.12876268800784652,0.14931017571695654,True,False,0.5719675345370483,0.2572410945810027
1122,2023-04-24,2023-05-22,0.030374483884442968,0.11835940422359408,0.25662923942285304,0.09363590469007992,0.3243892819210507,0.12784088244052877,0.23759601235992012,True,False,0.5719360981522471,0.26074426887913366
1123,2023-04-25,2023-05-23,0.03743680318932892,0.11510002903390398,0.3252545069150373,0.08826034109857021,0.424163364013278,0.1213256399413746,0.3085646464128987,True,False,0.588300844134713,0.2615088272437063
1124,2023-04-26,2023-05-24,0.013552098936332623,0.11748956188225221,0.11534725910302149,0.0909651229210769,0.14898126338036927,0.1293811362451493,0.10474555510669131,True,False,0.5761858527612703,0.25334874777798444
1125,2023-04-27,2023-05-25,-0.004948312408379839,0.11572844458785686,-0.042757961761278655,0.09275807588907513,-0.05334643222113927,0.13599236049143257,-0.03638669400617971,True,False,0.5849073774076033,0.2515139440343477
1126,2023-04-28,2023-05-26,0.02377738309959216,0.11972126916794266,0.19860617302876826,0.09366823122934194,0.25384682498567135,0.1364545803902293,0.17425126391209594,True,False,0.5654597060990655,0.25653164496134195
1127,2023-05-01,2023-05-29,0.0070193490445845585,0.12296840469207775,0.05708254134191253,0.10322186916330096,0.06800253765488085,0.158938421027838,0.04416395355629664,True,False,0.5504823613829178,0.2518813683444574
1128,2023-05-02,2023-05-30,0.005427500337489831,0.12308713120088127,0.0440947829763943,0.10156962867126301,0.0534362526327265,0.15461353762913466,0.03510365535072718,True,False,0.5499860768561352,0.25137992356427685
1129,2023-05-03,2023-05-31,0.008818324306131895,0.12977928625789184,0.06794862693734113,0.10959699867743448,0.08046136675773355,0.17637438548211912,0.04999776062735538,True,False,0.521688176479872,0.2589234064135661
1130,2023-05-04,2023-06-01,0.15140037722644878,0.11852600248402062,1.2773600227246356,0.13148153601077336,1.1514953492332436,0.14732866090305088,1.0276369601029447,True,False,0.5712129772617905,0.2987773353975085
1131,2023-05-05,2023-06-02,0.19768556719295216,0.12567464422808217,1.572994842413718,0.1458549580195935,1.3553571978430514,0.14081688109175136,1.403848499272947,True,False,0.538783918120039,0.2983687711327864
1132,2023-05-08,2023-06-05,0.1596078692505479,0.14954659649023044,1.0672785138308027,0.21049385881293609,0.758254279486557,0.2396906572013266,0.6658910744129936,True,False,0.452536229441954,0.2801268846691006
1133,2023-05-09,2023-06-06,0.1609817817766589,0.14783078481458017,1.088959799398844,0.20426720871365903,0.7880940988542244,0.22771272277323315,0.7069511962973276,True,False,0.45775569869952154,0.2806250084824749
1134,2023-05-10,2023-06-07,0.15296680345220018,0.15114599851758667,1.012046663176476,0.2055181669228511,0.7442982084869507,0.23413921338823365,0.6533156118473887,True,False,0.4476557991769924,0.2801432836700599
1135,2023-05-11,2023-06-08,0.14344536854189335,0.152727700418887,0.9392229971934695,0.21128669527899235,0.6789133994096586,0.24609284572552623,0.5828912584556876,True,False,0.44305332899404004,0.2820126763675082
1136,2023-05-12,2023-06-09,0.1302721440267762,0.15233832681085155,0.8551501565888047,0.20208092387138138,0.6446533474366468,0.2421662174086167,0.5379451577548606,True,False,0.4442516745515847,0.2731038450888403
1137,2023-05-15,2023-06-12,0.1305760200274721,0.1453399796303049,0.8984177674966842,0.18605535994745817,0.7018127296324418,0.21953145751089811,0.5947941197492845,True,False,0.46559430357249726,0.26873544555320755
1138,2023-05-16,2023-06-13,0.14663234310223566,0.14514998414287517,1.0102126015935446,0.17855710283372173,0.8212070019907556,0.2085080125835937,0.7032456033000112,True,False,0.4661793534647278,0.27905434143184904
1139,2023-05-17,2023-06-14,0.17587827072518444,0.14808687621358996,1.187669530360747,0.17046523826192325,1.031754465124109,0.19743291846678307,0.8908254615846898,True,False,0.4568683651185648,0.289223091852414
1140,2023-05-18,2023-06-15,0.21011886200366925,0.14947517878525965,1.4057107254277452,0.13057422308659014,1.6091909799404218,0.18422950087201465,1.1405277711176132,True,False,0.4525466589299591,0.2779582957704246
1141,2023-05-19,2023-06-16,0.248460119781282,0.1485398067991899,1.6726837413837072,0.09757269635288925,2.54641030809153,0.15568530091726135,1.5959125127254348,True,False,0.45536251888554924,0.2588853951820412
1142,2023-05-22,2023-06-19,0.27932499899615976,0.1492778337902622,1.8711753239172533,0.09278086876740829,3.0105883110062015,0.14693684109616406,1.9009868247633903,True,False,0.45299874486695274,0.2553152230190544
1143,2023-05-23,2023-06-20,0.2532235739605277,0.15048682761252058,1.6826959407539492,0.10669863477404944,2.3732597375474116,0.15707627432729068,1.6121058068445173,True,False,0.44953334126700406,0.26882130143516403
1144,2023-05-24,2023-06-21,0.2586723966883752,0.16057303192689673,1.6109330040310859,0.11693339554000336,2.212134484710849,0.17111017985416835,1.5117300262838442,True,False,0.421005006378503,0.2644528410670811
1145,2023-05-25,2023-06-22,0.28016672233514556,0.18131199963643144,1.5452188652540293,0.13894819122405835,2.0163394706115163,0.21564129669614449,1.2992257356434025,True,False,0.37305103876887047,0.26162057213779466
1146,2023-05-26,2023-06-23,0.3679432624281321,0.1784635216894194,2.0617281276588546,0.11306189529905629,3.254352507136887,0.17338296110950843,2.1221419917712656,True,False,0.37863419946926036,0.2638373244383446
1147,2023-05-29,2023-06-26,0.3419564850619185,0.1775776268037719,1.925673246212428,0.10703109170964464,3.194926629260052,0.1901210551579975,1.7986250117207705,True,False,0.380735591520897,0.2626824125204366
1148,2023-05-30,2023-06-27,0.34937737017665654,0.17748039590920434,1.9685406288781973,0.10650884147603815,3.280266364133327,0.18253514383914485,1.9140279664968944,True,False,0.3809359483264005,0.26299421154191444
1149,2023-05-31,2023-06-28,0.3413844620124115,0.17763868278593714,1.921791226203786,0.11941533577361674,2.858799163447447,0.19865219403329062,1.7185033554434412,True,False,0.38065234901085326,0.280079936132772
1150,2023-06-01,2023-06-29,0.3214438972577687,0.18030812022120157,1.7827477590217349,0.10476097656435647,3.0683552960228484,0.2102599855007873,1.5287925398271514,True,False,0.37492377823837686,0.2700435665741147
1151,2023-06-02,2023-06-30,0.12727911913630055,0.22901333698308016,0.5557716454989874,0.08003864673145139,1.5902207787614417,0.13580517567506417,0.937218471266783,True,False,0.2953192742660557,0.21807894650939835
1152,2023-06-05,2023-07-03,0.15557551974062792,0.24525562546527735,0.6343402702608095,0.09069620093222298,1.7153477008026947,0.1513479381700975,1.027932865301271,True,False,0.2756766246511036,0.2191088135173927
1153,2023-06-06,2023-07-04,0.15426463323449702,0.24527380013201452,0.6289486816425833,0.09115412117071552,1.692349520276617,0.1514438165718453,1.0186261593672497,True,False,0.2756766246511036,0.21910941303745102
1154,2023-06-07,2023-07-05,0.18857119583277382,0.25149544618167724,0.74979964327685,0.1090544780523874,1.7291467457410443,0.15994158761275912,1.1790004003794872,True,False,0.26886652133184635,0.22141551705504628
1155,2023-06-08,2023-07-06,0.2658041372720547,0.22577615395180134,1.1772905713009822,0.12128121635221119,2.1916348241440486,0.15436412845266065,1.7219294400613918,True,False,0.2996335178689823,0.23871065488005208
1156,2023-06-09,2023-07-07,0.3373587538794269,0.22100780579261575,1.5264562836119457,0.1712570598194574,1.9698969154035295,0.16798574131412816,2.0082582678762977,True,False,0.3060397850713511,0.27026348999294575
1157,2023-06-12,2023-07-10,0.33554997274723136,0.22075652597639714,1.5200002412753484,0.1681760590685172,1.9952303235416151,0.16804766074744515,1.9967547971496102,True,False,0.3063920873899245,0.270024463895154
1158,2023-06-13,2023-07-11,0.34960580194078617,0.2408895887641915,1.4513113818423167,0.1924108393201445,1.8169756089421316,0.1959463281375356,1.7841916470891779,True,False,0.28092431044578553,0.2686468745310201
1159,2023-06-14,2023-07-12,0.5306959139484788,0.21760947645549192,2.4387536912117107,0.2632920585100908,2.0156168665001326,0.26428104777631534,2.008074050007756,True,False,0.31039419104597527,0.32467663466500873
1160,2023-06-15,2023-07-13,0.50661241316395,0.2242794495699048,2.2588445536827746,0.29400029771547687,1.7231697284001788,0.2948922534478105,1.7179576853605256,True,False,0.301192269743355,0.3265473100688142
1161,2023-06-16,2023-07-14,0.5674345466649042,0.2297673179362964,2.469605128185493,0.25873429033241696,2.1931169074492405,0.28509094288286324,1.9903632887350229,True,False,0.29381313099828066,0.325553512684792
1162,2023-06-19,2023-07-17,0.6429194241670296,0.2440811372568782,2.6340397762503143,0.27535704381826787,2.3348573737280107,0.31361287555895356,2.0500415457150845,True,False,0.27647260693333325,0.3265128085525146
1163,2023-06-20,2023-07-18,0.6822769388626037,0.2525241414478509,2.701828565580933,0.2565981252092839,2.6589318932323924,0.3205202461728252,2.1286547324524343,True,False,0.2671911308944206,0.32636279165149407
1164,2023-06-21,2023-07-19,0.7626804849975909,0.24928005919536464,3.059532669638314,0.2308926395057281,3.3031823215770806,0.2833215973073226,2.691924979408829,True,False,0.27053818247525485,0.3156873329326877
1165,2023-06-22,2023-07-20,0.8174774451732323,0.2585475347533155,3.1618071545458792,0.24175813267281865,3.3813855035005527,0.3071372735973049,2.6616028578968463,True,False,0.26079965663404625,0.3200869570813409
1166,2023-06-23,2023-07-21,0.7619939273011143,0.2569935385074014,2.9650314623733967,0.2525673591681625,3.016992891760686,0.33790307923807056,2.255066538663441,True,False,0.2624918678677776,0.3283786108256292
1167,2023-06-26,2023-07-24,0.7057765629139638,0.26104205129737273,2.7036891543192803,0.2834907719984812,2.489592722678624,0.34963025829270633,2.018636963403482,True,False,0.25858235760167386,0.3177300580285007
1168,2023-06-27,2023-07-25,0.8172325232327642,0.2772197066724938,2.9479596996985475,0.2185983534010184,3.7385117980900437,0.346410725136976,2.35914324797426,True,False,0.24329278575571253,0.3183388474287814
1169,2023-06-28,2023-07-26,0.7790640057840379,0.2723447317077406,2.860580415486316,0.2358873832989129,3.302694679506533,0.3472498056466783,2.243526110355046,True,False,0.24765824680238183,0.317566913763687
1170,2023-06-29,2023-07-27,0.7062530551104413,0.24245098593195696,2.9129725020324266,0.27301877224995413,2.586829650174577,0.30420594339508905,2.3216280629770325,True,False,0.2781965248500453,0.3053328299431514
1171,2023-06-30,2023-07-28,0.5897109947007043,0.2230265442834723,2.64412918469098,0.284486427997819,2.072896759437766,0.2792533692779169,2.111741735562788,True,False,0.30253635752306235,0.3013273022941664
1172,2023-07-03,2023-07-31,0.5904707455614266,0.22176345998178212,2.662615137813659,0.2851987394118284,2.070383434299771,0.2796495520636356,2.111466802661147,True,False,0.30427714068718836,0.3016488776033559
1173,2023-07-04,2023-08-01,0.6350452781946315,0.22055989381496777,2.87924185676016,0.27790665765921846,2.285102787905687,0.2911651371732029,2.1810484742782497,True,False,0.30589195426088556,0.33710692710585854
1174,2023-07-05,2023-08-02,0.5539663913780762,0.17699364629240394,3.1298659753180695,0.21401124257863105,2.5884920095940305,0.2073179754545354,2.672061552615154,True,False,0.38116302964043847,0.35375076940237293
1175,2023-07-06,2023-08-03,0.5391959709800238,0.17755943907138363,3.0367068841845835,0.21456109523256184,2.513018356825554,0.210082113606053,2.5665962785919354,True,False,0.38002109129843814,0.35643692948640693
1176,2023-07-07,2023-08-04,0.38057958250604457,0.1790704928125776,2.1253059425283123,0.22974877953684186,1.656503173915733,0.25568918371885874,1.4884461554873913,True,False,0.37718113710026235,0.35957283687846703
1177,2023-07-10,2023-08-07,0.22120249343009526,0.16911084283433808,1.3080325881101926,0.23012087210898935,0.9612448075780359,0.27172471669482545,0.8140683560948495,True,False,0.39974854865347353,0.33762353268529255
1178,2023-07-11,2023-08-08,0.23720384284467838,0.1691386148354643,1.4024227588444365,0.23503038359100645,1.0092475671462722,0.27067823365368654,0.8763314273291872,True,False,0.39963889847686246,0.351683451790234
1179,2023-07-12,2023-08-09,0.23161211229355422,0.16958934184710314,1.3657232805488981,0.23206313992904734,0.9980564443123926,0.27369340225841565,0.846246604347703,True,False,0.3985830303849051,0.35039188489787254
1180,2023-07-13,2023-08-10,0.04681321855019689,0.1828291667160961,0.2560489630349308,0.1345760967161978,0.34785686085783446,0.24346062383888525,0.19228250471080877,True,False,0.3698333894534471,0.28343103625540766
1181,2023-07-14,2023-08-11,-0.01906775360479576,0.17401036002477804,-0.1095782665013774,0.1425681191322963,-0.13374486330356794,0.23958945622419917,-0.07958511157082322,True,False,0.38846325240759927,0.27257386410107665
1182,2023-07-17,2023-08-14,-0.03577582626370103,0.17467983264383566,-0.20480799484532558,0.13885274419711938,-0.2576530011744862,0.236730974938599,-0.1511243987947932,True,False,0.38686892712620097,0.274148810234695
1183,2023-07-18,2023-08-15,-0.04101470227261476,0.1604613198050382,-0.25560491663939916,0.11675540479551098,-0.35128739731106384,0.18213816726730642,-0.22518455570282248,True,False,0.4212043501141798,0.2738857654691158
1184,2023-07-19,2023-08-16,-0.051436091409193994,0.1608887806001726,-0.31969967835742813,0.11590357258618901,-0.4437834853705198,0.18050108911290888,-0.28496277591443875,True,False,0.42002880758212124,0.2696683613592466
1185,2023-07-20,2023-08-17,-0.05620820173995353,0.15684902631556058,-0.35835862714805555,0.11076696854005483,-0.5074455181070329,0.16869957888096387,-0.3331851929495011,True,False,0.43091321268326027,0.26778865099133464
1186,2023-07-21,2023-08-18,-0.039010666933895086,0.15405453810562808,-0.2532263405778236,0.1082690985628995,-0.3603121061475508,0.1654844551537016,-0.23573614148629285,True,False,0.4388590853541622,0.2706151421556723
1187,2023-07-24,2023-08-21,-0.021460729237480162,0.15500305786880475,-0.1384535862230835,0.11157336125381971,-0.1923463539711676,0.16612480596271928,-0.1291843750432807,True,False,0.43623169513987714,0.2679674496712662
1188,2023-07-25,2023-08-22,-0.00987885238780542,0.15463138729083714,-0.0638864629030642,0.11258737954662527,-0.0877438699398305,0.16490605757153518,-0.059905939983557234,True,False,0.43727169616275957,0.26719276225810656
1189,2023-07-26,2023-08-23,0.035403591523467115,0.14917993994503642,0.23732139546718645,0.1195886402862359,0.2960447701280696,0.1586526217275047,0.22315163240274016,True,False,0.4532963316770057,0.2790582897709649
1190,2023-07-27,2023-08-24,0.027513145627441508,0.14711507820031222,0.1870178499988937,0.11713933585973728,0.23487537662315047,0.1488824277039458,0.18479780355376574,True,False,0.4596012735100182,0.2768428126966578
1191,2023-07-28,2023-08-25,-0.002840349283806583,0.14126966387471412,-0.020105868492230325,0.10060523834929881,-0.028232618205673975,0.14842678290181002,-0.019136366282934143,True,False,0.47860345947794936,0.2783369501314899
1192,2023-07-31,2023-08-28,-0.003975937812126486,0.14456689187369084,-0.02750240916571889,0.09996799253886139,-0.039772108163329246,0.1559992050830199,-0.02548691071861915,True,False,0.46768761526877717,0.2814120833426817
1193,2023-08-01,2023-08-29,0.008025573333103265,0.14296240638067664,0.05613764860485751,0.09979967161132047,0.08041683107294822,0.1539541533234835,0.052129631840722016,True,False,0.47296500715017153,0.28272544956838813
1194,2023-08-02,2023-08-30,0.020063387156554004,0.14203007421877603,0.14126154102862304,0.10034910835687952,0.19993587870458185,0.16440297482083058,0.12203785958508025,True,False,0.47628141711565497,0.2740826932504814
1195,2023-08-03,2023-08-31,-0.09598896958418097,0.16431867394432018,-0.5841634872047902,0.14737876775853453,-0.6513079939808518,0.1607498423576353,-0.5971325892228577,True,False,0.4115333602032136,0.26691569405581533
1196,2023-08-04,2023-09-01,-0.11495470533131812,0.1636029121644496,-0.7026446156152066,0.14599276732880467,-0.7874000023057123,0.1596805066486923,-0.7199044375793853,True,False,0.4132861221546402,0.2782981745417425
1197,2023-08-07,2023-09-04,-0.015694023556758297,0.16948564878152161,-0.09259794955848413,0.07690482732689752,-0.20407072094509862,0.1081911985349702,-0.14505822811164795,True,False,0.39889712626506574,0.25023887628529473
1198,2023-08-08,2023-09-05,0.04182036525834598,0.17875381322378633,0.23395509446274038,0.08197797571624914,0.5101414726694284,0.13175657826005763,0.3174062791445757,True,False,0.37812337260994694,0.2700042851382546
1199,2023-08-09,2023-09-06,0.045324133101393306,0.17746010591473171,0.25540463231308574,0.08623200095434357,0.5256068814336181,0.1325360774082825,0.34197581509652325,True,False,0.38091795298079195,0.26316032924574245
1200,2023-08-10,2023-09-07,0.046926742562091874,0.17744963476476136,0.26445105183958806,0.08725675829323062,0.5378006641547723,0.13221801880433506,0.3549194201097292,True,False,0.38089700650785696,0.25811201185502647
1201,2023-08-11,2023-09-08,0.05190127697594503,0.17581909350309705,0.2951970456782658,0.0889704820652486,0.5833538918883456,0.12824640670491744,0.4046996583332338,True,False,0.38436623592786023,0.24566051702692784
1202,2023-08-14,2023-09-11,0.1069394252111119,0.18238800528838242,0.5863292656884144,0.05651543436421719,1.8922162841735268,0.1390721448717445,0.7689492767206105,True,False,0.3706507668721236,0.27039542995733534
1203,2023-08-15,2023-09-12,0.09331136751843255,0.18071819350138538,0.5163363229265416,0.055618682177383715,1.6776982816823347,0.13793498164494625,0.6764880555001064,True,False,0.3741271508545317,0.2620167310840527
1204,2023-08-16,2023-09-13,0.13984856516711555,0.20374933135914244,0.6863755784337223,0.06781888599058658,2.0620887990776913,0.17341676341105036,0.8064304881277943,True,False,0.3317806903248606,0.2667263495716966
1205,2023-08-17,2023-09-14,0.11678712610907672,0.20365051240113544,0.5734683636790378,0.06709045425296406,1.7407413231803697,0.16328349992261929,0.7152414430387799,True,False,0.3319466140344446,0.26737119703031004
1206,2023-08-18,2023-09-15,0.07607062498218135,0.20753824193150902,0.36653786923417175,0.0882311248222481,0.8621744892795429,0.1726030187101901,0.4407259244399896,True,False,0.32575839939180695,0.26663003597818963
1207,2023-08-21,2023-09-18,0.06437781237020086,0.20779807121746086,0.30980947991008745,0.08537744024498235,0.7540377432899712,0.17483838806772709,0.3682132572925738,True,False,0.3253579926207588,0.26569920552464665
1208,2023-08-22,2023-09-19,0.0588479677626403,0.2070192560695872,0.2842632558918056,0.08577287231813685,0.6860906738014972,0.17487956224509732,0.33650569001404323,True,False,0.326579074917532,0.2659624796327363
1209,2023-08-23,2023-09-20,0.0003279583223398547,0.19350080404202424,0.0016948680082416049,0.09786562651708888,0.003351108392307569,0.16133852304939092,0.002032734130332011,True,False,0.34944631977508483,0.26813346718329645
1210,2023-08-24,2023-09-21,0.0846145252195588,0.15982444688651926,0.5294216677604895,0.07266604436679995,1.1644300437277955,0.183378782178729,0.46141938677011046,True,False,0.4231160070505019,0.27718269464856404
1211,2023-08-25,2023-09-22,0.078238707027074,0.16687219074663712,0.4688540773451235,0.08431190224930596,0.9279675222571324,0.21997731722288075,0.355667157026934,True,False,0.4052113918601243,0.27648243291698044
1212,2023-08-28,2023-09-25,0.13064661670084415,0.1825294754045926,0.7157562712063598,0.07250377855405819,1.8019283864417517,0.2166927385151084,0.6029118354223721,True,False,0.3703518579111155,0.28954677297382336
1213,2023-08-29,2023-09-26,0.12572389479700458,0.16184147857628708,0.7768335775413854,0.05941613418712316,2.115989141956863,0.14403229695227326,0.8728868278665626,True,False,0.4177101708159476,0.28883997546145185
1214,2023-08-30,2023-09-27,0.06768503982155204,0.16098253011659155,0.4204495964408757,0.0675951251734522,1.0013301942687303,0.16651967170030807,0.40646873207489526,True,False,0.4198824362639849,0.2962416150972549
1215,2023-08-31,2023-09-28,0.07783083980176032,0.1580619634459368,0.492407142774621,0.07813553536524001,0.9961004226558965,0.15874420012937027,0.490290919216773,True,False,0.42762652552365876,0.2943050495131567
1216,2023-09-01,2023-09-29,0.097996362930718,0.15932134509144286,0.615086213805644,0.06656565899126525,1.4721759600333424,0.16177896375680212,0.6057423082399839,True,False,0.42434973557830524,0.2950036323198393
1217,2023-09-04,2023-10-02,0.12970249657392174,0.1617104221905328,0.8020664025049776,0.050382678129671454,2.5743470055343707,0.1486970525443854,0.8722600371329225,True,False,0.41801554015415,0.30710782994134395
1218,2023-09-05,2023-10-03,0.20278696782225733,0.1455447671249343,1.3932961784066538,0.07683614580836591,2.6392131683442392,0.1210941879192106,1.6746218072625336,True,False,0.46425427813891385,0.32508833350593275
1219,2023-09-06,2023-10-04,0.2138808575138132,0.13789133003323395,1.5510827073918614,0.07315270240103552,2.923758801708815,0.10792076135865598,1.9818323631262864,True,False,0.49022577187707184,0.3138260555368656
1220,2023-09-07,2023-10-05,0.20169592122819563,0.13780162011045344,1.463668722229306,0.06911602642411846,2.918222178898476,0.1108188338610034,1.820050926372105,True,False,0.4906083260298408,0.30997617487331636
1221,2023-09-08,2023-10-06,0.2456417129919535,0.13324324251610953,1.8435585051321057,0.08504114744123077,2.888504216875821,0.10589565850082551,2.3196580149698827,True,False,0.5073196056444719,0.3299673177510657
1222,2023-09-11,2023-10-09,0.24851118783010284,0.13485007690697154,1.842870197260193,0.08532098357760345,2.9126620136073584,0.11016401934385285,2.2558289840027497,True,False,0.5012638582271055,0.32992993194097103
1223,2023-09-12,2023-10-10,0.26069595774763593,0.1327913301898404,1.963200137952841,0.09595501368809214,2.7168560320885855,0.104174017128979,2.502504606545655,True,False,0.508972578087653,0.31855359274991096
1224,2023-09-13,2023-10-11,0.2674349303329131,0.129776993622243,2.0607268119599618,0.09293940182972192,2.8775193843284206,0.0956426974854002,2.796187658485237,True,False,0.5207835417627747,0.3205797740134011
1225,2023-09-14,2023-10-12,0.26794235706334196,0.13127290177302892,2.0411094250557116,0.1059647487964942,2.5285989926510988,0.09953532364780059,2.691932343651576,True,False,0.5147624080332742,0.3214956648722284
1226,2023-09-15,2023-10-13,0.2505598790821347,0.11882811803756792,2.10859082193761,0.0782742250492054,3.201052184478679,0.09371565624797389,2.6736181457145984,True,False,0.5687761777237915,0.3250673404948244
1227,2023-09-18,2023-10-16,0.2543861716335332,0.1093505428966129,2.3263366133814847,0.06649432605917577,3.825682380886837,0.07556201095338592,3.36658816280662,True,False,0.6181455550521061,0.3313469276744914
1228,2023-09-19,2023-10-17,0.24485933125466777,0.10895785584587406,2.2472847813840304,0.06700440404762305,3.654376674712833,0.07537283235282426,3.2486417666841567,True,False,0.6204784876463343,0.3351411233144923
1229,2023-09-20,2023-10-18,0.2643035340992604,0.10687411256112497,2.4730360586441935,0.06593628136370319,4.008468913212855,0.07763302118854383,3.404524647538298,True,False,0.6323169886123964,0.3505553137544155
1230,2023-09-21,2023-10-19,0.23573218913353042,0.10237616885351662,2.3026080363568227,0.06990247982056318,3.372300807333951,0.08484188299108072,2.778488416603301,True,False,0.6603298921508074,0.3462995523720943
1231,2023-09-22,2023-10-20,0.22245927705319438,0.10949799907481866,2.0316286958010132,0.07799244449518562,2.8523183045881644,0.09420664804970678,2.361396797981995,True,False,0.6176187621256995,0.33961652643304074
1232,2023-09-25,2023-10-23,0.2341611367650349,0.10621238952299386,2.2046499265920523,0.07026820728130208,3.3323909321839733,0.08968778018333667,2.6108477240307515,True,False,0.6367104346059856,0.3473756373719093
1233,2023-09-26,2023-10-24,0.20590692407739397,0.10310062527785198,1.9971452503074856,0.07681318466211297,2.6806195444589433,0.09225187872892643,2.2320079212959154,True,False,0.6562802704174404,0.3384996479008293
1234,2023-09-27,2023-10-25,0.20151783836763582,0.10689609750034203,1.8851748855190062,0.0845499832957914,2.3834166550056155,0.09956502317771461,2.023982237295768,True,False,0.6330017298796701,0.33453653313838244
1235,2023-09-28,2023-10-26,0.22746973009357918,0.10765651992168761,2.1129210776927128,0.0881072067105737,2.5817380732634287,0.09895829663133693,2.298642335579034,True,False,0.6283988219735714,0.3252072891426938
1236,2023-09-29,2023-10-27,0.19868004344838028,0.10911487610623236,1.8208336987428628,0.08555379424346904,2.3222820823466517,0.09849742186521206,2.0171090743904165,True,False,0.620142797770135,0.3217346105808479
1237,2023-10-02,2023-10-30,0.19821931530696513,0.10477092850767233,1.8919305014315073,0.08148059681665262,2.432718009577146,0.09088227344117003,2.1810558627285723,True,False,0.6460187290879291,0.32128638097775103
1238,2023-10-03,2023-10-31,0.1491913705599779,0.10091573179285243,1.4783757488497415,0.09351041160746554,1.595451971554224,0.0980998740613778,1.520811030467112,True,False,0.6711678480488937,0.30276378957529104
1239,2023-10-04,2023-11-01,0.10016583520882798,0.1058456042885403,0.9463391123524696,0.08318961102946558,1.204066637279377,0.09147124144706002,1.0950527578309959,True,False,0.6397929426568723,0.27418603596180896
1240,2023-10-05,2023-11-02,0.13766931646704633,0.10578495617150384,1.301407321508457,0.07595867539260553,1.812423870683351,0.10274832327421889,1.339869226864451,True,False,0.6399895455875355,0.3169259399822616
1241,2023-10-06,2023-11-03,0.1644444619207585,0.10520702047577485,1.5630559745642048,0.08103667838779706,2.029259653681973,0.10895538704013046,1.5092825273539738,True,False,0.6432089633914272,0.36508242017780873
1242,2023-10-09,2023-11-06,0.14843143659925323,0.1064467716872254,1.3944193350963445,0.07976142997219596,1.8609425213539295,0.11035640108444301,1.3450188221132346,True,False,0.6359867506855206,0.3558826231796558
1243,2023-10-10,2023-11-07,0.14964782464704138,0.10667202078353907,1.4028779388243675,0.07920394837548568,1.8893985428302045,0.10883445756960146,1.3750040932701768,True,False,0.6346705136240133,0.3672885357699558
1244,2023-10-11,2023-11-08,0.13995921364510575,0.10706559786739758,1.307228619023334,0.07740722200229427,1.808089865839101,0.10856280043007527,1.2892004728199025,True,False,0.6324491099036617,0.36102975657617786
1245,2023-10-12,2023-11-09,0.1360960398938231,0.10692107141018918,1.2728645354825134,0.07888264840988478,1.7252975481584987,0.11156603179518616,1.2198698627523952,True,False,0.6334603851479923,0.36056400230928376
1246,2023-10-13,2023-11-10,0.11382065389606864,0.10598168118913659,1.0739653553234592,0.07076588348264719,1.608411402423586,0.10563671627140521,1.0774724727682465,True,False,0.6392315146597294,0.3498523288672242
1247,2023-10-16,2023-11-13,0.10648322046336538,0.11909806747104563,0.8940801704381383,0.07867700671681582,1.353422364511568,0.1283932530397653,0.8293521500727609,True,False,0.56832513411615,0.3466988259153819
1248,2023-10-17,2023-11-14,0.13398169415382452,0.1275908038772358,1.050088956902708,0.10451783441615262,1.2819027001684455,0.160830763699943,0.8330601128263622,True,False,0.5302504793859067,0.39072255767748637
1249,2023-10-18,2023-11-15,0.1431771146093968,0.129379143313331,1.1066475704097825,0.10820645283530506,1.3231846240012934,0.16423627908011834,0.8717751973639857,True,False,0.5228845786814287,0.39169928129037296
1250,2023-10-19,2023-11-16,0.07386779280392246,0.13617795930852297,0.5424357449546484,0.10410981552669162,0.7095180452508273,0.14567635226631648,0.5070678367130029,True,False,0.4966426257500937,0.3654781794951633
1251,2023-10-20,2023-11-17,0.10334425501141754,0.1616764903866486,0.6392039730963371,0.13574119199511905,0.7613330448367771,0.18853675541594178,0.5481385037279539,True,False,0.4180973912332421,0.36665349908933864
1252,2023-10-23,2023-11-20,0.11132876892840142,0.1642929584771221,0.6776234962249098,0.13986222528886993,0.7959888289955646,0.1942454805560791,0.5731344101787766,True,False,0.4113544633437167,0.3758250119865735
1253,2023-10-24,2023-11-21,0.10663174368240483,0.16945809216591018,0.6292514114817581,0.1563299671871736,0.6820940706444006,0.2153426232868725,0.49517249327994606,True,False,0.3988559936428156,0.37520563352357145
1254,2023-10-25,2023-11-22,0.18408308469964535,0.17709405675324824,1.0394650620948571,0.16170978196900876,1.1383546651180594,0.22793927707933292,0.8075970366246986,True,False,0.3815151803917985,0.3805523440216332
1255,2023-10-26,2023-11-23,0.16949625195892187,0.1963735068911946,0.8631319705098269,0.19598430576129372,0.8648460462204869,0.26863114484250594,0.6309627726088677,True,False,0.3440646911401643,0.37780660787415316
1256,2023-10-27,2023-11-24,0.12483858332909162,0.2040147477642875,0.6119096030906862,0.23615632152137628,0.5286268964762459,0.2787665326006766,0.44782485962157653,True,False,0.331106661141678,0.3756953264089668
1257,2023-10-30,2023-11-27,0.19842288875421193,0.21070495750541413,0.941709635612695,0.20252353083800426,0.9797522684557955,0.2886918413750514,0.6873172716247032,True,False,0.32054670218268405,0.37456141524688974
1258,2023-10-31,2023-11-28,0.1977971199758755,0.22650624534486896,0.8732523894637778,0.23779629482184295,0.8317922704559597,0.38325727901213896,0.5160948814480589,True,False,0.2980707616847385,0.3823126733165268
1259,2023-11-01,2023-11-29,0.5542657111472065,0.25077563274800146,2.2102056131752446,0.14849069726354405,3.7326628628020067,0.3213420464480284,1.7248465218722926,True,False,0.2688844930363842,0.37348447147111785
1260,2023-11-02,2023-11-30,0.7563006026024041,0.276292691981925,2.7373167099616267,0.2805751223832145,2.695536924936043,0.3739412741851334,2.0225117012035683,True,False,0.2439337439085753,0.3893104715360895
1261,2023-11-03,2023-12-01,0.6571120848836187,0.3117654017985757,2.107713303313122,0.28489790920625796,2.3064826509761724,0.4769341476411035,1.3777836796414513,True,False,0.21639917228293196,0.36557794875916033
1262,2023-11-06,2023-12-04,0.543645611320675,0.3153700543891044,1.7238339650660794,0.28460467643807474,1.910178069189117,0.43141558857302376,1.2601436427433466,True,False,0.21414405549973708,0.335163653428829
1263,2023-11-07,2023-12-05,0.519169706046029,0.31487422902997475,1.6488161246013122,0.2670087100695333,1.944392397951471,0.41203742013058603,1.2600062049740282,True,False,0.21452391186725484,0.34192555340417996
1264,2023-11-08,2023-12-06,0.4901639668464247,0.313063082706851,1.565703508086289,0.2584654806419132,1.896438803468361,0.41325301813707055,1.1861110393242036,True,False,0.21575662593702058,0.3321499523645433
1265,2023-11-09,2023-12-07,0.5174854509278284,0.31515076741137094,1.642025038296502,0.2591153212246367,1.9971240931724026,0.44172637854192726,1.17150678806181,True,False,0.21432213965000874,0.33277246567524554
1266,2023-11-10,2023-12-08,0.49462646622744183,0.33863791052095055,1.4606352415372605,0.2655748941812146,1.8624744923740204,0.45200683138113085,1.0942898024706496,True,False,0.19946264842337066,0.33488079243237573
1267,2023-11-13,2023-12-11,0.7967361160010529,0.3934861441038002,2.024813650848343,0.42365347237088574,1.880631619852636,0.5346914406535104,1.4900857867245199,True,False,0.1715613798203632,0.3373404569872136
1268,2023-11-14,2023-12-12,0.7620560104186314,0.4163873018391518,1.8301615036113892,0.4222367811809725,1.8048072654570821,0.5447455804432342,1.3989209601270776,True,False,0.16215107357563205,0.33213937704998964
1269,2023-11-15,2023-12-13,0.5173446450256135,0.4352803540721302,1.1885320350108988,0.24889262280221397,2.0785856937058704,0.45512285598760127,1.1367142700469153,True,False,0.1552427060620341,0.2896480724379585
1270,2023-11-16,2023-12-14,0.04573318376073321,0.42199787279998086,0.10837301964886892,0.4620510199034489,0.0989786447615454,0.684612484512982,0.06680156262891813,True,False,0.16013955094024404,0.4059206419271647
1271,2023-11-17,2023-12-15,-0.0019892942145353734,0.42593905816986427,-0.004670372853531652,0.4901125054502011,-0.004058852186822031,0.7158343771275645,-0.002778986701529806,True,False,0.15865339646289442,0.4071597865839324
1272,2023-11-20,2023-12-18,-0.025819230451015817,0.4328104690835147,-0.05965481959271591,0.42453182177927773,-0.060818127467579405,0.6884645384569551,-0.03750262941484838,True,False,0.15614024440935279,0.4063102979967865
1273,2023-11-21,2023-12-19,-0.20094008767924346,0.44538186270156144,-0.4511636070234141,0.4278417669914502,-0.46965982094791353,0.6815443911301339,-0.29483052064451076,True,False,0.151738347439648,0.4003944467166365
1274,2023-11-22,2023-12-20,-0.06559188450059752,0.3435761332633017,-0.19090931572459013,0.22470020281292438,-0.29190843479214157,0.38282764745966785,-0.17133528608982673,True,False,0.19670836524136526,0.40097283577247506
1275,2023-11-23,2023-12-21,0.08093510537517937,0.3589300437205089,0.22548991590740672,0.2540992804586802,0.3185176488067248,0.3650521926850404,0.22170831184407794,True,False,0.18827367146776863,0.3912869009109072
1276,2023-11-24,2023-12-22,0.12435413157410558,0.3366854759320222,0.36934807249960805,0.24592046848069793,0.505668081808595,0.3346168028681733,0.3716314617443061,True,False,0.20070640170866874,0.39257963199478585
1277,2023-11-27,2023-12-25,0.056924873667188625,0.34324731887266163,0.16584215094279206,0.2268543255168343,0.2509314007458252,0.330831148983429,0.1720662454007314,True,False,0.19689137543601165,0.38556318505283493
1278,2023-11-28,2023-12-26,0.06046984790908799,0.34534799918957126,0.17509830099202164,0.23582590356257987,0.25641732734013006,0.3450420822995304,0.17525354445488836,True,False,0.19568568587760451,0.3861742354587541
1279,2023-11-29,2023-12-27,0.1506806973961074,0.3297227841116763,0.4569920692683227,0.2549189352518998,0.5910926045851058,0.33537552240143176,0.44928948993405765,True,False,0.2049531111441648,0.3795774335913849
1280,2023-11-30,2023-12-28,0.1083972851206141,0.33405135611698394,0.3244928755285569,0.24886503457532166,0.4355665523908964,0.3525431429709556,0.30747239673172266,True,False,0.2022972133626017,0.37580219638048806
1281,2023-12-01,2023-12-29,0.11720808514986071,0.33407426192208295,0.3508444035033069,0.2488073154338265,0.47107973873474673,0.35455140542285957,0.3305813581815343,True,False,0.202258324795448,0.36421056078879477
1282,2023-12-04,2024-01-01,0.09511213239594869,0.33776859052909086,0.28158962989116954,0.24637095705115125,0.386052534496595,0.3531760279771771,0.26930517606391735,True,False,0.2000550203016992,0.3621901375823935
1283,2023-12-05,2024-01-02,0.284317095426273,0.3211191185125938,0.8853944814722158,0.3874679499464908,0.7337822275765958,0.4410348487542956,0.6446590246311092,True,False,0.21042795194607883,0.3851938346908453
1284,2023-12-06,2024-01-03,0.4323213052107462,0.29856880532488345,1.4479788159393339,0.367172578512649,1.177433529927543,0.3629775970996155,1.1910412892289328,True,False,0.22626054071207602,0.3894927567032703
1285,2023-12-07,2024-01-04,0.43777217764412263,0.2986788156810434,1.4656954382449938,0.36301643324627714,1.2059293672447324,0.3622478011204452,1.2084881572505835,True,False,0.2261837930096752,0.3875795284849062
1286,2023-12-08,2024-01-05,0.41978685397149335,0.27821787084027777,1.5088421628116369,0.32612073786530826,1.2872130019062764,0.3286655527741667,1.2772462779509421,True,False,0.24279851842515401,0.3884556145177951
1287,2023-12-11,2024-01-08,0.5392944716241505,0.29164093766371185,1.8491727394115203,0.3030742534013168,1.7794136769184477,0.3260096385274547,1.6542286113382323,True,False,0.2315405615128808,0.3864615144615165
1288,2023-12-12,2024-01-09,0.4544692803873897,0.2902440195434135,1.565817897306966,0.32330292815318246,1.4057072819707344,0.3450688133402532,1.3170395666538048,True,False,0.23277488530743698,0.39447634423809885
1289,2023-12-13,2024-01-10,0.4414907118620814,0.30115427611293877,1.4659951622155074,0.3390617884441856,1.3020951546557333,0.35779080222420534,1.2339353306947967,True,False,0.22435500943262562,0.39379011162086963
1290,2023-12-14,2024-01-11,0.39598969051127,0.29897555867393666,1.3244885042363517,0.3645515146713247,1.0862379514957978,0.3661317771457519,1.081549636576975,True,False,0.2260167954184398,0.3830178135853677
1291,2023-12-15,2024-01-12,0.5345591272986145,0.29942149790431205,1.7853064360443713,0.2786366989039399,1.9184806933235454,0.32303124004859546,1.654821766520779,True,False,0.22560324365934994,0.25819248948767853
1292,2023-12-18,2024-01-15,0.5281639060010028,0.2921410225089783,1.807907364275659,0.266086110448503,1.984936023570539,0.289100186832766,1.8269234336625542,True,False,0.23128488949729534,0.25610124354515684
1293,2023-12-19,2024-01-16,0.678453349739058,0.2845407752633798,2.3843800562891575,0.24552993047696806,2.763220550835045,0.33672650230127527,2.014849871044702,True,False,0.23724059275033635,0.3186786388780063
1294,2023-12-20,2024-01-17,0.6727690626437295,0.2647486820864101,2.541161139469421,0.21094099238097166,3.1893708996526837,0.26849484306745,2.5057057147079718,True,False,0.25489646066924504,0.31400985907875795
1295,2023-12-21,2024-01-18,0.8132171688643718,0.2811792592140915,2.892166268370398,0.16574781718039533,4.906352208423287,0.23880636654477272,3.405341242072394,True,False,0.23985088147378947,0.3166425855985349
1296,2023-12-22,2024-01-19,0.7843331825183979,0.26310238129244845,2.981094958796976,0.14126693141985014,5.5521357662065505,0.21642451806063326,3.624049574173754,True,False,0.25632483759248065,0.31716610085360203
1297,2023-12-25,2024-01-22,0.7831916045763011,0.27228261982037993,2.876392202678815,0.15289337576693235,5.122469175971253,0.22587940279956373,3.4672997841740965,True,False,0.24771745445787813,0.3118431860534361
1298,2023-12-26,2024-01-23,0.6454825361963134,0.26247867863034596,2.4591808354283873,0.18001479239787416,3.585719415600293,0.2582582756031719,2.4993682571788445,True,False,0.257064028594575,0.31994253932629907
1299,2023-12-27,2024-01-24,0.48220412096564885,0.2547142500421857,1.8931179582052688,0.29747181424154717,1.6210077657108684,0.3048423449299989,1.5818147609262672,True,False,0.2651173981931879,0.34139184500874714
1300,2023-12-28,2024-01-25,0.43379805872157234,0.2605572548219021,1.664885742744277,0.2776615729875032,1.5623265907994277,0.29894170313180485,1.4511125553142001,True,False,0.2591310888364119,0.3308056306903085
1301,2023-12-29,2024-01-26,0.4499763644282995,0.2593168142421965,1.7352379009562835,0.2693567561110427,1.6705590419376604,0.2994491971451076,1.5026801498160278,True,False,0.26036495861265246,0.3346511708713965
1302,2024-01-01,2024-01-29,0.45095401113306127,0.2574553884627915,1.751581172278455,0.258228404311028,1.7463377521781118,0.28880335579824745,1.5614569639837883,True,False,0.2622151624340589,0.33492902884579484
1303,2024-01-02,2024-01-30,0.4772128958508593,0.2550324001988914,1.871185368912721,0.254355467008962,1.8761652794907102,0.2886420152214812,1.6533036449481675,True,False,0.2647199330123962,0.3409641135582743
1304,2024-01-03,2024-01-31,0.22256631716596084,0.2453408960772849,0.9071716975218439,0.2345800900763361,0.9487860503998196,0.28173821567849794,0.7899756042323333,True,False,0.275452741791966,0.3122285202261822
1305,2024-01-04,2024-02-01,0.17115003040617513,0.25386420808110166,0.6741794430174184,0.2623833690121084,0.6522899338116088,0.31327996999431196,0.5463165436631094,True,False,0.26623997550239875,0.304979682149
1306,2024-01-05,2024-02-02,0.17242691924265835,0.2540397583614507,0.6787398962855544,0.2611635242689866,0.6602258861580779,0.3184035777611651,0.5415357467245421,True,False,0.26602462561702783,0.31920746368138964
1307,2024-01-08,2024-02-05,0.0997712803840763,0.26718067475363416,0.3734225182119734,0.29124611127082867,0.3425669099880251,0.343423275428862,0.29051985559069454,True,False,0.2529014423636112,0.32122897827553415
1308,2024-01-09,2024-02-06,0.161274009836767,0.2600022494506253,0.6202792867274525,0.27181675826326984,0.5933188625572675,0.3384449358579503,0.4765147672484477,True,False,0.25989775534203113,0.3304766816423581
1309,2024-01-10,2024-02-07,0.2010882417264896,0.26115255340313315,0.7700029699348789,0.2691092876604776,0.7472363494945335,0.3366400167478522,0.5973390913805334,True,False,0.25876677250875196,0.32487490069387287
1310,2024-01-11,2024-02-08,0.20145847423139568,0.2612304206484756,0.7711907125184628,0.26871689808281696,0.7497052685138818,0.33664250906865234,0.5984344484264515,True,False,0.25868598498599205,0.325490931714975
1311,2024-01-12,2024-02-09,0.2038631749383463,0.26249455273920763,0.776637735187166,0.2693925895008867,0.7567512354963101,0.33279503974546815,0.6125787664812165,True,False,0.25745476255290684,0.32573726108309253
1312,2024-01-15,2024-02-12,0.1553846092850626,0.24423381642544809,0.6362125096321108,0.246249706980033,0.6310042403326062,0.28749181482042657,0.540483593879426,True,False,0.2767121125414083,0.31765930462941677
1313,2024-01-16,2024-02-13,0.2471125665914179,0.20052989060605078,1.2322979175053792,0.15337582006175327,1.6111572638498277,0.20100921203934294,1.2293594113639492,True,False,0.3369710436712305,0.33049479064761794
1314,2024-01-17,2024-02-14,0.1578112886808646,0.18164118570495766,0.8688078536175144,0.10289357105406242,1.5337332261307879,0.17961071181545837,0.8786296044692944,True,False,0.3722552337630734,0.2782390117029095
1315,2024-01-18,2024-02-15,0.12054681215773842,0.18801150127170146,0.6411672229750048,0.11915437490112005,1.0116859935505842,0.21835582785168667,0.5520659253464815,True,False,0.3596697174777608,0.26886978265324585
1316,2024-01-19,2024-02-16,0.10815838668795223,0.19111722628214112,0.5659269380996613,0.1263710615545563,0.8558793869216539,0.22534968592363933,0.4799580094582521,True,False,0.3538102715820806,0.2675468943354569
1317,2024-01-22,2024-02-19,0.07548966748505255,0.19641055909189667,0.38434627870354166,0.1531890115053451,0.49278774465111386,0.24079596747622134,0.3135005468582325,True,False,0.34430988927649336,0.26308106822999405
1318,2024-01-23,2024-02-20,0.05382508564497518,0.19308518066024946,0.2787634217236236,0.15603901407082563,0.3449463325918231,0.2349527231651564,0.22908900531082446,True,False,0.35025352277100646,0.2644299874140552
1319,2024-01-24,2024-02-21,0.12312273578261661,0.19824479233627618,0.6210641617953199,0.10438058577525224,1.1795558998655091,0.21515098355353723,0.5722620168825735,True,False,0.3410871514579177,0.2494578989666092
1320,2024-01-25,2024-02-22,0.15617923300450048,0.19273900708542147,0.8103146081648237,0.08168188519869839,1.9120424635717055,0.17881241313505913,0.8734250059392491,True,False,0.35079500426826143,0.22153973176451228
1321,2024-01-26,2024-02-23,0.13984544352988032,0.18730816070675174,0.7466062503748638,0.08462590779326716,1.6525133635376663,0.18115725678965952,0.7719560673865465,True,False,0.36102347666732115,0.21402119946877476
1322,2024-01-29,2024-02-26,0.13385906703076542,0.18766432209581463,0.7132899079369056,0.08518844285507675,1.571328956657742,0.18011285848239447,0.7431955061878592,True,False,0.3603252464467683,0.20977225266432747
1323,2024-01-30,2024-02-27,0.12717963825302442,0.18775975843706372,0.6773530138283306,0.09189686982549206,1.383938740182693,0.19160236934961372,0.6637686093586964,True,False,0.3601630361293521,0.20661363043719944
1324,2024-01-31,2024-02-28,0.12166081961157234,0.1871590649857662,0.6500396848040723,0.09355747756124097,1.3003858460371107,0.18073791389092236,0.6731339152503232,True,False,0.36134052110913134,0.2024913214821456
1325,2024-02-01,2024-02-29,0.17149675047962362,0.19541191900034638,0.8776166334015666,0.0711775337788711,2.409422487331699,0.1744092683609164,0.9833006702644627,True,False,0.34603440154381426,0.19912260048274066
1326,2024-02-02,2024-03-01,0.17460384609230828,0.19658189520364375,0.8881990170632555,0.07151452364734669,2.441515893377364,0.17711297476055882,0.9858331741554075,True,False,0.343947090772895,0.20117972702201656
1327,2024-02-05,2024-03-04,0.16018880774274208,0.1949984159683299,0.8214877384889049,0.08154447065539608,1.964434945193207,0.19372964154970956,0.8268678270466878,True,False,0.34677534346052685,0.1754326667300188
1328,2024-02-06,2024-03-05,0.1638218750005992,0.18701061109279116,0.87600309973488,0.08303398983718151,1.9729495754910955,0.17310562509046684,0.9463694487974272,True,False,0.36151774560773153,0.15370093449589015
1329,2024-02-07,2024-03-06,0.13525443284526392,0.1908411227345148,0.7087279246067981,0.088658487278203,1.525566665950962,0.18932930827022468,0.7143871917189856,True,False,0.35427241785018704,0.1563235009472707
1330,2024-02-08,2024-03-07,0.14106845505485888,0.1914984469715204,0.7366558699864472,0.09060632284472216,1.5569383087824555,0.19371585504114,0.7282235882287476,True,False,0.35303809985000334,0.16276869090147827
1331,2024-02-09,2024-03-08,0.13807615132721385,0.19120966090765001,0.7221191161146483,0.0992917419320883,1.3906106252184858,0.20226758021557237,0.6826410400522679,True,False,0.3535517969996591,0.1609342197051411
1332,2024-02-12,2024-03-11,0.14299980371663532,0.18994131355443333,0.7528630872380193,0.09516882147734551,1.5025908853003476,0.19182552276717735,0.7454680777291413,True,False,0.35591598938038516,0.1623274317970352
1333,2024-02-13,2024-03-12,0.09723898446986472,0.18052240137125455,0.538653284751554,0.12838489854988613,0.7574020431389044,0.2014123638518273,0.48278557785757564,True,False,0.37455252966905134,0.16500445880783463
1334,2024-02-14,2024-03-13,-0.08714400516549231,0.21997993955625875,-0.39614523643055044,0.056956518807842166,-1.5300093297396842,0.09011857443664693,-0.966992717208973,True,False,0.3072692473721693,0.11886932830249065
1335,2024-02-15,2024-03-14,-0.046100861859628896,0.2446080763650089,-0.18846827359386245,0.060448722491830434,-0.7626441049413305,0.13424963388223732,-0.34339655555461845,True,False,0.2763691429948414,0.13438814056601786
1336,2024-02-16,2024-03-15,-0.06271928254890807,0.24737587567241345,-0.25353839527975575,0.055332126051988846,-1.1335057411309013,0.12064343388122198,-0.5198731545610479,True,False,0.2732692156484661,0.13729890760539462
1337,2024-02-19,2024-03-18,-0.06708431044970471,0.2481478016534941,-0.27034013601046997,0.05336574709097447,-1.2570668285659663,0.11400331150028006,-0.5884417703913795,True,False,0.27242015268074987,0.14251690489337598
1338,2024-02-20,2024-03-19,-0.11796829093761997,0.24811996960554,-0.4754485949888089,0.05982217903406676,-1.9719825128810657,0.10957296426422775,-1.076618595926158,True,False,0.27246057550754266,0.15864588704264712
1339,2024-02-21,2024-03-20,-0.09675325735962984,0.25066061224124814,-0.3859930624701009,0.06293078269418144,-1.5374551724521235,0.11209015130356233,-0.8631735815718801,True,False,0.26968093795021336,0.15700556156522713
1340,2024-02-22,2024-03-21,-0.09673377792282555,0.25068376295243877,-0.3858797106902311,0.06270529709056093,-1.5426731458288068,0.1155796157879568,-0.8369449687416685,True,False,0.26965593488864115,0.1583125136062621
1341,2024-02-23,2024-03-22,-0.06081411146084848,0.26027005864869857,-0.23365773142170293,0.06395721300566096,-0.9508561834216529,0.12090534909612728,-0.5029894203646645,True,False,0.2597186867128587,0.17267153523543713
1342,2024-02-26,2024-03-25,-0.08327534086414021,0.2729213651188275,-0.305125767005756,0.057591950002426937,-1.44595452768366,0.13289440688504175,-0.6266278831145712,True,False,0.247676623106686,0.1746356865686039
1343,2024-02-27,2024-03-26,-0.08204208946434408,0.27278021648635364,-0.30076260852461195,0.05727769284256068,-1.4323567412160498,0.131666040021396,-0.6231074425190586,True,False,0.2478058993052229,0.17478144895269074
1344,2024-02-28,2024-03-27,-0.08179691384901878,0.27000978988766666,-0.30294054850029367,0.05479842888339609,-1.4926872086619847,0.12769175942592392,-0.6405809914184049,True,False,0.25034710895490464,0.17431681041384128
1345,2024-02-29,2024-03-28,-0.10011473481117843,0.27332113806527636,-0.3662897627305663,0.05208953107438667,-1.921974199925301,0.12851010805610066,-0.7790417137263138,True,False,0.2473149718252585,0.1719724566900008
1346,2024-03-01,2024-03-29,-0.09254639799661907,0.2778656165020655,-0.3330617122105539,0.054540655289459304,-1.6968332614534039,0.1384805587461374,-0.6682988488389562,True,False,0.24327338541165427,0.1717686188890692
1347,2024-03-04,2024-04-01,-0.008665471316396453,0.2694397143565992,-0.032161076688671957,0.11944504307734476,-0.07254776835557139,0.17170819699830397,-0.05046626467391097,True,False,0.25088697739767934,0.19105134026804582
1348,2024-03-05,2024-04-02,-0.06567122650110367,0.2526698016896864,-0.2599092810535272,0.06614479306387347,-0.9928404559023641,0.1551559236502532,-0.4232595504966819,True,False,0.2675328450271636,0.1935637765993847
1349,2024-03-06,2024-04-03,-0.04614491385827623,0.2713273850932225,-0.17007097843227947,0.0906740350477807,-0.5089098972375076,0.20534912426769245,-0.22471444191854392,True,False,0.24918292715842047,0.2011850371511764
1350,2024-03-07,2024-04-04,-0.14921744551941546,0.20542614137817983,-0.7263800240725604,0.06442975080648616,-2.3159711725036454,0.14272796741379132,-1.0454674596942175,True,False,0.32909899840046497,0.19130991498440855
1351,2024-03-08,2024-04-05,-0.1693713402447872,0.20384953912776607,-0.8308644746978354,0.07172195375985936,-2.361499253239519,0.14095393271705647,-1.2016077663102478,True,False,0.33162400250046187,0.1859704793115974
1352,2024-03-11,2024-04-08,-0.1106802195567664,0.19636738376740717,-0.5636385097836037,0.06602890805933734,-1.6762388294730368,0.1734666784825333,-0.6380488778881588,True,False,0.3443035248219998,0.18651555545278886
1353,2024-03-12,2024-04-09,-0.11180579041627867,0.19814562019124043,-0.5642607205164021,0.0659676421820206,-1.6948580655312735,0.17971163351098926,-0.6221399707517644,True,False,0.34121561784952814,0.18681900739966603
1354,2024-03-13,2024-04-10,0.025186237292484905,0.21408345914489732,0.11764681584035036,0.17057304921480598,0.14765660465368935,0.35934602162395857,0.07008909456869208,True,False,0.3158560472931041,0.23981307174483812
1355,2024-03-14,2024-04-11,0.010708571950666448,0.20355376960269916,0.05260807486674249,0.15574685796033086,0.0687562631497449,0.3180051678350859,0.03367420732049172,True,False,0.33229241687562405,0.23439263034058866
1356,2024-03-15,2024-04-12,0.13076907173690389,0.16436162826346504,0.7956180108369719,0.1676257564867115,0.7801251697693045,0.24403043906901392,0.5358719684142406,True,False,0.41157718490038947,0.25587379377742486
1357,2024-03-18,2024-04-15,0.10192190618710215,0.14965533217714017,0.6810442682153273,0.11970662219464623,0.851430809077332,0.18182127912688661,0.5605609347626164,True,False,0.452323241486308,0.2557024398455363
1358,2024-03-19,2024-04-16,0.041678284628912314,0.14543672947947792,0.28657330770624484,0.1152817817682629,0.3615340081461714,0.18946231144022668,0.21998192839561848,True,False,0.4651835698930922,0.27697957461322503
1359,2024-03-20,2024-04-17,0.06623679467558864,0.1469168283581084,0.4508455254297831,0.11181030598337044,0.5924033039086759,0.19105639706618724,0.34668713370870474,True,False,0.4606859702050843,0.2758821953700055
1360,2024-03-21,2024-04-18,0.06835444266396855,0.15035010342745075,0.4546351555850574,0.11396179123499409,0.5998014064469973,0.19953869577399838,0.3425623405967742,True,False,0.4500873367859898,0.2760776070438958
1361,2024-03-22,2024-04-19,0.05878876360755462,0.15007793192519073,0.39172157327473717,0.11134852082409696,0.5279707639801186,0.1947904944649143,0.30180509459173666,True,False,0.4509361807702698,0.27296500366615156
1362,2024-03-25,2024-04-22,0.0587177050124603,0.13531185269106646,0.4339435448165802,0.09805133936394173,0.598846536858768,0.15909819090617103,0.3690658245579258,True,False,0.5004561431157952,0.26944567657669527
1363,2024-03-26,2024-04-23,0.09059378551398065,0.12946405119114393,0.699760162612444,0.09321594459759926,0.9718700583367136,0.1506878961398395,0.6012014755976747,True,False,0.5231066459202802,0.27676571969536223
1364,2024-03-27,2024-04-24,0.09127502000173475,0.12940599370595984,0.7053384266661757,0.09268855912837846,0.9847495835523142,0.1497253160747213,0.609616478993996,True,False,0.5233165937756082,0.27708947420029983
1365,2024-03-28,2024-04-25,0.0919404724047231,0.1288700848927227,0.7134353366901133,0.09306226144747924,0.9879458222344055,0.14870696177093556,0.6182660939999962,True,False,0.5253853641107515,0.2768324226928764
1366,2024-03-29,2024-04-26,0.09004502022725548,0.12836176590970466,0.701494090464579,0.09405289377788066,0.9573870256444172,0.1492192685338567,0.6034409705394378,True,False,0.527490334106582,0.27678775088897833
1367,2024-04-01,2024-04-29,0.10368540354564158,0.12784087173870964,0.8110505047052656,0.09545440100472814,1.0862296809185963,0.14949502765309397,0.6935709178652116,True,False,0.5296410443785291,0.2895690374915883
1368,2024-04-02,2024-04-30,0.10707240445198711,0.1265315039328178,0.8462114265933126,0.10284230023740189,1.0411319486711248,0.14533413720800017,0.7367326528298481,True,False,0.535088371958114,0.28672991345705495
1369,2024-04-03,2024-05-01,0.13279195361979973,0.128324247167424,1.034815762032461,0.0949598045164323,1.398401716347476,0.15125212563849558,0.8779509911628144,True,False,0.5273978674089917,0.28193641138476366
1370,2024-04-04,2024-05-02,0.15535441172244113,0.1271135800343282,1.2221700598825571,0.10668266266491279,1.456229230145904,0.15276868909613195,1.016925736822171,True,False,0.5323951053801167,0.2988349922220737
1371,2024-04-05,2024-05-03,0.2738995706712106,0.13596534334202834,2.0144807782539194,0.10909044916292833,2.510756649852429,0.12320926627669128,2.2230435984913166,True,False,0.49747381394648266,0.3003661369920887
1372,2024-04-08,2024-05-06,0.2735592525272523,0.1360426213309967,2.0108349122564504,0.10714552173484777,2.5531561944719194,0.12390427884169208,2.2078273251303036,True,False,0.49723521423664235,0.3041568692217795
1373,2024-04-09,2024-05-07,0.2634281137625514,0.1377275143728913,1.9126760180201259,0.10728714165218055,2.4553558768167383,0.12567534389337987,2.096100202327975,True,False,0.49110214614230935,0.3008316009972238
1374,2024-04-10,2024-05-08,0.2618315165919693,0.13771054769878108,1.901317807294487,0.10732042363693935,2.4397175087356597,0.12527625318506183,2.0900331063157194,True,False,0.4911627805709371,0.3003337686305871
1375,2024-04-11,2024-05-09,0.21096182337143637,0.14071798487146348,1.4991816686696868,0.09194782143716959,2.294364565402914,0.12628398259864063,1.6705350831539838,True,False,0.48084208055521804,0.2599566907392061
1376,2024-04-12,2024-05-10,0.22200097029624377,0.14279723092046,1.5546587904068063,0.09601300199936726,2.312196949093486,0.13108490236415302,1.6935662787429668,True,False,0.4737078683614892,0.2618755966828429
1377,2024-04-15,2024-05-13,0.12125718368188311,0.16660339656109371,0.7278193973519497,0.1298735042816132,0.9336560551947011,0.1163749094430035,1.0419529799185003,True,False,0.40600363077092455,0.23059325369124023
1378,2024-04-16,2024-05-14,0.16002071665106057,0.20337659086281384,0.7868197415060485,0.15667503978802316,1.0213542429449134,0.16032087892755592,0.9981277405756304,True,False,0.33240146296403733,0.2293522512402247
1379,2024-04-17,2024-05-15,0.2880890572801967,0.20143037570915015,1.4302165513317364,0.12721394201664382,2.2646028628096837,0.1723524051880603,1.6715116738049096,True,False,0.33546850101816356,0.20703347538696668
1380,2024-04-18,2024-05-16,0.28373258986768274,0.20086444182794386,1.412557580055518,0.12665633061397244,2.240176929903747,0.17207135275073562,1.6489240383825003,True,False,0.3364211744856856,0.20718670414908208
1381,2024-04-19,2024-05-17,0.27992603807454,0.2006853705722436,1.394850243823682,0.1253816430553818,2.232591879107016,0.16974667551274872,1.6490811217891352,True,False,0.33672233700834187,0.20759112475620528
1382,2024-04-22,2024-05-20,0.2858615244907506,0.2096556466384153,1.3634811610095317,0.13198194929955853,2.165913793574397,0.188080221621639,1.5198914698527857,True,False,0.32225976613517937,0.20512659642325465
1383,2024-04-23,2024-05-21,0.423211079396961,0.24250729312488734,1.7451478425393754,0.10776565118857853,3.9271425981214203,0.17357090167967087,2.4382605338883754,True,False,0.27849023851698856,0.20951526015654837
1384,2024-04-24,2024-05-22,0.44598131016719517,0.25656731961736967,1.7382623431242414,0.11692280758223596,3.8143226235268144,0.19486751497691612,2.28863856666939,True,False,0.26326155295355347,0.20821127039334972
1385,2024-04-25,2024-05-23,0.44849629926972834,0.2520082837732459,1.7796887171902651,0.11168851077248106,4.015599242641468,0.18594915031603004,2.4119298125723407,True,False,0.2680332796407822,0.20959183196744333
1386,2024-04-26,2024-05-24,0.4405757095874678,0.24660062714691403,1.7865960629734805,0.11127213713063067,3.9594432258476626,0.17720319474328444,2.486274077765545,True,False,0.2739056703180493,0.2100365087335666
1387,2024-04-29,2024-05-27,0.4344539951133134,0.24108592011239557,1.802071207272364,0.11287380867576108,3.849023969425155,0.1633200333974531,2.660139029337772,True,False,0.280152610159632,0.2080497526861649
1388,2024-04-30,2024-05-28,0.36528900306343953,0.23457940733749327,1.5572083125689384,0.11785937405456763,3.0993631689772476,0.15906750097794062,2.2964401956254883,True,False,0.2879954906140547,0.19982555932239665
1389,2024-05-01,2024-05-29,0.442973353424812,0.22015831178958198,2.012067361091446,0.09427031360743439,4.698969765492304,0.2014118813765363,2.199340726065114,True,False,0.3067566238906494,0.22930286930670055
1390,2024-05-02,2024-05-30,0.4380955653036498,0.21991714567311657,1.9920937222186041,0.09328099936463509,4.696514491564738,0.20187547278327722,2.1701277488720283,True,False,0.3070943817440753,0.2307385248505973
1391,2024-05-03,2024-05-31,0.24720128232994273,0.1989714343415555,1.2423958401264554,0.09617457514370742,2.5703392186611267,0.2348990959933349,1.052372216608943,True,False,0.3397677357755007,0.21061960438801908
1392,2024-05-06,2024-06-03,0.2401550722942223,0.21296083874839447,1.1276959355797656,0.10763102168011353,2.231281172894363,0.27201312532156235,0.8828804566335584,True,False,0.31751886056741535,0.20877270248707733
1393,2024-05-07,2024-06-04,0.24549940325609548,0.2128927060562226,1.1531602364585558,0.10316873233698559,2.379591158047843,0.2612796682643301,0.9396039304816091,True,False,0.31759671296133124,0.21257970068943563
1394,2024-05-08,2024-06-05,0.26703279257929574,0.21040861145161283,1.2691153215499673,0.09664049710406486,2.763156239684366,0.26000174303290025,1.0270423169644127,True,False,0.32131511764407233,0.21411127765561325
1395,2024-05-09,2024-06-06,0.2730185955501536,0.21091331454781054,1.294458797613106,0.09890783881637241,2.7603332437283052,0.26753641474861706,1.020491344352834,True,False,0.32054933148319675,0.2159891240441104
1396,2024-05-10,2024-06-07,0.19432281376587893,0.21054781285816482,0.9229391230807236,0.12209606017717033,1.5915567912994268,0.2581129616498738,0.7528595717307478,True,False,0.32112637939738736,0.2991885311568827
1397,2024-05-13,2024-06-10,0.20913662361544863,0.20745056012905808,1.0081275436679547,0.11428497358573425,1.8299573168169707,0.2464586129587828,0.8485669098950264,True,False,0.3258608382206413,0.3007210242374194
1398,2024-05-14,2024-06-11,0.26605546687339604,0.22159620063052457,1.2006318976425052,0.1405887903101062,1.8924372724634695,0.2721429474731315,0.9776313123075274,True,False,0.30499738539306676,0.300406113005638
1399,2024-05-15,2024-06-12,0.28410396265223214,0.21411538826883045,1.326873163807957,0.12408944603010211,2.289509476763343,0.24698978955345632,1.1502660217893061,True,False,0.31564019230496165,0.3031654462051601
1400,2024-05-16,2024-06-13,0.1834502387333785,0.22584480056648482,0.8122845346593398,0.08687393832783918,2.111683230488366,0.2472463835981245,0.741973395378593,True,False,0.2992800183504026,0.27667892065149186
1401,2024-05-17,2024-06-14,0.16997011199425763,0.2184020853201987,0.7782439977396045,0.0824180257525006,2.062292932187843,0.22440100701652657,0.7574391677384039,True,False,0.3094972040639659,0.2724084870856199
1402,2024-05-20,2024-06-17,0.16036568103431112,0.22112617240248658,0.7252225247331591,0.08774523276423805,1.827628419029856,0.23210163904969125,0.6909286883578535,True,False,0.3056308262293433,0.2717059969407809
1403,2024-05-21,2024-06-18,0.1977242939786061,0.21835702530092652,0.9055091939731016,0.08943528822864237,2.2108084839299855,0.22963550990919399,0.8610353601531109,True,False,0.3095309696728646,0.2798795535556988
1404,2024-05-22,2024-06-19,0.19696255092069193,0.21930013576000368,0.8981414910579106,0.0945171340938599,2.0838819628735146,0.23731513831298634,0.8299620172604629,True,False,0.3082142867083033,0.2808043079282278
1405,2024-05-23,2024-06-20,0.18980810404422707,0.21365336250185182,0.8883927770740417,0.09222663725518469,2.0580616369980103,0.2241692354128855,0.8467178990668792,True,False,0.3162771892320886,0.2811404491444189
1406,2024-05-24,2024-06-21,0.1909342764639891,0.21604438259538047,0.883773390311106,0.09170802159111205,2.0819801054621556,0.23278387365891817,0.8202212355300508,True,False,0.31278585571090994,0.28311142601464184
1407,2024-05-27,2024-06-24,0.15917380196120245,0.22690815971446132,0.7014899867924758,0.11054260490280798,1.4399317086941485,0.27384923691602125,0.5812461037093004,True,False,0.2978444698847411,0.29414559271211677
1408,2024-05-28,2024-06-25,0.14658917851606731,0.22481456239377226,0.652044854013105,0.10443460475320462,1.4036456485135418,0.2578561815754584,0.5684920082987027,True,False,0.3005569522278205,0.2943594317058898
1409,2024-05-29,2024-06-26,0.17984482157866089,0.22812539445749308,0.788359498539614,0.11759201710328125,1.5293965186489054,0.24620355233976204,0.7304720824274469,True,False,0.2961064773012031,0.2909428808849952
1410,2024-05-30,2024-06-27,-0.0015062429041780906,0.2655903540641847,-0.0056713012394045,0.10737474678876954,-0.014027906460549907,0.1627661472904918,-0.009254030578544509,True,False,0.2544156819270923,0.2681613337131914
1411,2024-05-31,2024-06-28,0.0034335291841932777,0.2654358499483656,0.012935438769334251,0.11144797406255481,0.030808358905349564,0.16172867883763664,0.021230181368390954,True,False,0.25455102721957124,0.26549918771034325
1412,2024-06-03,2024-07-01,0.040740377859313386,0.3418467698534883,0.11917730823308426,0.18687053241983861,0.2180139229644978,0.2872299099446897,0.14183891178728056,True,False,0.19763423111516415,0.26673085153206627
1413,2024-06-04,2024-07-02,0.04313462685212972,0.3435926082493579,0.12554003146896958,0.18560103900711186,0.23240509365077902,0.27785093236690095,0.15524377220793573,True,False,0.19667037143397545,0.26997648537427027
1414,2024-06-05,2024-07-03,-0.006221834102917961,0.3435728009893367,-0.01810921611082673,0.21551544462458833,-0.028869550921308343,0.2921360400810466,-0.02129772862393785,True,False,0.19673407117403463,0.28459452528914936
1415,2024-06-06,2024-07-04,-0.07542256188399088,0.3547671367051705,-0.21259737467360415,0.2568085514960452,-0.29369178496827575,0.337134411981271,-0.2237165925624373,True,False,0.19051826480185782,0.2812100609129704
1416,2024-06-07,2024-07-05,-0.12311936758640118,0.35180679254910313,-0.3499630200267293,0.2764732588647993,-0.44532107044250857,0.35309835784921056,-0.3486829231841936,True,False,0.19212002965013425,0.28575344096821165
1417,2024-06-10,2024-07-08,0.11576789623205384,0.35868036888982385,0.3227606143887244,0.2646644381364751,0.43741387036046653,0.21544295942558836,0.5373482454043192,True,False,0.18845861149155632,0.19522914248758838
1418,2024-06-11,2024-07-09,0.01648653457991655,0.3747450028196212,0.043994007807629486,0.27407042577886975,0.06015437285166442,0.2398010337983965,0.0687508903476078,True,False,0.1803892121891727,0.18313652412346118
1419,2024-06-12,2024-07-10,-0.03617993214416393,0.3677502535049051,-0.09838180069040077,0.28360359313203404,-0.1275721923851651,0.2578408746229547,-0.14031883888491492,True,False,0.1838239188731612,0.1841003684784658
1420,2024-06-13,2024-07-11,-0.14260731728061668,0.4218892348275072,-0.33802075404678866,0.36362452213229934,-0.3921828936188499,0.37110693894187186,-0.3842755343977923,True,False,0.16022584115889205,0.19421003458893402
1421,2024-06-14,2024-07-12,-0.024488340050055655,0.4016178841261958,-0.06097422704005124,0.34401669364817467,-0.07118358062908378,0.33276042874368583,-0.07359150287944304,True,False,0.16832787527063212,0.19471978212528715
1422,2024-06-17,2024-07-15,-0.013795534310418703,0.4085729887442395,-0.03376516483093918,0.34147900281582233,-0.04039936334785235,0.3453678178661373,-0.03994446962561456,True,False,0.16550020688911968,0.19679572945174661
1423,2024-06-18,2024-07-16,-0.014436861200911562,0.4087730145561708,-0.035317549561304874,0.3404353521979584,-0.04240705645786378,0.3447150925904069,-0.0418805602401214,True,False,0.16541666808580652,0.19738511108289383
1424,2024-06-19,2024-07-17,-0.16610937693177202,0.3298695576951764,-0.5035607956441657,0.21159813836370242,-0.7850228655899482,0.23703699026512356,-0.7007740722069593,True,False,0.20505424737680902,0.1960109265853822
1425,2024-06-20,2024-07-18,0.003024097035887703,0.2707221185122387,0.011170483787976825,0.17731215527532806,0.017055215595298153,0.24807293709879902,0.012190354462902609,True,False,0.24991154166400112,0.2050179993775909
1426,2024-06-21,2024-07-19,0.01183445979296414,0.276596132725302,0.04278606384102047,0.2073927003518234,0.05706304885797825,0.26088631098981196,0.045362517289863846,True,False,0.24454223541583298,0.21268544219968513
1427,2024-06-24,2024-07-22,-0.05992252148115519,0.21995374735515036,-0.2724323736317197,0.12567472808966149,-0.47680645418547485,0.1757782327702884,-0.3408984180621699,True,False,0.307516011700784,0.21362293589563003
1428,2024-06-25,2024-07-23,-0.06763174249214964,0.21908628461830476,-0.3086991164690141,0.10938835485478872,-0.6182718679874991,0.16260745145441277,-0.41592031538056723,True,False,0.30878800122155353,0.20618650080260403
1429,2024-06-26,2024-07-24,0.004221685019674252,0.14824999619077794,0.02847679681719187,0.04582353461692758,0.09212918765360209,0.07905124912139448,0.05340440621237056,True,False,0.4565824592902941,0.2042601725540341
1430,2024-06-27,2024-07-25,0.02315234598221601,0.14945187172392282,0.15491506205412084,0.04468805287159185,0.5180880457858107,0.0791608519650797,0.29247216783908825,True,False,0.4529067013739198,0.19457664660833246
1431,2024-06-28,2024-07-26,-0.021616921400413627,0.13163072131511733,-0.16422398346252168,0.04471840819880361,-0.4834009588246472,0.08966242868539323,-0.24109230273320945,True,False,0.5142940382102942,0.19616294366799517
1432,2024-07-01,2024-07-29,-0.021150550072150862,0.1316376689686351,-0.16067247496755915,0.04119455257333347,-0.5134307511775786,0.07742561297188583,-0.2731725234107075,True,False,0.5142956769921186,0.21386989584788874
1433,2024-07-02,2024-07-30,-0.0031949356487629196,0.13007130174910553,-0.02456295590033864,0.04920881754428159,-0.06492608049132434,0.0776454652040411,-0.04114774301843757,True,False,0.5204417391200845,0.21039267894341854
1434,2024-07-03,2024-07-31,0.052108541181628915,0.12409488902601187,0.41990884226268416,0.07375967966210545,0.7064637674721361,0.10326385768256033,0.5046154806826401,True,False,0.545511661709678,0.23734748884824566
1435,2024-07-04,2024-08-01,0.05824901284453116,0.11562441758189808,0.5037777838169237,0.07722024856658602,0.7543230425411516,0.09314661955930159,0.6253475769718841,True,False,0.5856732645014351,0.2238855465662884
1436,2024-07-05,2024-08-02,-0.05288430724268308,0.08993297723715982,-0.5880413266339811,0.046669297059695206,-1.1331712833608398,0.12591402322147457,-0.4200033156724968,True,False,0.7541000454810272,0.23505707159592296
1437,2024-07-08,2024-08-05,-0.052642590456319374,0.03979829812217217,-1.3227347132964833,0.014681221273668893,-3.5857092182606816,0.022637138575500204,-2.325496673563397,True,False,1.7245894655926557,0.22984474907106042
1438,2024-07-09,2024-08-06,-0.06300429235553497,0.032232457228240335,-1.954684742444458,0.011756088836910749,-5.359290256272949,0.021377294285309326,-2.947252889662098,True,False,2.1484720583984562,0.22897267436965757
1439,2024-07-10,2024-08-07,-0.06264077060847725,0.032231929139997874,-1.943438456209059,0.011753355203587569,-5.3296075480946,0.02192279319418415,-2.857335288146361,True,False,2.1484720583984562,0.22950092698787897
1440,2024-07-11,2024-08-08,-0.06057977926211481,0.03141202074535474,-1.9285540320125198,0.011437068624970704,-5.296792495399579,0.019816650969665624,-3.0570139906509644,True,False,2.2077220123240457,0.22704342681037354
1441,2024-07-12,2024-08-09,-0.05324223826715839,0.03090340540166852,-1.7228599105871927,0.01424265019019634,-3.738225509730393,0.02114248548515085,-2.518258239058619,True,False,2.246786944639041,0.2337561449022703
1442,2024-07-15,2024-08-12,-0.054368845534875594,0.03092482974416312,-1.7580968427202868,0.014515049084782428,-3.745688024705054,0.020694930359247504,-2.627157694714394,True,False,2.2449636166853457,0.23012999886284416
1443,2024-07-16,2024-08-13,-0.05204835569978145,0.030644447297469235,-1.698459600022868,0.015731360563886528,-3.308573056246992,0.02112689819645885,-2.4636061203014386,True,False,2.2667310149294964,0.23201751088385172
1444,2024-07-17,2024-08-14,-0.047124650667126664,0.030499255788751584,-1.545108214886564,0.018817520838461426,-2.5042964517838,0.023322183555851958,-2.020593421463842,True,False,2.2783664006214943,0.2549484632903996
1445,2024-07-18,2024-08-15,-0.04678630971093787,0.030511190122089363,-1.5334147741770883,0.019431594793918556,-2.4077442025283706,0.023605169845609064,-1.9820365630472625,True,False,2.277483966591414,0.2539376640903424
1446,2024-07-19,2024-08-16,-0.04799525986682222,0.030573352978329967,-1.5698395887700212,0.018184773134287298,-2.639310345660975,0.022662539586319117,-2.117823542415163,True,False,2.2724227618014607,0.2508752462972756
1447,2024-07-22,2024-08-19,-0.04885096932749427,0.030583063904133855,-1.5973209708688205,0.01651073730805338,-2.9587394200540285,0.023400673295242983,-2.0875881950552664,True,False,2.2713026970855665,0.25582612525763415
1448,2024-07-23,2024-08-20,-0.048186966687947454,0.03061300492331935,-1.5740684982950235,0.0166048918339645,-2.9019741392945027,0.024285368476816744,-1.9841974699271132,True,False,2.268814260268003,0.25476256225263216
1449,2024-07-24,2024-08-21,-0.047722884852918285,0.030610112573683186,-1.5590561693637048,0.016701390638290084,-2.8574198332627128,0.024697848556247914,-1.9322689077241764,True,False,2.268934913469503,0.2525959124532163
1450,2024-07-25,2024-08-22,-0.047359574970049896,0.030924692485002243,-1.5314485339835857,0.017511831396772787,-2.7044330142864257,0.024231261060009175,-1.9544824700936123,True,False,2.2446725177433295,0.2701382099397862
1451,2024-07-26,2024-08-23,-0.04207422670972315,0.030842239220904157,-1.364175487012182,0.02047356047442921,-2.05505177090582,0.02723727624934831,-1.544729595006029,True,False,2.2508909968508255,0.3095637187903993
1452,2024-07-29,2024-08-26,-0.039415688623606136,0.030976900951439977,-1.2724219470951912,0.022487239883507985,-1.7528024260777946,0.028665756663974896,-1.3750095309062955,True,False,2.2406938943392927,0.3124471172767087
1453,2024-07-30,2024-08-27,-0.04077234055132063,0.030958879775299562,-1.3169837166992944,0.021198439571156233,-1.9233651804634586,0.028387174328314918,-1.4362944363452221,True,False,2.2417780468472106,0.2993093155188426
1454,2024-07-31,2024-08-28,-0.04108907147079162,0.03089892535049365,-1.3297896611195628,0.021077409574966312,-1.9494364961998558,0.02854228435904066,-1.4395859474287949,True,False,2.246204080981092,0.2967405994717499
1455,2024-08-01,2024-08-29,-0.04668990182738685,0.030894086720036372,-1.5112892719727526,0.019925018847180263,-2.3432801838475696,0.02512132993578937,-1.8585760366480273,True,False,2.2471355550924903,0.29003513815444076
1456,2024-08-02,2024-08-30,-0.04959811907234826,0.031067266119355674,-1.5964751736377412,0.019732090369807158,-2.513576521433344,0.025083697859520377,-1.977304915332632,True,False,2.233599726552892,0.28638394613988866
1457,2024-08-05,2024-09-02,-0.04015511413472722,0.031984554949291207,-1.2554532710675432,0.02010525718894174,-1.9972444897055717,0.027504140978186684,-1.4599661253399596,True,False,2.166421788478874,0.28007048337075136
1458,2024-08-06,2024-09-03,-0.00592409893746753,0.04669178113695618,-0.12687669635242618,0.045336533332332715,-0.13066942931083422,0.11188826472379658,-0.0529465619302574,True,False,1.4646861595011549,0.2932316981318409
1459,2024-08-07,2024-09-04,0.0967893422154042,0.07099331586976375,1.3633585222721938,0.03677495899574957,2.631936101589972,0.05075301669829346,1.9070657965176419,True,False,0.9560421355785597,0.2951737428840298
1460,2024-08-08,2024-09-05,0.09524209165572708,0.07057760593474637,1.3494661712354576,0.036262608721147366,2.6264544944386334,0.04867343971611903,1.9567569543310097,True,False,0.9617734910239162,0.2951289473640612
1461,2024-08-09,2024-09-06,0.11171694589515634,0.07412548875318202,1.5071326715584132,0.048605618729005984,2.2984368642238455,0.049439477487561945,2.2596708454951258,True,False,0.9151378656731581,0.29533283417057193
1462,2024-08-12,2024-09-09,0.06270229554354695,0.07579072175791071,0.8273083312734432,0.05742886730443034,1.091825391769651,0.06468123510655248,0.9694047344682654,True,False,0.8952121844473756,0.2850402097721964
1463,2024-08-13,2024-09-10,0.05725666734608955,0.07582914516859551,0.7550746776689536,0.056616967334798964,1.0112987332491297,0.0645163785116477,0.8874749120605477,True,False,0.8947842773732578,0.2850123386274484
1464,2024-08-14,2024-09-11,0.061408502963431394,0.07855013945094395,0.7817745887234505,0.05983204660145321,1.0263480267101526,0.07142617161907136,0.8597479267254305,True,False,0.8635240270683107,0.2856459398938764
1465,2024-08-15,2024-09-12,0.041401069695042765,0.08072271173217976,0.5128800656796866,0.05528286529835265,0.7488951499096133,0.076316488484962,0.5424918063833709,True,False,0.8401943183213897,0.2720593879354255
1466,2024-08-16,2024-09-13,0.06089702167047951,0.08118699591893788,0.750083446014961,0.06149049334045591,0.9903485622291155,0.08100165764235494,0.7517996969809798,True,False,0.8352019971160426,0.3043700355260392
1467,2024-08-19,2024-09-16,0.05773311641203459,0.08120606342992966,0.7109458822844037,0.06114608996989154,0.9441832902228497,0.08326946070619896,0.6933288137380319,True,False,0.8350253155673021,0.30396629181500756
1468,2024-08-20,2024-09-17,0.05500354193457135,0.0811843695841039,0.6775139379211387,0.05944064890906802,0.9253523126693227,0.08027016295276515,0.6852302264159859,True,False,0.8353214680993268,0.2914418893785797
1469,2024-08-21,2024-09-18,0.05966348500719371,0.08185555761458815,0.7288874053991001,0.0636393442438185,0.9375251382007921,0.07917732877596699,0.7535425345809798,True,False,0.8284118947890808,0.29097772584110454
1470,2024-08-22,2024-09-19,0.06377879030049927,0.07937068039203951,0.803556048473738,0.05975128616744804,1.0674044759767092,0.07108929860363529,0.8971644333713796,True,False,0.8544989736491987,0.2936964237858199
1471,2024-08-23,2024-09-20,0.047260837993065304,0.08047794280514155,0.5872520636803097,0.04590668460521338,1.0294979565502784,0.07747262756845548,0.6100327235100581,True,False,0.8426857889358499,0.2773353505114708
1472,2024-08-26,2024-09-23,0.009561760818770757,0.08234450788880343,0.11611898672930063,0.033511397718162736,0.2853286186146873,0.08450520945094599,0.11314995703692346,True,False,0.8236002542187155,0.22578244458117774
1473,2024-08-27,2024-09-24,0.011346065877067763,0.08224447567191445,0.1379553554737089,0.03555898811559669,0.3190772988304246,0.09074795588768547,0.12502833552648018,True,False,0.8245913355091016,0.22734399721972037
1474,2024-08-28,2024-09-25,0.016482267380600914,0.08259466481624844,0.19955607807440898,0.034745921783100715,0.4743655236286565,0.0859830212724272,0.19169211707947278,True,False,0.821074343313694,0.23300577853167767
1475,2024-08-29,2024-09-26,0.01740929661428641,0.08480439865933838,0.20528766065802834,0.036305013333300364,0.47952872112893374,0.10127451411937462,0.17190205024104752,True,False,0.7994862742777381,0.24091583960998483
1476,2024-08-30,2024-09-27,0.0401173001872796,0.08445619420450881,0.47500719828952326,0.0424534221752334,0.944972116068498,0.08401847563743883,0.47748188577469547,True,False,0.8028659186564427,0.23079946661544248
1477,2024-09-02,2024-09-30,0.041863790275246095,0.08478772170070749,0.49374826254939663,0.044248960126594676,0.9460965897385002,0.08293991269656673,0.5047484246626056,True,False,0.7996969456195739,0.23305828137699253
1478,2024-09-03,2024-10-01,0.06232709835834315,0.08075859801903063,0.771770435435938,0.048265684293709595,1.2913335689817655,0.06638457428787864,0.9388792355293245,True,False,0.8398933279295373,0.24671138555316385
1479,2024-09-04,2024-10-02,0.03489163536190863,0.10749526200724313,0.32458765819425234,0.083405511458362,0.4183372867310736,0.10541584368312153,0.3309904293589147,True,False,0.6304257035150977,0.2296757900707734
1480,2024-09-05,2024-10-03,0.08008499850765997,0.1039918185474768,0.7701086453363414,0.09226859263228625,0.8679551321089183,0.10612155814975098,0.7546534361533769,True,False,0.6515312871992445,0.2501139312382529
1481,2024-09-06,2024-10-04,0.07074674247706253,0.10451400945683297,0.6769115723790388,0.08146237291142391,0.868459141915584,0.10545225620486227,0.6708888460349556,True,False,0.6481916367396444,0.250855861109364
1482,2024-09-09,2024-10-07,0.07854840717957907,0.09716240841798451,0.8084238385865286,0.059844910291133084,1.3125327918022995,0.08910320671862722,0.8815441112868316,True,False,0.697588614355905,0.2536390127022148
1483,2024-09-10,2024-10-08,0.12410508519674684,0.10698036218331994,1.1600735187648947,0.05506190407284562,2.2539192439215086,0.07209541305087645,1.7214005710622406,True,False,0.6330501932019179,0.25430405810338796
1484,2024-09-11,2024-10-09,0.12327218139992611,0.10666433928878608,1.155701917078167,0.06259685504314436,1.9693031113937243,0.07134357372907173,1.7278666452574136,True,False,0.6350101149385068,0.25186401790018104
1485,2024-09-12,2024-10-10,0.11405406185672433,0.11035598942866937,1.0335103916624777,0.06669542493998437,1.710073246543604,0.07594635520912685,1.5017713693127683,True,False,0.6134980447011378,0.25104058985403344
1486,2024-09-13,2024-10-11,0.1070164161127719,0.11074939587107907,0.966293452628377,0.06094390887207918,1.7559821497075054,0.07484216674573281,1.4298946805795616,True,False,0.6114669695709503,0.2438600915798195
1487,2024-09-16,2024-10-14,0.07682398891343173,0.11005167183964815,0.6980719840891546,0.04757249047176139,1.614882638087526,0.06389008225245664,1.2024399751101864,True,False,0.6152685938969006,0.1906030120761573
1488,2024-09-17,2024-10-15,0.09807403064935148,0.1092851468561238,0.8974140903014755,0.05347850189344576,1.8338963728782254,0.07185138067349237,1.3649568001347157,True,False,0.6194101890771176,0.20287485664153473
1489,2024-09-18,2024-10-16,0.07363907473329959,0.10716277613827496,0.6871702785889117,0.0438721683920124,1.678491796332244,0.07067312749228595,1.041967114605723,True,False,0.6316824751161054,0.21032388929015156
1490,2024-09-19,2024-10-17,0.07620479040524906,0.10717441553144291,0.7110352785912049,0.046003702815709153,1.6564925373621657,0.07343887795208098,1.0376627820345083,True,False,0.6315370260314451,0.20875400613660944
1491,2024-09-20,2024-10-18,0.06792467570879414,0.11145808440420432,0.6094190122850518,0.03931274931972683,1.7278027328073458,0.07451145444326801,0.9116004541356932,True,False,0.6073032168037624,0.20501525705798804
1492,2024-09-23,2024-10-21,0.07268919115414477,0.11144995401263295,0.6522137384274325,0.04206392281912428,1.7280649611951258,0.07866461352346063,0.9240392585475071,True,False,0.6071684924746852,0.21844459209477007
1493,2024-09-24,2024-10-22,0.07422871570846064,0.11156955341503287,0.6653133712235427,0.0428659728269596,1.7316465908310412,0.07856683690358467,0.9447843216540884,True,False,0.6066035462226622,0.22065253760550502
1494,2024-09-25,2024-10-23,0.06261326193922764,0.11086898328602,0.5647500327273485,0.04005092463362762,1.5633412339912922,0.07358181367795115,0.8509339306757229,True,False,0.6102868799319812,0.20530714565726899
1495,2024-09-26,2024-10-24,0.06920701574013573,0.11073154015663263,0.6249982222069757,0.04274734569162317,1.6189780820402526,0.0731692892199106,0.945847861554781,True,False,0.6111529921362429,0.21216870928253964
1496,2024-09-27,2024-10-25,0.054266226221032214,0.10894224951516869,0.49811920042532626,0.037152856433942644,1.4606205667528402,0.06733431228721226,0.8059223355480551,True,False,0.6210237550194668,0.18946913884687017
1497,2024-09-30,2024-10-28,0.06641132242359427,0.11140774256103399,0.5961104757796458,0.04448187929386727,1.4929972266875515,0.07708108604670642,0.861577409318715,True,False,0.6069975457156132,0.18781616253282116
1498,2024-10-01,2024-10-29,0.06938929973236309,0.11102861228102649,0.6249677295500244,0.044590802961581036,1.556134788425949,0.0770480066809589,0.9005982467488217,True,False,0.6091164959078597,0.1890832582866956
1499,2024-10-02,2024-10-30,0.04365827707065192,0.1213259566751207,0.3598428421014426,0.046709533344339756,0.9346759418212516,0.08334875565661974,0.5238023858510296,True,False,0.5573979609012475,0.1873883642050909
1500,2024-10-03,2024-10-31,-0.008119098356723694,0.1079510490202238,-0.0752109259744446,0.05228934431075936,-0.15527252184443746,0.0670284701648059,-0.12112910136186764,True,False,0.6267405032659715,0.18348053407615558
1501,2024-10-04,2024-11-01,-0.027442858696172547,0.10816929111978722,-0.2537028616170017,0.04391794355029531,-0.6248666599050724,0.05682181905821008,-0.48296339594582866,True,False,0.6256331441408386,0.16920053630762466
1502,2024-10-07,2024-11-04,-0.02457897169191442,0.11143733433371564,-0.2205631697749431,0.042283692320348176,-0.5812872609539419,0.05919478652556892,-0.415221899335639,True,False,0.6074347662553724,0.17975318816029226
1503,2024-10-08,2024-11-05,-0.024979850906612637,0.13314093633302562,-0.18761961267968327,0.06900871878832446,-0.3619810850747016,0.0960025817850151,-0.26019978256992776,True,False,0.5080036058265833,0.18074344638102308
1504,2024-10-09,2024-11-06,-0.2165009876345213,0.10210264359302583,-2.1204248980807927,0.10604855400347783,-2.0415270124986447,0.2124125482433584,-1.0192476359093383,True,False,0.662064481294656,0.25657460334803966
1505,2024-10-10,2024-11-07,-0.17588679087304074,0.10142148438884463,-1.7342162948305908,0.10449691148963908,-1.683176931889322,0.2542432949189135,-0.6918050323771047,True,False,0.6671136043561325,0.31690474557307047
1506,2024-10-11,2024-11-08,-0.1775431958296233,0.10155571559548124,-1.748234403042532,0.09844039710740995,-1.8035603374893232,0.24345355823843354,-0.7292692582284669,True,False,0.6660482308355128,0.3401599569698318
1507,2024-10-14,2024-11-11,-0.1813606487285944,0.10147382388985453,-1.78726534367576,0.09525934469495008,-1.9038620232940648,0.2414874713709609,-0.7510147325614143,True,False,0.6665204792109836,0.3381827055461639
1508,2024-10-15,2024-11-12,-0.1861108818810025,0.1017500656336503,-1.8290983963695133,0.0815345600666284,-2.2826011660443917,0.22559539956453292,-0.8249764057257043,True,False,0.6642108673536273,0.38425077236282634
1509,2024-10-16,2024-11-13,-0.21156130937293693,0.10356809264886946,-2.042726712079179,0.0736970772632129,-2.8706879191061385,0.21560074880522334,-0.9812642606546061,True,False,0.6524834528933596,0.3785983594756293
1510,2024-10-17,2024-11-14,-0.20565411610918508,0.1039995946971359,-1.9774511305364604,0.08022937831017589,-2.5633268067228805,0.23639549349882558,-0.8699578535333068,True,False,0.6499908652937485,0.3762471809582062
1511,2024-10-18,2024-11-15,-0.21307840219202842,0.09861926559120504,-2.1606163959411084,0.07270635273107472,-2.9306710375111233,0.20750045080045434,-1.0268816350521484,True,False,0.6855986307981113,0.37886246588801636
1512,2024-10-21,2024-11-18,-0.2208149204963093,0.0995199526291077,-2.2188004984211087,0.06649940518844204,-3.3205548210630935,0.21246430145275094,-1.0393036335349513,True,False,0.6793868692632138,0.381360525280741
1513,2024-10-22,2024-11-19,-0.2377017642599246,0.0988205423652871,-2.4053881770985157,0.06625899320656325,-3.58746417288422,0.20829415796102638,-1.1411830585493454,True,False,0.6843086848097075,0.3768751120050953
1514,2024-10-23,2024-11-20,-0.2217430131723197,0.0978756876920427,-2.265557651763477,0.06445240450871216,-3.4404149055811604,0.2097697759873892,-1.0570779900420464,True,False,0.6909152944222163,0.381448287132558
1515,2024-10-24,2024-11-21,-0.23549063293412095,0.09935853621018817,-2.3701097250059315,0.06133219136958663,-3.8395926784200296,0.20480798730985622,-1.149811762848119,True,False,0.6804746272008424,0.38073336210390263
1516,2024-10-25,2024-11-22,-0.24212861436058541,0.09665024549700259,-2.5052043387525025,0.05140711875571403,-4.710021106438147,0.1701301724250544,-1.4231961968253908,True,False,0.6992598699863972,0.3790278976511412
1517,2024-10-28,2024-11-25,-0.23836469733184176,0.0991149818430224,-2.404931049771689,0.06145041332283841,-3.878976306954344,0.1881410632268498,-1.266946690124926,True,False,0.6820542030669359,0.39362463812498255
1518,2024-10-29,2024-11-26,-0.24032433326020552,0.09912226980178707,-2.4245241129039674,0.05881340437577343,-4.086217008026159,0.184269634826393,-1.304199324466148,True,False,0.6819281496169637,0.3972445902436589
1519,2024-10-30,2024-11-27,-0.24848404278041836,0.09910485066847449,-2.507284367055323,0.06305570583897341,-3.9407067048773814,0.19056428215878654,-1.3039381775298822,True,False,0.6821706788128065,0.41681177581572704
1520,2024-10-31,2024-11-28,-0.24951353133995274,0.10124017566692527,-2.4645703120946654,0.06608935102732229,-3.775396905271475,0.19883843806494664,-1.2548556193066358,True,False,0.6677158798631484,0.41639961579469026
1521,2024-11-01,2024-11-29,-0.29786499874984873,0.11840515149633198,-2.5156422248999544,0.08742848528369894,-3.4069559570121677,0.2725691345505879,-1.0928053142956509,True,False,0.5705450766695651,0.4200613335306614
1522,2024-11-04,2024-12-02,-0.3006616481861811,0.11979365567867542,-2.5098294770521985,0.07917865156223199,-3.797256485858063,0.2779031965422036,-1.0818934504070064,True,False,0.5638043197524324,0.4271608888725434
1523,2024-11-05,2024-12-03,-0.2977220868016236,0.1200692207335401,-2.4795870663834334,0.07632210499691744,-3.9008631485419363,0.2817115677054921,-1.0568330197674711,True,False,0.5625136621432547,0.42602485794969547
1524,2024-11-06,2024-12-04,-0.32531743443716593,0.12228912620917864,-2.6602318989564306,0.08187363936278079,-3.973408742656346,0.286502632941049,-1.135477992288132,True,False,0.5522470811230795,0.4287018128716277
1525,2024-11-07,2024-12-05,-0.06312274446426991,0.1963274875571498,-0.3215176094274381,0.14948337066468595,-0.42227268614288793,0.25424436873516965,-0.24827588032056236,True,False,0.3443882113919557,0.389154817640603
1526,2024-11-08,2024-12-06,-0.24408552474755169,0.20103257835384025,-1.2141590519618832,0.0934581624425746,-2.611709008269129,0.13924865246457058,-1.7528753092217897,True,False,0.3360948334601498,0.3483319490494595
1527,2024-11-11,2024-12-09,-0.2255618212152625,0.18132455417461762,-1.2439673283191635,0.07291906544837089,-3.0933174997280752,0.12238265089596137,-1.843086577745523,True,False,0.37276837430860227,0.32375238249996235
1528,2024-11-12,2024-12-10,-0.22387177680306758,0.18134035088568537,-1.2345392280849476,0.0717051436501945,-3.122116007398311,0.1198151012391761,-1.868477132579244,True,False,0.37270928301570594,0.3279399288434909
1529,2024-11-13,2024-12-11,-0.1764721264542176,0.17942083638647102,-0.9835653985811217,0.06019788029004693,-2.931533894614481,0.1283042646532858,-1.3754190239201707,True,False,0.37682299770134176,0.2566624077194945
1530,2024-11-14,2024-12-12,-0.1590581637401772,0.18171592696938657,-0.8753121776000048,0.06233024246877622,-2.5518617839463076,0.13860308754701056,-1.147580234720448,True,False,0.3720936940647198,0.2553879796746851
1531,2024-11-15,2024-12-13,-0.16706871536111575,0.18236874297284797,-0.9161038927925814,0.058964132999123654,-2.833395606166189,0.13401337523251491,-1.2466570226385942,True,False,0.37076853538403975,0.262486361618808
1532,2024-11-18,2024-12-16,-0.1583768245507476,0.20759017671597116,-0.7629302458152527,0.08085763745931522,-1.9587119971250382,0.1783800724843352,-0.8878616447734418,True,False,0.3256543754999881,0.2616307234142421
1533,2024-11-19,2024-12-17,-0.13497207808326167,0.19523203554596472,-0.6913418574252602,0.07436775113562161,-1.8149275192834362,0.16677273339388082,-0.8093174186003599,True,False,0.34628615568749604,0.25833820173642724
1534,2024-11-20,2024-12-18,-0.05844833964161943,0.0527517705589593,-1.1079882063160937,0.012771614672380837,-4.576425232121704,0.05450710656861927,-1.0723067746778767,True,False,1.292540035352905,0.254796810842334
1535,2024-11-21,2024-12-19,-0.09930016094040335,0.050083935579698494,-1.9826748795007763,0.022650763963044242,-4.383965198808133,0.2738052514429076,-0.36266711619703496,True,False,1.3617383677926402,0.29263066800705395
1536,2024-11-22,2024-12-20,-0.05214996451555518,0.04544233104353269,-1.1476076010624705,0.0225302129155894,-2.3146680730864686,0.058560074716343335,-0.8905378753043295,True,False,1.5054851572455563,0.32320782462283854
1537,2024-11-25,2024-12-23,-0.052000013941918256,0.04545228203412028,-1.1440572753395022,0.02046816522933837,-2.540531276705897,0.058615207388017974,-0.8871420277964932,True,False,1.504827772277642,0.32453496748244665
1538,2024-11-26,2024-12-24,-0.05511446387081955,0.04476902170201833,-1.2310848389241174,0.020514316006673042,-2.686634243758921,0.05635040819063062,-0.9780668080410362,True,False,1.5281631393816888,0.3110017443902665
1539,2024-11-27,2024-12-25,-0.05357825651343309,0.04480189502944276,-1.1958926397694274,0.019780203489909783,-2.708680754511159,0.05595055262457603,-0.9576001308322929,True,False,1.5272123857148734,0.3038137836188084
1540,2024-11-28,2024-12-26,-0.053944771344006555,0.044775195469692324,-1.2047914202970031,0.020888193802113236,-2.582548393367981,0.05783858076282424,-0.9326779916197315,True,False,1.5279619305579197,0.28046252288807916
1541,2024-11-29,2024-12-27,-0.05386351714829285,0.04463730457097417,-1.2066928696971122,0.021191311476515404,-2.541773651337501,0.05872502339694981,-0.9172157631033065,True,False,1.5328469217340548,0.2802507227071452
1542,2024-12-02,2024-12-30,-0.05227261360974844,0.04447266045824597,-1.175387599283061,0.022865757490933128,-2.2860652497725433,0.06378345860937695,-0.8195324422571172,True,False,1.5383407323661848,0.2782692604673181
1543,2024-12-03,2024-12-31,-0.05163611351366172,0.044482330530528476,-1.1608230256331458,0.022644239783892534,-2.2803200286896756,0.06364484963446554,-0.8113164507454388,True,False,1.5380663325372672,0.27390876134592596
1544,2024-12-04,2025-01-01,-0.05193069220759486,0.04448102555116592,-1.1674796514720571,0.022956404945360404,-2.262143934609861,0.0644546979576266,-0.8056928952135469,True,False,1.5380013051688928,0.2701983038524167
1545,2024-12-05,2025-01-02,-0.051934284139341945,0.04446178937406306,-1.168065542806021,0.02378526891147257,-2.183464241360416,0.06711606840609384,-0.7737980691167324,True,False,1.5385353249437907,0.2645513472796208
1546,2024-12-06,2025-01-03,-0.05061354761754286,0.0440479500804837,-1.1490556887451653,0.024293695847714313,-2.08340253927666,0.0690454513978798,-0.7330468060217079,True,False,1.5532976326804808,0.25278596348942556
1547,2024-12-09,2025-01-06,-0.04769018538124058,0.04415292805054031,-1.0801137656522188,0.022448458490658383,-2.124430298903873,0.06262907949929411,-0.7614703227719974,True,False,1.5503529443934043,0.3086932414826806
1548,2024-12-10,2025-01-07,-0.046162268579739166,0.044043251280936835,-1.0481121905666284,0.02303318234755227,-2.004163727060704,0.06481033951734143,-0.7122670383077909,True,False,1.5542816671227169,0.30704581098132855
1549,2024-12-11,2025-01-08,-0.04669728500640057,0.044036626956858824,-1.0604192063154225,0.023121435345275103,-2.0196533783073822,0.06532667290312046,-0.7148272356630302,True,False,1.5544780956357205,0.31015135344123546
1550,2024-12-12,2025-01-09,-0.047799975469630794,0.04409357174702099,-1.0840576885872306,0.02377758794939254,-2.010295391246864,0.0670481798650755,-0.7129198073060469,True,False,1.5522255220029293,0.30823939392834176
1551,2024-12-13,2025-01-10,-0.04324870115342853,0.04392640092972248,-0.9845719257223419,0.02668790234001965,-1.6205357994200709,0.07575930824796388,-0.5708698000762287,True,False,1.557921179081001,0.3180711398579546
1552,2024-12-16,2025-01-13,-0.042674891717390896,0.04390399197058624,-0.9720048178302605,0.02600638426354635,-1.6409390588452204,0.0742081856198691,-0.5750698708090335,True,False,1.5588150680305708,0.31575606674502626
1553,2024-12-17,2025-01-14,-0.03748637508979731,0.043907397303358416,-0.8537598990621571,0.02685773400874767,-1.3957385637071187,0.07478472520120377,-0.5012571081720564,True,False,1.55906015613833,0.3418742517790608
1554,2024-12-18,2025-01-15,-0.034271801708294594,0.04329721280727486,-0.7915475266467082,0.028219828709891502,-1.2144581762213809,0.07218696408651948,-0.47476441407368547,True,False,1.5819089431520776,0.3439542293981094
1555,2024-12-19,2025-01-16,0.020083783270530908,0.07547765785428331,0.2660891161899132,0.04866742639530662,0.4126740359639758,0.15609003349250805,0.12866794132307546,True,False,0.8988297300992322,0.34470723822615085
1556,2024-12-20,2025-01-17,0.11287208410765279,0.0812091921044193,1.3898929564835607,0.031114746613997595,3.627607369197569,0.07177917683791658,1.5724906453375391,True,False,0.8347059694138759,0.3039238366917729
1557,2024-12-23,2025-01-20,0.05209993206578689,0.11555387469550785,0.45087135505471954,0.07412441394953652,0.7028714196817291,0.07216824524004599,0.7219232211132766,True,False,0.5856789247639693,0.2700886228522057
1558,2024-12-24,2025-01-21,0.13215506125048956,0.11922036719175633,1.10849399614689,0.06923546429763927,1.9087769915481836,0.10034123696358196,1.3170563294775224,True,False,0.5676197846960236,0.32550874150247106
1559,2024-12-25,2025-01-22,0.19496350725994469,0.1354962006084306,1.438885418074328,0.0690361179514366,2.8240798156856326,0.13340154031015294,1.4614786816303826,True,False,0.49914791016722226,0.32573931042043197
1560,2024-12-26,2025-01-23,0.1958340750325149,0.13545604418626933,1.4457389200235176,0.06920562065740339,2.829742341333445,0.13463082759614084,1.4546005437920106,True,False,0.4992946765368164,0.32642296551360406
1561,2024-12-27,2025-01-24,0.2081044504542701,0.13594039182761022,1.530850747570105,0.0744667784829417,2.794594511724999,0.14698374239158435,1.41583311914764,True,False,0.49744083254667526,0.35058632532514866
1562,2024-12-30,2025-01-27,0.23560607944493006,0.11642761630926657,2.023627099081801,0.06998705465534187,3.366423699428349,0.11371432223560965,2.0719120935071627,True,False,0.5809655129643119,0.3682032742169194
1563,2024-12-31,2025-01-28,0.18105497057013173,0.11601918913511078,1.5605605582993962,0.057043576909526,3.1739764646472657,0.10582167623819107,1.710944080706113,True,False,0.583518967865789,0.3637280040477975
1564,2025-01-01,2025-01-29,0.18218324461486526,0.11593410131972343,1.5714379336278266,0.0577962228350118,3.1521652398450906,0.11169346753976243,1.6311002660026537,True,False,0.5838924586092675,0.35397631758258863
1565,2025-01-02,2025-01-30,0.1855935831321352,0.1150521121632255,1.6131262576807965,0.055882618036632574,3.3211325748996505,0.11013153994686188,1.685199201079759,True,False,0.5883168893647975,0.35543753628137653
1566,2025-01-03,2025-01-31,0.1940551669842606,0.11500305039228392,1.687391476333228,0.05730027958575128,3.3866356043490544,0.10728271701095372,1.8088203989506275,True,False,0.5884485774273059,0.36112466807582505
1567,2025-01-06,2025-02-03,0.25988906300934767,0.11234680680015185,2.313275031231207,0.05418380942589614,4.796433948867732,0.11660931103546249,2.2287162208711777,True,False,0.6020077746215802,0.37871686859741327
1568,2025-01-07,2025-02-04,0.30235311214942917,0.10845588430324717,2.787798136466596,0.0810397313538057,3.7309244132289487,0.12234226608989633,2.4713708664449783,True,False,0.6232902974931811,0.3852476437092843
1569,2025-01-08,2025-02-05,0.31546291551908895,0.11051606161581463,2.8544531076010298,0.07037560527016203,4.482560601902766,0.11326306586805167,2.7852231713963533,True,False,0.6115395584973439,0.38531163937152835
1570,2025-01-09,2025-02-06,0.31342526842883206,0.1104655516737953,2.8373122994431483,0.0692359396408475,4.526915790479413,0.11337655856487144,2.7644627107771784,True,False,0.6118110014789948,0.3781349857562164
1571,2025-01-10,2025-02-07,0.31172336251162946,0.10864738468022014,2.8691290032348142,0.06732366874580371,4.630219480293239,0.11158915768903259,2.793491491174387,True,False,0.6219837786364607,0.3786422381719277
1572,2025-01-13,2025-02-10,0.27582582510458736,0.11251463737763599,2.4514661517223355,0.0723551235688093,3.8121118657516853,0.10345878500366282,2.6660454701340455,True,False,0.6009594675386944,0.3652947447604146
1573,2025-01-14,2025-02-11,0.27418837255757433,0.11231554229810167,2.441232682025777,0.07321930405809865,3.7447552402302144,0.1088011718122794,2.520086576187309,True,False,0.6019952677332822,0.36369996097904117
1574,2025-01-15,2025-02-12,0.2646930870804734,0.11255193572355782,2.3517417570728774,0.0767163032126951,3.4502846982422337,0.10514129545544153,2.5174988184604334,True,False,0.6008802705064064,0.34893535599338177
1575,2025-01-16,2025-02-13,0.3400253082542745,0.12478868166505835,2.724808882643111,0.07692021564743426,4.420493434558076,0.11481039702470255,2.961624705305346,True,False,0.5414360665785763,0.35460809303925245
1576,2025-01-17,2025-02-14,0.3431802163811136,0.12535110380658074,2.7377518502800546,0.0741067851864667,4.630887920959022,0.1131386534236491,3.0332711765277165,True,False,0.5389084216279484,0.3689966626627064
1577,2025-01-20,2025-02-17,0.3516948903856177,0.12507285305129912,2.8119202673130728,0.07734466158489178,4.547112666587922,0.1185858072422323,2.9657418418312,True,False,0.5400613714101811,0.3684474538880437
1578,2025-01-21,2025-02-18,0.3528642319117827,0.12512704677670977,2.820047631600159,0.0785711921398835,4.491012829276716,0.11929052841249256,2.9580238817588254,True,False,0.539863243544648,0.3705498359858064
1579,2025-01-22,2025-02-19,0.31183302190955453,0.12661440673151586,2.4628557678336893,0.07642809132761276,4.080083860433816,0.11222205656361046,2.778714198066752,True,False,0.5338396466403227,0.33925797597074187
1580,2025-01-23,2025-02-20,0.29481912508611885,0.12627535166617207,2.3347321642430874,0.07493590347578222,3.9342839868661685,0.11557473800457338,2.550895897981206,True,False,0.5353589055468432,0.35384682883033547
1581,2025-01-24,2025-02-21,0.23796686007806075,0.11305612528044685,2.1048559685533226,0.08436025252975754,2.8208410115192515,0.11987834492572302,1.9850696155799092,True,False,0.598095285592511,0.35394248860650807
1582,2025-01-27,2025-02-24,0.22541808549590336,0.11264308551453574,2.0011710835709917,0.08923234049440108,2.526192681341215,0.11897117520831375,1.8947285769112168,True,False,0.6004220879952802,0.33090037584712917
1583,2025-01-28,2025-02-25,0.20444261247201845,0.13226888432196537,1.5456591587660913,0.13122739800757868,1.5579262835053045,0.16152646556366948,1.2656911160569693,True,False,0.5112732996734539,0.3126164869286666
1584,2025-01-29,2025-02-26,0.2697506003711483,0.13981697891121694,1.9293121799065513,0.13602444435777097,1.9831038578746278,0.17299931420682588,1.5592582063571265,True,False,0.4834655170070892,0.31013370473988994
1585,2025-01-30,2025-02-27,0.31472420601272844,0.12900470053364502,2.43963363126173,0.11150157710025456,2.8225986949920006,0.15592435749972,2.0184415767965795,True,False,0.5238594902501431,0.3344675507187185
1586,2025-01-31,2025-02-28,0.23527137001448553,0.12376983285297202,1.900878142850591,0.11770539525858158,1.9988155130665732,0.1608832350652525,1.4623734407072433,True,False,0.5463740186779166,0.33641960306091123
1587,2025-02-03,2025-03-03,0.0811119504384452,0.1074600046447673,0.7548105986648577,0.1489493356597749,0.5445606727895612,0.19246086502407775,0.42144646096388333,True,False,0.630009254840302,0.34145338453488394
1588,2025-02-04,2025-03-04,0.036682375042103636,0.1134767805543421,0.3232588628520094,0.12292395061886824,0.29841519783104875,0.20224071519442913,0.1813797731423078,True,False,0.5965139869829815,0.32500256812421247
1589,2025-02-05,2025-03-05,0.0888641852287057,0.11236347209108648,0.7908636461204112,0.10000173337971274,0.8886264490164677,0.2383878093784853,0.37277151654855456,True,False,0.6022827671646953,0.37702786745082606
1590,2025-02-06,2025-03-06,0.027969973017778517,0.1062067350811689,0.263354042438103,0.07776815361950866,0.3596584426399711,0.21191439651053065,0.13198713007867122,True,False,0.6373817288671606,0.3809534543552962
1591,2025-02-07,2025-03-07,0.030680754135840087,0.10165263052612215,0.3018195788642765,0.06854039171897873,0.4476302712367579,0.18857538257030554,0.16269755743118564,True,False,0.6660872039983353,0.37675669859632227
1592,2025-02-10,2025-03-10,0.042566049673431354,0.08530831750936471,0.49896716892533566,0.05462836806280665,0.7791931405399635,0.13143929097165102,0.3238457036611073,True,False,0.7947253247340694,0.3786359744791004
1593,2025-02-11,2025-03-11,0.0583147823702088,0.08483860098892944,0.6873614332445,0.053651967338853176,1.0869085564357106,0.1275460194168988,0.4572058198037544,True,False,0.7989824898874864,0.3749456791568024
1594,2025-02-12,2025-03-12,0.04365272739983802,0.07807967354242436,0.5590792765817526,0.04393661920498266,0.9935386060584187,0.10594847736021856,0.41201844979254704,True,False,0.8687436254715426,0.3748147610579261
1595,2025-02-13,2025-03-13,0.04460110199503699,0.07825754935229427,0.5699271490633436,0.044835138880931207,0.9947800566311225,0.1070440984408346,0.4166610083571203,True,False,0.8668073641795672,0.3774689884279149
1596,2025-02-14,2025-03-14,0.03605959860850205,0.07319211610723154,0.4926705296465569,0.03674363560188572,0.9813835244613475,0.09160206467767211,0.3936548672280259,True,False,0.9277712024888456,0.3748531334439516
1597,2025-02-17,2025-03-17,0.03200910248989173,0.07222996235025873,0.44315546413651247,0.03609028326096954,0.8869174635852339,0.08923692908574651,0.35869793837408537,True,False,0.9405806916713386,0.35955810770520596
1598,2025-02-18,2025-03-18,0.034312204876017986,0.07189660070361119,0.47724377147492275,0.03640115604479051,0.9426130542062419,0.08870090829849281,0.38683036661306675,True,False,0.9450672583830486,0.3610404696256964
1599,2025-02-19,2025-03-19,0.014851122262247905,0.06999975735793242,0.21215962487282775,0.03764428537013021,0.3945119987330639,0.08647396957624937,0.17174095667197012,True,False,0.9707003348603875,0.3655723081909391
1600,2025-02-20,2025-03-20,0.01629119254814236,0.06998778667921722,0.2327719352350945,0.03790540240407485,0.42978550588849707,0.08609189067005237,0.18923027966220934,True,False,0.9707747705471188,0.3570985446842813
1601,2025-02-21,2025-03-21,0.012803194282376447,0.06980771889502135,0.1834065700045323,0.039812737113357324,0.3215853822338913,0.08723365550844416,0.14676897589299243,True,False,0.9736358134652565,0.3488368200723602
1602,2025-02-24,2025-03-24,0.011339242681949344,0.0710270693762246,0.15964677666603838,0.0406772026605001,0.2787616143762117,0.09071814905613496,0.12499420237214937,True,False,0.9573581762540984,0.3486534632950489
1603,2025-02-25,2025-03-25,0.01047378095250326,0.07131408814920054,0.14686832888601797,0.04042618163007233,0.2590841016929483,0.09139459787417602,0.11459956273260957,True,False,0.9535415568491129,0.34858732633828504
1604,2025-02-26,2025-03-26,0.012853549828755402,0.07072918918260182,0.18172907080231532,0.03933987300137204,0.3267308419706163,0.08970111870690818,0.14329308278476918,True,False,0.96150062607565,0.34861793755861864
1605,2025-02-27,2025-03-27,0.013968799766729859,0.0706997889253549,0.1975790872795698,0.03971506879484968,0.3517254329555979,0.08994537425752151,0.15530314796107197,True,False,0.9619319742386354,0.3499076829548369
1606,2025-02-28,2025-03-28,-0.013709396828841284,0.06871108365337182,-0.1995223492326413,0.04697152472315306,-0.2918661233511905,0.07751323247219911,-0.1768652447020358,True,False,0.9899562106919264,0.32512098597302835
1607,2025-03-03,2025-03-31,0.004015315973109098,0.06961620487349261,0.05767789238735115,0.040082176647910826,0.10017709388340779,0.07867717543924965,0.051035334589629645,True,False,0.9769103859144089,0.3244955388562379
1608,2025-03-04,2025-04-01,0.04857083521260604,0.07399957992679128,0.6563663639801439,0.03529465763428904,1.3761526097201489,0.07261259111385374,0.6689037599064444,True,False,0.9185399394433703,0.3164168245318547
1650,2025-05-01,2025-05-29,-0.38763958277846117,0.0989258025807522,-3.918488126108804,0.10196445632820975,-3.801712839331992,0.11501812337244507,-3.3702478480128644,False,False,0.682413945182776,0.37760964806530123
1651,2025-05-02,2025-05-30,-0.3952651107301233,0.09880105555654442,-4.00061627382018,0.09859428516130285,-4.009006303798026,0.11357260443290586,-3.480285696570691,False,False,0.6831190429163576,0.3643622855782931
1652,2025-05-05,2025-06-02,-0.4674674334635037,0.10232529969117662,-4.568444313130244,0.0615981977692626,-7.588979067448776,0.07745670010250291,-6.035209773265284,False,False,0.6584974783577845,0.3614136126905781
1653,2025-05-06,2025-06-03,-0.4776352858048661,0.10414334476622422,-4.586325577280411,0.06338227929789664,-7.535785886777293,0.0780088798042265,-6.122832259654984,False,False,0.6470204321332156,0.3646738824511872
1654,2025-05-07,2025-06-04,-0.49367860006632974,0.10718702881922423,-4.605768118630669,0.0758758237795155,-6.506401848115554,0.0893642499566038,-5.524341112984948,False,False,0.62855152294571,0.36934567663277457
1655,2025-05-08,2025-06-05,-0.4853236002681083,0.1063806595388083,-4.5621412987297685,0.07143529163580843,-6.793891214756792,0.08366049426247174,-5.801108450847556,True,False,0.6332566976782388,0.36870443088778276
1656,2025-05-09,2025-06-06,-0.4615632214157018,0.10419366891621988,-4.429858610572931,0.06309861741191058,-7.314949841176337,0.08462420497473445,-5.454269514892422,True,False,0.6466305729442163,0.34893584920980164
1657,2025-05-12,2025-06-09,-0.4657520699164678,0.10374523450402696,-4.489382786043914,0.06254113090898333,-7.447132201595154,0.08128561473192689,-5.729821585928566,True,False,0.64934731697393,0.3491985926672616
1658,2025-05-13,2025-06-10,-0.4100630282369868,0.1256422095384694,-3.263736205717019,0.042260314323195554,-9.70326498522786,0.06695229931707107,-6.1247041911887194,True,False,0.5368994010241371,0.2938888860183461
1659,2025-05-14,2025-06-11,-0.420207475753405,0.1253126208133841,-3.353273381610773,0.04581111597352945,-9.172609460031687,0.06890923929706932,-6.0979845379206825,True,False,0.538238954945408,0.29141422201159534
1660,2025-05-15,2025-06-12,-0.42526703787733133,0.12417347942174059,-3.4247815222521223,0.046482260039158826,-9.149018088170981,0.06937648837764764,-6.129843810519931,True,False,0.5430876255436025,0.2951354565101187
1661,2025-05-16,2025-06-13,-0.2972406192742758,0.11025480332619493,-2.695942583062554,0.09958242315146403,-2.984870320158562,0.1361954486054688,-2.182456332555744,False,False,0.6125902141303715,0.2955154955304028
1662,2025-05-19,2025-06-16,-0.2580783520477061,0.10568087662507827,-2.442053475420014,0.11066195734045196,-2.3321325435599065,0.1254513054247248,-2.057199414338197,False,False,0.6393125523915206,0.2871304578205394
1663,2025-05-20,2025-06-17,-0.16886266873428518,0.09895761296186824,-1.706414127019755,0.13274826177229937,-1.2720518256120912,0.11903166881030099,-1.4186364891128185,False,False,0.6837828218515876,0.2831618694922467
1664,2025-05-21,2025-06-18,-0.18207011807426557,0.0959898803211509,-1.8967636740989593,0.11894772592866282,-1.5306733832260022,0.11519394022980108,-1.580552915466324,False,False,0.7050151910055296,0.2888676654169833
1665,2025-05-22,2025-06-19,-0.12216915301921956,0.1003517009008774,-1.2174098886464555,0.10388730925922549,-1.1759776424122814,0.10565395811056282,-1.156314019881529,False,False,0.6751974987107914,0.2737067271134785
1666,2025-05-23,2025-06-20,-0.1323410273466142,0.0977387704091298,-1.3540279542359805,0.0930295035158377,-1.4225705001648639,0.10471429641225995,-1.2638295999773315,False,False,0.6935539275016849,0.2745519843413939
1667,2025-05-26,2025-06-23,-0.08568478901169874,0.10250663280977575,-0.8358950700361629,0.06883099673743116,-1.2448575942980973,0.08803643349106799,-0.9732878265723037,False,False,0.6613432232751493,0.25063951707914506
1668,2025-05-27,2025-06-24,-0.015070972336500208,0.09925965113009229,-0.1518338233603884,0.06948860902289546,-0.2168840698989175,0.10466939941277838,-0.1439864222117653,False,False,0.6823966542283904,0.28881193008139017
1669,2025-05-28,2025-06-25,0.004925751703646748,0.10165299257262338,0.04845653412640726,0.06567330491648121,0.07500386511552876,0.10537021928586765,0.04674709549842794,False,False,0.666214736590704,0.28417368829492345
1670,2025-05-29,2025-06-26,-0.0029880861439029235,0.1019105445587979,-0.029320676843002533,0.06752982948046854,-0.04424838870305691,0.11116850817620973,-0.026878890370343026,False,False,0.6643042518173612,0.29337410942610304
1671,2025-05-30,2025-06-27,-0.0037182365450137886,0.10190147925303196,-0.03648854336825691,0.0674623583520451,-0.05511572135694648,0.10895756127550879,-0.03412554852996296,False,False,0.6644711945856858,0.288026496679146
1672,2025-06-02,2025-06-30,0.0001157267301462034,0.10185126851800956,0.0011362325853186634,0.06419451935997308,0.001802750940423147,0.11133417175039315,0.0010394538202130627,False,False,0.664686788071061,0.2837906896240253
1673,2025-06-03,2025-07-01,-0.0026996638437935287,0.10184915223959125,-0.026506493028462377,0.0658441901819089,-0.04100079044688863,0.10999517172376551,-0.024543475877043797,False,False,0.6648256608775415,0.2698594797540652
1674,2025-06-04,2025-07-02,0.007973279739301873,0.10231999142068814,0.07792494534640619,0.06011176044019815,0.13264092884509757,0.11011228466118489,0.07241044688006998,False,False,0.6616783060884996,0.2614387202350511
1675,2025-06-05,2025-07-03,0.007276408874084707,0.1022754374603471,0.07114522367020744,0.060845861983536906,0.11958757155997705,0.1084895049738978,0.06707016384520684,False,False,0.6620496293031558,0.25516827102376505
1676,2025-06-06,2025-07-04,0.010850786138176985,0.1016292929478491,0.10676829311156427,0.05818094827112691,0.18650067523154887,0.10614567080005612,0.1022254233864736,False,False,0.6662913962215763,0.2556434218693132
1677,2025-06-09,2025-07-07,0.0503586982900163,0.10567529977700162,0.47654180680144137,0.045571733295938444,1.1050424166004784,0.10481592871546894,0.4804489060696007,False,False,0.6407438736102214,0.2647139087849292
1678,2025-06-10,2025-07-08,0.03819951839931448,0.1044315790478176,0.36578512694731463,0.04598702469838655,0.8306586183788207,0.10287917693884138,0.371304665685875,False,False,0.6485413987524544,0.2675420757767279
1679,2025-06-11,2025-07-09,0.03963675919225056,0.10345956065939123,0.38311354639077194,0.042772970924308394,0.9266777204321928,0.099285780864002,0.3992188896267385,False,False,0.6546084663514583,0.2652532702166836
1680,2025-06-12,2025-07-10,0.04642995998821031,0.10364827852479895,0.44795688504466047,0.04434732849682309,1.0469618252548498,0.09727925250231638,0.47728532851447164,False,False,0.6534698293737559,0.2556415461346839
1681,2025-06-13,2025-07-11,0.06633521858054361,0.10395355369048528,0.6381236256535516,0.04620306743990602,1.4357319168650968,0.09386052519574226,0.7067424611379944,False,False,0.6515361165995248,0.24599236907414374
1682,2025-06-16,2025-07-14,0.09070835167785839,0.11720487096027118,0.7739298796600843,0.057238210955100066,1.5847516923443612,0.11520132893175908,0.7873898028692933,False,False,0.5776286602904953,0.25081561702699773
1683,2025-06-17,2025-07-15,0.08832471480662399,0.12249464712372662,0.7210495877212574,0.07177395967153721,1.2305955420437835,0.13524730647276156,0.6530608047592603,False,False,0.5524634481380568,0.25424087648787247
1684,2025-06-18,2025-07-16,0.0645513140615702,0.1431975751260688,0.45078496618912917,0.09899948248225457,0.6520368838608918,0.18405995012828175,0.35070809275228404,False,False,0.4724767285149258,0.24686197756652178
1685,2025-06-19,2025-07-17,0.09181098696192541,0.14881100885732684,0.6169636753820382,0.08889235149373982,1.0328333700159922,0.19769200524439878,0.46441426322942664,False,False,0.45456483536391856,0.24671501481351488
1686,2025-06-20,2025-07-18,0.13627074690922053,0.17647217077447577,0.7721939743313351,0.09872570926744,1.380296458950465,0.2617075975508787,0.5206984748798822,False,False,0.3832348687392501,0.251790868754511
1687,2025-06-23,2025-07-21,0.2050559103639125,0.18834832017725664,1.088705809379835,0.1153365297502129,1.7778921457755579,0.25264116135540127,0.8116488590529057,False,False,0.3591469359957805,0.25105624638920987
1688,2025-06-24,2025-07-22,0.22490695599563532,0.19191665765430077,1.1718990875756077,0.12153161668546537,1.8506044939541495,0.24727229852241872,0.909551766775219,False,False,0.35286410047698286,0.25312868913787234
1689,2025-06-25,2025-07-23,0.013793274912970879,0.24181627648226917,0.05704030809515112,0.08954317855715542,0.1540404878989931,0.14484902736499192,0.09522518144505353,False,False,0.27954686148821833,0.21186895242411163
1690,2025-06-26,2025-07-24,0.020988736087930657,0.2493670495201939,0.08416804115986855,0.08670180013266515,0.2420795883801159,0.15381258337572884,0.1364565604925833,False,False,0.2710743196059045,0.21195970600228323
1691,2025-06-27,2025-07-25,-0.04536629444703036,0.24660293973901048,-0.18396493770529776,0.09620362933536324,-0.4715653116254553,0.1475559270654672,-0.3074515226142178,False,False,0.2741228228403391,0.18807853365387078
1692,2025-06-30,2025-07-28,-0.01920912091752549,0.24679718664397327,-0.07783363002932583,0.08514606255082009,-0.22560198724468764,0.14749893493941793,-0.1302322686290259,False,False,0.2738876177902489,0.21847102483585157
1693,2025-07-01,2025-07-29,0.07811666810972487,0.23278977558658798,0.33556743595325456,0.07852816203810263,0.9947599190188852,0.141444735469682,0.5522769571474705,False,False,0.2903427284550114,0.21748648705885143
1694,2025-07-02,2025-07-30,0.046940842865811155,0.22986850151379368,0.20420737315762413,0.06661520151544092,0.7046566218812774,0.1430612031351388,0.328117210236725,False,False,0.29397754841222923,0.22510829611927374
1695,2025-07-03,2025-07-31,0.07790248699316196,0.20838808798811412,0.37383368572202313,0.05565393863140293,1.3997659268845568,0.12025222577118676,0.6478257387218185,False,False,0.32428395459536746,0.22673944001850663
1696,2025-07-04,2025-08-01,-0.1821637469658402,0.1343066304914643,-1.3563272810825033,0.09797556130140156,-1.8592774008760315,0.25982788422316966,-0.701093908802249,False,False,0.5034248229121473,0.25138463317809057
1697,2025-07-07,2025-08-04,-0.09281657277454274,0.1152592544642053,-0.8052852086022096,0.06342346970261654,-1.4634420540179556,0.24671011169905574,-0.3762171405757504,False,False,0.5870801235250467,0.2575233266334141
1698,2025-07-08,2025-08-05,-0.10178634220137148,0.1152473127269146,-0.8831992676702172,0.056130354871077426,-1.8133921019234363,0.22923035705954908,-0.444035177133758,False,False,0.5872077830718381,0.2524314663634493
1699,2025-07-09,2025-08-06,-0.06490823673477204,0.1148761562081365,-0.565027929879279,0.06607852627110589,-0.98228941227393,0.24177953577915762,-0.2684604241860216,False,False,0.5892747989449816,0.2637396927440651
1700,2025-07-10,2025-08-07,-0.07158957576637734,0.11632973386371517,-0.6154022139365274,0.06440892292998235,-1.1114853736057804,0.24523652043085895,-0.2919205330454076,False,False,0.5818622350064374,0.2625330009876055
1701,2025-07-11,2025-08-08,-0.053755327593544955,0.11251116487903112,-0.477777717894408,0.06991213161919095,-0.7688984207540464,0.23287069400225113,-0.23083766647350357,False,False,0.6017092184006468,0.2648424151754256
1702,2025-07-14,2025-08-11,-0.036296260892238925,0.11100257579567198,-0.32698575354729853,0.08639057045151957,-0.42014146570090727,0.23646807496554365,-0.15349328190508485,True,False,0.6099229192378895,0.2714570083132032
1703,2025-07-15,2025-08-12,-0.018324754781700058,0.10867338409380567,-0.16862228902232704,0.09876769204298465,-0.1855338967901057,0.23779618174914116,-0.07706076122379218,True,False,0.6231375696169026,0.2783751874421995
1704,2025-07-16,2025-08-13,-0.021856202498106807,0.10880518280386853,-0.20087464525935908,0.09511621332505397,-0.2297841948713259,0.23164958005636527,-0.09435027895491427,True,False,0.622360728739737,0.27400435289271774
1705,2025-07-17,2025-08-14,-0.010192401383999178,0.10846765683705821,-0.09396719428825093,0.10766596416010817,-0.0946668844096565,0.24470197546282824,-0.04165230527755779,True,False,0.6243142484906454,0.2899479812112893
1706,2025-07-18,2025-08-15,-0.008661311057076602,0.10876244284455934,-0.0796351279959309,0.10294198459752187,-0.0841377897554649,0.23152276846466072,-0.03741019129355587,True,False,0.6226028172598447,0.29252407837472344
1707,2025-07-21,2025-08-18,-0.009606635289871044,0.10876340715761379,-0.08832598702934757,0.1060310803328915,-0.0906020693150573,0.2392872603276979,-0.04014687316288798,True,False,0.6225957779831305,0.2909287517908612
1708,2025-07-22,2025-08-19,0.001329146348192552,0.10823137103207683,0.012280601599314761,0.11367008090205984,0.011693018405940682,0.24981131158429978,0.005320601135965881,True,False,0.6256139246110952,0.28326595370082874
1709,2025-07-23,2025-08-20,-0.0005797208614470381,0.10819853347243667,-0.005357936404884089,0.11543064805434552,-0.005022243842676008,0.2524680156833885,-0.002296215066600936,True,False,0.6257666766276677,0.2752695062243633
1710,2025-07-24,2025-08-21,0.0015819570530768575,0.10899256018738217,0.014514358139281485,0.12207766872551537,0.012958611264389372,0.25203827097619974,0.006276654124588259,True,False,0.6211335832873615,0.27712445119388524
1711,2025-07-25,2025-08-22,0.08308291919110611,0.10065033485430859,0.8254609317631052,0.15326212354115276,0.5420968812871585,0.2562158619262725,0.32426922582573625,True,False,0.6728446036870224,0.31950926167506954
1712,2025-07-28,2025-08-25,0.0932838167551169,0.10041781966868268,0.92895680331336,0.1534524541175136,0.6079004554966605,0.24788799882850449,0.37631437260362544,True,False,0.6743996435223579,0.3117669891566121
1713,2025-07-29,2025-08-26,0.08940426214899148,0.10040609099492682,0.8904266789303527,0.1500747602984707,0.5957315005613408,0.2406714572603277,0.371478459335065,True,False,0.674503113179654,0.29018651745002944
1714,2025-07-30,2025-08-27,0.07887933534566631,0.10160336235182277,0.7763457184864632,0.1554169191518597,0.5075337728744473,0.2461958735905727,0.3203925971433777,True,False,0.666563302332825,0.2850319271323407
1715,2025-07-31,2025-08-28,0.09533243526709839,0.10167741178754823,0.9375969902370502,0.1534747700879065,0.6211603067559206,0.2426082824260055,0.3929479831183191,True,False,0.6659851265935565,0.2832738461952944
1716,2025-08-01,2025-08-29,0.07525467683177463,0.1026523673473581,0.7331022048144846,0.159465707927755,0.4719176167070874,0.23481706462742194,0.32048214618123794,True,False,0.6596809283305418,0.2745035207704528
1717,2025-08-04,2025-09-01,0.28478871115321786,0.1289490619984093,2.2085365084449466,0.10233144687174613,2.7830028779926153,0.1390516177094112,2.0480790935375284,True,False,0.5241910252065857,0.2620227893570628
1718,2025-08-05,2025-09-02,0.42147125977467376,0.15042985059899677,2.801779421414147,0.04721128612461814,8.927341201045977,0.07970731126646796,5.287736508457316,True,False,0.4487742525115484,0.276044961352185
1719,2025-08-06,2025-09-03,0.42516602350537736,0.1484249853642912,2.8645178738731807,0.045089159084585294,9.429451161592622,0.07769047883082843,5.472562788951004,True,False,0.45480976023585956,0.2774408646412854
1720,2025-08-07,2025-09-04,0.36136834286151526,0.14876434721574663,2.4291327164393635,0.08020328125336848,4.505655344946851,0.11664468282073259,3.0980267091719087,True,False,0.45403523783195937,0.2718893781811709
1721,2025-08-08,2025-09-05,0.3649177493744976,0.14882239955570004,2.4520351134233604,0.07738850563069699,4.715399869793441,0.11098566817371482,3.2879718199590258,True,False,0.4538441244010388,0.2961101209862402
1722,2025-08-11,2025-09-08,0.39238926805691227,0.15772469603995998,2.487811217321981,0.08141276789557231,4.8197509825513825,0.11724103029187541,3.34685960264974,True,False,0.4281642482143022,0.29469099696814327
1723,2025-08-12,2025-09-09,0.3820332785588811,0.1646405946726129,2.3204075478380806,0.08989042393512083,4.24998861763759,0.1301968096915698,2.934275267296489,True,False,0.4102235646331851,0.28674450819202946
1724,2025-08-13,2025-09-10,0.3759681266736768,0.17877406212749644,2.1030350946858682,0.10729472686291845,3.5040690038199176,0.17588613213410315,2.1375654925825676,True,False,0.3778392980167131,0.27702318587887026
1725,2025-08-14,2025-09-11,0.37093179932065856,0.17612521182177937,2.1060687194290133,0.10553596373532353,3.5147430903358057,0.1701803261067913,2.1796397257335847,True,False,0.3835423427009971,0.27749655910050613
1726,2025-08-15,2025-09-12,0.35116858978182963,0.1769298393327322,1.9847900789726376,0.11032755824553113,3.182963489505614,0.17592953357667765,1.9960752617398105,True,False,0.38183066115590464,0.2603133827867115
1727,2025-08-18,2025-09-15,0.2793295355348084,0.17165542159503722,1.627268937614984,0.1503685046832518,1.8576332598585745,0.22155734520843212,1.2607550215589853,True,False,0.3937039795942567,0.26959697210238354
1728,2025-08-19,2025-09-16,0.2444621319870847,0.16931698029915856,1.4438134412458545,0.17189854402206317,1.4221303233127325,0.22719158378552734,1.0760175527358489,True,False,0.3991607251245397,0.27392688480215516
1729,2025-08-20,2025-09-17,0.21629544009881257,0.1683318441060645,1.2849347742102,0.18525378621607552,1.1675628580488542,0.23325929610557697,0.9272746840533794,True,False,0.401540720293329,0.27111134690362354
1730,2025-08-21,2025-09-18,0.21321236357179002,0.16843353626522328,1.2658545815724958,0.18916721707065204,1.1271105367700016,0.2444111783055504,0.8723511136026798,True,False,0.401350649653291,0.290335939776534
1731,2025-08-22,2025-09-19,0.17909580511987563,0.17380618667313494,1.0304340055321994,0.19458551400290505,0.920396392494057,0.27958091296141946,0.6405866667464163,True,False,0.38898029001902396,0.2843483891487807
1732,2025-08-25,2025-09-22,-0.05295746853360446,0.22762768692332738,-0.23264950432608097,0.2057437029177612,-0.2573953310968275,0.22599913195204122,-0.2343259820344905,True,False,0.29700398845465525,0.24687239119860452
1733,2025-08-26,2025-09-23,-0.08789793087220929,0.22803177484573273,-0.3854635211767031,0.21074322757469144,-0.4170854355974812,0.22713484092154246,-0.3869856800285925,True,False,0.2964478402608536,0.24667515429227382
1734,2025-08-27,2025-09-24,-0.14919263514550302,0.22459009272133862,-0.6642885860981169,0.23090344975619131,-0.6461256222158398,0.23012410911639788,-0.6483137977952612,True,False,0.30098624666450796,0.26805670148310284
1735,2025-08-28,2025-09-25,-0.11415463632192104,0.22164570942043893,-0.5150320149233366,0.20862534532348653,-0.5471753019505717,0.2262712606333243,-0.5045034707563246,True,False,0.3050067806666744,0.27457030515652875
1736,2025-08-29,2025-09-26,-0.11336569956619283,0.1973667298396121,-0.574391132985373,0.15256614663448265,-0.7430593356846975,0.18181868020124142,-0.6235096385075333,True,False,0.3425602941009513,0.26124559167472416
1737,2025-09-01,2025-09-29,-0.14856057136024334,0.1990450828079643,-0.7463664475628988,0.15597602902952482,-0.9524577095889664,0.19295437133042492,-0.7699259173861401,True,False,0.3396496402021116,0.26782755333904834
1738,2025-09-02,2025-09-30,-0.15498432876057483,0.2046140207807719,-0.7574472568848474,0.16253029422038517,-0.9535719448733767,0.2083213259717877,-0.7439676568762041,True,False,0.3303918045156821,0.2678693407740738
1739,2025-09-03,2025-10-01,-0.27963981324194287,0.2184161602820512,-1.2803073402665381,0.12226591490980779,-2.287144487065144,0.19190167881046685,-1.4572035793294504,True,False,0.3094031492375664,0.2520090437284357
1740,2025-09-04,2025-10-02,-0.30494105380538683,0.2258353643718807,-1.3502803453902092,0.13912590495370547,-2.1918351863145604,0.2203065265363148,-1.3841671356709493,True,False,0.2992514800152211,0.25606367917599177
1741,2025-09-05,2025-10-03,-0.26075045281164466,0.24582953731958773,-1.060696186694031,0.15593348437051407,-1.6721902538397375,0.24560863602560096,-1.0616501806738807,True,False,0.27489509848931115,0.25803228748460244
1742,2025-09-08,2025-10-06,-0.30894066083366756,0.2442379593137867,-1.264916648098724,0.15934409746123884,-1.93882714048331,0.28189819473042255,-1.0959299016764033,True,False,0.2766782002624748,0.23363000898787642
1743,2025-09-09,2025-10-07,-0.2486682994237473,0.23364463500041116,-1.0643013456025203,0.15125490653902343,-1.644034597711324,0.25306487328854493,-0.9826266924853507,True,False,0.2892585272088741,0.2365258096694823
1744,2025-09-10,2025-10-08,-0.2863559821766954,0.21847452546027366,-1.3107065071930548,0.13245941305061057,-2.1618394312775906,0.22754626098879682,-1.2584517140925204,True,False,0.3093473928227997,0.2414462088382958
1745,2025-09-11,2025-10-09,-0.2778280347786884,0.21925612985421666,-1.2671391899666211,0.13468976364753302,-2.062725683487953,0.23329148580578332,-1.1909051623511973,True,False,0.30821738581146807,0.24640136918113922
1746,2025-09-12,2025-10-10,-0.13038587664362034,0.1088772281674244,-1.197549559611504,0.049765440400698954,-2.620008495730886,0.19992265345329133,-0.6521816031922709,True,False,0.6216341686691343,0.24303125182150326
1747,2025-09-15,2025-10-13,-0.10924857355722885,0.09725076826016568,-1.1233697739535238,0.04510343529065373,-2.42217855143879,0.08310257176456706,-1.3146232569881768,True,False,0.6963551737916652,0.24301155676948646
1748,2025-09-16,2025-10-14,-0.0912392450834103,0.09506071484600492,-0.9597996946605623,0.026310514225789533,-3.4677864636327675,0.04145096756840946,-2.201136678723645,True,False,0.7124646699958928,0.21938928900155336
1749,2025-09-17,2025-10-15,-0.07600165850278919,0.09511173507079664,-0.7990776158821745,0.021022850873236368,-3.61519277100257,0.03470610746955758,-2.189864091484588,True,False,0.7121002251651976,0.2108578309314588
1750,2025-09-18,2025-10-16,-0.10598539654593558,0.07999672537173622,-1.3248716876026212,0.02448519355182269,-4.328550489977482,0.0452138179316822,-2.3440930537226223,True,False,0.8474693589832206,0.21656214305150467
1751,2025-09-19,2025-10-17,-0.08854854679580403,0.06798277637657002,-1.3025144237316248,0.014099493987071809,-6.280264162458346,0.031705361916586954,-2.7928571523253622,True,False,0.9987539772651567,0.20011688225798016
1752,2025-09-22,2025-10-20,-0.07915196573826316,0.06526012529709063,-1.2128687368884326,0.0131875249717105,-6.0020334299315214,0.02957261566567345,-2.676529077884009,True,False,1.0409877640728025,0.2009400616207296
1753,2025-09-23,2025-10-21,-0.0809614684507879,0.06528223688657539,-1.2401760771686545,0.013302905962044831,-6.085998704477278,0.03083469231092087,-2.6256616292588526,True,False,1.0405679121713807,0.20511631078465403
1754,2025-09-24,2025-10-22,-0.07921317960345407,0.0652082439331774,-1.2147724708647012,0.013155637646980111,-6.021234525385209,0.03205730168792433,-2.470987120955751,True,False,1.0417440095725714,0.19991429819519968
1755,2025-09-25,2025-10-23,-0.07366703112940616,0.06466564689052744,-1.1391988586168043,0.013510040842380958,-5.452761541498298,0.028833696792784635,-2.554893729334098,True,False,1.0507752199392002,0.1766725584461452
1756,2025-09-26,2025-10-24,-0.07633337237178263,0.0644598822481556,-1.184199686836486,0.012895961720318686,-5.919168653510572,0.026962632275908473,-2.831080125659232,True,False,1.0541638830004858,0.16498467003069384
1757,2025-09-29,2025-10-27,-0.07835820898512336,0.06506671520703865,-1.2042748544442718,0.01333871969415839,-5.874492513658552,0.026865708478031044,-2.9166626686654995,True,False,1.04420254489125,0.16580381299504712
1758,2025-09-30,2025-10-28,-0.0753749887829559,0.06516659674785048,-1.1566506852368676,0.012900299205705583,-5.842886864951072,0.02732008930004513,-2.7589583604630232,True,False,1.0425945612186136,0.15694768509124662
1759,2025-10-01,2025-10-29,-0.0763690038021447,0.06509419263187778,-1.1732076351884184,0.012711104580589525,-6.008054085147241,0.026753536925242145,-2.8545385985989027,True,False,1.0437775802111031,0.15869757822240413
1760,2025-10-02,2025-10-30,-0.07689871600222196,0.06508683131117603,-1.1814788714259887,0.013564269793337157,-5.669211625383258,0.03023592580121996,-2.5432896120918267,True,False,1.0437843629208274,0.2065894241442169
1761,2025-10-03,2025-10-31,-0.07776100457885371,0.06503528575347217,-1.1956740664386505,0.01305982245770165,-5.954216056972231,0.02898288349246358,-2.682997521591456,True,False,1.0446451939608283,0.20235563972488488
1762,2025-10-06,2025-11-03,-0.07775343527544012,0.0649985796351449,-1.1962328363464523,0.014010880156915961,-5.5495039858049156,0.03154898584714952,-2.464530417939416,True,False,1.0451582449312293,0.18845885384179228
1763,2025-10-07,2025-11-04,-0.06547624911412595,0.06401575920061146,-1.0228145371038657,0.01936511578681103,-3.38114420977125,0.035500735812024065,-1.8443631551982989,True,False,1.0617020766143757,0.19550689239195107
1764,2025-10-08,2025-11-05,-0.06655793998053777,0.06384606356477145,-1.0424752328389852,0.020228081254925395,-3.2903733746042465,0.034337961674892135,-1.9383194789108533,True,False,1.064611784172017,0.19379140668987088
1765,2025-10-09,2025-11-06,-0.06643026399738508,0.06358082393722639,-1.0448160291689828,0.01692851346346501,-3.9241640526059407,0.03080464333862947,-2.156501643831096,True,False,1.0694614099765938,0.19268546344978274
1766,2025-10-10,2025-11-07,-0.06302551108986207,0.06348577093299655,-0.9927501889577707,0.01911154030085566,-3.2977724504518506,0.029353801315249957,-2.1470987833224484,True,False,1.0711851196406865,0.19538021760203264
1767,2025-10-13,2025-11-10,-0.061214506125405604,0.07387002056937857,-0.8286786121565117,0.030138587766720216,-2.0311006806032297,0.04628399019404254,-1.3225848909907696,True,False,0.9193574901071327,0.1962466177281055
1768,2025-10-14,2025-11-11,-0.06185815440468949,0.07724548688516494,-0.8007995923004454,0.031086711612799207,-1.9898584055838469,0.04948530388511392,-1.2500308081021514,True,False,0.8788355588917104,0.1962466177281055
1769,2025-10-15,2025-11-12,-0.06739830658887122,0.07937992939602356,-0.8490597951104685,0.03348489566568212,-2.0127972702016255,0.049891744624807444,-1.3508909559229778,True,False,0.8550980571050927,0.20139809646431217
1770,2025-10-16,2025-11-13,-0.08495028087969413,0.07543916066033306,-1.1260766972499223,0.028641923696742358,-2.96594187524339,0.040099358778224785,-2.1184947457520145,True,False,0.8999433822804166,0.19919887787837975
1771,2025-10-17,2025-11-14,-0.06140751880537797,0.09259081015113903,-0.6632139702108714,0.04589140977126673,-1.3381048678052618,0.05807528688823794,-1.0573777951980279,True,False,0.7322998256924385,0.19885682420916098
1772,2025-10-20,2025-11-17,-0.03918386429096423,0.10904131155054782,-0.3593487984854248,0.04663342985238301,-0.8402526774247531,0.07314345141450798,-0.5357125420416259,True,False,0.6215213551418423,0.20030397605045042
1773,2025-10-21,2025-11-18,-0.04482478158758402,0.1144500111432453,-0.39165379836862974,0.043856585718064396,-1.0220764077656146,0.07310614505543772,-0.613146563173213,True,False,0.592044143110205,0.19981228764137107
1774,2025-10-22,2025-11-19,-0.05620554607597712,0.11197213225228968,-0.5019601301271799,0.04606555832919921,-1.2201208042310987,0.07294317875403784,-0.7705387540828251,True,False,0.6050757794593786,0.2004525600343378
1775,2025-10-23,2025-11-20,-0.04033236135215117,0.10282236532318688,-0.39225280633625004,0.03887074105074436,-1.0376020693688015,0.06201219332238316,-0.6503940465784702,True,False,0.6589297751568631,0.20247648475857077
1776,2025-10-24,2025-11-21,-0.05873523811848299,0.09286751241007431,-0.6324627051398372,0.032755164684474355,-1.793159603508968,0.05496838543102682,-1.0685276210665262,True,False,0.7300562419694797,0.20397915219618093
1777,2025-10-27,2025-11-24,-0.06178366030140247,0.08518521424424293,-0.725286199600983,0.028074957803765847,-2.200667966564676,0.04616519964295969,-1.3383167576277262,True,False,0.7963242435105345,0.20364410574311423
1778,2025-10-28,2025-11-25,-0.04509661181069968,0.08223728030620785,-0.5483718776056785,0.02990624471373574,-1.5079329498694,0.04969007858778297,-0.9075576672923062,True,False,0.8251408392703533,0.20972042121854348
1779,2025-10-29,2025-11-26,-0.02593136910571509,0.08096483887184797,-0.32027938876972933,0.03599035924062866,-0.7205087599248462,0.05246099074197342,-0.4942981201643168,True,False,0.8380326191533478,0.22080314032507803
1780,2025-10-30,2025-11-27,-0.02404557626238498,0.08111495326910939,-0.2964382680787679,0.037263665168149676,-0.6452821039981174,0.05273638370145643,-0.45595800422168326,True,False,0.8364445076402721,0.2194299264121544
1781,2025-10-31,2025-11-28,-0.01975633726775957,0.08062412285610292,-0.24504250797271274,0.034263321595472074,-0.5766030947323679,0.05430242939428007,-0.3638205046833613,True,False,0.8415676731103873,0.17547397610802795
1782,2025-11-03,2025-12-01,-0.02313914648904504,0.08027755350806187,-0.28823930822357824,0.031667720703715554,-0.7306855679805885,0.054084467855478845,-0.42783348725693354,True,False,0.8452347315555456,0.17438758713387104
1783,2025-11-04,2025-12-02,-0.026323181825801786,0.08005213341697359,-0.3288254878691395,0.031081491738655462,-0.8469085733444429,0.053250863444783005,-0.4943240376392558,True,False,0.847573179506407,0.1767884134042858
1784,2025-11-05,2025-12-03,-0.04475881866780716,0.08239209758900111,-0.5432416454679777,0.022112326625136115,-2.0241569069863377,0.052625608883056216,-0.8505140295339764,True,False,0.8230020695837807,0.17472062223679571
1785,2025-11-06,2025-12-04,-0.042745844040066164,0.0829085000882561,-0.5155785473692469,0.021603680790226204,-1.978637087593192,0.053882122854071166,-0.7933214538676332,True,False,0.8178180479743182,0.17417455274776486
1786,2025-11-07,2025-12-05,-0.03794291363644368,0.08489909457878243,-0.4469177654331096,0.021975239312744047,-1.726621180158868,0.05552842397767536,-0.6833061505887191,True,False,0.7985241259227849,0.1735521311818801
1787,2025-11-10,2025-12-08,-0.034939490182432205,0.0834576923305775,-0.41864912875899113,0.02448874666420359,-1.4267569778695528,0.052425094149643615,-0.6664649963755902,True,False,0.8124681849015541,0.16808028021536517
1788,2025-11-11,2025-12-09,-0.037405668305422315,0.08486968714963464,-0.44074238472768246,0.02603538563898934,-1.4367241885369038,0.054703993695390474,-0.6837831349884466,True,False,0.7988476670210641,0.16812637095617475
1789,2025-11-12,2025-12-10,-0.03852789250043936,0.08398255148068205,-0.45876068089336003,0.02498643421274142,-1.5419524119529107,0.05318155191195416,-0.724459725512054,True,False,0.8073399200366141,0.16808485421642105
1790,2025-11-13,2025-12-11,-0.019746246646807283,0.08355825356923863,-0.23631712970694163,0.029248271795135207,-0.6751252444970656,0.058062861711305425,-0.34008393773265383,True,False,0.8114592504265963,0.20381197847941668
1791,2025-11-14,2025-12-12,0.013464082941619706,0.0883631390256099,0.15237216660804084,0.038159004605950154,0.35284156598571875,0.054328113996616606,0.24782901431951437,True,False,0.7670942808957784,0.20281611584592357
1792,2025-11-17,2025-12-15,0.0070675227365566695,0.0875893009829724,0.08068933827809192,0.036065832018951076,0.19596172723377028,0.05754590068803955,0.12281539870007799,True,False,0.773869573285595,0.20011192456345264
1793,2025-11-18,2025-12-16,-0.001677256303387832,0.09498152414755573,-0.017658763832660553,0.03679263089508855,-0.04558674556789384,0.06414899914170055,-0.026146258333398044,True,False,0.713319437186683,0.19663547536169462
1794,2025-11-19,2025-12-17,0.008113628557525466,0.10067162134904736,0.08059499240003294,0.049285650656722,0.16462456007809362,0.07234405696761768,0.1121533529859578,True,False,0.6728073581563164,0.2034719309095385
1795,2025-11-20,2025-12-18,0.02111480386489674,0.10107767453293826,0.20889681091758835,0.05290612593489448,0.399099414137416,0.07862669553363535,0.2685449734545201,True,False,0.6700518167628294,0.19345233773574444
1796,2025-11-21,2025-12-19,-0.02191587945603002,0.1134723685214305,-0.19313846834783363,0.05927483855754117,-0.3697332627022701,0.08258386745344465,-0.2653772477825012,True,False,0.5965584447090012,0.19040692055619457
1797,2025-11-24,2025-12-22,0.03161948014016913,0.12701159821755073,0.2489495493632792,0.05250528956223552,0.6022151368709234,0.09761075463505949,0.3239343887708472,True,False,0.5327657306414749,0.18524852418398496
1798,2025-11-25,2025-12-23,0.09499528878225706,0.14785604110380243,0.6424850014451933,0.06725841280128306,1.4123926632482902,0.10658911622667794,0.8912287871890706,True,False,0.45741789907310176,0.18656048268370876
1799,2025-11-26,2025-12-24,0.09432449946468638,0.1609495757116178,0.5860500038452587,0.08067051697937255,1.1692561668943457,0.1363091512710818,0.6919894855562604,True,False,0.4201729883095759,0.1862435213080452
1800,2025-11-27,2025-12-25,0.07237512567563989,0.16842685780784997,0.42971249726815636,0.08526021042162302,0.8488734113807053,0.14918693086109652,0.48513046858659625,True,False,0.401473128160155,0.17909478997507347
1801,2025-11-28,2025-12-26,0.07488572578818897,0.16808777180788598,0.4455156076063568,0.08447026085197568,0.8865336158889993,0.14875755262863294,0.5034078906577475,True,False,0.4022790146689781,0.17979462118315273
1802,2025-12-01,2025-12-29,0.08548453150137725,0.16795487137225212,0.508973218835141,0.08869741606972685,0.9637770218038383,0.15633983661782946,0.5467866242584287,True,False,0.40258478389777697,0.18222426202812828
1803,2025-12-02,2025-12-30,0.0934223928714609,0.17413211019171115,0.5365029618523964,0.09228399002554445,1.012335865035759,0.1681984988711981,0.5554294092898014,True,False,0.3882870394176664,0.18228778151947728
1804,2025-12-03,2025-12-31,0.14053105340178462,0.1725187462672857,0.8145842492041874,0.1070140471874477,1.3132019309168632,0.18675800738946643,0.7524767230393511,True,False,0.3918725285480213,0.1871081898334917
1805,2025-12-04,2026-01-01,0.1231736799614093,0.17383110692051226,0.7085824979399856,0.10082966429517605,1.2216016072494476,0.18205022067325755,0.6765917641071172,True,False,0.38895862206921733,0.17547121172751476
1806,2025-12-05,2026-01-02,0.12597523241537972,0.17323811149021068,0.7271796680980231,0.101684369689612,1.2388849220378189,0.18117245820317857,0.6953332402991569,True,False,0.39028507597714107,0.17628523206822866
1807,2025-12-08,2026-01-05,0.12966448210273668,0.17270689962081204,0.7507776608081237,0.10519373915088599,1.2326254694374041,0.1880747032017757,0.6894307415900921,True,False,0.3914867821765126,0.17633062602544092
1808,2025-12-09,2026-01-06,0.12523962624479165,0.18527326512814432,0.6759724677932869,0.11270699789167932,1.1111965413643368,0.2088839051751848,0.5995657067965905,True,False,0.36494810848536585,0.17881359319881865
1809,2025-12-10,2026-01-07,0.13615321962912721,0.1822061429023943,0.7472482401543558,0.11114784345769228,1.2249740111327763,0.20386649646638957,0.6678548068911073,True,False,0.3710930009911072,0.18032083074039992
1810,2025-12-11,2026-01-08,0.16976780882264286,0.19262543793697426,0.8813363937850708,0.14766099396929963,1.1497133011168779,0.2647918821986768,0.6411367577170054,True,False,0.35097419182279715,0.18626075300581524
1811,2025-12-12,2026-01-09,0.036749795738940036,0.19210714489373268,0.19129843275360117,0.06550763465912332,0.5610001937968287,0.15719847875308057,0.23377958890215952,True,False,0.3522143069906504,0.1380713753353
1812,2025-12-15,2026-01-12,-0.010020612957740429,0.19594912324283434,-0.05113885069708712,0.08326448423910784,-0.12034678469831829,0.1555286012942198,-0.06442939031377275,True,False,0.34532392512872906,0.14125853632414107
1813,2025-12-16,2026-01-13,0.03729578443202225,0.19430513799327293,0.1919444067058766,0.07606407619471325,0.49032061253922715,0.16239262812130317,0.22966427025347017,True,False,0.3481726245221452,0.13938828275881357
1814,2025-12-17,2026-01-14,0.009846621109402143,0.18882732314549872,0.05214616690729097,0.08170922694824316,0.12050806839280538,0.14814294515569137,0.06646702682367898,True,False,0.3582266251051866,0.14329286971053945
1815,2025-12-18,2026-01-15,-0.04451900017975275,0.19443051486802582,-0.22897126106964766,0.07933825988773974,-0.5611290220222279,0.12220980476893226,-0.3642833753308655,True,False,0.34788444346531516,0.13462192906396908
1816,2025-12-19,2026-01-16,-0.057567604725926126,0.1989943809836264,-0.28929261440132265,0.08219456327267378,-0.7003821473562707,0.12105645016224971,-0.4755434728902866,True,False,0.3399973588051028,0.13444204048833525
1817,2025-12-22,2026-01-19,-0.02154545863137291,0.1655258069950298,-0.130163743180058,0.0785486760496558,-0.2742943575236405,0.07823970680393147,-0.2753775481976917,True,False,0.4085929984395361,0.13276836981799592
1818,2025-12-23,2026-01-20,-0.12165328381083307,0.16615012586942227,-0.7321889356041815,0.07478713739693363,-1.6266605200458042,0.13355008412200434,-0.9109188108013248,True,False,0.406988067741652,0.17405827666565316
1819,2025-12-24,2026-01-21,-0.0873670848323234,0.12335796342491509,-0.7082403308765839,0.0382209660380124,-2.2858418791778594,0.07816503502954973,-1.117725909024347,True,False,0.5488221368835163,0.16763730056484868
1820,2025-12-25,2026-01-22,-0.08671482836558866,0.11996595431095393,-0.722828646374306,0.03420519690546373,-2.535136067342368,0.07452678195837327,-1.163539147766007,True,False,0.5645384234779517,0.16267012714558807
1821,2025-12-26,2026-01-23,-0.09297707891684936,0.11974789092303637,-0.7764402212027853,0.03145749811477343,-2.9556412457729566,0.07428728591918317,-1.2515880445275487,True,False,0.5655810196955174,0.17092747216802423
1822,2025-12-29,2026-01-26,-0.0898965349932784,0.11972252216045846,-0.7508740491851175,0.031360689280217825,-2.866535687083406,0.0682311629751173,-1.3175289863674473,True,False,0.565622047807721,0.2273749317785452
1823,2025-12-30,2026-01-27,-0.10071027884261184,0.12021977133744029,-0.8377181034551464,0.02921912964106977,-3.4467241180605077,0.0751819992080927,-1.339553083230211,True,False,0.5632129359633996,0.2446702829929464
1824,2025-12-31,2026-01-28,-0.10159693567979684,0.12021225295554416,-0.8451462574066266,0.02874789400432078,-3.5340653358651917,0.0751342958432206,-1.352204536418291,True,False,0.5633063063788852,0.24647942014563387
1825,2026-01-01,2026-01-29,-0.11405201028340826,0.12040779289967074,-0.9472145243825006,0.027042371418640274,-4.217529909554912,0.08173714562695415,-1.3953510293097116,True,False,0.5623988802651192,0.2374570795391912
1826,2026-01-02,2026-01-30,-0.09630801811954454,0.11999750136686138,-0.802583529011222,0.02907007658253548,-3.3129605918342784,0.07210689979497516,-1.3356283295132856,True,False,0.5644484423158047,0.2593896467168803
1827,2026-01-05,2026-02-02,-0.1384934157682193,0.1175567432512941,-1.1780984394248666,0.04274250856166585,-3.240179868441995,0.1016954558455235,-1.3618446824073664,True,False,0.5763653532420077,0.27814788050776745
1828,2026-01-06,2026-02-03,-0.1627378466148475,0.1130073085737615,-1.440064794646677,0.06531880007254705,-2.491439622805393,0.10607523768873547,-1.534173763460058,True,False,0.5994988615522092,0.28409057258912734
1829,2026-01-07,2026-02-04,-0.14932085603934753,0.11281512766580226,-1.3235889470575963,0.05826681746509733,-2.562708288105711,0.09963359658426693,-1.4986998478275015,True,False,0.600719319700424,0.2887057349466381
1830,2026-01-08,2026-02-05,-0.08925143645619997,0.10016802765748407,-0.8910172092175714,0.04843405443417377,-1.8427413830799708,0.08853034682576504,-1.0081451124534064,True,False,0.6762678175841595,0.2931186049274167
1831,2026-01-09,2026-02-06,-0.05627148819287868,0.08303831807984004,-0.6776568877367498,0.04883654909012047,-1.1522412873407202,0.0656549659030135,-0.8570789340748993,True,False,0.8166767564273449,0.2900431773433836
1832,2026-01-12,2026-02-09,-0.0385762695315891,0.08365795475464785,-0.46111896525232576,0.05013987869916068,-0.7693730127080434,0.06294811749373944,-0.61282642066978,True,False,0.8101509587644213,0.30173871400968283
1833,2026-01-13,2026-02-10,-0.03639849549168004,0.0837787605119614,-0.43445970397811384,0.050177714099211713,-0.7253916633131731,0.06227781324496305,-0.5844536536392261,True,False,0.8089905165142768,0.3011167319778538
1834,2026-01-14,2026-02-11,-0.04297157170408957,0.08415673434235345,-0.5106135835699048,0.05227062829044953,-0.8220978608734456,0.06539635765472364,-0.6570942670992272,True,False,0.8052382321418956,0.29715913699950924
1835,2026-01-15,2026-02-12,-0.028957924843739134,0.07819198903156951,-0.37034388308049765,0.04640996980499566,-0.6239591399307923,0.05334331676537543,-0.5428594733077304,True,False,0.8673198215821253,0.2992919991832738
1836,2026-01-16,2026-02-13,-0.02507916804311436,0.07885464307903922,-0.31804301007331287,0.04475829854813583,-0.5603244282430146,0.05349367463437167,-0.46882492583525126,True,False,0.8600117999403954,0.2984708464506202
1837,2026-01-19,2026-02-16,-0.02260753497451211,0.07880082138122588,-0.28689466147999193,0.04404643674694371,-0.5132659221538687,0.053307009222175517,-0.42410060711317227,True,False,0.8605648683805842,0.29676118485523323
1838,2026-01-20,2026-02-17,-0.03868731849436275,0.08342342463492969,-0.463746467657769,0.05630442300304183,-0.6871097585401538,0.06482419701542388,-0.5968036670806384,True,False,0.8126501164114989,0.3024149366591851
1839,2026-01-21,2026-02-18,-0.020434766327743183,0.084207006086341,-0.24267299453433308,0.042513734705876195,-0.4806626956939334,0.05529987441422497,-0.3695264509043203,True,False,0.8051817100878452,0.28735857545628324
1840,2026-01-22,2026-02-19,-0.0029701455688024604,0.09337288311174695,-0.03180950903323661,0.045210449818046644,-0.06569599684931399,0.061652037963895207,-0.04817595114279666,True,False,0.7256234537371705,0.3000326543922515
1841,2026-01-23,2026-02-20,0.0035542940662135897,0.0937105761669541,0.03792841973227531,0.04377229485768526,0.08119962816136311,0.06118052334655973,0.0580951889881709,True,False,0.7229619728805858,0.3016685251891447
1842,2026-01-26,2026-02-23,0.0021206215513904655,0.09080986414193712,0.023352325999253822,0.043557549997850005,0.04868551035343216,0.05761444094319923,0.03680711843548284,True,False,0.7462364157503912,0.2980832449350213
1843,2026-01-27,2026-02-24,-0.006021550081068561,0.08832261115352902,-0.06817676699572943,0.04294004829778144,-0.140231562836404,0.05733575931345646,-0.10502259241302711,True,False,0.7675179012108686,0.25485975705269936
1844,2026-01-28,2026-02-25,0.0019255611938389175,0.08578091477836843,0.022447431329147945,0.03776885763835746,0.05098277560514162,0.0537507140202412,0.035823918415554414,True,False,0.790361206304494,0.23008960916053342
1845,2026-01-29,2026-02-26,0.00387062790864876,0.085491118142438,0.04527520510610062,0.038135822771152614,0.10149585422283455,0.053098461310000365,0.07289529325626204,True,False,0.7930538235352227,0.2310400850868639
1846,2026-01-30,2026-02-27,2.800098538044941e-05,0.08466152620866307,0.0003307403803639933,0.038104930673767974,0.0007348389010382251,0.05313137304019486,0.0005270141496111187,True,False,0.8008760458430456,0.23118245986489333
1888,2026-03-31,2026-04-28,0.18133609383843274,0.08504849203057967,2.1321494303888695,0.09594784911609583,1.8899443344375348,0.1819484625777183,0.9966343835468026,False,False,0.799003727513598,0.33087075959046053
1889,2026-04-01,2026-04-29,0.32452752161278664,0.1097298329377765,2.957514040842599,0.035730620564629646,9.082616436112,0.14460537688707656,2.2442285937003064,False,False,0.6158031456563127,0.339613798596649
1890,2026-04-02,2026-04-30,0.30988425345781384,0.10592063728262771,2.92562678442871,0.03991869057633259,7.7628862315824865,0.15366218098297516,2.0166592161811576,False,False,0.638109290067183,0.3092921359338431
1891,2026-04-03,2026-05-01,0.31134756547866044,0.10574378689607375,2.9443580054935663,0.03186788956816278,9.769946165174,0.1325770741210436,2.3484268870981295,False,False,0.6389765567444898,0.29903311125373777
1892,2026-04-06,2026-05-04,0.3232765341052721,0.10216445746942228,3.1642759342409117,0.0324680984520005,9.956743681284285,0.10631099463232657,3.040857017877731,False,False,0.6613118722451354,0.31172019355811054
1893,2026-04-07,2026-05-05,0.33199011679017393,0.10214210959867683,3.250276679173607,0.029728435072607057,11.167426606188316,0.1005506509655602,3.301720213665096,False,False,0.6615380081617626,0.31146922297755075
1894,2026-04-08,2026-05-06,0.36793371778487416,0.10764676259872634,3.417972904177496,0.02375878387339314,15.486218475892354,0.057829075873402025,6.362434678886197,False,False,0.6272172643288608,0.3217514629258935
1895,2026-04-09,2026-05-07,0.31997238932123084,0.1689064563975073,1.8943763083170868,0.044217181446107715,7.236381398737864,0.07749457415644352,4.128965063738282,False,False,0.4002136651725517,0.23399948752099775
1896,2026-04-10,2026-05-08,0.35095387683062484,0.18198423558098925,1.9284850454776798,0.05684634362746266,6.173728237132877,0.08517205276257421,4.120528570667947,False,False,0.37122016499089083,0.23342207474515483
1897,2026-04-13,2026-05-11,0.31075253519641755,0.17091934651008212,1.8181238200444851,0.06382415393566726,4.868886088323965,0.08689605088122856,3.576141056411884,False,False,0.3953256027992769,0.2336643645981667
1898,2026-04-14,2026-05-12,0.28579890105710326,0.1702195525983828,1.6790015993721894,0.0829966506095986,3.4434992130158384,0.09029479029404205,3.1651759766694005,False,False,0.3970173150994362,0.2499364237490339
1899,2026-04-15,2026-05-13,0.24021336050184686,0.17362914959091533,1.383485210103312,0.08600359719478382,2.7930617827275714,0.08574581041352021,2.801458862460883,False,False,0.3893068964841022,0.22058227734371139
1900,2026-04-16,2026-05-14,0.2186827172931563,0.1715982509182508,1.2743877989603547,0.09978495740794496,2.191539917175378,0.0919057869345735,2.3794227174055274,False,False,0.3939468071127142,0.223345816154271
1901,2026-04-17,2026-05-15,0.27347297665518044,0.1634014542675795,1.6736263326478868,0.07689392186653699,3.556496664714816,0.09612550255666448,2.844957575061544,False,False,0.4135849764305684,0.24876104921052813
1902,2026-04-20,2026-05-18,0.27245909574097366,0.16247374299633888,1.6769423213639705,0.08155413514894733,3.340837288549071,0.09519814799687362,2.8620209686213793,False,False,0.41595227669828977,0.24623074455817928
1903,2026-04-21,2026-05-19,0.3085683110087742,0.1741103864676974,1.7722567692193523,0.08592708262019734,3.591048381948028,0.10336460330591693,2.9852415734188837,False,False,0.3880651403716302,0.2536140865678032
1904,2026-04-22,2026-05-20,0.3239863994050844,0.17538177431213256,1.8473207987306333,0.09459129858542087,3.425118422626451,0.10806196063257048,2.998153998951534,False,False,0.3852678583853788,0.25973810566577593
1905,2026-04-23,2026-05-21,0.31313461495728173,0.1746824552211086,1.7925933921693735,0.08535504923374793,3.668612668709863,0.11068173946906246,2.8291443237103127,False,False,0.3868862099806719,0.2605220605021155
1906,2026-04-24,2026-05-22,0.3144820373049758,0.17643272267681687,1.782447340457545,0.08714512729040408,3.6087162539448694,0.1143666643241718,2.749770128938778,False,False,0.3830439290409242,0.26092776226731723
1907,2026-04-27,2026-05-25,0.32048977198787393,0.17814376569954857,1.799051292810333,0.08710522382956128,3.6793404333014057,0.11482379491839055,2.7911442242059468,False,False,0.3793677523451363,0.2609652898051159
1908,2026-04-28,2026-05-26,0.30000186156259023,0.17911509051279306,1.6749111462563395,0.0907950020147422,3.304167133713809,0.11769511724267831,2.548974575929173,False,False,0.37727408148990765,0.25933572582120495
1909,2026-04-29,2026-05-27,0.29258875905571,0.1761000521450603,1.661491609410164,0.09302223556449354,3.145363657196288,0.11631800771516747,2.515420998029675,False,False,0.3837541189025834,0.2565550319595973
1910,2026-04-30,2026-05-28,0.2841415935106473,0.1835632618276822,1.5479219026810591,0.09875857061037434,2.8771335161547884,0.13424058200438077,2.1166594279319697,False,False,0.3681593113218303,0.2512973717177843
1911,2026-05-01,2026-05-29,0.27108500076712244,0.2158664761431446,1.2557994442238523,0.12791567381936234,2.119247725262648,0.1876691506431601,1.4444835490440933,False,False,0.3131068813058868,0.23975505616449339
1912,2026-05-04,2026-06-01,0.3010630708171698,0.20848119102205706,1.444077853456419,0.12142592491130405,2.4793969742217925,0.1636880404957528,1.8392490367980272,False,False,0.324182577380311,0.238109957627959
1913,2026-05-05,2026-06-02,0.26135008622568767,0.23459831791728725,1.1140322255756,0.15378240571715554,1.6994797617249928,0.2221339845939067,1.1765425569773744,False,False,0.28810882118162257,0.22700678046957096
1914,2026-05-06,2026-06-03,0.26341352172375926,0.2438191302271063,1.0803644549072162,0.1707269865171496,1.5428932888550648,0.2316311528512861,1.1372111155224374,False,False,0.2771588791964076,0.23109817421560333
1915,2026-05-07,2026-06-04,0.26885381799070796,0.23783993048181076,1.1303981524299556,0.16269448462840924,1.652507266025424,0.22005608044937564,1.2217513710217989,False,False,0.28409439104978407,0.2048595358258062
1916,2026-05-08,2026-06-05,0.14650475649974679,0.09468762771773832,1.5472428661585456,0.03182743030575229,4.603097236953762,0.12083672760209713,1.212419099780423,False,False,0.7150327426756193,0.23526296212340056
1917,2026-05-11,2026-06-08,0.1327408403411937,0.08752790221459689,1.5165545726863854,0.029794595398522906,4.455198621283324,0.0432385308993479,3.0699664762013374,False,False,0.7743552296296606,0.23649050475654237
1918,2026-05-12,2026-06-09,0.13303503245378168,0.08795227441832708,1.5125820603686455,0.03261743676546529,4.07864766966105,0.04374271161237943,3.0413073984222785,False,False,0.7707139866270831,0.23807848046816463
1919,2026-05-13,2026-06-10,0.1157316295726334,0.08424646994407801,1.373726752580315,0.03650638513329488,3.1701750022650916,0.05381676643143452,2.150475348980355,False,False,0.8053331942161568,0.22763719233973373
1920,2026-05-14,2026-06-11,0.08063319473468497,0.07847118337176033,1.0275516599855774,0.051725454585988075,1.558868750020183,0.08410162938517574,0.9587590076928744,False,False,0.8650150749605459,0.22779057290015184
1921,2026-05-15,2026-06-12,0.10875943288110212,0.07678379757508286,1.4164372734332653,0.0437359593458788,2.4867279581315604,0.06831329349876111,1.5920683561110185,False,False,0.8841359106833104,0.2585164890479658
1922,2026-05-18,2026-06-15,0.09683866614553471,0.07646833924363916,1.266389032420238,0.03710494141384771,2.6098590229654466,0.08749971360752744,1.1067312354860537,False,False,0.8880847367168321,0.2366942270100023
1923,2026-05-19,2026-06-16,0.0932489052134451,0.07656753078998854,1.2178648606184086,0.03627347698302136,2.5707186895012137,0.08979628769294207,1.0384494460651785,False,False,0.8868491287759737,0.23302694974026805
1924,2026-05-20,2026-06-17,0.08902209737216543,0.07432897578860616,1.1976769009349322,0.0349525182311848,2.546943736166612,0.08793050630581818,1.0124142474802857,False,False,0.9140470293597437,0.22252587595676068
1925,2026-05-21,2026-06-18,0.030402557300960857,0.0724616846078283,0.41956735432668035,0.06447541585416464,0.47153720372626456,0.1308322261602081,0.23237820064096432,False,False,0.9378295263155597,0.2819000324243486
1926,2026-05-22,2026-06-19,0.03300898169606543,0.07260531238805279,0.45463590211750204,0.0657860658173517,0.5017625128657411,0.13144011017888355,0.2511332473104429,False,False,0.9361514308040086,0.2806157993030345
1927,2026-05-25,2026-06-22,0.033572406556478925,0.07249121230182178,0.4631238117069704,0.06446562549715133,0.5207799706831737,0.12692177566299703,0.26451258171505926,False,False,0.9376023102153762,0.2800149459563387
1928,2026-05-26,2026-06-23,0.049044198844233416,0.07042815699106333,0.6963720327149362,0.05242076991126072,0.9355871523302071,0.10057334927880793,0.4876460731985153,False,False,0.9654266310389303,0.2911225649560401
1929,2026-05-27,2026-06-24,0.0439685699267301,0.07005247882847354,0.6276518784494265,0.0518034656261447,0.8487573060081061,0.0970667726581646,0.4529724098438104,False,False,0.9705384204247832,0.29237277977653414
1930,2026-05-28,2026-06-25,0.04161801418700258,0.07034394692044235,0.5916360399007999,0.05453038368259251,0.7632078004301318,0.1038962771009407,0.4005727187565007,False,False,0.9665929523972978,0.30376751287662507
1931,2026-05-29,2026-06-26,0.04117810951408654,0.07037051685036524,0.5851613908371175,0.054409380438299945,0.7568200406321918,0.10414459228801934,0.3953936407970711,False,False,0.9660455057959464,0.30421394509919797
1932,2026-06-01,2026-06-29,0.03847539921780296,0.07016342282546029,0.5483683330774072,0.053282368420375016,0.7221037720066903,0.10262567152977731,0.3749100848186815,False,False,0.9689855761737677,0.30071657733537016
1933,2026-06-02,2026-06-30,0.03684008091611453,0.06965299471811044,0.5289087865526585,0.051737144293877636,0.7120625117392503,0.10434630410592238,0.3530559249968068,False,False,0.9760106541889578,0.29926295978040335
