start,start_date,end_date,beta,se_cl,t_cl,se_hac5,t_hac5,se_hc3,t_hc3,quiet,covid,shock_sd,usd_sd
0,2019-01-03,2019-01-31,-0.1098634897372764,0.09891628847216664,-1.1106713710572562,0.04849768554886932,-2.2653346957468936,0.10630388186343559,-1.033485210619248,True,False,0.6545943823525467,0.245587993804021
1,2019-01-04,2019-02-01,-0.06748455074352956,0.11912243729020437,-0.566514187240181,0.08215292318062639,-0.8214503894785818,0.12756893573047848,-0.529004575895402,True,False,0.5433977781764059,0.24908170150025682
2,2019-01-07,2019-02-04,-0.1540056973210297,0.1428139675150316,-1.0783657929314243,0.07077765589347507,-2.175908418792764,0.1200891800860363,-1.2824277525310304,True,False,0.4529533075296379,0.23873763186783412
3,2019-01-08,2019-02-05,-0.22408908102410233,0.15425213892873663,-1.4527453724815438,0.0858430704091937,-2.610450441205358,0.09734286712117965,-2.3020595925651084,True,False,0.4192068535080845,0.23047709230115543
4,2019-01-09,2019-02-06,-0.18893405382420916,0.168460251566741,-1.1215349144207873,0.09440431164416792,-2.001328652618602,0.10858763509005764,-1.7399223555013041,True,False,0.38387317933840204,0.23123690196794283
5,2019-01-10,2019-02-07,-0.10428744176514035,0.15608413858893547,-0.6681488760353328,0.0807130091086494,-1.2920772365797555,0.09357298738465845,-1.1145037118077366,True,False,0.4144390980741678,0.2053466166301145
6,2019-01-11,2019-02-08,-0.08375222593241446,0.16528698023079813,-0.5067079440586743,0.08202446454752702,-1.0210639763931204,0.0979768972458771,-0.85481606671249,True,False,0.3913287213109913,0.2044599308028054
7,2019-01-14,2019-02-11,-0.04701325786572091,0.17409695910937675,-0.27004066071128063,0.10400506742036897,-0.4520285312224465,0.11811563487269684,-0.39802738999279014,True,False,0.3714759248550682,0.22601243198270377
8,2019-01-15,2019-02-12,-0.037845164553333796,0.1778640803388383,-0.21277575821513384,0.1112772994391306,-0.3400977984196619,0.12255062972186145,-0.3088124854129795,True,False,0.3636221959604867,0.2354514249055653
9,2019-01-16,2019-02-13,-0.04312400199391162,0.17415599969727494,-0.24761709082013553,0.09463273127249726,-0.4556985877300213,0.11885951940822877,-0.3628148776691596,True,False,0.37137997780632237,0.23214282845286385
10,2019-01-17,2019-02-14,-0.04549021706361376,0.16170226785749028,-0.28132083530024893,0.08453744146789029,-0.5381073317778635,0.10348279602385203,-0.4395920753158679,True,False,0.4000071346490417,0.22857379388883942
11,2019-01-18,2019-02-15,-0.021843008206112405,0.16407950839137905,-0.13312453468601484,0.07898752081696811,-0.2765374578185278,0.10740074485251895,-0.20337855418141548,True,False,0.3942427526351107,0.22556039133871933
12,2019-01-21,2019-02-18,0.010677270712038604,0.17356496290736337,0.0615174314745619,0.08027423662490277,0.13300993146693205,0.11971288083818565,0.0891906588270224,True,False,0.3726759912568804,0.22433971107393708
13,2019-01-22,2019-02-19,0.027041134372917556,0.17465790097125103,0.15482342466355742,0.08262105063173107,0.3272910979242893,0.12230466053312701,0.221096516314628,True,False,0.3703483922417462,0.2396604538756939
14,2019-01-23,2019-02-20,0.05747792779728981,0.1777087097736361,0.32343900234549405,0.09312890431675508,0.6171867715934117,0.12468633852245059,0.4609801561134184,True,False,0.36397369721054074,0.23646013548056793
15,2019-01-24,2019-02-21,0.04433635821178753,0.19109861619765064,0.23200774078830091,0.10118175727745088,0.4381852954995893,0.15005065777030285,0.2954759337320434,True,False,0.3384417924305888,0.23430839505842965
16,2019-01-25,2019-02-22,0.05961212327575431,0.16203810231908197,0.36788954216686265,0.07665843004533472,0.7776329784017301,0.10187835860241762,0.5851303858201313,True,False,0.39922813171639837,0.2382911825247796
17,2019-01-28,2019-02-25,0.0082386027829175,0.16514308506618178,0.04988766426166645,0.08436507841948318,0.097654182717086,0.09416532292329417,0.08749083555555325,True,False,0.39172225741361766,0.20959094213709234
18,2019-01-29,2019-02-26,0.01871694727155728,0.16490594945456782,0.11350073986696196,0.0802652691402993,0.23318861908805266,0.09032131923045618,0.2072262388440177,True,False,0.39228376700251577,0.2101046807634135
19,2019-01-30,2019-02-27,0.020337311049851512,0.16504040580055485,0.12322625451144607,0.0803427563047763,0.2531318563767332,0.09055879798233177,0.2245757618582721,True,False,0.39196300287762814,0.21013862080287635
20,2019-01-31,2019-02-28,0.019085524067352637,0.16718929072753438,0.11415518293247622,0.07556026933499423,0.2525867659727036,0.09263621982991259,0.20602658552340722,True,False,0.38691381725224167,0.21227748895496204
21,2019-02-01,2019-03-01,0.05070067813534995,0.1684329941196233,0.30101393376253627,0.051245608452257445,0.989366302140501,0.0768216373905805,0.6599791394392568,True,False,0.383976923683144,0.19268361458896832
22,2019-02-04,2019-03-04,0.0828422032736576,0.1701150146721445,0.48697761002058454,0.04571083767816045,1.8123098915169877,0.06917309956017406,1.1976072172621484,True,False,0.3801746708791992,0.19133064919670612
23,2019-02-05,2019-03-05,0.08041171621317866,0.17231838184412548,0.4666461891797296,0.04642520940004195,1.732070081155218,0.07080313582013224,1.135708401637125,True,False,0.3753048644520495,0.19116787799254112
24,2019-02-06,2019-03-06,0.08048681434150085,0.1688788391799028,0.4765950235823215,0.042728196498243526,1.8836932269025093,0.06806132947092416,1.1825630643298681,True,False,0.3829628490210912,0.19115674862880275
25,2019-02-07,2019-03-07,0.128365903868853,0.1610822019217659,0.7968968783478482,0.06071570265983818,2.11421260473633,0.08207697682247973,1.5639696884363725,True,False,0.4014561847324465,0.20997116600004503
26,2019-02-08,2019-03-08,0.1223852185343219,0.17384058537737807,0.7040083204312997,0.06601983025467303,1.8537645138168042,0.10066077898011654,1.2158183134912612,True,False,0.37198910296852805,0.21091312694916958
27,2019-02-11,2019-03-11,0.12431300533406295,0.17105089140533217,0.7267603478282004,0.06712133508638563,1.852063955135446,0.09893589419985832,1.2565005485566327,True,False,0.3780707366929745,0.2118227852629627
28,2019-02-12,2019-03-12,0.10055011906806556,0.17288795238045532,0.5815912426725726,0.09179037730097753,1.0954320270235423,0.10543741837996118,0.9536473921024562,True,False,0.3741132309461951,0.20033317838637202
29,2019-02-13,2019-03-13,0.10494659136511873,0.17283876306763785,0.6071936034629539,0.09055268866312093,1.158956105163777,0.10386639046821827,1.0103999079204642,True,False,0.37421407915476956,0.19558410381037775
30,2019-02-14,2019-03-14,0.14852015460981086,0.17814938433778624,0.8336832325404175,0.08866521219190499,1.6750668152505763,0.10059694369831014,1.4763883389461836,True,False,0.36301635568478463,0.19138977688202138
31,2019-02-15,2019-03-15,0.155378646848279,0.17959102452019152,0.8651804691431543,0.09042710428150745,1.7182751574635382,0.10911038080349166,1.4240500830816156,True,False,0.3600941340433559,0.1920141548403452
32,2019-02-18,2019-03-18,0.1627622604853522,0.17803037401795901,0.9142387156302517,0.08794578190090895,1.8507113924888534,0.10784180847040999,1.5092686481608055,True,False,0.36324727112609306,0.19273295052979086
33,2019-02-19,2019-03-19,0.1673509400981512,0.17962541545290292,0.931666266024754,0.09346242072564678,1.7905692876220236,0.11437130776090447,1.4632248539817498,True,False,0.3600126226292245,0.19561492472390993
34,2019-02-20,2019-03-20,0.07979541313562971,0.15186342182075788,0.5254419542173299,0.09187140543986211,0.8685554852849487,0.1271938035553031,0.6273529913030327,True,False,0.42601500033776757,0.180218194515874
35,2019-02-21,2019-03-21,0.023218466247036832,0.12330719605348966,0.1882977392249261,0.07640375747860169,0.3038916803736989,0.08762331624737912,0.26498045544734006,True,False,0.5249790499403824,0.18032342939665516
36,2019-02-22,2019-03-22,0.07459704475145099,0.11154892290932973,0.6687383688328903,0.056153983018991833,1.328437285138287,0.09698808439348607,0.769136180160097,True,False,0.5804483794061657,0.20694715446414283
37,2019-02-25,2019-03-25,0.05811599891058927,0.11952130631277974,0.4862396563714202,0.05958534025654852,0.9753405562570776,0.10411198821377379,0.5582065995249205,True,False,0.5416338306174404,0.2084147231405473
38,2019-02-26,2019-03-26,0.03227109901684764,0.11654306058876353,0.276902793300754,0.06149593286581154,0.5247680214440433,0.10271623185570782,0.3141772087412723,True,False,0.555528248729823,0.21056668019502528
39,2019-02-27,2019-03-27,0.07201505989182391,0.10880768044421764,0.6618564020280152,0.05828118040316577,1.2356486157907698,0.09158244473430728,0.7863413135645054,True,False,0.5950909115113362,0.22665349321595107
40,2019-02-28,2019-03-28,0.06011979508059421,0.10364624078386886,0.5800480039209589,0.052563759225795474,1.1437499137445755,0.08018724159825147,0.7497426508546362,True,False,0.6248665467181035,0.2265439874884755
41,2019-03-01,2019-03-29,0.05828678208391103,0.09508967299659414,0.6129664793988587,0.04168867760506948,1.3981441828421817,0.06875576089884076,0.8477367033966423,True,False,0.6813871477012142,0.22796307621728862
42,2019-03-04,2019-04-01,0.06516098983081868,0.08817242552794523,0.739017776143253,0.03673363884328571,1.7738778918367084,0.06060849928323227,1.0751130716223802,True,False,0.7351529059666915,0.22457201096423324
43,2019-03-05,2019-04-02,0.06128296308203112,0.08815564581271473,0.6951677628478362,0.0366701124145143,1.6711964880089887,0.061006021479373965,1.0045395781587034,True,False,0.7353025966236644,0.2251986727544658
44,2019-03-06,2019-04-03,0.07326549733722354,0.0876830199413737,0.8355722394850228,0.037437254775608594,1.9570210950659244,0.06320988619956615,1.159082886273673,True,False,0.7392548100866301,0.23769406034730484
45,2019-03-07,2019-04-04,0.060755793146572576,0.08738913837616472,0.6952327746390008,0.03578110766183699,1.6979852530214656,0.06395794211123142,0.94993352101464,True,False,0.7417997405173596,0.24040009504694687
46,2019-03-08,2019-04-05,0.0339373214859126,0.08603517342683958,0.3944586863042865,0.03237197480001682,1.0483549951946387,0.06457157655355363,0.5255767831185918,True,False,0.7536004676116613,0.21704228616053248
47,2019-03-11,2019-04-08,0.03916970003680378,0.08602185923957409,0.4553458897896487,0.03171185719429085,1.2351752152773814,0.06537487737955404,0.5991552352655591,True,False,0.7537006035036834,0.22174541603590195
48,2019-03-12,2019-04-09,0.04114762328233526,0.08633872048008336,0.4765836585663463,0.03217572102773802,1.278840752220059,0.06603415307365608,0.6231263878926139,True,False,0.7509029178435449,0.22297246506525076
49,2019-03-13,2019-04-10,0.037246148063584755,0.0859969722243568,0.433109993296201,0.03038327017948848,1.2258768672217961,0.06465183016754036,0.5761035374723988,True,False,0.7539342021968414,0.21422130544668994
50,2019-03-14,2019-04-11,-0.004523281741890252,0.07973280848692224,-0.05673049561062633,0.048687345328591425,-0.09290466981435472,0.07171309774899032,-0.06307469463559658,True,False,0.8136316380091348,0.21535528523200834
51,2019-03-15,2019-04-12,-0.013297477724033332,0.07923271651996527,-0.16782811833395359,0.057222616181019134,-0.23238150597602586,0.07343413878627032,-0.18108032508879243,True,False,0.8188055385148656,0.22108250973440569
52,2019-03-18,2019-04-15,-0.019931610132383128,0.08108913625630176,-0.24579877222251412,0.05815107289939508,-0.34275567308733984,0.07483821292781875,-0.2663293169708249,True,False,0.7999160000822098,0.21983287963499393
53,2019-03-19,2019-04-16,-0.023850358794988664,0.08143906383388477,-0.29286140670326716,0.05739932816663493,-0.4155163406398961,0.07349305343892994,-0.32452534870941846,True,False,0.796433406086304,0.2206549180473196
54,2019-03-20,2019-04-17,-0.029947010855542175,0.0813093342515868,-0.3683096305140112,0.059232073633632615,-0.5055877503254915,0.07301942698462885,-0.4101238819889158,True,False,0.7977037132120964,0.21916008038712934
55,2019-03-21,2019-04-18,-0.016732213115966472,0.08402363351019722,-0.19913698583310882,0.05915322193237644,-0.2828622443439281,0.0754196151392464,-0.22185492573880114,True,False,0.7717375078359391,0.22085913836408952
56,2019-03-22,2019-04-19,0.0017666982682928382,0.0915202774399249,0.01930389983195278,0.07199053113681562,0.024540703345211978,0.08713343981204213,0.02027577784262655,True,False,0.7081401431346299,0.22096164331859916
57,2019-03-25,2019-04-22,-0.04058192569443733,0.09881427885190704,-0.4106888818695673,0.08072168162156511,-0.5027388537901286,0.1008655534710998,-0.40233681666224086,True,False,0.6556167729520553,0.19824521742437431
58,2019-03-26,2019-04-23,-0.010023430967060393,0.09801878626284771,-0.1022603048785108,0.07442260269968658,-0.13468261796093575,0.08775934317983493,-0.1142149724903997,True,False,0.6609000968402114,0.203180897999514
59,2019-03-27,2019-04-24,0.008341454022184391,0.0938755798131247,0.08885648470869074,0.07060987014351794,0.11813439120097498,0.07925399047767948,0.1052496407046358,True,False,0.690246915113556,0.20452274313333932
60,2019-03-28,2019-04-25,-0.00947147599591247,0.09268187052399603,-0.10219340570451947,0.0672171951857708,-0.14090852749412977,0.0669978862675688,-0.14136977334010703,True,False,0.6992087929590101,0.19487728039994948
61,2019-03-29,2019-04-26,0.011545447647716823,0.09554770190127859,0.12083438343337408,0.08194646648019979,0.14089012185176375,0.07288585363840054,0.15840450610616166,True,False,0.6781490809901272,0.2029805402847638
62,2019-04-01,2019-04-29,0.01173845335200429,0.10054964238503093,0.11674286525112318,0.08908824557423482,0.13176208910998202,0.08423585967398527,0.1393522117235482,True,False,0.6442503392851724,0.20136557791100237
63,2019-04-02,2019-04-30,-0.015350234850702993,0.10575388982690855,-0.14515054600665103,0.09756785101554646,-0.15732881980004956,0.10238804114063126,-0.14992214598206108,True,False,0.6124288746934815,0.20108361078589682
64,2019-04-03,2019-05-01,-0.019201548839534056,0.10568082720660944,-0.18169377877781373,0.10502135555841513,-0.1828347076405212,0.1092283820518425,-0.1757926692571581,True,False,0.612880538654773,0.20844975300831295
65,2019-04-04,2019-05-02,-0.054110928445045066,0.10521839568896403,-0.5142725099611128,0.10001079247994214,-0.5410508916414934,0.09997100302030695,-0.5412662353107891,True,False,0.6154660651090583,0.2191811448108775
66,2019-04-05,2019-05-03,-0.0462861576773581,0.1057593632506682,-0.43765541182062345,0.10598290800014463,-0.4367322859011845,0.10745074310051075,-0.43076628734025096,True,False,0.6123809514005658,0.22388306871287028
67,2019-04-08,2019-05-06,-0.045448789384548764,0.09501797646137992,-0.47831779919057144,0.08272745797729548,-0.5493797403641022,0.086420210904588,-0.5259046339834368,True,False,0.6819545341194441,0.22470049912507062
68,2019-04-09,2019-05-07,-0.04713344549164727,0.09455370577514291,-0.49848332336899387,0.07758072716219944,-0.6075406510834129,0.08317910549272053,-0.5666500644897194,True,False,0.6852816923797574,0.21956898028749836
69,2019-04-10,2019-05-08,-0.06434545820451368,0.09267298821087716,-0.6943280825055057,0.07736454281170785,-0.8317176818470909,0.08118171141724265,-0.7926102699880626,True,False,0.6992297795512045,0.2176825123125543
70,2019-04-11,2019-05-09,-0.04918294677800642,0.08429990289609665,-0.5834282732048526,0.06364247300295789,-0.7728006857263476,0.07264622539360362,-0.6770199898415769,True,False,0.7691281050492088,0.2214919543959143
71,2019-04-12,2019-05-10,0.007408940349667,0.07766664586184938,0.09539410730889236,0.039507556676096366,0.18753223365366206,0.04252341810894709,0.17423200389688645,True,False,0.8354342596673354,0.23059251731909014
72,2019-04-15,2019-05-13,0.018322622543638086,0.07660361335302712,0.23918744484282264,0.03890330015788681,0.4709786179906788,0.04253810715355757,0.430734317290978,True,False,0.8470318385452461,0.22970212463859882
73,2019-04-16,2019-05-14,0.020188309082286717,0.07624994459098662,0.2647649016740813,0.037797199986890115,0.5341218156183261,0.04129584863158187,0.4888701831119964,True,False,0.8510070982761878,0.22944756528805146
74,2019-04-17,2019-05-15,0.023146042193577354,0.07662036115612171,0.3020873543837122,0.036571976510339485,0.632890108825089,0.041000012294620754,0.5645374451903309,True,False,0.8469018963605571,0.2300832165051424
75,2019-04-18,2019-05-16,0.012633303333313648,0.07510286757437021,0.16821332848314463,0.037183943174013516,0.33975157702324044,0.042554044922361214,0.2968766742706314,True,False,0.8641036597729451,0.2268952721708299
76,2019-04-19,2019-05-17,0.015654410269455996,0.07520007246613832,0.20817014872565434,0.037076533464458133,0.42221882162911595,0.0430060857278156,0.3640045357425075,True,False,0.8629359630732498,0.23478993209090734
77,2019-04-22,2019-05-20,0.01884898965483562,0.07480287940801662,0.25198214031337907,0.036211855396363186,0.5205198531950576,0.041659350054357454,0.4524552022593081,True,False,0.8675731576443837,0.23781766424031184
78,2019-04-23,2019-05-21,0.017674191003453035,0.07308265632641434,0.2418383771453725,0.03552872985526143,0.4974619434878467,0.03936000328804446,0.4490393680638117,True,False,0.8881751859026381,0.23863259416274907
79,2019-04-24,2019-05-22,0.015365498405806987,0.0728361047594431,0.21095991413262488,0.03405524725674962,0.4511932710387708,0.03808635977596381,0.4034383568340944,True,False,0.8912758671359858,0.23089937653256787
80,2019-04-25,2019-05-23,0.008909693744030202,0.07363842832170515,0.12099244846870315,0.032835800767363935,0.27134083944393095,0.03903679682395855,0.22823834097376405,True,False,0.8815131679079111,0.22727630894351056
81,2019-04-26,2019-05-24,-0.002013598750257871,0.07803270001205384,-0.025804550527494592,0.033810770781395896,-0.059554949612856435,0.04195955460756798,-0.047989040138540724,True,False,0.8314980006532902,0.2212122429424878
82,2019-04-29,2019-05-27,-0.01585497985587454,0.08202977699615381,-0.19328322514661894,0.041189668287336806,-0.38492613597349445,0.048953929062113155,-0.32387553276382797,True,False,0.7906745356650651,0.21264964526959018
83,2019-04-30,2019-05-28,-0.023083749888844797,0.08146737342156696,-0.28334962721080936,0.04403954700778535,-0.5241595669629397,0.051952083192353775,-0.44432770488483947,True,False,0.7961438188192077,0.2162077495547338
84,2019-05-01,2019-05-29,-0.012694716928534059,0.08120970759586553,-0.15632019008993894,0.03772428479563582,-0.3365131240341676,0.049467868938821366,-0.2566255066340953,True,False,0.7986413372308907,0.21410214163481042
85,2019-05-02,2019-05-30,-0.007744692730215461,0.07949438800168035,-0.09742439592153039,0.03688403019714484,-0.20997414568907308,0.04664107928600506,-0.16604874605762612,True,False,0.8159510431133102,0.2047110001692535
86,2019-05-03,2019-05-31,0.0186424978658057,0.07951909163885643,0.23444052845161248,0.023624141858008863,0.7891291026719631,0.03479065151705679,0.5358479089322559,True,False,0.815758332456159,0.18753569298374856
87,2019-05-06,2019-06-03,0.00752940804770568,0.07938933229658401,0.09484155905956218,0.024301191576836478,0.30983698984055563,0.036491326496054785,0.20633418323446567,True,False,0.8171140491910636,0.18429652851451842
88,2019-05-07,2019-06-04,0.0021364745773281312,0.08518565090770838,0.025080216615857347,0.03264322768721081,0.06544924410661676,0.04490336458486351,0.047579387359501256,True,False,0.7611856454811989,0.2016325456532828
89,2019-05-08,2019-06-05,-0.005378359228481632,0.08540321005363369,-0.06297607812521325,0.03550282848856927,-0.15149100670143184,0.04731812957869156,-0.11366381715357639,True,False,0.7592498637531918,0.19846261688587005
90,2019-05-09,2019-06-06,0.007243983781427644,0.08691351974388674,0.08334703050542566,0.039362200733785914,0.18403401350498896,0.04477572949208759,0.1617837132660841,True,False,0.7459634551482567,0.1977162432306538
91,2019-05-10,2019-06-07,-0.0015391840177845619,0.10121197039989561,-0.015207529422687233,0.04907833004562351,-0.03136178464820884,0.06625699573890578,-0.023230513255534775,True,False,0.6400685365516707,0.1940423513968069
92,2019-05-13,2019-06-10,-0.007037922065463339,0.1376435183315842,-0.05113151822019643,0.06362525957596181,-0.11061521968426402,0.10977097615594979,-0.0641145985206935,True,False,0.47016231341216025,0.19027771982664268
93,2019-05-14,2019-06-11,-0.05920165465248806,0.14873271212533343,-0.3980405776679462,0.06138473642112592,-0.9644360814118192,0.11613086458853802,-0.5097839825979492,True,False,0.43500630455803246,0.175518518737271
94,2019-05-15,2019-06-12,-0.05441901226452713,0.15030044109317783,-0.36206821396346,0.06091692172339791,-0.8933316182919505,0.11661465778224701,-0.46665670765113443,True,False,0.43046229958161164,0.17597002272186657
95,2019-05-16,2019-06-13,-0.04881251215354803,0.1534626188035562,-0.3180742811122737,0.0669137417734193,-0.7294841217942206,0.12560370939444987,-0.3886231735422373,True,False,0.42158542900271134,0.1799858118459626
96,2019-05-17,2019-06-14,-0.034448505171276664,0.1583945722889609,-0.21748538900961764,0.07574636422641513,-0.4547875732795026,0.12891300879888543,-0.2672228775997237,True,False,0.408439635407253,0.18484157422769573
97,2019-05-20,2019-06-17,-0.06789539749547654,0.16077999066634394,-0.4222876068973991,0.06675573649697071,-1.017072105834044,0.13000148580471044,-0.5222663193055325,True,False,0.4023507245310864,0.16617018635023362
98,2019-05-21,2019-06-18,-0.08094137342232273,0.15925828006749984,-0.5082396556588243,0.06480350396293309,-1.2490277295595054,0.123389521254767,-0.6559825550761318,True,False,0.40619311867241564,0.16521810965826697
99,2019-05-22,2019-06-19,-0.08164136586109574,0.17018481477931238,-0.47972180107234835,0.0706249222555291,-1.155985213912277,0.13599447498215655,-0.6003285491694252,True,False,0.38006713085155835,0.16574715912600047
100,2019-05-23,2019-06-20,-0.14435616773991705,0.17066611456038047,-0.8458396566404801,0.11075418211959967,-1.3033924767195855,0.1517817505728924,-0.951077235537554,True,False,0.3788600437325838,0.24616380828705736
101,2019-05-24,2019-06-21,-0.16521849776442032,0.17367499484107038,-0.9513084938658638,0.13217351995262785,-1.250012088833195,0.17016403418560613,-0.9709366527136312,True,False,0.37228484548469337,0.24663343063871618
102,2019-05-27,2019-06-24,-0.178794139666658,0.16303492293961933,-1.0966616013482902,0.11952809209297444,-1.495833628194983,0.14295470787655548,-1.2507048023983278,True,False,0.3965781192510304,0.24706165169918354
103,2019-05-28,2019-06-25,-0.1683224937502913,0.16046074891361867,-1.0489948158032396,0.10782331098505692,-1.5610955758316387,0.13214069232041742,-1.2738127127572445,True,False,0.4029494494382974,0.24688629366391768
104,2019-05-29,2019-06-26,-0.13579615866061936,0.16258304585630984,-0.8352418171611534,0.11901849505644894,-1.1409668606229055,0.1267052223449433,-1.0717487104906127,True,False,0.39767081934455656,0.23940018058730672
105,2019-05-30,2019-06-27,-0.18630120287565896,0.16842558400683896,-1.1061336315039534,0.11037779675404258,-1.6878503499286028,0.1364666838631966,-1.3651771817245875,True,False,0.3837912560991498,0.23415706265247455
106,2019-05-31,2019-06-28,-0.21833015824302487,0.18453259106761707,-1.1831522929357425,0.11605973722869632,-1.8811877698189523,0.1563748504028174,-1.3961973915921408,True,False,0.35022820043617114,0.2338191617687895
107,2019-06-03,2019-07-01,-0.3194413787313237,0.15761137334772038,-2.0267660381752775,0.07111598560228595,-4.491836484103451,0.08641314748062469,-3.6966756569415313,True,False,0.40987421750196446,0.22410694157234437
108,2019-06-04,2019-07-02,-0.31302781915792083,0.14809151339092536,-2.113745831819572,0.06471896087865286,-4.836725047932144,0.08503077315791917,-3.681347440844334,True,False,0.43631992270172915,0.2249195407994104
109,2019-06-05,2019-07-03,-0.2776345203490406,0.15674990808584863,-1.771194150857084,0.0822488343828609,-3.3755435251115777,0.09362591436966575,-2.9653597747825318,True,False,0.4123600184088483,0.21688024645435275
110,2019-06-06,2019-07-04,-0.29205160728369817,0.1629017718915683,-1.7928080455631594,0.08423739896696575,-3.4670064705847357,0.10678189758797915,-2.735029193905012,True,False,0.39676308670142124,0.2171849094398334
111,2019-06-07,2019-07-05,-0.31946629909903346,0.1609379430762084,-1.9850278498200866,0.08866517275495932,-3.6030640799847165,0.11172584720694069,-2.85937683253645,True,False,0.40156060688628026,0.22754606388402138
112,2019-06-10,2019-07-08,-0.32961831557522486,0.16095846997245372,-2.0478469733940403,0.08878970698313168,-3.7123482752099397,0.11108149550886869,-2.9673557604282372,True,False,0.4014875142302881,0.22437293057881322
113,2019-06-11,2019-07-09,-0.34234507421944876,0.16146772954876737,-2.120207394853173,0.08978880791349197,-3.8127811491749055,0.10964918711480715,-3.122185245760186,True,False,0.4001931363590143,0.22155883302555524
114,2019-06-12,2019-07-10,-0.35317541398169094,0.1628625373707667,-2.168549131576313,0.09599917950264279,-3.6789420056654576,0.11470494748663837,-3.078990241661819,True,False,0.3967393100030255,0.2206372717947911
115,2019-06-13,2019-07-11,-0.34793515440121536,0.1627142682894854,-2.1383198785136837,0.08847054433251303,-3.9327796276861924,0.1098847273231376,-3.1663649979131656,True,False,0.39710900858830467,0.2246157919754854
116,2019-06-14,2019-07-12,-0.3421421944126902,0.16179798740815055,-2.114625774359013,0.08172355881584843,-4.186579725237559,0.10598674814038121,-3.2281601277125436,True,False,0.39936200795897087,0.22047050432402948
117,2019-06-17,2019-07-15,-0.3219201806797568,0.15792947151751724,-2.038379395476227,0.06641045870531702,-4.847431970139109,0.09022571316108348,-3.5679427671025463,True,False,0.40916267866140504,0.21129571773797517
118,2019-06-18,2019-07-16,-0.2712456482307286,0.15387972615489634,-1.7627120544631782,0.08645564635960454,-3.1373965686695184,0.0940582207686392,-2.883805859967607,True,False,0.42008355579276874,0.22283315490545438
119,2019-06-19,2019-07-17,-0.2738056367872719,0.15289321820346,-1.7908291813369366,0.08499010354664947,-3.221617875038652,0.09227917101994991,-2.9671445220078714,True,False,0.4227845737706947,0.22326859053468273
120,2019-06-20,2019-07-18,-0.25799071978241284,0.14853679299683792,-1.7368809072638656,0.08423659658181366,-3.062691635836009,0.0852113913030322,-3.027655291590485,True,False,0.43523514939596936,0.22322049255447343
121,2019-06-21,2019-07-19,-0.19746245067408913,0.14936688826248598,-1.3219961463419099,0.04967527265666231,-3.9750652611185218,0.058291396811057515,-3.387505900984547,True,False,0.432984833867308,0.12196809990818581
122,2019-06-24,2019-07-22,-0.19994823392392394,0.15097525476420579,-1.3243775229007198,0.04807905969554654,-4.158738444347004,0.058197224028990725,-3.4357005382992236,True,False,0.4283606670426061,0.12432302098892217
123,2019-06-25,2019-07-23,-0.16112495865097176,0.1597515009517703,-1.0085974635043717,0.04893157856255709,-3.292862470091372,0.06454474187283395,-2.4963297392748145,True,False,0.40483611796091373,0.12979040413947746
124,2019-06-26,2019-07-24,-0.1653414893746464,0.16020826047232983,-1.0320409752105333,0.04838307741285296,-3.417341314687095,0.06483184632929018,-2.5503128282796923,True,False,0.40367713336681127,0.13049852475975868
125,2019-06-27,2019-07-25,-0.1701411405607524,0.1606661546071467,-1.0589731295727685,0.0449853830383709,-3.7821427554729987,0.06179717642172876,-2.753218681054955,True,False,0.4025122076189194,0.12887804081012977
126,2019-06-28,2019-07-26,-0.18519313151100086,0.15841029435808515,-1.1690725799194168,0.041323169873098975,-4.481580964861071,0.060059715078259496,-3.0834833510230446,True,False,0.4082137427097841,0.13442208751102247
127,2019-07-01,2019-07-29,-0.1808873293609878,0.14997666809206514,-1.2061031336550814,0.03627954115934812,-4.985932114369608,0.0529180899869251,-3.418251289978174,True,False,0.431201892629747,0.13209651061762848
128,2019-07-02,2019-07-30,-0.17768926204187047,0.18280837255713622,-0.9719973957228584,0.057231093139406566,-3.104767920630931,0.079511838988511,-2.2347522620819467,True,False,0.3537065061244553,0.13076822676851838
129,2019-07-03,2019-07-31,-0.18675803638683558,0.2272563744476909,-0.8217944902127395,0.09904426131022782,-1.8856017897076283,0.1346945438474591,-1.3865300779988394,True,False,0.28449018874304,0.1339672822117456
130,2019-07-04,2019-08-01,0.0239851686409284,0.16355674023108646,0.14664738736563332,0.11651359315303164,0.20585725658143358,0.2285521860555445,0.10494394761596959,True,False,0.39549830175443207,0.16587966906093568
131,2019-07-05,2019-08-02,-0.03750834146655171,0.10771202509609074,-0.34822798506564356,0.04833248883088954,-0.7760482105067996,0.09910244610173226,-0.378480480976706,True,False,0.6012362116515808,0.1660557408978053
132,2019-07-08,2019-08-05,-0.012875840407100677,0.07242181450871701,-0.17778953060546257,0.02650196780176925,-0.4858446928699799,0.03589960545029261,-0.3586624489488847,True,False,0.8964786873374292,0.17194397375724776
133,2019-07-09,2019-08-06,-0.04522716558672286,0.06194762769256001,-0.7300871279717254,0.02490326535330136,-1.8161138688074578,0.04324998111730906,-1.04571526780673,True,False,1.0496166302765217,0.16913670606728215
134,2019-07-10,2019-08-07,-0.04853688683057788,0.059840683001556434,-0.8111018189634542,0.025506761601194902,-1.902902751414123,0.040894188459195784,-1.1868895962810946,True,False,1.087053033833851,0.16921860266466668
135,2019-07-11,2019-08-08,-0.03561932974882911,0.05796279566926615,-0.6145205616387426,0.02297333290425413,-1.5504641793717808,0.04206108329196469,-0.8468476549112988,True,False,1.1228700259027473,0.18490640383855664
136,2019-07-12,2019-08-09,-0.04088487519846895,0.05833217638667282,-0.7008974759907971,0.021548765858977813,-1.8973186430273072,0.04133574377668591,-0.989092525329827,True,False,1.1156103412428497,0.1750739067604838
137,2019-07-15,2019-08-12,-0.03824489691358709,0.05778527428478948,-0.6618450355552624,0.022533909347246882,-1.6972153532808865,0.0407795708334067,-0.9378445170456968,True,False,1.1263204101988242,0.17793086747601558
138,2019-07-16,2019-08-13,-0.037798403605524146,0.05651717845549932,-0.6687949511719871,0.02218867605705945,-1.703499726992426,0.03772172856687067,-1.002032649127347,True,False,1.151928041300679,0.17600303738268097
139,2019-07-17,2019-08-14,-0.04120582232987103,0.056348344976728824,-0.7312694338562833,0.020783579313621514,-1.9826143374093808,0.03699148330873008,-1.1139272785026804,True,False,1.1553878108510733,0.17753336785798643
140,2019-07-18,2019-08-15,-0.04232045883185297,0.05599399574915843,-0.755803515459763,0.020635184545461517,-2.050888313531506,0.035991686870206194,-1.1758398261373437,True,False,1.1627588254478942,0.17169803049262175
141,2019-07-19,2019-08-16,-0.036385079094120795,0.05347692946021269,-0.6803883368283442,0.02085300470811617,-1.7448362767577281,0.03318806530274661,-1.0963302248025169,True,False,1.2183987114286294,0.17704103575013436
142,2019-07-22,2019-08-19,-0.044020339003563266,0.05280027457339538,-0.8337142062087669,0.020092831066220784,-2.1908480123325376,0.031842185022972876,-1.3824534645409645,True,False,1.2340540890443745,0.17954116717120217
143,2019-07-23,2019-08-20,-0.04231836918774402,0.05290300775257732,-0.7999236902684869,0.019982674757738204,-2.1177529885660786,0.03237141070256029,-1.3072760274978383,True,False,1.2317033627586755,0.18130704805829198
144,2019-07-24,2019-08-21,-0.035926405135652095,0.0523531232267485,-0.6862323185581487,0.020138047576187236,-1.784006369025278,0.033190103284376715,-1.0824433063021957,True,False,1.2450586269748416,0.1861070941027394
145,2019-07-25,2019-08-22,-0.03536672509135597,0.05234075027215021,-0.6757015309766035,0.020431488644387406,-1.730991104315413,0.03280680704199218,-1.0780300882706184,True,False,1.2452934824717115,0.1845064114963793
146,2019-07-26,2019-08-23,-0.033867870601997925,0.05209271286158536,-0.650146032747184,0.020744580041908746,-1.6326129781165568,0.03266550495873632,-1.0368084205274175,True,False,1.2513599638717325,0.1866363977770607
147,2019-07-29,2019-08-26,-0.024684072881409103,0.05104977754303595,-0.4835294896358746,0.023637785761449166,-1.04426333035247,0.03376381973527278,-0.7310805790027916,True,False,1.2775183709406348,0.19119589369785042
148,2019-07-30,2019-08-27,-0.02720045334328379,0.05007483702899572,-0.5431960433048125,0.02226343458000258,-1.2217545880237064,0.031551822386959354,-0.862088186529789,True,False,1.3027737129950665,0.19090578827041282
149,2019-07-31,2019-08-28,-0.02755492111287476,0.05006873817549671,-0.5503418323883374,0.022340747324706613,-1.2333929887117876,0.03139566288180636,-0.877666485864922,True,False,1.3028976093044657,0.19044300159135127
150,2019-08-01,2019-08-29,-0.028708546442963122,0.050096076435644926,-0.5730697588631132,0.022913762463952964,-1.252895350038052,0.031147707163629995,-0.9216905209795029,True,False,1.3020445778249052,0.18515876261793787
151,2019-08-02,2019-08-30,-0.038551966963059556,0.0507762955813802,-0.7592512711225957,0.023250357725536516,-1.65812360472703,0.028749011735003754,-1.3409840768933312,True,False,1.2842971194995487,0.1640275362195253
152,2019-08-05,2019-09-02,-0.029965004740290502,0.05425681371262339,-0.5522809521952972,0.0230155776205266,-1.3019445018649458,0.029945147745818402,-1.0006631122558036,True,False,1.2005296445074083,0.16488994390460074
153,2019-08-06,2019-09-03,-0.028768875475970766,0.06851678178742043,-0.41988071718296444,0.03066113956821292,-0.9382846130675486,0.0453659195059036,-0.6341517110047111,True,False,0.9477757106826428,0.1541486001216901
154,2019-08-07,2019-09-04,0.044855569456390035,0.06666623503958387,0.6728378980717377,0.03568580191825139,1.256958427307999,0.050609428934821635,0.8863085476455025,True,False,0.9744789655780731,0.20361960182812638
155,2019-08-08,2019-09-05,0.06898665267666723,0.0708011763098075,0.9743715609299993,0.03471297067225403,1.987345114539795,0.041765205166032486,1.6517733458370238,True,False,0.9168885108167921,0.20804865856778346
156,2019-08-09,2019-09-06,0.06938512111992579,0.06961765359281986,0.9966598633982392,0.038427742536592376,1.8055997188451702,0.04010735195535866,1.7299850959284133,True,False,0.9326139957981014,0.2094529340169295
157,2019-08-12,2019-09-09,0.07328947021703501,0.06993790369385298,1.0479220329201346,0.03777806749785381,1.9400005101160511,0.039458621641685884,1.8573753255387075,True,False,0.9282690151136016,0.20997217878119948
158,2019-08-13,2019-09-10,0.0778493017769491,0.07581414536168837,1.0268440197479185,0.03939575284355719,1.9760836170866736,0.04499230310581419,1.7302804347192646,True,False,0.8557199633545487,0.20246173967931527
159,2019-08-14,2019-09-11,0.08158624962763533,0.0758643527602318,1.0754227335925148,0.04093773108931639,1.9929353058095365,0.045990640878093444,1.7739750538352905,True,False,0.8550987207139741,0.20587004923279542
160,2019-08-15,2019-09-12,0.07133618080722623,0.07587858694315261,0.9401358628445532,0.03763401531641226,1.8955240414146401,0.04109293079769716,1.7359720862553785,True,False,0.8550987207139741,0.21502225759654867
161,2019-08-16,2019-09-13,0.07828565440700287,0.07990313122143947,0.9797570284204007,0.035284894307094916,2.218673342922883,0.041564983872737826,1.8834520577872729,True,False,0.8116892179877273,0.21336055537577153
162,2019-08-19,2019-09-16,0.08976626432979738,0.08270299936372703,1.0854051850647661,0.03422114196969636,2.623122992484808,0.04370093766740146,2.054103850425117,True,False,0.7839621056536338,0.2180250291036591
163,2019-08-20,2019-09-17,0.09755006606947862,0.08264495352490171,1.180351151629432,0.026805579567204106,3.639170189359698,0.03368002562191822,2.8963774304849452,True,False,0.7844833633319438,0.20934162272790632
164,2019-08-21,2019-09-18,0.09586040013843936,0.08225177087661328,1.1654508968839166,0.02678345711696778,3.57908987326771,0.03356866787562089,2.8556510044909342,True,False,0.7882661349167461,0.20935566516648965
165,2019-08-22,2019-09-19,0.09437894853044312,0.08267279460850488,1.1415962043786287,0.029377045500160084,3.2126766638234203,0.03682052001161536,2.563216068123711,True,False,0.7842348067319519,0.20766762054903387
166,2019-08-23,2019-09-20,0.08997261220564418,0.08354070618982049,1.0769912813665852,0.03203775428958515,2.8083308022276867,0.040239835326976385,2.2359090556547936,True,False,0.7760607127589199,0.20555257066647747
167,2019-08-26,2019-09-23,0.08919967118985977,0.08249185733506623,1.081314860296425,0.032105370736648764,2.7783411044070894,0.04003043255081349,2.2282964611144847,True,False,0.7859917221783005,0.2066159179445767
168,2019-08-27,2019-09-24,0.09831403055040874,0.09613170448292589,1.022701418634166,0.0323483503128815,3.039228572693517,0.050064582686346115,1.9637441335793153,True,False,0.6738805613864575,0.19426058573442606
169,2019-08-28,2019-09-25,0.13037808463289438,0.09634701293460304,1.3532135627431483,0.02284486738756349,5.707106214320634,0.02742401859444763,4.754156805424979,True,False,0.6722266884684975,0.21096761715692525
170,2019-08-29,2019-09-26,0.1293581117698838,0.09682949117898794,1.3359371219948597,0.023498044322654715,5.505058633546293,0.028643410669089535,4.516156028495597,True,False,0.6688690667037505,0.2100104877972194
171,2019-08-30,2019-09-27,0.12428046965722088,0.09775755992988679,1.271313131653007,0.024884029369344217,4.994386874110015,0.03336641933573803,3.724717009838297,True,False,0.6625189624347825,0.20665125264364242
172,2019-09-02,2019-09-30,0.1281468099974427,0.09723202160428347,1.317948633413967,0.025687293414739795,4.988723721429909,0.03154698279885197,4.062094014331732,True,False,0.6660943127467209,0.21051239553991344
173,2019-09-03,2019-10-01,0.12690924126825115,0.0968643601651382,1.3101747748283397,0.024685890740228117,5.140962609116628,0.03167579499271588,4.006505323621239,True,False,0.6686386689108111,0.21054999849503475
174,2019-09-04,2019-10-02,0.12174373747740917,0.09818658159720746,1.2399223549388922,0.02728089681409707,4.462600269595961,0.036084318189432696,3.373868305846551,True,False,0.6596237547800987,0.20821189062208964
175,2019-09-05,2019-10-03,0.08715503480610903,0.1455199995106515,0.5989213516986689,0.04394348028890784,1.983343927998088,0.06172245468573402,1.4120474509620122,True,False,0.444615386029485,0.17971281230698893
176,2019-09-06,2019-10-04,0.049552369369913675,0.13006014291245874,0.3809958090178828,0.05745919718971316,0.862392302598773,0.06967890952692063,0.7111530548676137,True,False,0.49762829548450704,0.1776030985276502
177,2019-09-09,2019-10-07,0.00845215715537975,0.15228257883200716,0.055503112832780935,0.050228273613030325,0.1682748887707555,0.0569825036399944,0.14832898899597352,True,False,0.42486198161323496,0.16385177308406468
178,2019-09-10,2019-10-08,0.009451505641563355,0.15372661367075663,0.0614825593036615,0.046304748646697404,0.2041152563785154,0.053076395499613106,0.1780736154479867,True,False,0.42085384195317815,0.1656887725114686
179,2019-09-11,2019-10-09,0.01868193553013864,0.1584308204514787,0.11791856834990137,0.04941844423133049,0.3780356872969829,0.06634956373336685,0.2815683250791835,True,False,0.4083395392895944,0.16652292536936278
180,2019-09-12,2019-10-10,0.03503860093816139,0.15758503272955937,0.22234726440228067,0.059425511348510464,0.5896222033778032,0.10345433660340067,0.33868663304549795,True,False,0.41054112256943004,0.1800317528238663
181,2019-09-13,2019-10-11,0.03750648850015558,0.15758382485675998,0.2380097610541444,0.06058894191107015,0.6190319110574005,0.10519184501380278,0.35655319568959126,True,False,0.41054367567792516,0.17826184829369862
182,2019-09-16,2019-10-14,0.024027532788294458,0.149393236528735,0.16083414046440372,0.052018339028575306,0.4619050365121305,0.07291771522879334,0.32951571113965183,True,False,0.4331010155271344,0.17774571684936932
183,2019-09-17,2019-10-15,0.012414570406880591,0.15022869399239533,0.08263781090654376,0.05269366242509796,0.2355989285149316,0.07209531954019192,0.17219662089103688,True,False,0.4306886915028511,0.170590142972885
184,2019-09-18,2019-10-16,0.02364065254663943,0.15152518069969978,0.15601797956929458,0.05795863953951611,0.4078883275119194,0.08154441887424278,0.28991134982637956,True,False,0.426993109200952,0.17307832318543562
185,2019-09-19,2019-10-17,0.046019733797245194,0.1521557429632691,0.3024515072582867,0.07023940690157006,0.655183974741343,0.10435510789723731,0.4409916747205387,True,False,0.42520229936288784,0.18604702389967465
186,2019-09-20,2019-10-18,0.04113373052180342,0.14799266916474196,0.27794437896119245,0.06898792515366958,0.5962453636658682,0.09516915273181968,0.4322170508096833,True,False,0.4371814878450131,0.18461672820329517
187,2019-09-23,2019-10-21,0.04987864814479409,0.14877634636033504,0.33525926240982173,0.07410087756380881,0.6731181840841658,0.10563873921231964,0.472162471047148,True,False,0.43485447788323034,0.1826800006922823
188,2019-09-24,2019-10-22,0.03905581903321818,0.15577802697551577,0.25071455706238166,0.07909577624901111,0.4937788196206807,0.11338245467412277,0.3444608704712747,True,False,0.41527033944559133,0.1795914488983345
189,2019-09-25,2019-10-23,0.03968403030772952,0.158076851405095,0.25104264131649107,0.08125631971922494,0.4883808477279636,0.11613512937895744,0.341705653749587,True,False,0.4092292779021201,0.18136156524179742
190,2019-09-26,2019-10-24,-0.027972503293731594,0.16679439279955585,-0.167706496748649,0.030205185160537558,-0.9260828279999119,0.06765569417736977,-0.41345379178872055,True,False,0.38778514226490524,0.15711685160793418
191,2019-09-27,2019-10-25,-0.039748026126757964,0.16158389040677065,-0.24599003048321488,0.030853363129041612,-1.2882882802926594,0.061626906922752814,-0.6449784373663395,True,False,0.4003031248553494,0.1545802953948793
192,2019-09-30,2019-10-28,-0.03254431802272574,0.1621163745261478,-0.20074664337794365,0.0331423200249453,-0.9819565437250785,0.0647503623476709,-0.5026121374886233,True,False,0.3989760075126024,0.15398454271373033
193,2019-10-01,2019-10-29,-0.054997563037453484,0.16272843994469588,-0.3379714268516597,0.027799553207864553,-1.9783614012146986,0.056146014917958204,-0.9795452645716198,True,False,0.3974335314068803,0.14237993319478542
194,2019-10-02,2019-10-30,-0.03403097307915844,0.161436140278034,-0.21080145387859542,0.038135840657035056,-0.8923619485724023,0.06716064228690198,-0.5067100599452626,True,False,0.4006486064129986,0.15048816260954906
195,2019-10-03,2019-10-31,-0.07526123336046586,0.16270838681181135,-0.46255288270734973,0.033287701248566115,-2.2609321322152813,0.06935098108196695,-1.0852223311954807,True,False,0.397459903729018,0.15244588826134833
196,2019-10-04,2019-11-01,-0.058301313287556444,0.16507700331126932,-0.35317646987826307,0.03549961223153203,-1.6423084541687225,0.07215878414599418,-0.8079586425624798,True,False,0.3917757691903533,0.1480720201291188
197,2019-10-07,2019-11-04,-0.009148337529065867,0.21968114819273118,-0.041643707729713,0.06608648238616498,-0.13842978471163184,0.12480620104639158,-0.07330034447299096,True,False,0.2943018764925537,0.15359714109340813
198,2019-10-08,2019-11-05,-0.015032593933838377,0.2285337321390829,-0.06577844676640436,0.06439009328235361,-0.2334612852309398,0.13652504074642166,-0.11010869399233182,True,False,0.2829126003911926,0.16480316864922928
199,2019-10-09,2019-11-06,-0.05085643754635935,0.23403078220219092,-0.2173066169664037,0.06009137571881772,-0.846318409888452,0.13550800265455168,-0.3753020969249088,True,False,0.276246782852175,0.15756361838000663
200,2019-10-10,2019-11-07,-0.05664791914583289,0.23380528443546564,-0.24228673565959846,0.05990329160433828,-0.9456562006641113,0.13627413559769863,-0.41569090787019125,True,False,0.2765198364918487,0.15852610878618106
201,2019-10-11,2019-11-08,-0.05024610664041994,0.23265123604816293,-0.21597180180043446,0.07542313343011242,-0.6661895940318936,0.13546759418459933,-0.3709086807281042,True,False,0.27792634003072186,0.15452007499147535
202,2019-10-14,2019-11-11,-0.019974166347363525,0.22665745537626156,-0.08812490334458892,0.07831736229569196,-0.255041356882652,0.12949820451338084,-0.15424280531472254,True,False,0.28529591875573235,0.13193854959319248
203,2019-10-15,2019-11-12,0.023256019934718753,0.2471225933001374,0.09410721870530736,0.11457598204616729,0.20297465070251777,0.1574600153587093,0.14769476480577795,True,False,0.2616516233045368,0.14084070183167308
204,2019-10-16,2019-11-13,0.0743063480670001,0.2268004411948786,0.3276287633107039,0.12092740238651986,0.6144707204533755,0.14340485557229418,0.5181578250643005,True,False,0.28510848638969366,0.14944940445496493
205,2019-10-17,2019-11-14,0.05275000886079912,0.225757961999383,0.23365735761267764,0.10904269447538475,0.48375555203019016,0.13632538294615423,0.386941945225522,True,False,0.28642891561071837,0.14594642348402212
206,2019-10-18,2019-11-15,0.07696180237327081,0.2117111586101987,0.3635226545378858,0.1190216398903183,0.646620248588351,0.13848039121727665,0.5557595678114257,True,False,0.30544501652474076,0.14407284697315692
207,2019-10-21,2019-11-18,0.07448960025214417,0.2233796648818932,0.3334663443582871,0.13330943226189151,0.5587721662920782,0.15558189846380002,0.4787806357143535,True,False,0.2894756334202721,0.14263733556769367
208,2019-10-22,2019-11-19,0.06186197279428391,0.22337536852997378,0.27694178279993714,0.13280306688988186,0.46581735078135544,0.16007452184213047,0.3864573330120189,True,False,0.2894756334202721,0.1443913132562587
209,2019-10-23,2019-11-20,0.0850614447097958,0.22336128836189612,0.38082447201852143,0.14105257569347496,0.6030477947077341,0.1625960752550367,0.5231457436864602,True,False,0.2894756334202721,0.1515608620721838
210,2019-10-24,2019-11-21,0.0925754618358128,0.22568896698466825,0.41019046288648103,0.13870125180879725,0.6674450347674593,0.16239847819019948,0.5700512890729761,True,False,0.28649477732108397,0.15315309807270958
211,2019-10-25,2019-11-22,0.03506778765666068,0.20989863800586459,0.16707010578925663,0.12870669147239358,0.272462816466558,0.15941091591082243,0.2199836031070688,True,False,0.30807260037680667,0.1551792093904581
212,2019-10-28,2019-11-25,0.03484387296345989,0.23278198264872116,0.14968457853562026,0.1572084174060013,0.22164126793206784,0.20723053722302964,0.168140629418721,True,False,0.2777565771445545,0.15454141716377603
213,2019-10-29,2019-11-26,0.02235799571190469,0.2187493984679252,0.10220826145578178,0.14644707287481665,0.15266946121221805,0.17887417807303846,0.12499286343485198,True,False,0.2955812395832122,0.15329733886684793
214,2019-10-30,2019-11-27,0.01179460977171807,0.20835287845794023,0.056608816057700996,0.13711185552072314,0.0860218084492003,0.1617560712606446,0.07291602522116715,True,False,0.31033026805803354,0.15228935493663115
215,2019-10-31,2019-11-28,-0.004251476478249331,0.21483584270427092,-0.019789418863879422,0.15429252780665545,-0.02755464920230533,0.17204357935880213,-0.02471162535733314,True,False,0.30096831322738393,0.15039956339408217
216,2019-11-01,2019-11-29,0.08385823342424822,0.22785558493270278,0.36803238090045404,0.1269052770946418,0.6607939034852703,0.14273866687655856,0.5874948621789318,True,False,0.28372281055236576,0.13909264641856167
217,2019-11-04,2019-12-02,0.02065442145946233,0.21534358290324093,0.09591380054609223,0.14709227259989688,0.14041812730464814,0.15157309168733513,0.13626707240404026,True,False,0.300236071561151,0.137437646383076
218,2019-11-05,2019-12-03,-0.05834922263777914,0.18518015959553516,-0.3150943533325802,0.14137281023766998,-0.41273298974311184,0.13659613977171509,-0.4271659706877126,True,False,0.34922117538891656,0.13882691069507105
219,2019-11-06,2019-12-04,-0.053794323873811445,0.18524332508363978,-0.2903981768278161,0.1378128452921631,-0.39034332220459955,0.13119426398616343,-0.4100356390541962,True,False,0.34913412337006094,0.14009418323766767
220,2019-11-07,2019-12-05,-0.03864465304919268,0.1848612684429309,-0.2090467807274772,0.13308331796469058,-0.29037939270078766,0.1305443036144148,-0.29602711094416156,True,False,0.3498718772214996,0.1535014937617285
221,2019-11-08,2019-12-06,-0.03467583698767235,0.1861053519149788,-0.18632369585756897,0.13409986317927441,-0.2585821951310657,0.13484892708225427,-0.25714581300688444,True,False,0.3475272679705258,0.15575541142879712
222,2019-11-11,2019-12-09,-0.03842867545407814,0.18623074597346168,-0.2063497907029504,0.13268489822392798,-0.2896235816469732,0.13007455176339075,-0.2954357707415435,True,False,0.3473009906263366,0.15587616044611552
223,2019-11-12,2019-12-10,-0.047665593181177725,0.18453353810649079,-0.25830314462225734,0.1298132261796066,-0.3671859531110389,0.12618826484736298,-0.37773396154415717,True,False,0.3504974479969671,0.15648235517595843
224,2019-11-13,2019-12-11,-0.05560656702529566,0.18429719080987236,-0.3017222714081486,0.12653472356267656,-0.4394569763907692,0.12299752909698074,-0.45209499274941656,True,False,0.3509397614994419,0.14986939933101884
225,2019-11-14,2019-12-12,-0.11832663269415374,0.1923366950728276,-0.615205708142951,0.10298650226443454,-1.1489528248112644,0.1149117603808209,-1.0297173440039196,True,False,0.336204547099841,0.1467402373869325
226,2019-11-15,2019-12-13,-0.08675071393227553,0.1716871964647044,-0.5052835372619636,0.07990286422315618,-1.0857021807127512,0.09204278032623035,-0.9425042749121878,True,False,0.3767125988881428,0.1487997751653219
227,2019-11-18,2019-12-16,-0.11187038770925666,0.16113565173668434,-0.694262172917926,0.05537364713196923,-2.020282092718971,0.07175485583984242,-1.5590636536007056,True,False,0.40141701942160823,0.13725525736614547
228,2019-11-19,2019-12-17,-0.10931687696389243,0.15711051185436964,-0.6957960716544636,0.05939521530118973,-1.840499717183494,0.06957769410895709,-1.5711483164806337,True,False,0.4117189727248294,0.13729276028357923
229,2019-11-20,2019-12-18,-0.10640103056297137,0.1572165812894914,-0.6767799534264735,0.05877671116173239,-1.8102583227257132,0.06864314874643605,-1.5500604576869108,True,False,0.4114388380531042,0.13385786846024592
230,2019-11-21,2019-12-19,-0.13250035754190922,0.15722761078622288,-0.8427295745278832,0.06307633691886726,-2.100634945119586,0.06134102729797466,-2.160060947435161,True,False,0.41136240457931916,0.1170342584349365
231,2019-11-22,2019-12-20,-0.14180988340336206,0.1565908584382961,-0.905607676065213,0.06078394022547135,-2.333015643232964,0.06433593729643446,-2.204209487925208,True,False,0.41304828666343846,0.12394628789604788
232,2019-11-25,2019-12-23,-0.11649393522384902,0.1617891690134734,-0.7200354383064276,0.04973372678115047,-2.3423528209834714,0.05732492008386505,-2.032169169244738,True,False,0.39977123345547116,0.11801477936700847
233,2019-11-26,2019-12-24,-0.11494320710814251,0.16181816069939867,-0.7103232826979577,0.048222894941974716,-2.3835816420074014,0.05583484630882977,-2.0586285215576083,True,False,0.399692568784184,0.11489723839736864
234,2019-11-27,2019-12-25,-0.10011054289694117,0.16489359098770118,-0.6071220979377425,0.043051102153825724,-2.3253886169798066,0.055154805750642896,-1.8150828660252196,True,False,0.3922276522169722,0.11384581136721424
235,2019-11-28,2019-12-26,-0.08562372009712131,0.16998991211180992,-0.5036988314977349,0.03537623334597487,-2.4203741325350467,0.0484229229570455,-1.7682476576863297,True,False,0.38042547938894533,0.11250680417332892
236,2019-11-29,2019-12-27,-0.13915855527001092,0.16139631885366643,-0.8622164139702724,0.07243312874122002,-1.9212003911522189,0.07807933579816542,-1.7822712481793503,True,False,0.4005936633680463,0.12881041310440985
237,2019-12-02,2019-12-30,-0.16447938498807602,0.15176497895016736,-1.0837769433097175,0.07905070895344384,-2.080681971934554,0.07447323436342963,-2.2085704534519888,True,False,0.4259559470966691,0.13141576540018893
238,2019-12-03,2019-12-31,-0.18218843157210476,0.14762930928524978,-1.2340939103093664,0.08632863549631262,-2.1104055511208286,0.07552490833092891,-2.412295964316915,True,False,0.4378355265222122,0.13616098614682137
239,2019-12-04,2020-01-01,-0.20067691793608286,0.16018815854849816,-1.2527575056387605,0.09929919301616362,-2.0209320120397885,0.0913353965869913,-2.197142897879143,True,False,0.4034745532924009,0.13758462998296433
240,2019-12-05,2020-01-02,-0.23156184904050278,0.1580114926216446,-1.465474727176795,0.12415708319943392,-1.8650715937691953,0.10961109286352134,-2.112576774768813,True,False,0.409078133241617,0.1567186734809332
241,2019-12-06,2020-01-03,-0.22142406606641388,0.15183023780524263,-1.458366062433765,0.11823905017489289,-1.8726813665950057,0.11024898658238662,-2.0084000128286768,True,False,0.42580089337257293,0.15110063962782236
242,2019-12-09,2020-01-06,-0.221630056033232,0.14961302111885266,-1.481355395244435,0.10884284710239875,-2.036239054135764,0.10142002750929861,-2.185269137428621,True,False,0.4320954957443725,0.14495696975337685
243,2019-12-10,2020-01-07,-0.24524289006953268,0.14372947961177632,-1.7062810686572538,0.11107997440949686,-2.207804704432534,0.1030397731030091,-2.38007987288911,True,False,0.44980450288562557,0.15084522909626055
244,2019-12-11,2020-01-08,-0.24741681545754818,0.1452997971573397,-1.7028022082483005,0.11226951475509261,-2.2037755841135422,0.10479378627634335,-2.3609874616525928,True,False,0.44494530685743566,0.15099723693131048
245,2019-12-12,2020-01-09,-0.2522288982860416,0.13773189382448625,-1.8313034932015133,0.10204489420744679,-2.471744424304916,0.09252524792414418,-2.726054822277577,True,False,0.46942604936642973,0.1533253730765055
246,2019-12-13,2020-01-10,-0.2188147191327875,0.13281038117202543,-1.6475724051221805,0.09937928816194581,-2.201814112174087,0.08570242562157941,-2.5531916692646224,True,False,0.4869613582337772,0.14860819399904346
247,2019-12-16,2020-01-13,-0.2561354471374588,0.14157448359764707,-1.8091921695818616,0.09359180200214702,-2.7367295175231585,0.09304484678065894,-2.752817119912773,True,False,0.45667980679641756,0.14604476554178333
248,2019-12-17,2020-01-14,-0.3099235350351256,0.1551665779043526,-1.9973601223980586,0.09075007030981412,-3.4151327263667044,0.09338759984760847,-3.3186797341495473,True,False,0.41652038225731713,0.14443706763594472
249,2019-12-18,2020-01-15,-0.3244472859920657,0.15975938268973422,-2.030849647323493,0.0880679711906367,-3.684055413173417,0.09613560936163379,-3.3748918652150084,True,False,0.40450976040805764,0.14459542612026408
250,2019-12-19,2020-01-16,-0.32426642977523423,0.15830501395990787,-2.048364872747224,0.08291268816881987,-3.9109385660610845,0.09297024418353796,-3.4878517596993834,True,False,0.40822401327141966,0.1429616262215203
251,2019-12-20,2020-01-17,-0.3362438221042084,0.15919212508231334,-2.1121887903082333,0.08774550209661942,-3.8320348515865734,0.09535742728740214,-3.5261419238040856,True,False,0.40592208144740166,0.1439545745740885
252,2019-12-23,2020-01-20,-0.32833349948277113,0.16021635663542658,-2.0493132310447946,0.08419593164768471,-3.8996361588665893,0.09490597390415688,-3.459566199851094,True,False,0.40334204207749863,0.1392906064746236
253,2019-12-24,2020-01-21,-0.3010315213729004,0.1563691480753811,-1.9251337305219678,0.09045909228004403,-3.3278193909017397,0.09502581593869348,-3.167891992288841,True,False,0.4133374740245511,0.14164447262058255
254,2019-12-25,2020-01-22,-0.3021699419078628,0.1557737995746643,-1.9397995216970296,0.08991207763550685,-3.3607269440800236,0.09443131952024837,-3.199891131914875,True,False,0.41491682325852625,0.14215325634840395
255,2019-12-26,2020-01-23,-0.2604900784228553,0.15274858838560565,-1.7053517886873168,0.11536428717612952,-2.2579784853622735,0.10435778798085986,-2.4961249511213435,True,False,0.4232528795281676,0.15720271960667728
256,2019-12-27,2020-01-24,-0.2548881994509111,0.15319542927068247,-1.6638107328943001,0.1178100201663104,-2.1635528038369722,0.10699734157062402,-2.382191891026294,True,False,0.4220327135313744,0.15398347006006471
257,2019-12-30,2020-01-27,-0.10984871977111088,0.12238570724110909,-0.897561669964456,0.09785593714674852,-1.1225554930446124,0.11201190240918547,-0.9806879216266466,True,False,0.5288223618197102,0.13757822417597435
258,2019-12-31,2020-01-28,-0.07345946562777605,0.12777954593857457,-0.5748922105505764,0.0818196896732613,-0.8978213669732682,0.09783584261309963,-0.7508441044278416,True,False,0.5064741081865135,0.12735836393633176
259,2020-01-01,2020-01-29,-0.02758956463029852,0.12953312825071978,-0.21299234414301432,0.04888684444309618,-0.5643556041423886,0.049796206199768565,-0.5540495297898165,True,False,0.4995854211832788,0.10994323828456401
260,2020-01-02,2020-01-30,-0.02929433056357885,0.12187571835919396,-0.24036232120693768,0.04315551963143473,-0.6788084308511186,0.04343251696579335,-0.6744792291602746,True,False,0.5310652649374493,0.11000847943155911
261,2020-01-03,2020-01-31,-0.043830146795445474,0.11442583249412534,-0.3830441591735479,0.042585609632004466,-1.0292243594537085,0.053239116333063004,-0.8232696147930936,True,False,0.5658159384884446,0.10026720804718024
262,2020-01-06,2020-02-03,-0.05176832820092636,0.11690605687632194,-0.44281989816569955,0.04905313371688046,-1.0553521106259423,0.05797917894449688,-0.8928779114047798,True,True,0.5537045129970163,0.11937972027514232
263,2020-01-07,2020-02-04,-0.032742207399088535,0.10821458896056495,-0.30256740531556514,0.035912065749141006,-0.9117327760481645,0.050685049529781964,-0.645993398504022,True,True,0.5983720548780253,0.12694703044598876
264,2020-01-08,2020-02-05,-0.02207264371003143,0.1098168541152677,-0.20099504659697492,0.03537792061950311,-0.6239101485762066,0.048571745339047484,-0.4544338185905568,True,True,0.5896374641416862,0.12381836813860973
265,2020-01-09,2020-02-06,-0.020199529882237454,0.10945986495257584,-0.18453823135072406,0.0348991438489048,-0.5787972899762511,0.04832607324689667,-0.41798409274924064,True,True,0.5915506491770767,0.12471090408010416
266,2020-01-10,2020-02-07,0.011661706930811458,0.10789806104467645,0.10808078308268017,0.04429155073912808,0.2632941664087924,0.04929858568642697,0.23655256572648886,True,True,0.6001421418759671,0.1372620640346295
267,2020-01-13,2020-02-10,-0.0006587335801385369,0.11228031513025917,-0.005866866149906364,0.042130256440602164,-0.015635641360675318,0.05160643565136203,-0.012764562633016318,True,True,0.5766110633835229,0.12971647887829418
268,2020-01-14,2020-02-11,0.015370439536693039,0.10854517432709254,0.14160407988636511,0.05043024654413974,0.30478612717548104,0.05132469636500847,0.29947453419660386,True,True,0.5965422497917857,0.13907706087070898
269,2020-01-15,2020-02-12,0.018285106735760594,0.1075846907194618,0.16996011805658204,0.05181615442136951,0.35288428753446105,0.050650320748962536,0.3610067313568814,True,True,0.6018948335232496,0.14100777134574458
270,2020-01-16,2020-02-13,0.009953501510994604,0.10271993683515232,0.09689941230170583,0.04452163537676488,0.22356549634268771,0.04599492485942191,0.21640434333605965,True,True,0.6305156992034602,0.13895396878512756
271,2020-01-17,2020-02-14,0.01112135507635373,0.10281762700178919,0.10816584082571952,0.04461699106047204,0.24926277662427532,0.04586809124086451,0.2424638735881288,True,True,0.6299186205964165,0.13918385428807697
272,2020-01-20,2020-02-17,0.013796312514856595,0.10271092707974602,0.13432176017791145,0.04483864369893927,0.3076879980467154,0.045329162847493575,0.3043584228827082,True,True,0.6305855154712334,0.13976946719591632
273,2020-01-21,2020-02-18,0.013634713732249832,0.10301772824007752,0.13235308101994672,0.04527848644238148,0.3011300686828501,0.046480186007735014,0.293344646468945,True,True,0.6286744138260947,0.14079179823263424
274,2020-01-22,2020-02-19,0.01297826200185922,0.103580769174918,0.12529605741720923,0.04602069504675492,0.28200925667623883,0.047961429835214314,0.27059789598537576,True,True,0.6252237336054937,0.1418875113717068
275,2020-01-23,2020-02-20,0.03481663521778592,0.09367224281057725,0.3716857221855107,0.044377583156015074,0.7845545597961832,0.0461555815376107,0.7543320668468875,True,True,0.6916258796540359,0.15877925160449402
276,2020-01-24,2020-02-21,0.023694618396533626,0.09373720826039436,0.25277708645548624,0.04168136502687688,0.5684703075644216,0.046779733900064416,0.5065146041051123,True,True,0.6912666127517417,0.16085736794934402
277,2020-01-27,2020-02-24,0.028382276156719007,0.08550949226296758,0.3319195963582021,0.03706184479060904,0.7658085105334714,0.0379879787700119,0.7471383599678187,True,True,0.758155703862286,0.16848943244180092
278,2020-01-28,2020-02-25,0.040228283328850256,0.09221724870113134,0.436233827136037,0.04222147615488671,0.9527919673219251,0.043061864686004994,0.9341974301898811,True,True,0.7027078494036558,0.17148202227568002
279,2020-01-29,2020-02-26,0.03796544237746993,0.09162458616031079,0.41435867782304375,0.042617342026201384,0.8908449136534269,0.042118442331214194,0.9013971143309245,True,True,0.7072574188008535,0.16982787668881522
280,2020-01-30,2020-02-27,-0.01886958342017184,0.0798770080010831,-0.2362329773282942,0.047452424828905305,-0.39765266976783803,0.07190395279594095,-0.2624276230504681,True,True,0.8120881411748251,0.1701416720468212
281,2020-01-31,2020-02-28,-0.0249554321913417,0.0668137868302134,-0.3735072262070435,0.03582780941185175,-0.6965380412871824,0.04508764867831352,-0.5534871061782578,True,True,0.972414835164728,0.1744777339451273
282,2020-02-03,2020-03-02,-0.049617341533177046,0.0664807951183723,-0.7463409762899339,0.041950090750514375,-1.182770779406923,0.05112338619952571,-0.9705409837198414,True,True,0.9772919280841684,0.24490720214992923
283,2020-02-04,2020-03-03,-0.026085246763108565,0.05761520728141965,-0.45274933466256584,0.03309833845965771,-0.7881134817357333,0.04070692211576025,-0.6408061677797374,True,True,1.1297741732614812,0.24507434996970331
284,2020-02-05,2020-03-04,-0.0525450951913712,0.056836837495699295,-0.9244901283493677,0.03367078964059739,-1.5605542891104867,0.049983819347209454,-1.0512420994956388,True,True,1.1453121420276382,0.24637022934267358
285,2020-02-06,2020-03-05,-0.062054562050810017,0.05285104054648453,-1.1741407815089397,0.02828064224651801,-2.1942416126865134,0.044144751674142675,-1.405706447481453,True,True,1.2329536739611424,0.2463053061799603
286,2020-02-07,2020-03-06,-0.09053798241981524,0.041754177656306096,-2.168357455511793,0.02127561694220062,-4.25548094167043,0.04083269537988661,-2.2172913538402486,True,True,1.5674227551854951,0.24630307669996135
287,2020-02-10,2020-03-09,-0.09338160602538782,0.021715102455302126,-4.300306950777801,0.013513617731083997,-6.9101855538351975,0.016060988331981767,-5.814188024745639,True,True,3.1393828024188393,0.25299742357572164
288,2020-02-11,2020-03-10,-0.11989393870270632,0.019748461303993922,-6.071052162350441,0.016013722263221192,-7.486950050212086,0.045001574792236605,-2.664216513671643,True,True,3.487540221260148,0.28306587607976974
289,2020-02-12,2020-03-11,-0.1215376710142375,0.01984334593901258,-6.1248577426295325,0.015897545764730375,-7.6450587287426375,0.044686558377701115,-2.7197814158560396,True,True,3.4680253988781806,0.28226907735739437
290,2020-02-13,2020-03-12,-0.06807503597660197,0.016590460142041037,-4.1032638874250695,0.033787667060356456,-2.014789474958316,0.062094075962992254,-1.0963209440007504,True,True,4.395370525837544,0.480904649052047
291,2020-02-14,2020-03-13,-0.07622202236023591,0.015705843234814585,-4.853099653463831,0.027696125152618045,-2.7520825364637997,0.053423414662129916,-1.4267530977249039,True,True,4.7338061035464225,0.48292540960212166
292,2020-02-17,2020-03-16,-0.07746950565231932,0.015587849632105423,-4.9698648293835035,0.026564649141842152,-2.916263084773689,0.04974419844156403,-1.5573576030846092,True,True,4.799300319557927,0.48468854322919597
293,2020-02-18,2020-03-17,-0.0883235744049181,0.015474480100338138,-5.707692525514193,0.023156912753654516,-3.8141342649822474,0.050194455758177915,-1.7596280918043028,True,True,4.83381419616931,0.5373912832414777
294,2020-02-19,2020-03-18,-0.08134478301420713,0.015482759679023675,-5.253894312162871,0.024916351541191636,-3.2647148552117744,0.046774517567653745,-1.7390833138268422,True,True,4.845782767803519,0.589759038768847
295,2020-02-20,2020-03-19,-0.08222189954437471,0.01522993965389404,-5.3987015978327895,0.023572595954560516,-3.4880290530100697,0.04156989545348535,-1.9779193247280822,True,True,5.004778723296371,0.5956708513338972
296,2020-02-21,2020-03-20,-0.08722924833361563,0.014575670962070832,-5.984578587195452,0.021792103633668188,-4.002791552388219,0.036668523290059284,-2.3788590460435364,True,True,5.361928535729969,0.6024907605463627
297,2020-02-24,2020-03-23,-0.08652081209661869,0.014592230366502396,-5.929238363398783,0.022248934371436015,-3.8887620706768424,0.035724895786876786,-2.4218632466494503,True,True,5.353466489919512,0.6080548980195107
298,2020-02-25,2020-03-24,-0.08950126292828958,0.013870836765487365,-6.45247755715658,0.020546211916132463,-4.356095580714566,0.029747178022398964,-3.0087312100965384,True,True,5.9106837603401745,0.6359854802669781
299,2020-02-26,2020-03-25,-0.08606854989199526,0.013769339211253173,-6.25073931083451,0.022101868208798565,-3.8941753284788887,0.029163774985093392,-2.9512143039091425,True,True,6.022637126413549,0.657883339807679
300,2020-02-27,2020-03-26,-0.09259734910285773,0.013778349643823334,-6.7204963944551945,0.019536488967842616,-4.739712916444429,0.030160894342986643,-3.070112843798663,True,True,6.024171933658131,0.8155477088455825
301,2020-02-28,2020-03-27,-0.09133692210031812,0.013774274336515934,-6.630978871836589,0.01966561503653734,-4.644498630254914,0.030234310520665022,-3.020969240819622,True,True,6.020513331397738,0.8154484693395376
302,2020-03-02,2020-03-30,-0.09213013694177628,0.013751271612174557,-6.699753996583833,0.020085311670141347,-4.586940867775339,0.03037361118717762,-3.033229614154984,True,True,6.015400862323796,0.8233864492067722
303,2020-03-03,2020-03-31,-0.08720505475998505,0.013698722119638542,-6.365926251979923,0.020189664713233496,-4.319291875254655,0.029876252906739995,-2.918875236201788,True,True,6.076812964971524,0.817855646786189
304,2020-03-04,2020-04-01,-0.08809328614062605,0.013722200493413453,-6.419763811417136,0.020936921594754347,-4.207556767213449,0.029633391698097866,-2.972770955080402,True,True,6.037774949518496,0.827161568587433
305,2020-03-05,2020-04-02,-0.08649535837452768,0.013748008513863612,-6.291482747286998,0.020411160018433513,-4.237650299954187,0.029725319003536817,-2.9098210304904106,True,True,6.025578322918361,0.8330254496299826
306,2020-03-06,2020-04-03,-0.08521868019170757,0.013732380572381521,-6.205674226877957,0.020200540690015728,-4.2186336246844895,0.029800704927384753,-2.859619609648817,True,True,6.01688629995654,0.8350211015928157
307,2020-03-09,2020-04-06,-0.07709026828467408,0.01374516336253769,-5.608537799905882,0.017771584675402047,-4.337838729225764,0.030572452927225578,-2.5215597998688275,True,True,5.983647152733248,0.8385849702197677
308,2020-03-10,2020-04-07,-0.040943689248462256,0.014668152207497944,-2.7913324506908923,0.020910836643159927,-1.958012964624981,0.03228207365638861,-1.2683103844030637,True,True,5.252996416956747,0.8749456550554731
309,2020-03-11,2020-04-08,-0.025756339959503702,0.01495912519079996,-1.7217811624000685,0.02838035894766965,-0.9075410218382242,0.03003673785385951,-0.8574945816292827,True,True,5.101085177652101,0.8710768127628166
310,2020-03-12,2020-04-09,-0.022809046499590372,0.01493943308921429,-1.5267678742145607,0.028884085601863868,-0.789675214718188,0.03051766359919228,-0.747404742353673,True,True,5.120351370410981,0.8887415060062946
311,2020-03-13,2020-04-10,-0.04329942867255332,0.01764761554897263,-2.453556887183778,0.02589388588749632,-1.6721873596215164,0.033445397607768594,-1.2946304056644213,True,True,4.036000090951552,0.8014467070599317
312,2020-03-16,2020-04-13,-0.033414804115168284,0.018358097716549244,-1.8201670255326017,0.027472156298341724,-1.2163153031123832,0.03438824339630759,-0.9716926721170112,True,True,3.842233406345466,0.8025671104246958
313,2020-03-17,2020-04-14,-0.02817352817642026,0.01942274338208622,-1.4505431916690499,0.032907839738223185,-0.856134234289955,0.04124078382333889,-0.6831472529015407,True,True,3.5899432896264987,0.8037295776457943
314,2020-03-18,2020-04-15,-0.017748768482728133,0.01936515337153119,-0.916531263254578,0.03614946745406576,-0.49098284795705655,0.04280281641441087,-0.4146635658477948,True,True,3.6058569334929733,0.7731728208709864
315,2020-03-19,2020-04-16,-0.036290855936619716,0.01995024817603623,-1.8190678941132892,0.03277962010671998,-1.1071164283926498,0.038580761378034865,-0.9406464424333819,True,True,3.4797067607547914,0.7138828395882214
316,2020-03-20,2020-04-17,-0.04039456889810341,0.023687783496938227,-1.7052912064703996,0.04541515465915471,-0.8894513120404125,0.06098681583290053,-0.6623492036177394,True,True,2.8612498718765247,0.6989952869058994
317,2020-03-23,2020-04-20,-0.019720690533591632,0.02608091387311482,-0.7561349510041692,0.05428750881003618,-0.3632638698268256,0.0900356183987222,-0.2190320995659592,True,True,2.574998217158013,0.7015076542959867
318,2020-03-24,2020-04-21,-0.027978317637396673,0.0263276269874937,-1.062698041516886,0.06331877910624052,-0.4418644520996332,0.08411952742627317,-0.3326019355246421,True,True,2.5485702676321207,0.6828796561693816
319,2020-03-25,2020-04-22,0.03450997082627418,0.04127478110123874,0.8361030611314003,0.11289489154291533,0.30568230638811256,0.13806818600774098,0.24994875230952432,True,True,1.5880842853677601,0.6764798650532975
320,2020-03-26,2020-04-23,0.035797028992640936,0.04834661800854418,0.7404246763716671,0.14429607113553325,0.24808041349246296,0.18043401174390558,0.1983940203216705,True,True,1.3504407602033444,0.6668530198515669
321,2020-03-27,2020-04-24,0.20555520564036145,0.051365023040590534,4.001851716837042,0.026841052753657856,7.6582393219412275,0.05748309024800544,3.5759247589771643,True,True,1.2634503408417455,0.5144605692688259
322,2020-03-30,2020-04-27,0.2211019778389643,0.05201833270106172,4.250462603436182,0.02855979068245547,7.7417226301588125,0.05874315460202413,3.7638764778108413,True,True,1.2466722599098439,0.5180469635543781
323,2020-03-31,2020-04-28,0.2175723177071501,0.05205972561890636,4.179282835638594,0.0262621370311387,8.28463873481344,0.06178090406924662,3.5216758476581367,True,True,1.2465864988576632,0.5043727325603503
324,2020-04-01,2020-04-29,0.2438465772545325,0.05705600753654844,4.273810730593643,0.037782036561053604,6.45403475962685,0.07532414337817134,3.2372963875643403,True,True,1.1355015624035556,0.4968009611429282
325,2020-04-02,2020-04-30,0.20675899667717038,0.05633701556136909,3.6700381554990873,0.029550575412817266,6.9967841163421385,0.061121546484631945,3.382751395682645,True,True,1.1518661652604487,0.44464305447140107
326,2020-04-03,2020-05-01,0.1926073726016227,0.04955938963385694,3.886395172026922,0.029208500345349116,6.594223268032029,0.04948277229672299,3.892412725921142,True,True,1.3116867097502825,0.4710514013869798
327,2020-04-06,2020-05-04,0.17030901531801348,0.04822612419780569,3.531468019687193,0.03727817591862858,4.568598412373149,0.04836960775749147,3.5209922762219645,True,True,1.3496659293625575,0.44499220149352453
328,2020-04-07,2020-05-05,0.20668808497017124,0.05181733526981157,3.988782593584783,0.038557469500758244,5.360519962704156,0.03784249139104964,5.4617990880763285,True,True,1.2531930006416943,0.4481114781911854
329,2020-04-08,2020-05-06,0.20352994622715398,0.05523314108459689,3.684924344885996,0.03559203709103933,5.718412399564362,0.03906583506926434,5.209921811892468,True,True,1.1751087957596502,0.4331295721846493
330,2020-04-09,2020-05-07,0.19771333449642842,0.05518296008870605,3.5828693165173853,0.03606714713243478,5.481812403139228,0.03944232250610753,5.012720396112908,True,True,1.1764940972801905,0.441785951865952
331,2020-04-10,2020-05-08,0.20834176451599284,0.058595135203970014,3.5556153900960195,0.04270561027833506,4.878557247118571,0.0439900055067944,4.736115899867614,True,True,1.1070511923268112,0.4338023077911186
332,2020-04-13,2020-05-11,0.2079772662571128,0.05888004821692182,3.5322197001418423,0.0405979061101445,5.122856969343648,0.043551708435976236,4.775410052233715,True,True,1.1015460474737806,0.4461206568075352
333,2020-04-14,2020-05-12,0.20547655522900685,0.0588701400102815,3.4903357660287706,0.04052783988657274,5.070010042580216,0.04427305634784749,4.641119727868006,True,True,1.1018885467195028,0.44388403500146545
334,2020-04-15,2020-05-13,0.2019518077561959,0.059770556794930735,3.3787841135407297,0.037504577459417515,5.384724250652374,0.044431812875822554,4.545207469265504,True,True,1.0851006616406178,0.4430909986754788
335,2020-04-16,2020-05-14,0.17585323076323556,0.060353429922065736,2.91372389258265,0.02566864725237432,6.85089592116972,0.03677533596174968,4.781825268602357,True,True,1.0754844640949357,0.41052302165841315
336,2020-04-17,2020-05-15,0.16982306083041568,0.06107367937224334,2.7806260008562145,0.02767289995036895,6.136800304087808,0.039426179110479354,4.307367963670546,True,True,1.06286744821113,0.4051619774314974
337,2020-04-20,2020-05-18,0.16020337769310514,0.061188570667956445,2.618191207022283,0.026789336537636314,5.980117404850081,0.0392152446985037,4.0852321316566425,True,True,1.061105689275528,0.41700035182933376
338,2020-04-21,2020-05-19,0.16341112052510134,0.0605460489205094,2.6989559754698935,0.028538204067892065,5.726047796713071,0.03919721317440627,4.168947414654475,True,True,1.072392509890051,0.41645537746100625
339,2020-04-22,2020-05-20,0.1510095891631729,0.06582236828959229,2.294198660534222,0.0282233637612868,5.350517055316721,0.047159669341552794,3.2020917718801103,True,True,0.9858347028217165,0.39310706215411534
340,2020-04-23,2020-05-21,0.13849934158311597,0.0644519629013691,2.1488770139562954,0.03541118576523674,3.9111749180418904,0.050350404292864234,2.750709622459663,True,True,1.007217018110341,0.392932851506489
341,2020-04-24,2020-05-22,0.1414900713141877,0.06359290460943914,2.224934875724897,0.03279207182879383,4.314764619109827,0.04700273367341038,3.010251963158244,True,True,1.0209535716254428,0.39657119778874855
342,2020-04-27,2020-05-25,0.1338749120557442,0.06430891743447391,2.0817472505605923,0.03334534484386335,4.014800647064882,0.05009633799150681,2.672349265897259,True,True,1.0095516099177297,0.38702833959157795
343,2020-04-28,2020-05-26,0.1563541089252452,0.06275191475141961,2.491622917716755,0.035988133275614675,4.344601808818735,0.052475752523210344,2.979549628299067,True,True,1.0342270490629757,0.41490259112958944
344,2020-04-29,2020-05-27,0.14875969917809062,0.06255542382457568,2.3780463800430445,0.03382066440509842,4.398485416970853,0.052514448189500205,2.8327384997227067,True,True,1.03786913234695,0.4114693976663651
345,2020-04-30,2020-05-28,0.13592127623997466,0.06518663492148469,2.0851095689122117,0.03455583533746853,3.9333812918305187,0.05860293232728269,2.319359643658928,True,True,0.9957872395388363,0.4103231132171533
346,2020-05-01,2020-05-29,0.14579528345676498,0.07041341111340847,2.0705612915406952,0.03805567540027373,3.831104872618193,0.06462087534250513,2.2561638585676422,True,True,0.9211642848050532,0.40455429825976674
347,2020-05-04,2020-06-01,0.126187587741243,0.08906515686225161,1.4168008252251219,0.060661265591814985,2.080200380096743,0.09998747996811404,1.2620338844571757,True,True,0.727114665585062,0.3830431874221246
348,2020-05-05,2020-06-02,0.14912543194666333,0.09877278645263526,1.5097825757722627,0.08406386783591928,1.773953968400966,0.12106051706726195,1.2318254998349987,True,True,0.6550921770895392,0.3894495392669749
349,2020-05-06,2020-06-03,0.13626868454221683,0.09903289710249244,1.375994124469446,0.08296151938575193,1.6425529034563469,0.12195577202535177,1.1173615014621017,True,True,0.6533875400721691,0.39017990413435044
350,2020-05-07,2020-06-04,0.06930735322685562,0.10372719824582513,0.6681695292935875,0.07204501388635548,0.9620006921808875,0.11704141711639887,0.5921609199069143,True,True,0.623672765720573,0.3484501295005478
351,2020-05-08,2020-06-05,0.10185758359979426,0.1069112127757777,0.9527305972425708,0.08719438262312905,1.1681668077179053,0.1157132052926399,0.8802589414250117,True,True,0.6049797123943589,0.34901953951741765
352,2020-05-11,2020-06-08,0.08215888707079522,0.11563164022070754,0.7105225430857638,0.08516492478679508,0.964703336220571,0.14256276070309465,0.5762997760817897,True,True,0.5593209362252168,0.34185140100905786
353,2020-05-12,2020-06-09,0.01819575153348613,0.09743505937250334,0.18674747724966298,0.058079289288268186,0.3132915666921153,0.10519839722444882,0.17296605284455147,True,True,0.6638765798252072,0.3008352765377948
354,2020-05-13,2020-06-10,0.018368579102763096,0.09071628114234562,0.202483819568622,0.051408765501335635,0.3573044192684586,0.09463429396891326,0.19410066195238962,True,True,0.7132342859622516,0.3020026973503655
355,2020-05-14,2020-06-11,0.07375695181913902,0.08617771061102329,0.8558704019424775,0.05997441948228386,1.2298068485836107,0.10803459637073992,0.682716040017671,True,True,0.7509713121258743,0.3242071306708881
356,2020-05-15,2020-06-12,0.09708265986567592,0.08456267106433317,1.1480557395333202,0.07253179380119924,1.3384841981403024,0.10834318779273522,0.8960661195551941,True,True,0.7654780720228528,0.34020974322210995
357,2020-05-18,2020-06-15,0.1333758055953648,0.08410471775819157,1.5858302500798103,0.06888349784548845,1.936251929228944,0.10750752217564052,1.2406183576388445,True,True,0.769493245814622,0.3503260133001611
358,2020-05-19,2020-06-16,0.13341091358962312,0.08160471329984781,1.6348432363142917,0.058875245315029856,2.2659933368560514,0.09930205884572989,1.3434858767317488,True,True,0.7934852248149141,0.3334117059184842
359,2020-05-20,2020-06-17,0.14897983920748525,0.08405626423445406,1.7723823508494623,0.05892563237814191,2.5282688228348715,0.10693833837834431,1.393137778898336,True,True,0.7702937690749043,0.3449592674233802
360,2020-05-21,2020-06-18,0.1494369795642378,0.08542596794391022,1.7493156139870316,0.06407308002567315,2.3322896215440334,0.11231381347306743,1.3305307240776079,True,True,0.7581142273705912,0.34743247201281624
361,2020-05-22,2020-06-19,0.17208570800449852,0.08878189287619477,1.9382973535433612,0.06039934872710113,2.8491318471333753,0.1088541437127819,1.580883392538155,True,True,0.7291400806031632,0.34752077500893247
362,2020-05-25,2020-06-22,0.17280387636199215,0.08768569481408393,1.9707191318764194,0.05649953841095795,3.0585006749095363,0.10513324868452747,1.6436653344606844,True,True,0.7380898296869163,0.3485662811554125
363,2020-05-26,2020-06-23,0.1596812927159385,0.08702554866282841,1.8348783221649925,0.05941414804224181,2.6875971124320346,0.10265765835009305,1.5554737491807766,True,True,0.7436075840955717,0.3520221359843686
364,2020-05-27,2020-06-24,0.09325815463063424,0.09765089254186232,0.955015895944372,0.07894727708344881,1.1812713253182696,0.10928700325971136,0.8533325267325162,True,True,0.6631609766312829,0.34701303763884217
365,2020-05-28,2020-06-25,0.13838919495369406,0.10129877960019451,1.3661486890551673,0.08140681975889677,1.6999705351905705,0.11521174138066298,1.2011726695150982,True,True,0.6390130689758806,0.3515852757956349
366,2020-05-29,2020-06-26,0.10258914575136129,0.09840185408758899,1.0425529752726521,0.08481532657952591,1.2095590489198906,0.11115183211007293,0.9229640555971037,True,True,0.6582000400689659,0.34249355503488377
367,2020-06-01,2020-06-29,0.10343716838400556,0.09846991829828167,1.0504443404804833,0.08452162102187132,1.2237953689652916,0.11198801989121829,0.9236449442045787,True,True,0.6577619669295555,0.34351068688827097
368,2020-06-02,2020-06-30,0.07704131365369389,0.09454035142733268,0.8149040329399535,0.06841722732461163,1.1260513859786296,0.09875885437532193,0.7800952546584535,True,True,0.6853489884198454,0.3220073320094845
369,2020-06-03,2020-07-01,0.07809528994225881,0.09248465942521349,0.8444134457283649,0.06285197926572672,1.2425271384388095,0.09612810304079644,0.8124085202130269,True,True,0.7006553931094307,0.31109182975354044
370,2020-06-04,2020-07-02,0.07846637570651424,0.08927800641922608,0.8788992816221359,0.06139893167538245,1.2779762377848487,0.09199802010621218,0.8529137433166977,True,True,0.7259417537988219,0.3028694993181529
371,2020-06-05,2020-07-03,0.06151752523866403,0.08456022019846009,0.7274995866174946,0.056143688599666744,1.0957157745248178,0.08480048680462607,0.7254383501405572,True,True,0.7667463505394642,0.3028934666632043
372,2020-06-08,2020-07-06,0.03468108437108641,0.08470813759759328,0.4094185677394915,0.06289539360661107,0.5514089726189583,0.08143964033665278,0.425850166181024,True,True,0.7654821798732775,0.30801019527654355
373,2020-06-09,2020-07-07,0.033660513533035466,0.08469130090068161,0.3974494803487493,0.0626496604237821,0.5372816597144361,0.08329835050896563,0.4040957993449401,True,True,0.7655917144205754,0.30970389656863684
374,2020-06-10,2020-07-08,0.07763573267723171,0.09262892450492531,0.8381370408020189,0.0625261522717793,1.2416521704354422,0.08872152807855445,0.8750495438772502,True,True,0.69947407710274,0.309146299195501
375,2020-06-11,2020-07-09,0.12158061403774205,0.09988769831226532,1.217173046251012,0.08051442264107436,1.5100476417714235,0.08845535980136929,1.3744855519298897,True,True,0.6482370328229206,0.30883929086996476
376,2020-06-12,2020-07-10,0.07285429263962484,0.10767637139248488,0.6766042697897748,0.07870576635609289,0.9256538118186424,0.08890358149801315,0.8194753395986979,True,True,0.6013930918066579,0.2828604791428909
377,2020-06-15,2020-07-13,0.04030242752080423,0.11962243673414605,0.33691361437799533,0.08853669822051662,0.45520590140400047,0.10714357224805048,0.3761534796273096,True,True,0.5411924295798421,0.27221699699268
378,2020-06-16,2020-07-14,0.0310883031813454,0.129520496703131,0.24002612692724393,0.09296249013186215,0.3344177112429794,0.12662125743247254,0.24552199063356228,True,True,0.499721776357765,0.26917120949845413
379,2020-06-17,2020-07-15,0.00272009512440096,0.13547235404037405,0.020078599384124568,0.08282774276906846,0.03284038697015855,0.12819985806395812,0.021217614164938635,True,True,0.4777170974547855,0.26789987725957337
380,2020-06-18,2020-07-16,-0.019579491715589592,0.13608247210350685,-0.1438796004580007,0.07969208578384544,-0.24568928674669716,0.12976227929058537,-0.15088739056242934,True,True,0.47556201803598547,0.2586753002958198
381,2020-06-19,2020-07-17,-0.053998942471975196,0.14213225293564447,-0.3799204005893383,0.08515502831627698,-0.6341251190876952,0.13792977827775438,-0.39149589846534444,True,True,0.45525687774983764,0.25423782573031056
382,2020-06-22,2020-07-20,-0.0402265199044025,0.14919134491755512,-0.2696303859089959,0.09039979303943822,-0.44498464600304005,0.14841359057843143,-0.271043371079579,True,True,0.4336717892992508,0.25406229783722417
383,2020-06-23,2020-07-21,-0.08049617508941892,0.15230614665375786,-0.5285156039855259,0.09402956094261397,-0.8560730719411266,0.14227321515801294,-0.5657858719226766,True,True,0.4247484817700205,0.26639018145987514
384,2020-06-24,2020-07-22,-0.09344641670621277,0.13249464039522976,-0.7052845037917258,0.08913699259030151,-1.0483460793401296,0.12210779032888538,-0.7652780912218949,True,True,0.4883949312815424,0.260600894716175
385,2020-06-25,2020-07-23,-0.09628823543303257,0.13112631104165148,-0.7343166651157234,0.07990160756695343,-1.2050850835804272,0.10937655492214442,-0.8803370658508282,True,True,0.49341681182008895,0.2231357556569182
386,2020-06-26,2020-07-24,-0.09733042081350686,0.11252492792695734,-0.864967635230892,0.04638177896897885,-2.0984624345392957,0.07842169478032494,-1.241116008601307,True,True,0.5751586356775955,0.21117223585103728
387,2020-06-29,2020-07-27,-0.19245986280588062,0.08821865773552051,-2.1816231140455025,0.05238660183673656,-3.6738375091723636,0.1262864705816933,-1.5239943116581163,True,True,0.7332127237096309,0.23236477463537727
388,2020-06-30,2020-07-28,-0.1954104557907284,0.08827402463006155,-2.213680146675693,0.048022880209917095,-4.069111534679976,0.12330261764269003,-1.5848037902730874,True,True,0.7326292379039011,0.22665193675377165
389,2020-07-01,2020-07-29,-0.2045184443482107,0.09146677633718282,-2.2359861420530946,0.04764227995372602,-4.292792967650905,0.1285276322391987,-1.5912410489877222,True,False,0.7068794064142536,0.22671055702244003
390,2020-07-02,2020-07-30,-0.22665706010799783,0.09345660657012568,-2.4252652479728596,0.04733750468176695,-4.7881074769726855,0.12727187919279645,-1.7808887677744492,True,False,0.6918168063494098,0.2308465814636619
391,2020-07-03,2020-07-31,-0.24512783376208877,0.0967321731351197,-2.5340879442425384,0.048535771614939854,-5.050457128956731,0.1237979216034243,-1.9800642093761,True,False,0.6681242976203355,0.23049305112035273
392,2020-07-06,2020-08-03,-0.17534504755655722,0.1016666977771604,-1.7247048580341398,0.09575258136354156,-1.8312305011478367,0.20151690924709195,-0.8701257289608196,True,False,0.6362300173497026,0.2663315971958557
393,2020-07-07,2020-08-04,-0.16855468960717174,0.10177638814781105,-1.6561276409453416,0.10269094933358783,-1.6413782392801526,0.21324081315912993,-0.790442913390077,True,False,0.6357553737308045,0.25065818098655496
394,2020-07-08,2020-08-05,-0.18338205903746246,0.10181177118292127,-1.8011871997392817,0.075399028395368,-2.432154139651065,0.18570766572858413,-0.9874770560385989,True,False,0.6349701155066614,0.2853605269412447
395,2020-07-09,2020-08-06,-0.18445456633444518,0.10303464738460333,-1.7902188343103758,0.07815762169959042,-2.360032999000682,0.19078163867129844,-0.9668360520387693,True,False,0.6274728434175962,0.2900635649733016
396,2020-07-10,2020-08-07,-0.21249496277525262,0.10246506535276231,-2.0738284023309226,0.0823286237442198,-2.5810581194146542,0.1840132533387077,-1.1547807504067085,True,False,0.631050759862263,0.31788359059807425
397,2020-07-13,2020-08-10,-0.21593994907021402,0.10130971799984322,-2.131483073228456,0.07918017301006276,-2.7271972371514126,0.1789787999800772,-1.2065113247728283,True,False,0.6382892963468831,0.3176928814694368
398,2020-07-14,2020-08-11,-0.21000260100075405,0.10030983501237833,-2.0935394916643966,0.07470732090786782,-2.8110043091993355,0.1779235533619047,-1.1802968018157725,True,False,0.644700845287144,0.3181866242239359
399,2020-07-15,2020-08-12,-0.21460023408019335,0.1004045696745738,-2.1373552496240436,0.06986047905579887,-3.071840287679507,0.1748385108846326,-1.2274197085892455,True,False,0.6439525396875798,0.3133698981906768
400,2020-07-16,2020-08-13,-0.2285316677257059,0.10142923527894866,-2.2531143717805096,0.06559403615056221,-3.4840311884626596,0.17297821702227092,-1.3211586502610468,True,False,0.6374019248490186,0.30965686794889546
401,2020-07-17,2020-08-14,-0.23564344198157358,0.10520692476964218,-2.239809237819004,0.06668106514567608,-3.53388839045643,0.18330926247612442,-1.2854966453878214,True,False,0.614375156898209,0.3101014557320714
402,2020-07-20,2020-08-17,-0.22234255482152615,0.10697300744107495,-2.0784921368505174,0.07421821364183696,-2.995795020000201,0.19061784577408986,-1.1664309494140161,True,False,0.6041266950487556,0.30535044816466234
403,2020-07-21,2020-08-18,-0.2262974912577839,0.10965700487292172,-2.0636847734445545,0.07582557478938513,-2.9844480821458066,0.1946806535644741,-1.1624035933433878,True,False,0.5892017829817693,0.3055909772854818
404,2020-07-22,2020-08-19,-0.26772881539528526,0.111123833447953,-2.4092834731145345,0.06501475798131265,-4.117969884195204,0.1803394200143588,-1.4845828791839768,True,False,0.5814010469221095,0.2889276406458367
405,2020-07-23,2020-08-20,-0.2773540976142353,0.11376190735086968,-2.4380225690028836,0.06899740776845611,-4.019775620339097,0.20885431939750324,-1.3279787481261494,True,False,0.5680511644236707,0.2930696147447101
406,2020-07-24,2020-08-21,-0.28943919525601697,0.11261884618208447,-2.570077789538402,0.06931539536658778,-4.175684113540177,0.2015366239261756,-1.436161773564495,True,False,0.5738231007885695,0.2986033025714154
407,2020-07-27,2020-08-24,-0.33929228973598613,0.1225556830383555,-2.7684745523371603,0.09703143312366928,-3.49672553329753,0.2242468613366089,-1.5130302725918052,True,False,0.5269917310885258,0.2981907732441764
408,2020-07-28,2020-08-25,-0.17165182892733574,0.1961340738714982,-0.8751759729408233,0.19080700724162572,-0.8996096705713061,0.5590107082841964,-0.307063579254495,True,False,0.32965611606254225,0.26677831179552836
409,2020-07-29,2020-08-26,-0.1603236612954371,0.19488786116868714,-0.8226457016564379,0.18873187852952492,-0.84947843758338,0.5509208094192359,-0.29101035675970466,True,False,0.3317669408296792,0.26857807937981065
410,2020-07-30,2020-08-27,-0.16614575791639144,0.19188420350919014,-0.8658646979683975,0.18259887164137661,-0.9098947678203674,0.5362468234538165,-0.3098307545139249,True,False,0.3369706097862609,0.2683881243575756
411,2020-07-31,2020-08-28,-0.26627074888906455,0.18214325075274987,-1.4618754622454468,0.23035164285650703,-1.1559316251759169,0.5043708652445503,-0.5279265065399048,True,False,0.35478943765664955,0.29372366834003427
412,2020-08-03,2020-08-31,-0.25813455534165164,0.18585338208672997,-1.3889150277673779,0.2480930921240334,-1.0404745780370137,0.5535512862463052,-0.4663245515914012,True,False,0.34772325589518,0.2935563697682583
413,2020-08-04,2020-09-01,-0.33906677760127096,0.13284261409146114,-2.552394650769414,0.12681792636222763,-2.6736502269624007,0.44129061773143047,-0.7683525639958814,True,False,0.48601335808852536,0.26352454638194744
414,2020-08-05,2020-09-02,-0.37383631816399576,0.13098451295240032,-2.854049763118542,0.11905214415380673,-3.140105714358461,0.4990381694545585,-0.7491136771613952,True,False,0.49286206086387124,0.2842249868243514
415,2020-08-06,2020-09-03,-0.3129157231325554,0.1341657133875101,-2.3323076755740315,0.0605174478098409,-5.170669525188922,0.397096646806037,-0.7880089787950286,True,False,0.48164593426710145,0.2345097783680292
416,2020-08-07,2020-09-04,-0.312682668420413,0.1339558659645791,-2.3342215450504664,0.062242589269985604,-5.02361280415424,0.3960073622315378,-0.789588018410611,True,False,0.482374411342681,0.23098995208304163
417,2020-08-10,2020-09-07,-0.28304177958097204,0.13497663001585658,-2.0969687830235597,0.05827446307948785,-4.85704654532631,0.34463165025987225,-0.8212878282291894,True,False,0.4787428352394313,0.1960632863298184
418,2020-08-11,2020-09-08,-0.16822162709867583,0.12283541587058357,-1.369487992582775,0.10943478779301476,-1.5371860309799352,0.13892592461544978,-1.2108728271150055,True,False,0.5265977720785594,0.2176016249761147
419,2020-08-12,2020-09-09,-0.17626505529413689,0.12531340630297744,-1.4065937595533131,0.11410376058947351,-1.5447786679731745,0.14423355603471322,-1.2220807705227383,True,False,0.5161051510325014,0.22224374976061118
420,2020-08-13,2020-09-10,-0.15745303392132698,0.12199203310705123,-1.290682923393512,0.12374221810818743,-1.2724277641739563,0.13949686959573443,-1.128720912359037,True,False,0.5302297359319216,0.22484379898432924
421,2020-08-14,2020-09-11,-0.15387242110093446,0.12220917444274977,-1.2590905863046942,0.12659747416490655,-1.215446217358961,0.13725200639837135,-1.1210941474642104,True,False,0.5293552682810353,0.2299986269243147
422,2020-08-17,2020-09-14,-0.1263656488381947,0.11989546330899857,-1.0539652239594834,0.1407057993311426,-0.8980841545898245,0.14195418328496764,-0.8901861566454893,True,False,0.5396233168687764,0.24075325552148882
423,2020-08-18,2020-09-15,-0.12490962998085868,0.11991540972270626,-1.0416478605185198,0.1412156643063991,-0.8845309802872803,0.14424564029469164,-0.8659508164383354,True,False,0.5395689271894722,0.2394324656030744
424,2020-08-19,2020-09-16,-0.11737363426167678,0.12065789481813252,-0.9727803923530566,0.14406489638854822,-0.814727509643403,0.1520909123443586,-0.77173338270155,True,False,0.5362563618393835,0.2406378821858902
425,2020-08-20,2020-09-17,-0.12567542129742365,0.1186096680268517,-1.0595714783467092,0.13759381562629974,-0.9133798690397099,0.14504939414523252,-0.8664318940318328,True,False,0.5455461821470633,0.24187222772309924
426,2020-08-21,2020-09-18,-0.10783068496539112,0.11974772318877065,-0.9004821310498449,0.13938899060414545,-0.7735954216902423,0.1502233090140162,-0.7178026211320525,True,False,0.5402872060863968,0.23592321121129262
427,2020-08-24,2020-09-21,0.09240653042881301,0.10349744490494794,0.8928387605479456,0.2046518742375756,0.4515303403551556,0.2620902256573354,0.35257526371711423,True,False,0.6256209272119553,0.3246018643515446
428,2020-08-25,2020-09-22,0.06890963660200151,0.10126755638516234,0.6804710122549981,0.18647909990398992,0.36953007944311256,0.25099352148847315,0.2745474711591956,True,False,0.6395737981454209,0.3258509617006021
429,2020-08-26,2020-09-23,0.06935928181261707,0.10233241027315824,0.6777841118710558,0.19118746362671468,0.3627815364925709,0.2535706909642349,0.27353035774311907,True,False,0.6329513746000806,0.35237482454014574
430,2020-08-27,2020-09-24,0.0722048231074467,0.10118689499603896,0.7135788000044198,0.18700024116922817,0.3861215507316061,0.2353128237157582,0.3068461036983908,True,False,0.6401438605015174,0.353198575769051
431,2020-08-28,2020-09-25,0.03189131999932089,0.09711049349732151,0.32840240895491396,0.16989079301451285,0.18771658801190355,0.2168133074209173,0.14709115588282448,True,False,0.6671980583846311,0.3568513691828693
432,2020-08-31,2020-09-28,0.07720307605673041,0.09404417982398991,0.8209234872505797,0.15137943379312185,0.5099971252517542,0.21464799606742463,0.35967294114630166,True,False,0.6888864918840949,0.329423838655061
433,2020-09-01,2020-09-29,0.07794124376539557,0.09280451521677095,0.8398432294306151,0.15026248594215946,0.5187006143063378,0.21139207750687125,0.3687046585880784,True,False,0.698106110845316,0.32725744108931365
434,2020-09-02,2020-09-30,0.24283080975133098,0.0971975331797985,2.4983227640369874,0.06385823137855787,3.802654794991206,0.11438098746664105,2.1229997670911174,True,False,0.6654330767797751,0.3465723870407174
435,2020-09-03,2020-10-01,0.2572078153458152,0.09764811156405154,2.634027542633036,0.0651842219175878,3.9458600222459084,0.11697443770699957,2.1988378007003173,True,False,0.6623306679260728,0.3413058833424753
436,2020-09-04,2020-10-02,0.25151398975678313,0.09678360895405884,2.5987250576300744,0.0643248366243946,3.9100602963894473,0.11616637186712366,2.165118749206321,True,False,0.6683046862821153,0.3413323651812497
437,2020-09-07,2020-10-05,0.25054374488312947,0.09701363004902575,2.582562313733827,0.0691417326342429,3.6236254912571573,0.12292487483876956,2.0381858855804986,True,False,0.6667548929512664,0.35857567915878436
438,2020-09-08,2020-10-06,0.24958739856714984,0.09703147117775933,2.5722314166494673,0.06772805416584696,3.685140546869699,0.12228143229222277,2.0410899176474877,True,False,0.666636980208443,0.3589223071061844
439,2020-09-09,2020-10-07,0.26648567429215275,0.10724940591363283,2.4847286753900693,0.07945590545990665,3.3538812848419566,0.15959737079573735,1.6697372454413282,True,False,0.6029266186992809,0.3498069040243879
440,2020-09-10,2020-10-08,0.25353020080211713,0.10207580676855507,2.4837442762217607,0.07402353248735681,3.4249946237761617,0.14356726331143027,1.765933228469725,True,False,0.6336117689240094,0.3456585338124521
441,2020-09-11,2020-10-09,0.28239012892856485,0.10116471660333187,2.791389512173697,0.07324977979304288,3.855166933285248,0.1377415860566943,2.0501443101746584,True,False,0.6390803168487457,0.3822448203824168
442,2020-09-14,2020-10-12,0.28133191667074486,0.10261799915550786,2.741545527938164,0.07634188394633708,3.685158161259175,0.14724452310162253,1.9106443536550446,True,False,0.6300267687022342,0.37949447165309147
443,2020-09-15,2020-10-13,0.2773312312796753,0.10283027584185259,2.696980330055671,0.06529814470081129,4.247153308112744,0.1335415320950118,2.0767414221544227,True,False,0.6287444345516521,0.39091123383908116
444,2020-09-16,2020-10-14,0.28557288293050925,0.10300048741245123,2.772539141363206,0.06631515825339669,4.306298747554932,0.13138591506347416,2.173542596194923,True,False,0.6276432057475608,0.39329883326188797
445,2020-09-17,2020-10-15,0.30443480395674555,0.10224296439484061,2.9775623756475116,0.06336928805413268,4.804137987106383,0.10910350544827013,2.7903301796392688,True,False,0.6320498756459578,0.39729758836181156
446,2020-09-18,2020-10-16,0.30593091815511103,0.09894498039787658,3.091929645393881,0.0624642089581027,4.897699390707268,0.10221865417401332,2.992906927088918,True,False,0.6531468668955828,0.4029560711568247
447,2020-09-21,2020-10-19,0.3109415339206836,0.09923237407955397,3.1334686568256815,0.06685955427524257,4.650667167786103,0.10204778346318001,3.0470189882455876,True,False,0.6512182794172393,0.40743070608628673
448,2020-09-22,2020-10-20,0.18517387065805216,0.12347528495554243,1.4996836875065682,0.07333878969803637,2.5249103703576683,0.10517680471101377,1.7605960854851996,True,False,0.523951806113364,0.34111259835551383
449,2020-09-23,2020-10-21,0.08821277424430084,0.1101392219615045,0.800920622765364,0.1062960054432387,0.8298785441321765,0.1377888910838106,0.6402023671897112,True,False,0.5877947340660014,0.3423065718204551
450,2020-09-24,2020-10-22,0.05349814685899187,0.11153038512685065,0.4796732908090024,0.0933244966725535,0.5732487049643583,0.13133306823330165,0.4073471181222776,True,False,0.5804158745424853,0.3115554250369936
451,2020-09-25,2020-10-23,0.01761493901889695,0.12006352416140999,0.14671349306068948,0.10738867700668295,0.16402976095702107,0.1515979234201077,0.11619512076087272,True,False,0.5390111165437701,0.30175818513185293
452,2020-09-28,2020-10-26,0.07909352134071437,0.11631529642918846,0.6799924323699392,0.09620860426021623,0.8221044463631284,0.13711593659187116,0.5768368236883953,True,False,0.5563276680267186,0.2993590594199855
453,2020-09-29,2020-10-27,0.04708148093879033,0.11325247682989616,0.41572142399592854,0.08729539388527463,0.5393352254148227,0.1222646496972617,0.38507844299532473,True,False,0.5714215440723202,0.2997285834029137
454,2020-09-30,2020-10-28,0.13956978371516407,0.09353351833832971,1.4921900319232284,0.07749127969783971,1.8011030952048528,0.12203114989886629,1.1437225973108749,True,False,0.6922938927205652,0.34591486883031913
455,2020-10-01,2020-10-29,0.13801092023777176,0.10536624343363775,1.3098210180065348,0.0982955554795928,1.4040402901677917,0.15160211381622543,0.9103495773487094,True,False,0.6144161009116429,0.3483595400358897
456,2020-10-02,2020-10-30,0.13002670551530957,0.10077252373089518,1.2902991877283465,0.0912115408145865,1.4255510251671548,0.14062332017408274,0.9246453956167779,True,False,0.6425740329773569,0.3474562263591013
457,2020-10-05,2020-11-02,0.13729744816801112,0.10104520705639673,1.3587724956749387,0.08762095531756689,1.5669476287995312,0.1357888077353937,1.0111101972082799,True,False,0.64080174953287,0.3482417456395907
458,2020-10-06,2020-11-03,0.14729819490747187,0.10099209522369196,1.4585121199952773,0.08894410904586805,1.6560758940371294,0.13479242077259707,1.0927780216661647,True,False,0.6410764882014925,0.3615991579174728
459,2020-10-07,2020-11-04,0.05219018085090299,0.06945607114237341,0.751412799378211,0.0666238412307363,0.7833559261489343,0.12247920110834955,0.42611464133190796,True,False,0.9349319563546139,0.36445024018315486
460,2020-10-08,2020-11-05,0.0585582451226215,0.06947726466970859,0.8428403939188516,0.06813749423340337,0.8594129529041913,0.13637122403168012,0.4294032376582464,True,False,0.9344362954228166,0.38420575844932414
461,2020-10-09,2020-11-06,0.05773737455906462,0.07085987429466134,0.8148105699280731,0.07366241779091086,0.7838104733807527,0.159513797352604,0.3619584983701229,True,False,0.9158888354131602,0.3905806970057319
462,2020-10-12,2020-11-09,0.037255508226470134,0.07123109960725228,0.5230230676191474,0.06220724330661595,0.5988934125056765,0.12566435817933616,0.2964683762861593,True,False,0.9114468790430659,0.35957323632240296
463,2020-10-13,2020-11-10,0.03731241623451322,0.0712309140905768,0.5238233526958109,0.06225553012574831,0.5993430006803709,0.12606770840786277,0.2959712420074899,True,False,0.9114457290474138,0.35950006895846176
464,2020-10-14,2020-11-11,0.034501597278746396,0.07088058174663942,0.48675668890629814,0.0668395251056224,0.5161855537457162,0.12944312557135354,0.26653866033023066,True,False,0.9158487799218807,0.33270945240765515
465,2020-10-15,2020-11-12,0.036484889019759326,0.0708771039138967,0.5147626949329376,0.06292517780859548,0.5798138406654696,0.12698094212549602,0.2873257073782072,True,False,0.9159918272048624,0.33618553058814565
466,2020-10-16,2020-11-13,0.027649708915118774,0.07099593115119732,0.3894548387038441,0.06707710119421455,0.4122078685997776,0.1239570291198759,0.22305882216957135,True,False,0.9143643468623225,0.3228297402633967
467,2020-10-19,2020-11-16,0.0237600577343559,0.07246591483298974,0.3278790834161836,0.06947924344702452,0.3419734665428835,0.13597584529710424,0.1747373416391764,True,False,0.8955943389775137,0.32562643509195865
468,2020-10-20,2020-11-17,0.02298605643329295,0.07247632009456467,0.3171526424534457,0.06816646357546555,0.33720476650289494,0.13161506037600826,0.17464609572509845,True,False,0.8955346491126484,0.32142340720597273
469,2020-10-21,2020-11-18,0.025887335642371802,0.0730698312752872,0.3542821324554927,0.06890787796250677,0.3756803490082407,0.13820540435796558,0.18731058863169386,True,False,0.8881822666348553,0.32229877781823535
470,2020-10-22,2020-11-19,0.05634582610071534,0.07603025484513395,0.7410974251695746,0.07094784949009326,0.7941865258168697,0.17802491765742232,0.31650527826190594,True,False,0.8533833656691049,0.32375800834595364
471,2020-10-23,2020-11-20,0.056338944420013935,0.07506025322177894,0.7505829250742128,0.07385652694656507,0.7628160536275279,0.16894793138782507,0.33346927634577656,True,False,0.8644347458331386,0.3205221926357016
472,2020-10-26,2020-11-23,0.06323164036469675,0.07528150454694896,0.8399359277584926,0.07179449430941429,0.8807310501023377,0.1817326208331292,0.34793775644031133,True,False,0.8618968174814765,0.32712765421544354
473,2020-10-27,2020-11-24,0.05301546379441484,0.07641291227468335,0.693802424436316,0.07421425072594634,0.714356923041465,0.1873879239141371,0.28291825154489153,True,False,0.8489612999441091,0.32408346521852566
474,2020-10-28,2020-11-25,0.06569313582460087,0.07781787644671168,0.8441908058180743,0.08910286336953213,0.7372730049331278,0.2142648041989783,0.30659788512720243,True,False,0.8334860599423345,0.3238186133965567
475,2020-10-29,2020-11-26,-0.015182944941163566,0.09014036211589678,-0.16843669788726048,0.04391049015118554,-0.34577033617452435,0.17317940182539926,-0.08767177147586594,True,False,0.7188116028819019,0.2741131377733222
476,2020-10-30,2020-11-27,-0.03829314996294176,0.0907029922048819,-0.4221817718697125,0.033464460838288766,-1.1442930501102886,0.10862889494222631,-0.3525134816413972,True,False,0.7141316386497509,0.24596209848139122
477,2020-11-02,2020-11-30,-0.02902447373487913,0.08920664075873917,-0.3253622542897484,0.03375080120859124,-0.8599639918323175,0.1515391257718583,-0.19153122064710462,True,False,0.7262059323686956,0.2486144713180444
478,2020-11-03,2020-12-01,-0.03653567980908376,0.09052319290934449,-0.4036057350039878,0.042442684733344276,-0.8608239567931999,0.15710134490227784,-0.23256121602148055,True,False,0.7153869204980011,0.24957370196962517
479,2020-11-04,2020-12-02,-0.03859726666799143,0.08727563102254407,-0.44224563278174883,0.027194616768997072,-1.4192980543117573,0.08538800665371453,-0.452022106857701,True,False,0.7423590756411511,0.2208835365291552
480,2020-11-05,2020-12-03,-0.12428996822352863,0.16405190436142167,-0.7576258788785909,0.11315971613325504,-1.0983587841203735,0.19348710398068106,-0.6423682285096298,True,False,0.39383310544565464,0.2358838458812961
481,2020-11-06,2020-12-04,-0.1896667310249238,0.16818841912108368,-1.127703869363189,0.1067296281431333,-1.7770766592624583,0.17657444328542424,-1.0741459947198388,True,False,0.38416795834807127,0.209086078131568
482,2020-11-09,2020-12-07,-0.135154728467996,0.15258848886249102,-0.8857465558217443,0.08199901355212905,-1.6482482241335061,0.15587594072611274,-0.8670660002974695,True,False,0.4236761387014585,0.20076958615106627
483,2020-11-10,2020-12-08,-0.13568596392149626,0.1471128363401408,-0.9223257962872501,0.07908587668416775,-1.7156788242148844,0.14444623750856486,-0.9393527049359859,True,False,0.4394627870862678,0.19846300333208075
484,2020-11-11,2020-12-09,-0.14375720365678749,0.14680147715110348,-0.9792626508030127,0.08297874002150228,-1.7324582612309571,0.1450008805474709,-0.9914229700813696,True,False,0.44042769015577804,0.20478168807401764
485,2020-11-12,2020-12-10,-0.129380594570052,0.15082065857573343,-0.8578439836548288,0.08794158431553381,-1.4712106403022636,0.14865199527412465,-0.8703589503219593,True,False,0.4286566407004516,0.20405722026684053
486,2020-11-13,2020-12-11,-0.09488122834560403,0.14224114258817291,-0.667044897272171,0.08875186009603055,-1.0690618567649335,0.13584332429053722,-0.6984607365958977,True,False,0.454574872205595,0.20172757302703923
487,2020-11-16,2020-12-14,-0.10429009942338033,0.14087324156217804,-0.7403116324071325,0.08444336804304739,-1.2350300780307046,0.13395590339363922,-0.7785405255109679,True,False,0.4590080630283129,0.20304446708560592
488,2020-11-17,2020-12-15,-0.09938068893968514,0.13863765175185763,-0.7168376532917835,0.08651819556134671,-1.1486680725931013,0.13203353032747064,-0.7526928098733734,True,False,0.46646038420457064,0.19835760354911913
489,2020-11-18,2020-12-16,-0.09944226383519947,0.13863778728647075,-0.7172810947257793,0.08678722979288221,-1.1458167759533113,0.1320399246753003,-0.7531226943648914,True,False,0.4664603842045706,0.19833408018620421
490,2020-11-19,2020-12-17,-0.1339445406374633,0.1355932949717266,-0.9878404434776286,0.07276800225251677,-1.8407065810691632,0.12540970616935637,-1.0680556133078032,True,False,0.4768166676883612,0.21216466450345967
491,2020-11-20,2020-12-18,-0.12809086763209424,0.13587011986759545,-0.9427449372747883,0.07771917696344562,-1.6481243450678897,0.1260307855782959,-1.0163458637851506,True,False,0.4758925096957346,0.22387364807928542
492,2020-11-23,2020-12-21,-0.056859452048630466,0.1280392376575569,-0.44407833949075853,0.08763589154659802,-0.6488146699391651,0.1440594654460474,-0.394694315105072,True,False,0.5052412420933277,0.23801219486550704
493,2020-11-24,2020-12-22,-0.11504111305392806,0.1168612107199853,-0.9844251342695872,0.06209301300504642,-1.852722351298663,0.1446018574807037,-0.7955714750709868,True,False,0.553647720266284,0.23751507391711865
494,2020-11-25,2020-12-23,-0.10755094127068252,0.11295863669840384,-0.9521267643999661,0.06076206795291204,-1.770034248242338,0.1346340008142223,-0.7988393765337855,True,False,0.5728962536810431,0.23405753864370096
495,2020-11-26,2020-12-24,-0.11843213500694341,0.10348174416913762,-1.1444737036261183,0.055484226279410465,-2.1345189966340428,0.11370276674188022,-1.041594135310704,True,False,0.6256058485167656,0.2315080405039192
496,2020-11-27,2020-12-25,-0.1169629063916503,0.10376216355016418,-1.1272211602941777,0.05479502619009007,-2.1345533440552233,0.11324721007682871,-1.0328104887731964,True,False,0.623908008685463,0.2315080405039192
497,2020-11-30,2020-12-28,-0.11596526360338749,0.10354424347094249,-1.1199585772813214,0.05388239381797864,-2.1521921241126076,0.11193629638241492,-1.035993394021258,True,False,0.6252237336054932,0.2314566006188466
498,2020-12-01,2020-12-29,-0.11248316325353498,0.10494202127795564,-1.071860079344245,0.05738089477257719,-1.9602894604440992,0.12209815892331408,-0.9212519193199468,True,False,0.6167760068311106,0.243170922051245
499,2020-12-02,2020-12-30,-0.13656896291875814,0.10397226078196661,-1.3135134495646674,0.06144979256517866,-2.2224479077598507,0.11529826665130942,-1.1844840940391288,True,False,0.6224851145116337,0.23506333794343953
500,2020-12-03,2020-12-31,-0.13061937292782036,0.10597945211187132,-1.2324971522775876,0.062352070717751854,-2.094868244538229,0.12247015261240736,-1.0665404601985236,True,False,0.6107510382101142,0.2341694466455117
501,2020-12-04,2021-01-01,-0.07135892486141661,0.11164034608023321,-0.6391858084185146,0.03138442947542309,-2.2737047017947942,0.10503174955653767,-0.6794033724345868,True,False,0.5799389272306855,0.20824552877196273
502,2020-12-07,2021-01-04,-0.07774409514577246,0.11071537804795152,-0.7021978022971751,0.03147145225953061,-2.4703052946096236,0.10153083129377219,-0.7657190840959973,True,False,0.5847984434540702,0.2043714483432809
503,2020-12-08,2021-01-05,-0.07183040956613446,0.11430627058532114,-0.6284030543409111,0.0353027726593555,-2.034695978676872,0.11729358751552837,-0.6123984361602454,True,False,0.5663584532693372,0.20805850040125795
504,2020-12-09,2021-01-06,-0.06082605038166087,0.11408318533776295,-0.5331727914291212,0.03551105220179731,-1.7128766006708835,0.11535737479482142,-0.5272835871122082,True,False,0.5674696335949553,0.20795719237063096
505,2020-12-10,2021-01-07,-0.0515279795795175,0.1141954901308733,-0.4512260468470695,0.0372856242331818,-1.3819798015788864,0.10952301884469132,-0.47047625351330524,True,False,0.5669522165507195,0.22684236558886442
506,2020-12-11,2021-01-08,-0.05001718505336405,0.11508936676295628,-0.434594319702722,0.03956440720033707,-1.264196498638249,0.11265307004374997,-0.44399309343224613,True,False,0.5625442731371297,0.22683258396037867
507,2020-12-14,2021-01-11,0.009754754048679653,0.10824525886882043,0.09011714832241459,0.08142005164257572,0.1198077605195076,0.11569925410707932,0.08431129590214693,True,False,0.598300231487028,0.25077234666283377
508,2020-12-15,2021-01-12,0.028440737290939374,0.10326529869204326,0.2754142742157272,0.08486887497209014,0.33511387184397523,0.10506086391633976,0.2707072475016654,True,False,0.6272506347994151,0.25564448904760906
509,2020-12-16,2021-01-13,0.023244426203646227,0.10357326332238503,0.22442496700422557,0.08868573260920494,0.26209882378796096,0.10515243491544429,0.2210545692293065,True,False,0.6253896806011295,0.2513715741974155
510,2020-12-17,2021-01-14,0.027759869735867353,0.10292847528747856,0.2697005824513986,0.09031541726266684,0.3073657917687802,0.10408631631922648,0.26670047243030004,True,False,0.629319309959246,0.2528514306865837
511,2020-12-18,2021-01-15,0.07921723759238723,0.10432848047823262,0.7593059654397567,0.08655524201496405,0.9152217213914301,0.08374108061853645,0.9459782105421285,True,False,0.6207601661573721,0.24421625495305152
512,2020-12-21,2021-01-18,0.06764820448030967,0.10255573202488352,0.6596238274024109,0.08257226742848658,0.8192605893849021,0.08517686896638259,0.7942086308315572,True,False,0.6315737501459632,0.2320087372085091
513,2020-12-22,2021-01-19,0.03767114994829822,0.11096160600054845,0.3394971585767425,0.11071622011308366,0.34024960308274205,0.11250159972680476,0.3348499047104896,True,False,0.5835873580100033,0.22147123224805443
514,2020-12-23,2021-01-20,0.07153604244384468,0.11393091935676933,0.627889626869708,0.09922328592392464,0.7209602239810118,0.10656685617721286,0.6712785288972538,True,False,0.5682706989748377,0.21425414487003872
515,2020-12-24,2021-01-21,0.0487474810826871,0.11405325572170921,0.42740981635483793,0.1054126285740964,0.462444412420867,0.11021037603388745,0.4423129911805967,True,False,0.5676801611557216,0.21584427805615516
516,2020-12-25,2021-01-22,0.09437840760947047,0.12230051431047397,0.7716926469326204,0.09280725513931355,1.016929198776523,0.10726580490628075,0.8798554925489056,True,False,0.5292305093121004,0.22906590208323754
517,2020-12-28,2021-01-25,0.09151593727511086,0.12250479686533974,0.7470396230745756,0.09565074231752844,0.9567718457563934,0.1059473548599584,0.8637869005420377,True,False,0.5283583554883409,0.23832495313653715
518,2020-12-29,2021-01-26,0.10193576522764279,0.12267129040321935,0.8309667640454496,0.09487350656453401,1.0744386807111947,0.10895349731643031,0.9355896574076358,True,False,0.5276198643957128,0.2416636981756564
519,2020-12-30,2021-01-27,0.12170854254292272,0.11833420551901286,1.0285153139712229,0.08901128862178825,1.3673382829010163,0.09216930280944777,1.3204889136955373,True,False,0.5469431019556273,0.2380687245481844
520,2020-12-31,2021-01-28,0.15300966629869509,0.12135573956507675,1.2608358438345142,0.07124172511008023,2.1477535259325893,0.07947282584650497,1.9253079863325897,True,False,0.533192591548881,0.23409226830759355
521,2021-01-01,2021-01-29,0.15162578853352876,0.11995108074020328,1.2640635465546852,0.06988428268039383,2.1696693837006022,0.07827046299709531,1.9372031635887441,True,False,0.5394581883980427,0.23468423452598
522,2021-01-04,2021-02-01,0.17399308303973446,0.11613267892000483,1.4982267235872977,0.06573711080100225,2.6468014933975725,0.07123234908988711,2.442613296666308,True,False,0.5571108890864365,0.24945673560082188
523,2021-01-05,2021-02-02,0.19505269934220956,0.1178721694089192,1.65478161910754,0.06801912310220333,2.8676156122908214,0.07010419175735384,2.7823257704379536,True,False,0.5487854877484077,0.2500692641837942
524,2021-01-06,2021-02-03,0.1693389341585766,0.11442002819416823,1.4799763365834189,0.06155024376521808,2.7512309261441086,0.06596652183687816,2.5670435463812606,True,False,0.5654323463534914,0.24295316505271905
525,2021-01-07,2021-02-04,0.16647186508858833,0.11726035333082141,1.4196773279279542,0.06260257039531662,2.6591857816279427,0.06531149394264131,2.5488907853614458,True,False,0.5515916866870166,0.25382220680563716
526,2021-01-08,2021-02-05,0.1868802021253128,0.11571553447583818,1.6149966637740767,0.0648121100744947,2.8834148727840168,0.07466583567522218,2.5028877054051226,True,False,0.5590828894189132,0.26739729834029163
527,2021-01-11,2021-02-08,0.19234454026039663,0.11482262445773089,1.6751449565691081,0.06551599450021738,2.935840961091699,0.07445762919765332,2.5832751100602964,True,False,0.5634379221837368,0.271225902395866
528,2021-01-12,2021-02-09,0.15320358674327156,0.13308366370445865,1.1511825154099573,0.07533062961507907,2.033748921602064,0.1019796077304513,1.5022962938650792,True,False,0.4861427396916481,0.25675112336732087
529,2021-01-13,2021-02-10,0.1532163640938581,0.14330872568516964,1.0691349278372222,0.08703295227465938,1.760440845558548,0.11910264692533022,1.28642282979584,True,False,0.45139558340833746,0.2534556917984883
530,2021-01-14,2021-02-11,0.14446293624802303,0.1433674868227774,1.007640849745799,0.08614341664731368,1.6770049513995915,0.11716375446827154,1.233000230349773,True,False,0.4512213966862945,0.25078984583657826
531,2021-01-15,2021-02-12,0.1352608691670348,0.14453341954429416,0.9358449387934279,0.08880265386260305,1.5231624651253406,0.11654804050398232,1.1605589298810484,True,False,0.44758294410383165,0.2471617566320425
532,2021-01-18,2021-02-15,0.11144324379319621,0.14672502894787715,0.759538059677504,0.10141356282198907,1.0988988128620647,0.11947043451189035,0.9328102324940049,True,False,0.44092955613679613,0.23716634049388985
533,2021-01-19,2021-02-16,0.1471573936558235,0.14215804789473174,1.0351675183721838,0.08258186512749821,1.781957738888884,0.11026543846894539,1.3345740578292642,True,False,0.4550588328350495,0.24431235232891274
534,2021-01-20,2021-02-17,0.2095656970240895,0.15604354313241564,1.3429949924057798,0.05860492413019475,3.575905952177761,0.11112489888610338,1.8858572572370325,True,False,0.4144011597883445,0.2474758079476145
535,2021-01-21,2021-02-18,0.20519688119975146,0.1585459357229224,1.2942424557533727,0.056618509504590075,3.6242013962433277,0.11528956405443777,1.7798391630907806,True,False,0.4078541101139233,0.2483628389064026
536,2021-01-22,2021-02-19,0.2679191361482011,0.15917603463882954,1.6831625235300636,0.053749842862620835,4.984556640155681,0.11376354728535758,2.3550525853080955,True,False,0.4061234406622389,0.26029634808391316
537,2021-01-25,2021-02-22,0.18169414009919574,0.13254669725850773,1.3707934173933813,0.05395912026089922,3.3672554189297643,0.10733736506686518,1.692738963603312,True,False,0.48804713429398683,0.2544303011587632
538,2021-01-26,2021-02-23,0.1873575888094224,0.13243070554132613,1.4147594248899917,0.0550287058912404,3.4047246028230957,0.10617438675626936,1.7646213416755088,True,False,0.48846574845574636,0.2469896568205222
539,2021-01-27,2021-02-24,0.17104479103763068,0.13423763364801192,1.274194027333138,0.05505972277591059,3.1065320058688197,0.10551290900016835,1.6210792845959519,True,False,0.48192005782733965,0.24592157332565626
540,2021-01-28,2021-02-25,0.13931949967640575,0.12888199367120004,1.0809849825246618,0.042944433556901536,3.2441806338371397,0.08659230339674011,1.608913196800937,True,False,0.502052938102342,0.2345741636955051
541,2021-01-29,2021-02-26,0.22180238218682277,0.10218500505891415,2.1705961854084554,0.04878897901866506,4.546157485729892,0.09925949468827827,2.2345709383609806,True,False,0.6331633054635718,0.2933062580948939
542,2021-02-01,2021-03-01,0.15947449421497156,0.08355906154294551,1.9085242374701517,0.03380557245396318,4.71740256527665,0.10309573482453652,1.5468583107379632,True,False,0.7753797039688161,0.30035228405650993
543,2021-02-02,2021-03-02,0.14516425263201221,0.08407760305622268,1.726550797778344,0.03334946832037893,4.352820597841626,0.1049814103236675,1.3827615021026793,True,False,0.770710038963524,0.2865662459594196
544,2021-02-03,2021-03-03,0.13752169730513342,0.08385726043982983,1.6399497978330628,0.03331381713374392,4.128067845033471,0.09904155108855284,1.3885252784679791,True,False,0.7727920939894152,0.2882045889091934
545,2021-02-04,2021-03-04,0.129446595887022,0.08391270109296162,1.5426341209492975,0.04561799051043917,2.8376216145996085,0.10542222138913633,1.2278871966585345,True,False,0.7723525188116408,0.2884594643730425
546,2021-02-05,2021-03-05,0.15240159727018512,0.08389476037377193,1.81658063735087,0.045401959730834295,3.3567184802968555,0.10451864868470519,1.4581282784273781,True,False,0.7722982329202497,0.33885025589196394
547,2021-02-08,2021-03-08,0.14399310421116077,0.08459979227857371,1.7020503281735526,0.0371046636315838,3.8807279225297333,0.0946757335595522,1.5209082496370345,True,False,0.7657245040424657,0.33039729937315104
548,2021-02-09,2021-03-09,0.14323306130814145,0.08583323994475868,1.668736510474551,0.038611908945956785,3.709556590652325,0.10212246052892902,1.4025617926388163,True,False,0.7547220639900767,0.33630951830962524
549,2021-02-10,2021-03-10,0.15150861020503853,0.08520522713813598,1.778160980187407,0.042262832279172914,3.584913789123921,0.10239316909696063,1.4796749777474738,True,False,0.7602500816015273,0.33904951538203465
550,2021-02-11,2021-03-11,0.17821069339177098,0.08346404048219723,2.135179322282907,0.06512043953522886,2.736632225821549,0.11455914931722597,1.55562165443711,True,False,0.7760242452954641,0.3657266106144677
551,2021-02-12,2021-03-12,0.17595637879697154,0.08317749415518935,2.115432552809044,0.06448587580869963,2.7286033815986985,0.11349459803977546,1.5503502531046072,True,False,0.7787141868752643,0.3649655737131228
552,2021-02-15,2021-03-15,0.17515561355091847,0.08334686296615207,2.101526168082064,0.06507368963029064,2.6916502590531866,0.11284026692002581,1.5522438782873307,True,False,0.7770972928484808,0.3646739599497402
553,2021-02-16,2021-03-16,0.1793160189616687,0.08291132852373731,2.162744490462856,0.06621703404893255,2.7080043909722558,0.11343784306434936,1.5807424940189398,True,False,0.7811896080040024,0.3687087811405344
554,2021-02-17,2021-03-17,0.17024216699288094,0.08333287913944792,2.042917138480244,0.06042818223949839,2.8172644068317436,0.10835933855461626,1.5710890197716918,True,False,0.7773144214812904,0.3663931292028173
555,2021-02-18,2021-03-18,0.1780450371044427,0.08311385908771711,2.142182291361741,0.06115123978780802,2.9115523695390437,0.1127464930382147,1.5791625291980964,True,False,0.7793626950228617,0.3746256439459528
556,2021-02-19,2021-03-19,0.17931941938077198,0.08341421701440846,2.14974647966542,0.06094833984899604,2.942154287139714,0.11403640253364591,1.5724752394557924,True,False,0.776526535152398,0.37546856343546325
557,2021-02-22,2021-03-22,0.14914675605700006,0.08147294423718321,1.8306292653768046,0.05846145979476915,2.551197944433557,0.1012970360157417,1.4723703863736195,True,False,0.7953785382776857,0.36171722603735934
558,2021-02-23,2021-03-23,0.1655729687095561,0.08523769015421785,1.9424854006483536,0.06335084734281761,2.6135872786921435,0.11351537836854303,1.4585950475538305,True,False,0.7599025689485278,0.36322822760921075
559,2021-02-24,2021-03-24,0.15872449361753835,0.08499932051199668,1.8673619113829998,0.06295536344878606,2.5212227350043035,0.10575827358041298,1.5008234178184903,True,False,0.7620100273042603,0.3672109778033917
560,2021-02-25,2021-03-25,0.16213207561863335,0.08505945953661287,1.9061028191561158,0.06344830084373516,2.555341490041528,0.10097500749763771,1.6056653981672286,True,False,0.7612723920889087,0.36640883907482485
561,2021-02-26,2021-03-26,0.17943414183150289,0.08625776444174206,2.080208581717783,0.061324697559805255,2.9259686385980883,0.10800054789725137,1.6614188105991035,True,False,0.7505887824547351,0.3725245224748108
562,2021-03-01,2021-03-29,0.13103591161899833,0.10337080461947597,1.2676297925837177,0.08501873129496842,1.541259315719209,0.1214805164435937,1.0786578412336716,True,False,0.6262773358875542,0.33413936610574285
563,2021-03-02,2021-03-30,0.2117214382773026,0.14348633761157414,1.4755512043972079,0.15004772139696287,1.411027347207607,0.19976421592509477,1.0598566780183065,True,False,0.45060539766575863,0.32844016347261634
564,2021-03-03,2021-03-31,0.24537205336935883,0.13927048956359683,1.761838090310665,0.14242428180187494,1.7228245792434014,0.19149101977707786,1.2813762945907645,True,False,0.46421692852903507,0.33990043605503184
565,2021-03-04,2021-04-01,0.24152949215667435,0.13272396257195426,1.8197881337797825,0.12079849611707863,1.9994412175676635,0.17185385334778347,1.4054354176620476,True,False,0.48717655554249395,0.33924237023224635
566,2021-03-05,2021-04-02,0.33499471599508535,0.1453491325798878,2.304758962431119,0.1709674224774259,1.959406717027141,0.21520489060051945,1.5566315201308756,True,False,0.44451636203187783,0.33877083146014497
567,2021-03-08,2021-04-05,0.2596118819549477,0.14747665367143406,1.7603591856195882,0.12924451716584784,2.0086877776162155,0.1730396894087056,1.5003025192779078,True,False,0.4383905726564693,0.2798590978605462
568,2021-03-09,2021-04-06,0.19533941148469594,0.15515515530257934,1.2589940121792949,0.11074767188701695,1.7638240890876529,0.16107030953960091,1.2127586520634928,True,False,0.41676943790850574,0.2612679017118737
569,2021-03-10,2021-04-07,0.1988550886405711,0.15107273961265547,1.3162870359697434,0.11238345767004713,1.769433800696904,0.1548465130548953,1.2842077274938322,True,False,0.4280693859164929,0.25621535933243655
570,2021-03-11,2021-04-08,0.1832328506009699,0.14717251237981593,1.2450208781385148,0.1019442898461739,1.7973821866575772,0.1456569086764955,1.2579756927831738,True,False,0.43946994230476294,0.2499819929700098
571,2021-03-12,2021-04-09,0.08759614920704595,0.15251548811782265,0.5743426473472345,0.0787390729490381,1.1124864178136866,0.11397200060827077,0.7685760427082406,True,False,0.42417805598053593,0.2143721246383365
572,2021-03-15,2021-04-12,0.07000942462143017,0.14838472959544596,0.47181017084644006,0.08449739261044337,0.8285394668234701,0.1099050464833324,0.6369991812163732,True,False,0.4360219391765874,0.21363541005803882
573,2021-03-16,2021-04-13,0.06871639215385013,0.14723639177912265,0.46670793357212487,0.0841887486946188,0.8162182384145871,0.10799668475120064,0.6362824221146861,True,False,0.43943655028834455,0.21297291245661734
574,2021-03-17,2021-04-14,0.05966397583669521,0.1471239692835875,0.40553538711078707,0.08445752557541852,0.7064376493414636,0.10269361515868704,0.5809901204130326,True,False,0.439779889949421,0.21483831835304573
575,2021-03-18,2021-04-15,0.0635040395386544,0.1473260513219946,0.4310441973352051,0.0846434315054917,0.7502536039613923,0.09915353425506146,0.64046168415235,True,False,0.43916932275498616,0.21349618277106008
576,2021-03-19,2021-04-16,0.04842460320811136,0.14820495101692088,0.3267407929076716,0.08660488381021443,0.5591440237276782,0.09562792316107328,0.506385599596743,True,False,0.43657208843062223,0.202264772965017
577,2021-03-22,2021-04-19,0.0276077684211785,0.1457363079276761,0.18943644733252937,0.08667293868600105,0.3185281223842657,0.08524584028886636,0.32386059340404255,True,False,0.4439713352498614,0.20450247040721306
578,2021-03-23,2021-04-20,0.06978279826704419,0.17337519569395807,0.40249585869379373,0.13784313265007542,0.5062479133015119,0.11270368808149943,0.619170494372661,True,False,0.37306953649367725,0.20487772453102052
579,2021-03-24,2021-04-21,0.018768244926604668,0.17579553420003616,0.10676178443332042,0.1306014103330445,0.14370629596375778,0.10767057580793973,0.17431173545577602,True,False,0.3679206154261871,0.19395403511350345
580,2021-03-25,2021-04-22,0.017580759451719642,0.1754259273224666,0.100217566012365,0.13328180487575658,0.13190667299342307,0.10856451405832135,0.16193836083745725,True,False,0.3686719508709944,0.17630885238194952
581,2021-03-26,2021-04-23,-0.008093001445003847,0.17507705604390617,-0.046225368576989716,0.11883595763007339,-0.06810229501576197,0.10815309488141218,-0.07482912489816097,True,False,0.36935933243096153,0.15575760489571486
582,2021-03-29,2021-04-26,-0.011130170925029053,0.17804407656430335,-0.06251357045854442,0.11212567596628131,-0.09926514002355842,0.1110867198274148,-0.1001935329652453,True,False,0.36318955602974035,0.15672271594691317
583,2021-03-30,2021-04-27,-0.027408744964943187,0.18022390945814257,-0.15208162472642917,0.09901533034642424,-0.2768131446822265,0.11232571248589372,-0.2440113163616503,True,False,0.35877896495714784,0.15128257695476421
584,2021-03-31,2021-04-28,-0.09355065546820258,0.18537032725376,-0.5046689880421789,0.06287207139477005,-1.4879524945313716,0.09624211688530517,-0.9720344740514167,True,False,0.34872859517673555,0.13190110029121047
585,2021-04-01,2021-04-29,-0.1325867505107516,0.19129802645448674,-0.6930900070853392,0.05268711155903529,-2.5164930585004592,0.08516429151091376,-1.5568350086463256,True,False,0.3379272968855953,0.12128385913604778
586,2021-04-02,2021-04-30,-0.14161510550363923,0.20707834074436007,-0.6838721277879286,0.054447150879204195,-2.600964480544167,0.0964431047874136,-1.4683797853231375,True,False,0.3121891143611827,0.14812412640763672
587,2021-04-05,2021-05-03,-0.14108166687996263,0.20634192724652614,-0.6837275815079787,0.05334086108771533,-2.6449079374246254,0.09530282629339176,-1.4803513428409745,True,False,0.31329511367865354,0.14741354375425042
588,2021-04-06,2021-05-04,-0.04744114268409886,0.19421415597048303,-0.2442723211757491,0.07680307396529719,-0.6176984882862206,0.11376741867836745,-0.4170011347292672,True,False,0.33297161549089127,0.1543542145178021
589,2021-04-07,2021-05-05,-0.03160884632307171,0.195892392632864,-0.16135821252799806,0.07338902375505044,-0.4307026406097475,0.11277015673153122,-0.28029442575239133,True,False,0.33012635460735174,0.15039122077469297
590,2021-04-08,2021-05-06,-0.07915522181343511,0.2054610611179012,-0.3852565609403375,0.08015272339264586,-0.9875549883149414,0.13072098393934403,-0.6055280447564868,True,False,0.31469712749856604,0.15577673648071524
591,2021-04-09,2021-05-07,-0.06042054441081965,0.21578403267308524,-0.2800047049929654,0.12426283557087964,-0.4862318176890122,0.15665532527193446,-0.3856909703256942,True,False,0.2995545301687374,0.2138414199323711
592,2021-04-12,2021-05-10,-0.022004544643103783,0.2236512589241897,-0.09838775220381205,0.12214740344143224,-0.18014746137157647,0.17406922611794814,-0.12641260683375274,True,False,0.28895375489767144,0.21102756998098054
593,2021-04-13,2021-05-11,0.11224981991222704,0.24043456477466413,0.4668622417805354,0.13859297700431183,0.809924300195491,0.1597619781619166,0.7026065976628267,True,False,0.2687460954462055,0.2145674114308519
594,2021-04-14,2021-05-12,0.1275391334773436,0.26498262790662863,0.4813113013668364,0.1503924250715328,0.8480422695270774,0.19064534232826022,0.6689863592772279,True,False,0.24391723481223204,0.26325430027355384
595,2021-04-15,2021-05-13,0.1258120554743891,0.2605704477229473,0.4828331707368417,0.1479146843576451,0.85057177399768,0.1885106302153162,0.6674003228925975,True,False,0.24807161878728382,0.26123487375418514
596,2021-04-16,2021-05-14,0.1739070534455024,0.19115544119035244,0.909767738561655,0.08277155600086432,2.101048498395831,0.1053806132675524,1.650275587255952,True,False,0.33818154311470605,0.2723601937546177
597,2021-04-19,2021-05-17,0.17297885016857106,0.19266012828536772,0.8978445706854051,0.08487987073128486,2.0379254666420556,0.1098458616451555,1.5747416204659532,True,False,0.3355460836778931,0.2720398725401958
598,2021-04-20,2021-05-18,0.19642385336318052,0.19535378405751666,1.005477597021355,0.06063639657260148,3.2393721339954182,0.09414334950681748,2.0864336609242518,True,False,0.33090332131436906,0.2705949556799669
599,2021-04-21,2021-05-19,0.17217163378738617,0.181035478520108,0.9510380793578133,0.06529929394690624,2.636653834685809,0.09275581557761824,1.8561815527708085,True,False,0.3571127839035202,0.2705559088084095
600,2021-04-22,2021-05-20,0.156421513424962,0.17808346691094418,0.8783606706353326,0.06485787842143542,2.4117580968122594,0.09616728000698589,1.6265564900410934,True,False,0.36306832446384996,0.27069263776531716
601,2021-04-23,2021-05-21,0.06976719187218244,0.1641973044847829,0.42489852127047656,0.11715548359235564,0.5955094011214916,0.14979650179128487,0.46574646962978333,True,False,0.3939076184399464,0.27465740847766534
602,2021-04-26,2021-05-24,0.060390587018423855,0.16654760407066677,0.3626025565207165,0.12996633286877787,0.46466331460931476,0.16483609533561072,0.36636749308740296,True,False,0.388336150197783,0.2747405718019071
603,2021-04-27,2021-05-25,0.0401415078805944,0.17026006391227005,0.2357658452499943,0.13892780734478258,0.2889378926205439,0.1886648046448838,0.2127662759153789,True,False,0.3798767931476659,0.27101169053816054
604,2021-04-28,2021-05-26,0.04005478093497927,0.17021871627441532,0.23531361187335953,0.13948128905629376,0.28716956378868436,0.18768195100520388,0.21341839596429105,True,False,0.37996231898431365,0.26982230178869826
605,2021-04-29,2021-05-27,0.0356532581201915,0.16816248282636986,0.2120167205012309,0.13489487102535794,0.26430403060683677,0.1756463161468629,0.20298323871694976,True,False,0.38463422975265477,0.2696113033502503
606,2021-04-30,2021-05-28,0.03519915741050978,0.16820283388904153,0.2092661377734553,0.13541576096342609,0.2599339778477971,0.1751197046911899,0.2010005525796242,True,False,0.3845361143361792,0.2699389037287309
607,2021-05-03,2021-05-31,0.055447182350494645,0.1678401660610158,0.3303570513052141,0.1421765101622798,0.38998834819624856,0.17154933168506847,0.3232142136950145,True,False,0.38532033813176153,0.2585091274674288
608,2021-05-04,2021-06-01,0.05928428656579393,0.16768796426962257,0.35353930631820274,0.14295793243792818,0.4146974257027322,0.16877324965558455,0.3512658948427866,True,False,0.38564662737642563,0.26122244101736414
609,2021-05-05,2021-06-02,0.0261859764746872,0.1727595332345049,0.15157471188083257,0.14150553037139338,0.18505267183522695,0.17925024285453608,0.14608614224270514,True,False,0.37429249786458996,0.2529323358917098
610,2021-05-06,2021-06-03,0.009327957148792124,0.17295772591484024,0.053932006213963296,0.13878311322179637,0.06721247947424727,0.18855567067986412,0.04947057341292816,True,False,0.3739563018975311,0.28560658513875625
611,2021-05-07,2021-06-04,0.06877424123579091,0.16528991598801906,0.41608249858857677,0.1308981558778599,0.5254026748853792,0.14996475671703507,0.45860269266838066,True,False,0.3913126502062685,0.2908846288766931
612,2021-05-10,2021-06-07,0.05929506044948381,0.16048552512407765,0.36947295030901056,0.12268931981495304,0.4832943938308238,0.14173494232978756,0.41835174498830785,True,False,0.40309249102926425,0.24882318279086016
613,2021-05-11,2021-06-08,0.04104940750649978,0.15626589603902466,0.2626894834190079,0.11441157326084297,0.3587871955305838,0.13833238852439597,0.29674473161619996,True,False,0.4140114589882563,0.2467244647675542
614,2021-05-12,2021-06-09,0.04021319864437173,0.1677153636404979,0.23977051220286372,0.13279928575357897,0.302811859387489,0.15678581599348093,0.2564849274761167,True,False,0.38570098208104747,0.24605226693843252
615,2021-05-13,2021-06-10,0.012264084783196688,0.1676006426051175,0.07317444964749925,0.11561921139128006,0.10607307069144772,0.14802789439887307,0.08284982254864832,True,False,0.3859481993331301,0.20135452545587113
616,2021-05-14,2021-06-11,-0.08421324005434931,0.16551273144363546,-0.508802188930268,0.14333505402411723,-0.5875271797796217,0.18655138624946146,-0.4514211432432731,True,False,0.39082216404968323,0.23287804928958178
617,2021-05-17,2021-06-14,-0.232535440131001,0.17903669687796056,-1.298814400544418,0.13614111731452297,-1.7080470964093892,0.16145340803719332,-1.4402634354886632,True,False,0.36112308448436553,0.21628985669888412
618,2021-05-18,2021-06-15,-0.17501535106659993,0.17399787561102603,-1.0058476314840101,0.11640965034633532,-1.5034436624962302,0.16422142493594355,-1.065727880115927,True,False,0.37165082335236843,0.229255357392177
619,2021-05-19,2021-06-16,-0.16466916204941584,0.17581095925823342,-0.9366262646206692,0.1190496075402548,-1.3831978571935695,0.16551612465386542,-0.9948828997403075,True,False,0.36782374097396275,0.22863945058049098
620,2021-05-20,2021-06-17,0.28189753024439534,0.13946358490761185,2.0212984660557765,0.22711327411136528,1.2412199654440565,0.4918452818897577,0.5731426947134565,True,False,0.46333776967541274,0.3634933185466744
621,2021-05-21,2021-06-18,0.29577674987759633,0.14083727944076768,2.1001310949207306,0.22756495861688503,1.299746462176317,0.4691995000022279,0.6303859016818899,True,False,0.4586768314748699,0.3701532367980415
622,2021-05-24,2021-06-21,0.35203341871257987,0.14948602366675381,2.3549587451557406,0.22554770262076432,1.5607936353246237,0.5109440528575675,0.6889862339012564,True,False,0.4320615337918242,0.37420861379895964
623,2021-05-25,2021-06-22,0.3455410221802744,0.14639467505979625,2.3603387352657124,0.19703613865914893,1.7536936347398826,0.4872167422295583,0.7092141797078647,True,False,0.4411410724791402,0.37120431747946986
624,2021-05-26,2021-06-23,0.35403177351923115,0.14702865538331192,2.4079100267648545,0.20272422746867277,1.7463713042090152,0.5074719391678943,0.6976381277351803,True,False,0.4392934128972369,0.3898818054000636
625,2021-05-27,2021-06-24,0.3450167618488736,0.14359662229362477,2.402680204715311,0.19285790312060258,1.7889687498734201,0.4854728682236861,0.7106818618129322,True,False,0.4498231445410224,0.39060370326680893
626,2021-05-28,2021-06-25,0.34062646978933375,0.1316094528671862,2.588161126488971,0.16515970001050342,2.0624066873920905,0.3733585167227738,0.9123307880566061,True,False,0.4908290161754187,0.3993706228975187
627,2021-05-31,2021-06-28,0.3241937639736555,0.1287039894768184,2.5189099832219877,0.1649767567907591,1.9650875085684476,0.34847408680688235,0.9303238784389655,True,False,0.5019652450888418,0.3979435575460123
628,2021-06-01,2021-06-29,0.3147274990283597,0.12401756106278645,2.5377655900604466,0.1571905317409934,2.0022039212065503,0.3058569422160755,1.029002306594753,True,False,0.5209424318185238,0.3991672429264579
629,2021-06-02,2021-06-30,0.3147381497075105,0.12219998544066238,2.5755989133103494,0.14715997578763013,2.138748311305217,0.2793858047951013,1.126535938138791,True,False,0.5285725628712655,0.3954603452645104
630,2021-06-03,2021-07-01,0.3156056248808837,0.12166656902372104,2.5940209164552903,0.14532174511244686,2.171771503546663,0.272763424547247,1.1570672475781874,True,False,0.5308579868221357,0.3957950592188245
631,2021-06-04,2021-07-02,0.3179159783810638,0.11742497714277154,2.7073965532437327,0.14272279406600288,2.227506688483424,0.2604343387026106,1.2207145185416248,True,False,0.550187518683297,0.38600749528962713
632,2021-06-07,2021-07-05,0.2974270197080412,0.12016242166098028,2.4752082689144332,0.15027756910498016,1.9791843951126604,0.27662835228016985,1.0751863185983423,True,False,0.5377008102632015,0.37289126859949007
633,2021-06-08,2021-07-06,0.29386199868599927,0.11973238517698986,2.4543234334771573,0.14843837431469079,1.979690225271593,0.2576221035905678,1.1406707522,True,False,0.5395125892412161,0.37168289593646914
634,2021-06-09,2021-07-07,0.3016098593329566,0.12020391732049512,2.5091516654052604,0.14304642087559433,2.108475399012345,0.25088284250310217,1.202194045331048,True,False,0.5373868756002025,0.3717306369489423
635,2021-06-10,2021-07-08,0.23104035081063953,0.1129721982334623,2.0451080391760095,0.1511696506814642,1.5283514235107558,0.2366073343342287,0.9764716358465655,True,False,0.5722427210117971,0.3707671360506969
636,2021-06-11,2021-07-09,0.1899337703746202,0.09657587813565714,1.966679196101392,0.12896176168091877,1.472791375513001,0.17900013447136695,1.0610817189358157,True,False,0.6699213046878204,0.3763543136080282
637,2021-06-14,2021-07-12,0.24535693342526904,0.09940458802958385,2.468265683594486,0.14638662063846067,1.6760885137941737,0.1850849574418411,1.325644919049497,True,False,0.6505854242508893,0.36660369977819723
638,2021-06-15,2021-07-13,0.25004370882627475,0.09959547491495181,2.5105930670022523,0.1531502242881041,1.6326695568913825,0.18301179990133742,1.3662709670145563,True,False,0.6491854817583269,0.3653508041237768
639,2021-06-16,2021-07-14,0.24296535594147975,0.0999293169150651,2.4313721282412857,0.15427234140966695,1.5749119623218162,0.19046294612983397,1.2756568187066484,True,False,0.6471932673035683,0.3627499003819497
640,2021-06-17,2021-07-15,0.24343316525391295,0.09991049898598205,2.436512355804247,0.1524254421175633,1.5970638619906832,0.18648820286428638,1.3053542342893791,True,False,0.6472272768766117,0.3572792120181141
641,2021-06-18,2021-07-16,0.08133512157633686,0.11261157980367088,0.7222625037153197,0.05914969768536642,1.3750724815024558,0.06630075700786602,1.2267600740469244,True,False,0.5749289695729682,0.2208518377527549
642,2021-06-21,2021-07-19,0.10405616442749496,0.10101918862005246,1.0300633557735748,0.0560564969218512,1.856273048466808,0.0630083282732049,1.6514668342938115,True,False,0.6411091873434921,0.2239901717439937
643,2021-06-22,2021-07-20,0.11059836639096148,0.10083110669516789,1.0968675244765678,0.05596570248468865,1.976181151683381,0.06128699335512017,1.8045976860067592,True,False,0.6422526084787668,0.22160327509941743
644,2021-06-23,2021-07-21,0.1349958818884608,0.09949504313493475,1.356810124755461,0.06555411457514426,2.059304480937133,0.06623045348161637,2.0382750651999038,True,False,0.6508463703952261,0.23440228157901832
645,2021-06-24,2021-07-22,0.13184780448689276,0.09948760252437926,1.3252686881723148,0.06320438848185506,2.086054586616942,0.06335697864671214,2.081030492664361,True,False,0.6508463703952261,0.2051507181126326
646,2021-06-25,2021-07-23,0.12998121655809253,0.09936067100535954,1.3081757122099276,0.062196247356809474,2.089856254709581,0.06294546216012586,2.0649815268245324,True,False,0.6516848777081647,0.20466524616772047
647,2021-06-28,2021-07-26,0.10872353877596982,0.10626635596276812,1.0231228669783559,0.062088900436854534,1.7510946080699803,0.06583966178457,1.651338051093239,True,False,0.6092578516804201,0.19463227466016764
648,2021-06-29,2021-07-27,0.10212876624726823,0.10547086240962479,0.9683126117867832,0.061067841638609614,1.672382116460756,0.06466223079922671,1.5794191599169136,True,False,0.6139006897293964,0.1949913256237094
649,2021-06-30,2021-07-28,0.0983367357687473,0.10751025352275824,0.9146730897433047,0.06311867952974648,1.5579656688223857,0.06863580768817644,1.4327322585829685,True,False,0.6022482405889032,0.1922923012556807
650,2021-07-01,2021-07-29,0.12602653841339712,0.10650388466078729,1.1833046166793735,0.07214323852321995,1.7468932777786839,0.08660497570805556,1.4551881965561797,True,False,0.6079092961874177,0.23296637354209537
651,2021-07-02,2021-07-30,0.11152650603415219,0.10616465018986367,1.050505095949541,0.06557833462322162,1.7006608459169394,0.08253735324745622,1.3512246473397718,True,False,0.6099078112756684,0.23301203164134518
652,2021-07-05,2021-08-02,0.10935155505765723,0.10989461324991832,0.9950583729611379,0.06970822771267336,1.5687037046528796,0.08993393019096475,1.2159098887979354,True,False,0.5891430747755313,0.22964410452240044
653,2021-07-06,2021-08-03,0.11223245320348184,0.10940800847785309,1.0258157036667064,0.07002006413934166,1.6028613310055884,0.08957672944984962,1.2529197470456457,True,False,0.5917632370895121,0.23140526590182986
654,2021-07-07,2021-08-04,0.09460966966429943,0.1112576168875797,0.8503657754947044,0.07579769635185925,1.2481866101195664,0.08941748509805146,1.0580667702804931,True,False,0.5819362370384721,0.2175159916493893
655,2021-07-08,2021-08-05,0.09327302243422479,0.11373100036391784,0.8201195991925565,0.08153197484850619,1.1440054359965466,0.09498379177589462,0.9819888287287347,True,False,0.5692345403499032,0.2164035836680107
656,2021-07-09,2021-08-06,0.13729171732660217,0.12381017057258645,1.1088888472705227,0.06309394736612874,2.1759887129887465,0.09703024299645704,1.4149373750575398,True,False,0.5226739364838032,0.24162912474972834
657,2021-07-12,2021-08-09,0.2066846684263533,0.15995889442631148,1.2921111337235895,0.0488642022126503,4.229776790929482,0.10728186753769267,1.9265573313564495,True,False,0.40425833740782857,0.2373206531129431
658,2021-07-13,2021-08-10,0.2048090449279479,0.16011490872229223,1.2791378801781317,0.04988107750890255,4.1059466867249315,0.10860969188182175,1.8857345176045681,True,False,0.40386144483222836,0.23635835605880237
659,2021-07-14,2021-08-11,0.23388694695487916,0.15985346072332973,1.4631334592103995,0.044548131252264686,5.2502078174825595,0.10074176856430142,2.321648212931599,True,False,0.4044864390782737,0.23701424607109925
660,2021-07-15,2021-08-12,0.19209953060470011,0.14777641743673345,1.299933601969627,0.05255521215015968,3.655194656161548,0.09859478438812096,1.948374163977024,True,False,0.43765594294143917,0.23540933946196116
661,2021-07-16,2021-08-13,0.19823427627379747,0.14617411173919995,1.356151742023115,0.048509694653609235,4.08648781834887,0.09420767126884233,2.1042264775666975,True,False,0.4424530596563538,0.23827121310863225
662,2021-07-19,2021-08-16,0.2005181533481394,0.14426270166520205,1.3899514637781587,0.051313057114486964,3.907741316225887,0.09556669427341506,2.098201207781234,True,False,0.4483176729561049,0.23905858075188802
663,2021-07-20,2021-08-17,0.22514854631706097,0.18010057294616294,1.250126763252242,0.07055702272943566,3.191015402966136,0.15224373326601284,1.4788690574452927,True,False,0.3589980077782406,0.234627329342196
664,2021-07-21,2021-08-18,0.2155703892623295,0.18308939204458505,1.1774051290193526,0.07212555308838628,2.988821298855881,0.1543748597156707,1.3964086487875642,True,False,0.35314598718426854,0.23172591730423725
665,2021-07-22,2021-08-19,0.18032820579916872,0.15456613932360214,1.166673416236597,0.05618147713784089,3.209744830253121,0.11238805948148194,1.6045139192823346,True,False,0.41841850541945746,0.23329033138122335
666,2021-07-23,2021-08-20,0.1468952041213979,0.15256390406081508,0.9628437671786537,0.0543913660673903,2.700708122303756,0.11117481323803673,1.3212993109048912,True,False,0.42394324255840077,0.24294697313288094
667,2021-07-26,2021-08-23,0.19169715145936897,0.15797222452953547,1.2134864342783758,0.052771337171564896,3.632599849348944,0.12992517598154701,1.4754426923893125,True,False,0.40937780639595217,0.26917318493474174
668,2021-07-27,2021-08-24,0.21614215278215163,0.1552102213819794,1.392576795894234,0.05131631672608838,4.211957649568962,0.1236614678444728,1.7478536891862744,True,False,0.4166260604137413,0.27087609720668165
669,2021-07-28,2021-08-25,0.24541081385241323,0.16001074619223282,1.5337145766296405,0.06309338984350017,3.8896438194419702,0.13068443977643326,1.8778885556095786,True,False,0.40405864281508824,0.27117193877247026
670,2021-07-29,2021-08-26,0.24879861084635424,0.16012745997234898,1.5537535591291907,0.06663866084505739,3.733547578707199,0.1349623051369259,1.8434674081324842,True,False,0.4037472335567569,0.27209460764464993
671,2021-07-30,2021-08-27,0.18917283840055493,0.16476171789563057,1.148160147980417,0.0463800633968991,4.078753338081955,0.09357003003402779,2.0217246732929346,True,False,0.39246808766480024,0.24905385229501437
672,2021-08-02,2021-08-30,0.213934800832455,0.16439294824810605,1.301362394873405,0.04166583369564909,5.134537866088466,0.0993099091679226,2.1542140419312417,True,False,0.393329773516512,0.2484675334234019
673,2021-08-03,2021-08-31,0.21417301217988924,0.1645858049849404,1.3012848355876503,0.04084153269828646,5.244000360174412,0.09891409050518771,2.1652426978404717,True,False,0.39287382231253126,0.250480439792723
674,2021-08-04,2021-09-01,0.2020582978049627,0.16712195541190178,1.209046993897086,0.03995550694636043,5.0570825712766565,0.09734263372938749,2.075743074372579,True,False,0.38693277996406106,0.25360902252798295
675,2021-08-05,2021-09-02,0.20244785699352166,0.16699326484707844,1.212311509562438,0.039256723895364935,5.157023737720121,0.09617722622180398,2.104945889442021,True,False,0.38723064348501235,0.253752493739513
676,2021-08-06,2021-09-03,0.2082715815165609,0.16653844112451,1.2505916358425004,0.038624153605701546,5.392262666587382,0.09736052644068784,2.139178875983587,True,False,0.38827946489659826,0.25675620605487404
677,2021-08-09,2021-09-06,0.20230400929729236,0.1664916886836389,1.215099750004354,0.04325092057964374,4.677449788028506,0.10148430924166511,1.9934511138617967,True,False,0.38837663463323796,0.23122005442601387
678,2021-08-10,2021-09-07,0.20971730366629215,0.168951442336695,1.2412874419169317,0.04500251302018279,4.66012428177595,0.1006759916720518,2.083091511523803,True,False,0.3827219195393318,0.24630453442086686
679,2021-08-11,2021-09-08,0.21565240614789902,0.1583377839408336,1.3619769127783317,0.0425635202606712,5.066601747862532,0.0919052158578867,2.3464653679869807,True,False,0.4083934402476178,0.2517158469481705
680,2021-08-12,2021-09-09,0.21375876106216396,0.15868439471993984,1.3470685724290923,0.04777781622215891,4.474016980353837,0.09198854424737223,2.3237541458133277,True,False,0.4075044488233294,0.2509509440817704
681,2021-08-13,2021-09-10,0.2685601572004689,0.16936750894138916,1.5856651543089415,0.045662479317667946,5.88141864422496,0.10008317837315403,2.683369588834986,True,False,0.38168528826120024,0.2515414902219676
682,2021-08-16,2021-09-13,0.261311282297905,0.1724955106079507,1.514887438965386,0.04603302845694359,5.676604191755908,0.1039364233733141,2.514145415215406,True,False,0.3747794463274732,0.2492312164154317
683,2021-08-17,2021-09-14,0.25867901433471463,0.17456829686671135,1.481821264099429,0.04658014173111861,5.553418360723879,0.11067131241759817,2.337362851166309,True,False,0.3703314106642916,0.2482741683109142
684,2021-08-18,2021-09-15,0.2074588935362366,0.18092220956680855,1.146674551637227,0.04173640434360345,4.970693973258669,0.06538463349536515,3.172899845816869,True,False,0.3573739117232489,0.23059007991900118
685,2021-08-19,2021-09-16,0.23434869556860752,0.1708122395801055,1.3719666467970257,0.043825974143369695,5.347255826007953,0.07469105669056539,3.137573706307054,True,False,0.3785112899198347,0.2399325400219338
686,2021-08-20,2021-09-17,0.2990378435204383,0.240382028242027,1.2440108177278297,0.06838140469421398,4.3730871697893186,0.1217441099542277,2.4562818162855513,True,False,0.2688825672438777,0.2326604304087309
687,2021-08-23,2021-09-20,0.27901192384035284,0.17480899490392002,1.5960959216870145,0.049282908271228894,5.661433824173046,0.1137294278744804,2.4532957657035745,True,False,0.36977058109998884,0.2297068367481546
688,2021-08-24,2021-09-21,0.24975669715493184,0.17607380413642618,1.4184773162588933,0.03356043318996582,7.441998610125395,0.09661590621444202,2.5850473999652714,True,False,0.36717630657201283,0.20474962380991457
689,2021-08-25,2021-09-22,0.23457826606971446,0.18081830733065019,1.2973147992186271,0.029919369106542512,7.840348011162404,0.08567875450766133,2.737881373482602,True,False,0.3575586397369184,0.2019107427374397
690,2021-08-26,2021-09-23,0.16042382914524925,0.15304223364772823,1.048232408280919,0.06229927140727135,2.575051449582846,0.09420490214803867,1.7029244284246543,True,False,0.422635796761289,0.202791226630482
691,2021-08-27,2021-09-24,0.17093816520185098,0.1516775364433088,1.1269840558475912,0.056087821305693585,3.047687737239648,0.09822490759649367,1.740273107754524,True,False,0.4264281440444087,0.2063086708754265
692,2021-08-30,2021-09-27,0.1584177457826501,0.15116536642956896,1.0479764613044495,0.050314642096849875,3.148541640775547,0.08258726434234698,1.9181861397656288,True,False,0.4278906027281364,0.18573630353141704
693,2021-08-31,2021-09-28,0.19304687892203626,0.14967029561155595,1.289814242253232,0.05656812994894259,3.4126438172214106,0.10468658078239769,1.844046080015785,True,False,0.4320833667820445,0.20583733417929276
694,2021-09-01,2021-09-29,0.2156219090915776,0.1454145612397139,1.482808236350745,0.06836706700572383,3.153885613866181,0.10937286402463145,1.9714388117606412,True,False,0.4446366025883508,0.2165912525437764
695,2021-09-02,2021-09-30,0.21852904592526876,0.1429626560842645,1.528574327805327,0.0691683240277713,3.159380381076295,0.10247867336522035,2.1324343763356532,True,False,0.4522307457560397,0.20952815107571363
696,2021-09-03,2021-10-01,0.22780909757954992,0.14262189030486083,1.5972940555800903,0.07679499059451306,2.966457783456343,0.10835671802126993,2.1023993873165487,True,False,0.4533141565178908,0.21737580615740046
697,2021-09-06,2021-10-04,0.21990836216464457,0.14329206701056893,1.5346862303858355,0.0756951931310752,2.905182655176626,0.10455877457659526,2.10320332325193,True,False,0.4511935205703282,0.21120254967215019
698,2021-09-07,2021-10-05,0.21630402143851407,0.14309252581446164,1.5116374542090396,0.07312665460968054,2.957936782327242,0.1034582746984676,2.090736792865906,True,False,0.4518249568767499,0.2105502536604959
699,2021-09-08,2021-10-06,0.2231217878711756,0.13661275706731216,1.6332426975413321,0.06874461078331971,3.2456622465206273,0.09936511895189738,2.2454739673706703,True,False,0.47328862355457535,0.20568165262229293
700,2021-09-09,2021-10-07,0.2081543707345607,0.12666041524853533,1.6434050869493557,0.0575313536445929,3.618103130693921,0.07504906843343478,2.773577008743079,True,False,0.5106169039469196,0.2100991459428261
701,2021-09-10,2021-10-08,0.19791200785965393,0.1266584730966964,1.5625642961016875,0.055835409888143436,3.5445608486825178,0.06891314879220128,2.8719048734289023,True,False,0.5106169039469196,0.20398998568231297
702,2021-09-13,2021-10-11,0.16627056760296668,0.12428795229069411,1.3377850752105114,0.057846459230049094,2.874343042185636,0.06538076143286048,2.5431115202552355,True,False,0.5204774420457494,0.20154071856793518
703,2021-09-14,2021-10-12,0.1623966441771301,0.1221572685603468,1.329406314425774,0.05676254393659815,2.860982488003386,0.06251601266759632,2.597680774053981,True,False,0.529588864732421,0.20205170333738348
704,2021-09-15,2021-10-13,0.17749053102840187,0.12250036721548324,1.4488979507807405,0.05509453310442491,3.2215633934494083,0.07132592983298028,2.4884432834457395,True,False,0.5280944436784494,0.21293578166303323
705,2021-09-16,2021-10-14,0.18875356085981915,0.1217901308398929,1.549826406771476,0.05681565207238243,3.3222105876625245,0.07539148910590718,2.5036454790628304,True,False,0.531165913693959,0.22172818327931346
706,2021-09-17,2021-10-15,0.18179479313264257,0.12387918105044157,1.4675169111637791,0.05883408910407881,3.08995679037443,0.07724952018431727,2.3533452725516013,True,False,0.5222466160955845,0.2171462750074512
707,2021-09-20,2021-10-18,0.17230471359485708,0.1238899672094699,1.390788273464701,0.05797275766960508,2.9721669370438772,0.07855884408114745,2.193320377994293,True,False,0.5222466160955845,0.21216384204552144
708,2021-09-21,2021-10-19,0.18007285060605,0.1402729068725376,1.2837322232844122,0.07808056511221302,2.3062442023474006,0.11182721878023234,1.6102774670622624,True,False,0.46112458390321637,0.21241455613543192
709,2021-09-22,2021-10-20,0.17966850661441516,0.14036966874601914,1.2799667351178425,0.07871409429823026,2.2825455620907102,0.11244592904632879,1.597821354122923,True,False,0.4608062470058377,0.2127286783617848
710,2021-09-23,2021-10-21,0.18248287607187255,0.140295718325656,1.300701676784542,0.07727869819456672,2.361360637991473,0.10834378009148025,1.6842948983115857,True,False,0.4610518405619461,0.21077068890684783
711,2021-09-24,2021-10-22,0.25470442934619697,0.16420100258891138,1.5511746294501454,0.1170196685048456,2.1765950339848215,0.12559310615994515,2.028012819603539,True,False,0.39373195811258477,0.20980272075112752
712,2021-09-27,2021-10-25,0.23148770551537268,0.16317398569643557,1.4186557037714707,0.10676928324613869,2.168111450010548,0.12180270566592447,1.9005136564887795,True,False,0.39624760547791305,0.20451314808586013
713,2021-09-28,2021-10-26,0.22057852402309286,0.1622826955259978,1.3592239351715478,0.10896940724946047,2.0242243175474828,0.11629740953655443,1.896676159014195,True,False,0.3984476057619052,0.2050236954749686
714,2021-09-29,2021-10-27,0.17503667379674112,0.16737973710992646,1.0457458998264884,0.0791053198447637,2.2127042042208176,0.10746576036807574,1.6287669039630068,True,False,0.38634450310601903,0.17796125410015165
715,2021-09-30,2021-10-28,0.10763732744752103,0.17348636841720522,0.6204368010555824,0.055107951412823084,1.953208651165263,0.09459549793880008,1.1378694524887278,True,False,0.37273504953162667,0.15025972160182635
716,2021-10-01,2021-10-29,0.17102952130559748,0.17518201198163702,0.9762961354932103,0.06902947074900444,2.4776304881066196,0.11732812913944586,1.4577026205056665,True,False,0.3691294009549781,0.20878782143576025
717,2021-10-04,2021-11-01,0.15915484895274778,0.17677703022801444,0.9003140778384113,0.06452640421380731,2.466507329703209,0.11036299845617487,1.4421033424164182,True,False,0.3658207007592106,0.20399185414121737
718,2021-10-05,2021-11-02,0.1511337604320433,0.17697991466109933,0.8539599576678003,0.06014864008064879,2.5126712795068915,0.10513047261497757,1.437582811841291,True,False,0.36541361204326145,0.20364463187105342
719,2021-10-06,2021-11-03,0.14223895974102943,0.1772914582454246,0.8022888476901577,0.05633591728982896,2.5248361362300855,0.10385517159156499,1.3695895694093865,True,False,0.36477914066148165,0.2033811129413439
720,2021-10-07,2021-11-04,0.08087285640542734,0.18795521824719758,0.43027726050714826,0.061058733045115894,1.3245092449866414,0.10168732830216884,0.795309088710736,True,False,0.34409007065091435,0.19071992318663225
721,2021-10-08,2021-11-05,0.1266382776622033,0.21751454708844342,0.5822060149876368,0.08130785570562073,1.5575158951516777,0.14488428584566856,0.8740649610344838,True,False,0.2972643887763896,0.19388186219799353
722,2021-10-11,2021-11-08,0.13642835827954833,0.21995652635976504,0.6202514675850243,0.07521336558950661,1.8138845032428932,0.1412142612390285,0.9661089261276576,True,False,0.29393837791708527,0.1971320845588356
723,2021-10-12,2021-11-09,0.1905969892035123,0.2504285981202328,0.7610831615644996,0.10326367917815053,1.8457311488456103,0.16890069252420983,1.12845593677002,True,False,0.25813075342374914,0.19705247552678926
724,2021-10-13,2021-11-10,0.2704989615302329,0.2661762991771655,1.0162398469226226,0.12020802889533223,2.2502570253918917,0.2122100393417216,1.2746756108680075,True,False,0.24283192779757884,0.21040222177474666
725,2021-10-14,2021-11-11,0.15556769940561985,0.23620252255023838,0.6586199746132341,0.07794550278214529,1.9958521512193672,0.17423848674475403,0.8928434946379817,True,False,0.27371961168658376,0.2041655132539002
726,2021-10-15,2021-11-12,0.10388003313554627,0.23894552442078237,0.43474358177395206,0.08597643603311018,1.2082384189028406,0.1791600351319785,0.5798169946719585,True,False,0.2706000882801162,0.21007777427672047
727,2021-10-18,2021-11-15,0.0957454921170903,0.23943227307579926,0.3998854911542325,0.08960507258010005,1.0685275884521068,0.18143511751816627,0.5277120186366553,True,False,0.2700494964626855,0.2086983828409057
728,2021-10-19,2021-11-16,0.20318286449605355,0.18679553749905103,1.0877286856870751,0.059634337571134385,3.4071454932099874,0.13725493399901606,1.4803319529300862,True,False,0.34612196383112676,0.22941374401569473
729,2021-10-20,2021-11-17,0.1423108688992987,0.18164955315053466,0.7834363830301546,0.05101559618403701,2.7895561268345688,0.1498464231702693,0.9497114838543191,True,False,0.35598097951501784,0.21786405479217502
730,2021-10-21,2021-11-18,0.12196032758627016,0.17967086589812364,0.678798574140694,0.05396817476003192,2.2598564455545063,0.14733062870336935,0.8278002249744083,True,False,0.35991070740156494,0.2140463171867876
731,2021-10-22,2021-11-19,0.12217893173612855,0.1764906318574969,0.6922686516006072,0.05064880047015574,2.412276906895775,0.13714180274360466,0.8908948934013202,True,False,0.36640474081674007,0.21442754128707084
732,2021-10-25,2021-11-22,0.12375422084364719,0.17886548662359117,0.6918842934974848,0.05457412747086947,2.267635353578573,0.13633107793162857,0.9077476883569511,True,False,0.36149731291325227,0.22442162089439857
733,2021-10-26,2021-11-23,0.13615787184228978,0.15746894536498404,0.8646649123527238,0.04540374894141414,2.9988244366776513,0.09253342631406214,1.4714452632518387,True,False,0.41062536676817435,0.22749402051094617
734,2021-10-27,2021-11-24,0.13659005879691496,0.16177218545603267,0.8443358690609899,0.05502907732296643,2.482143358415152,0.09739694174042571,1.4024060340718245,True,False,0.3996610985803045,0.22885783169285176
735,2021-10-28,2021-11-25,0.10877549540198217,0.146823445096192,0.740859168171115,0.053487090990813814,2.0336775357752006,0.08728681205298922,1.246184765413907,True,False,0.44042769015577915,0.22753310398896126
736,2021-10-29,2021-11-26,0.004801908491003206,0.09618920506340298,0.04992149054395485,0.05786067327601357,0.08299088515780996,0.11646456699625198,0.04123063876722041,True,False,0.6732923604153631,0.21963948290688387
737,2021-11-01,2021-11-29,-0.00539645781419295,0.08993351916008344,-0.0600049666085806,0.0473159726135826,-0.1140515034587672,0.07804952816496283,-0.06914145339594086,True,False,0.7205418425762173,0.18975039325735948
738,2021-11-02,2021-11-30,0.0032363057475078825,0.08971415847904991,0.03607352286833996,0.04456600964125525,0.07261825264499334,0.0800484316346067,0.0404293461023758,True,False,0.7224159451888673,0.21093740306342845
739,2021-11-03,2021-12-01,0.011708178422224231,0.08982022725735332,0.13035124469990378,0.04497305916743528,0.26033760297769676,0.08238074753898882,0.14212275042397537,True,False,0.721626219423231,0.2248783528263596
740,2021-11-04,2021-12-02,0.01255611070123229,0.09028938746992303,0.13906518864595188,0.04624672014932914,0.27150272842461093,0.08401294997694085,0.14945446749195906,True,False,0.7178514768503254,0.22509073287623108
741,2021-11-05,2021-12-03,0.0062902719615495015,0.09145199686040004,0.06878222649584675,0.04526976144121007,0.13895085287158876,0.08424549004336379,0.07466597865727533,True,False,0.7086461763608968,0.22593957436727186
742,2021-11-08,2021-12-06,-0.015250889360751885,0.09464824393322294,-0.16113230131889006,0.03096493454823492,-0.49252128522975436,0.06849363520650262,-0.22266140955684016,True,False,0.6845685600840499,0.21636370978408717
743,2021-11-09,2021-12-07,0.0050705644745370065,0.08909648184411192,0.05691093935009402,0.04354250664889654,0.11645090888825771,0.08008280479455637,0.06331651953930661,True,False,0.7274591102240573,0.21931245420154866
744,2021-11-10,2021-12-08,0.017980006828184757,0.08854718202649345,0.20305566384715792,0.0529961340173411,0.33927015925919124,0.08660223307229217,0.20761597236385057,True,False,0.7320481506641165,0.2380413733612356
745,2021-11-11,2021-12-09,0.012174951345255333,0.08859152393835006,0.13742794800242694,0.04966303876934816,0.245151155606887,0.08243037148336282,0.14769982381691243,True,False,0.7316872437115438,0.23554709083717157
746,2021-11-12,2021-12-10,0.02708532903613396,0.08732478017655444,0.3101677322447588,0.05714709339453633,0.4739581215293009,0.09533375279970911,0.2841105929506281,True,False,0.7423590756411499,0.24120244371177316
747,2021-11-15,2021-12-13,0.02597906852321706,0.08703857259229303,0.2984776490408279,0.0553730485119668,0.46916449827758105,0.09253014349323459,0.2807633009357274,True,False,0.7448286697810428,0.2371780922039179
748,2021-11-16,2021-12-14,0.008904871839707736,0.08595752599069868,0.10359618587290793,0.04944442362607684,0.18009860741932754,0.08269897216293864,0.10767814407853589,True,False,0.7542080323101803,0.24537065553580578
749,2021-11-17,2021-12-15,-0.019316117572693067,0.08936315503410751,-0.2161530394189935,0.03761067982338699,-0.5135806548405424,0.05874527510982726,-0.3288114241797423,True,False,0.7253264080371944,0.22798571239042717
750,2021-11-18,2021-12-16,0.04973716370380867,0.08106001838555356,0.6135844118272835,0.0691897296608489,0.718851828842345,0.11902651492887445,0.4178662521836386,True,False,0.8001085963904192,0.2686638258469158
751,2021-11-19,2021-12-17,0.05117599075273783,0.0812145212013293,0.6301335031683988,0.07020322476227825,0.7289692307729405,0.12197007337890484,0.41957825665774257,True,False,0.7985665253285087,0.2687858715533113
752,2021-11-22,2021-12-20,0.050904506122898076,0.07928280091574559,0.6420624086804736,0.06686128627994749,0.7613450017961284,0.11033941883751298,0.4613447003727707,True,False,0.8181639531886171,0.270149587679163
753,2021-11-23,2021-12-21,0.04072692852570318,0.07835595934330983,0.5197681052855428,0.060427007704958985,0.6739855252233662,0.09839412738241243,0.41391625302409013,True,False,0.8279697502410611,0.259167052194498
754,2021-11-24,2021-12-22,0.031351061422147816,0.08210266091855775,0.38185195304749864,0.0652305639839599,0.4806191991511371,0.10031357763022408,0.31253058820924623,True,False,0.7899543786597297,0.259468394977562
755,2021-11-25,2021-12-23,0.0319974182927804,0.08193499595387033,0.3905219975942276,0.06419791788466069,0.4984183186480849,0.09305638858379311,0.3438497751711926,True,False,0.7915542791761421,0.256350921184455
756,2021-11-26,2021-12-24,0.03739040882423599,0.08296746968230442,0.45066348253610466,0.06248985899870446,0.5983436260435661,0.09866268394722198,0.37897214355366,True,False,0.781616167284085,0.256350921184455
757,2021-11-29,2021-12-27,0.1043554757673926,0.12434997359043444,0.8392078643386225,0.07753899568163547,1.3458450789827345,0.12676606923925451,0.8232129969292901,True,False,0.5204492474953301,0.2506119923199488
758,2021-11-30,2021-12-28,0.14183201199718615,0.13048522485611164,1.0869584058546615,0.04890570216958284,2.900111964559407,0.11707899355615944,1.2114215171242773,True,False,0.4958325860213796,0.24949148796244452
759,2021-12-01,2021-12-29,0.1507584715420272,0.13067530585821277,1.153687535314479,0.04710908171459425,3.20019975034501,0.11827737027547865,1.2746180540782834,True,False,0.4951154424618417,0.2415013811929052
760,2021-12-02,2021-12-30,0.1541877106694755,0.13041745180633207,1.1822628684575276,0.047095965609697116,3.273904859437218,0.1204016072143408,1.2806117313283714,True,False,0.49609887069104225,0.23544209655427598
761,2021-12-03,2021-12-31,0.14228267141251819,0.13008169639501313,1.0937947102139176,0.055475735733871975,2.564773040506865,0.12198818822189422,1.166364329911259,True,False,0.49740708380217463,0.23346716381269966
762,2021-12-06,2022-01-03,0.14233318317698765,0.12643149133798443,1.1257731888686962,0.049003189310282136,2.9045697878101673,0.11137608808526457,1.277951000290329,True,False,0.5117917673615245,0.2303702693779021
763,2021-12-07,2022-01-04,0.15889141429675638,0.1294969298373324,1.2269898174138016,0.051182835362476406,3.1043886719344234,0.10820146888161043,1.4684774240043708,True,False,0.49961479313457524,0.23050992802238784
764,2021-12-08,2022-01-05,0.14878539796281692,0.13120894886830306,1.1339577006455228,0.05443379764102995,2.733327535660834,0.12049027609645685,1.23483323951975,True,False,0.4931108195041929,0.2265017509390219
765,2021-12-09,2022-01-06,0.15548535951987316,0.12297925893841723,1.2643218121661768,0.04727716050672802,3.288804950494986,0.10907616399584094,1.4254751342905843,True,False,0.5261696542606463,0.2202690049889992
766,2021-12-10,2022-01-07,0.15459463406225335,0.11644261242900618,1.3276465620050224,0.04280835267798122,3.6113193895865607,0.08237766629608788,1.8766571209555503,True,False,0.5557791337456972,0.21951859804997545
767,2021-12-13,2022-01-10,0.1535927364866516,0.11474833060022474,1.3385182658714059,0.04079871647498146,3.7646462868712436,0.0856674186986474,1.7928955817724044,True,False,0.564016176391359,0.2202957983445996
768,2021-12-14,2022-01-11,0.16684893541771673,0.11375315511891566,1.4667631437852922,0.03964812082547865,4.208243214152444,0.07124536103972466,2.3418919208604456,True,False,0.5688864189949926,0.22345486876373633
769,2021-12-15,2022-01-12,0.19201543224539927,0.1140655133243782,1.683378495824132,0.03975868957481803,4.829521151195489,0.05289052853523056,3.6304313373895885,True,False,0.5670964015936942,0.21960231689315127
770,2021-12-16,2022-01-13,0.1774369965966813,0.11319909101486725,1.5674772209379069,0.035237986593443515,5.035389752651071,0.05443935145792016,3.2593517711876916,True,False,0.57142154407232,0.21341938134685376
771,2021-12-17,2022-01-14,0.14265974608624243,0.13630694839733604,1.0466065579458792,0.05509882401125126,2.589161359543919,0.057425469159701426,2.484259130552381,True,False,0.47456916212531214,0.18555737815813803
772,2021-12-20,2022-01-17,0.14033299694194978,0.1379071629057964,1.0175903411036775,0.05628785595224474,2.4931309705775595,0.05847904096941225,2.3997144039238205,True,False,0.4690485454458079,0.1839549745924404
773,2021-12-21,2022-01-18,0.151916181047675,0.1576835777530174,0.9634242399397103,0.06563669711660644,2.3145006942958952,0.06980729724362637,2.176222071991842,True,False,0.41014264301957093,0.19374159936374524
774,2021-12-22,2022-01-19,0.1929946524697349,0.1633113346595429,1.1817590791972472,0.05206886569772692,3.7065269212914727,0.06226409209931437,3.0996140144772157,True,False,0.39590622595632413,0.19144999879228322
775,2021-12-23,2022-01-20,0.18744058819011494,0.1634134384699528,1.1470328875344,0.05288668729311583,3.544192268108155,0.059853378990239195,3.1316625953679655,True,False,0.3956890719086661,0.18355323739264784
776,2021-12-24,2022-01-21,0.17862804691790013,0.15458484439335385,1.1555340215847187,0.05352036623831936,3.3375714606004796,0.05511196758502331,3.241184351517189,True,False,0.4183508636013125,0.1850490251583099
777,2021-12-27,2022-01-24,0.22104510307558153,0.12758753926736313,1.732497580444557,0.04779788811794968,4.624578862775567,0.060799330124024116,3.6356503044469934,True,False,0.5069188601311415,0.22089799120514428
778,2021-12-28,2022-01-25,0.22400232766518843,0.12753397982742556,1.7564129024147164,0.04124310631013239,5.431267130578783,0.056489881217794205,3.965353136459209,True,False,0.5071255886011076,0.22072902961111418
779,2021-12-29,2022-01-26,0.173497607533915,0.11602973888790834,1.4952856844875266,0.045618355144086166,3.803241195039158,0.07939303697478095,2.1853000482778633,True,False,0.5576975830444809,0.22091930872878496
780,2021-12-30,2022-01-27,0.23565793393354695,0.11053347616332258,2.132005091248034,0.04142478665309725,5.68881466806365,0.09264636344045614,2.5436285374007626,True,False,0.5851675495894076,0.2786152290770828
781,2021-12-31,2022-01-28,0.231839065322454,0.10960203689521018,2.1152806269842763,0.039158290560863666,5.920561444379369,0.09051080237305895,2.5614518846809187,True,False,0.5901616330283261,0.27774132047703987
782,2022-01-03,2022-01-31,0.26139204928901777,0.1094053201292526,2.3892078463844943,0.04459510572810575,5.861451498348557,0.09797643292225915,2.6679073884678286,True,False,0.5910667268348105,0.29388344454372
783,2022-01-04,2022-02-01,0.2662042552889454,0.11050688400283816,2.408938209515603,0.0458540575519905,5.8054678146446745,0.10109314722863742,2.633257175057418,True,False,0.5851406807887034,0.29557271720981554
784,2022-01-05,2022-02-02,0.2677651840750872,0.11063565972599308,2.4202430277746845,0.04727498706298443,5.663992751988358,0.10295404426235459,2.6008223959881507,True,False,0.5844470386834627,0.29779703078464975
785,2022-01-06,2022-02-03,0.26400010861561285,0.11411205597704455,2.3135163620986785,0.04323333986711758,6.1064009726531925,0.11804665440650833,2.2364048345368235,True,False,0.5666433893111039,0.29968531993929415
786,2022-01-07,2022-02-04,0.2690681262619092,0.1172498454401023,2.2948271296388536,0.04466701755241603,6.023865953131122,0.1246737078994703,2.1581785830808067,True,False,0.551439646141205,0.2984580503591321
787,2022-01-10,2022-02-07,0.28755817565032865,0.12927090919595752,2.22446161660725,0.06222448661887413,4.621302501242423,0.16720253248834938,1.7198194989682087,True,False,0.50005516537615,0.29144495764613887
788,2022-01-11,2022-02-08,0.2806293639634623,0.13044912996039926,2.151255160142912,0.05989878319541631,4.685059511942425,0.1648890739675407,1.7019281945795004,True,False,0.4955661582678649,0.28978271800229694
789,2022-01-12,2022-02-09,0.2611502995106845,0.12754727527205356,2.047478465954374,0.05155651151431199,5.065321369507123,0.14853977600686133,1.758116960527943,True,False,0.5069333338681444,0.2845729499434861
790,2022-01-13,2022-02-10,0.23252879197773849,0.12861677006903607,1.8079196970420484,0.05501856689489472,4.226369480360189,0.14752226423408582,1.5762284641236644,True,False,0.5028268955097905,0.27383461321013775
791,2022-01-14,2022-02-11,0.22919159556575036,0.12034725080961355,1.9044190376091428,0.04998540332220616,4.5851704764364944,0.12335780304339836,1.857941613025637,True,False,0.5374278339994994,0.27605692090870365
792,2022-01-17,2022-02-14,0.15019612250196512,0.09290821480432979,1.6166075606800439,0.06119743320167713,2.45428794385855,0.10607325636616256,1.4159659809395442,True,False,0.6970994251577272,0.28092325270324287
793,2022-01-18,2022-02-15,0.1328711839703259,0.08351242810121928,1.5910348554263385,0.06053745314001233,2.1948591669857427,0.07995905629805439,1.6617402721092271,True,False,0.7760485571281738,0.28672430975506236
794,2022-01-19,2022-02-16,0.13735900890957933,0.08141906914526392,1.6870618928903511,0.05888097683034442,2.332824900397901,0.07737394989455619,1.775261688162097,True,False,0.7960700888765438,0.2831325096617934
795,2022-01-20,2022-02-17,0.1311314257872743,0.08075250869553287,1.6238681361800011,0.057226563426023364,2.2914433077357086,0.07207713908823941,1.8193206257359704,True,False,0.8027335033466222,0.28206345249862597
796,2022-01-21,2022-02-18,0.12805833743119527,0.08092246604578482,1.582481895185221,0.056893766309484735,2.250832485488779,0.07143541867757035,1.7926448784348439,True,False,0.8010708833614368,0.28127709065360385
797,2022-01-24,2022-02-21,0.12721748957167586,0.08157733592205263,1.5594709993132472,0.05811675749787839,2.1889984068075385,0.0732020129222179,1.7378960563127284,True,False,0.7946072443586009,0.2800327238729694
798,2022-01-25,2022-02-22,0.10200120360888781,0.08628303852679763,1.1821698140267565,0.04987023390930726,2.045332367888721,0.07025549654208627,1.4518608312416441,True,False,0.7511555269634771,0.2552784579551141
799,2022-01-26,2022-02-23,0.07892557939834408,0.08140120166617835,0.9695873989921345,0.04877992729780315,1.6179929690444323,0.062083587628930986,1.2712792931696606,True,False,0.7966228971130801,0.255270653633763
841,2022-03-25,2022-04-22,0.08436824331998374,0.072720364177695,1.1601735535018323,0.05502792798964602,1.5331895348823301,0.09220785424059941,0.9149789246785893,True,False,0.8921280750569921,0.3026131006814946
842,2022-03-28,2022-04-25,0.09321588941144617,0.07090302687249897,1.3146954865420795,0.058008053946708285,1.606947364534641,0.09093502316291749,1.025082373866473,True,False,0.9148937960189609,0.31175739773146066
843,2022-03-29,2022-04-26,0.15707636992663876,0.08823594445653545,1.7801857382964121,0.09101873084159179,1.725758736407928,0.08897762575505186,1.7653468340350773,True,False,0.7335928836557,0.3097766182213986
844,2022-03-30,2022-04-27,0.10889417651761074,0.10420249661410767,1.0450246400609549,0.10357830613388866,1.0513222370797473,0.11341442623597259,0.9601439616777065,True,False,0.6206200040653849,0.27848905636326987
845,2022-03-31,2022-04-28,-0.021235722130452005,0.05353562272861913,-0.3966652678740541,0.030724864406417494,-0.6911575540107674,0.08667430532138143,-0.24500596862832227,True,False,1.2153598677277235,0.25401410866571944
846,2022-04-01,2022-04-29,0.009453900636098035,0.04969718189369892,0.1902301151868068,0.028873556332231976,0.32742418451392863,0.11441411761496628,0.08262879470794773,True,False,1.311550057778746,0.2941957125374044
847,2022-04-04,2022-05-02,0.011831322852933123,0.04904474041364813,0.2412353037888791,0.02816245646692245,0.42010976090914953,0.10168506127690079,0.11635261565821348,True,False,1.329443028996128,0.29588225195513274
848,2022-04-05,2022-05-03,0.012304596287525652,0.04954176046520594,0.24836816802599068,0.029221150251112164,0.4210852817834348,0.10328005985029198,0.11913815992517422,True,False,1.3159923464357433,0.3000264411001954
849,2022-04-06,2022-05-04,0.018377644193317368,0.04811029365436888,0.38198985700118465,0.02909856204842453,0.6315653729807718,0.09728251808757,0.1889100380478897,True,False,1.3562146960511328,0.3057421659329298
850,2022-04-07,2022-05-05,0.018456735089225528,0.04860492345417926,0.3797297429472351,0.029610093559958226,0.6233257943563069,0.11162859655250308,0.16534056379132778,True,False,1.3418617696224282,0.3090641526265075
851,2022-04-08,2022-05-06,0.009115365321339174,0.04805138809010783,0.18970035380134465,0.02773058373850428,0.3287116278292537,0.07597495924019218,0.11997854835987823,True,False,1.358328357107042,0.3133423430563362
852,2022-04-11,2022-05-09,0.01600844207941131,0.047396213434960706,0.33775782745553795,0.02539860279992156,0.6302882959947997,0.08114711141706536,0.19727679519156252,True,False,1.377205337321041,0.3239202154615994
853,2022-04-12,2022-05-10,0.0033600368278136196,0.04565537734495369,0.07359564246784188,0.028156901711466724,0.11933261912994018,0.06575714063466405,0.051097672365065815,True,False,1.4306683452861617,0.32392822296068885
854,2022-04-13,2022-05-11,0.010944639678205371,0.04323314546127705,0.25315390683308564,0.024454986542977664,0.44754224906119044,0.06281375447323004,0.17423953989041935,True,False,1.5128816643560457,0.3348569941610192
855,2022-04-14,2022-05-12,0.01957243598186895,0.038579562241115375,0.5073265440272422,0.022969229219019265,0.852115488736659,0.04959642222525512,0.39463403011159986,True,False,1.7005515766868147,0.35173436366648875
856,2022-04-15,2022-05-13,0.036825753226484466,0.03763899880220713,0.9783935385742786,0.02560497034941038,1.4382267475397592,0.049914999758915474,0.7377692758559395,True,False,1.7451751888309892,0.36855287226168854
857,2022-04-18,2022-05-16,0.03843716877222362,0.03736853099459986,1.0285972648423936,0.026394543464408907,1.456254351360663,0.050188814066282235,0.7658513054614378,True,False,1.7582160295894143,0.37135117182685684
858,2022-04-19,2022-05-17,0.05495562860914694,0.0360390618949035,1.5248906525205237,0.03341243799606428,1.6447655994339674,0.05329378434257935,1.0311827033315,True,False,1.82561663746523,0.4128597080185586
859,2022-04-20,2022-05-18,0.054490241765106896,0.0361419177665785,1.5076743330841076,0.03326096446301391,1.6382640324726565,0.054487123086670676,1.0000572369811351,True,False,1.8202405138679694,0.41188084716916484
860,2022-04-21,2022-05-19,0.03441759647690803,0.03573617535935643,0.963102406197949,0.028001869861601535,1.2291177927408434,0.04654145819947642,0.7395040423829096,True,False,1.8427455494224114,0.4219608782909768
861,2022-04-22,2022-05-20,0.0312598535013882,0.034639570250104106,0.9024319088166012,0.02837892152135502,1.101516612527551,0.043098520069280846,0.725311529285414,True,False,1.9037699063159685,0.41946571134839583
862,2022-04-25,2022-05-23,0.02698933412575986,0.03483404830483508,0.7747975167736577,0.026195480747988553,1.030304974564449,0.039750701868876866,0.6789649706007174,True,False,1.8931694429132448,0.41325222819025137
863,2022-04-26,2022-05-24,0.02118481644017794,0.03509700436065466,0.6036075393353822,0.027204832229909437,0.7787152025472521,0.03865523802422845,0.5480451685978407,True,False,1.8784375464162089,0.39835333977823123
864,2022-04-27,2022-05-25,0.01735830375685735,0.03502088977144083,0.4956557034999398,0.028693792297206765,0.6049497946127921,0.038665313695597996,0.44893735748569846,True,False,1.88276817773812,0.39835355871861455
865,2022-04-28,2022-05-26,0.0183661856273995,0.034936534619938606,0.5257014133541953,0.028458450264576187,0.6453684391332057,0.038194047539489594,0.48086512979307394,True,False,1.8872999251519291,0.3873728955838332
866,2022-04-29,2022-05-27,0.03502306999338846,0.04223846779429517,0.8291747267906048,0.03913059937817902,0.8950302461484629,0.055121603390859066,0.6353782879834807,True,False,1.550503896443424,0.3761919713375386
867,2022-05-02,2022-05-30,0.02612824368954831,0.043396755388061904,0.6020782764956658,0.040554075845392286,0.6442815708378908,0.059120517194996156,0.4419488348413798,True,False,1.50827291375885,0.36455521545925146
868,2022-05-03,2022-05-31,0.0188153153218245,0.04469221020338881,0.42099764670841494,0.04547494415922447,0.41375125730655493,0.06917447386575817,0.27199795344071576,True,False,1.4633902450984875,0.35521851368081264
869,2022-05-04,2022-06-01,0.02838313098944208,0.04435393577336035,0.6399236165754071,0.0428099163514615,0.6630036544902779,0.061986642808349895,0.45789108271594825,True,False,1.4749365509218295,0.3779259652829686
870,2022-05-05,2022-06-02,0.028476699363142052,0.04482046456818538,0.6353503837475947,0.04275838519249847,0.6659909918239383,0.06412078355067359,0.44411028353447035,True,False,1.4590346682208326,0.39265683394865986
871,2022-05-06,2022-06-03,0.023230765426679036,0.044829650031287256,0.5182009096762065,0.044451841333514784,0.5226052449072348,0.06756856900961637,0.34381023258569865,True,False,1.4587027332151175,0.38258821740477694
872,2022-05-09,2022-06-06,0.036937494922746145,0.045865107521636694,0.8053506667420548,0.04530702565324052,0.8152707971926699,0.0634921362123129,0.5817648787123804,True,False,1.424964392146931,0.38374911100067405
873,2022-05-10,2022-06-07,0.02114793663561816,0.04661161484137978,0.4537052987240411,0.046853294150547,0.45136498978420847,0.07423827880728222,0.2848656646595598,True,False,1.4016181742925187,0.36155298551253595
874,2022-05-11,2022-06-08,0.03115659099313203,0.04644294758887791,0.6708573122648521,0.04784699681070466,0.6511712974671268,0.06649014228966617,0.4685896272773409,True,False,1.4063841595670812,0.3546645107150143
875,2022-05-12,2022-06-09,0.036371423875126874,0.048624739296465914,0.7480024448741955,0.04967459827935492,0.7321936187704022,0.06727768594225174,0.5406164520335395,True,False,1.3422147908473971,0.36944503778899235
876,2022-05-13,2022-06-10,0.041950603202370075,0.06231215041407745,0.6732331162317369,0.079602780188613,0.5269992216725493,0.10579007323645107,0.3965457430831569,True,False,1.043375727875964,0.38855551335925353
877,2022-05-16,2022-06-13,0.07891966941322272,0.04867228744868672,1.6214497725512618,0.05678219907120153,1.3898663789731374,0.07111119872418542,1.109806483776536,True,False,1.3404690854607622,0.4391547280878731
878,2022-05-17,2022-06-14,0.07574090858465665,0.04897066753355697,1.54665869181292,0.05290390427806948,1.431669545343063,0.07085650790418856,1.068933691836362,True,False,1.332188625493442,0.4467718284277146
879,2022-05-18,2022-06-15,0.04819730500455931,0.051680403453222785,0.9326031103488556,0.06276014149507154,0.7679604260985321,0.08789645462706436,0.5483418553007119,True,False,1.2614652060455558,0.4171241556394317
880,2022-05-19,2022-06-16,0.05238523964621402,0.05175612894273059,1.0121552889741725,0.06771135333380335,0.7736551858292556,0.09349662965941637,0.5602901391958156,True,False,1.2596275648046984,0.45784557390061664
881,2022-05-20,2022-06-17,0.05867871207769178,0.0517484006746735,1.1339231998025803,0.04536252671045395,1.2935503450289303,0.07698175532610886,0.7622418042965892,True,False,1.2595118950347703,0.45090093509714513
882,2022-05-23,2022-06-20,0.07087307459699993,0.0544235378575057,1.302250411992017,0.048336514888532515,1.4662429585674173,0.0778663402661935,0.9101888486695737,True,False,1.196457674998253,0.4503538233649152
883,2022-05-24,2022-06-21,0.07733538708849716,0.05235477158591857,1.4771411419794527,0.036367309490335224,2.126508344232872,0.063791088660297,1.2123227352385666,True,False,1.2443209431388567,0.4466848538843167
884,2022-05-25,2022-06-22,0.06835288049337523,0.05173490192714324,1.3212140730378616,0.039967405385733235,1.7102156077856001,0.06945762016604078,0.9840947664198021,True,False,1.259691636292781,0.4471332086224368
885,2022-05-26,2022-06-23,0.07552263993885634,0.05208088856096939,1.450102754111894,0.040474604671274526,1.86592656190799,0.06682363408617642,1.1301785808515232,True,False,1.2511187071704504,0.44560340685797295
886,2022-05-27,2022-06-24,0.06982608619002557,0.049495319266952276,1.410761405809297,0.0380868043558853,1.8333406378116313,0.06072531518310076,1.149867826613726,True,False,1.317752183167901,0.4476450942941841
887,2022-05-30,2022-06-27,0.06436792235818427,0.050405330502251454,1.277006255425885,0.03794461014890819,1.696365362711109,0.06571532391642054,0.9794963871752355,True,False,1.2935773184147934,0.4407689131091352
888,2022-05-31,2022-06-28,0.06217202554345535,0.05103227962158194,1.2182882286364163,0.037053632240240594,1.6778928753963274,0.06688210491949476,0.9295763884568394,True,False,1.2772853375874564,0.44499937362355446
889,2022-06-01,2022-06-29,0.058997867975338576,0.04972188459701085,1.1865573570573262,0.03345690122888226,1.763399053956845,0.061533224450283024,0.9587969507921215,True,False,1.3114517554507579,0.44223892799126785
890,2022-06-02,2022-06-30,0.05310767018700327,0.04969160446305686,1.0687453295352152,0.03766760186356252,1.4099031411494392,0.06844574642832861,0.7759089930097226,True,False,1.312666031824853,0.43247049261590603
891,2022-06-03,2022-07-01,0.05176960392662172,0.04934899375138184,1.0490508517242483,0.03274124670613289,1.581173874998613,0.06165202585847523,0.8397064525577956,True,False,1.321432993577053,0.41440779810623224
892,2022-06-06,2022-07-04,0.052949116240963594,0.0488967030107494,1.0828770240260026,0.032092614833552226,1.649884763693555,0.060087146638501995,0.8812053692533875,True,False,1.3339506676851398,0.41548244350875946
893,2022-06-07,2022-07-05,0.0787490759849754,0.04739455137026979,1.661563907837179,0.031101657513389676,2.5319896841855734,0.04929686444171863,1.5974459405643686,True,False,1.375870522500564,0.4488119396181948
894,2022-06-08,2022-07-06,0.0821690085311334,0.04768875106755294,1.723027059667339,0.030830351787343214,2.665198538696735,0.047946190562359804,1.7137755381058417,True,False,1.3667794560832096,0.44968102100472473
895,2022-06-09,2022-07-07,0.09221906979237544,0.04603918864044648,2.003055929429627,0.03278626238448344,2.812735062964036,0.04226143836078896,2.1821091133977637,True,False,1.4163313507991422,0.4561808540943606
896,2022-06-10,2022-07-08,0.09591096087798691,0.04545286745672234,2.1101190363690017,0.03525930418889496,2.72016034020871,0.041836105237128246,2.2925403866913716,True,False,1.4355196951984994,0.45897765271423135
897,2022-06-13,2022-07-11,0.09117756986044791,0.04490539024985298,2.030437089025107,0.03738770301256266,2.4387047749312463,0.04056575725408508,2.247648658186113,True,False,1.453863856803201,0.4427431944488223
898,2022-06-14,2022-07-12,0.07937327726710981,0.05625421673217483,1.4109747122603156,0.06327037454626024,1.2545093629732809,0.06582601773447598,1.2058040270228672,True,False,1.1564433009373831,0.40011073830134614
899,2022-06-15,2022-07-13,0.08229034388756286,0.05567300415279967,1.4781013731845594,0.06435285963706837,1.2787363972892074,0.06581933797815946,1.2502456939762734,True,False,1.16890842464269,0.39537088742376836
900,2022-06-16,2022-07-14,0.07632824173975371,0.04643466619933351,1.6437771171239575,0.04035499543280089,1.8914199077746259,0.047227182803536244,1.6161929890520266,True,False,1.4058899477081683,0.41354065329147666
901,2022-06-17,2022-07-15,0.08626818086022214,0.04345339537672464,1.9853035674729067,0.033770500215804175,2.5545425832884083,0.04506605369894504,1.9142608189418993,True,False,1.5037587772345617,0.38329663564910316
902,2022-06-20,2022-07-18,0.11093038116178115,0.044050377912618614,2.5182617361837476,0.030382042490904752,3.6511824771158676,0.044027778100239855,2.519554380173839,True,False,1.482781131259166,0.4014030061284368
903,2022-06-21,2022-07-19,0.114621816894074,0.04443891131603306,2.5793119925671926,0.03065105318094626,3.7395718906431195,0.04402633030986104,2.603483326621954,True,False,1.4695135830164243,0.4064773013271195
904,2022-06-22,2022-07-20,0.09017167520988145,0.044059452577157536,2.0465909114955876,0.033274927109355715,2.7098985044666986,0.04205791368505778,2.143988308243578,True,False,1.483136652996194,0.38721622878179357
905,2022-06-23,2022-07-21,0.09999444095252463,0.04456823862840709,2.243625595937053,0.03183136604532948,3.141380762928222,0.04573580407009777,2.1863492505623476,True,False,1.4651146852356993,0.3866602271919919
906,2022-06-24,2022-07-22,0.10434059956202071,0.04440482955049874,2.3497579118812046,0.03277426202772014,3.1836140039940637,0.046458225050587595,2.245901548076922,True,False,1.4708011837137482,0.3985211321557798
907,2022-06-27,2022-07-25,0.10649927366549992,0.045839728829310734,2.3232963279966525,0.033381874796318795,3.1903323080357424,0.04990879724451999,2.133877783985139,True,False,1.4236375439339881,0.3930522737861319
908,2022-06-28,2022-07-26,0.10067556996628682,0.04671022342005564,2.1553219529894276,0.03366245383751717,2.990737705938799,0.050991774347507055,1.974349221115283,True,False,1.396473446529475,0.38679572892677444
909,2022-06-29,2022-07-27,0.10163092101819125,0.0466247407372463,2.17976377801074,0.03374735809156544,3.0115222869428737,0.049186297134740264,2.0662446034468687,True,False,1.399363176107159,0.3819363267479917
910,2022-06-30,2022-07-28,0.10932202765234851,0.04803213427265569,2.27601853025683,0.03903635256599613,2.800518503042136,0.05538228389497861,1.9739530399225826,True,False,1.3576475878294647,0.4047935028336931
911,2022-07-01,2022-07-29,0.11651525240277143,0.048028639336313454,2.425953639595962,0.04253948086388072,2.7389909335189326,0.05929974738516743,1.9648524241760132,True,False,1.3575410420226721,0.4111491844581503
912,2022-07-04,2022-08-01,0.10966985706096502,0.04892216858256675,2.241721089609374,0.042713890876090704,2.567545470842443,0.059030290355380315,1.8578573203810975,True,False,1.3326441019072721,0.40550778108777397
913,2022-07-05,2022-08-02,0.1171261943702386,0.0491826570401141,2.381453167011875,0.04483630350573916,2.6123071085743312,0.062220491759671676,1.8824376191471082,True,False,1.3251826774605893,0.4170128861296378
914,2022-07-06,2022-08-03,0.09179397768541814,0.05162959024369863,1.7779334922500487,0.031175278189880706,2.9444477488324026,0.046310059140454114,1.9821606663687368,True,False,1.2620641472425824,0.37274324721148283
915,2022-07-07,2022-08-04,0.09495920289808919,0.05135625530023175,1.8490289516428329,0.03439747294963723,2.760644743790421,0.046151984505947756,2.057532388143602,True,False,1.2687404145287864,0.37711463240154075
916,2022-07-08,2022-08-05,0.08284769461298352,0.052495051734096645,1.5782000755544012,0.03227997344680605,2.5665354015705026,0.04757511151020347,1.74140831168026,True,False,1.2411032004533458,0.3866510524838588
917,2022-07-11,2022-08-08,0.08325139016297592,0.05296520500778067,1.571812856209018,0.033211011693173614,2.506740563404393,0.048438989897370874,1.71868551221574,True,False,1.229884318689257,0.3918420593629151
918,2022-07-12,2022-08-09,0.05712121115070464,0.05560430873444797,1.0272803034653486,0.02796438801072356,2.0426412024035803,0.04064939230541248,1.405216853465702,True,False,1.1709242597159497,0.35770933553116896
919,2022-07-13,2022-08-10,0.08417691940362755,0.055291164585155955,1.5224298499624398,0.03591185316879802,2.343987067667246,0.04824902615113324,1.7446345785292179,True,False,1.1769581738158743,0.40056690680684914
920,2022-07-14,2022-08-11,0.08138092374696468,0.05519155072092325,1.4745177963646703,0.03354890965487786,2.425739750833668,0.047438859670483016,1.7154907245293838,True,False,1.1792224869302268,0.400810278691816
921,2022-07-15,2022-08-12,0.094537353914824,0.08642789251066642,1.0938292161081766,0.06752083478281368,1.4001212250842452,0.10248844734463383,0.922419612787449,True,False,0.7497644245951102,0.37387624462595137
922,2022-07-18,2022-08-15,0.09505691771858236,0.08217673715818208,1.156737551353581,0.06268585749506922,1.5164013306519641,0.10560133703474324,0.9001488086018105,True,False,0.7888802181811942,0.3774374137323549
923,2022-07-19,2022-08-16,0.0903579533190801,0.07874680422832624,1.147449146724575,0.0629685577669315,1.4349693962108243,0.10012851415236712,0.9024197960391283,True,False,0.8236072245777417,0.3646412527652912
924,2022-07-20,2022-08-17,0.10031327922673408,0.07434484084223436,1.3492971145046473,0.056276438606351044,1.7825093717890899,0.09307116859758699,1.0778126109113328,True,False,0.8726818841570232,0.3700184487094953
925,2022-07-21,2022-08-18,0.15554700137122246,0.07934913398959512,1.960286061743522,0.037804580348571114,4.11450146879098,0.09648131980882943,1.6121981092239128,True,False,0.81678944703411,0.3734668595343029
926,2022-07-22,2022-08-19,0.16431724976111436,0.07158591354638315,2.2953852457948614,0.033666000734576665,4.880806932091353,0.08219872234006247,1.9990243775483663,True,False,0.9058094194961611,0.3900863028467755
927,2022-07-25,2022-08-22,0.16519518630212296,0.07061611250751738,2.3393412698063383,0.03907159949080853,4.228011866803267,0.08614033967051123,1.9177447747942291,True,False,0.9182478752332977,0.3917078821483401
928,2022-07-26,2022-08-23,0.18057642090462325,0.07135333606820884,2.5307355038313095,0.042132239730383075,4.285944019596069,0.08766859578764111,2.059761757129451,True,False,0.9085165815030609,0.40610652311407497
929,2022-07-27,2022-08-24,0.19264198969326712,0.0718706967595712,2.6803968568401633,0.04308700526008421,4.470999748774154,0.08792686845129019,2.190934273975504,True,False,0.9017421556133549,0.4030114291099852
930,2022-07-28,2022-08-25,0.19208541981401756,0.07172051086111408,2.678249464591638,0.04046774776805051,4.746629857312444,0.08447375451172116,2.273906504148158,True,False,0.9036499137535005,0.40309967092670745
931,2022-07-29,2022-08-26,0.1369980902954313,0.06540508902798055,2.0946090332026457,0.048358255617262064,2.8329824669384513,0.08361486032869908,1.6384418960562388,True,False,0.9924512453825551,0.3805019705062479
932,2022-08-01,2022-08-29,0.1234020953966477,0.062474137037108364,1.9752508997979337,0.05066317242295916,2.4357356536308266,0.08137848612558163,1.5163970389694408,True,False,1.0395926356041525,0.3780134287420517
933,2022-08-02,2022-08-30,0.1215882034561562,0.06242502115150468,1.9477478936060475,0.0512069906510404,2.3744454011121587,0.08056175609595939,1.50925463083661,True,False,1.0402397245475026,0.36945855363598745
934,2022-08-03,2022-08-31,0.11943523735687779,0.0620903505264019,1.9235716394625901,0.04879255893101629,2.4478166337973226,0.07713096378556082,1.5484732913351262,True,False,1.0461477131551074,0.36289224538704234
935,2022-08-04,2022-09-01,0.1328857986502294,0.05899850833856856,2.2523586170628516,0.04355065211689536,3.0512929701614437,0.07386920063423957,1.7989337573613147,True,False,1.1012129599692948,0.3836991282847864
936,2022-08-05,2022-09-02,0.1345655287373457,0.05718615366554658,2.3531138240972225,0.04379444255796474,3.0726622118603206,0.06811735954824338,1.9754953748910529,True,False,1.1364694612723478,0.3872930195848331
937,2022-08-08,2022-09-05,0.15659740904998717,0.058186781686245054,2.6912883736102162,0.0496155622409586,3.156215549658994,0.06946587500790408,2.2543070109196632,True,False,1.1163701694393577,0.38031922157767123
938,2022-08-09,2022-09-06,0.16567396370735832,0.05782574816919731,2.865055255707175,0.053750474781966644,3.0822790752899945,0.07201370453954299,2.300589377628617,True,False,1.122673047619741,0.4002902126624546
939,2022-08-10,2022-09-07,0.14929098396791257,0.05680066061048794,2.628331825076464,0.04982323584665671,2.996412846957439,0.0743012842491372,2.0092651893785556,True,False,1.1437177151899107,0.39946274901394296
940,2022-08-11,2022-09-08,0.10450692500643165,0.05735489147904439,1.8221100643981702,0.042064540308869997,2.4844423411990704,0.05324057242310532,1.962918884040356,True,False,1.133070334998525,0.33301389488266486
941,2022-08-12,2022-09-09,0.1304636632177118,0.057652591756195755,2.262927983696262,0.045702393823988184,2.8546352237075663,0.06190040197375465,2.1076383845298374,True,False,1.1270544182891296,0.37313030729419483
942,2022-08-15,2022-09-12,0.14720338360325042,0.05673260184674255,2.594687689468317,0.046013665282165966,3.1991231887433162,0.06221901855236417,2.365890478959621,True,False,1.1454210424931954,0.38645030782304934
943,2022-08-16,2022-09-13,0.16020997390303165,0.05964168819419947,2.686207898431237,0.04816163174146517,3.3265063518414286,0.06647495064516235,2.410080373857198,True,False,1.0882643846117734,0.42041148085127417
944,2022-08-17,2022-09-14,0.15667413002301112,0.05977587405695176,2.62102616640518,0.047274483693864305,3.314137305815688,0.06673793642268193,2.347602254746417,True,False,1.0859928380311488,0.4203750762122628
945,2022-08-18,2022-09-15,0.1602205504644014,0.06055284521457055,2.6459623804076555,0.0487127216541228,3.2890905090876017,0.06856816185771046,2.3366610118101723,True,False,1.0717931945961603,0.4211092385955239
946,2022-08-19,2022-09-16,0.1578423243478792,0.06068272277147188,2.6011081431251126,0.04879654363739258,3.234702964226452,0.06881584259740435,2.293691661545285,True,False,1.0696620804945038,0.42068824713197717
947,2022-08-22,2022-09-19,0.15359914646983586,0.06437137411065563,2.386140556915811,0.052664651999296895,2.9165510572800613,0.07660988312532153,2.004952105442743,True,False,1.0080408751044816,0.4071337036321587
948,2022-08-23,2022-09-20,0.14380466560914318,0.06557129291953404,2.19310401253813,0.05433671136403647,2.646547094941089,0.0777977394827976,1.8484427255234175,True,False,0.9896909027490278,0.3980526095925745
949,2022-08-24,2022-09-21,0.144342248173815,0.06388277009760908,2.2594863678151182,0.05356034753256542,2.694946071551402,0.07324104893923976,1.9707834645235662,True,False,1.0157010789269982,0.3911214839677964
950,2022-08-25,2022-09-22,0.14095522145964806,0.06390932804148036,2.2055500469064713,0.05286498364058634,2.66632488563624,0.07293984602840718,1.9324858651984484,True,False,1.0151519296402352,0.3941869178772088
951,2022-08-26,2022-09-23,0.159269186059976,0.058285683666413395,2.732561000253883,0.049028248762840794,3.2485187637517328,0.06525776247022319,2.440616717936809,True,False,1.1131413195242488,0.42595213666406745
952,2022-08-29,2022-09-26,0.17221382904071225,0.05211102208854683,3.304748633563303,0.028828467381833443,5.973742091792038,0.04866689239704493,3.5386239095712044,True,False,1.2458118596834296,0.4545610080958754
953,2022-08-30,2022-09-27,0.16993928504874134,0.05147804436438411,3.3011993199632212,0.03405581119066633,4.990023115212613,0.050540847047359415,3.3624146601559595,True,False,1.261451080560717,0.45599301822764354
954,2022-08-31,2022-09-28,0.09269142659890207,0.04721836721747648,1.9630375224960148,0.06655210013357615,1.3927648626093228,0.08870567314294832,1.0449323398913928,True,False,1.3810942774795907,0.46697688797036246
955,2022-09-01,2022-09-29,0.10152383895602744,0.04685040270040581,2.166979003472857,0.05840818906819709,1.7381781660357376,0.08820918707679659,1.1509440492591647,True,False,1.392129863965078,0.4809083517058328
956,2022-09-02,2022-09-30,0.085040415159297,0.04674431414447825,1.8192675775807172,0.057231709401017114,1.4858968227460576,0.0909538289311305,0.9349844438510544,True,False,1.3961581690700324,0.46545287075638503
957,2022-09-05,2022-10-03,0.07807355855829719,0.04709065385012819,1.6579416970249745,0.05132636576624934,1.5211199427962614,0.09114066180630845,0.856627075236941,True,False,1.3857591553891206,0.45575215024404425
958,2022-09-06,2022-10-04,0.09780722255690197,0.043107915236666426,2.268892430077662,0.04797382139485215,2.0387623856747257,0.08207087612059162,1.1917409339360285,True,False,1.5163687808832278,0.49056056441121515
959,2022-09-07,2022-10-05,0.09542746380492637,0.042683275801298555,2.2357108730165263,0.045719874625338414,2.0872205925087886,0.07799283812170027,1.2235413674268534,True,False,1.5321202801624485,0.47477451900390727
960,2022-09-08,2022-10-06,0.09931167459351485,0.043272951949524845,2.295005774261844,0.050326757725652586,1.9733374268792532,0.08517159490767105,1.166018726092568,True,False,1.5102889773807808,0.477281002043395
961,2022-09-09,2022-10-07,0.09778719848156077,0.04422947353791237,2.2109057752573085,0.04984945226493198,1.9616504101561003,0.08610197716483674,1.135713739701394,True,False,1.4769101186468063,0.4724142936240962
962,2022-09-12,2022-10-10,0.07971864207893349,0.044436861483964495,1.7939755288005836,0.04167830708573783,1.912713055137811,0.08373826383128677,0.9519977896788989,True,False,1.470138274360708,0.4420013885565986
963,2022-09-13,2022-10-11,0.07106061148252253,0.045166697834967844,1.5732965855101264,0.041562823114801854,1.7097157064197492,0.08653435504660839,0.821183811264884,True,False,1.4455622381122706,0.4275972094792439
964,2022-09-14,2022-10-12,0.074638076900689,0.04483077240979093,1.6648849191897532,0.03883440217086059,1.921957664554798,0.08158139236797318,0.914890941846563,True,False,1.4571642124831594,0.3985864464508828
965,2022-09-15,2022-10-13,0.08200176137170649,0.04456294789503713,1.8401332327666506,0.04034384655721127,2.0325717146336175,0.08168276857379848,1.003905264273943,True,False,1.4660780272591214,0.41090032798741166
966,2022-09-16,2022-10-14,0.06936585319305863,0.04418384771901875,1.5699369062237734,0.04002629180138675,1.7330072327773163,0.08366110708301368,0.8291290375135675,True,False,1.4791035839012727,0.4151486698851045
967,2022-09-19,2022-10-17,0.08125800325878962,0.04360058806354428,1.86369053418185,0.041329274279024816,1.9661125116834968,0.08268329339474022,0.9827620541292896,True,False,1.499326826774588,0.4393445573899292
968,2022-09-20,2022-10-18,0.07929971203801162,0.04351044420261644,1.8225442992200718,0.04112798281806522,1.9281206274765241,0.08303050300977682,0.9550672242546103,True,False,1.5024680277563924,0.4399694299013723
969,2022-09-21,2022-10-19,0.08277452191904436,0.04356341322190799,1.9000926648561403,0.0415411888384941,1.992589144255338,0.08196233781290149,1.009909235483215,True,False,1.5003590223740517,0.4437467471134173
970,2022-09-22,2022-10-20,0.08031443784706362,0.04389989589587773,1.8294903941812144,0.041099143386254214,1.954163304384712,0.08336268712910207,0.9634338888654382,True,False,1.4891351587178232,0.4447777738956814
971,2022-09-23,2022-10-21,0.07065139594783806,0.043452161645010014,1.6259581404726633,0.03910291812208887,1.8068062267692435,0.07920141426120027,0.8920471510121664,True,False,1.5054655228916416,0.44686369348643384
972,2022-09-26,2022-10-24,0.03421509720264157,0.04487580740315181,0.7624397015358995,0.04245099143323614,0.8059905327877349,0.08926341867177617,0.38330480404802036,True,False,1.4573202953613678,0.408864864885248
973,2022-09-27,2022-10-25,0.0033915677016956984,0.05042495658265856,0.0672597049466192,0.06590052114051038,0.05146496026130563,0.09991788622291502,0.03394354934740284,True,False,1.2937912145399064,0.37096983253985405
974,2022-09-28,2022-10-26,0.022479513536168894,0.050581560662700795,0.44442111397218015,0.06406298726190911,0.35089705455453957,0.10142380902739453,0.22163941338563992,True,False,1.2893846194855076,0.3987991319799421
975,2022-09-29,2022-10-27,0.11227864747573997,0.06006075188821718,1.86941794676012,0.04748507271627786,2.3645040652375564,0.06583170809265515,1.705540547690375,True,False,1.0821998828731065,0.3997769135846717
976,2022-09-30,2022-10-28,0.10983346897287632,0.06036215410730884,1.8195750399765365,0.04818478610680393,2.2794221547320994,0.06913518853202762,1.5886767839216174,True,False,1.0768129879621702,0.4018559354178372
977,2022-10-03,2022-10-31,0.12204339905724433,0.061245617094768924,1.9926878827655445,0.05202102860801248,2.3460397136100983,0.06974635180169937,1.7498176736789657,True,False,1.0608774831347796,0.4083410499318399
978,2022-10-04,2022-11-01,0.11922652938558503,0.06308532995219432,1.8899247967147699,0.05256471489180922,2.268185599997675,0.07426188174689577,1.6054875877228743,True,False,1.0296593827027742,0.4029202247215006
979,2022-10-05,2022-11-02,0.08755366118418408,0.07432231685453912,1.1780265321322108,0.05572732092817864,1.5711083850060406,0.09866661413639179,0.8873686601138889,True,False,0.8729604898533119,0.3682569468112377
980,2022-10-06,2022-11-03,0.08658238647604277,0.0783229910452506,1.1054530134838743,0.07043180916029938,1.2293080002955121,0.11165254599821857,0.7754627151755609,True,False,0.8280013981139085,0.3786298731691021
981,2022-10-07,2022-11-04,0.14578507830563814,0.07193559653198167,2.0266055379248007,0.08943576313266557,1.6300534953717134,0.10279557909850026,1.4182037747551837,True,False,0.9016375361189177,0.41665781367358873
982,2022-10-10,2022-11-07,0.14724749305741833,0.07307374573842902,2.015053307715986,0.08929168529942844,1.6490616406627603,0.10336214136405461,1.4245785847140484,True,False,0.8874361190677835,0.4404609194405764
983,2022-10-11,2022-11-08,0.18286490709525333,0.0741070298479079,2.467578412878677,0.10203222058102167,1.7922270637052744,0.109641716959318,1.6678406008828228,True,False,0.8744432895288026,0.45341941147483655
984,2022-10-12,2022-11-09,0.18199421944765584,0.07293226536597706,2.4953868981636793,0.10004277450908665,1.8191640559821314,0.10466307695724657,1.7388579118689391,True,False,0.8886117255165128,0.45356161506868764
985,2022-10-13,2022-11-10,0.1909155731654247,0.07808008042159068,2.4451252116363444,0.11919791114009252,1.6016687821067845,0.1242160136602856,1.5369642571814741,True,False,0.8291550867104097,0.4871744474234396
986,2022-10-14,2022-11-11,0.18984894654869802,0.07797372632280652,2.4347809897238313,0.11921405688850319,1.5925047054329946,0.12340907504519592,1.538371035348656,True,False,0.830443497634161,0.4857577500096835
987,2022-10-17,2022-11-14,0.13120054977138518,0.07579190423354233,1.7310628502895076,0.11637909019178998,1.1273550047106382,0.12721301768679402,1.031345314788528,True,False,0.8540635393754523,0.5052701322346065
988,2022-10-18,2022-11-15,0.12115629335799112,0.07581741677357816,1.5980008092311218,0.11670536231512849,1.038138187950989,0.1265939524583092,0.9570464544733379,True,False,0.8540635393754523,0.49983738685772644
989,2022-10-19,2022-11-16,0.1332826098900959,0.07461107638813018,1.7863649251855551,0.10923720479050887,1.2201210214569336,0.12065775897069984,1.104633560469674,True,False,0.8677579850435346,0.4992812940009483
990,2022-10-20,2022-11-17,0.14178047312683967,0.07534417471802052,1.8817708689153534,0.1179256907003816,1.202286561009567,0.1272030543348361,1.1145995972206098,True,False,0.8593391966971222,0.5111125900450433
991,2022-10-21,2022-11-18,0.10513446024477774,0.07034577439100881,1.4945383877701035,0.10505500787884173,1.0007562929891705,0.12062997654777544,0.8715450608011955,True,False,0.9215988461882633,0.5102885259826446
992,2022-10-24,2022-11-21,0.19251571291341452,0.07387348907812961,2.60601895640542,0.09598899654188348,2.005601890310552,0.1322227028889779,1.455995897127154,True,False,0.8767667996413793,0.541312851845996
993,2022-10-25,2022-11-22,0.22473696745777305,0.07494262931366859,2.998786798861137,0.09315137679705758,2.412599525473379,0.13715482412866484,1.638564074472127,True,False,0.8632735678385104,0.5364267547469875
994,2022-10-26,2022-11-23,0.2656225814459249,0.08536013585217044,3.11178723878719,0.11929837238406751,2.226539860835513,0.175620098177377,1.5124839594249913,True,False,0.7570142723064531,0.5328120485073596
995,2022-10-27,2022-11-24,0.2347527550748274,0.08613594984512284,2.7253748927936097,0.11140896188927715,2.1071263127658835,0.16938400244202134,1.3859204629149156,True,False,0.7508624366602158,0.5167746262177347
996,2022-10-28,2022-11-25,0.22723577222899002,0.08653082968790746,2.626067183783699,0.11046753396798882,2.05703670632168,0.1722708933565041,1.3190607409154107,True,False,0.7472690631159647,0.5148909611255867
997,2022-10-31,2022-11-28,0.22488824649111538,0.08309102541598755,2.70652871793594,0.09903676070926495,2.2707552718864012,0.1575053052142367,1.4278137881465343,True,False,0.7781486561318974,0.50677965419111
998,2022-11-01,2022-11-29,0.20425585894715725,0.08287493409905926,2.464627708819811,0.09653653820683727,2.115839895869507,0.1545532973899816,1.3215884901618244,True,False,0.7803142981795457,0.49786990998988695
999,2022-11-02,2022-11-30,0.2062241241163514,0.08322186656993952,2.478004070517224,0.09770116445669842,2.110764239742003,0.15609079028607714,1.3211806009719846,True,False,0.7770406406182027,0.49788719659585784
1000,2022-11-03,2022-12-01,0.21706125723275155,0.08338978857833888,2.6029716699525824,0.09552689365660717,2.272252859106116,0.16545768906793912,1.3118837719510474,True,False,0.7744301580440139,0.5506666740504393
1001,2022-11-04,2022-12-02,0.17107191644688396,0.08481741675612756,2.0169432528080975,0.07838397430506741,2.182485871169005,0.16311639922349427,1.048772025751313,True,False,0.7612765226331966,0.5155133808418184
1002,2022-11-07,2022-12-05,0.10382195825291325,0.09474467462338093,1.0958078505796276,0.09128757629558068,1.1373065477907685,0.1874332047687845,0.553914437844601,True,False,0.6825598406909714,0.5228329702360196
1003,2022-11-08,2022-12-06,0.0978278709760041,0.09465934894966137,1.0334728905438353,0.09483729481181577,1.0315337565260847,0.17875392320663308,0.5472767770412434,True,False,0.6838056352545504,0.5202253277037916
1004,2022-11-09,2022-12-07,0.07299026530868788,0.10116820700788506,0.7214743392951405,0.10256093909975057,0.7116770375678569,0.19734439619534758,0.3698623660761878,True,False,0.639788450198428,0.5122346402299477
1005,2022-11-10,2022-12-08,0.049164263175904624,0.09976704292089218,0.4927906223991044,0.10820735938426497,0.4543523052005451,0.1914753984756291,0.25676543079325265,True,False,0.6486831542821121,0.5054408312380406
1006,2022-11-11,2022-12-09,0.00031248951238460696,0.09807841675885155,0.003186119053623537,0.1225703896397269,0.0025494698458829444,0.171063841252308,0.0018267420519553594,True,False,0.6603812851904743,0.4633980104975812
1007,2022-11-14,2022-12-12,0.02328584809999862,0.09480578694508673,0.2456163157369941,0.10835666706743755,0.21490000320429098,0.15733249225637405,0.14800406302630875,True,False,0.683345630873416,0.47028767119507126
1008,2022-11-15,2022-12-13,0.12089666323241584,0.06615428307767614,1.8274956300329495,0.03800195986209731,3.1813270597392713,0.05230023606614048,2.311589245592051,True,False,0.9814049444428978,0.4455421326077266
1009,2022-11-16,2022-12-14,0.08443401028970945,0.06213136766132354,1.3589594671399645,0.041017908408724824,2.058466985892184,0.0611675567417961,1.380372452117501,True,False,1.0461717590268953,0.441759096685873
1010,2022-11-17,2022-12-15,0.0965387473083039,0.06275177000310087,1.5384226979339939,0.03893930286129438,2.4792109825947426,0.06106427581585114,1.5809365790144074,True,False,1.0355558695609455,0.46101333665739386
1011,2022-11-18,2022-12-16,0.06811964394316398,0.0614306395711326,1.108887102897341,0.031184606508976198,2.1843996628130093,0.06455463452935967,1.0552246858772463,True,False,1.058419426582341,0.4417303362956807
1012,2022-11-21,2022-12-19,0.0749762281235968,0.0633987342894169,1.1826139585268112,0.036315908505591535,2.0645560364282987,0.06450557182787268,1.162321734371476,True,False,1.0250877234946196,0.441729122898257
1013,2022-11-22,2022-12-20,-0.00955720804912693,0.05747169888484871,-0.16629416277176556,0.057089248196377576,-0.16740819595752449,0.10212165695053853,-0.09358649609216442,True,False,1.1322504342226711,0.41159870584984126
1014,2022-11-23,2022-12-21,-0.013821892285980615,0.05751295813594039,-0.2403265756790066,0.0624566185953912,-0.2213038841491262,0.10962441191512383,-0.12608407237506686,True,False,1.1316504015647717,0.40924563500038014
1015,2022-11-24,2022-12-22,-0.01575396389526711,0.056992519861882016,-0.2764216064396855,0.06395366780479395,-0.24633401704735686,0.11189996374004507,-0.14078613941167273,True,False,1.1422247613326142,0.4030393720265111
1016,2022-11-25,2022-12-23,-0.02044397330957485,0.05723691136788463,-0.3571816301926779,0.06587336071615137,-0.31035266892891694,0.11344464937357973,-0.18021099648562247,True,False,1.137192310106956,0.40427948997396024
1017,2022-11-28,2022-12-26,-0.01898391715188508,0.05668288380417106,-0.3349144552607984,0.06660446887523062,-0.2850246758584237,0.11353205430957428,-0.1672119584846105,True,False,1.1485682764876506,0.39970695839379455
1018,2022-11-29,2022-12-27,-0.02557828166893933,0.0578545457031443,-0.4421136033144789,0.0690019331929166,-0.37068934862197556,0.11837938839411888,-0.2160703988753676,True,False,1.1248667979529832,0.39577776581716
1019,2022-11-30,2022-12-28,-0.021199916673298385,0.057876273228160066,-0.36629719729402743,0.06840584433961505,-0.3099138221004478,0.11885520772989089,-0.1783675875732521,True,False,1.124489352601737,0.3997337012254025
1020,2022-12-01,2022-12-29,-0.02520095204906222,0.057689473477838024,-0.436837962453296,0.06694719233187109,-0.37643030530893495,0.11836848881523375,-0.21290254105042622,True,False,1.1280908903960958,0.4025752118501167
1021,2022-12-02,2022-12-30,-0.033592205198058785,0.05724856361453058,-0.5867781316618493,0.07782236208865091,-0.43165234640131345,0.13447009630524312,-0.24981171368990082,True,False,1.1370899959126899,0.30476234381105255
1022,2022-12-05,2023-01-02,-0.03437875599653062,0.056616926392066974,-0.6072169258793901,0.07506681102560951,-0.4579754425001762,0.13243079270554609,-0.259597902377359,True,False,1.149945445140771,0.3047431079738122
1023,2022-12-06,2023-01-03,-0.015034693443147097,0.056706568143445914,-0.26513142895749003,0.06774834634405055,-0.22191971102579386,0.12212720254667252,-0.12310683557499313,True,False,1.1481803649078899,0.3076747645672818
1024,2022-12-07,2023-01-04,-0.00258544013709652,0.05639730100681496,-0.0458433309917455,0.05979860346710047,-0.0432357946037813,0.10286753457545594,-0.02513368428403457,True,False,1.154385835740346,0.31366695710255754
1025,2022-12-08,2023-01-05,0.0032847745930189172,0.05629427540654082,0.05835006435907087,0.06500853519191575,0.05052835882737135,0.10737840833822522,0.0305906433504992,True,False,1.1567206152595726,0.3336607883461527
1026,2022-12-09,2023-01-06,0.011407141616721638,0.057034193590957655,0.20000531082340323,0.06410099131549545,0.17795577545091934,0.10178550804185567,0.1120703903352416,True,False,1.1413076636675497,0.3743634797100547
1027,2022-12-12,2023-01-09,0.007187421651694888,0.057603183819173814,0.12477472901944842,0.05833386791534312,0.12321181345501753,0.0993359450570944,0.07235469142175917,True,False,1.1293927995320747,0.4057824241190023
1028,2022-12-13,2023-01-10,-0.008442549879959486,0.0574333037082778,-0.14699746200988034,0.05465195011065561,-0.1544784744710038,0.10496462047343973,-0.08043233845727848,True,False,1.1327455920171674,0.39868765029756387
1029,2022-12-14,2023-01-11,-0.0937905169394508,0.0805693849732739,-1.1640962255149714,0.07629225043555074,-1.2293583739371017,0.09094983925059438,-1.0312334547511348,True,False,0.8044708656845357,0.36936196183974485
1030,2022-12-15,2023-01-12,-0.1451218659612269,0.09446662013150703,-1.5362237556419682,0.1108675149005354,-1.3089665272232605,0.13168948550771672,-1.1020004019434266,True,False,0.6848134960902362,0.3881545945710862
1031,2022-12-16,2023-01-13,-0.13450352201793947,0.0935901804121665,-1.4371542123927172,0.10104131070603793,-1.331173567307079,0.12172969393014686,-1.1049360076032289,True,False,0.6908115765772708,0.35480211741367507
1032,2022-12-19,2023-01-16,-0.15324876455717767,0.09639937535738767,-1.5897277756108747,0.10768177839080653,-1.4231633879689107,0.1215291946238019,-1.2610037039376822,True,False,0.6704968304993917,0.35280759200286205
1033,2022-12-20,2023-01-17,-0.16879024399197579,0.0858659219664114,-1.9657419396020963,0.09055816703799388,-1.8638875930556265,0.09136356854200325,-1.8474567782931617,True,False,0.7532331887809203,0.3548061170923207
1034,2022-12-21,2023-01-18,-0.13912326690339338,0.09311593898352413,-1.4940864949878212,0.11417271336595566,-1.2185334201304665,0.12044708569989432,-1.155057144761747,True,False,0.6949097505066122,0.35213785090566385
1035,2022-12-22,2023-01-19,-0.10419219094412602,0.0930911678969974,-1.1192489394849099,0.11707079046284556,-0.8899930591755354,0.13043877151807662,-0.7987823691645757,True,False,0.6953922513896212,0.37018965702942513
1036,2022-12-23,2023-01-20,-0.10221695024374867,0.09300074572485696,-1.0990981786980276,0.1208217581215946,-0.8460144251574115,0.13453623514549667,-0.7597726377076353,True,False,0.6960430970252762,0.37061062160728353
1037,2022-12-26,2023-01-23,-0.09784414912028573,0.09387674698641289,-1.042261819473219,0.1250171563162573,-0.7826457744148995,0.14091545660872823,-0.6943464647172375,True,False,0.6895753990784703,0.37008525866473996
1038,2022-12-27,2023-01-24,-0.10977013394267782,0.09407984993579926,-1.1667762439840808,0.1260757862250812,-0.8706678516896722,0.14521457912738728,-0.7559167585121301,True,False,0.6880750401668585,0.3695839532802022
1039,2022-12-28,2023-01-25,-0.11239728627503216,0.09464680821597268,-1.187544391550479,0.12520886286887922,-0.8976783567848263,0.14376471669226049,-0.781814125614891,True,False,0.6839313159440173,0.3692645080574892
1040,2022-12-29,2023-01-26,-0.11316937301516575,0.09449429700591067,-1.1976317788584314,0.12419930340715836,-0.9111916887662923,0.14128943793501741,-0.8009754633408281,True,False,0.6849542946329383,0.3638911354792047
1041,2022-12-30,2023-01-27,-0.10819347219833053,0.09473028927240816,-1.1421212056811882,0.12857878434948944,-0.8414566426779267,0.14844954068654964,-0.7288232196472768,True,False,0.6833839763984272,0.36186897786608324
1042,2023-01-02,2023-01-30,-0.09909228388207311,0.09558358634187313,-1.0367081595751226,0.13573008952968107,-0.7300686548239835,0.15732716234823982,-0.6298485423816058,True,False,0.6773696416925103,0.36180967903082456
1043,2023-01-03,2023-01-31,-0.08397169059265164,0.08721451149892738,-0.9628178745653397,0.1134619420172717,-0.7400868440967552,0.12747145638261112,-0.6587489699702415,True,False,0.7427740671613622,0.3631317756000594
1044,2023-01-04,2023-02-01,-0.09384484567721271,0.08381218555926076,-1.1197040746641573,0.10054323901359888,-0.9333779834218372,0.11679710244873592,-0.8034860772201321,True,False,0.772694432227411,0.33395254380710193
1045,2023-01-05,2023-02-02,-0.10507981243481776,0.08396896577965575,-1.2514124886396636,0.0974024031942697,-1.0788215586964054,0.1149643545855531,-0.9140208094381155,True,False,0.771320433541546,0.32539668472570327
1046,2023-01-06,2023-02-03,-0.11485518844312738,0.08456699692652915,-1.3581561675048277,0.10500740527447426,-1.0937817970352894,0.1170550515454189,-0.9812065940491432,True,False,0.76603243258373,0.3839925811672269
1047,2023-01-09,2023-02-06,-0.03312650386495008,0.07751325114621103,-0.4273656874805122,0.14076851236880045,-0.2353260918049749,0.14897437404560565,-0.22236377281108113,True,False,0.8370549218191256,0.399894961885883
1048,2023-01-10,2023-02-07,-0.01565644427835795,0.07760067312111255,-0.20175655247117122,0.1280053592453601,-0.12231084987893161,0.14835305632545692,-0.10553503019183402,True,False,0.8361528525147794,0.3627938171855694
1049,2023-01-11,2023-02-08,-0.004884096192609182,0.07445843468158292,-0.06559493512717168,0.1186643540276739,-0.0411589161094675,0.13790836955173225,-0.035415516900713255,True,False,0.8717481467741302,0.36438126653662456
1050,2023-01-12,2023-02-09,-0.01041995607936404,0.07401980138734275,-0.1407725484811397,0.11412410170374754,-0.0913037292193808,0.13284942762450003,-0.0784343317520052,True,False,0.8769532750670758,0.3652739456619086
1051,2023-01-13,2023-02-10,0.08111549063669476,0.07856056540566891,1.0325217266173277,0.06415552663348095,1.26435702258522,0.09728538442171228,0.833789074472643,True,False,0.8255787366958774,0.33836535295018005
1052,2023-01-16,2023-02-13,0.07051543998676613,0.07783427516183121,0.9059689942528798,0.06430521613715365,1.0965741851542334,0.09419974536993597,0.7485735732070382,True,False,0.8333917375551368,0.3359263922704046
1053,2023-01-17,2023-02-14,0.05741379684959116,0.07319869323959412,0.7843554892662387,0.06641727921147714,0.864440662598986,0.08839161575402565,0.6495389450664764,True,False,0.8866373295041811,0.3363442577958924
1054,2023-01-18,2023-02-15,0.08508710903633185,0.07653430655062193,1.1117512246622743,0.060010749471464835,1.4178644623792083,0.089065643535936,0.9553303120972915,True,False,0.8474821505318811,0.3482378225247314
1055,2023-01-19,2023-02-16,0.09663148763561498,0.0819881126262244,1.1786036358239915,0.06667407538884429,1.4493112513680704,0.09989641104628275,0.9673169098221647,True,False,0.7906639303778662,0.34637339425641095
1056,2023-01-20,2023-02-17,0.08363340837024136,0.08223321416498117,1.0170271126998762,0.06773256185901846,1.2347592660723452,0.1016784136435026,0.8225286506088764,True,False,0.7884442948905468,0.33454849485988936
1057,2023-01-23,2023-02-20,0.07667840121790377,0.0827653853739244,0.9264549530154382,0.06825000537899789,1.1234929695917577,0.10162264529181397,0.7545404963403414,True,False,0.7833361385819082,0.329518777434566
1058,2023-01-24,2023-02-21,0.07872605633866074,0.08273184691914755,0.9515810328228065,0.06781387593559718,1.1609136810499794,0.1014627169816677,0.775911178811474,True,False,0.7835796296413128,0.3256448381701616
1059,2023-01-25,2023-02-22,0.0771278083036901,0.08398438563398834,0.9183589035207113,0.06833325746468305,1.12870088687858,0.10307064767774184,0.7483004137592695,True,False,0.7717768940823901,0.32578860769912704
1060,2023-01-26,2023-02-23,0.0767636975385996,0.08393990747651729,0.9145077692642766,0.067850760564682,1.1313609000067275,0.10281576099055689,0.746614106621746,True,False,0.7720701904952468,0.3245097973155087
1061,2023-01-27,2023-02-24,0.07873223477285961,0.08400897307572938,0.9371883965524362,0.06700168816150444,1.1750783738923,0.10290535222477544,0.7650936814334529,True,False,0.7712633569790706,0.3312796255654914
1062,2023-01-30,2023-02-27,0.07875987284518575,0.08417937648086178,0.9356195797327133,0.0679303105503183,1.1594216515004097,0.10306670736554965,0.7641640531490528,True,False,0.7697261369022187,0.3332070124482381
1063,2023-01-31,2023-02-28,0.07908565578152132,0.08070441278703243,0.9799421500063104,0.06483399110013104,1.2198177906305305,0.09854060278405212,0.8025692308259413,True,False,0.8030194089576947,0.3337416738776466
1064,2023-02-01,2023-03-01,0.11438735682949727,0.08999016992070857,1.2711094659592859,0.0957689725680159,1.1944093557885718,0.11275368769305891,1.0144888310960223,True,False,0.7197296722652465,0.3648474342905742
1065,2023-02-02,2023-03-02,0.10387499696214574,0.09455157745949214,1.0986067049663761,0.08893021514215296,1.1680506653009202,0.11663102502523479,0.890629203847526,True,False,0.6846665450014784,0.3622390197398989
1066,2023-02-03,2023-03-03,0.10429299144431457,0.09513929006947122,1.0962136817308523,0.08222054666408278,1.268454123400689,0.11863148041448225,0.8791341984431876,True,False,0.680446613926399,0.3649905163043823
1067,2023-02-06,2023-03-06,0.08597740787911955,0.09486649685772007,0.9062989646183278,0.08462302049850948,1.01600495199334,0.13626602034285315,0.6309526590913527,True,False,0.6828684325383501,0.31014844652355716
1068,2023-02-07,2023-03-07,-0.011476045000565838,0.11044001565308295,-0.10391201896072425,0.041843399041258854,-0.2742617775685506,0.06684107378423956,-0.17169151168352073,True,False,0.5862806249956374,0.30346098010649875
1069,2023-02-08,2023-03-08,-0.019117565160757737,0.10370294238129128,-0.18434930313227713,0.0265899250474352,-0.7189777754789787,0.05909496465400637,-0.3235058227496825,True,False,0.6245091555383488,0.3003309125260575
1070,2023-02-09,2023-03-09,-0.04371487176094557,0.11588342920436231,-0.377231430421805,0.03453582733251671,-1.265783249958123,0.05582944616435654,-0.7830074407733363,True,False,0.5586121205980209,0.29661222486080996
1071,2023-02-10,2023-03-10,-0.08163408724621873,0.10501307076434667,-0.77737072777739,0.056807430715040116,-1.437031849859839,0.06970924278943341,-1.1710654710854627,True,False,0.6166196406973705,0.29764025194706734
1072,2023-02-13,2023-03-13,-0.16363149441624122,0.07261001516775693,-2.2535664541343206,0.052637918299912635,-3.108623967306716,0.08183508027685595,-1.99952751146159,True,False,0.8929536462001597,0.3059310683013814
1073,2023-02-14,2023-03-14,-0.15645219541982733,0.06393486267315728,-2.4470560955081706,0.04487686754525705,-3.4862548118370724,0.06385607082384652,-2.4500755120279267,True,False,1.0151157909825939,0.30400227134360747
1074,2023-02-15,2023-03-15,-0.04287513321323623,0.048534380105907805,-0.8833971531042032,0.05203081248614761,-0.8240335133081204,0.14086873656573656,-0.3043623039327005,True,False,1.3447784381088574,0.3560287647262286
1075,2023-02-16,2023-03-16,-0.03118359791320304,0.04517412780846386,-0.6902977307148022,0.04974286436375612,-0.6268959038057362,0.11466744166142245,-0.2719481437920153,True,False,1.4474324794251097,0.35650498658790125
1076,2023-02-17,2023-03-17,-0.02881936120746686,0.04458062358060964,-0.6464548696892131,0.04923949212779012,-0.5852895706696697,0.11064921283032413,-0.2604569926011144,True,False,1.4672186293990155,0.35857225076869914
1077,2023-02-20,2023-03-20,-0.03999564254339382,0.044243994744214366,-0.9039790094592196,0.04547369179044367,-0.8795336593234098,0.1161612180077214,-0.34431149422637125,True,False,1.4785762580573256,0.37445448483409033
1078,2023-02-21,2023-03-21,-0.03882010450669886,0.04397831917758403,-0.8827100542415831,0.044922009616289324,-0.8641666933044369,0.11480894350934127,-0.33812787854406406,True,False,1.4877492954045166,0.3752993874312288
1079,2023-02-22,2023-03-22,-0.03448981089401148,0.04337597792575557,-0.795136214635804,0.0432417111086623,-0.7976051365622853,0.11108824008776019,-0.3104722053996389,True,False,1.508991310705186,0.3787279088956596
1080,2023-02-23,2023-03-23,-0.029639438588159,0.043389625424932986,-0.6830996649057792,0.041051079583140894,-0.7220136203270889,0.113750361800142,-0.2605656643117772,True,False,1.5082604047856878,0.40710310655021
1081,2023-02-24,2023-03-24,-0.014828149338888019,0.042804156608220206,-0.3464184442321283,0.041961354305811535,-0.35337632886730636,0.09763801199807302,-0.15186861177776403,True,False,1.5297041036222299,0.42649037217534475
1082,2023-02-27,2023-03-27,-0.012788424592683735,0.04243039927670574,-0.30139769624332924,0.0404715726162042,-0.31598536370102515,0.0984843394355597,-0.12985236704614808,True,False,1.5432875753005295,0.41642892430020845
1083,2023-02-28,2023-03-28,-0.008082916132548969,0.04222661173855473,-0.19141758715082782,0.04135681755010724,-0.19544337817473117,0.09750529310954605,-0.08289720357507062,True,False,1.5507715741015513,0.4251030593553941
1084,2023-03-01,2023-03-29,-0.004522848020829943,0.042904698886107345,-0.1054161464420498,0.04273026311389746,-0.10584648188976271,0.09867460808758668,-0.04583598666857963,True,False,1.5255584839057348,0.42541941093277635
1085,2023-03-02,2023-03-30,-0.004295750265107581,0.042888596417490925,-0.10016066329826728,0.04383935493515888,-0.0979884460312261,0.09703004986671708,-0.04427236996176269,True,False,1.5263937274511803,0.41177692721650394
1086,2023-03-03,2023-03-31,-0.00459853502087115,0.04276337831173304,-0.1075344185239323,0.042207270804391524,-0.10895125255037073,0.09950149253125559,-0.04621573911995994,True,False,1.530678153515756,0.3982054988440372
1087,2023-03-06,2023-04-03,-0.010884095998563846,0.04227106411268221,-0.2574833689909024,0.04170306775656421,-0.26099029601606827,0.09840832743911046,-0.11060137167048503,True,False,1.5492392381919384,0.3949163096723429
1088,2023-03-07,2023-04-04,-0.01001610575302185,0.04207985467987547,-0.2380261488358232,0.04155806847501126,-0.24101470834825983,0.09751184507253315,-0.1027168109225241,True,False,1.5566003557489132,0.39332532981137874
1089,2023-03-08,2023-04-05,-0.008259717820309664,0.04179339923161302,-0.1976321134956143,0.03938748826824892,-0.2097041010601327,0.09709202951074421,-0.08507101831047463,True,False,1.5669545846870432,0.3437655251425629
1090,2023-03-09,2023-04-06,-0.010141984148269867,0.04193332273316674,-0.24185977850613222,0.04003021815431486,-0.25335820327465947,0.10143536533923429,-0.09998469581443936,True,False,1.561744440439321,0.34400456186748507
1091,2023-03-10,2023-04-07,-0.012068711384807402,0.04186932800513048,-0.28824707631630864,0.040366317885248755,-0.29897974393195087,0.10291526679159621,-0.11726842635744789,True,False,1.564298078491291,0.344655425496225
1092,2023-03-13,2023-04-10,-0.004511728904943186,0.04253987966987788,-0.10605880740508776,0.039888326017085037,-0.11310900595353925,0.10322644715828856,-0.04370710248338637,True,False,1.5394318477167008,0.3576313084878931
1093,2023-03-14,2023-04-11,0.04661090488683965,0.04753948398824303,0.9804672027649054,0.028381270937799397,1.6423121074807556,0.08442120366518684,0.5521231972917345,True,False,1.3736205657222698,0.35577161140747726
1094,2023-03-15,2023-04-12,0.07896093219405642,0.04914126567909924,1.6068151909168282,0.030883826566158783,2.556708185914324,0.05440266229317059,1.4514166929652033,True,False,1.327110413508509,0.36331613793093837
1095,2023-03-16,2023-04-13,0.0391872516268515,0.08064209434031579,0.48594040057390264,0.08852565748547317,0.44266546829411607,0.1210048589323292,0.3238485790786847,True,False,0.8038021910314458,0.29787254847584166
1096,2023-03-17,2023-04-14,-0.019491544839850404,0.08697678832674889,-0.2241005354971927,0.10119095704710512,-0.192621410140206,0.16747866720704485,-0.11638225431871904,True,False,0.7451747725848711,0.31724529114477407
1097,2023-03-20,2023-04-17,-0.00655482237337989,0.08870684527443887,-0.07389308404667932,0.09778826495243,-0.06703076669341197,0.16778988525136956,-0.03906565859771566,True,False,0.7306694440189174,0.33319336565371166
1098,2023-03-21,2023-04-18,0.07378922826450754,0.09775659902723878,0.754826057767691,0.08383389096499672,0.8801837468729307,0.1616033403810263,0.45660707316153387,True,False,0.6626629162521933,0.3230302841448958
1099,2023-03-22,2023-04-19,0.08304477121462371,0.0965022109950886,0.8605478605961703,0.08067835451208477,1.02933149438719,0.15314940329173868,0.542246782747363,True,False,0.6713092322976216,0.32723741212081886
1100,2023-03-23,2023-04-20,0.07744972188116796,0.09890927326502041,0.7830380238832297,0.0887782808274269,0.8723949276706523,0.1664072561901108,0.4654227445027161,True,False,0.6549113500964021,0.3257890284697831
1101,2023-03-24,2023-04-21,0.1004174863768797,0.09842461264206215,1.0202477173272195,0.08853477008092339,1.1342152499531557,0.1503080461540009,0.668077916959915,True,False,0.6580965218260172,0.2916480373675204
1102,2023-03-27,2023-04-24,0.025368334588883042,0.11952312674541492,0.21224624287915234,0.07993821379599628,0.3173492799529331,0.1735011244542718,0.14621423733521197,True,False,0.5416531820778474,0.2571930837318634
1103,2023-03-28,2023-04-25,0.05676026714255934,0.11246148196755741,0.5047085113010816,0.08437386510346526,0.6727233257947334,0.1686275833215559,0.33660132004811577,True,False,0.5757524260040231,0.26924286632516664
1104,2023-03-29,2023-04-26,-0.03859185712275188,0.09763446429791951,-0.3952687957092036,0.06813444610962771,-0.5664074389136139,0.14082713285113677,-0.27403708604609545,True,False,0.6636049626440034,0.2563757248600837
1105,2023-03-30,2023-04-27,-0.0385666134513149,0.09783040827300507,-0.39421907903819736,0.06877938447544867,-0.5607292613251221,0.14136022862920966,-0.2728250642015853,True,False,0.6622641982587487,0.25735989850847757
1106,2023-03-31,2023-04-28,-0.02419207827136243,0.08960481058524905,-0.2699863781124379,0.05692336379210249,-0.42499382783697726,0.11701104124582412,-0.20675038879910657,True,False,0.7233902984866528,0.25350139850523357
1107,2023-04-03,2023-05-01,-0.017148263385628984,0.08826744895367404,-0.19427618662264742,0.05576702843905205,-0.3074982452107946,0.11513433382341111,-0.1489413523852092,True,False,0.7343997133335415,0.25672403830094515
1108,2023-04-04,2023-05-02,-0.009914956778692604,0.08976821586581767,-0.1104506387150785,0.05931962564246769,-0.16714462829641255,0.12248463436631346,-0.08094857636624077,True,False,0.722050223725861,0.2582612211353102
1109,2023-04-05,2023-05-03,-0.05111694755762117,0.08761736008107751,-0.5834111814179249,0.060875110777216405,-0.8397019225918616,0.11567283610353485,-0.4419096935763563,True,False,0.7398684884346699,0.27211902643813257
1110,2023-04-06,2023-05-04,-0.06228114102528577,0.09199109171946279,-0.6770344808518974,0.0640200510111451,-0.9728380412324789,0.12616941444887675,-0.4936310539074571,True,False,0.7044776420007896,0.2707892112880288
1111,2023-04-07,2023-05-05,-0.04483663669822531,0.09177389391763864,-0.48855545715934645,0.06031180848331115,-0.7434138989652753,0.12878485797700912,-0.34815146285465964,True,False,0.7061984742176002,0.28467139454277834
1112,2023-04-10,2023-05-08,-0.043040479683797574,0.09201156770631762,-0.4677724850985488,0.06167203234629231,-0.6978930002196554,0.13013594046520222,-0.3307347649691471,True,False,0.7043660441744545,0.2844414836915829
1113,2023-04-11,2023-05-09,-0.06830458137154245,0.09187478337009812,-0.7434529787830019,0.053907013868775756,-1.2670815255657504,0.12297536436585814,-0.5554330472917547,True,False,0.7053564151235976,0.2752453491431847
1114,2023-04-12,2023-05-10,-0.07796539489227135,0.09328017330369545,-0.8358195759182044,0.05284427881665156,-1.4753800532084085,0.1262827469141052,-0.6173875434092491,True,False,0.6946427232481647,0.27443279181107033
1115,2023-04-13,2023-05-11,-0.08584525923048973,0.0946369637779622,-0.9071007331966016,0.06549304678901569,-1.3107537889791296,0.12885215316860915,-0.666230692460041,True,False,0.6846114302110436,0.2723969497426944
1116,2023-04-14,2023-05-12,-0.11824984203574655,0.09498596171012287,-1.2449191428583957,0.06966791922696974,-1.6973356366579964,0.12337730244159781,-0.9584408128206693,True,False,0.6818500105910835,0.251633120191355
1117,2023-04-17,2023-05-15,-0.0351154289071298,0.10602728132020549,-0.33119239190034666,0.05919962931370804,-0.593169743024026,0.11899403873133507,-0.29510242094071176,True,False,0.6108454208687184,0.24202020177225106
1118,2023-04-18,2023-05-16,-0.039337967559704604,0.10276905665340477,-0.38278027298016776,0.054660489300243344,-0.7196782916381518,0.11098344948302263,-0.35444895381200253,True,False,0.6303028781186091,0.22899061980655103
1119,2023-04-19,2023-05-17,-0.02952531941127566,0.10235395146868397,-0.2884629170404738,0.05914026770639636,-0.4992422347131568,0.11299648951798215,-0.2612941299081422,True,False,0.6328520075765832,0.2398709293894557
1120,2023-04-20,2023-05-18,-0.01768920985026655,0.10193727987408174,-0.17353033033760745,0.06661373277755453,-0.265548995870517,0.11558507457649883,-0.15304060593532015,True,False,0.6354305001088542,0.25224351364898473
1121,2023-04-21,2023-05-19,-0.014541056838019073,0.1018537466267987,-0.1427640839889652,0.06869701875632714,-0.21166940139858414,0.11528708611944219,-0.12612910367908803,True,False,0.6359696664481479,0.2572410945810027
1122,2023-04-24,2023-05-22,-0.010581677537666303,0.10163857702318278,-0.10411083908871259,0.07138697095169622,-0.14822981556153103,0.11550089244557929,-0.0916155478422133,True,False,0.6373114750886604,0.26074426887913366
1123,2023-04-25,2023-05-23,-0.013896972846535925,0.10288228110290176,-0.13507644559937704,0.07278892565995121,-0.19092152714904131,0.11776301957090984,-0.11800795272719718,True,False,0.6295341285296464,0.2615088272437063
1124,2023-04-26,2023-05-24,-0.03113348497496642,0.10422580569431636,-0.2987118666779871,0.08079924526761943,-0.38531900727349083,0.11686878026875036,-0.2663969359770175,True,False,0.6214048419370893,0.25334874777798444
1125,2023-04-27,2023-05-25,0.06471354054411266,0.11613005457432424,0.5572505823864522,0.07922637241513708,0.8168181701545181,0.10121493422835724,0.6393675107085329,True,False,0.5573196875226595,0.2515139440343477
1126,2023-04-28,2023-05-26,0.06353698684847468,0.11629208992628251,0.5463569094746749,0.07766739137389014,0.8180651586791191,0.10146775604848635,0.6261790870600661,True,False,0.5566045571519982,0.25653164496134195
1127,2023-05-01,2023-05-29,0.08403111225677387,0.14800310058286528,0.5677658908890614,0.10173570888130917,0.8259746079403593,0.1614341526145303,0.5205287164818334,True,False,0.43705200161011004,0.2518813683444574
1128,2023-05-02,2023-05-30,0.06044520561805146,0.14672911752172113,0.4119509926794415,0.10067110667057609,0.600422580193193,0.15846819388058317,0.3814343063921151,True,False,0.4409081611944039,0.25137992356427685
1129,2023-05-03,2023-05-31,0.07983217239363101,0.14562285140923337,0.5482118473925801,0.1003889318517991,0.7952288257383258,0.15763479465266114,0.5064375068304966,True,False,0.4442238766781059,0.2589234064135661
1130,2023-05-04,2023-06-01,0.23365143747118797,0.1525438900218664,1.531699745153314,0.09183995596797367,2.5441153037210364,0.13279598279643323,1.75947669915105,True,False,0.42383691582053745,0.2987773353975085
1131,2023-05-05,2023-06-02,0.11704930506493844,0.11710930043607318,0.9994876976387755,0.07658916606322543,1.5282749647425669,0.1496326580547817,0.7822443749016725,True,False,0.5526168662391654,0.2983687711327864
1132,2023-05-08,2023-06-05,0.08124374576661153,0.11859155521639736,0.6850719312885625,0.06566407548563268,1.2372632244611088,0.12949206209582956,0.6274032898363125,True,False,0.5456941023919973,0.2801268846691006
1133,2023-05-09,2023-06-06,0.0815157699401945,0.1187903659436705,0.686215328091915,0.06590396633974706,1.2368871627538427,0.13299088922551333,0.6129425136933087,True,False,0.5447905869742954,0.2806250084824749
1134,2023-05-10,2023-06-07,0.11014467372424606,0.12123197502807963,0.9085447440638863,0.07663441688813276,1.4372742456568826,0.1781648019913288,0.6182179223571149,True,False,0.5337996835160819,0.2801432836700599
1135,2023-05-11,2023-06-08,0.12034830331303532,0.11887953129079289,1.012355129653478,0.07480480844863124,1.6088311140543723,0.1689191143590382,0.7124611312917173,True,False,0.5443690750659612,0.2820126763675082
1136,2023-05-12,2023-06-09,0.10108397277511537,0.1271905905853299,0.7947441104717565,0.08769960523433357,1.1526160523188074,0.18092283787542918,0.5587131727654788,True,False,0.5087887532015367,0.2731038450888403
1137,2023-05-15,2023-06-12,0.11902361697956651,0.12795594490551787,0.9301921615869668,0.09654153067123004,1.2328747654198553,0.21106814171801186,0.5639108584117004,True,False,0.5057202411437776,0.26873544555320755
1138,2023-05-16,2023-06-13,0.11527195374859507,0.13043755144314353,0.8837328857621266,0.09993551682481627,1.1534633272639503,0.24169188771258598,0.4769376202054147,True,False,0.49609887069104375,0.27905434143184904
1139,2023-05-17,2023-06-14,0.11673931055387786,0.13560833492414218,0.8608564556093146,0.12052008697454727,0.9686294914351673,0.34423663617502925,0.33912517810719317,True,False,0.47714409359532695,0.289223091852414
1140,2023-05-18,2023-06-15,0.08544650042527287,0.13673277677312748,0.6249160036225194,0.111715726057502,0.764856510723406,0.327785181195635,0.26067835072225265,True,False,0.4732221799841763,0.2779582957704246
1141,2023-05-19,2023-06-16,0.0502858952450707,0.1379133867721814,0.36461939208365446,0.09812514442990995,0.5124669679440781,0.2796092292659572,0.1798434743269509,True,False,0.46913792292648354,0.2588853951820412
1142,2023-05-22,2023-06-19,0.03970147342411615,0.13130495378811297,0.3023608194416068,0.07859554390656677,0.5051364422302705,0.2224751319551664,0.1784535335487153,True,False,0.49284292038317784,0.2553152230190544
1143,2023-05-23,2023-06-20,0.058510014321170915,0.13028796498868117,0.44908226424638686,0.07692181745318372,0.7606426402597856,0.23691286543736045,0.24696849710190563,True,False,0.4967069853043512,0.26882130143516403
1144,2023-05-24,2023-06-21,0.054748328711586434,0.1303853746552797,0.4198962410955462,0.08110106118771326,0.6750630375213975,0.24157415754306094,0.22663156220187777,True,False,0.49628898655174336,0.2644528410670811
1145,2023-05-25,2023-06-22,0.0444113832564301,0.13376075446928057,0.33202102838489594,0.07931609226312422,0.5599290382221455,0.24861978931971832,0.17863173071600613,True,False,0.4837305777255791,0.26162057213779466
1146,2023-05-26,2023-06-23,0.05363982241629557,0.132022856487305,0.40629193946771974,0.08915878169845581,0.6016213029661057,0.24979052899252607,0.21473921622504957,True,False,0.49011096710743784,0.2638373244383446
1147,2023-05-29,2023-06-26,0.04614441252712095,0.12825181582930625,0.3597953933731104,0.07566995315996394,0.6098115645660978,0.22025771468492883,0.2095019127621884,True,False,0.5045769423670143,0.2626824125204366
1148,2023-05-30,2023-06-27,0.049594879723075004,0.1288664100419878,0.38485498049426375,0.07975088870503713,0.6218724396477171,0.2419683574392185,0.204964319500053,True,False,0.502128091353039,0.26299421154191444
1149,2023-05-31,2023-06-28,0.09410585709535639,0.12672838751737842,0.7425791406242863,0.09392161412487669,1.0019616674201823,0.2686802700651722,0.35025220524205103,True,False,0.5106394834916798,0.280079936132772
1150,2023-06-01,2023-06-29,0.07896174174131618,0.12492700498041578,0.632063033558634,0.10419574587872948,0.7578211670293866,0.24546684160958399,0.3216798701753174,True,False,0.5180147285730863,0.2700435665741147
1151,2023-06-02,2023-06-30,0.0549343425689694,0.12383388147161864,0.44361318498733926,0.09763144445706215,0.562670591165219,0.18682197297762554,0.2940464747984892,True,False,0.5227040163018452,0.21807894650939835
1152,2023-06-05,2023-07-03,0.20006258565464247,0.1745014401876826,1.1464810000391281,0.06982015636292319,2.865398705421438,0.10197220915445329,1.9619324452568792,True,False,0.37052665181628325,0.2191088135173927
1153,2023-06-06,2023-07-04,0.04007008508960935,0.12600791857993332,0.31799656355874834,0.09533957416772505,0.42028806442030586,0.1743885732502947,0.22977471713182698,True,False,0.5136622865598692,0.21910941303745102
1154,2023-06-07,2023-07-05,0.04260177422860493,0.1260187350122725,0.33805905308013207,0.09288423740101008,0.45865450824212345,0.17551854727372249,0.242719501103021,True,False,0.5136255551465364,0.22141551705504628
1155,2023-06-08,2023-07-06,0.08170884045022206,0.11750577285730122,0.6953602232755757,0.07425253044237078,1.1004182613498716,0.17588365217023424,0.4645618819146291,True,False,0.550920491873133,0.23871065488005208
1156,2023-06-09,2023-07-07,0.12281556852533315,0.11672533480434369,1.0521757657084299,0.08974888870387249,1.3684355349575923,0.21732248938379686,0.5651305066197628,True,False,0.5545103420366777,0.27026348999294575
1157,2023-06-12,2023-07-10,0.12455002252067558,0.11984076912188367,1.039295921023357,0.09722038645828286,1.2811101360322181,0.2557654647124124,0.48696966441783696,True,False,0.5400465920247183,0.270024463895154
1158,2023-06-13,2023-07-11,0.12764974361864517,0.11996868672336616,1.0640255145327266,0.10215719731029775,1.2495423423854806,0.27611554486178713,0.4623055311230005,True,False,0.5394173841652244,0.2686468745310201
1159,2023-06-14,2023-07-12,0.15340241008188596,0.1198211145391143,1.2802619193782363,0.13240008632277817,1.1586277195311356,0.31579803911382165,0.48576112287573714,True,False,0.539908772792945,0.32467663466500873
1160,2023-06-15,2023-07-13,0.1743050045245065,0.11799429996979909,1.4772324135074344,0.13722975351575262,1.27016918750421,0.3005723147199329,0.5799103775972192,True,False,0.5482236714176153,0.3265473100688142
1161,2023-06-16,2023-07-14,0.17294674064508297,0.11777924261425639,1.4683974595719547,0.13608154530818656,1.2709051786074819,0.29875777686554,0.5788861547290198,True,False,0.5492455956487099,0.325553512684792
1162,2023-06-19,2023-07-17,0.18130595235736346,0.11961774273607004,1.5157111997791588,0.1499681674807431,1.208962911283452,0.3415118607849563,0.5308921099859792,True,False,0.54077974257395,0.3265128085525146
1163,2023-06-20,2023-07-18,0.1901241566861581,0.12241632567637376,1.5530947823804182,0.15687800472354824,1.2119236028096896,0.3656508929036479,0.5199608708086962,True,False,0.5283563716808679,0.32636279165149407
1164,2023-06-21,2023-07-19,0.18904884289857715,0.11860933590549977,1.5938782681423915,0.15263217166312396,1.238591057433349,0.3414765332269023,0.5536217704686579,True,False,0.5453040442862652,0.3156873329326877
1165,2023-06-22,2023-07-20,0.19494349009267553,0.11859151701142977,1.6438232261915244,0.15828512075564705,1.2315970646010368,0.3538208295075328,0.5509666866250033,True,False,0.5454366569057659,0.3200869570813409
1166,2023-06-23,2023-07-21,0.1724773584588267,0.11762216256913914,1.4663678569712004,0.14193032560141616,1.2152255532985667,0.30692362802524586,0.5619552967249548,True,False,0.5500751066163957,0.3283786108256292
1167,2023-06-26,2023-07-24,0.15388216055137371,0.1189568338707165,1.293596639589571,0.13582940153024597,1.1329075945100724,0.3054787133547162,0.5037410262124831,True,False,0.5438778618880262,0.3177300580285007
1168,2023-06-27,2023-07-25,0.15927024020275093,0.12040526379855,1.3227846954367868,0.1354641131661936,1.1757375180786875,0.3045445786250703,0.5229784122961882,True,False,0.5373342102135874,0.3183388474287814
1169,2023-06-28,2023-07-26,0.15495354380341447,0.11996998007867696,1.2916026467770947,0.13591462210283667,1.140080010568491,0.30336709181130794,0.5107790132352075,True,False,0.5393085577844371,0.317566913763687
1170,2023-06-29,2023-07-27,0.1326107797271909,0.12225260818246374,1.0847276119399223,0.13730956569268934,0.9657796167237559,0.30015863983319363,0.4418023076093573,True,False,0.5292324898429044,0.3053328299431514
1171,2023-06-30,2023-07-28,0.07911361529895924,0.1117342872884358,0.7080513709702365,0.10143727695556978,0.7799264498554269,0.17090220311058396,0.4629174689326152,True,False,0.5793186705490516,0.3013273022941664
1172,2023-07-03,2023-07-31,0.08102685924475454,0.11229747843833356,0.7215376549104725,0.10721685603778291,0.755728737430996,0.18122964661912971,0.4470949469710092,True,False,0.5764201635665132,0.3016488776033559
1173,2023-07-04,2023-08-01,0.12287418506835211,0.11284003882773343,1.0889236333562173,0.10218675417535757,1.2024472844836023,0.1935100460984354,0.6349757418064385,True,False,0.5736568538842792,0.33710692710585854
1174,2023-07-05,2023-08-02,0.3167332322525884,0.13368563974770437,2.369239006151574,0.1614308870774145,1.9620361257179886,0.23876437705572898,1.3265514569565002,True,False,0.48341194957964856,0.35375076940237293
1175,2023-07-06,2023-08-03,0.2806984389923186,0.12081010916936505,2.3234681345979444,0.14804812744747545,1.895994524428584,0.1890957788760268,1.4844246691320777,True,False,0.5351175835303431,0.35643692948640693
1176,2023-07-07,2023-08-04,0.25682636229911443,0.11015435785085897,2.3315134081834397,0.0918491961539604,2.796174305854722,0.12518143772517815,2.0516329494708954,True,False,0.5869935283767271,0.35957283687846703
1177,2023-07-10,2023-08-07,0.21511474714382117,0.11444267160001778,1.8796725394148153,0.08085688714371352,2.6604381487192335,0.11675451513910139,1.8424533465582325,True,False,0.5652710487782928,0.33762353268529255
1178,2023-07-11,2023-08-08,0.23682683305159424,0.1127546007490999,2.1003740111552367,0.08770444287054863,2.700283193191816,0.11902565975746747,1.9897124160804,True,False,0.5736294459228932,0.351683451790234
1179,2023-07-12,2023-08-09,0.2416313969158746,0.11192452089944668,2.1588780990445957,0.08558037240537725,2.823444092663147,0.1147853302961722,2.105072105402413,True,False,0.5778567235550652,0.35039188489787254
1180,2023-07-13,2023-08-10,0.20578306182382927,0.10513210954917329,1.9573759406737545,0.057186288439255537,3.59846857420055,0.08206517090471695,2.5075566108642717,True,False,0.615368984546778,0.28343103625540766
1181,2023-07-14,2023-08-11,0.17598314564437847,0.10626711218474799,1.6560452432209454,0.058396856506358,3.013572239547144,0.08286777899396566,2.12366190793159,True,False,0.6087311856235957,0.27257386410107665
1182,2023-07-17,2023-08-14,0.168310583123426,0.09733928891045472,1.7291125197992752,0.04988863895669524,3.3737256947323093,0.07104615785549855,2.3690314607266236,True,False,0.6646324170826996,0.274148810234695
1183,2023-07-18,2023-08-15,0.16744080238060158,0.09708605181674446,1.7246638342720517,0.049912792203651066,3.3546671101352143,0.0709586751266456,2.359694598042546,True,False,0.6663617693348314,0.2738857654691158
1184,2023-07-19,2023-08-16,0.16579096494983392,0.096957358188582,1.7099369047099096,0.0508497826705579,3.2604065591381013,0.0722895994112404,2.293427634128719,True,False,0.6671556403949042,0.2696683613592466
1185,2023-07-20,2023-08-17,0.1656627269341157,0.09860660650969726,1.6800367926445574,0.052613118237250234,3.148696227946171,0.07439103903529917,2.22691777238798,True,False,0.6560051511912571,0.26778865099133464
1186,2023-07-21,2023-08-18,0.168939265305494,0.09807017364147767,1.72263654720443,0.05141263258951866,3.2859485460375963,0.07185350992369334,2.3511623229665934,True,False,0.6596857238826455,0.2706151421556723
1187,2023-07-24,2023-08-21,0.17892878280466798,0.09814917409659606,1.82302891951562,0.04686552976774638,3.817918706806333,0.0694455123673147,2.5765348502041263,True,False,0.6592025283994166,0.2679674496712662
1188,2023-07-25,2023-08-22,0.18252458991888657,0.09614843447875657,1.8983625776997368,0.04479511364258979,4.074654020865077,0.06749162965091086,2.704403358801149,True,False,0.6728999407884776,0.26719276225810656
1189,2023-07-26,2023-08-23,0.16869755312177137,0.0958571947234392,1.7598841026851069,0.04773856114470317,3.5337795919408266,0.06579095601883647,2.5641450334521956,True,False,0.6751749731635277,0.2790582897709649
1190,2023-07-27,2023-08-24,0.1738982872161445,0.09606584850389953,1.8101988367810604,0.045753892699910155,3.800732067907437,0.06774648679213993,2.5668974946213816,True,False,0.6735678518020496,0.2768428126966578
1191,2023-07-28,2023-08-25,0.1622698450894854,0.09519251064492405,1.7046492837526404,0.05103241676652691,3.179740552595603,0.06946152862397338,2.3361110575024244,True,False,0.6797669585327981,0.2783369501314899
1192,2023-07-31,2023-08-28,0.19131154937920125,0.10177563659061911,1.8797381749497686,0.04770704598414719,4.010131950797647,0.07185292628926605,2.6625436048215736,True,False,0.6355476056813675,0.2814120833426817
1193,2023-08-01,2023-08-29,0.19686346002600855,0.10125270352569594,1.9442785542615015,0.047944592685592965,4.106061789219553,0.07307306510620828,2.6940632603802332,True,False,0.6388047196625303,0.28272544956838813
1194,2023-08-02,2023-08-30,0.19274305569535052,0.10134749112884348,1.90180391787218,0.04482709194250793,4.299700188951565,0.06324501855628976,3.0475610584856425,True,False,0.638509304959504,0.2740826932504814
1195,2023-08-03,2023-08-31,0.18733379857288981,0.10575120320412193,1.7714578453665102,0.04910866331024447,3.8146792428335234,0.06822668808931298,2.7457554194578258,True,False,0.611892947209541,0.26691569405581533
1196,2023-08-04,2023-09-01,0.20562960073754377,0.11770244628550341,1.7470291164447083,0.07452596086466068,2.7591673874687457,0.08512659307582598,2.415574185547171,True,False,0.549480274008144,0.2782981745417425
1197,2023-08-07,2023-09-04,0.16118186898438275,0.13333271478917355,1.2088696254272213,0.061944057264874376,2.6020554045267805,0.08409721797372194,1.9166135678203724,True,False,0.4850008359059273,0.25023887628529473
1198,2023-08-08,2023-09-05,0.19851953117266521,0.12384285807143383,1.6029953948426894,0.06158436505022468,3.2235378413135227,0.08797069229235592,2.2566553246269643,True,False,0.5220539066420444,0.2700042851382546
1199,2023-08-09,2023-09-06,0.18352245657231317,0.12716279957844193,1.44320868351994,0.06401233157906754,2.866985970439581,0.08884673203296183,2.065607280909634,True,False,0.508469336347296,0.26316032924574245
1200,2023-08-10,2023-09-07,0.15840981597302117,0.12408310468621282,1.276642911004003,0.05186939503847975,3.0540131778190878,0.08344682979392666,1.8983323436518422,True,False,0.5211496311829097,0.25811201185502647
1201,2023-08-11,2023-09-08,0.1327057730973038,0.13183694163439066,1.006590197346375,0.0602727724455724,2.2017532579431274,0.08937387929981433,1.4848384576899472,True,False,0.4904252429364876,0.24566051702692784
1202,2023-08-14,2023-09-11,0.1336759829944473,0.13217734862042524,1.011338057463429,0.05812204681669684,2.2999187109846573,0.09182583086922114,1.4557557686009874,True,False,0.489398289733389,0.27039542995733534
1203,2023-08-15,2023-09-12,0.136856461619647,0.16194446212264646,0.8450826896198563,0.09919344477713023,1.379692598912547,0.15233256309757426,0.8984058223453231,True,False,0.3993305117044503,0.2620167310840527
1204,2023-08-16,2023-09-13,0.14086538903911647,0.16652121376807244,0.8459305925748961,0.11163625428559378,1.261824753442078,0.16905167276373875,0.8332682353045122,True,False,0.3883658391964281,0.2667263495716966
1205,2023-08-17,2023-09-14,0.13188070470029395,0.16587125309643758,0.7950787266532464,0.11554480698217122,1.1413814964496274,0.17097162358762946,0.7713601937733257,True,False,0.38989311059058107,0.26737119703031004
1206,2023-08-18,2023-09-15,0.12656735565157098,0.17044230771841679,0.7425817999405966,0.12953035332602103,0.9771250707006693,0.19051395382556938,0.6643469053581945,True,False,0.3794405877571877,0.26663003597818963
1207,2023-08-21,2023-09-18,0.12266479180020896,0.17152353457272396,0.7151484611471818,0.13084391386312805,0.9374894725980528,0.19251843598090748,0.6371586761299781,True,False,0.377043557260063,0.26569920552464665
1208,2023-08-22,2023-09-19,0.12324854829534077,0.16999946877156033,0.7249937260742744,0.129983959886259,0.9481827481112902,0.19009699012540632,0.648345606177321,True,False,0.38043098980689827,0.2659624796327363
1209,2023-08-23,2023-09-20,0.10317626357979416,0.1759070638234988,0.5865384899114621,0.1406585292400718,0.7335229803497801,0.209216546157753,0.493155371669301,True,False,0.36766412740972915,0.26813346718329645
1210,2023-08-24,2023-09-21,0.2156232046998861,0.16200002829969484,1.3310072039061012,0.07423053951376063,2.904777549945121,0.13589219246456602,1.5867225393107849,True,False,0.3990521868243952,0.27718269464856404
1211,2023-08-25,2023-09-22,0.18626561912286277,0.15161765381683126,1.2285219724339593,0.07214640424716698,2.581772730969846,0.12980357833255782,1.434980618528472,True,False,0.4264773011599006,0.27648243291698044
1212,2023-08-28,2023-09-25,0.23894238965677164,0.1529807022622393,1.5619119674792505,0.06602525615350407,3.6189543755990496,0.11652700573160539,2.0505323049930886,True,False,0.4225390636138611,0.28954677297382336
1213,2023-08-29,2023-09-26,0.2404625191382922,0.1569543196747196,1.5320541647827177,0.061599842254786735,3.903622320065383,0.11780796130724983,2.0411398047297697,True,False,0.41175970370929665,0.28883997546145185
1214,2023-08-30,2023-09-27,0.25915616629147714,0.1522199281852897,1.7025114213430668,0.05681636027398531,4.561294758089913,0.10928099160998049,2.371466093722824,True,False,0.4244448439802047,0.2962416150972549
1215,2023-08-31,2023-09-28,0.13983650446521412,0.15070458831907108,0.9278848509187584,0.06716414980269168,2.0820110859143193,0.1364965005746996,1.0244695202913767,True,False,0.42896462762898774,0.2943050495131567
1216,2023-09-01,2023-09-29,0.13782665921736653,0.14190809795418755,0.9712388595459955,0.060507132617060824,2.2778580517052034,0.13279753903346303,1.0378705826968393,True,False,0.45570561425155987,0.2950036323198393
1217,2023-09-04,2023-10-02,0.20587463337955586,0.14320497031013585,1.4376221225680763,0.056460916285704286,3.6463211531634783,0.11919835998840703,1.7271599491769751,True,False,0.45141648129827716,0.30710782994134395
1218,2023-09-05,2023-10-03,0.23993911328755296,0.12903376168125447,1.8595064590944992,0.04739745420309267,5.062278498322743,0.09033060787960995,2.6562326870127673,True,False,0.5008175599758605,0.32508833350593275
1219,2023-09-06,2023-10-04,0.1743787430217846,0.1338776493816427,1.3025231905938692,0.04699161120843388,3.710848352237128,0.11185405146318143,1.5589845941269653,True,False,0.48304754577166253,0.3138260555368656
1220,2023-09-07,2023-10-05,0.10225734695861896,0.12383721575300691,0.8257400357140704,0.06958003981610314,1.4696362236767966,0.132164746708988,0.7737112165302159,True,False,0.5224633292674647,0.30997617487331636
1221,2023-09-08,2023-10-06,0.15340552140299202,0.12214713922628077,1.255907607617435,0.06003001378733717,2.555480362647387,0.13900614451658666,1.1035880603442474,True,False,0.5296719843720911,0.3299673177510657
1222,2023-09-11,2023-10-09,0.14217385676970587,0.12195808070219863,1.1657600378024218,0.06035684804977925,2.355554694513672,0.1393538484320177,1.0202363147442166,True,False,0.530543954371024,0.32992993194097103
1223,2023-09-12,2023-10-10,0.16284836203090025,0.12142057282653812,1.3411925033786987,0.055978592632325935,2.9091185464505633,0.1361968151354985,1.1956840684482002,True,False,0.5328071520186086,0.31855359274991096
1224,2023-09-13,2023-10-11,0.1646916177682863,0.11872170224255567,1.387207348424059,0.05437109405445595,3.0290289469499667,0.13025214180363412,1.2644062161877734,True,False,0.5449521762650202,0.3205797740134011
1225,2023-09-14,2023-10-12,0.1482871397721631,0.11826205974084912,1.2538859892776157,0.051569022121458315,2.875508079693827,0.1271233147414626,1.1664826398976653,True,False,0.5469948421862253,0.3214956648722284
1226,2023-09-15,2023-10-13,0.15894563281119364,0.11860493372843661,1.3401266525313609,0.0512108811248347,3.103747276359848,0.12596841472946532,1.261789577590156,True,False,0.5453444080624683,0.3250673404948244
1227,2023-09-18,2023-10-16,0.17020810812525686,0.11785476683257755,1.4442191240940774,0.05379984404622242,3.163728652800957,0.12550531976009402,1.3561824188059368,True,False,0.548831324915977,0.3313469276744914
1228,2023-09-19,2023-10-17,0.1775254776604182,0.1159968840687131,1.5304331584912005,0.05580884037841812,3.1809562151208794,0.12225797831997819,1.452056381922101,True,False,0.5576487154569104,0.3351411233144923
1229,2023-09-20,2023-10-18,0.18514518486902481,0.11716018995552994,1.5802738535956597,0.059357979273964745,3.1191288371609396,0.12194217842480116,1.5183030782347344,True,False,0.5519127346430545,0.3505553137544155
1230,2023-09-21,2023-10-19,0.16316862329861168,0.11406913396504456,1.4304362418374563,0.05209949961845439,3.131865459237827,0.11825911597894857,1.3797551414781206,True,False,0.5669522165507196,0.3462995523720943
1231,2023-09-22,2023-10-20,0.11868029987395834,0.11722943992449182,1.0123762422681626,0.057284869893840414,2.0717564706683484,0.12821570400837648,0.9256299826283746,True,False,0.5519450190706738,0.33961652643304074
1232,2023-09-25,2023-10-23,0.14670144555404052,0.12227659313810044,1.19975084183409,0.05611813114433628,2.6141541523669636,0.13969613033761827,1.0501468093603723,True,False,0.5290997778877685,0.3473756373719093
1233,2023-09-26,2023-10-24,0.09136138302498871,0.11768985369589047,0.7762893754721262,0.07566559670061117,1.2074362326974257,0.1412908993314905,0.6466190211631441,True,False,0.5499264587836223,0.3384996479008293
1234,2023-09-27,2023-10-25,0.08278148872049931,0.11836473099567134,0.6993763093461234,0.07696101091849958,1.0756289156357823,0.1448237626183404,0.5716015605716345,True,False,0.54682235571226,0.33453653313838244
1235,2023-09-28,2023-10-26,0.0573162794744921,0.11759904151419014,0.48738730126109076,0.0747182884486758,0.7670983993947187,0.14308269066683632,0.40058150435506773,True,False,0.5504674963566955,0.3252072891426938
1236,2023-09-29,2023-10-27,0.12752792914585298,0.11274071599935188,1.131161249202871,0.0734770256478823,1.7356163783356477,0.11843344163045949,1.076789860956422,True,False,0.5740860744463441,0.3217346105808479
1237,2023-10-02,2023-10-30,0.12605938613772605,0.11720613756668007,1.0755357078976282,0.07500218660851572,1.6807428134823645,0.12930527841201866,0.9748974495538388,True,False,0.5521633641531227,0.32128638097775103
1238,2023-10-03,2023-10-31,0.11844817842666035,0.11357196843946787,1.0429349781833834,0.06731340565280092,1.7596521417681636,0.12173898205408006,0.9729683658274896,True,False,0.5699466968194158,0.30276378957529104
1239,2023-10-04,2023-11-01,0.04817405927697716,0.12749329227930578,0.3778556378592836,0.09280952989236066,0.5190637139617972,0.11943510442443665,0.40334924567722535,True,False,0.5076771411765374,0.27418603596180896
1240,2023-10-05,2023-11-02,0.16820220844581896,0.12246041592597717,1.3735230864109675,0.12292911915911017,1.3682861277815772,0.1390490434629227,1.2096610250373272,True,False,0.5283643068660732,0.3169259399822616
1241,2023-10-06,2023-11-03,0.28935974407395326,0.1256821202871455,2.302314310204618,0.14317864641128283,2.0209699653310245,0.13140335444939277,2.2020727346454008,True,False,0.5141701352264142,0.36508242017780873
1242,2023-10-09,2023-11-06,0.27217507772180316,0.12858195269761674,2.1167440065393244,0.1570353203567884,1.733209300324374,0.14113484142970503,1.9284754562704156,True,False,0.5027038930147343,0.3558826231796558
1243,2023-10-10,2023-11-07,0.31099603887504423,0.134271715294728,2.3161694046464234,0.17506835799318693,1.776426319638796,0.1527848091897654,2.0355167540823618,True,False,0.481293260275997,0.3672885357699558
1244,2023-10-11,2023-11-08,0.3065277071462265,0.13393868520503208,2.2885673894513507,0.17813489562688692,1.7207617073987862,0.15556180949295584,1.970456040241077,True,False,0.4825373525554472,0.36102975657617786
1245,2023-10-12,2023-11-09,0.31463969329316865,0.136976166876656,2.297039700172766,0.18936394266880854,1.6615607430790738,0.1657755013968701,1.8979866786221595,True,False,0.47181137440309917,0.36056400230928376
1246,2023-10-13,2023-11-10,0.32527930325934834,0.1368703291050833,2.3765508959185198,0.18723307393720753,1.7372961753992109,0.16255083387558109,2.001092799735018,True,False,0.4721045298107844,0.3498523288672242
1247,2023-10-16,2023-11-13,0.31879870372416674,0.137616480514236,2.316573585757325,0.18832397734483883,1.692820575578735,0.16303816622429154,1.9553624228427318,True,False,0.4695666980247998,0.3466988259153819
1248,2023-10-17,2023-11-14,0.3920294743787391,0.12970191940938314,3.0225418109763003,0.18454292495943678,2.124326762810921,0.16056231109235491,2.44160333587404,True,False,0.4977230703942003,0.39072255767748637
1249,2023-10-18,2023-11-15,0.3929046688635074,0.1312326730982471,2.9939546272090336,0.18511859333316855,2.12244843583256,0.1655618424929615,2.373159557463918,True,False,0.49189773197802306,0.39169928129037296
1250,2023-10-19,2023-11-16,0.36701349684130535,0.13196077363454392,2.781231776177089,0.18956549404528927,1.936077547708244,0.16040680397453408,2.288017015160852,True,False,0.48921835128476093,0.3654781794951633
1251,2023-10-20,2023-11-17,0.40438443239763155,0.14002178608836457,2.88801081384888,0.18807231536554117,2.150153953343222,0.1666101941261651,2.427128991227347,True,False,0.46086083466201894,0.36665349908933864
1252,2023-10-23,2023-11-20,0.3680629931499257,0.14079008514629648,2.6142678496675917,0.17943958249143074,2.0511806148874805,0.18226144507681566,2.0194232136961405,True,False,0.45841167391034493,0.3758250119865735
1253,2023-10-24,2023-11-21,0.36197630788004587,0.13961930267526476,2.5925950133267235,0.18093927812141888,2.0005402455355354,0.18311253518758644,1.9767969872145867,True,False,0.46233906639695893,0.37520563352357145
1254,2023-10-25,2023-11-22,0.47571823113081046,0.1438313428170059,3.307472639924237,0.13806046797545693,3.4457237332802544,0.16540575995310372,2.876068108303407,True,False,0.4482849399932436,0.3805523440216332
1255,2023-10-26,2023-11-23,0.4701594872607056,0.14382139628128493,3.269051055109845,0.13930514125631252,3.3750332760198876,0.16444401090388616,2.8590855007513976,True,False,0.44831299696487686,0.37780660787415316
1256,2023-10-27,2023-11-24,0.48908455956076496,0.14927874398712615,3.276317488328705,0.14248582632925505,3.432513760565858,0.1743675799714833,2.804905359360677,True,False,0.43174604522562954,0.3756953264089668
1257,2023-10-30,2023-11-27,0.568487861377099,0.16288957217410374,3.490019979728803,0.13786170505738465,4.123609679283069,0.1684743697542576,3.3743284643611635,True,False,0.39550890251034165,0.37456141524688974
1258,2023-10-31,2023-11-28,0.525234092672945,0.16146637886021092,3.2529006743110584,0.14293933510994902,3.674524526568803,0.16536256967320392,3.1762574427268118,True,False,0.3990443068803401,0.3823126733165268
1259,2023-11-01,2023-11-29,0.5349488449758507,0.17413254035964237,3.0720785665390347,0.16410534277772285,3.2597893275201124,0.1989390522347582,2.6890087138074024,True,False,0.3700426046147831,0.37348447147111785
1260,2023-11-02,2023-11-30,0.5649678998541412,0.16713319656679435,3.3803452064554587,0.14433455314515586,3.914294169643207,0.18195205832395364,3.1050371458192196,True,False,0.38548351727718966,0.3893104715360895
1261,2023-11-03,2023-12-01,0.5407888772047635,0.19781522924586814,2.7338081060109243,0.19275152765017925,2.8056269322349032,0.2658355459384594,2.034298593499439,True,False,0.32603378032576247,0.36557794875916033
1262,2023-11-06,2023-12-04,0.45557654579300044,0.2083494672133546,2.1865980839129273,0.17222727445404287,2.6452055705878714,0.3284097964902435,1.3872197195753717,True,False,0.30995175042693884,0.335163653428829
1263,2023-11-07,2023-12-05,0.4700125906574018,0.20786299498116492,2.2611652964010793,0.17465699662465184,2.691060763328517,0.32963139749599746,1.4258732457763188,True,False,0.310681335784159,0.34192555340417996
1264,2023-11-08,2023-12-06,0.4760425204773833,0.20767361990294791,2.29226283386331,0.17204221264748445,2.7670099863967534,0.307351648461775,1.5488529925245813,True,False,0.3108971804203799,0.3321499523645433
1265,2023-11-09,2023-12-07,0.15050225874794115,0.1275079207337491,1.1803365460111832,0.14326427959889484,1.0505218688797437,0.3578599678620827,0.42056187409580253,True,False,0.5072805796667593,0.33277246567524554
1266,2023-11-10,2023-12-08,0.12103719962406767,0.12427232458246906,0.9739674543847894,0.15579096325443223,0.7769205420881444,0.2989587801375615,0.4048625016745592,True,False,0.5206183918943337,0.33488079243237573
1267,2023-11-13,2023-12-11,0.10597130850055941,0.12311413092632056,0.8607566629697405,0.15842220222000974,0.6689170268785378,0.28273706493871437,0.37480515164691824,True,False,0.5255936348520472,0.3373404569872136
1268,2023-11-14,2023-12-12,0.10855695592285426,0.12295981538448826,0.8828653132196312,0.1526751566917601,0.7110322221055437,0.26984983118031364,0.40228654377151163,True,False,0.5261517254534154,0.33213937704998964
1269,2023-11-15,2023-12-13,-0.07159777103747703,0.1311879012383719,-0.5457650466362899,0.09024011804472275,-0.7934139780490244,0.1009912975785294,-0.7089499071125769,True,False,0.49330846124858385,0.2896480724379585
1270,2023-11-16,2023-12-14,-0.2985432015186692,0.11978774394700498,-2.492268337992466,0.2406047235326104,-1.2408035766521688,0.37479695338558544,-0.7965465002367094,True,False,0.5393785201212414,0.4059206419271647
1271,2023-11-17,2023-12-15,-0.2918536709559536,0.12051504201633048,-2.4217198622924245,0.23834044638089932,-1.224524311285098,0.36647979769201794,-0.7963704214910678,True,False,0.5361664433352983,0.4071597865839324
1272,2023-11-20,2023-12-18,-0.30401850782079004,0.1160189554802129,-2.6204210041577265,0.22893848607368772,-1.3279484504101096,0.3398739143232853,-0.8945037998168054,True,False,0.55698105601277,0.4063102979967865
1273,2023-11-21,2023-12-19,-0.18866785097990094,0.1026795821768238,-1.8374427221080558,0.170343525896796,-1.1075727708853866,0.24525775400155658,-0.7692635519230251,True,False,0.6302629661647867,0.4003944467166365
1274,2023-11-22,2023-12-20,-0.18892959551446845,0.10277768077607613,-1.8382356372303563,0.17107889524242842,-1.1043419192457642,0.24730184077654865,-0.7639635633977231,True,False,0.6296739709911526,0.40097283577247506
1275,2023-11-23,2023-12-21,-0.19939105780885252,0.09941184716755432,-2.0057072018065174,0.15620612759648508,-1.276461179064138,0.22366537083820645,-0.8914704009012047,True,False,0.6508512017445766,0.3912869009109072
1276,2023-11-24,2023-12-22,-0.20246697155748306,0.09935966911738243,-2.037717852283614,0.1537488290373049,-1.316868380886058,0.2201342672047377,-0.9197430919247886,True,False,0.6510927235028858,0.39257963199478585
1277,2023-11-27,2023-12-25,-0.2454209059458482,0.10355466476284296,-2.3699647573376055,0.1501427278061864,-1.6345840356827193,0.24875107567580815,-0.9866124408872905,True,False,0.6244436955617781,0.38556318505283493
1278,2023-11-28,2023-12-26,-0.24319713721572964,0.10341639511815978,-2.351630386437871,0.15116712072141517,-1.6087965164324056,0.2476880154080397,-0.9818688111134009,True,False,0.625268996244881,0.3861742354587541
1279,2023-11-29,2023-12-27,-0.23586838601276344,0.10331242692514778,-2.2830591927112067,0.1516138195375271,-1.5557182500397457,0.24547733280848452,-0.9608560729995476,True,False,0.6259927533836898,0.3795774335913849
1280,2023-11-30,2023-12-28,-0.23752589434375365,0.10251952192715892,-2.316884529685166,0.14860044497767189,-1.5984198054012781,0.23923353126038663,-0.9928620502835184,True,False,0.6307566988429101,0.37580219638048806
1281,2023-12-01,2023-12-29,-0.2523172335023526,0.10151119779895594,-2.485609853624914,0.14813219951455991,-1.7033246946255753,0.2436863412501235,-1.0354180386473535,True,False,0.6368294080345283,0.36421056078879477
1282,2023-12-04,2024-01-01,-0.2463241134661821,0.10101593412567189,-2.4384679070505375,0.14533289777727262,-1.6948957684975208,0.2364581233007395,-1.041724048333474,True,False,0.6400799994636708,0.3621901375823935
1283,2023-12-05,2024-01-02,-0.2792337223092683,0.10084178605387217,-2.769027932132169,0.14349698178897968,-1.9459205261884676,0.25235101590388953,-1.106529019941086,True,False,0.6409963682538699,0.3851938346908453
1284,2023-12-06,2024-01-03,-0.27789776317196124,0.10083841869230792,-2.755871886685582,0.14254252072089843,-1.9495780049806437,0.25153371365004235,-1.1048131844409497,True,False,0.6410519627504111,0.3894927567032703
1285,2023-12-07,2024-01-04,-0.28074725763140074,0.10087422060030395,-2.783141777558922,0.14068931761505593,-1.9955122563005199,0.25271146571337394,-1.1109399284234498,True,False,0.6408311914527204,0.3875795284849062
1286,2023-12-08,2024-01-05,-0.3772042660399335,0.12339280188112013,-3.0569389809572685,0.20732242363437772,-1.8194089159653561,0.35632329077190705,-1.058601207972658,True,False,0.5232752043156312,0.3884556145177951
1287,2023-12-11,2024-01-08,-0.36626404014702135,0.12554125152192008,-2.917479598991173,0.21272796004305963,-1.7217484719586627,0.36788913866399003,-0.9955826406757473,True,False,0.5143535716123454,0.3864615144615165
1288,2023-12-12,2024-01-09,-0.3855587877204207,0.12337806650535191,-3.1250188841603856,0.2010613713750283,-1.9176174174265423,0.3569060629028968,-1.0802808576141207,True,False,0.523275204315631,0.39447634423809885
1289,2023-12-13,2024-01-10,-0.38501336448253803,0.12336199485056429,-3.1210046898878994,0.2020744093389324,-1.9053049109091715,0.3623773313151585,-1.0624653674809836,True,False,0.5233873644746203,0.39379011162086963
1290,2023-12-14,2024-01-11,-0.35789371097769584,0.11992054888360532,-2.984423556342015,0.17565832884663607,-2.037442308187766,0.32897430718419934,-1.0879077884258723,True,False,0.5385325332685548,0.3830178135853677
1291,2023-12-15,2024-01-12,-0.08054784468688525,0.13564755829955671,-0.5938023927346171,0.07987055498999213,-1.0084798421267762,0.1570804702369654,-0.5127807713165994,True,False,0.4770540189448006,0.25819248948767853
1292,2023-12-18,2024-01-15,-0.09154697012752161,0.1348876733373162,-0.6786904085637858,0.07733012886780902,-1.1838460826053372,0.1493819626656499,-0.612838180017919,True,False,0.47973579283343026,0.25610124354515684
1293,2023-12-19,2024-01-16,0.07001821911142886,0.12605228161628185,0.5554696687250188,0.13939597479698734,0.5022972809179144,0.18673940453518695,0.3749514961007357,True,False,0.5134479829385641,0.3186786388780063
1294,2023-12-20,2024-01-17,0.03086520480789429,0.14741124474821837,0.20938161712569983,0.20319643737705692,0.15189835612432498,0.2342602386714992,0.1317560546464578,True,False,0.43883983648469177,0.31400985907875795
1295,2023-12-21,2024-01-18,0.04232876857680838,0.14530193606161995,0.29131592960232483,0.20762088262124068,0.20387529444245764,0.23173321325021431,0.18266163914580438,True,False,0.44524202658187606,0.3166425855985349
1296,2023-12-22,2024-01-19,0.15588930165220474,0.15488410932362343,1.0064899642253229,0.2083795841838496,0.7481025661067947,0.2411662616168732,0.6463976370785106,True,False,0.4175232447980156,0.31716610085360203
1297,2023-12-25,2024-01-22,0.20788654710682222,0.15783724761697854,1.3170943503227934,0.20045533781382346,1.0370716458541036,0.23938442060004705,0.8684213725593694,True,False,0.4095774666876897,0.3118431860534361
1298,2023-12-26,2024-01-23,0.24037952333491394,0.16100101927898444,1.4930310653399126,0.20266654707224413,1.1860838742628124,0.23981482306467253,1.002354734636604,True,False,0.4013778502891297,0.31994253932629907
1299,2023-12-27,2024-01-24,0.17297919498888453,0.15821559057535733,1.0933132086404302,0.20753801730134983,0.8334819674879851,0.2605251804176633,0.6639634399698768,True,False,0.40864488404665134,0.34139184500874714
1300,2023-12-28,2024-01-25,0.18048614669298127,0.15817497700411687,1.1410537248776316,0.20495633501403457,0.8806077971711502,0.2537525124778935,0.7112684124012563,True,False,0.4085935815526577,0.3308056306903085
1301,2023-12-29,2024-01-26,0.2543225894446255,0.16845782381351612,1.509710761348563,0.192329165453454,1.3223298132917582,0.275310001360629,0.9237680730366491,True,False,0.38352625119608297,0.3346511708713965
1302,2024-01-01,2024-01-29,0.24548848334611983,0.16422804280991374,1.4948024658021484,0.18324187809511605,1.3396963941762985,0.24779150816187326,0.9907057960426596,True,False,0.39339638877205246,0.33492902884579484
1303,2024-01-02,2024-01-30,0.269241632028888,0.17101362169235618,1.5743870538759681,0.1992825135775687,1.3510549781583743,0.27056530523180405,0.9951077496732924,True,False,0.37777952365544654,0.3409641135582743
1304,2024-01-03,2024-01-31,0.18772346873266674,0.1607901135528073,1.1675062886936383,0.21682680028377177,0.8657761332408351,0.27510678020660306,0.6823658384271295,True,False,0.40213183754896176,0.3122285202261822
1305,2024-01-04,2024-02-01,0.16659449800712875,0.16235150545441293,1.0261346055328524,0.22853195762214212,0.728976812435915,0.2982821075303243,0.5585132121617191,True,False,0.39833447357557206,0.304979682149
1306,2024-01-05,2024-02-02,0.17077171032892574,0.16252540619826003,1.0507385541962977,0.22969929295810698,0.7434577099898667,0.2907200266813691,0.5874095165658902,True,False,0.39783947132842906,0.31920746368138964
1307,2024-01-08,2024-02-05,0.17612832630187536,0.15795115918506603,1.1150809352118256,0.20089280335395218,0.876727903445877,0.24202452239265201,0.7277292588398584,True,False,0.4092933054138946,0.32122897827553415
1308,2024-01-09,2024-02-06,0.20557016739170086,0.1510526364291244,1.3609174407767237,0.18471371664684746,1.1129123008483917,0.22143909871532752,0.9283372655701283,True,False,0.42798857536854096,0.3304766816423581
1309,2024-01-10,2024-02-07,0.25690388988452256,0.15242287553178757,1.6854680702500304,0.16570390403596402,1.5503792223794841,0.21208606867191948,1.2113190248338883,True,False,0.42409156089852734,0.32487490069387287
1310,2024-01-11,2024-02-08,0.24657772600150643,0.15166502577166652,1.625804794130534,0.17042820123506122,1.4468129347995453,0.21471020297130847,1.1484210931254926,True,False,0.4262216222494741,0.325490931714975
1311,2024-01-12,2024-02-09,0.276018779678308,0.15273211571652442,1.8072085126523585,0.1821024214573598,1.5157337144082907,0.20569970748327773,1.341853049065453,True,False,0.4231909640629684,0.32573726108309253
1312,2024-01-15,2024-02-12,0.2609396657308528,0.1531617147886316,1.7036872830195096,0.175588657731645,1.486084973265478,0.2069120457207039,1.2611139425061653,True,False,0.42201036056416025,0.31765930462941677
1313,2024-01-16,2024-02-13,0.2736864291451952,0.15741997909828476,1.7385749300240967,0.18598270229608274,1.4715692683585646,0.2069475372374091,1.3224918392298797,True,False,0.4104823966912269,0.33049479064761794
1314,2024-01-17,2024-02-14,0.11184826533687572,0.18153804250461208,0.6161147481472604,0.13811027398463704,0.8098475378400696,0.17514950154642686,0.638587403043383,True,False,0.35622234053959906,0.2782390117029095
1315,2024-01-18,2024-02-15,0.07789264090618082,0.18542075282837278,0.4200858842282827,0.13365598606700532,0.5827845291353517,0.18865363744013136,0.41288703447819713,True,False,0.3488007235366741,0.26886978265324585
1316,2024-01-19,2024-02-16,0.07011631209716862,0.18298052962924347,0.38319001611394843,0.13424913742393466,0.5222850101133529,0.18593198210723144,0.37710732334758235,True,False,0.35345749633383655,0.2675468943354569
1317,2024-01-22,2024-02-19,0.04644516985814343,0.18819901209974604,0.24678753272906317,0.14850491214265674,0.31275174125908567,0.19353157820542424,0.23998755287803303,True,False,0.3436419908716435,0.26308106822999405
1318,2024-01-23,2024-02-20,0.05168925395047644,0.17498695272679904,0.2953891884223908,0.1320401465804345,0.39146619637376007,0.16941269956150395,0.305108495905356,True,False,0.3696259871813237,0.2644299874140552
1319,2024-01-24,2024-02-21,0.03025218455509368,0.1754170383992111,0.17245864387612264,0.14051949498140587,0.21528816737561415,0.17479869344088814,0.1730687109816647,True,False,0.3687401781807792,0.2494578989666092
1320,2024-01-25,2024-02-22,0.1249971867288336,0.18134092815281933,0.6892938511018107,0.10958601031156866,1.1406308740819084,0.15204136080541472,0.8221262034664847,True,False,0.3566017119918374,0.22153973176451228
1321,2024-01-26,2024-02-23,0.12985592214580863,0.1811961549827986,0.7166593692793105,0.10031967707007737,1.2944212535203736,0.151109465868241,0.8593500175497657,True,False,0.35690726824648406,0.21402119946877476
1322,2024-01-29,2024-02-26,0.12644789778604026,0.17960570987533345,0.7040305003321404,0.1063888623548751,1.1885445053849284,0.15180355540008902,0.8329705944816501,True,False,0.36005920283968645,0.20977225266432747
1323,2024-01-30,2024-02-27,0.11478020240763923,0.18956567249744663,0.6054904397798355,0.13013526837406666,0.8820068828513871,0.18353895275937726,0.6253724382862642,True,False,0.34114091753344933,0.20661363043719944
1324,2024-01-31,2024-02-28,0.11462256871003451,0.16293230920520763,0.7034980923622174,0.08430353695209929,1.3596412778643236,0.12379415486908468,0.9259126073541247,True,False,0.3969611704711967,0.2024913214821456
1325,2024-02-01,2024-02-29,0.1807619631543707,0.1708721537317517,1.057878414982378,0.09850353698145377,1.8350809391586065,0.1142244843522622,1.5825150288874186,True,False,0.37840327716921945,0.19912260048274066
1326,2024-02-02,2024-03-01,0.1914987222200164,0.16398722032202062,1.1677661335070602,0.10013094879851099,1.9124828488878167,0.11301585103894458,1.694441270490695,True,False,0.39429060569538615,0.20117972702201656
1327,2024-02-05,2024-03-04,0.16206731011945355,0.16329175385595132,0.9925014968142364,0.08598028192855312,1.884935783929231,0.09612103534283116,1.6860753688452728,True,False,0.3960623972896509,0.1754326667300188
1328,2024-02-06,2024-03-05,0.10348902511866939,0.18486199169645814,0.5598177546880351,0.06538784656940433,1.5826951115269334,0.07961413810647508,1.299882503033121,True,False,0.3498509057305421,0.15370093449589015
1329,2024-02-07,2024-03-06,-0.04284190515510937,0.176316627613976,-0.24298278463507453,0.09398959087110738,-0.4558154233681112,0.12539982116523166,-0.3416424741041633,True,False,0.3668564466213142,0.1563235009472707
1330,2024-02-08,2024-03-07,-0.1144049488127909,0.15464900139715423,-0.7397716621459938,0.10931243524812911,-1.0465867726128528,0.11643318572423912,-0.9825802506490554,True,False,0.41829072835791753,0.16276869090147827
1331,2024-02-09,2024-03-08,-0.10406865534675633,0.15503889429128018,-0.671242244228321,0.10327213349182601,-1.0077128439976828,0.11374646524809015,-0.9149177086054873,True,False,0.4172269099123093,0.1609342197051411
1332,2024-02-12,2024-03-11,-0.09712987794242475,0.16136605131317974,-0.6019226296485051,0.10475297079418913,-0.927227907772261,0.11909664064852557,-0.8155551442384638,True,False,0.400847384963747,0.1623274317970352
1333,2024-02-13,2024-03-12,-0.12308345984779646,0.15488873671808806,-0.794657264664892,0.109728571402347,-1.1217083962250858,0.11471404978310541,-1.0729588928340987,True,False,0.4176286691868225,0.16500445880783463
1334,2024-02-14,2024-03-13,-0.11476416376321413,0.14826551322492804,-0.7740448959908144,0.09273402524548062,-1.2375626255780066,0.10667465100680282,-1.0758335057116375,True,False,0.4362742771394434,0.11886932830249065
1335,2024-02-15,2024-03-14,-0.06920469344705125,0.13992826227388244,-0.49457266403835193,0.09231313728034028,-0.7496732912119283,0.10270799108800971,-0.6738004775865032,True,False,0.46240027348423957,0.13438814056601786
1336,2024-02-16,2024-03-15,-0.09240430819588773,0.13840188563355021,-0.6676520899473053,0.08711542276650029,-1.060711241034363,0.10304363954582814,-0.8967492666521293,True,False,0.46751306232373074,0.13729890760539462
1337,2024-02-19,2024-03-18,-0.0947339593741639,0.14023745435943383,-0.6755253780588261,0.08870412576055603,-1.0679769239807912,0.1048133409078344,-0.9038349369806501,True,False,0.461385910617005,0.14251690489337598
1338,2024-02-20,2024-03-19,-0.08349763002426461,0.13987832250640753,-0.5969304501806544,0.0925185263965515,-0.9024963245348108,0.10513397793541998,-0.7942021377290052,True,False,0.46259064374291564,0.15864588704264712
1339,2024-02-21,2024-03-20,-0.10031873479266828,0.13697113810964331,-0.732407835527837,0.07638272631811457,-1.3133693915934126,0.09175581005250481,-1.0933229703412086,True,False,0.4724108159547406,0.15700556156522713
1340,2024-02-22,2024-03-21,-0.09210164970045422,0.1356977152303303,-0.6787266060016037,0.07562552583754444,-1.217864585805368,0.0903005632438849,-1.0199454620421904,True,False,0.4768628285738782,0.1583125136062621
1341,2024-02-23,2024-03-22,-0.0259172219258415,0.10355042749535764,-0.2502859964243356,0.05351062079374425,-0.4843379041655857,0.08122948648073841,-0.3190617477556889,True,False,0.6255388276961212,0.17267153523543713
1342,2024-02-26,2024-03-25,-0.027847882609232263,0.09033046141593387,-0.30828894453449596,0.045413360975035955,-0.6132090206787478,0.060192136835588744,-0.4626498422094086,True,False,0.7175754584751184,0.1746356865686039
1343,2024-02-27,2024-03-26,-0.028977226103907044,0.09018076141501052,-0.3213238128535451,0.04480600440203629,-0.6467264039859382,0.06032744292808344,-0.48033241088058215,True,False,0.7187722308465738,0.17478144895269074
1344,2024-02-28,2024-03-27,-0.03504699267310212,0.08946132760095998,-0.39175578557729834,0.042039723009635696,-0.8336637390562538,0.05971396900031619,-0.5869144734445059,True,False,0.7245760200671986,0.17431681041384128
1345,2024-02-29,2024-03-28,-0.04132008709121327,0.09191267040356936,-0.4495581176108298,0.04775114741251325,-0.8653213447261643,0.06901059232738357,-0.5987499266082572,True,False,0.705133479966715,0.1719724566900008
1346,2024-03-01,2024-03-29,-0.042089901431694256,0.09225144586204186,-0.45625194313634854,0.049389600340732406,-0.8522017011946142,0.07163332026915925,-0.5875743477133711,True,False,0.7025273425754344,0.1717686188890692
1347,2024-03-04,2024-04-01,-0.034568790585102455,0.09414783958520857,-0.36717561164869794,0.04804957270693038,-0.719440124805032,0.06538670532740468,-0.5286822514150149,True,False,0.6883080688488202,0.19105134026804582
1348,2024-03-05,2024-04-02,-0.039179638858929555,0.09400420798789193,-0.41678601094087225,0.04814305811114852,-0.813816994518192,0.06698622876314403,-0.5848909482195881,True,False,0.6893625652832651,0.1935637765993847
1349,2024-03-06,2024-04-03,-0.03526452729606411,0.09389639479672444,-0.375568490913927,0.04786989852989695,-0.7366743690513526,0.06803919609284632,-0.5182972363156984,True,False,0.6901679471389212,0.2011850371511764
1350,2024-03-07,2024-04-04,-0.009251867480350687,0.09366678253827153,-0.09877426372119107,0.034837217502382604,-0.2655742376588466,0.0571114925670471,-0.161996597611055,True,False,0.6918880115455529,0.19130991498440855
1351,2024-03-08,2024-04-05,0.023665040447587937,0.09493674342941212,0.24927166861567668,0.028830190258328694,0.8208423265868456,0.038905480484283286,0.6082700985314381,True,False,0.6825398772105745,0.1859704793115974
1352,2024-03-11,2024-04-08,0.024945419150537426,0.09479921725538487,0.2631395055017762,0.031192129248528565,0.7997344122224097,0.038946058474747886,0.6405120345287755,True,False,0.6835342701125848,0.18651555545278886
1353,2024-03-12,2024-04-09,0.024510334012319456,0.09481301928502213,0.2585123245430854,0.030947435478810525,0.7919988727047027,0.03957306953646336,0.6193690380710847,True,False,0.6834437911214786,0.18681900739966603
1354,2024-03-13,2024-04-10,0.08851883051976293,0.09279529644618309,0.9539150572259845,0.08127128633507966,1.0891771806687274,0.07507904917358132,1.179008411722278,True,False,0.698164664261909,0.23981307174483812
1355,2024-03-14,2024-04-11,0.06664674566136813,0.0926974090881817,0.7189709649594203,0.06821182695754259,0.9770555728239236,0.06753058879209883,0.986911958765061,True,False,0.6989734001627926,0.23439263034058866
1356,2024-03-15,2024-04-12,0.09172153549668073,0.08409015053097006,1.090752423649189,0.07332763445889018,1.2508454169226304,0.0655904921814527,1.3983968170712586,True,False,0.7707875545945548,0.25587379377742486
1357,2024-03-18,2024-04-15,0.09661383639425283,0.08475071228235724,1.13997668919138,0.07062343560439092,1.3680138266771886,0.06686339053839534,1.4449437220622805,True,False,0.7647287051550009,0.2557024398455363
1358,2024-03-19,2024-04-16,0.11490418076064665,0.07598848543360981,1.5121262136621607,0.06264643393512648,1.8341695375611593,0.055932986814148704,2.0543187000265952,True,False,0.8533170381503887,0.27697957461322503
1359,2024-03-20,2024-04-17,0.11059415323179952,0.07248162818305161,1.5258232465818113,0.055328391610251396,1.9988680316401668,0.051912880608358476,2.130379819724217,True,False,0.8950429341436006,0.2758821953700055
1360,2024-03-21,2024-04-18,0.10450190791690975,0.0698574181615852,1.4959314367328804,0.04778052564077036,2.187123446539482,0.04806115409925547,2.174352860963208,True,False,0.9289451325269894,0.2760776070438958
1361,2024-03-22,2024-04-19,0.10229289987584547,0.07049591456095382,1.4510472062519113,0.049179130700995694,2.080006263180541,0.04799626958434384,2.131267716464634,True,False,0.9204414578375677,0.27296500366615156
1362,2024-03-25,2024-04-22,0.11593644436362721,0.07597783730716148,1.5259245126302026,0.046274498188624814,2.5054068418212836,0.053128394564776915,2.1821936332420404,True,False,0.8534410909803261,0.26944567657669527
1363,2024-03-26,2024-04-23,0.1510338566281355,0.082966231566412,1.8204256572414934,0.04805225752695978,3.143116773304517,0.05519257481434624,2.736488687765971,True,False,0.7809118168581546,0.27676571969536223
1364,2024-03-27,2024-04-24,0.15714552465870663,0.08399568670982713,1.8708761225035773,0.05126908120875525,3.065112948266972,0.05645053978043422,2.7837736409594673,True,False,0.771236176178967,0.27708947420029983
1365,2024-03-28,2024-04-25,0.14362333942175642,0.08243467857694786,1.7422684469824503,0.051502179034528285,2.788684714203411,0.058456238451114716,2.4569377576674647,True,False,0.7860437289090109,0.2768324226928764
1366,2024-03-29,2024-04-26,0.14301286670503938,0.08246577387298869,1.7342087509577429,0.05162353700324566,2.770303528331426,0.058251169687569104,2.455107210243,True,False,0.7857409747753814,0.27678775088897833
1367,2024-04-01,2024-04-29,0.14609407541379724,0.08256848238628045,1.7693685434391873,0.0534384433297056,2.7338759572845905,0.06065636927871778,2.4085529211695924,True,False,0.7847959517548687,0.2895690374915883
1368,2024-04-02,2024-04-30,0.13931138780259775,0.08270051859534737,1.684528587834457,0.05167996247823329,2.695655745904872,0.06109197071790263,2.280355113209229,True,False,0.7835970189646437,0.28672991345705495
1369,2024-04-03,2024-05-01,0.13839140103867573,0.08252887215833299,1.6768846758643394,0.05079676773947038,2.7244135246649184,0.05954532121703755,2.324135603102232,True,False,0.7852085381158846,0.28193641138476366
1370,2024-04-04,2024-05-02,0.14660612935689732,0.08233637669829655,1.7805754301540748,0.05229645840645144,2.8033663047976414,0.061938148105113416,2.3669763117246636,True,False,0.7870272084652017,0.2988349922220737
1371,2024-04-05,2024-05-03,0.14544786734805035,0.08063367195573065,1.803810539942964,0.049138982251746496,2.959928364061322,0.058998505034987506,2.465280556885235,True,False,0.8037474211012181,0.3003661369920887
1372,2024-04-08,2024-05-06,0.14947886072625605,0.0802119974648876,1.8635474174756672,0.05018051397102562,2.9788228317582717,0.05966040229536354,2.5054953532868263,True,False,0.8079927603334178,0.3041568692217795
1373,2024-04-09,2024-05-07,0.13476211132578034,0.07975278475974282,1.6897480349025358,0.04321577814630233,3.118354385973517,0.05864746548505289,2.2978335075729115,True,False,0.8127525780347961,0.3008316009972238
1374,2024-04-10,2024-05-08,0.13254382243809207,0.07936351462041707,1.670085089754755,0.04248268967893264,3.1199489354324275,0.057959745564320216,2.2868254708089246,True,False,0.8167714810926341,0.3003337686305871
1375,2024-04-11,2024-05-09,0.1010217594747578,0.08150549268184201,1.2394472587154077,0.032607693754002666,3.0980958125061258,0.06178257780992036,1.6351172621116636,True,False,0.7954918620263068,0.2599566907392061
1376,2024-04-12,2024-05-10,0.1122473350205127,0.08213540972815059,1.36661319876562,0.036432960372053944,3.080928200021113,0.05722455952015217,1.9615237926118723,True,False,0.7892787176971761,0.2618755966828429
1377,2024-04-15,2024-05-13,0.07633238032504676,0.09246256761575433,0.8255490009996304,0.03554454480995857,2.1475132325695334,0.0886576345278739,0.8609792121291925,True,False,0.7008289041184548,0.23059325369124023
1378,2024-04-16,2024-05-14,0.08260296965299234,0.09294794115837819,0.8887014453848032,0.03727391786005441,2.2161064464198974,0.08903946542307405,0.9277118776544931,True,False,0.6971174681344012,0.2293522512402247
1379,2024-04-17,2024-05-15,0.03831088893368813,0.12084456878010609,0.3170261545092709,0.05287878730032662,0.7245039247231657,0.07267470710308892,0.527155739057114,True,False,0.5356050891544903,0.20703347538696668
1380,2024-04-18,2024-05-16,0.05544446126868318,0.12832085981051733,0.43207675938701035,0.05527821560719383,1.0030074353823337,0.0849223201475312,0.652884438064838,True,False,0.5042777219884306,0.20718670414908208
1381,2024-04-19,2024-05-17,0.06745853236705232,0.13323534338477222,0.5063110932377596,0.041822025168985186,1.6129905736147594,0.0859242248022007,0.7850932903071657,True,False,0.4856185312995256,0.20759112475620528
1382,2024-04-22,2024-05-20,0.059484457560658004,0.13276243647078703,0.448051867244444,0.04151154177127551,1.4329618949932403,0.08294485262481315,0.7171567092864192,True,False,0.48734219271515916,0.20512659642325465
1383,2024-04-23,2024-05-21,0.07069598824481906,0.13599106241100858,0.519857606753252,0.04360386671550886,1.6213238313489793,0.0898195623347394,0.7870889860423653,True,False,0.475753731161791,0.20951526015654837
1384,2024-04-24,2024-05-22,0.0671437830390905,0.13707355723802184,0.4898376053851032,0.05016154641756487,1.3385508987334374,0.09394886354806076,0.7146843559713973,True,False,0.47203791956860014,0.20821127039334972
1385,2024-04-25,2024-05-23,0.059406901875846685,0.13938916192271333,0.4261945552752935,0.05668123306770012,1.0480876766546525,0.09575978691935902,0.6203742070340473,True,False,0.46419209087254115,0.20959183196744333
1386,2024-04-26,2024-05-24,0.1145679679228691,0.16034526726823273,0.7145079482216004,0.04834098165944476,2.369996718932683,0.09991653444110503,1.1466367259805257,True,False,0.4033784220397489,0.2100365087335666
1387,2024-04-29,2024-05-27,0.11202107797169124,0.16042544353149724,0.6982750086628092,0.04799288942457552,2.3341182269873726,0.09975484672404208,1.1229637621676867,True,False,0.40317049232475666,0.2080497526861649
1388,2024-04-30,2024-05-28,0.12863828873897626,0.1611905581767546,0.7980510161018058,0.05475692658175756,2.3492605733980785,0.09901758083098683,1.2991459461986758,True,False,0.4012550955810557,0.19982555932239665
1389,2024-05-01,2024-05-29,0.2060278941717402,0.14364351288724436,1.4343000253235634,0.10192663681383078,2.0213351544999036,0.1356269848673038,1.5190774488816958,True,False,0.4502237534375989,0.22930286930670055
1390,2024-05-02,2024-05-30,0.20799683346575187,0.14758635362713718,1.4093229377509793,0.10145190926213894,2.05020127248975,0.14656574098234446,1.4191367782925992,True,False,0.43816576800127277,0.2307385248505973
1391,2024-05-03,2024-05-31,0.1762936134556272,0.145367898644211,1.2127410184768996,0.08144303720272653,2.1646247427732876,0.14152400338753224,1.245679949943799,True,False,0.4449547295722931,0.21061960438801908
1392,2024-05-06,2024-06-03,0.17498886780830053,0.15413660239865118,1.1352843197861473,0.09058996155537784,1.9316584840510111,0.15724464543355796,1.1128446843186162,True,False,0.4196042190938476,0.20877270248707733
1393,2024-05-07,2024-06-04,0.16738072762984246,0.13946657112158797,1.2001494428648334,0.07740042559885316,2.1625298095560157,0.12135648914084336,1.379248269415445,True,False,0.463799027378032,0.21257970068943563
1394,2024-05-08,2024-06-05,0.19830916551680958,0.1394525300020896,1.4220549854049838,0.06812614984164067,2.91091109622046,0.11846126888654177,1.6740422197127016,True,False,0.46379902737803186,0.21411127765561325
1395,2024-05-09,2024-06-06,0.20671587375598174,0.14394673755955373,1.4360580674533117,0.07119862759395357,2.9033687971471065,0.1271709332611192,1.6254962392352148,True,False,0.44928688840521136,0.2159891240441104
1396,2024-05-10,2024-06-07,0.2584756335832768,0.1427918677006141,1.8101565428446675,0.0741615672973539,3.4853043564587565,0.12723919123473607,2.031415250875262,True,False,0.45270332050481576,0.2991885311568827
1397,2024-05-13,2024-06-10,0.2486924017985936,0.13736503650302545,1.810449064257455,0.05945114569427122,4.183138926834136,0.11663706169331246,2.132190216283995,True,False,0.47059015514480695,0.3007210242374194
1398,2024-05-14,2024-06-11,0.2510921986986709,0.13623402516376357,1.8430946189605655,0.06243726483102564,4.021511822758464,0.11414827870881653,2.1997020151235724,True,False,0.4744763895708919,0.300406113005638
1399,2024-05-15,2024-06-12,0.2571438825589854,0.1347230781573226,1.9086847337225041,0.05959667098727631,4.314735677331453,0.11207779186906103,2.2943339467233894,True,False,0.47979259603336416,0.3031654462051601
1400,2024-05-16,2024-06-13,0.19372476026517352,0.14272457368285224,1.3573329053737349,0.06699273126571895,2.891728051761117,0.09903135805970924,1.9561961388873466,True,False,0.45291165260756255,0.27667892065149186
1401,2024-05-17,2024-06-14,0.06669517416458076,0.11129603511411743,0.599259210772377,0.08662562898274165,0.7699242700779511,0.13037104656922338,0.5115796483935372,True,False,0.5814551288958884,0.2724084870856199
1402,2024-05-20,2024-06-17,0.06250479248878772,0.11227819533578488,0.556695735105625,0.09542895950333236,0.6549876768446278,0.1320529231393534,0.47333138110715944,True,False,0.5763437859350546,0.2717059969407809
1403,2024-05-21,2024-06-18,0.08285913284761888,0.11045404968228072,0.7501683558544194,0.09055715535957048,0.9149926642308333,0.1426165677480338,0.580992335995698,True,False,0.5859050642764678,0.2798795535556988
1404,2024-05-22,2024-06-19,0.08698140016118125,0.10983914536413909,0.7918980056956946,0.09054096400186766,0.9606855981717515,0.1420834634901651,0.6121852467877237,True,False,0.589223129970116,0.2808043079282278
1405,2024-05-23,2024-06-20,0.0875983990043167,0.10946603332348652,0.8002336098673815,0.08976463831392063,0.9758675648864281,0.1402721651889144,0.6244888206177025,True,False,0.5912298511408167,0.2811404491444189
1406,2024-05-24,2024-06-21,0.0896732616955444,0.1096484992896761,0.817824797206208,0.09050462749483872,0.9908141072748825,0.13690806823128243,0.6549888757765319,True,False,0.5903108027631269,0.28311142601464184
1407,2024-05-27,2024-06-24,0.08440664679771351,0.1103963486341142,0.7645782477594602,0.08726275503547863,0.9672700198772786,0.13024676484157796,0.6480517723444356,True,False,0.5863700087606443,0.29414559271211677
1408,2024-05-28,2024-06-25,0.07020619640044078,0.10895137052609655,0.6443810303756083,0.08116862560820268,0.8649425301263932,0.12319092312690604,0.5698974779831575,True,False,0.5941496098164756,0.2943594317058898
1409,2024-05-29,2024-06-26,0.06556863018624834,0.10555753385110149,0.6211648547865741,0.06905903934160067,0.9494576062941302,0.10710188337029103,0.6122080034722939,True,False,0.6132447068813156,0.2909428808849952
1410,2024-05-30,2024-06-27,0.027002809713966576,0.10735490101597198,0.2515284300802361,0.05425578724503766,0.49769455177219474,0.0853511064267083,0.31637328260242426,True,False,0.6031056527253189,0.2681613337131914
1411,2024-05-31,2024-06-28,0.027354810209349125,0.10734257249550229,0.2548365440980586,0.05427879431050233,0.5039686411025581,0.08648767578427508,0.3162856437208444,True,False,0.6031577885648516,0.26549918771034325
1412,2024-06-03,2024-07-01,0.0187666611581345,0.10714938574528098,0.17514483193349537,0.05678032853104099,0.3305134303313345,0.08453782837554764,0.22199128507023147,True,False,0.604229051326049,0.26673085153206627
1413,2024-06-04,2024-07-02,0.02102230482011324,0.10717988433626317,0.1961403947233088,0.05851633421227663,0.3592553276466658,0.08156589245089228,0.2577340134268741,True,False,0.6041423098390769,0.26997648537427027
1414,2024-06-05,2024-07-03,0.045030214525757215,0.10763777055718256,0.4183495653306468,0.06666202689858955,0.6755002303524313,0.10330793387949021,0.4358834102546803,True,False,0.6016318197347615,0.28459452528914936
1415,2024-06-06,2024-07-04,0.03637330616742703,0.10886485020620738,0.33411432706268546,0.061953131293965104,0.58711005251433,0.10267486206728606,0.354257170986901,True,False,0.5948160785199954,0.2812100609129704
1416,2024-06-07,2024-07-05,0.053366691788043305,0.10556469997991598,0.5055353901275378,0.07035861757952944,0.7584954569029243,0.10674787211946617,0.4999321366173775,True,False,0.6134702801030145,0.28575344096821165
1417,2024-06-10,2024-07-08,0.032304954189415105,0.10479901341780001,0.30825628157991936,0.05190830290805322,0.6223465684601145,0.07974091963010543,0.40512392306570133,True,False,0.6180458631004759,0.19522914248758838
1418,2024-06-11,2024-07-09,-0.001409907741685329,0.10932670283233174,-0.012896279730009105,0.039092573273712565,-0.0360658719448742,0.06783895803544839,-0.02078315738500287,True,False,0.5923580773581126,0.18313652412346118
1419,2024-06-12,2024-07-10,-0.008810326060119585,0.11227795002289849,-0.0784688895577695,0.037294327083186946,-0.2362377001860817,0.06682353032022517,-0.13184466636078046,True,False,0.5767128507813922,0.1841003684784658
1420,2024-06-13,2024-07-11,-0.024891040244625053,0.1120784609416991,-0.22208584981884127,0.038628002772510966,-0.6443781313575545,0.06604617864946467,-0.37687328402044956,True,False,0.5777115954106354,0.19421003458893402
1421,2024-06-14,2024-07-12,-0.009721864227556182,0.11106246609963434,-0.08753510136209906,0.03375761274639013,-0.28799027646277475,0.06600114035750597,-0.14729842810133453,True,False,0.5829565992505352,0.19471978212528715
1422,2024-06-17,2024-07-15,0.021294277554752432,0.15467344987488224,0.13767248077790795,0.054862652435086964,0.38813795195096784,0.1299729735424679,0.16383619589802378,True,False,0.4182305844679818,0.19679572945174661
1423,2024-06-18,2024-07-16,0.062401055593021025,0.16375818579578413,0.3810560998204922,0.05456494461035636,1.1436107200075372,0.12602264952591782,0.49515746437458946,True,False,0.3949679011969354,0.19738511108289383
1424,2024-06-19,2024-07-17,-0.010198977512193074,0.14611816478853143,-0.06979951826628454,0.058774289132023726,-0.17352787524632204,0.132202225472892,-0.07714679140771627,True,False,0.44275144961879753,0.1960109265853822
1425,2024-06-20,2024-07-18,0.0027102487332465483,0.14646445101579122,0.01850448156156568,0.057435123383111526,0.047188002281605294,0.13152325325931793,0.020606612641362237,True,False,0.44172755915352924,0.2050179993775909
1426,2024-06-21,2024-07-19,-0.0071435754747396375,0.15022801244603642,-0.04755155419037238,0.05859740871750128,-0.12190940915457354,0.1400331245804184,-0.051013469106998444,True,False,0.4306546186080054,0.21268544219968513
1427,2024-06-24,2024-07-22,-0.004825398119762299,0.15100967467829052,-0.031954231608287864,0.061179238651508254,-0.07887313124716923,0.14274577168390837,-0.033804140485838734,True,False,0.42843406800392897,0.21362293589563003
1428,2024-06-25,2024-07-23,0.02113887860565494,0.15063798509228638,0.1403290052817985,0.06795393823877145,0.3110765785402861,0.1429234280725173,0.1479035235212059,True,False,0.4295140549923176,0.20618650080260403
1429,2024-06-26,2024-07-24,0.04388327459920222,0.13760242654925178,0.31891352281854685,0.05576595761648155,0.7869186951114524,0.11151956827078131,0.3935029096655843,True,False,0.4702826832406768,0.2042601725540341
1430,2024-06-27,2024-07-25,-0.016313325789426496,0.13522222793890737,-0.1206408594066115,0.051722600191975394,-0.31540034199513156,0.10081608854957334,-0.16181272279180817,True,False,0.47857203161524564,0.19457664660833246
1431,2024-06-28,2024-07-26,-0.0660116598761567,0.1170862758927753,-0.5637864845629605,0.05364730536973651,-1.2304748471746199,0.09239410263249018,-0.7144575031885623,True,False,0.5529069881939999,0.19616294366799517
1432,2024-07-01,2024-07-29,-0.049778032924439185,0.11680087375189493,-0.42617860059999424,0.05527382234784239,-0.9005715691450145,0.09562680680145665,-0.5205447571598818,True,False,0.5543004853542509,0.21386989584788874
1433,2024-07-02,2024-07-30,-0.029470087229622462,0.11879515348998518,-0.248074827666323,0.06861159703228213,-0.4295204965970494,0.10482465753905806,-0.28113697598908727,True,False,0.5449791031553516,0.21039267894341854
1434,2024-07-03,2024-07-31,-0.10794346567923735,0.11100821958833686,-0.9723916488304664,0.09303900316090216,-1.160195853480495,0.11253777100960002,-0.9591754369297864,True,False,0.5831831039648071,0.23734748884824566
1435,2024-07-04,2024-08-01,-0.1498636377860397,0.11532968887091485,-1.299436764749948,0.0801484261570376,-1.8698263331135994,0.10241059672139043,-1.4633606539150044,True,False,0.5611768506673301,0.2238855465662884
1436,2024-07-05,2024-08-02,-0.19800688363713975,0.09779635297193892,-2.024685764038201,0.08054724579593156,-2.4582700709443883,0.08033063041808128,-2.464898913485574,True,False,0.6617892207668629,0.23505707159592296
1437,2024-07-08,2024-08-05,-0.1393666599440046,0.06076949371508432,-2.293365493506008,0.03523792574399376,-3.9550188327347673,0.09480283178745633,-1.4700685339912458,True,False,1.0688582624545915,0.22984474907106042
1438,2024-07-09,2024-08-06,-0.14451023709993777,0.06068106660991369,-2.3814716051205433,0.03409479203952303,-4.238484192319461,0.09956586441649504,-1.4514034297481258,True,False,1.070361498704718,0.22897267436965757
1439,2024-07-10,2024-08-07,-0.14225137671499538,0.061560503990569046,-2.3107571818578356,0.035874440815736666,-3.965256976287013,0.10312187387300255,-1.3794491059208438,True,False,1.0549297767267876,0.22950092698787897
1440,2024-07-11,2024-08-08,-0.1467311533357149,0.06172976375411436,-2.376991979431237,0.03547294364023728,-4.13642450493667,0.10687985640804913,-1.3728606892539255,True,False,1.051920893631335,0.22704342681037354
1441,2024-07-12,2024-08-09,-0.12293119677049852,0.059433713311538086,-2.068374831741052,0.042690425427106535,-2.8795964327036816,0.06726218761596087,-1.827641965384542,True,False,1.093499023503738,0.2337561449022703
1442,2024-07-15,2024-08-12,-0.14187001840591643,0.05894644652231481,-2.4067611667178275,0.03947309556307264,-3.594094062859282,0.08212950987044497,-1.7273939492602477,True,False,1.1023203245990034,0.23012999886284416
1443,2024-07-16,2024-08-13,-0.14382656539400865,0.05887810892034449,-2.442785069550891,0.03962425340464917,-3.629760892280516,0.08858999839073035,-1.6235079355081916,True,False,1.1035177657957471,0.23201751088385172
1444,2024-07-17,2024-08-14,-0.12164102509565994,0.057855654511299016,-2.102491556324954,0.04164279258749921,-2.921058304148783,0.06844426517835328,-1.7772274240754224,True,False,1.1236081537006513,0.2549484632903996
1445,2024-07-18,2024-08-15,-0.1264145905487294,0.05420454445923807,-2.3321769753787605,0.03293647317333633,-3.838133788139409,0.05933049043819746,-2.130685076342174,True,False,1.2003392978204253,0.2539376640903424
1446,2024-07-19,2024-08-16,-0.12167550265771775,0.05374142409893721,-2.2640915215368103,0.03133975693139531,-3.882464785035603,0.05814259487814977,-2.0927085024793746,True,False,1.2108781952127483,0.2508752462972756
1447,2024-07-22,2024-08-19,-0.13583378230735654,0.05240627878459806,-2.5919371773306943,0.034619939631987326,-3.9235707442381558,0.071593729357457,-1.8972860266736262,True,False,1.2413455593049718,0.25582612525763415
1448,2024-07-23,2024-08-20,-0.13484064720312652,0.052489806733648246,-2.568892049600324,0.03481437759657589,-3.8731310599787525,0.07167773450738005,-1.8812068786750387,True,False,1.2392446689948304,0.25476256225263216
1449,2024-07-24,2024-08-21,-0.13402059937318087,0.05249648901908625,-2.552944051638477,0.03473089618780821,-3.8588292869974055,0.07144732964780416,-1.8757957789861193,True,False,1.2390492726447953,0.2525959124532163
1450,2024-07-25,2024-08-22,-0.1420409692411242,0.05274852923624469,-2.6927948759474543,0.03754076383641685,-3.7836462214798017,0.07857258817706442,-1.8077674738298413,True,False,1.2330344327709488,0.2701382099397862
1451,2024-07-26,2024-08-23,-0.130937064392115,0.05299022539026481,-2.470966360829451,0.036807404090094406,-3.5573566685555185,0.0818946438768311,-1.5988477169403572,True,False,1.227276249048324,0.3095637187903993
1452,2024-07-29,2024-08-26,-0.11546324814283133,0.05478517229089628,-2.107563840992392,0.03478980329497091,-3.318881890876408,0.0714033798817434,-1.6170557799092822,True,False,1.186797875582241,0.3124471172767087
1453,2024-07-30,2024-08-27,-0.11731773552616634,0.05460302796538651,-2.148557321775917,0.033642809536583544,-3.487156308946011,0.07542827675200334,-1.5553548427453692,True,False,1.1905930256084414,0.2993093155188426
1454,2024-07-31,2024-08-28,-0.11531796413373241,0.05464101287595275,-2.110465345793092,0.03323276029686694,-3.4700086030652155,0.07433385078134574,-1.5513519469473216,True,False,1.189681496411433,0.2967405994717499
1455,2024-08-01,2024-08-29,-0.10337544375280695,0.05510077254143385,-1.8761160503706593,0.030533442717644053,-3.3856465092641,0.05766921204414492,-1.792558630308224,True,False,1.1805683361504202,0.29003513815444076
1456,2024-08-02,2024-08-30,-0.1067163370867919,0.05452219586109675,-1.9573007910148619,0.030143998207539942,-3.5402183994324568,0.05975479056831383,-1.7859042943977845,True,False,1.193179376938998,0.28638394613988866
1457,2024-08-05,2024-09-02,-0.09097355129034206,0.056611086623839124,-1.6069917875773962,0.03312212881904735,-2.7466094280155815,0.047500629649494856,-1.9152072711800254,True,False,1.1491439695589847,0.28007048337075136
1458,2024-08-06,2024-09-03,-0.09298316139324894,0.0924774125106722,-1.0054688909307274,0.08370921813199322,-1.1107875986445424,0.12227907280984944,-0.7604176189481153,True,False,0.7006239770399567,0.2932316981318409
1459,2024-08-07,2024-09-04,-0.09195670493277741,0.09299623273592665,-0.9888218288787988,0.08381015238478738,-1.0972024547883859,0.12286268577424081,-0.748451039901139,True,False,0.6966481988659289,0.2951737428840298
1460,2024-08-08,2024-09-05,-0.09318659630784845,0.0916674051684907,-1.0165728607302167,0.07925802732882337,-1.1757370129998146,0.11810634386799185,-0.7890058506256332,True,False,0.7067815349786022,0.2951289473640612
1461,2024-08-09,2024-09-06,-0.09258453799230548,0.09251472467624704,-1.0007546184275287,0.08407270451768893,-1.1012437214128832,0.1218420912048776,-0.759873185668034,True,False,0.700323209075627,0.29533283417057193
1462,2024-08-12,2024-09-09,-0.1459717169465281,0.093818219516031,-1.5558994585437158,0.06633590805970972,-2.200493235355085,0.10328923743911948,-1.4132325938853643,True,False,0.6903380207827177,0.2850402097721964
1463,2024-08-13,2024-09-10,-0.13594428049735383,0.0956099808397687,-1.4218628568201552,0.06931482554493609,-1.9612583517103788,0.10953080243201892,-1.2411511417688064,True,False,0.6774021362356983,0.2850123386274484
1464,2024-08-14,2024-09-11,-0.12982476091069245,0.09748659917394044,-1.331719046625605,0.07476993778066245,-1.7363229763749874,0.11754058818308794,-1.1045100498261076,True,False,0.6643405985645213,0.2856459398938764
1465,2024-08-15,2024-09-12,-0.1531061522272015,0.09885074236472322,-1.5488619363352436,0.07825101430900816,-1.9566027811805133,0.10692392437737355,-1.4319166932821696,True,False,0.6550249728856309,0.2720593879354255
1466,2024-08-16,2024-09-13,-0.1917336026784926,0.11821245005057952,-1.6219408581452766,0.1021777454476913,-1.8764712593570423,0.14527370670714754,-1.3198093930720858,True,False,0.5472324011619428,0.3043700355260392
1467,2024-08-19,2024-09-16,-0.21341987829081685,0.1212538998105635,-1.7601073336547972,0.10805225910649532,-1.9751542453219062,0.14361681426654616,-1.486036850077453,True,False,0.5333852068653864,0.30396629181500756
1468,2024-08-20,2024-09-17,-0.12432673124598943,0.1474361039670999,-0.8432583871975666,0.16032772770999407,-0.7754537098590683,0.16640551592594918,-0.7471310704707355,True,False,0.43877534284007347,0.2914418893785797
1469,2024-08-21,2024-09-18,-0.11700555295392881,0.1497200838120796,-0.7814953744000553,0.170438281902138,-0.6864980780615407,0.17347789139625447,-0.6744695362169651,True,False,0.43208336678204573,0.29097772584110454
1470,2024-08-22,2024-09-19,-0.10912997420848658,0.15009671244877137,-0.727064386874783,0.17373646261475711,-0.6281351223920748,0.17855434522129526,-0.6111863257835252,True,False,0.4309952263409859,0.2936964237858199
1471,2024-08-23,2024-09-20,-0.1263762282060552,0.14485203099237765,-0.872450509255927,0.1680431841470512,-0.7520461412791722,0.1694295724193577,-0.7458923870341801,True,False,0.446584213939863,0.2773353505114708
1472,2024-08-26,2024-09-23,-0.18248278089667339,0.14609171699375187,-1.2490973797267226,0.12662006569325107,-1.4411837483859387,0.15340708488530544,-1.1895329412791225,True,False,0.4427348776745887,0.22578244458117774
1473,2024-08-27,2024-09-24,-0.25692697681598575,0.16262985594729978,-1.5798266272783452,0.13724711850568322,-1.8720027029590915,0.17053700797802143,-1.5065760790707559,True,False,0.397523190163855,0.22734399721972037
1474,2024-08-28,2024-09-25,-0.2241410229310394,0.16114136765922016,-1.390958921268747,0.13649340531632376,-1.6421381121790617,0.16852635924288223,-1.3300057269261045,True,False,0.4012629321099618,0.23300577853167767
1475,2024-08-29,2024-09-26,-0.2603490170577667,0.16225324877251507,-1.6045843089575695,0.12897715186068096,-2.018566957804988,0.16826234344869742,-1.5472803464023202,True,False,0.3984239295903708,0.24091583960998483
1476,2024-08-30,2024-09-27,-0.3091940299189159,0.16584397250757074,-1.8643670025740686,0.11598230673603037,-2.6658723957148505,0.16849393817003214,-1.8350454222685402,True,False,0.38967529544677887,0.23079946661544248
1477,2024-09-02,2024-09-30,-0.25015552475716846,0.16390563619233806,-1.5262167340213908,0.12049356182355557,-2.0760903816876377,0.16791289463491665,-1.4897934152172603,True,False,0.39440224025698384,0.23305828137699253
1478,2024-09-03,2024-10-01,-0.10995895046992372,0.13943248460492846,-0.788617880413479,0.14734883410862754,-0.7462492060769244,0.1863601537286586,-0.5900346628283241,True,False,0.46400237765386115,0.24671138555316385
1479,2024-09-04,2024-10-02,-0.13549655193269963,0.1399362733877701,-0.9682732621958012,0.16673963474493822,-0.812623538128585,0.2078908866236049,-0.6517676370201921,True,False,0.46223703657430804,0.2296757900707734
1480,2024-09-05,2024-10-03,-0.10499334035583917,0.13903201935010664,-0.7551738142524407,0.16294151930978426,-0.6443621048863913,0.18471038330767622,-0.568421430759252,True,False,0.46536928940795147,0.2501139312382529
1481,2024-09-06,2024-10-04,-0.11979325259828141,0.13002765170310193,-0.921290594955993,0.14734742611019125,-0.8129986098888221,0.1747203984587775,-0.6856283161839557,True,False,0.49766199529800775,0.250855861109364
1482,2024-09-09,2024-10-07,-0.10726378496374799,0.13241213704529353,-0.8100751740533938,0.14247342249349162,-0.7528687321921247,0.16990659335969935,-0.6313103149367846,True,False,0.48870173158843283,0.2536390127022148
1483,2024-09-10,2024-10-08,-0.07693035711866061,0.14276219842089322,-0.5388706392139859,0.13445595047575418,-0.5721603011726365,0.18261314327596767,-0.42127502839377956,True,False,0.4532285965297229,0.25430405810338796
1484,2024-09-11,2024-10-09,-0.08425405081987215,0.13959039676779195,-0.6035805669356211,0.13138307599368265,-0.6412854180999947,0.1788316617922744,-0.4711360951157474,True,False,0.46354132229976414,0.25186401790018104
1485,2024-09-12,2024-10-10,-0.08342827392363232,0.13960057121992972,-0.5976212933412546,0.128822332803177,-0.6476227538209495,0.17716398623273652,-0.4709098936960833,True,False,0.46351192577748895,0.25104058985403344
1486,2024-09-13,2024-10-11,-0.10688225636094241,0.14136120060167226,-0.7560932979206603,0.15020852655630768,-0.7115591825000438,0.18201575537893938,-0.5872143108623964,True,False,0.45769543919918537,0.2438600915798195
1487,2024-09-16,2024-10-14,0.0006850992949797598,0.14611222961286,0.004688856619291922,0.0619969022924938,0.01105054074714161,0.10852422425257252,0.006312869773529109,True,False,0.4427798572230115,0.1906030120761573
1488,2024-09-17,2024-10-15,0.05292408447330233,0.14692618286466078,0.3602086669743043,0.04919782033660858,1.0757404314093364,0.08745858788771982,0.6051330778544788,True,False,0.44020868795058976,0.20287485664153473
1489,2024-09-18,2024-10-16,0.06635229052737622,0.14610584058803214,0.45413852218589057,0.055647055010902405,1.192377395611977,0.08394346804146553,0.790440186419272,True,False,0.44263069696112495,0.21032388929015156
1490,2024-09-19,2024-10-17,0.058217700432996296,0.14004224987649636,0.41571526081835053,0.045906432739420876,1.2681817549069427,0.07455611894923972,0.7808574434062594,True,False,0.4618150741652987,0.20875400613660944
1491,2024-09-20,2024-10-18,0.05092335880373808,0.14077365722624754,0.3617392615004344,0.05078506732834993,1.002723073585667,0.07236841990535123,0.7036682418980463,True,False,0.4594029440896555,0.20501525705798804
1492,2024-09-23,2024-10-21,0.06255204542111673,0.14705161203925396,0.4253747684480948,0.05119568499741064,1.2218226091570112,0.07661825717306904,0.8164117500065439,True,False,0.4396583211502641,0.21844459209477007
1493,2024-09-24,2024-10-22,0.03391704716006313,0.14277581146734017,0.23755457462640037,0.049980550713348,0.6786049108299463,0.07668480795602975,0.44229160982590976,True,False,0.45290470974807945,0.22065253760550502
1494,2024-09-25,2024-10-23,0.008204721871815597,0.12239225707572493,0.06703628209698984,0.04372804529148646,0.18763065710172502,0.0531744603758301,0.15429816896731438,True,False,0.5284396851825796,0.20530714565726899
1495,2024-09-26,2024-10-24,0.027846394197311167,0.1177960418506395,0.2363949905262457,0.03716425805533542,0.7492788946801926,0.05684842283858041,0.48983582669268183,True,False,0.5492398705336174,0.21216870928253964
1496,2024-09-27,2024-10-25,0.04050732040023234,0.11561151002926223,0.3503744600341229,0.03815454751882413,1.0616642847159288,0.057006606299160385,0.7105723885343609,True,False,0.5594614674782139,0.18946913884687017
1497,2024-09-30,2024-10-28,0.026380878146683467,0.11092395132662952,0.2378285107154329,0.03517548681280967,0.7499790489630546,0.0510876811718312,0.5163843326134245,True,False,0.5831938877092846,0.18781616253282116
1498,2024-10-01,2024-10-29,0.002030817720259038,0.10592385369790157,0.01917243047114769,0.041056590552178,0.04946386665200834,0.05232251643346182,0.03881345658979561,True,False,0.6109174850799208,0.1890832582866956
1499,2024-10-02,2024-10-30,-0.004260783300759006,0.11404458308069738,-0.03736068110963321,0.040342173451442316,-0.10561610682397862,0.05683552837363319,-0.0749668987459549,True,False,0.5673366285681637,0.1873883642050909
1500,2024-10-03,2024-10-31,-0.009239137087084766,0.1144519418339725,-0.08072503567031952,0.03832222176429381,-0.24109085177554088,0.05632740870632821,-0.16402560137737665,True,False,0.5652821742265993,0.18348053407615558
1501,2024-10-04,2024-11-01,-0.01564411271420544,0.1120812470908769,-0.13957832483360036,0.03814169852593191,-0.4101577359898974,0.04954078587195105,-0.3157824898991521,True,False,0.5774121534114536,0.16920053630762466
1502,2024-10-07,2024-11-04,-0.008225715222343642,0.12137261175814472,-0.06777241671897741,0.0375434004203456,-0.21909883309040765,0.05307613536343266,-0.1549795433676362,True,False,0.533174898898524,0.17975318816029226
1503,2024-10-08,2024-11-05,-0.005943389218128915,0.12095780208373293,-0.04913605501871313,0.03878972494531102,-0.15322071054920858,0.05195592170793802,-0.11439291273743031,True,False,0.5350470640370834,0.18074344638102308
1504,2024-10-09,2024-11-06,-0.23417519632828934,0.08212022290012315,-2.8516142316503403,0.11956289534870772,-1.958594224782801,0.23641977926556262,-0.990505942674314,True,False,0.7874559298432133,0.25657460334803966
1505,2024-10-10,2024-11-07,-0.1791648064819006,0.0811114393548177,-2.2088722368512492,0.11216705067086617,-1.59730335611326,0.30134688940498733,-0.5945467259863324,True,False,0.7984116292887767,0.31690474557307047
1506,2024-10-11,2024-11-08,-0.21127448311414868,0.07881293231079002,-2.6807083167647066,0.1085494447090332,-1.9463432878949307,0.22686542000319473,-0.9312767151167132,True,False,0.8211281999486573,0.3401599569698318
1507,2024-10-14,2024-11-11,-0.21201300140546628,0.07395763028225033,-2.8666819176918508,0.0887430789082109,-2.3890651982534483,0.19247976676376635,-1.1014820153313745,True,False,0.8753023060744508,0.3381827055461639
1508,2024-10-15,2024-11-12,-0.182432860282087,0.07340902395343459,-2.4851557813629195,0.07999743284828299,-2.280483932879136,0.20547855489032532,-0.8878437965434446,True,False,0.8818163223888068,0.38425077236282634
1509,2024-10-16,2024-11-13,-0.18716309505290343,0.07283045540612582,-2.56984655676286,0.08132469004966836,-2.301430167623082,0.1937415321929726,-0.9660452920671814,True,False,0.88892660877296,0.3785983594756293
1510,2024-10-17,2024-11-14,-0.19192819277585288,0.07189975053335541,-2.669386073694573,0.07988094919871096,-2.402677918841631,0.18953639716395157,-1.0126191889668155,True,False,0.9006523550775405,0.3762471809582062
1511,2024-10-18,2024-11-15,-0.19367759341344648,0.07269770500167058,-2.664150036221856,0.08461384483252057,-2.2889586662419132,0.1934494907220558,-1.0011791330674444,True,False,0.8907818013060641,0.37886246588801636
1512,2024-10-21,2024-11-18,-0.19524909153394582,0.07275743006529269,-2.683562233557849,0.08463421939811876,-2.306975747191517,0.19452972377141087,-1.0036979837764035,True,False,0.8900637410928256,0.381360525280741
1513,2024-10-22,2024-11-19,-0.19531389114530653,0.0727674231995836,-2.6840842035811456,0.09140967472946433,-2.136687300587784,0.2015625362146379,-0.9689989757686053,True,False,0.8902227059649723,0.3768751120050953
1514,2024-10-23,2024-11-20,-0.18750142175866097,0.0734734125305201,-2.55196288427157,0.09211674843990054,-2.035475903505126,0.2043891491292972,-0.9173746383182357,True,False,0.8815333814500695,0.381448287132558
1515,2024-10-24,2024-11-21,-0.20849212272886947,0.07808050690971674,-2.6702198920140927,0.09166503070521521,-2.2745001133459226,0.22468390448538383,-0.9279352840444889,True,False,0.8289426857734947,0.38073336210390263
1516,2024-10-25,2024-11-22,-0.2140359658964962,0.07845296068998418,-2.7282076293115787,0.08314031585936874,-2.5743944280718942,0.223724123673826,-0.9566959627856026,True,False,0.8247213077441113,0.3790278976511412
1517,2024-10-28,2024-11-25,-0.20076675140122624,0.07844788108721211,-2.559237402193563,0.09546136082347456,-2.1031205680430274,0.2428776269734237,-0.8266169012891198,True,False,0.8252053882662871,0.39362463812498255
1518,2024-10-29,2024-11-26,-0.19954621038635073,0.08026032652892955,-2.486237211038819,0.10065135159822386,-1.9825487409537381,0.2574220737416497,-0.7751713265530463,True,False,0.8063955784263948,0.3972445902436589
1519,2024-10-30,2024-11-27,-0.2228731500227647,0.0839682124357086,-2.654256218606661,0.10565370478347817,-2.109468385226156,0.2841174766380597,-0.7844401289917311,True,False,0.7705699470820746,0.41681177581572704
1520,2024-10-31,2024-11-28,-0.22539251910890556,0.08393404764508366,-2.6853526719214247,0.10369023540952767,-2.1737101687416476,0.28476242555094644,-0.7915107432900444,True,False,0.7708528248695651,0.41639961579469026
1521,2024-11-01,2024-11-29,-0.22357882680357336,0.08392274641493656,-2.6641028368892945,0.10665431045384992,-2.0962943349609624,0.289156138021581,-0.773211415580902,True,False,0.77104316494584,0.4200613335306614
1522,2024-11-04,2024-12-02,-0.19249784534702777,0.0815045123046149,-2.3618059896805033,0.11306301539515601,-1.7025713021561162,0.30056309470286574,-0.640457357338996,True,False,0.7942826816808064,0.4271608888725434
1523,2024-11-05,2024-12-03,-0.1926583475874509,0.08139545564808746,-2.3669423072021067,0.10840833618356285,-1.7771543625688653,0.29889154498746817,-0.6445761040029707,True,False,0.7953350492967206,0.42602485794969547
1524,2024-11-06,2024-12-04,-0.1751037258835974,0.0794783639738033,-2.203162183123359,0.1159937240105857,-1.5095965525481125,0.2821880216457866,-0.6205214695590248,True,False,0.8148404049322018,0.4287018128716277
1525,2024-11-07,2024-12-05,0.10535282682885609,0.10480469405662404,1.0052300402874694,0.09290398226422916,1.1339968886287461,0.18120220213446286,0.5814103006909265,True,False,0.6178524974281626,0.389154817640603
1526,2024-11-08,2024-12-06,0.019936224216187893,0.10801175295622151,0.18457458258517748,0.12121374678318939,0.16447164406069462,0.1621499396956163,0.12294931625390462,True,False,0.5994378817444697,0.3483319490494595
1527,2024-11-11,2024-12-09,0.13036965413051957,0.11592859723393292,1.1245685468568722,0.06956189334095023,1.8741533312143557,0.13735219344818317,0.9491632485629158,True,False,0.558308066993563,0.32375238249996235
1528,2024-11-12,2024-12-10,0.22188622396886892,0.13476295660556184,1.6464926976803311,0.08648078114207398,2.5657287207471637,0.13612937284243903,1.629965813665269,True,False,0.4798384706320252,0.3279399288434909
1529,2024-11-13,2024-12-11,0.12600777291684065,0.13926682920376343,0.9047938668329754,0.08729980717062641,1.4433911941014943,0.10845138834704068,1.1618825248563913,True,False,0.4645712848950013,0.2566624077194945
1530,2024-11-14,2024-12-12,0.1629250431558998,0.1446034673428588,1.1267021887490432,0.08450445930658025,1.928005273246131,0.10404732414076588,1.5658744182164466,True,False,0.4473346421683078,0.2553879796746851
1531,2024-11-15,2024-12-13,0.19817941695245328,0.1541536431523077,1.2855967131224204,0.09170048396565862,2.1611599893700726,0.1094079219567386,1.811380870855185,True,False,0.419521777942966,0.262486361618808
1532,2024-11-18,2024-12-16,0.18782936690576782,0.15318728250959016,1.2261420388732918,0.0900912971632756,2.084878038389858,0.10760533857436762,1.745539481537491,True,False,0.4221891511642557,0.2616307234142421
1533,2024-11-19,2024-12-17,0.18788579225798355,0.15262175919604004,1.2310550818422126,0.08281938021810396,2.2686210855863482,0.10237018634883682,1.8353565521287964,True,False,0.4237355096646319,0.25833820173642724
1534,2024-11-20,2024-12-18,0.18139744783303896,0.15193428203898193,1.1939204595477513,0.07598798588575341,2.3871858915403656,0.09909814685855799,1.8304827444649003,True,False,0.4256457831656996,0.254796810842334
1535,2024-11-21,2024-12-19,0.22077937127449804,0.10763763658858957,2.0511354417633356,0.05467668282460701,4.0379072004554235,0.07067075624828605,3.124055592370324,True,False,0.6009519800064244,0.29263066800705395
1536,2024-11-22,2024-12-20,0.2278301836156731,0.10803471727813029,2.1088608306266496,0.06773262177718822,3.363669936845769,0.08288400772719383,2.7487833885344704,True,False,0.5987835593298766,0.32320782462283854
1537,2024-11-25,2024-12-23,0.21525375757989818,0.10797163624504597,1.9936139255255068,0.061194987782132886,3.517506341307676,0.09118792013167161,2.3605512360527645,True,False,0.599203527510836,0.32453496748244665
1538,2024-11-26,2024-12-24,0.1916242779758924,0.10911964639226751,1.7560932821119495,0.056488066184322824,3.3922966552017324,0.10483450301708244,1.827874148882719,True,False,0.5929717652270241,0.3110017443902665
1539,2024-11-27,2024-12-25,0.1811422060028515,0.11026668674166812,1.6427645679354632,0.0644315233262877,2.8113910187336284,0.13024063527522295,1.3908271072239777,True,False,0.5868703062641499,0.3038137836188084
1540,2024-11-28,2024-12-26,0.20150139025952513,0.11064239309447402,1.8211951551650687,0.04995578994660696,4.033594313589896,0.09132273584021516,2.2064756208364855,True,False,0.5847159898719342,0.28046252288807916
1541,2024-11-29,2024-12-27,0.19720435648179602,0.11006863313772557,1.7916489999020897,0.047412072298311035,4.159370112342064,0.09049018813043305,2.1792899380156507,True,False,0.587769768647292,0.2802507227071452
1542,2024-12-02,2024-12-30,0.1937138368399389,0.11037432567200775,1.7550624718250671,0.04209586128295279,4.601731166345932,0.08198880015405188,2.362686567872229,True,False,0.5860553174445207,0.2782692604673181
1543,2024-12-03,2024-12-31,0.17983788113412702,0.1167560505487829,1.5402874650936171,0.047801272646649844,3.762198602189956,0.1289004494985218,1.3951687665463832,True,False,0.5540054172717737,0.27390876134592596
1544,2024-12-04,2025-01-01,0.18932981501624688,0.1171890121412577,1.615593574490003,0.037632240591292,5.031053480776728,0.10760356304659428,1.7595125073531594,True,False,0.5518785490729362,0.2701983038524167
1545,2024-12-05,2025-01-02,0.19130156218961075,0.1253916831307673,1.525631983024807,0.04276595594923192,4.47322076505685,0.13955550493039484,1.3707919460792675,True,False,0.5156479954806493,0.2645513472796208
1546,2024-12-06,2025-01-03,0.17887684120342837,0.13855099102444846,1.2910542167963568,0.06721795789261248,2.6611466163432445,0.3609075809260882,0.49563060089907424,True,False,0.4665817090663256,0.25278596348942556
1547,2024-12-09,2025-01-06,0.28620222309200455,0.1388594012691005,2.061093598822043,0.07465475723472507,3.833676964378096,0.13331120082677259,2.146873040802489,True,False,0.46543685402132795,0.3086932414826806
1548,2024-12-10,2025-01-07,0.1314312756228824,0.10709134096632289,1.2272820046600565,0.08580555805075028,1.531733824808254,0.21979708245270596,0.5979664250145934,True,False,0.6043487341328342,0.30704581098132855
1549,2024-12-11,2025-01-08,0.12916854458471272,0.09631826308843783,1.341059737197631,0.07639647538256158,1.6907657576856876,0.1623849797749707,0.7954463815785885,True,False,0.6722407214357707,0.31015135344123546
1550,2024-12-12,2025-01-09,0.1264949422716527,0.09660494630898689,1.3094044053092675,0.0752364484189652,1.6812986913902033,0.16290514399109188,0.7764944628057283,True,False,0.6701934899015695,0.30823939392834176
1551,2024-12-13,2025-01-10,0.12095655426809315,0.0966639380189834,1.2513100205408456,0.07412275733977973,1.631840997409563,0.15567530002042937,0.7769797408594681,True,False,0.6696803128465787,0.3180711398579546
1552,2024-12-16,2025-01-13,0.09092010359058172,0.08908013843415456,1.0206551672322244,0.0797919984132722,1.1394639236840889,0.13474410934824116,0.6747612495296702,True,False,0.7272314203287311,0.31575606674502626
1553,2024-12-17,2025-01-14,0.12768844373447832,0.08178222418357699,1.5613227080722996,0.06326141398717586,2.018425382656842,0.11427726573543898,1.117356483047882,True,False,0.7923880725903539,0.3418742517790608
1554,2024-12-18,2025-01-15,0.13037903711234783,0.08126339425044023,1.6044005830047092,0.06359904317016682,2.050015701706442,0.11283908950224054,1.1554421228271166,True,False,0.797530250222929,0.3439542293981094
1555,2024-12-19,2025-01-16,0.13055255589864656,0.08136975287810387,1.604435939411308,0.06318774287053887,2.0661057029070804,0.11205126322578782,1.1651145390086133,True,False,0.7964570949301403,0.34470723822615085
1556,2024-12-20,2025-01-17,0.07186382362740557,0.09693630844137589,0.7413509425198155,0.04657896509522293,1.5428385641564162,0.12186111861198815,0.589719054329573,True,False,0.6683046862821151,0.3039238366917729
1557,2024-12-23,2025-01-20,0.06243110299562877,0.09246246287257477,0.6752048459023517,0.039107717913425884,1.5963882917902465,0.09968142689005986,0.626306273328982,True,False,0.700691295464058,0.2700886228522057
1558,2024-12-24,2025-01-21,0.1381417297310217,0.08244150665638175,1.6756332499695799,0.07316031965976048,1.888205660848174,0.11709530783232709,1.1797375342215397,True,False,0.7861317324615785,0.32550874150247106
1559,2024-12-25,2025-01-22,0.13047699139267913,0.0805204806952525,1.6204199262855628,0.06501876664329685,2.0067589425141876,0.1082224477496731,1.205637038394128,True,False,0.8050608710209971,0.32573931042043197
1560,2024-12-26,2025-01-23,0.12941202666372822,0.08061964858068071,1.60521695321232,0.06353329540572163,2.0369166409094177,0.10795421028599125,1.198767758301331,True,False,0.8040798953854874,0.32642296551360406
1561,2024-12-27,2025-01-24,0.15365362476191985,0.07936651847270043,1.936000566974244,0.07008733671519768,2.1923165005726593,0.10397200257569378,1.4778365421023494,True,False,0.8166251722846042,0.35058632532514866
1562,2024-12-30,2025-01-27,0.16649329142941557,0.07374430564458191,2.257710476410839,0.0688553866298492,2.4180140375138026,0.09369623949982155,1.7769474241250918,True,False,0.879104437891522,0.3682032742169194
1563,2024-12-31,2025-01-28,0.16050829592784321,0.07400289896144985,2.1689460572545465,0.06729737378331767,2.3850603211448287,0.09266620639578912,1.7321125162099753,True,False,0.8760946809078337,0.3637280040477975
1564,2025-01-01,2025-01-29,0.15495093633259233,0.07361986975818013,2.1047434183401994,0.0643948622289409,2.406262409285083,0.09126459342162244,1.6978209240110558,True,False,0.8807339987358879,0.35397631758258863
1565,2025-01-02,2025-01-30,0.1551550936479376,0.07385395312243954,2.1008366795303712,0.06369411858919471,2.4359406658664184,0.09111019432351776,1.702938895037438,True,False,0.8779017733199659,0.35543753628137653
1566,2025-01-03,2025-01-31,0.15974296729475337,0.0735080177884102,2.173136646869828,0.06530982701749599,2.445925438632068,0.0913406839116521,1.7488698404017025,True,False,0.8820159907573611,0.36112466807582505
1567,2025-01-06,2025-02-03,0.15196066607059577,0.06443601374386856,2.3583188537179747,0.05170471946671796,2.939009584384497,0.07282536992035772,2.0866446162481687,True,False,1.007332523515826,0.37871686859741327
1568,2025-01-07,2025-02-04,0.16894490062993528,0.061914031039457876,2.7287013588610716,0.05628623643993599,3.001531303486942,0.07123347492203208,2.3717065721537844,True,False,1.0483566248332106,0.3852476437092843
1569,2025-01-08,2025-02-05,0.20980253761241913,0.06565766539072086,3.1954005120942006,0.03414427920107767,6.144588274272233,0.06112507006282641,3.4323484193437652,True,False,0.9871585861604691,0.38531163937152835
1570,2025-01-09,2025-02-06,0.21619500226651764,0.06891694716633848,3.13703684152909,0.03538204094052588,6.110303321109218,0.06873235608543019,3.145461825836441,True,False,0.9400737907915684,0.3781349857562164
1571,2025-01-10,2025-02-07,0.21097660868042775,0.0690770171798587,3.054222913695002,0.03625470382166173,5.819289262938948,0.07033105845701382,2.999764447017048,True,False,0.9380110529248281,0.3786422381719277
1572,2025-01-13,2025-02-10,0.20880455516742105,0.0681035309539952,3.065987214502449,0.03479767193218076,6.000532322230424,0.06407520379502253,3.2587419594542335,True,False,0.9514667030801642,0.3652947447604146
1573,2025-01-14,2025-02-11,0.2346934514811721,0.07218359144485101,3.251340738019114,0.027775929140166952,8.449526577376682,0.06944263741381342,3.37967364463158,True,False,0.8968983304802026,0.36369996097904117
1574,2025-01-15,2025-02-12,0.21488897913710445,0.07344949231094847,2.9256700404050697,0.03471180719218359,6.19065950520413,0.07372295326363394,2.9148178365652218,True,False,0.8818377175907388,0.34893535599338177
1575,2025-01-16,2025-02-13,0.20724596104894671,0.07334617192728508,2.8255866066794733,0.03868420137657872,5.357379852086682,0.07050270590397768,2.9395461974354395,True,False,0.8831762628140176,0.35460809303925245
1576,2025-01-17,2025-02-14,0.21649123520765665,0.07088641165857291,3.054058318685884,0.03171039000793688,6.8271388385154035,0.06313166516417341,3.4292020437711064,True,False,0.913606311403213,0.3689966626627064
1577,2025-01-20,2025-02-17,0.21526959023660938,0.0712523124517686,3.021229526863812,0.03200819728068493,6.725451869371974,0.06461296677003671,3.3316778504038203,True,False,0.9089318200792158,0.3684474538880437
1578,2025-01-21,2025-02-18,0.2335517882451178,0.0724825290980319,3.2221804502605216,0.03588339822987575,6.508630725243508,0.06642409202374329,3.516070466746233,True,False,0.8930757142559734,0.3705498359858064
1579,2025-01-22,2025-02-19,0.19590959027415508,0.07852445745571413,2.4948862637432843,0.03451364602368904,5.6762936648214195,0.07243426668538096,2.704653463602946,True,False,0.8249119245308565,0.33925797597074187
1580,2025-01-23,2025-02-20,0.15946483280549384,0.07811091654818231,2.0415178806297685,0.0747801532618988,2.1324485956455335,0.08343878451064346,1.9111595853263237,True,False,0.8296517408028413,0.35384682883033547
1581,2025-01-24,2025-02-21,0.15959081677716352,0.07812277843527707,2.0428205444508207,0.07460874139700947,2.139036442498685,0.08434003095320933,1.8922309486191946,True,False,0.8295531918861148,0.35394248860650807
1582,2025-01-27,2025-02-24,0.1332982447172662,0.07980730505975993,1.6702511708352026,0.07600166301799696,1.7538858943876212,0.0897645661543212,1.4849762041750738,True,False,0.8122701089881771,0.33090037584712917
1583,2025-01-28,2025-02-25,0.11301907868591413,0.08475183972653366,1.333529502729257,0.08755046782712003,1.290902053305817,0.10127207990537997,1.1159944457693527,True,False,0.7647341876510679,0.3126164869286666
1584,2025-01-29,2025-02-26,0.1178178913396583,0.08470378708944609,1.3909400675939572,0.0874442870859631,1.3473480688776853,0.09865703103724904,1.1942168753808824,True,False,0.7651041653116399,0.31013370473988994
1585,2025-01-30,2025-02-27,0.13650206439635162,0.08411848767284436,1.6227355979964682,0.08118509636091757,1.6813685086917454,0.09905774604209476,1.378004950146401,True,False,0.770387653494787,0.3344675507187185
1586,2025-01-31,2025-02-28,0.13230733133732767,0.08410703894848623,1.5730827406534083,0.080554856174822,1.6424500969896993,0.10305299564546212,1.283876616187952,True,False,0.770538660950168,0.33641960306091123
1587,2025-02-03,2025-03-03,0.11855864543380838,0.08418276313467324,1.4083482297218204,0.0814475092823391,1.4556448254644956,0.1005261546189,1.1793810862781982,True,False,0.7698936114912067,0.34145338453488394
1588,2025-02-04,2025-03-04,0.10604030253474077,0.098656114223267,1.0748477514000068,0.10469626195127114,1.0128375221657406,0.14473962756771125,0.7326279908046165,True,False,0.6564699437859979,0.32500256812421247
1589,2025-02-05,2025-03-05,-0.07364751147990554,0.11040289896432866,-0.6670795076105852,0.10851128178007056,-0.6787083358684628,0.17818703561909635,-0.4133157680300548,True,False,0.5863271062540014,0.37702786745082606
1590,2025-02-06,2025-03-06,-0.08900551590730356,0.10913899639120181,-0.8155244124498721,0.11212483206447726,-0.7938073508651592,0.17533902686196418,-0.5076195385604212,True,False,0.5930460013662905,0.3809534543552962
1591,2025-02-07,2025-03-07,-0.09997747513935692,0.10775671133312602,-0.9278074089536765,0.10855262107800943,-0.9210047085598225,0.1719429902565595,-0.5814571154670427,True,False,0.6005978101884767,0.37675669859632227
1592,2025-02-10,2025-03-10,-0.08929122600504619,0.10855750928482968,-0.8225246378006588,0.11188663784486969,-0.7980508461506196,0.17185660025227747,-0.5195682090415545,True,False,0.596183702224091,0.3786359744791004
1593,2025-02-11,2025-03-11,-0.11786058015150658,0.1090825898075753,-1.0804710482159976,0.10596377799620076,-1.1122723479690615,0.17581533615274858,-0.6703657526730726,True,False,0.5931113921716314,0.3749456791568024
1594,2025-02-12,2025-03-12,-0.11422989704092851,0.09894462275301252,-1.154483122605575,0.08568236892521616,-1.3331785578971178,0.1421105725568068,-0.8038099839142272,True,False,0.6541715197897815,0.3748147610579261
1595,2025-02-13,2025-03-13,-0.12128512357352184,0.10465741087782185,-1.1588775468094787,0.09574607442472617,-1.266737297609773,0.16287797831479048,-0.744637948164588,True,False,0.6183459689228573,0.3774689884279149
1596,2025-02-14,2025-03-14,-0.10029711290367711,0.10082701064008369,-0.9947444862934782,0.0961889897000908,-1.0427088715288009,0.1498189887412819,-0.6694552789758667,True,False,0.6420714304001588,0.3748531334439516
1597,2025-02-17,2025-03-17,-0.18442232491681856,0.11110413358518842,-1.659905162533074,0.10183289608600565,-1.811028970059536,0.1487622798030126,-1.2397116067394647,True,False,0.5822387530033263,0.35955810770520596
1598,2025-02-18,2025-03-18,-0.1828614495165985,0.11276897829135187,-1.6215580941431829,0.10392394765675206,-1.759569893558771,0.15139255926687237,-1.2078628593248977,True,False,0.5736422364678355,0.3610404696256964
1599,2025-02-19,2025-03-19,-0.15023946941443247,0.10968611195757193,-1.3697218976322831,0.10618202541410483,-1.4149237484264,0.13551269664619425,-1.1086744868393246,True,False,0.5899573513930426,0.3655723081909391
1600,2025-02-20,2025-03-20,-0.11975550318110557,0.11149620405628836,-1.0740769535135701,0.08978964362723255,-1.3337340292637558,0.12482380182134083,-0.9593963766022008,True,False,0.5803815618780634,0.3570985446842813
1601,2025-02-21,2025-03-21,-0.0741230669776061,0.11676555807232937,-0.6348024897178262,0.10309300339597488,-0.7189922161148341,0.12621891890738254,-0.5872579770073647,True,False,0.5543780092369095,0.3488368200723602
1602,2025-02-24,2025-03-24,-0.07245375729878885,0.11676365967004831,-0.6205163276273564,0.1028637256159807,-0.704366450514141,0.12566202336957133,-0.576576401970727,True,False,0.5543780092369095,0.3486534632950489
1603,2025-02-25,2025-03-25,-0.07320508677166049,0.11720132189076739,-0.6246097363977536,0.11257674382403017,-0.6502682906345922,0.13827762860799614,-0.5294065823126741,True,False,0.5522943297685358,0.34858732633828504
1604,2025-02-26,2025-03-26,-0.09343281693574486,0.11654219162052244,-0.8017080821680022,0.11326635536186011,-0.8248947062633769,0.14765986294269234,-0.6327570341305726,True,False,0.5554037073255498,0.34861793755861864
1605,2025-02-27,2025-03-27,-0.0879503798833597,0.11630507236279458,-0.7562041628675741,0.10884886693509953,-0.8080045512628035,0.14007516278086782,-0.627879904883269,True,False,0.5565650099964302,0.3499076829548369
1606,2025-02-28,2025-03-28,-0.12449924450410385,0.11475913891042908,-1.0848743349431809,0.09974435236748473,-1.2481833963432387,0.1318276913532784,-0.9444088963863031,True,False,0.5639120972199536,0.32512098597302835
1607,2025-03-03,2025-03-31,-0.08130383436372986,0.10857306695672929,-0.7488398056963123,0.08850915221762538,-0.9185923978101251,0.10791698256707681,-0.753392398765363,True,False,0.5962294114521174,0.3244955388562379
1608,2025-03-04,2025-04-01,-0.06883531503920032,0.10859757304963598,-0.6338568451040634,0.09066444321441529,-0.7592316524396389,0.1084236338594438,-0.6348737133126875,True,False,0.5961731534430093,0.3164168245318547
1650,2025-05-01,2025-05-29,-0.3305221756346448,0.05661352963186101,-5.838218845988243,0.05274818525951971,-6.266038803202124,0.08266263290302071,-3.9984472309563546,False,False,1.1400064894753932,0.37760964806530123
1651,2025-05-02,2025-05-30,-0.3227611577983943,0.056933549394688726,-5.669085472976051,0.049699213844437096,-6.494291012503036,0.08472356207869021,-3.80957964796874,False,False,1.1339885486182366,0.3643622855782931
1652,2025-05-05,2025-06-02,-0.32024437233508174,0.057333591312926986,-5.585632523648948,0.05121545152504736,-6.252885853763555,0.08543276550162805,-3.748495913186598,False,False,1.1262534046532984,0.3614136126905781
1653,2025-05-06,2025-06-03,-0.3324046513044791,0.059893677245392185,-5.549912220994113,0.05922439014662235,-5.612631054225159,0.08955775835941997,-3.711623173622185,False,False,1.077675066659826,0.3646738824511872
1654,2025-05-07,2025-06-04,-0.3337468998308271,0.05989464626834954,-5.572232588794682,0.0593771714330985,-5.620794857277207,0.09003982492844834,-3.7066586934841856,False,False,1.0775729376009908,0.36934567663277457
1655,2025-05-08,2025-06-05,-0.3311977364966079,0.05934022244325723,-5.581336281866965,0.05755059584850111,-5.7548967410948855,0.08939812781959622,-3.7047502512016677,True,False,1.0877152519053275,0.36870443088778276
1656,2025-05-09,2025-06-06,-0.31128621531775846,0.06005194340186027,-5.183616011136711,0.05626272642202113,-5.532725395901212,0.09145473027768032,-3.403719133746419,True,False,1.0757417257934245,0.34893584920980164
1657,2025-05-12,2025-06-09,-0.3200788301954998,0.06088575682918315,-5.257039525573949,0.05628048379092503,-5.6872082227393905,0.09438488756074177,-3.391208470630553,True,False,1.0605869679388562,0.3491985926672616
1658,2025-05-13,2025-06-10,-0.2659836798404411,0.07101751011128876,-3.745325334887529,0.09808472948839571,-2.7117746180042155,0.10096165731751416,-2.63450191793058,True,False,0.9105459877865513,0.2938888860183461
1659,2025-05-14,2025-06-11,-0.3157393353895367,0.07674545120769831,-4.114111395801722,0.07076179240446119,-4.46200307624812,0.07089442136928015,-4.4536555809503,True,False,0.8413713919144866,0.29141422201159534
1660,2025-05-15,2025-06-12,-0.3347693912855985,0.07774760623727131,-4.305848211762871,0.07610670737358108,-4.398684463411789,0.06147512760579692,-5.445607098732249,True,False,0.8300458194655046,0.2951354565101187
1661,2025-05-16,2025-06-13,-0.34155079634217356,0.07780950081574595,-4.38957701516388,0.07561917732304001,-4.516721927337184,0.061993277957104936,-5.509481150174106,False,False,0.8292536829381522,0.2955154955304028
1662,2025-05-19,2025-06-16,-0.33521756371753353,0.07816709250739975,-4.288474253865844,0.07409174432875852,-4.524357831691914,0.061625361622050165,-5.439604002219589,False,False,0.8253920835906036,0.2871304578205394
1663,2025-05-20,2025-06-17,-0.3241015306711898,0.07922624105035579,-4.0908356420089715,0.07233131200482441,-4.480791536721643,0.06050293773894626,-5.356789980506399,False,False,0.815060338862202,0.2831618694922467
1664,2025-05-21,2025-06-18,-0.30964917792053265,0.07869933953154502,-3.9345842006261833,0.07669143796571432,-4.037597757118134,0.0645161710823952,-4.799559129525402,False,False,0.8208766935368034,0.2888676654169833
1665,2025-05-22,2025-06-19,-0.28990532961913473,0.08619378720874822,-3.363413292387631,0.08308907738794297,-3.4890907292852287,0.07394895365677955,-3.920343903237319,False,False,0.74998247851928,0.2737067271134785
1666,2025-05-23,2025-06-20,-0.2954119750335669,0.08098108893547586,-3.6479130981919172,0.07232033413611845,-4.084770605146185,0.0645682211024846,-4.575191479484626,False,False,0.7982081184782861,0.2745519843413939
1667,2025-05-26,2025-06-23,-0.24641518123284079,0.08297837983625286,-2.9696311463191902,0.06040512574684653,-4.0793753540974125,0.06435649570892914,-3.828909242469085,False,False,0.7798144480798245,0.25063951707914506
1668,2025-05-27,2025-06-24,-0.2405147850991243,0.08363272260740082,-2.8758454537965825,0.06684987860829048,-3.5978342834162835,0.06517007679045692,-3.690570840854736,False,False,0.7737422955045602,0.28881193008139017
1669,2025-05-28,2025-06-25,-0.23033286867586605,0.08730619155772304,-2.638219175138112,0.06637508687552214,-3.4701705039998734,0.07234358425057241,-3.1838741619170405,False,False,0.7411848328535128,0.28417368829492345
1670,2025-05-29,2025-06-26,-0.2495905306969805,0.08294628186302716,-3.009062312270251,0.05619288443640026,-4.441675012776215,0.07475583367569723,-3.3387431913306482,False,False,0.7796047381439858,0.29337410942610304
1671,2025-05-30,2025-06-27,-0.2419085437496685,0.08107666532359116,-2.983701201624033,0.05208802119019647,-4.644226027829951,0.07237829211865146,-3.342280353245999,False,False,0.7979480743300679,0.288026496679146
1672,2025-06-02,2025-06-30,-0.240418240194913,0.08108819429458465,-2.964898186306869,0.05122610555326397,-4.693275774105656,0.07159586692126814,-3.3579904893014825,False,False,0.7976958293490851,0.2837906896240253
1673,2025-06-03,2025-07-01,-0.21786641324849573,0.08077584445345094,-2.6971728333220533,0.04232186728656277,-5.147845008191982,0.07418195638976091,-2.936919216632673,False,False,0.8012828238383753,0.2698594797540652
1674,2025-06-04,2025-07-02,-0.20824118718520482,0.0812371364034377,-2.563374294128771,0.04038258715279989,-5.1567074293001705,0.07591567311813778,-2.7430592212644402,False,False,0.7967176257257885,0.2614387202350511
1675,2025-06-05,2025-07-03,-0.20513762216204465,0.07814103609029169,-2.6252227053274395,0.039376984722103214,-5.209581780061899,0.07139151441531492,-2.8734174340198404,False,False,0.8286075379064324,0.25516827102376505
1676,2025-06-06,2025-07-04,-0.20752126225156686,0.07800083187801148,-2.6605006287127475,0.041084910709889524,-5.051033546523311,0.07123741435356522,-2.9130936900881643,False,False,0.830136734128458,0.2556434218693132
1677,2025-06-09,2025-07-07,-0.18043516497104323,0.08348009156742296,-2.1614155133660122,0.05030431845172206,-3.586872271099548,0.08940577021859447,-2.018160176126044,False,False,0.7757364974204883,0.2647139087849292
1678,2025-06-10,2025-07-08,-0.18438502893374242,0.0840912268004402,-2.1926785462568277,0.04979575841154551,-3.702825999954876,0.09211835356847374,-2.0016101220989007,False,False,0.7701168542896901,0.2675420757767279
1679,2025-06-11,2025-07-09,-0.17884043023824622,0.08338928153944622,-2.144645294175464,0.05107338261792483,-3.501636685710337,0.09044116475407235,-1.9774228994567815,False,False,0.7766439592964675,0.2652532702166836
1680,2025-06-12,2025-07-10,-0.21859689565382887,0.08672579445716605,-2.5205522419491246,0.05158235713301301,-4.237822926357229,0.07986688750311773,-2.7370153324842614,False,False,0.7463174583897132,0.2556415461346839
1681,2025-06-13,2025-07-11,-0.188051510938517,0.10228955801008581,-1.838423340532716,0.07740369884969936,-2.4294899821734735,0.12528131273156518,-1.501034007693125,False,False,0.6327426858272259,0.24599236907414374
1682,2025-06-16,2025-07-14,-0.17059984548416637,0.10122692294212769,-1.685320866482327,0.07968943736319939,-2.140808758714482,0.12622446695431125,-1.3515592467973536,False,False,0.6395049631504557,0.25081561702699773
1683,2025-06-17,2025-07-15,-0.15393202681183643,0.10009929909351674,-1.5377932533576186,0.0847176195596079,-1.817001322889258,0.12908215793196112,-1.1925120348001435,False,False,0.6468141825105849,0.25424087648787247
1684,2025-06-18,2025-07-16,-0.14837603804054153,0.09987017545667375,-1.4856891695850767,0.08632757130842329,-1.718756079797926,0.1283782926862395,-1.155772015158179,False,False,0.6483388919332266,0.24686197756652178
1685,2025-06-19,2025-07-17,-0.16126551631780112,0.10225910458299084,-1.5770284413836442,0.090511677079637,-1.7817095155126903,0.13322538167173598,-1.2104714153880627,False,False,0.6330788727625495,0.24671501481351488
1686,2025-06-20,2025-07-18,-0.1508288683250677,0.10228661407930462,-1.4745709366049347,0.10156764113395512,-1.4850090702228984,0.13991973033123667,-1.0779671170606566,False,False,0.6329563425417674,0.251790868754511
1687,2025-06-23,2025-07-21,-0.08502597033422346,0.11104815484301975,-0.7656675651605211,0.12667200406962129,-0.671229376678146,0.17688115561575316,-0.48069547057307327,False,False,0.5830051433831758,0.25105624638920987
1688,2025-06-24,2025-07-22,-0.10703943365390872,0.11668311884109557,-0.9173514962321151,0.14074997905601055,-0.7604934250918294,0.1958999252080738,-0.5463985427264328,False,False,0.5546690997214629,0.25312868913787234
1689,2025-06-25,2025-07-23,-0.129964785021518,0.11668625292092252,-1.113796884964626,0.14411067976769146,-0.901840066475456,0.18787639989321353,-0.6917568417075709,False,False,0.5546690997214629,0.21186895242411163
1690,2025-06-26,2025-07-24,-0.13084346625263865,0.11784457126009916,-1.110305420551356,0.145604970538608,-0.8986195029512729,0.19068985715247427,-0.6861584994949004,False,False,0.5491997930568968,0.21195970600228323
1691,2025-06-27,2025-07-25,0.031064054445303992,0.1424848753004678,0.21801650441702708,0.10329756472041281,0.30072397669182777,0.08732886554438321,0.3557134774585648,False,False,0.4541250183802634,0.18807853365387078
1692,2025-06-30,2025-07-28,0.03584730612660223,0.15317783735926516,0.23402410390822742,0.11082094447295292,0.32347049826263813,0.09958169894749387,0.35997885661202994,False,False,0.42231574870948296,0.21847102483585157
1693,2025-07-01,2025-07-29,0.030268921344560537,0.15263861005509086,0.1983044875319277,0.10863571790916503,0.2786277103619795,0.10195884820582093,0.2968739042977189,False,False,0.42372808874917095,0.21748648705885143
1694,2025-07-02,2025-07-30,0.09592283216806122,0.16912823856313292,0.5671603570343738,0.08637187013605813,1.1105795442075972,0.088622485306152,1.0823757857465823,False,False,0.38221492482600467,0.22510829611927374
1695,2025-07-03,2025-07-31,0.12715410477752034,0.16980199375920735,0.7488375251814471,0.07354492391470484,1.728931080613936,0.08758057463609414,1.4518528258790044,False,False,0.3805990192294888,0.22673944001850663
1696,2025-07-04,2025-08-01,0.013868433473893656,0.19045349150669377,0.07281795342358546,0.21128565702454968,0.06563831009258833,0.19407058040830885,0.0714607718733854,False,False,0.33943139042698234,0.25138463317809057
1697,2025-07-07,2025-08-04,-0.09101481075339968,0.1844701626072438,-0.4933849976984066,0.27215749321153615,-0.33441963944993364,0.21213388508936787,-0.4290441893102411,False,False,0.3504914669649468,0.2575233266334141
1698,2025-07-08,2025-08-05,-0.11475343032009426,0.18514529280985223,-0.6198020407569759,0.24712397865338923,-0.4643557090064698,0.20405501341422919,-0.5623651602577693,False,False,0.3492391834423216,0.2524314663634493
1699,2025-07-09,2025-08-06,-0.13203916599280527,0.18668322593372882,-0.7072899310175741,0.24569511985520684,-0.5374106171527487,0.19839928210611038,-0.6655223980205051,False,False,0.34639440312733744,0.2637396927440651
1700,2025-07-10,2025-08-07,-0.15910487149521257,0.19304453308122213,-0.8241873983982251,0.2643476507898562,-0.601877380108414,0.2115878886780074,-0.7519564209903195,False,False,0.33494891763373025,0.2625330009876055
1701,2025-07-11,2025-08-08,-0.112841390691619,0.18405501690520804,-0.6130851122071534,0.23699814957230597,-0.47612772882512366,0.1929349375354258,-0.5848675835132224,False,False,0.351369586156642,0.2648424151754256
1702,2025-07-14,2025-08-11,-0.1640278856705119,0.17506726977247866,-0.936942044527719,0.21028741167362425,-0.780017616675461,0.1826172287093434,-0.8982059733891887,True,False,0.3693678456627857,0.2714570083132032
1703,2025-07-15,2025-08-12,-0.17352111693406652,0.1805469895724243,-0.9610856284283853,0.18849820106798568,-0.920545214495085,0.18405680723740628,-0.9427584860268153,True,False,0.3581649323918514,0.2783751874421995
1704,2025-07-16,2025-08-13,-0.25137409979525693,0.183561446229685,-1.3694275402511265,0.14679930536573038,-1.712365730675583,0.16204721277625234,-1.5512398855162244,True,False,0.3521919505074098,0.27400435289271774
1705,2025-07-17,2025-08-14,-0.2184249507579738,0.1826440564106902,-1.1959050573582712,0.16581885675973712,-1.3172503720397746,0.17842933060345567,-1.2241538429766632,True,False,0.3539967961648612,0.2899479812112893
1706,2025-07-18,2025-08-15,-0.18629027898998565,0.17745740343497585,-1.0497746241297077,0.15112491012988927,-1.2326907511797516,0.16916580467661643,-1.1012289353992375,True,False,0.36439677700473067,0.29252407837472344
1707,2025-07-21,2025-08-18,-0.23317630668590436,0.1786200400211998,-1.3054319473796416,0.14043644602182032,-1.6603688949069146,0.17224094547201432,-1.3537797650082617,True,False,0.3619551430469482,0.2909287517908612
1708,2025-07-22,2025-08-19,-0.311896546608663,0.18156159530200838,-1.717855288117822,0.14822909738738604,-2.1041519654777625,0.16034781102924836,-1.9451250666076838,True,False,0.3559397551783738,0.28326595370082874
1709,2025-07-23,2025-08-20,-0.23677628506119083,0.15243336803420676,-1.553310066651923,0.12722621841228576,-1.8610651799293456,0.13327095856119162,-1.776653275533203,True,False,0.4241138041758516,0.2752695062243633
1710,2025-07-24,2025-08-21,-0.2204031257832005,0.1530903849434791,-1.439692805427155,0.13046135744319803,-1.6894130959748943,0.134436339491565,-1.639460927132945,True,False,0.4222710715567965,0.27712445119388524
1711,2025-07-25,2025-08-22,-0.20118905946219195,0.15336788535738133,-1.3118069600645315,0.13105530447432726,-1.5351462519520023,0.1325144760942545,-1.5182421226122556,True,False,0.42163515071548946,0.31950926167506954
1712,2025-07-28,2025-08-25,-0.17803235348662014,0.15487917728200148,-1.1494918594670847,0.12273190573881546,-1.4505792313327963,0.1313209777159796,-1.3557038379021797,True,False,0.4175759603194492,0.3117669891566121
1713,2025-07-29,2025-08-26,-0.14539626427585703,0.15245147487481653,-0.9537215982675616,0.10746905367244196,-1.3529128554440846,0.12366607319474748,-1.1757166741025986,True,False,0.4242991194729672,0.29018651745002944
1714,2025-07-30,2025-08-27,-0.12142468747141433,0.15382226344099004,-0.7893830499900022,0.09734473082169064,-1.2473678487419282,0.12412842510883096,-0.9782182233034368,True,False,0.42053991504549537,0.2850319271323407
1715,2025-07-31,2025-08-28,-0.1671832426616169,0.14547666230464945,-1.1492100520667068,0.08262767668249968,-2.0233322462160657,0.12795635986917148,-1.306564541477679,True,False,0.44457294987417173,0.2832738461952944
1716,2025-08-01,2025-08-29,-0.17681519934156917,0.14438716271717547,-1.224590857068876,0.08635363214871448,-2.047571074220314,0.1250237200763976,-1.4142532251761797,True,False,0.4478755761083195,0.2745035207704528
1717,2025-08-04,2025-09-01,-0.1384062878940546,0.14792392992916123,-0.9356585371977035,0.0768110849302003,-1.8019051289254284,0.12346697242088367,-1.1209984757886882,True,False,0.43727737885388596,0.2620227893570628
1718,2025-08-05,2025-09-02,-0.045550733680703115,0.15331910519475986,-0.2970975706050491,0.06702706401433317,-0.6795871839315903,0.15058592735971724,-0.3024899768481835,True,False,0.4219805547659856,0.276044961352185
1719,2025-08-06,2025-09-03,-0.056810691908394585,0.15579574742966254,-0.36464854044904554,0.06494585858554798,-0.8747392542907475,0.15348676895898886,-0.3701341313893591,True,False,0.4152501466281108,0.2774408646412854
1720,2025-08-07,2025-09-04,-0.061396415346092935,0.15569689112726853,-0.3943329561789821,0.06634690634720931,-0.9253847500408042,0.15555828085871248,-0.3946843267177586,True,False,0.4155150992742617,0.2718893781811709
1721,2025-08-08,2025-09-05,-0.03072153822795298,0.1554640833831928,-0.19761180562991876,0.07903539163621028,-0.38870609219424457,0.15909646027134638,-0.19310007385177502,True,False,0.41615029737518716,0.2961101209862402
1722,2025-08-11,2025-09-08,-0.045344624425211096,0.16174135965239325,-0.28035268482139375,0.08792852102059087,-0.5156987050264659,0.17111421405766228,-0.26499624636636443,True,False,0.3999678274455733,0.29469099696814327
1723,2025-08-12,2025-09-09,0.023022563492013395,0.1703152613398805,0.13517616278713657,0.10254201887494449,0.22451833643036276,0.17870927827323407,0.12882690655162007,True,False,0.37979400787130047,0.28674450819202946
1724,2025-08-13,2025-09-10,-0.017830768982025604,0.1693749149212677,-0.10527396568915807,0.09222253307236716,-0.19334503605570855,0.16999484663267875,-0.10489005599419111,True,False,0.38191863839539786,0.27702318587887026
1725,2025-08-14,2025-09-11,0.008692443619521047,0.17229289090186165,0.05045155127423266,0.09995384798873896,0.08696457209431654,0.18370030709526652,0.047318612347300906,True,False,0.37544168773789593,0.27749655910050613
1726,2025-08-15,2025-09-12,-0.03468028763859224,0.16695853984541312,-0.20771796202040765,0.08810095408740701,-0.3936425887531833,0.16641443356020583,-0.20839711373980982,True,False,0.38744442236420756,0.2603133827867115
1727,2025-08-18,2025-09-15,-0.022794862583666614,0.17142080768388243,-0.13297605402549895,0.10311554866008915,-0.2210613518510944,0.17913187149135945,-0.12725185302809802,True,False,0.377335338288841,0.26959697210238354
1728,2025-08-19,2025-09-16,-0.11971633545621696,0.1430004562720974,-0.8371744998381261,0.09078323582313094,-1.31870531349483,0.1726950812122021,-0.6932237711455917,True,False,0.4523141771774516,0.27392688480215516
1729,2025-08-20,2025-09-17,-0.08977559662487622,0.1476422563531778,-0.6080616677255483,0.10287384519874015,-0.872676591911582,0.18837747322011855,-0.47657288894608796,True,False,0.4380652860796578,0.27111134690362354
1730,2025-08-21,2025-09-18,-0.23516493064368008,0.14297196163820364,-1.6448325108581394,0.12109368747883931,-1.9420081718526765,0.18001798052114845,-1.306341344141748,True,False,0.4522307457560397,0.290335939776534
1731,2025-08-22,2025-09-19,-0.2517865261963044,0.14087353140077633,-1.787323166336958,0.116794721481748,-2.1558039867037326,0.16494895170349852,-1.5264512056366353,True,False,0.4589121446910194,0.2843483891487807
1732,2025-08-25,2025-09-22,-0.2751129576058233,0.1406434394751067,-1.956102315419534,0.10379596105261836,-2.650516983665265,0.15301832872074778,-1.7979085244611008,True,False,0.4596515677801721,0.24687239119860452
1733,2025-08-26,2025-09-23,-0.27416615851268705,0.14063921761325998,-1.9494289229239687,0.10543308851340573,-2.600380605162933,0.15297959789862986,-1.7921746577890736,True,False,0.45965156778017213,0.24667515429227382
1734,2025-08-27,2025-09-24,-0.2854679552012338,0.14296763531203519,-1.9967313201913381,0.10327845944197846,-2.7640609352970538,0.15436591001872152,-1.8492940259064465,True,False,0.4521472989396406,0.26805670148310284
1735,2025-08-28,2025-09-25,-0.2751301813720235,0.1426107420413694,-1.9292388317579334,0.10569746355417131,-2.602997007880097,0.15945956199779968,-1.7253915533508108,True,False,0.4533141565178908,0.27457030515652875
1736,2025-08-29,2025-09-26,-0.21766584124151434,0.1527701187406785,-1.4247932975099264,0.14910749289443276,-1.4597914364747617,0.22595729252026295,-0.9633052282302194,True,False,0.4232825957345395,0.26124559167472416
1737,2025-09-01,2025-09-29,-0.2413455776392991,0.1513385183560074,-1.5947399264974953,0.13394938060499187,-1.8017670298230921,0.19854047823024618,-1.215598853143751,True,False,0.42724587314353435,0.26782755333904834
1738,2025-09-02,2025-09-30,-0.24094161169731973,0.15130062320176108,-1.5924693937051495,0.1338420604316157,-1.8001935334851238,0.19851061870835088,-1.2137467167502405,True,False,0.42735380440031323,0.2678693407740738
1739,2025-09-03,2025-10-01,-0.3136023087629949,0.15597649704576055,-2.010574123042332,0.07691515335133792,-4.077249996895961,0.13563699469109036,-2.312070607854559,True,False,0.4143530996396986,0.2520090437284357
1740,2025-09-04,2025-10-02,-0.32514840432900155,0.15461162955975027,-2.103000953129122,0.07056363691258967,-4.607874800044354,0.12426738379333907,-2.6165224888755567,True,False,0.41797989177359496,0.25606367917599177
1741,2025-09-05,2025-10-03,-0.23466583545448075,0.14026963058820732,-1.6729625256046654,0.11258700433571862,-2.084306593279098,0.17132373332221798,-1.3697217011558567,True,False,0.4610040965062154,0.25803228748460244
1742,2025-09-08,2025-10-06,-0.2186223586833753,0.13612430331509323,-1.6060494221764352,0.1270349467465373,-1.7209623358175217,0.1781735564675327,-1.2270191100058851,True,False,0.475096737285599,0.23363000898787642
1743,2025-09-09,2025-10-07,-0.197348471720554,0.13296996112846665,-1.484158301963322,0.13712590494398355,-1.4391771693406261,0.18014150755456734,-1.095519152690417,True,False,0.4864337224764991,0.2365258096694823
1744,2025-09-10,2025-10-08,-0.1497140371074488,0.12299569527857442,-1.217229893845957,0.14531357890443294,-1.030282498278498,0.17009821922651808,-0.8801622838160118,True,False,0.5260859812660628,0.2414462088382958
1745,2025-09-11,2025-10-09,-0.15286925967555065,0.12429568962492349,-1.2298838369765772,0.14589472752690125,-1.047805237837422,0.17599844686843638,-0.8685830039728962,True,False,0.5205338265651419,0.24640136918113922
1746,2025-09-12,2025-10-10,-0.1577341634640954,0.12068813010160355,-1.3069567266582387,0.13458528149085203,-1.172001586776908,0.164053130660848,-0.961482190731148,True,False,0.5361038824374127,0.24303125182150326
1747,2025-09-15,2025-10-13,-0.15635325782560527,0.12312661388632314,-1.2698575303139474,0.13793161268597723,-1.1335563673975726,0.17316375985190952,-0.902921361601985,True,False,0.5254879295593615,0.24301155676948646
1748,2025-09-16,2025-10-14,-0.18789025967316172,0.11710442837566969,-1.6044675874289902,0.13728749167608562,-1.368589791970762,0.15148283890570927,-1.2403402327976856,True,False,0.5524138799528984,0.21938928900155336
1749,2025-09-17,2025-10-15,-0.06161947504955108,0.12486447584980633,-0.4934908398099575,0.10451523416691384,-0.5895740993235781,0.13941136280715483,-0.44199750873096455,True,False,0.5182271437013697,0.2108578309314588
1750,2025-09-18,2025-10-16,-0.04211647149829939,0.12323794320527134,-0.34174922432897203,0.10112705607203942,-0.41647085492429514,0.1314616225710018,-0.3203708479678355,True,False,0.5251267755987654,0.21656214305150467
1751,2025-09-19,2025-10-17,0.05605152234473986,0.13622437990569264,0.4114646907076693,0.04153497868686726,1.3495016517839822,0.0868629562374524,0.6452868377115206,True,False,0.4750062743984576,0.20011688225798016
1752,2025-09-22,2025-10-20,0.062266290216830986,0.1295247754014809,0.48072880283966946,0.03539514207457218,1.7591761628091613,0.07403374768475281,0.8410527923288514,True,False,0.49964835896466575,0.2009400616207296
1753,2025-09-23,2025-10-21,0.06925118213015945,0.12980152220736108,0.5335159476753208,0.0359391610795796,1.9269003518701366,0.07635909341510508,0.906914671625219,True,False,0.49855631272484263,0.20511631078465403
1754,2025-09-24,2025-10-22,0.06660593442463018,0.12944789571500154,0.51453856439098,0.037484911632661266,1.7768731877333614,0.07853604456637704,0.8480938248467075,True,False,0.49990003085108936,0.19991429819519968
1755,2025-09-25,2025-10-23,0.06923980087388121,0.129312672480759,0.5354448218072648,0.03430835271668832,2.0181616251193977,0.07241901812181117,0.9560996913465132,True,False,0.5004721129249096,0.1766725584461452
1756,2025-09-26,2025-10-24,0.05319948539519052,0.1237196834861599,0.4300001737487613,0.038146699575610205,1.394602573408594,0.06475828241640103,0.8215085917985517,True,False,0.5231950751953048,0.16498467003069384
1757,2025-09-29,2025-10-27,0.054827053762659506,0.12336769231594596,0.44441986984928633,0.03831994791310313,1.4307705711654148,0.06420468917360934,0.8539415807217331,True,False,0.5246914645786632,0.16580381299504712
1758,2025-09-30,2025-10-28,0.07512023282686026,0.12373197364602621,0.6071206222068763,0.0318427524224741,2.3590998614127847,0.06363281793787846,1.1805265782853807,True,False,0.5231069189863393,0.15694768509124662
1759,2025-10-01,2025-10-29,0.06894268254231749,0.12314475358096505,0.5598507491185091,0.03187424994359447,2.1629585845728236,0.06221213582937722,1.1081870381592338,True,False,0.5256255417064182,0.15869757822240413
1760,2025-10-02,2025-10-30,0.07029236971263762,0.12397099517706846,0.5670065777260128,0.03581202863575696,1.962814517646547,0.07004308953110246,1.0035589546835233,True,False,0.5220398521283645,0.2065894241442169
1761,2025-10-03,2025-10-31,0.07810032447518103,0.12312456784277499,0.6343195825459622,0.045934092166186644,1.7002692508348483,0.06530863558256128,1.1958651988135454,True,False,0.5256494705762094,0.20235563972488488
1762,2025-10-06,2025-11-03,0.04696445213655616,0.1352792604017239,0.3471666831788628,0.03979155058228968,1.1802619261954315,0.06795183622536319,0.6911432382901017,True,False,0.47829598922013355,0.18845885384179228
1763,2025-10-07,2025-11-04,0.06408426522077654,0.13165842279593268,0.48674641439466104,0.03692541169776013,1.735505774324619,0.07006017260555789,0.9147032163562315,True,False,0.4914479173891014,0.19550689239195107
1764,2025-10-08,2025-11-05,0.05987547025246505,0.13345625014054693,0.44865242496629665,0.037356099494435586,1.6028298206397018,0.0710388516403399,0.8428552667997289,True,False,0.484834398840756,0.19379140668987088
1765,2025-10-09,2025-11-06,0.05975214185335672,0.14302054042402507,0.41778713516397364,0.04840301742188451,1.234471424220361,0.08356924006763158,0.7150016178799763,True,False,0.4523697895764948,0.19268546344978274
1766,2025-10-10,2025-11-07,0.03173212459308188,0.14131354978449726,0.22455118169116323,0.040106045513734104,0.7912055199312877,0.07575705557837102,0.41886692072205545,True,False,0.4579083671337354,0.19538021760203264
1767,2025-10-13,2025-11-10,0.045952958864342634,0.1488709769491145,0.3086764109840549,0.04091395460771904,1.1231610169424422,0.08793267981601179,0.5225924987216755,True,False,0.43460855081393185,0.1962466177281055
1768,2025-10-14,2025-11-11,0.04632443272357856,0.1490277719695381,0.31084429506902556,0.04120198648266764,1.1243252250244238,0.0883195826346807,0.5245091897138133,True,False,0.4341500799396386,0.1962466177281055
1769,2025-10-15,2025-11-12,0.021048043301632135,0.16526136867926527,0.12736215045200067,0.1008386944325843,0.20872982757332112,0.12373133670727439,0.170110853578087,True,False,0.39144120056911236,0.20139809646431217
1770,2025-10-16,2025-11-13,-0.07221252748757884,0.1670856776463837,-0.43218861427732763,0.11526384910491909,-0.6264976230478585,0.12292159190641408,-0.5874682093489123,True,False,0.38714401591586073,0.19919887787837975
1771,2025-10-17,2025-11-14,-0.0763763694592617,0.16865184331480237,-0.45286412504071477,0.09772238014430121,-0.7815647689554936,0.11735022695775667,-0.6508412590182326,True,False,0.3835371828529993,0.19885682420916098
1772,2025-10-20,2025-11-17,-0.08143438285541607,0.16910392692046866,-0.4815641146743772,0.10521201703619684,-0.7740026771599637,0.12177328375865829,-0.6687376766221593,True,False,0.3825027610488315,0.20030397605045042
1773,2025-10-21,2025-11-18,-0.1012552125122047,0.18997551974618657,-0.5329908434912295,0.11886864753283281,-0.8518243844259851,0.1460242467801761,-0.6934136949504942,True,False,0.34041503261781014,0.19981228764137107
1774,2025-10-22,2025-11-19,-0.07062014517650934,0.1797008011081837,-0.3929873697891559,0.10141493147450105,-0.6963485963037455,0.13207575982070655,-0.5346942184726139,True,False,0.35991944412328686,0.2004525600343378
1775,2025-10-23,2025-11-20,-0.08752278751408558,0.1779540223848279,-0.4918280932409407,0.0997625035380667,-0.8773114588156785,0.13231198817797335,-0.6614879628016651,True,False,0.3634405499183974,0.20247648475857077
1776,2025-10-24,2025-11-21,-0.08784479477355875,0.17834646114715522,-0.4925513756119738,0.10303477861604445,-0.8525742079857264,0.133927213020463,-0.6559144537722649,True,False,0.3626321333312427,0.20397915219618093
1777,2025-10-27,2025-11-24,-0.10048528134832863,0.19826217693313067,-0.5068303137931348,0.1182704625356456,-0.8496227984061812,0.16304012740875282,-0.6163223921949295,True,False,0.3261591365236909,0.20364410574311423
1778,2025-10-28,2025-11-25,-0.08624143449267224,0.19882862434366919,-0.43374757923993157,0.12248891805526067,-0.7040754042236259,0.1658023045925072,-0.5201461747146885,True,False,0.32524195846230014,0.20972042121854348
1779,2025-10-29,2025-11-26,-0.046977851546916714,0.19571751477424443,-0.24002885792364861,0.1428368190238974,-0.3288917512161697,0.16989739202019155,-0.276507196422024,True,False,0.33043736051868566,0.22080314032507803
1780,2025-10-30,2025-11-27,-0.03759566711342538,0.19666082341667343,-0.19117008899006735,0.14664197401660392,-0.2563772573681292,0.17229007584364686,-0.21821144908859072,True,False,0.328847517764292,0.2194299264121544
1781,2025-10-31,2025-11-28,0.007690119245497027,0.1913935084406892,0.04017962421060959,0.1322039267651124,0.05816861445545497,0.16340842981092588,0.047060725412972834,True,False,0.3379210933683457,0.17547397610802795
1782,2025-11-03,2025-12-01,0.05736780128576004,0.20613434448884546,0.2783029748294292,0.15420812426192976,0.37201542759393225,0.17372300136717148,0.3302257089405828,True,False,0.3137163757204892,0.17438758713387104
1783,2025-11-04,2025-12-02,0.0065287487994128346,0.19395938645044125,0.03366039106893649,0.13944598889841234,0.04681919394733603,0.16963184563784878,0.038487754317967054,True,False,0.3334434652361028,0.1767884134042858
1784,2025-11-05,2025-12-03,-0.07306135426351516,0.21363089275736402,-0.341998075842412,0.12776261360456923,-0.5718523768591898,0.18000089127603272,-0.4058944027753453,True,False,0.30266652498987484,0.17472062223679571
1785,2025-11-06,2025-12-04,-0.07140452150201947,0.2136274106726273,-0.334247937927044,0.12629865341364882,-0.5653624925687682,0.18005390567255744,-0.39657302203638034,True,False,0.3026665249898749,0.17417455274776486
1786,2025-11-07,2025-12-05,-0.0963470382972991,0.2195785866633863,-0.4387815759329892,0.14034768124352384,-0.6864882799889144,0.18952343609613448,-0.5083647715653895,True,False,0.2944585412656231,0.1735521311818801
1787,2025-11-10,2025-12-08,-0.0426683409927859,0.21370273839657491,-0.19966211623177665,0.1277176961778151,-0.33408323411487834,0.17535442105904595,-0.2433262916046951,True,False,0.3025937915083518,0.16808028021536517
1788,2025-11-11,2025-12-09,-0.040455115128386156,0.21135258973142024,-0.19141054850472924,0.1273148731265311,-0.3177563951085282,0.17190103037310153,-0.2353395732450271,True,False,0.30596274646502114,0.16812637095617475
1789,2025-11-12,2025-12-10,-0.04109081088397243,0.2117936295216713,-0.19401344118222358,0.12866797389195234,-0.3193553892321179,0.17313855713578158,-0.2373290592444265,True,False,0.3053248875701454,0.16808485421642105
1790,2025-11-13,2025-12-11,-0.19142581274293757,0.19948233099372556,-0.9596128729263677,0.1859882484221831,-1.0292360639281442,0.27514252534332245,-0.6957332840646014,True,False,0.3240894102151496,0.20381197847941668
1791,2025-11-14,2025-12-12,-0.18259065697188448,0.20271444025204832,-0.9007284174963431,0.23543596039810846,-0.7755427703700588,0.31833156966840126,-0.5735863934641638,True,False,0.3189549248093248,0.20281611584592357
1792,2025-11-17,2025-12-15,-0.2425499933179628,0.20100882592729463,-1.2066633999727638,0.21409304972838308,-1.1329185773460775,0.28839485607366233,-0.8410343950656674,True,False,0.3215927188704293,0.20011192456345264
1793,2025-11-18,2025-12-16,-0.22415129152750418,0.19373184794369513,-1.1570182905221136,0.20058435232605834,-1.1174914141016183,0.2712294888386646,-0.8264267004567342,True,False,0.3336854222749775,0.19663547536169462
1794,2025-11-19,2025-12-17,-0.2647221154969673,0.18993748239125824,-1.3937328860222429,0.19577255600528612,-1.352192160630622,0.263358155876263,-1.0051791052992682,True,False,0.34032264819576075,0.2034719309095385
1795,2025-11-20,2025-12-18,-0.3994398237997524,0.2093243374673481,-1.9082340287452713,0.12633938671508765,-3.161641307477161,0.23538441788458836,-1.6969679955433679,True,False,0.3086130939479661,0.19345233773574444
1796,2025-11-21,2025-12-19,-0.3902054731277296,0.21050974930478858,-1.8536218603479824,0.1344398999145921,-2.902452868349515,0.24010509314724376,-1.6251445065700343,True,False,0.3068828961032654,0.19040692055619457
1797,2025-11-24,2025-12-22,-0.374380323638197,0.19154279479148872,-1.9545518485607518,0.11346235575297103,-3.2995994235594197,0.18208642073448508,-2.056058448115201,True,False,0.3372317936077652,0.18524852418398496
1798,2025-11-25,2025-12-23,-0.362179126902244,0.1715260420135316,-2.111511014016588,0.09837374714202261,-3.681664442235431,0.13421047036062417,-2.6985906980958116,True,False,0.3765177815998921,0.18656048268370876
1799,2025-11-26,2025-12-24,-0.381927859658297,0.16888687718665593,-2.261441895430309,0.08800750330429309,-4.339719288908247,0.12387600265561743,-3.083146464776385,True,False,0.38233556828653475,0.1862435213080452
1800,2025-11-27,2025-12-25,-0.41724390326968824,0.17184696846748787,-2.427996879960251,0.07289008541269801,-5.724288850908675,0.11684263760859584,-3.570990109512836,True,False,0.375715184829807,0.17909478997507347
1801,2025-11-28,2025-12-26,-0.4123158301359871,0.1716247443285251,-2.402426478472881,0.07439394065907055,-5.542330819999587,0.11675546255073221,-3.5314478751418497,True,False,0.37621700846047745,0.17979462118315273
1802,2025-12-01,2025-12-29,-0.43055770812607297,0.1752726531488994,-2.456502485646185,0.06984782520580929,-6.164224968457045,0.11630872937226112,-3.70185204885196,True,False,0.3683818438312534,0.18222426202812828
1803,2025-12-02,2025-12-30,-0.42182592389507034,0.1734885659402181,-2.4314335737862174,0.0720640245515145,-5.853488290728626,0.1157237507492304,-3.645111061161104,True,False,0.372186290757041,0.18228778151947728
1804,2025-12-03,2025-12-31,-0.4301971587869543,0.1817204397168835,-2.367357020801799,0.07604983975772163,-5.656779293125003,0.12754969161908677,-3.372780861530353,True,False,0.3553355653587807,0.1871081898334917
1805,2025-12-04,2026-01-01,-0.4439801113879477,0.18209918681552187,-2.438122427409453,0.06570306000988585,-6.757373420981387,0.12917765429766237,-3.436973010555604,True,False,0.35460326705006806,0.17547121172751476
1806,2025-12-05,2026-01-02,-0.39501493628184364,0.1724825061226702,-2.290173914802163,0.08652259856958673,-4.565453913917629,0.131515773342653,-3.0035555906489355,True,False,0.37446887991908356,0.17628523206822866
1807,2025-12-08,2026-01-05,-0.3944094502578669,0.17207450094453858,-2.292085393785272,0.08815841875595216,-4.473871648602337,0.13095284066549276,-3.0118434106011516,True,False,0.3753579242992884,0.17633062602544092
1808,2025-12-09,2026-01-06,-0.41076162913262637,0.15956916680017394,-2.574191727447051,0.08681940268898158,-4.731219248353074,0.10721255728498692,-3.831282822969709,True,False,0.4047040525599008,0.17881359319881865
1809,2025-12-10,2026-01-07,-0.41715284731955904,0.16069079843419928,-2.5959971036572917,0.09299233996865473,-4.485883971305274,0.11066229927102458,-3.7696022047933795,True,False,0.4018737105506083,0.18032083074039992
1810,2025-12-11,2026-01-08,-0.4032358431231185,0.15997324178315278,-2.5206455693991217,0.10051888430854201,-4.011543163226811,0.11485931678715261,-3.510693380410406,True,False,0.4037316567886301,0.18626075300581524
1811,2025-12-12,2026-01-09,-0.3017406747266145,0.17480838229944237,-1.7261224591034787,0.08667162181244685,-3.4814241203374103,0.07859633788977165,-3.8391187532146116,True,False,0.36974506863494533,0.1380713753353
1812,2025-12-15,2026-01-12,-0.31077079512628475,0.17468600646670482,-1.7790251286414158,0.0767295994013155,-4.05020744994215,0.07827800375208199,-3.97009096080863,True,False,0.3699887825018394,0.14125853632414107
1813,2025-12-16,2026-01-13,-0.29781111030372204,0.17940669646510238,-1.6599776718014052,0.0881534891111768,-3.3783247073536784,0.08623927385260258,-3.453311896071056,True,False,0.3602774672978773,0.13938828275881357
1814,2025-12-17,2026-01-14,-0.3352618551187151,0.18646711081833853,-1.797967768403601,0.10049971755173916,-3.33594823235315,0.08912462586294326,-3.761719635539162,True,False,0.34657591034629237,0.14329286971053945
1815,2025-12-18,2026-01-15,-0.31052447577941017,0.19414587085439297,-1.5994389909651991,0.09362269784715133,-3.316764875611396,0.09073259344275703,-3.4224137544940705,True,False,0.3329055031575286,0.13462192906396908
1816,2025-12-19,2026-01-16,-0.3070582453426262,0.1858460314202034,-1.65221846813806,0.08859717110065307,-3.465779341800709,0.08323867289811429,-3.68888924645004,True,False,0.3477805238124226,0.13444204048833525
1817,2025-12-22,2026-01-19,-0.2833009172010424,0.17839257937709993,-1.588075682241127,0.079067140997378,-3.583042381795962,0.07994901365382734,-3.5435198541374393,True,False,0.3623487614221291,0.13276836981799592
1818,2025-12-23,2026-01-20,-0.37854352069669056,0.16229803941346413,-2.332397372542055,0.09177208547447954,-4.1248220386356795,0.12963383756727642,-2.9200980839608084,True,False,0.39802121919373173,0.17405827666565316
1819,2025-12-24,2026-01-21,-0.32351907109979544,0.16360537479590362,-1.9774354693626837,0.07445165739583351,-4.345357543617294,0.15907742232224145,-2.03372085351274,True,False,0.3950077059432087,0.16763730056484868
1820,2025-12-25,2026-01-22,-0.30083446709016526,0.1660064857667169,-1.8121850221738771,0.08067868539997067,-3.728797334745301,0.17828334558677245,-1.687395230889617,True,False,0.38935238236422354,0.16267012714558807
1821,2025-12-26,2026-01-23,-0.29289682399533445,0.166060754578892,-1.7637931655681192,0.07663117567756217,-3.8221627347562084,0.17785752704998123,-1.646805894883634,True,False,0.3892339137786639,0.17092747216802423
1822,2025-12-29,2026-01-26,-0.36251794449014496,0.09853148441715608,-3.6792092054082985,0.029554279037211844,-12.26617452023438,0.07792660856974537,-4.652043135762626,True,False,0.6550793768203389,0.2273749317785452
1823,2025-12-30,2026-01-27,-0.38082809250436833,0.09148333754434848,-4.162813718069193,0.02610759722462935,-14.586868689130199,0.04148418297124906,-9.180079375512934,True,False,0.7048569424466719,0.2446702829929464
1824,2025-12-31,2026-01-28,-0.37575154183556614,0.09152544083384571,-4.105432745390447,0.027216488060431896,-13.806026001637015,0.050271842074800635,-7.474393742653725,True,False,0.7046368243048133,0.24647942014563387
1825,2026-01-01,2026-01-29,-0.36195917255119464,0.09099146622430579,-3.9779463676177964,0.029091400403364005,-12.442136422877024,0.05567180200471902,-6.501660796259355,True,False,0.7088073800373732,0.2374570795391912
1826,2026-01-02,2026-01-30,-0.3808754795803792,0.0891866704566921,-4.270542645330924,0.03405348496066322,-11.184625597654584,0.05166313589991057,-7.372287278849415,True,False,0.7230062237094472,0.2593896467168803
1827,2026-01-05,2026-02-02,-0.4147957114599257,0.08874443570218299,-4.674047540872722,0.03801287092995585,-10.911980634776208,0.04776642711991037,-8.683833739932945,True,False,0.7261568572808365,0.27814788050776745
1828,2026-01-06,2026-02-03,-0.3489366298199689,0.08358571280280794,-4.174596568233691,0.053629122581208985,-6.506476575140392,0.09316432451324799,-3.7453889312571578,True,False,0.7720430381007881,0.28409057258912734
1829,2026-01-07,2026-02-04,-0.3447741882016009,0.08683477105047051,-3.9704623393457172,0.06620828628894473,-5.207417492984867,0.11169469490861714,-3.086755270549576,True,False,0.7432819044843904,0.2887057349466381
1830,2026-01-08,2026-02-05,-0.333126825374451,0.0866305161740244,-3.8453750489638305,0.07558648772747824,-4.40722720938584,0.11975501403446055,-2.781735930310115,True,False,0.7452591635205377,0.2931186049274167
1831,2026-01-09,2026-02-06,-0.3266922403717055,0.08635717073324051,-3.783035474620471,0.07449505911893886,-4.38542158682106,0.11404052520145365,-2.8647030500306854,True,False,0.747562160139275,0.2900431773433836
1832,2026-01-12,2026-02-09,-0.33645307642830924,0.08578555453189941,-3.922024847472414,0.06153644605677864,-5.4675415625704105,0.10395044151062663,-3.2366680847037514,True,False,0.7519964799037836,0.30173871400968283
1833,2026-01-13,2026-02-10,-0.33255929993412126,0.08535957247087309,-3.895981321223219,0.06226033783358225,-5.341431021833357,0.10202848730600955,-3.25947496346477,True,False,0.7559071701838315,0.3011167319778538
1834,2026-01-14,2026-02-11,-0.3289532731911724,0.08511417236806365,-3.864847228598577,0.06051501626670377,-5.435894980865554,0.09946745323175131,-3.307144824797487,True,False,0.7580506256757005,0.29715913699950924
1835,2026-01-15,2026-02-12,-0.3289418363083502,0.08513576821914003,-3.863732520292197,0.0629050481409734,-5.229180265011083,0.10269676747344993,-3.2030398268708034,True,False,0.7579884014623887,0.2992919991832738
1836,2026-01-16,2026-02-13,-0.3278711073928085,0.08476925419203331,-3.8678069132242303,0.06187310196616702,-5.299089539297585,0.10055417500202,-3.260641414304498,True,False,0.7612668846616627,0.2984708464506202
1837,2026-01-19,2026-02-16,-0.3189716975576794,0.08331273361844321,-3.8286067891915576,0.06104393721699727,-5.225280545450531,0.09724689331817048,-3.2800194090938626,True,False,0.7746980965289988,0.29676118485523323
1838,2026-01-20,2026-02-17,-0.3289268802823379,0.08357145450277231,-3.9358759786982818,0.060820702125068134,-5.408140136329763,0.09508872954700427,-3.4591573770027364,True,False,0.7722615877863219,0.3024149366591851
1839,2026-01-21,2026-02-18,-0.3116863767812341,0.08551604367782083,-3.6447707748911227,0.07008490012741292,-4.447268615844421,0.11311994609297575,-2.7553617867272697,True,False,0.7553550920878338,0.28735857545628324
1840,2026-01-22,2026-02-19,-0.318571772573929,0.08734046750402763,-3.647470430121505,0.07931104329003419,-4.016739149539835,0.12520636678520855,-2.5443735870112634,True,False,0.739582263055794,0.3000326543922515
1841,2026-01-23,2026-02-20,-0.32294359681899076,0.08768929049192471,-3.6828168526318565,0.07945827636526484,-4.064316665194684,0.12355284169796217,-2.6138095440043387,True,False,0.736537451053813,0.3016685251891447
1842,2026-01-26,2026-02-23,-0.33038295285089236,0.08803686591301972,-3.7527795818777805,0.08567503204773665,-3.8562337819355434,0.12561160125008114,-2.63019458046021,True,False,0.7335643070507253,0.2980832449350213
1843,2026-01-27,2026-02-24,-0.248080776979147,0.12147699292024056,-2.0422038034974412,0.10815635982690058,-2.293723433149832,0.1894743235021724,-1.309310794168386,True,False,0.5323426810418279,0.25485975705269936
1844,2026-01-28,2026-02-25,-0.11445005277041007,0.13614275211191262,-0.8406621064654941,0.0729700428613481,-1.568452590714233,0.16637561079202845,-0.6879016234745731,True,False,0.475264379047092,0.23008960916053342
1845,2026-01-29,2026-02-26,-0.12119402844088155,0.1418093432649655,-0.8546265404701509,0.08307541120867255,-1.4588435576498193,0.1837461705993143,-0.6595730841387876,True,False,0.4562182437192883,0.2310400850868639
1846,2026-01-30,2026-02-27,-0.10951073525637746,0.15227753954003526,-0.719152250470832,0.09566203344485494,-1.1447669604421038,0.21449310386884532,-0.510555972574947,True,False,0.4248101702293368,0.23118245986489333
1888,2026-03-31,2026-04-28,0.34424568590648097,0.1302895447749858,2.642158942998874,0.08521133765383043,4.0399047284643395,0.19320517818312283,1.781762213330533,False,False,0.4957437926798049,0.33087075959046053
1889,2026-04-01,2026-04-29,0.401677841916638,0.1336925572354727,3.004489181915811,0.08383085321541928,4.791527540396739,0.1574666233990737,2.5508760729481734,False,False,0.48289128853058055,0.339613798596649
1890,2026-04-02,2026-04-30,0.26942432425736684,0.1327702261461935,2.0292525822822904,0.135107483982683,1.9941480391411888,0.3543118230568146,0.7604158448140866,False,False,0.4869032386536344,0.3092921359338431
1891,2026-04-03,2026-05-01,0.24240985701723702,0.13380452644606441,1.8116715738682472,0.1373619707996885,1.7647523226842543,0.37986125738128385,0.6381536740239854,False,False,0.48315168919042484,0.29903311125373777
1892,2026-04-06,2026-05-04,0.28871525531788167,0.13239913002145678,2.1806431452464383,0.11967374036304278,2.4125196926412915,0.31766943967418754,0.9088543600983392,False,False,0.48813732767804857,0.31172019355811054
1893,2026-04-07,2026-05-05,0.30191754118050773,0.13221340102572066,2.2835623230187765,0.12502603556465997,2.4148373562110144,0.28820063154911146,1.0475950019875608,False,False,0.488781082126506,0.31146922297755075
1894,2026-04-08,2026-05-06,0.29542850538744897,0.13220356149477056,2.2346486134500614,0.12153391131055007,2.4308318740154258,0.2827166263102163,1.0449633233217925,False,False,0.48878108212650595,0.3217514629258935
1895,2026-04-09,2026-05-07,0.027968926267337824,0.20750237602001187,0.13478846268555716,0.0868948459926958,0.3218709458290407,0.19491839676253195,0.14349043872658268,False,False,0.31164136952291277,0.23399948752099775
1896,2026-04-10,2026-05-08,0.01848734190355104,0.20607406629714192,0.08971212261563184,0.0820048375201784,0.22544208930359724,0.19307883977196233,0.0957502226830537,False,False,0.31381325280146255,0.23342207474515483
1897,2026-04-13,2026-05-11,0.0024152392554667697,0.20083262058917573,0.012026130259024981,0.07810689718700735,0.03092222764507065,0.18533774819943355,0.013031556058768127,False,False,0.3220161459384424,0.2336643645981667
1898,2026-04-14,2026-05-12,0.0879945863469457,0.1871938361513413,0.470072028845033,0.09110879914733318,0.965818748248987,0.17608163918263872,0.49973743290562106,False,False,0.3454945381646033,0.2499364237490339
1899,2026-04-15,2026-05-13,0.05883384825476098,0.18760991976889704,0.3135966814933565,0.09276902517236488,0.6341971163914644,0.1690059648698999,0.3481169927940178,False,False,0.3447352553165441,0.22058227734371139
1900,2026-04-16,2026-05-14,0.07960491692432405,0.19305355670634564,0.4123462850540036,0.09851585301164714,0.8080416957351287,0.17124298602639956,0.46486526993900823,False,False,0.3349927251210652,0.223345816154271
1901,2026-04-17,2026-05-15,0.16157427079306796,0.18248768336768376,0.8853982242051998,0.13064742265050724,1.2367199253925782,0.169236477660414,0.954724850261178,False,False,0.35432826499622316,0.24876104921052813
1902,2026-04-20,2026-05-18,0.12346776934436222,0.18124784666606106,0.6812095791231365,0.11896474132272228,1.0378517867695298,0.16421979546600768,0.7518446177210053,False,False,0.35678390202905025,0.24623074455817928
1903,2026-04-21,2026-05-19,0.19054529911801052,0.18549566257575498,1.027222396858974,0.11432512366633792,1.6666966368138292,0.15753370010140824,1.2095526163313115,False,False,0.3485391872140068,0.2536140865678032
1904,2026-04-22,2026-05-20,0.2575051535003388,0.18340887019472105,1.403995091551196,0.11324921036304635,2.2737920438901686,0.15237283487640274,1.6899675963186889,False,False,0.3524596979426741,0.25973810566577593
1905,2026-04-23,2026-05-21,0.245675624656945,0.18297159909285288,1.3426981338905588,0.11084921117052741,2.2163046724708244,0.15393716562343807,1.595947435188706,False,False,0.3533151262301814,0.2605220605021155
1906,2026-04-24,2026-05-22,0.2747181841187886,0.19208766610640388,1.4301708677464637,0.12236467262498449,2.2450775883716663,0.17965278937425586,1.5291618074823812,False,False,0.3365099355306261,0.26092776226731723
1907,2026-04-27,2026-05-25,0.2740771158837998,0.19215294016390874,1.426348801376699,0.12101880801000958,2.2647481031306356,0.17790241908150636,1.5406036483305536,False,False,0.3363977842408822,0.2609652898051159
1908,2026-04-28,2026-05-26,0.2482704277441762,0.1873480613996853,1.3251827955375537,0.11683367037356684,2.124990398318826,0.17279355936513127,1.4368037133812044,False,False,0.34505739526485807,0.25933572582120495
1909,2026-04-29,2026-05-27,0.22582802072365582,0.17879479883180513,1.2630569915856196,0.1161443905235203,1.944373031755878,0.1655100639778342,1.364436791915564,False,False,0.3616103754980954,0.2565550319595973
1910,2026-04-30,2026-05-28,0.1894745826207962,0.1859652703159018,1.018870793987141,0.15023348532613778,1.2612007383671555,0.18725234894857162,1.0118675876949075,False,False,0.34770818382298113,0.2512973717177843
1911,2026-05-01,2026-05-29,0.27933477685881936,0.18080217935381818,1.5449746117948018,0.11277551890342838,2.4769097014576236,0.12880900393290043,2.16859666894351,False,False,0.357517597315831,0.23975505616449339
1912,2026-05-04,2026-06-01,0.30214035040476717,0.17781694520615984,1.6991651164317751,0.09588185556288162,3.151173375098235,0.11312488381513766,2.67085666932934,False,False,0.3634492017885141,0.238109957627959
1913,2026-05-05,2026-06-02,0.2760121165400178,0.1826967510355274,1.510766420177577,0.1049062267951231,2.631036545419333,0.1277251131608815,2.1609854922763323,False,False,0.35381317095809284,0.22700678046957096
1914,2026-05-06,2026-06-03,0.2318238775948079,0.15600555821110795,1.485997551966078,0.08161609208075311,2.840418741998027,0.09296875984514484,2.4935674949407702,False,False,0.4144390980741677,0.23109817421560333
1915,2026-05-07,2026-06-04,0.22713346747926597,0.15598992414127136,1.4560778122666684,0.0749721929731096,3.0295694773225095,0.09080956415336199,2.5012064488678303,False,False,0.4144390980741676,0.2048595358258062
1916,2026-05-08,2026-06-05,0.26301197437857204,0.1548257909564679,1.6987607345892564,0.07027521824005634,3.742599183116549,0.10306469319617383,2.55191148609887,False,False,0.4173650582841408,0.23526296212340056
1917,2026-05-11,2026-06-08,0.22605586314395693,0.15143243771758175,1.4927836238464725,0.06663299997024247,3.39255118702311,0.09364671147661961,2.4139220649557496,False,False,0.4268408878651745,0.23649050475654237
1918,2026-05-12,2026-06-09,0.24799494644700648,0.15671673714727122,1.5824407205081006,0.08010937279005759,3.0957045075977083,0.09999940921483533,2.4799641157301497,False,False,0.41241339390494125,0.23807848046816463
1919,2026-05-13,2026-06-10,0.19517915802052366,0.15718785705709898,1.2416936121829323,0.07576716392075351,2.5760388527234,0.09331655489374016,2.0915812659690958,False,False,0.41134711618028597,0.22763719233973373
1920,2026-05-14,2026-06-11,0.19564476108309264,0.1571449550052996,1.2449954952514681,0.07304019390841848,2.6785903844724457,0.09269825200866946,2.110555019578959,False,False,0.41142864774368126,0.22779057290015184
1921,2026-05-15,2026-06-12,0.25387279111430516,0.1402435681179975,1.8102276954384304,0.07439034266323978,3.412711677691427,0.10632575813822072,2.3876885108524424,False,False,0.46099727552317615,0.2585164890479658
1922,2026-05-18,2026-06-15,0.20730624588837904,0.1374668262873031,1.5080456244411495,0.05492525840953693,3.774333556023534,0.0950609683923185,2.180771450095291,False,False,0.47048991464578693,0.2366942270100023
1923,2026-05-19,2026-06-16,0.22671107844595426,0.1385009817851334,1.636891490037721,0.06014584101271997,3.76935586282696,0.09820522666967307,2.308543914964205,False,False,0.4669118225806428,0.23302694974026805
1924,2026-05-20,2026-06-17,0.20999516932557044,0.14102603418403173,1.4890525039620524,0.05665310380897298,3.7066842804173143,0.09889426649618639,2.1234311832796533,False,False,0.45859455760309203,0.22252587595676068
1925,2026-05-21,2026-06-18,0.2974286788655866,0.12647818922810794,2.351620312409465,0.10215227397805987,2.9116207332738178,0.12980683059795617,2.2913176255477397,False,False,0.510959595073951,0.2819000324243486
1926,2026-05-22,2026-06-19,0.26851546178793806,0.12240848676054332,2.1936016765995205,0.0812475206643913,3.304906532435537,0.12547129798966147,2.1400548658551624,False,False,0.5281361227317232,0.2806157993030345
1927,2026-05-25,2026-06-22,0.26361970434013476,0.1215184413171842,2.16938023136786,0.0792162253449579,3.3278498589419865,0.12039918654067484,2.189547221326743,False,False,0.5320117936084028,0.2800149459563387
1928,2026-05-26,2026-06-23,0.2768455796522507,0.11746181526083549,2.3568985294283755,0.07451757749081502,3.7151714934154225,0.10684630461419599,2.591063683970105,False,False,0.5502580026697552,0.2911225649560401
1929,2026-05-27,2026-06-24,0.2921733919122746,0.12045554124581474,2.4255703713624404,0.07114058307138578,4.106986185636041,0.10485032283003717,2.786575987809679,False,False,0.536430291805249,0.29237277977653414
1930,2026-05-28,2026-06-25,0.3294303291905409,0.12221014815962906,2.6956053498948704,0.06640859783214409,4.960657805533202,0.1031788233911391,3.1928095161708545,False,False,0.5285904095681844,0.30376751287662507
1931,2026-05-29,2026-06-26,0.2952699873583421,0.11229422541728176,2.6294316226958974,0.06098040110983768,4.842047313308138,0.09872899910491445,2.99071184794017,False,False,0.5754592503028896,0.30421394509919797
1932,2026-06-01,2026-06-29,0.30223172029444667,0.11667429757972393,2.590388170864545,0.06378226682423613,4.738491360416874,0.10467557944988172,2.887318339987352,False,False,0.5537764420946969,0.30071657733537016
1933,2026-06-02,2026-06-30,0.2940050848439886,0.11644403329777078,2.524861742740897,0.06817092925557922,4.31276334435366,0.1055737533678337,2.7848312242876676,False,False,0.5549864788498816,0.29926295978040335
