start,beta,t_cl,se_cl,t_hac5,se_hac5,t_hc3,se_hc3,shock_sd
0,0.031087102026974508,0.3292012783773912,0.09443189947560512,0.7158861393815609,0.04342464578770865,0.42219123197581565,0.07363275139914623,0.7157410330120507
1,0.07615179276281331,0.7407579024808741,0.10280253846469022,2.305299303015993,0.03303336476230436,1.5562529730663845,0.04893278540234148,0.6572182035952596
2,0.0426509071459994,0.3277893703113799,0.13011680978392814,0.6512910787713032,0.06548670561627024,0.5654368114815782,0.07543001495471074,0.5188714415476146
3,0.053653620042594594,0.4116638690242261,0.13033356599832452,0.8726272482691697,0.061485153195725846,0.7382811334550169,0.07267369787916121,0.518038467611723
4,0.06756262627162053,0.5133261084706902,0.13161735816030137,1.0881524890355867,0.06208929993947841,0.8804111587103238,0.07673985683074497,0.5129570187155555
5,0.06615192342349507,0.5175856598570685,0.12780864802506883,0.9954003873304295,0.06645760265465471,0.7956987643087988,0.0831368934963213,0.5282908569421213
6,0.06112498470578656,0.47958788315889284,0.12745314644560185,0.9124796155286025,0.06698778105895183,0.7351852824134972,0.08314228558156508,0.5297659996237827
7,0.07958716040484687,0.6085012538805434,0.13079210584580134,1.0653920582131287,0.07470222796510248,0.759604564120125,0.10477446314061488,0.5161391679204852
8,0.10033288780084898,0.7520841960418084,0.13340645678887722,1.3813777049222653,0.07263247947562253,0.8694265256291099,0.11540122695043026,0.505991474218581
9,0.11262512058141888,0.8450963571889671,0.13326896941792807,1.592413311051931,0.07072606075304655,0.9486804199030442,0.11871766109911834,0.5065045749257849
10,0.12978168766872433,0.977676779583215,0.13274498318764455,1.9390064688259379,0.0669320550267719,0.9654939457506948,0.13441999117645004,0.5084462758934362
11,0.1534018918616773,1.1729361518979375,0.13078452020892736,2.7792575695061164,0.055195277164950686,1.1409831118643001,0.13444711868787218,0.5160692739554333
12,0.15419726844103743,1.1791870892787149,0.1307657367037124,2.9015553371182157,0.05314297007141832,1.1828009234414298,0.13036620566070517,0.516151360290585
13,0.15066337397920665,1.1519265954974094,0.13079251279388096,3.032987922652788,0.04967490073202457,1.2629928399676513,0.11929075859453452,0.5160667697903913
14,0.2336105993390219,1.331747386409411,0.17541660056782302,3.1580262894064757,0.0739736081750374,1.5784402651614637,0.1480009123532623,0.38447235012838327
15,0.21397144195742782,1.1963745506551917,0.17884987760751586,2.7685364588473473,0.07728684275536422,1.4027776730979624,0.15253410861956684,0.3771123077453765
16,0.23211260183480167,1.316404945656721,0.176323100730229,3.0882003759316166,0.07516112090517453,1.5762585615078033,0.14725541069402312,0.3824949238861903
17,0.08613893341164448,0.5018850935407876,0.17163078664866557,1.0636589305555375,0.08098360380113111,0.7377309104503409,0.11676199572424284,0.3931209817776013
18,0.10577061042474721,0.5586743675313913,0.18932425858754667,0.9714772005197251,0.10887606046561009,0.7339333902946124,0.14411472733552733,0.35631879886632367
19,0.11152203981386469,0.585512983514475,0.1904689442486251,0.9546376096048101,0.11682133481000323,0.7496145664427625,0.14877250897495742,0.35417121623741443
20,0.16343790570808778,0.7903690222351333,0.20678683135365256,1.1771139181323245,0.1388462944753959,0.9282104595107024,0.17607850033735084,0.3261621045581553
21,-0.009581634003741164,-0.04695154806809014,0.20407493252076955,-0.06890265406902824,0.13906044887824012,-0.06408671244091807,0.14951046229083026,0.33051762803448265
22,0.013951200600152782,0.07285425169322095,0.19149466607521184,0.12192916094446515,0.1144205413379914,0.10554366781380568,0.13218415551717153,0.35226949911893046
23,0.02139098890496448,0.11120481698079335,0.19235667559849506,0.18619813641729568,0.1148829376950601,0.15873453993774508,0.1347595105221203,0.35069007541687613
24,0.03569551822294107,0.19442089838083618,0.1835991836279856,0.346837685907357,0.10291706949191104,0.2857519484756447,0.12491784715156012,0.36744436403952835
25,0.09159946302646925,0.5122457605803641,0.1788193677243691,0.8404827813845606,0.10898434216055423,0.6690326223407008,0.13691329834709132,0.3772374426860649
26,0.09336030497846072,0.5084065141433514,0.18363318010543164,0.7756568092947587,0.12036290258748017,0.6413240641005067,0.14557430510486744,0.3673544389367284
27,0.08923291441365491,0.5353350036740269,0.16668611953495593,0.8946508445402047,0.09974049089454011,0.7555939490814818,0.11809638566074886,0.40477575604526017
28,0.08857995237359677,0.5335288419130427,0.16602654892279278,0.9148470943294207,0.09682487152514326,0.7370082293723771,0.12018855264211888,0.4064140335053422
29,0.07969930749794021,0.477874352854575,0.16677879242076424,0.8248074804121946,0.09662776998350059,0.6702480411509613,0.11891016848192383,0.40458331662143776
30,0.07289652324738358,0.43604056019600096,0.16717830840006367,0.759102937530962,0.09602982631642142,0.610908885894117,0.11932470607411994,0.4036180727037031
31,0.07174145289292472,0.42521749337311665,0.16871707775666125,0.7158409050922256,0.10021982871135575,0.5786700807153273,0.12397643369472462,0.39992350491480994
32,0.06628644778938418,0.3737179407805118,0.17737025857239982,0.6226862512455831,0.10645240304694198,0.4783489552589819,0.13857341394943817,0.38037902617762975
33,0.04952795881679074,0.2824127111458461,0.17537439662626614,0.47914394420207757,0.10336759843489218,0.36342552138980416,0.13628090461943063,0.3847099046722494
34,0.046314094320133406,0.26578915657678404,0.1742512558323789,0.44698366921543914,0.10361473474282734,0.35217884395024046,0.1315073154328292,0.3872103746122477
35,0.053330535354614995,0.2984648643039839,0.1786827922910829,0.5010185660119145,0.10644422976003401,0.3808793520336757,0.14001949717111403,0.3775887903537008
36,0.14104620251606262,1.010782103114418,0.13954165005639851,1.7677222851575078,0.07978979713065908,1.144589424555725,0.12322864381768163,0.48365549749289405
37,0.13489365805612163,0.9404188211749958,0.14343998122834278,1.431212332359204,0.09425132456325577,0.993074635480043,0.13583436051703737,0.47049287160458075
38,0.10569304374292131,0.7619148057208701,0.13872029123114624,1.5901129779621561,0.06646888944858152,0.7557957833004469,0.1398433890188903,0.48657217638547207
39,0.12679930981761417,0.916921339915236,0.1382880998596194,2.118625652845737,0.059849794439757395,1.0598354684761628,0.11964056081263906,0.4880232882430315
40,0.11549673860243372,0.8412383254184087,0.13729371940465127,1.8720635278493416,0.06169488208293782,0.9831564244898787,0.1174754451331185,0.491565180606871
41,0.12050937161648292,0.8875127676473542,0.13578325406622918,2.10341511221929,0.057292243892521445,1.030497384610287,0.11694291845491399,0.49706670200732656
42,0.1724445010045094,1.2297257768971641,0.14023004497768618,3.321923882941893,0.05191103320880209,1.5358673659114501,0.11227825060412906,0.48120757445429174
43,0.17351469909323927,1.1990974239835324,0.14470442152798937,3.2197068813507923,0.05389145828717275,1.4821472098952042,0.11706981461410146,0.46629576926534694
44,0.1528166295725135,1.0605616532076043,0.14409028377589259,2.7327811115668847,0.05591982062730724,1.099839100295044,0.1389445324607197,0.46833448010506484
45,0.1464931029919381,0.9847935575445572,0.1487551394600893,2.581267122097639,0.05675239952418874,0.9544080616322136,0.1534910578410328,0.4536300164516939
46,0.0970217759344701,0.6408619665644719,0.15139262586385602,1.6548760280561725,0.058627821232284376,0.4257432695629539,0.22788798525004908,0.4457645509514057
47,0.07765483745507384,0.5147865847351516,0.1508486035917697,1.0492456267819938,0.07401016070301765,0.31671736208492796,0.24518655038005352,0.447383849695565
48,0.06833266034336016,0.4345469902886016,0.15725033625932483,0.691895052034742,0.0987615970693905,0.2449927625360324,0.2789170571245349,0.42912573744588484
49,0.05120582792050656,0.33217163814882067,0.15415472617070683,0.5368981095397871,0.09537345542974375,0.19065412696582223,0.26857969840687484,0.43778768993733874
50,0.03821970836838556,0.24755546590903219,0.15438846493670208,0.39127877722515814,0.09767897108917908,0.14235535102247926,0.268481009627452,0.4371413814749987
51,0.058412220592179535,0.3888610306925979,0.15021361355788698,0.6652441256519523,0.08780569168488998,0.2403220648825228,0.24305808382902053,0.4493012973284128
52,0.053892575189948014,0.35669233402027334,0.15108980499391647,0.6322341023558113,0.08524148727367782,0.2300771461270442,0.23423697701895854,0.44670023285520705
53,0.05633282667526853,0.37224964246431447,0.15133077442960566,0.6780335677310333,0.08308265159169081,0.24908251773823809,0.2261613026349322,0.44598419879050755
54,0.059748359557587435,0.3943689123709451,0.1515037257840138,0.6997528761971418,0.08538494315635295,0.26826305380379145,0.22272302767897212,0.44547088804132645
55,0.055868222582880614,0.36902596759409,0.15139374322929178,0.6201922618059826,0.09008210199236266,0.24959457404963736,0.2238358858384878,0.4457853484137158
56,0.055639106497336555,0.36714491517656295,0.15154535497401417,0.6186101757880486,0.0899421132645576,0.24879097393498814,0.22363796249246434,0.44534044922168103
57,-0.1372763478418823,-0.6301165663117976,0.21785865533640725,-1.5292527787982004,0.08976694353288289,-0.860810988081136,0.15947327548395943,0.3095850595846088
58,-0.13022951491890006,-0.5978422195453574,0.21783258301485636,-1.3494718503805814,0.09650406185365958,-0.8031219964786459,0.16215408803382553,0.30960338992730835
59,-0.007872312580986604,-0.0330854608897956,0.2379387310700763,-0.05887354977184805,0.13371560932700816,-0.042941780286362606,0.18332524940719988,0.283444538275674
60,-0.05666931320108768,-0.23344087680377107,0.2427565984886338,-0.44400353407883525,0.1276325723817904,-0.31806900742047634,0.1781667244497443,0.27781514297296944
61,0.0025859403560428832,0.010476519406943512,0.24683201124306628,0.016724817776349953,0.15461695252067748,0.014498396704689468,0.1783604358960924,0.2732389888113592
62,-0.01688437377253443,-0.0670216642001527,0.25192411996979275,-0.11155581501528646,0.15135359613679278,-0.09158172521638078,0.1843640063849158,0.2677089955604742
63,-0.03707811864756661,-0.14617704573441687,0.25365212753671557,-0.2412316810030312,0.15370335477246336,-0.19830364164576658,0.18697648888263954,0.26588265273548245
64,-0.15760446377673012,-0.7494286312617774,0.21029949644621793,-1.3933217650160243,0.1131141906585501,-0.8766055978086907,0.17978947906641765,0.32071230601643996
65,-0.17649387559141647,-0.8430097969349767,0.20936159488669603,-1.209409422532306,0.1459339346156797,-0.8705815827062714,0.2027310008589561,0.3221206002940296
66,-0.06779531682982377,-0.3648018920406741,0.18584146165082072,-0.7530298310506712,0.0900300546330705,-0.3493495283512062,0.19406156679183534,0.3630211249556755
67,-0.042952291237119265,-0.2841308392030298,0.1511708174923845,-0.7361577419187383,0.058346586324240016,-0.3472820454952452,0.12368128958658572,0.4464631926443342
68,-0.008973583033023579,-0.07949117501040077,0.1128877895168798,-0.24464270820185702,0.03668036173642825,-0.12164339606464482,0.07376958654010907,0.5984212783530202
69,0.004184430610720579,0.03666612876439405,0.11412250902211471,0.10693784735182259,0.03912955716187102,0.05957770147798454,0.07023484469716966,0.5919117361710359
70,-0.014750906386952858,-0.12658402328160903,0.11653055420854179,-0.4066745969470476,0.03627201329438718,-0.1842706230392397,0.08005023342115532,0.579583462662121
71,0.028528058452261053,0.28602240199976375,0.09974064357478062,0.7048913279354575,0.040471569618846535,0.44702585475808776,0.0638174686063724,0.6776829385691929
72,0.02982961425421083,0.35580299564732054,0.08383744549407497,0.8630355558007592,0.034563598282499164,0.5871334338658087,0.050805511206892855,0.8070719997416439
73,0.02081942162401659,0.26558017157622016,0.07839222898476636,0.7048076709923247,0.029539152992906787,0.4540706186252757,0.0458506249249259,0.8636290404778304
74,0.02495573297224903,0.3264844222971316,0.07643774485980516,0.8977788293918317,0.027797194760266736,0.5949974373475374,0.04194258900256811,0.8859492610020615
75,0.02024041149970121,0.2680829425578082,0.07550055705366879,0.707376516389576,0.02861334951152681,0.4761790010352524,0.04250588844887508,0.896972888260481
76,0.027096310420209872,0.35844314421881146,0.07559444463434609,0.9958734431687188,0.027208588205739785,0.6399264127140336,0.04234285361857459,0.8957894344000484
77,0.02576177618094287,0.34074331355361426,0.07560464184101849,0.9574191360141439,0.026907521702764767,0.6100328135892071,0.042230148292138774,0.8957082026918912
78,0.026601334123604024,0.3576489169381131,0.07437834385559475,0.9962135913659748,0.026702440474767226,0.6588638700482187,0.04037455282174938,0.9106273065634721
79,0.029572258376837537,0.39765222479203444,0.07436713925667923,1.1616636388658566,0.025456816747496048,0.7554037840797336,0.03914761747303632,0.9108519986396258
80,0.018568849162020624,0.2558849543660687,0.07256717851201229,0.695126635960036,0.026712901220329845,0.4638841189676096,0.04002906847370902,0.9337486277423696
81,0.02243507369555952,0.3122255558438422,0.07185534071650525,0.9028141921974944,0.024850156199861504,0.5743382503402186,0.03906247526134598,0.9431240357816884
82,0.018050808385476333,0.25053201909663,0.07204990583863914,0.6650806538919821,0.02714078101632471,0.4562380247916488,0.039564454088892816,0.9405429966438893
83,0.022530047590617053,0.31705929715367837,0.07105941315354887,0.892110774659987,0.025254764576970838,0.5968931979400699,0.03774552577977132,0.9537726342139482
84,0.022179135734134815,0.3121204460628789,0.0710595413210023,0.8410545534786451,0.026370626783245824,0.5844480457750316,0.03794885772048951,0.9537083011124271
85,0.042184748116264895,0.5873217460215587,0.0718256192657924,2.53073218620479,0.016668989451439038,1.311654286169323,0.0321614838308234,0.9433084658549213
86,0.05446993728337871,0.7646241030350798,0.07123753628373354,2.9224498622169115,0.018638450564232748,1.7806666093242685,0.03058963255566919,0.9511868193710435
87,0.045059307131825495,0.6192364577068907,0.07276591449199502,2.2633458395729535,0.01990827311672672,1.4892428213758506,0.030256521290595875,0.9310501168330036
88,0.06519792514515947,0.8873347102444737,0.0734761352085466,2.283687233267766,0.028549410880520043,1.974151284084951,0.03302579983143475,0.9219077620888947
89,0.07684922951593154,0.9343489757946354,0.08224895783780745,2.3503917254672135,0.03269634958430402,2.032381117782127,0.03781241069578262,0.8227218345475137
90,0.07785913013475594,0.9461683741649031,0.08228887401090226,2.385312208582363,0.03264106470197842,2.0417773574302633,0.0381330167324158,0.8223103224298173
91,0.07471775205885518,0.9098887384083404,0.08211745997599468,2.320359209941141,0.0322009418794905,1.9963029512275718,0.03742806271608703,0.8240801256744994
92,0.06982014001813577,0.7825020801885775,0.08922677879822327,1.7011258261359574,0.041043489520542736,1.576764875858802,0.044280628701922016,0.7579917807719466
93,0.05793898117630466,0.4874806613739568,0.11885390696936475,0.8302110541548453,0.0697882555120716,0.7352645609534731,0.07880018193882594,0.5682441574223563
94,0.09984551749454078,0.7525822304754956,0.1326705753223226,1.4131309430694714,0.07065553124020174,1.189330797410176,0.0839510064920198,0.5088274989575606
95,0.11058655621327666,0.7864755745136086,0.14061028695222771,1.4300667804836682,0.07732964482670857,1.1643789830053357,0.09497470997616754,0.4800165070194007
96,0.1262946919769791,0.8746836113177017,0.14438900002564067,1.6428280558317268,0.07687639100675021,1.3029802602318168,0.09692755587449164,0.4674053221466806
97,0.10313066335814468,0.7052836913132692,0.14622578776224196,1.2197511114411226,0.0845505795328171,1.1141855123117832,0.09256148300130253,0.46154064356562846
98,0.10985993823046541,0.7486313726653917,0.14674770820694474,1.3451567321496765,0.08167073442430739,1.1501315645167631,0.0955194532693518,0.45989055619542796
99,0.12685421254723286,0.836813120092624,0.15159204546552976,1.6466646599126036,0.07703706506579526,1.2518809350107347,0.10133089257896967,0.44513941790001693
100,0.08203428398648552,0.5436837658785884,0.15088602811952423,0.8098334470938977,0.10129772273652943,0.8168758725154606,0.1004244178908992,0.4471851191123385
101,0.12512093782110092,0.7138621718350449,0.17527324287189314,1.0151450515648848,0.12325424591118504,1.040430222079479,0.12025884597145321,0.38483665727325433
102,0.1302173483120497,0.7118092316275143,0.1829385494401563,1.0007474755819468,0.13012008672450234,1.0319796988921077,0.126182083283078,0.36867860998499496
103,0.12059334515201134,0.6884956543102501,0.1751548385193867,0.9859287423656616,0.12231446348004492,1.0595488017099437,0.11381575342012827,0.3850866814093873
104,0.07976637168794493,0.401805976812972,0.19851962462239245,0.5179202646411902,0.15401284161608592,0.47392642159139825,0.16830961105755046,0.3396976111425228
105,0.04235432408420001,0.21188001681066188,0.1998976813469307,0.2691256944265264,0.15737748182852565,0.22186981194989605,0.19089719197023844,0.33735050545954154
106,0.034104524784927044,0.17200246485103782,0.19827927939557818,0.21806689204283253,0.15639478540478424,0.17795896244665022,0.1916426366845735,0.34011863767104233
107,-0.13274586752849277,-0.6072254885948031,0.21861049975962565,-0.9021006870337175,0.14715194150332264,-0.5028285955365219,0.26399824653339754,0.30841256652953614
108,-0.14915889461598503,-0.7075267291252801,0.2108173281317458,-0.9594104476720561,0.15546932491501306,-0.5986247313370726,0.24916928220260398,0.3198598914335472
109,-0.34047337445847803,-1.341902602530923,0.25372435660853565,-3.1937411897930605,0.10660643872665809,-1.4667404571976548,0.23212925830721567,0.2656524195030441
110,-0.35879911644882106,-1.3608614577133769,0.26365587357562664,-3.2268153632824705,0.11119294910131873,-1.5063880931698046,0.23818504545785477,0.2556360453981825
111,-0.23955110788786216,-0.966579131009554,0.24783393330420908,-1.7942394459726114,0.13351122584310793,-1.1043396185063286,0.2169179696838789,0.2720513267269967
112,-0.21379808905110861,-0.8896160446449425,0.24032625123846352,-1.7312303623357141,0.1234948818496112,-1.1050385816927155,0.19347567821895353,0.280574073792068
113,-0.22243187221627864,-0.9244918743473767,0.24059905596606698,-1.8194254024738419,0.12225391154473374,-1.206420225392396,0.18437346086761042,0.28025988997694706
114,-0.20135167083724897,-0.8896232428322671,0.22633364456195146,-1.6287625212825063,0.12362248529558646,-1.1529372612014899,0.17464234838539086,0.29794971694995365
115,-0.20481878665028422,-0.9048464992863394,0.22635749468205563,-1.6623214381917863,0.12321250387835866,-1.1571474542916993,0.17700318649160898,0.29790898056132165
116,-0.20251381612818042,-0.9033326939898823,0.22418519497363468,-1.6004452789930579,0.1265359202131514,-1.1190177973675774,0.18097461595747816,0.3007892358679857
117,-0.1756783091324451,-0.7852242156434214,0.22373012145135177,-1.6013590079409499,0.10970576133226662,-1.0402826230213416,0.16887555866521575,0.3013933049344238
118,-0.15343057218026773,-0.6881257013039619,0.22296881498471122,-1.3590443544436666,0.11289592696411702,-0.9276218464682554,0.16540206848774164,0.30245165621264347
119,-0.16077437533940425,-0.7843327648625412,0.2049823525701886,-1.895109300056412,0.0848364658094488,-1.277271660289212,0.12587328157190944,0.3290052530568961
120,-0.1755546776571506,-0.8355369854821462,0.21011000195981375,-1.8727919119724685,0.09373955351625386,-1.3805108344446997,0.12716646133948392,0.3209636151167553
121,-0.08342439529566938,-0.4124652895586873,0.20225797759837777,-1.746585078678283,0.04776428947784224,-1.119388197543095,0.07452677764405108,0.33351506595986197
122,-0.10703969524709989,-0.5365266608910616,0.19950489518885928,-2.125952513061109,0.05034905276081447,-1.4092147358433913,0.0759569798161658,0.33811213978542015
123,-0.14494354052415379,-0.7508686651620305,0.19303447759785836,-2.273268612168817,0.06375997088433386,-1.83843584596373,0.07884068451035486,0.34942043147382784
124,-0.1374722735800414,-0.6674968921919513,0.20595193054548136,-2.0491585026351027,0.0670871840334751,-1.4422874150846416,0.09531544971012158,0.32748469278313314
125,-0.12681020218449449,-0.6394475220439446,0.1983121332289403,-2.085815571954905,0.06079645961490411,-1.4583054329652654,0.08695723085022265,0.3401153336429166
126,-0.13886301567384815,-0.7045188547753441,0.19710333475479314,-2.2211953475096253,0.06251724587373168,-1.6061760316158347,0.08645566422389586,0.34218693806867895
127,-0.15050243114876918,-0.7749719517617608,0.19420371383329255,-2.5267943229089367,0.05956259668001207,-1.9090503535217533,0.07883628154235285,0.34728875865372094
128,-0.13400323023795505,-0.7043802727094727,0.19024273596206429,-2.1070719167120813,0.06359689442734184,-1.793557809850441,0.07471363872521575,0.3545530297103019
129,-0.15481452865821368,-0.9208151860050824,0.16812768839083764,-2.6590018343575195,0.058222798742679584,-2.394070888513616,0.06466580810158545,0.4012569808675258
130,-0.057811914585238454,-0.36904000695835426,0.15665487073265327,-0.7335901448805089,0.07880683101959497,-0.4375212209722679,0.1321351098279707,0.43075319150666425
131,-0.06384951565355358,-0.41011877864052865,0.15568542329420626,-0.8629505970724421,0.07398976936821518,-0.48823299610394877,0.130776731935503,0.4334241652182666
132,-0.00505280514106017,-0.06241940755910712,0.08094926463817351,-0.15247395203715727,0.033138808783737844,-0.06435158442274266,0.07851873712800837,0.8361705248509077
133,-0.025688650175395292,-0.3740758894319625,0.06867229591942889,-1.118141541270072,0.022974417126311337,-0.41163669197624847,0.0624061233513108,0.9871416166498336
134,-0.02675249678550314,-0.3916527312947604,0.06830667744116671,-1.1702277653112318,0.022860931502841318,-0.42973440386136147,0.06225356067636112,0.9924662103384603
135,-0.009815093512163484,-0.14885610033213917,0.0659367905666163,-0.42965688877954983,0.022844026870006626,-0.1948550540904394,0.05037125445875239,1.028687873551369
136,-0.01397160309523863,-0.21262771007631986,0.06570922995043173,-0.6055142465360454,0.023073946113020022,-0.27925629237656735,0.05003147100584725,1.0322425741421979
137,-0.008806392154703364,-0.1390921877851018,0.06331334847007576,-0.3810188385956853,0.023112747356957297,-0.2128402799992118,0.041375589971672545,1.0717688770510592
138,-0.009528755981521392,-0.16162854962997877,0.058954658711817105,-0.4667698227721096,0.02041425027207383,-0.2792407656474202,0.03412379979487936,1.152148029018834
139,-0.0019013627418560629,-0.03468865836356852,0.054812230612324674,-0.09610264152069405,0.01978470843016981,-0.06286739434720295,0.030244020157018908,1.2408718953860012
140,-0.0006859029945013729,-0.012571853790892637,0.05455862006590134,-0.03727359993965591,0.01840184461956493,-0.024125027802873737,0.02843117944177744,1.2465853727727885
141,0.0037035820185396962,0.06998689632189836,0.05291822059811607,0.20032944811692277,0.018487456803545386,0.13565561976870114,0.027301353418711795,1.2860186067508872
142,-0.0009220776155991155,-0.017583119843009552,0.05244106983469729,-0.051932905966477774,0.017755170800461434,-0.034493944941216305,0.026731579040045913,1.2977214595914404
143,-0.0009817289490200137,-0.018658853598728407,0.052614644507791096,-0.055637368631929536,0.01764513623055517,-0.03583246791485155,0.02739774863827101,1.293480489189076
144,0.007521132732812987,0.14405808942635112,0.052209027363632525,0.4670243965895939,0.01610436796821627,0.2679649672229494,0.02806759708464179,1.30397204178818
145,0.006928976485779501,0.1327042899587033,0.052213658563229216,0.41693219968673473,0.016618952652219333,0.2485093425119976,0.02788215692713839,1.3037701076735235
146,-0.002334174661600151,-0.04594605111852221,0.05080250869827584,-0.1301977234797752,0.017927922234083758,-0.0799372305176917,0.029200094204959375,1.3408836438298126
147,-0.003436184845729754,-0.06762896894525434,0.05080936319628569,-0.17996257012696548,0.019093886263713004,-0.11782640244717231,0.02916311433059644,1.3406446465018613
148,-0.0034832540802572035,-0.06862380479898735,0.05075868483917995,-0.1815281556464611,0.01918850587035703,-0.11976409461031474,0.02908429351543903,1.341999867319525
149,-0.003559652713626025,-0.07034917933886681,0.05059977596155658,-0.18274143668514725,0.019479176579743636,-0.12461325467665078,0.028565602614767507,1.3462139936204456
150,0.0013858048591891008,0.02727550793449521,0.050807664609482106,0.06969778143303472,0.019883055539157656,0.05112790936855234,0.02710466507049238,1.3403053756579388
151,-0.007038797083717136,-0.13772414856294807,0.05110793682271334,-0.34314097262239807,0.02051284354043848,-0.26079235204392365,0.026990044104252087,1.3325195018936806
152,-0.006770353190702121,-0.13242169037303977,0.051127222221900616,-0.33105763756255885,0.020450678137346252,-0.24768891301738472,0.027334098681384766,1.3320841872398101
153,-0.013960681158212298,-0.2246235754765658,0.06215145106025956,-0.47542348013368735,0.02936472795640343,-0.3756014221537667,0.037168871933868676,1.0919840466918587
154,0.028645148349447005,0.42972679790795776,0.06665897609574362,0.7671344414192768,0.03734045403625806,0.634908222464819,0.04511699067030789,1.017395242724511
155,0.033101954352878424,0.4981083265908894,0.06645533227567586,0.8548026708852535,0.03872467351862304,0.7462696716123562,0.044356558509687054,1.0205885440114741
156,0.02949255313040423,0.43189049525871204,0.06828710854759036,0.6643344338436916,0.044394135886900915,0.6340167198890779,0.04651699585393267,0.9929080999973923
157,0.03173184801530994,0.46130859114051787,0.06878659670494668,0.719564984630371,0.04409865501113855,0.6795589488404643,0.04669476881947356,0.9856076911895133
158,0.023313869535387707,0.31562906110720473,0.07386477485186022,0.5081294146391019,0.045881755442058685,0.44756407577294943,0.05209057383599058,0.9171822292914615
159,0.033367420844736956,0.4152561599387927,0.08035382509354032,0.5735585342306371,0.05817613870831077,0.5423792035052916,0.06152046507146622,0.8424266420639634
160,0.018858878725940078,0.18378719904860139,0.10261258032967228,0.2386398490030174,0.07902652807034596,0.20303472659368393,0.09288499086996453,0.6586623953552458
161,0.023910455581685298,0.23208713923538163,0.10302361285704605,0.30154077219727443,0.079294270580572,0.25723556820353155,0.09295159199277883,0.6560146371851092
162,0.03706182910604971,0.336765617023828,0.11005229522415105,0.35722961484121396,0.10374791889111273,0.30820362413786273,0.12025111388525256,0.6139159006981862
163,0.07192700838965196,0.6321731831364588,0.11377737985150509,0.6811709173178312,0.10559318749671627,0.5497307485690274,0.13084043156923827,0.593679276855265
164,0.07372928128447731,0.643015131764738,0.11466181376187719,0.6973947746725465,0.10572101191767033,0.5374119354878533,0.1371932337482366,0.5890811097043007
165,0.06940483564693531,0.5798819958167555,0.11968786088828227,0.5651693249878472,0.12280361402917207,0.4491026220089884,0.15454114994132953,0.5642645534530185
166,0.06242673684163334,0.5301314053184237,0.11775709987250554,0.5166681836381275,0.12082558752128775,0.43849976106401445,0.14236435771402842,0.5735589051598359
167,0.16393315505451034,1.0813714907217038,0.15159744496787306,1.4308364736747623,0.11457155172560503,1.2197118252964179,0.13440318578092889,0.445081098045247
168,0.1080220388305584,0.815147376495807,0.1325184156206556,1.0003350669648037,0.10798585633743368,0.8216450234753139,0.13147044738816446,0.5094039276443229
169,0.06892789475123318,0.5147715981794555,0.1338999567866681,0.5151330637060313,0.13380600005626497,0.4779567008568858,0.14421368008369487,0.5041922340609277
170,0.08290518750693533,0.6116688981697006,0.13553932160849255,0.6090257091611925,0.1361275661435051,0.5558028808314351,0.1491629323383787,0.4980616906894023
171,0.10917675003409473,0.7989102971643944,0.1366570820548944,0.7406291808262603,0.14741081348198437,0.7447891965978793,0.14658745123157388,0.4939361829386791
172,0.08466280784111556,0.6106564071551375,0.13864229843347398,0.5285918065967544,0.16016670478909273,0.5456897713896373,0.15514824041050979,0.48688213290462806
173,0.054161049544746404,0.44268996914587905,0.12234532815198888,0.3932028495841394,0.13774327831557784,0.43266259363709986,0.12518079986867212,0.5519807529625337
174,0.0351537870854992,0.30614686794809404,0.11482654492307065,0.2897625490402047,0.12131929126776693,0.3162972454947208,0.11114161626831472,0.5882758203429287
175,-0.022528256413032577,-0.18426369351034125,0.12226096190657464,-0.27212976444795833,0.0827849774490245,-0.2952235672100451,0.07630913963248813,0.5523880802502625
176,-0.024025199257811703,-0.20871828879718696,0.1151082609783044,-0.3449138225813646,0.06965565797857869,-0.3665047355346742,0.06555222055388349,0.5868483706116996
177,-0.05209448902181927,-0.4424222188623908,0.11774835620998168,-0.7241890583436082,0.07193492972811781,-0.7736459859136577,0.0673363398380422,0.5736120968421555
178,-0.0351288364881862,-0.32375720024616217,0.10850364551422087,-0.48823116539751354,0.07195123740121058,-0.552446370162012,0.06358777681512183,0.6227083066303393
179,-0.030510229414226594,-0.29496821622751734,0.10343565081158843,-0.47180519876677185,0.06466700556495725,-0.5523467782696709,0.055237453379932015,0.653374122420931
180,6.599931130834304e-05,0.0006462688658022632,0.10212361263359489,0.000962318482381104,0.06858364721940936,0.0011829938591119587,0.055790070928928515,0.6618350444950323
181,0.023881433423569465,0.2464669283204289,0.09689508278579867,0.3220261907220396,0.07415991031668286,0.39588277681716433,0.06032450720784687,0.6977403460641473
182,0.020463631612763936,0.21333161046141536,0.09592404786380747,0.28634543287697706,0.07146484372794502,0.3467438949577346,0.05901655922524114,0.704848763407918
183,0.010240707315326343,0.10696958369083528,0.09573475900330838,0.1558820843289003,0.06569521673651198,0.18665756848304707,0.05486360611333283,0.7062535557535394
184,0.008807363043559049,0.09199822621452147,0.09573405277425719,0.13599702363296,0.06476143968657054,0.16095751181367332,0.054718558607905025,0.7062535557535393
185,0.007575535149027887,0.07894661106769923,0.09595769909023232,0.12173819329912113,0.062228089178341515,0.13918374298029515,0.05442830453338497,0.7045665118517896
186,0.004890124611067826,0.051084298252758356,0.09572656918711372,0.08049255548132392,0.060752507878849046,0.09009941499854561,0.05427476539272494,0.7062468728875122
187,9.252013715852771e-05,0.0009478029149730763,0.09761537519765476,0.0015013415024858633,0.06162497806484164,0.001705980419049887,0.05423282478825579,0.6924841183714474
188,0.0026668762973901705,0.02736069391244789,0.09747107679081418,0.04484480924443194,0.05946900750216253,0.04868815853955681,0.05477463879073308,0.6934787421314165
189,0.011791598244085506,0.11364818830928872,0.10375526807339129,0.20589284476543793,0.057270558661322135,0.21114316141643483,0.05584646059565763,0.6512960693222979
190,0.03665719410508821,0.34892506415603697,0.10505749764280435,0.8997100433748416,0.040743342118963,0.759741073398884,0.048249588430296995,0.6431001092976724
191,0.03138571947859555,0.3021075940628586,0.10388921065011435,0.776590989606842,0.040414735554020434,0.6755508781672696,0.04645944590249545,0.6503578893004339
192,0.031060376700918685,0.2932862736570973,0.10590463820081014,0.7487921554810985,0.04148063848366896,0.6509059052090821,0.047718689371763434,0.637916952071914
193,0.04649194506211134,0.43531581630386423,0.10680049591779245,1.458507888091222,0.03187637546681785,1.024533397281635,0.04537865255097303,0.6324555953087667
194,0.043760859808701376,0.3716073665666246,0.11776101268664059,1.0425598094810735,0.04197443581724393,0.8230779805613659,0.05316733145850293,0.5734163506367275
195,0.030909971761606,0.2433725626727619,0.12700680562404837,0.5051038843511855,0.061195276297093586,0.44125299929368017,0.07005045135349566,0.5314992856962459
196,0.020980587516812737,0.16214307290182794,0.12939552175328367,0.32743535426849035,0.06407551061089475,0.28006894786013314,0.07491222314046209,0.5216784830468999
197,0.04060684139539558,0.29510748523822034,0.13760017426401916,0.5988586609635224,0.06780705372126032,0.5038126651025872,0.08059908812956727,0.49049905528872967
198,0.05041123525132392,0.3587846049563586,0.14050556951142254,0.7508502318067365,0.06713886886606091,0.6184660483859271,0.08151010937930575,0.48035771492292356
199,0.019058834107187155,0.10725609107126408,0.177694655071141,0.20636115354743445,0.09235669494746387,0.14935728501639975,0.1276056544887948,0.37963425506004783
200,0.04278381093114486,0.2250377936327881,0.19011833630469455,0.36431847985828925,0.11743519282301214,0.2884807373131535,0.14830734048180796,0.3547849613045055
201,-0.018487980698742208,-0.09499083491891315,0.1946290998971013,-0.1653910562813679,0.11178343687031018,-0.09979824811783948,0.18525355953054432,0.3465999833000446
202,-0.16930386764871563,-0.7541559970891428,0.22449449225649207,-2.747732460791242,0.06161584872784979,-1.7189753332333555,0.09849115596688564,0.30040679739100207
203,-0.1699750148487346,-0.7168720662021527,0.23710648365646161,-2.7117367573575955,0.06268123717671024,-1.513706856380885,0.11229057603341185,0.28441974839629197
204,-0.15670873264533217,-0.6210582922125074,0.2523253205219441,-2.3117391156601523,0.06778824287903334,-1.1620326290271,0.13485742889727198,0.26726030757276714
205,-0.14948260686070458,-0.5913335858780175,0.2527889679033729,-2.2925519186577303,0.06520358629357689,-1.09396707044544,0.13664269327580258,0.26677169235241305
206,-0.03336335516876084,-0.14108379534707013,0.2364790023311043,-0.2726895215047601,0.12234923800758676,-0.20914732328074995,0.15952083270975156,0.28521162138137074
207,-0.02496229871511859,-0.10516046647222156,0.2373734118202343,-0.22057355632154335,0.1131699516996024,-0.15554313905392184,0.16048473026164758,0.2841359215301145
208,-0.012231159214140091,-0.05223104122631318,0.23417414102742842,-0.10195660060718832,0.11996436857740575,-0.07564233401407668,0.16169727406697856,0.2880169507702336
209,0.0017670644944638287,0.00739590649893911,0.23892466660000386,0.014354288365642714,0.12310359451140289,0.010184239915098611,0.1735097080582394,0.28227095348674924
210,-0.007564804008921177,-0.031701981503809235,0.23862243462643518,-0.0639060474314513,0.11837383648293301,-0.043965146148016054,0.17206366114314717,0.2826369797147248
211,-0.03381029101077453,-0.14664097360869857,0.23056510181796108,-0.30654816166310545,0.11029356962163693,-0.20688160021185142,0.16342821679720204,0.2925171312610967
212,-0.06090640319264218,-0.2483690380314958,0.24522542614558346,-0.46096282660043897,0.13212866564929246,-0.3178523703452307,0.1916185275777229,0.2750048379125376
213,-0.0452501956029129,-0.18175879272131173,0.24895739526777338,-0.3513747541425878,0.12878044045404122,-0.23099446709597776,0.19589298467530622,0.270874014833158
214,-0.03925018406574455,-0.15833499003659926,0.2478933055584987,-0.3138539474612531,0.12505875546010198,-0.1999467043745549,0.19630323084604692,0.2720314987560949
215,-0.0014965540139703006,-0.0057040505780144414,0.26236689059851315,-0.011828805842424578,0.126517759603665,-0.006914535568504091,0.21643594123474427,0.2570262123149573
216,0.07089451967910092,0.2693532130878531,0.26320279927745927,0.5254195095454213,0.13492936290172577,0.39644446341952966,0.17882585386008573,0.2561910873655172
217,-0.11881712663318499,-0.5945421150504675,0.19984644254023826,-1.0892909135799451,0.10907749725249569,-0.6709248061741926,0.17709454999989435,0.3374892182215988
218,-0.14095089780484926,-0.7296635732638279,0.1931724468228113,-1.3849951597863261,0.10176995696258956,-0.982895175650613,0.14340379452116944,0.349165144079997
219,-0.09179511684934297,-0.5105820544895227,0.1797852393012897,-1.1322881178862272,0.08107045848075091,-0.6694297680962237,0.1371243425735265,0.37525228739921285
220,-0.07694117420747354,-0.42459694694032735,0.1812099092137062,-0.9045912071094541,0.0850562923923754,-0.5502499961005801,0.13982948614761911,0.37231198247284314
221,-0.09496559620743028,-0.5444432017204489,0.17442700341805634,-1.2770896061064674,0.07436094989212,-0.7737117672560073,0.12274027645233922,0.3868000785124928
222,-0.12096863959033585,-0.7937344267686244,0.15240442585161865,-1.9348389047098522,0.06252129792091206,-1.2656644167456377,0.09557718301141675,0.44277931412610655
223,-0.11875518784669972,-0.7770117560711273,0.15283576717960098,-1.9336241284677134,0.0614158595242636,-1.2670414321902153,0.09372636508138397,0.441528872248151
224,-0.10544164717044315,-0.703260439787668,0.14993257292032328,-1.788678600503417,0.0589494653431684,-1.2208460866814592,0.08636768247917133,0.4500991961978249
225,-0.08361715195319305,-0.5770212078038682,0.14491174816856098,-1.5908627421623518,0.05256088393869727,-1.0320616717368727,0.08101953036631275,0.4657162948185504
226,-0.06741780986500755,-0.48678153578354433,0.13849705650089822,-1.2588183577302532,0.053556424126644506,-0.882813097697947,0.07636702495784044,0.4873484850982832
227,-0.09163454732639766,-0.6491982327080785,0.14115033391904266,-1.8768836661585786,0.048822710207684986,-1.3158307066069088,0.06964007365559417,0.47815971847775474
228,-0.08981549180278166,-0.6338925761727454,0.1416888210697479,-1.801203997498606,0.049864141944783336,-1.246030960421266,0.07208126816721815,0.4763475947311559
229,-0.09403256722604846,-0.6623213199604873,0.14197424179499196,-1.8047602383846428,0.05210252598994127,-1.3564030225690802,0.06932494668726638,0.4753773665518365
230,-0.09186160881193173,-0.647076837341232,0.1419639886808204,-1.8880621570931833,0.04865391134863893,-1.4374776967718652,0.06390471936936815,0.4753773665518365
231,-0.09029753022155011,-0.6337463862425691,0.14248212247318182,-1.7921251626363561,0.05038572757313189,-1.3086442099312934,0.06900082508009639,0.4736744183782174
232,-0.07345881790470324,-0.5073959449781413,0.14477612332488754,-1.4833157216579491,0.04952338658056963,-0.9994586368135178,0.07349860734497753,0.46615066684702855
233,-0.06604646647571895,-0.45317581529511086,0.14574137508355137,-1.3386022867234975,0.04933987273948348,-0.88158591086603,0.07491778811532718,0.4630483615006761
234,-0.06260579430400635,-0.4279267476785355,0.14630025966742488,-1.269058381778951,0.04933247768809997,-0.8262358378547728,0.07577230547945628,0.4612710331956588
235,-0.06411203549162076,-0.4379937844074176,0.14637658746313248,-1.3813207113998307,0.04641357721093576,-0.9117317065046829,0.07031897106815321,0.4609963898377732
236,-0.08695682558549486,-0.6025592876856268,0.14431248071785233,-1.9689730639955072,0.044163542496126945,-1.4667868569228029,0.059283886527264816,0.4675101354000765
237,-0.11149081163689216,-0.7948403703518894,0.14026817936730274,-2.302097840323794,0.048430092624217394,-2.1088009791125497,0.052869290531063304,0.4809353201506261
238,-0.08639246862787027,-0.5497235094445794,0.15715621970608112,-1.6277383140411643,0.053075158262623205,-1.1814840178741624,0.07312199515260118,0.42916855122726305
239,-0.09146344624901125,-0.5578731955422337,0.16395024349594695,-1.5241471148884833,0.06000959182716645,-1.130772978114288,0.0808857728467641,0.4113683955104973
240,-0.16268855156651377,-1.0038944175954396,0.16205743225088418,-1.9849908946864814,0.08195934399598823,-1.7824877272601751,0.09127050306067407,0.41619170876490724
241,-0.1395493666035979,-0.9331956371093675,0.14953924027748447,-2.0471046473271772,0.06816914161462236,-1.548036967785961,0.09014601686365714,0.45116352314154384
242,-0.12184460225871925,-0.796413802237769,0.15299157537998392,-1.7811835418603914,0.06840653946951268,-1.290092621786813,0.09444639880969259,0.4409566067578355
243,-0.09499007508709419,-0.5133775837436931,0.18502965087489787,-0.8284827453103163,0.11465546581964689,-0.695929434452434,0.1364938316796926,0.36455791648282504
244,-0.09659863865299963,-0.5232305596496064,0.1846196420898832,-0.8397186604712134,0.1150369084316796,-0.7110455998801005,0.13585435121079223,0.3653732553072091
245,-0.11928085708402421,-0.6546675904260433,0.18220064476752065,-1.085371057206499,0.10989868975410706,-0.898033589290559,0.13282449399053697,0.370233046278463
246,-0.1628060665172392,-0.858076704984891,0.1897336981314577,-1.8652419401884075,0.08728415494495809,-1.1698554842772635,0.1391676738753939,0.355486960862821
247,-0.21408579493840815,-1.0424241082561765,0.20537302739145438,-3.3291315284150604,0.06430679986991399,-1.379535895583868,0.15518682451376123,0.3283559866628341
248,-0.2286889885066712,-1.0992403862025248,0.20804274604275444,-3.7489956383953515,0.06100006790206746,-1.4327884313949808,0.15961113552823478,0.32413161685956204
249,-0.22999663133143636,-1.1043331541180312,0.2082674331326417,-3.769004656903546,0.06102317515319597,-1.4338611577823748,0.16040369744526148,0.3237777923303539
250,-0.24102723179149158,-1.152347752475524,0.20916188821795012,-3.8660257655080685,0.06234496260782578,-1.4788231400676508,0.16298584006500294,0.32238057194301434
251,-0.2446088194455772,-1.1719551455935038,0.20871858480701658,-3.8406245202832805,0.06368985516645483,-1.5124577634535017,0.16172935559340487,0.3230679372350552
252,-0.24562657622346903,-1.1768275078890833,0.2087192681823507,-3.8854633454307113,0.06321680437735305,-1.5075080317791691,0.1629355008699882,0.323059067220333
253,-0.2147391556365246,-1.060665232374721,0.20245705155786578,-3.398468049363352,0.06318704560919809,-1.4062443688896022,0.15270401104332015,0.3330892349427158
254,-0.21437207918495846,-1.0588454224323314,0.20245833305159192,-3.369190973786938,0.06362716772448382,-1.405944225296925,0.15247552166565118,0.3330892349427158
255,-0.21052550212556997,-1.039972091785073,0.20243379970342362,-3.2129405699199953,0.06552424408236478,-1.3927391568631597,0.15115931873397787,0.333143547709863
256,-0.18236390527826413,-1.0059469686125304,0.18128580429025268,-3.070515785553513,0.05939194520225856,-1.4853074322079414,0.12277855838045344,0.3720755730892442
257,-0.04404128918393835,-0.3446962367098898,0.12776840734993364,-0.8152546820103305,0.05402151027864969,-0.38343017744091523,0.11486130141836554,0.5284799271125128
258,-0.0072706170554685656,-0.06023948285362909,0.12069521036783855,-0.2003947626520742,0.03628147242596268,-0.11483228210047443,0.06331509678704302,0.5595611448079375
259,-0.031395109648954055,-0.25374143935325183,0.12372874422473283,-0.6258644596267036,0.050162793502733234,-0.4039039060577675,0.07772915581673982,0.5457648804045208
260,-0.037005861632149015,-0.3049165339480399,0.12136390622377694,-0.7790598915599427,0.047500663341878246,-0.48357396795920427,0.07652575217876686,0.5564183965617441
261,-0.04340521670514284,-0.4065855222150598,0.10675544094308415,-1.2849972696465968,0.033778450530934014,-0.7034701595545598,0.061701574850917915,0.6329418113024339
262,-0.06080616416441317,-0.5658209924810518,0.10746537327607097,-1.2657283588197499,0.04804045334112046,-0.8413937325816975,0.07226838257736728,0.6286738000187577
263,-0.039744381186161755,-0.3920432204271364,0.10137755001313302,-1.2433150466464782,0.03196646038617644,-0.6164491124219229,0.06447309337507665,0.6666591386037491
264,-0.04113666863076884,-0.41082490680427564,0.10013187601200403,-1.2620095232611817,0.03259616339856678,-0.6515576070991755,0.06313588880331698,0.6750034923772702
265,-0.04336109324722236,-0.43249496808225846,0.1002580294505884,-1.3505505229688246,0.03210623557562628,-0.6816851191678611,0.06360868387468047,0.67412889778627
266,-0.03472913793472524,-0.34249948945894765,0.10139909402372384,-1.0669594460714338,0.03254963256813427,-0.5386064113334348,0.06447962223239391,0.6664871798033453
267,-0.03609133126812319,-0.35736641806555297,0.10099250921082022,-1.146445485432155,0.031481070601903485,-0.5542489840908257,0.06511754158165285,0.6691412776219584
268,-0.03789448749625123,-0.37454080079139496,0.101175859655827,-1.199756787259688,0.031585141170823776,-0.5879715474888942,0.06444952593044818,0.6679532227734676
269,-0.030297389549103063,-0.30864489072176227,0.09816261490106962,-0.9339676439541125,0.03243944235673289,-0.4978201962286095,0.06086010527220528,0.6885803671289065
270,-0.029830309198251238,-0.3043188657278125,0.09802320052326932,-0.9180114171272448,0.032494486061622134,-0.4866553987860928,0.06129657509740895,0.6895347461290057
271,-0.029149616193316814,-0.2983454514400275,0.09770424202085207,-0.89378980179612,0.03261350278861881,-0.47806046782223494,0.06097474724506188,0.6918013175415332
272,-0.028872899933926815,-0.29522039463382876,0.09780116976585845,-0.8813498738694652,0.03275986165081487,-0.47636321045882124,0.06061110367048948,0.6911255655744077
273,-0.025204256485051608,-0.26113295206699905,0.0965188662922362,-0.7532536932506226,0.033460514977741565,-0.4267335581822545,0.05906321638357551,0.7003387443423515
274,-0.02889596672187436,-0.29897441374291844,0.09665029980365267,-0.893581979881032,0.032337230799709564,-0.47876192463198747,0.06035560731795032,0.6993560462146337
275,-0.013202822897320663,-0.13851564223051932,0.09531647606519683,-0.3315979279178595,0.039815758138848044,-0.20578403300319295,0.06415863614217245,0.7091230160467723
276,-0.029914114481572395,-0.3204476503485234,0.09335101833025575,-0.9432193665358318,0.03171490699076522,-0.5138457234503307,0.05821613981859664,0.7242649217964267
277,-0.01389925941606935,-0.223255956746869,0.06225705964848473,-0.7518023522362761,0.018487916903592097,-0.5099890062710309,0.02725403733248842,1.0902794084343235
278,-0.03152854846973583,-0.4946069863691838,0.06374464845549581,-1.6275714314354635,0.019371529790203252,-0.5884220963673362,0.053581516847139944,1.0645245389923161
279,-0.037831292354234054,-0.5769017641077395,0.06557666262772748,-1.754033484022499,0.02156816999153067,-0.5841096093885647,0.06476745416641093,1.0343324724862528
280,-0.06858858854276818,-1.566516551719596,0.04378414544517716,-3.8150804245648833,0.01797828116574786,-1.736883148172904,0.039489466297671916,1.5612838674599465
281,-0.06832606175073225,-1.5454635831346826,0.04421072259247007,-3.6531120776642028,0.018703521900817203,-1.656831938112461,0.041238981564160594,1.545780732191529
282,-0.017405826774823656,-0.4396967016204711,0.03958598440851549,-0.5753220404415154,0.030254058685924883,-0.21524722032698634,0.08086435099316087,1.7338549404131642
283,-0.02082191975588506,-0.5299580668206373,0.03928974962264736,-0.859293280036917,0.024231447213215154,-0.29487698294405684,0.07061222462329429,1.7474317078276607
284,-0.0384659873251496,-1.0226552971239615,0.037613834723516745,-1.8745800846670881,0.020519788746171858,-0.6216716020952919,0.06187509160061875,1.8281608155048907
285,-0.04376768560545485,-1.2413564136781334,0.035257952609896615,-2.179598456495626,0.020080618737372775,-0.8332576773576872,0.05252599141269835,1.9559814243585043
286,-0.04360293091142835,-1.2352242701471232,0.03529960669104644,-2.14885958424895,0.020291195958561457,-0.8318349896796562,0.05241776488413893,1.953557274078027
287,-0.030412133061195196,-0.9983387280351379,0.03046273995705874,-1.8882839968041787,0.01610569867279823,-0.7544620097216671,0.04030969441710486,2.284230275775072
288,-0.058171053713389334,-2.0533681916497124,0.028329577690912645,-2.280373981763064,0.025509435811232405,-1.2586450358669137,0.04621720346540993,2.4677639873246844
289,-0.05583424822743474,-2.008277965250156,0.027802051903945427,-2.2956386954595334,0.024321879718209764,-1.233952110806937,0.04524831048015487,2.519121473517542
290,0.021079707869076078,0.9478110140696816,0.022240412441046322,0.5040908879750577,0.041817276153817515,0.26992471300817317,0.07809476810831247,3.2423249532319423
291,-0.002641045260392034,-0.13846544829202712,0.019073677173398546,-0.10285630817896603,0.025677037287754063,-0.044579220146963784,0.05924386410720806,3.905300480440133
292,-0.019128650391313274,-1.121776343208677,0.017052107139823053,-1.0595847535301077,0.018052968700789956,-0.4601030270037829,0.04157471102913653,4.575718959034121
293,-0.0380655161708941,-2.2745792784374452,0.016735189901599626,-1.8521297953344213,0.020552294049144094,-0.9100918559569895,0.04182601560681701,4.68823724315622
294,-0.04099367456632148,-2.4543861065418855,0.016702210975305606,-1.9293893471023715,0.021246968439981955,-0.9962464267013446,0.04114812707740892,4.691466023526225
295,-0.047087912196994125,-2.8450711663561274,0.01655069748476723,-2.0198051762251494,0.023313096110089974,-1.1585272098861885,0.04064463207697983,4.744377283066429
296,-0.04490607260922504,-2.7455238149085033,0.01635610383904886,-2.0885318187527324,0.021501263330545216,-1.1342309152725019,0.039591649288131275,4.8317178924486015
297,-0.052110869359604364,-3.218538775307218,0.01619084715070125,-2.255909023471884,0.023099721140086054,-1.328319837961544,0.03923066408431748,4.885747675199161
298,-0.04982640873568945,-3.0613884820375685,0.016275754948462628,-2.1583700763472664,0.023085201783381623,-1.2252435925145766,0.04066653279404656,4.845997886682798
299,-0.050133136050132504,-3.078227844831397,0.016286362991066516,-2.1264488785258906,0.02357598932022579,-1.2219978384951131,0.04102555214980684,4.844922105438549
300,-0.0383067283465672,-2.3514484002062774,0.01629069485139746,-1.4988538077623998,0.025557347986962332,-0.9006519180681521,0.04253222313536286,4.866096656434231
301,-0.03272762199768691,-1.9798770401776715,0.016530128555230873,-1.2743162508685935,0.025682495985889894,-0.7353621825949322,0.044505446122070476,4.750964848283496
302,-0.04326276125948206,-2.66076314620632,0.01625953115036395,-1.7998804280373217,0.024036464081482294,-0.9962272967092726,0.043426596924604606,4.861555921296372
303,-0.046667972163979256,-2.8536696332869758,0.016353670242558925,-1.9141999342767522,0.024379883902572567,-1.0565150179673373,0.04417161267973762,4.815480119195621
304,-0.04147914314566311,-2.5397560858130057,0.01633193966041237,-1.822127870387846,0.022764123100117082,-0.9758737308274471,0.04250462107479088,4.816214877338795
305,-0.03812257110393993,-2.3388257448545664,0.01629987663160022,-1.6794041455843307,0.0227000577580899,-0.9014667262300412,0.04228949332757913,4.836939760095809
306,-0.03788568182995886,-2.319009618621885,0.01633700935336057,-1.7654320174105087,0.021459722864621333,-0.8801445007335815,0.04304484297564998,4.804221486203878
307,-0.035877376614203975,-2.1954967128658214,0.016341348362745936,-1.6673595356759803,0.02151748069120472,-0.8284962121324042,0.04330421321041636,4.802977952561789
308,-0.036377456266436,-2.1633840242009232,0.016815071138316522,-1.4958102545409935,0.024319566038540658,-0.7233739159197985,0.05028859275383275,4.60613352308833
309,-0.029815809367314466,-1.7583943676224585,0.01695626983133977,-1.0731892799935996,0.0277824330927833,-0.5833463103349227,0.051111679013099445,4.557307117739573
310,-0.027946492151620678,-1.6313947304198013,0.017130429337864357,-0.9685873865418957,0.02885283510803996,-0.5105353824140906,0.05473957949686929,4.4958972760342935
311,-0.08414348793311656,-4.309211504492346,0.01952642330166368,-4.856849401965616,0.017324705991308448,-1.7438063894971303,0.04825276959638932,3.763689324160478
312,-0.08388299180212855,-3.864858441525315,0.021704026957588406,-4.206836572850833,0.019939683976191128,-0.9245094007912807,0.09073243790742822,3.3140066471136205
313,-0.15963731231983644,-3.947576405897625,0.04043932172695644,-2.300871169170186,0.06938124761561941,-1.4518723525680672,0.10995271866529482,1.6879712780797953
314,-0.07265759180914862,-1.7942280702601232,0.04049518175167936,-1.1073636995430243,0.06561312407037743,-0.6995615609868103,0.1038616125600968,1.69174150090634
315,-0.0966945071549993,-2.3690424266434107,0.04081586132334548,-1.3083474436422953,0.07390583260193671,-0.9200534787512268,0.10509661599914946,1.6774621895691424
316,-0.07578233382313926,-1.826705817366072,0.04148578994093852,-1.066826623447479,0.07103528554456824,-0.6728210517809801,0.11263371385681357,1.6503790171934165
317,-0.06106924055324866,-1.5548725256271003,0.039276043242592276,-0.9465524614727805,0.06451754449851461,-0.5910073353771886,0.10333076579205817,1.746980586178092
318,-0.01461903899064297,-0.3676764601077075,0.03976060633949874,-0.23088810154968156,0.06331655417720737,-0.12812738690658226,0.1140976909277149,1.7256329280029283
319,-0.014511484023047892,-0.36889587424639925,0.03933761539809234,-0.2457931587834193,0.059039413850548575,-0.13602619645146358,0.1066815393035402,1.7452249654487577
320,0.002131495613265935,0.05309206207730155,0.04014716192719163,0.03607745139073902,0.05908110276916856,0.019377375496636935,0.1099991902224256,1.7088985553288845
321,-0.04246437113011395,-1.089814769526979,0.038964760175295744,-0.8162604137452866,0.05202306814717701,-0.5095682104064098,0.08333402724680604,1.7610232294183656
322,-0.03001593466081671,-0.7215695969138418,0.04159811442887155,-0.5274550706737645,0.05690709281166779,-0.3060203245012615,0.09808477495648489,1.6459008748829738
323,0.03140984432483378,0.672937934643295,0.046675692820740196,0.4404440312848279,0.07131404240672193,0.3590177113902904,0.08748828631100024,1.462613085615991
324,0.022993425774450044,0.4866951706230134,0.047243998219699615,0.34769547546735907,0.06613093179755403,0.26210233440970376,0.08772690188446777,1.4446018481234528
325,-0.049906045619545404,-1.0413545137464815,0.04792416507611649,-0.5658944576646663,0.08818967025317356,-0.6221771402211329,0.08021195635990082,1.423389121984134
326,-0.020548884258199646,-0.41308208009482905,0.04974528126100834,-0.24936167872062906,0.08240594290039839,-0.23438538763925762,0.08767135385515763,1.3703805479524056
327,0.018005794398647208,0.3483315098585455,0.051691546383384065,0.26359535980416454,0.06830846495941517,0.20509333380475916,0.08779317233093505,1.3175935622589565
328,0.02169505049155612,0.4228874863010853,0.05130218129961355,0.31259180017513993,0.06940377348158444,0.24826533313435223,0.08738654816464263,1.3277650436146218
329,0.058432119086952436,1.1281792302519704,0.051793294469622574,0.9468314719624553,0.06171332577891902,0.6735867181937619,0.08674773048322493,1.3145168112534051
330,0.07758609792561996,1.4818165780336017,0.05235877305987369,1.099656492483295,0.07055484913330658,0.8305749665992176,0.09341251668503278,1.2998088311081
331,0.08067126393428088,1.5772067779106276,0.0511481849203999,1.1608734896876298,0.06949186509202486,0.9005063068580604,0.08958434085347994,1.3311103505051605
332,0.08540946267991979,1.6682693867676242,0.05119644546460566,1.2080522687612956,0.07070013846958491,0.9374038311952673,0.09111277321217652,1.3294496111793337
333,0.04366909975030623,0.9468927746984585,0.04611831552333137,0.7895501654045354,0.055308834908459364,0.5692970639931149,0.07670705245519124,1.4805758398559394
334,0.0426234365241188,0.9151895818637914,0.046573341052807665,0.8566241357726511,0.049757454575656626,0.5520303364392039,0.07721212714332956,1.4655330937157292
335,0.014946549736367153,0.31624305760319404,0.0472628548738652,0.34126896655394745,0.04379697892631095,0.2137728477974559,0.06991790533907567,1.444080405290215
336,0.01639313034477609,0.34682842488869625,0.0472658212775869,0.3691432492726051,0.04440858766096541,0.2346876676292554,0.06985083839459733,1.4440531686946592
337,0.023253260965128284,0.49516092674834716,0.04696101753793299,0.5228497324716314,0.044474080258595054,0.3254674152264328,0.07144574196145143,1.4536403107324454
338,0.02360361041074153,0.4512679071740223,0.05230509423671309,0.43616075740502097,0.054116767751352525,0.2545979856813169,0.09270933682989319,1.3018680394702409
339,0.010173783928800804,0.19314172714283181,0.05267522497237019,0.16135656915162852,0.0630515632694222,0.11438104453459365,0.0889464156425309,1.2924452219678755
340,0.01697644578543064,0.3197065288940381,0.0531000910245947,0.28090724875814316,0.06043434571546817,0.18696573362407895,0.09079977093323521,1.2817924828660656
341,0.013715156466635832,0.2587855697875249,0.052998150081925426,0.23194237976168589,0.05913173987749785,0.15248648536766216,0.08994342307495014,1.2844393768480067
342,0.06700683310247141,1.1519576317314448,0.058167793030510236,1.4836060690932944,0.045164841596679786,0.6936573302145199,0.09659932964558873,1.1677277072521652
343,0.06544132700530124,1.0991307957138106,0.05953916245500296,1.4554840960291076,0.04496189768327947,0.6903876428300078,0.0947892501914532,1.1401201964323366
344,0.06868571692485136,1.151892190061501,0.059628598507282304,1.4475053439940258,0.047451097303261386,0.6831082424400698,0.10054880421220691,1.138646588882955
345,0.04665771604809921,0.771117431379941,0.06050662862672372,1.003522334732138,0.04649394879741582,0.500719794852203,0.09318128927151986,1.1220449906169268
346,0.07807915935606546,1.234903719641131,0.0632269205398099,1.1403911965256595,0.0684669958817142,0.6630371615071952,0.11775985403077316,1.0729791133215163
347,0.02196418186554486,0.32854265729398757,0.06685336402417541,0.4494515129774001,0.048868857332446655,0.236109099588799,0.09302556277499285,1.0139131234885363
348,0.03328495248163667,0.4989078629314404,0.06671563018883642,0.7396813355848524,0.04499904334522497,0.3571721404354384,0.09319022598195388,1.0156413193051592
349,0.03206024598052175,0.47175168921920674,0.06796000250382667,0.7546205819329882,0.04248525252041,0.33657920975585326,0.09525319761662494,0.9967762979235973
350,0.017295070974223833,0.25383224276180805,0.0681358317054041,0.5119482581853352,0.03378284953156864,0.21277597066627815,0.08128300822722952,0.9937154683826267
351,0.014454957028249494,0.20642964158200017,0.07002365027363351,0.4201731399988524,0.0344023823804848,0.17152742620971362,0.08427198697995102,0.9665673168386689
352,-0.004595220138148674,-0.062135139275697186,0.0739552561033044,-0.10960873608330077,0.041923849342231125,-0.054574557611357544,0.08420077668558801,0.9148170039049067
353,0.005324413673021512,0.07361186286082663,0.07233091876900398,0.14827332969473705,0.035909449689862205,0.06862420574066319,0.07758798248453223,0.934934454621295
354,0.05077672102126408,0.5342466251027527,0.09504359716170054,0.869872399861747,0.05837260847606415,0.4678807540657206,0.1085249191808641,0.7100990818296289
355,0.042269746091038084,0.9801647646305922,0.043125143461945244,2.2809408440789234,0.018531715191459606,0.7142140386185426,0.05918358335940537,1.5833376530823773
356,0.017245438867271198,0.4138288931586698,0.04167287290077876,0.7306272053813968,0.023603608981777317,0.13744736359541462,0.1254694045499067,1.6412631766018124
357,0.01061025850331306,0.2559362278480474,0.04145664954323116,0.39733159471208,0.026703787578235792,0.07783470886912604,0.13631782860720293,1.6506341336600419
358,0.0011410695227111148,0.027123849063295073,0.042068864195799166,0.04584014306926223,0.024892363904427922,0.006575385818941274,0.17353651240116014,1.6262038331965127
359,0.0008405831396300288,0.019931629162455583,0.04217332827029523,0.034759637269490176,0.024182736232631515,0.004930005952528522,0.17050347357063678,1.6226623164673122
360,-0.007076723452520076,-0.16520675637183457,0.04283555714024392,-0.2704930490813631,0.026162311662180377,-0.03504623910036922,0.20192533162411488,1.5972825134900492
361,-0.007130760493010406,-0.16723550477368276,0.04263903471132134,-0.27279477788080636,0.02613965174995427,-0.03780789707182111,0.1886050546388386,1.6048717479999755
362,0.004039554071507959,0.09688555524441189,0.04169407979669859,0.1683317600533719,0.02399757520640884,0.029307153723817193,0.13783508659952584,1.6419870079391963
363,0.005390071933064756,0.12938590428435112,0.04165888056259209,0.22056011795525812,0.024438107773220193,0.03765954532191823,0.14312631464320097,1.6430283161798733
364,0.014361902360714881,0.3481111193775666,0.041256660765086745,0.47546761301774126,0.030205847816976317,0.19534949655157774,0.07351901394290482,1.6607094231555637
365,0.009005806039938311,0.21965694841890468,0.040999413425171806,0.3482787401110402,0.025858041283447358,0.10966593288060603,0.08212036138645706,1.6716266982207426
366,0.014704644310002369,0.3619324830496669,0.04062814198410728,0.5106255858309876,0.02879731199930407,0.2752109252403911,0.05343045265066481,1.687684251607636
367,0.007934980588803707,0.1985700767659579,0.03996060593840718,0.31642771199539627,0.025076756200541478,0.13471112960781909,0.05890367493691578,1.717014209608804
368,0.012135019832317736,0.30480733224209094,0.03981209947626715,0.458257921711659,0.026480763904727925,0.2745155427766219,0.04420521952810597,1.7236735829986047
369,0.010755067612838563,0.2708810937308127,0.039704017230255205,0.43787417759466046,0.024562004710847588,0.24851340887688758,0.04327761492405657,1.728539355050743
370,0.008675560374836456,0.21827768251448992,0.03974552173587671,0.3637134747809606,0.023852732924072015,0.19541602598404065,0.044395337235775004,1.726653501622842
371,0.008682594851237705,0.21845614932858065,0.03974525266477248,0.36502746182399626,0.023786141480566618,0.193420938391122,0.044889632546815494,1.7266715620317694
372,0.0035736478951462146,0.08957052134826532,0.039897589534521834,0.15830271360602433,0.02257477344349337,0.06358009814493162,0.05620702074098785,1.7198691112679185
373,0.007311404994391431,0.1834352172174495,0.039858240447494205,0.3039605840035601,0.0240537930875465,0.16734657307405784,0.043690198490983316,1.7215455624648304
374,0.009552755269514927,0.23937139346745756,0.039907672889131676,0.4030598573332607,0.02370058713541511,0.24765596288048378,0.03857268429319018,1.7192703653702424
375,0.00842419563311036,0.21160522907436147,0.039810904815352946,0.35918775746350906,0.023453459807761402,0.21005899162932018,0.04010395159839711,1.72361872018665
376,-0.013649444759195486,-0.18613743215274647,0.07332992940396103,-0.1722945543010025,0.07922156805577034,-0.13737162569675168,0.09936145612287271,0.9239520454888918
377,0.0021730211890443538,0.031568326005399786,0.06883548999945885,0.040503971844986705,0.05364958274612555,0.026882090002778015,0.08083527690070944,0.9849865041850762
378,-0.002938427102800636,-0.043667250941602814,0.06729132334733551,-0.04798960414208474,0.06123049263129401,-0.03834356296743007,0.07663416947706726,1.007859331734621
379,0.002003409459155496,0.03011761521249415,0.06651952503611212,0.03567408011786734,0.056158685873222834,0.025996651485258905,0.07706413498259596,1.019704814898132
380,0.000585907612530584,0.00882113827923447,0.0664208624764276,0.010552737314502627,0.055521860828030956,0.007855878934595769,0.07458205726037355,1.0211851033920234
381,-0.010351727713654153,-0.15930936840763452,0.0649787756810796,-0.1800353281309909,0.05749831336504354,-0.14717283931682243,0.0703372154923895,1.0441314603910357
382,-0.00858575638474925,-0.12770069476365065,0.06723343518717599,-0.1350549916658773,0.06357229954143566,-0.10815882918648573,0.07938100337556193,1.0086937258420388
383,-0.03909675832879122,-0.5544264206315656,0.07051748775654451,-0.7072529245151008,0.055279740773919485,-0.5232544660353009,0.0747184417268855,0.9610478032353752
384,-0.03877888339842479,-0.5500067924368648,0.07050618998105594,-0.7097782963088554,0.05463520595105717,-0.5181680034928576,0.07483843683327568,0.9612351073247911
385,-0.08442447299432623,-1.1711198234878883,0.07208867214192395,-2.6381978084251223,0.03200081234421296,-1.6951567037316382,0.049803344321193536,0.9394825559117872
386,-0.07148904379904372,-0.9808810784212683,0.07288247818390543,-1.937606912236437,0.036895535078644605,-1.4050424609248031,0.05088034403742462,0.9291419222615319
387,-0.08718007586990244,-1.1308654627808146,0.07709146555375859,-2.228141313011014,0.039126816311345645,-1.663236848193415,0.05241591175940831,0.8775191231102758
388,-0.0647417776889778,-0.8048162807940507,0.08044292745308537,-1.369081833337435,0.047288464511398585,-1.204750700363806,0.05373873422063779,0.8406113128020505
389,-0.06749427393559279,-0.8388550312609641,0.08045999775925004,-1.478693389900225,0.04564453618078794,-1.268766532828533,0.05319676409270033,0.8404648500991593
390,-0.06973366171521515,-0.8546047626610431,0.08159755803148175,-1.545173200487202,0.04512999687881444,-1.3013116250098273,0.05358721183689459,0.8288588149164758
391,-0.07172080788511342,-0.8746275683445367,0.08200154040520809,-1.6023143856724371,0.04476075889128002,-1.330303798203184,0.05391310464721318,0.8247356437888664
392,-0.07276111069211047,-0.8868946212225505,0.08204031116099458,-1.7360627425625086,0.04191156742682682,-1.3658292402899281,0.053272479857485906,0.8245614895689034
393,-0.06694973996344425,-0.8153287824964375,0.08211379433760733,-1.5380182106912184,0.04352987467772283,-1.1767081051687236,0.056895792311929885,0.823997893533502
394,-0.07453589093957508,-0.8861666669239051,0.08411046558353052,-1.5716881802911329,0.047424095869810744,-1.5112995338670556,0.049319072274743234,0.8039196068390155
395,-0.07155049531021392,-0.8417962953099798,0.08499739866860122,-1.474867574886888,0.04851316587911381,-1.3700556284703682,0.05222451835046888,0.7955390997826914
396,-0.07826691046108956,-0.9019879584772353,0.08677156909413984,-1.6812551997724905,0.04655266521803515,-1.5087006378221446,0.05187703146601054,0.7793442540939673
397,-0.08285953689072034,-0.9289936817920919,0.08919278840613713,-1.7069123138474809,0.048543522838586865,-1.497717310325862,0.05532388276442661,0.7580415184877675
398,-0.08518143953617731,-0.7041287028998044,0.12097424687472,-1.015323557567676,0.08389585654866437,-0.8968573666791624,0.09497768842729451,0.5580911604568654
399,-0.03309891955567035,-0.2554839216932294,0.12955382607369575,-0.3706245991221771,0.08930578173727542,-0.32625722566995446,0.10145038010331636,0.5210040240872332
400,-0.06130789341653702,-0.4512900566986339,0.13585030848015714,-0.6037369648175674,0.1015473575235907,-0.5806091461272829,0.10559236592373095,0.4967929597889478
401,-0.062151573614759,-0.4550215391770766,0.13659039905487208,-0.6042914143372713,0.10285033369689833,-0.5869650390327918,0.10588632964779832,0.4940819955699059
402,0.00928036511855896,0.06086565200169502,0.15247294349694168,0.10032606037639948,0.0925020386900596,0.08145180366465204,0.1139368890683804,0.4424327469868505
403,0.01618057558276662,0.10293961487023356,0.1571851187044363,0.16964508638046474,0.09537898166103248,0.1299861130949002,0.1244792631883185,0.42910531101761357
404,0.05246749449827795,0.3450361734564679,0.15206375022269253,0.5585795078024199,0.09393021721240208,0.40774550676189447,0.12867706358053546,0.44369241882997906
405,0.05380378440630639,0.3526271828950062,0.1525797982009978,0.5628140013384682,0.09559780723001164,0.3886760985064801,0.13842833303373134,0.4422540255610333
406,0.08917067951877145,0.5183731385766636,0.17202025506879878,0.6400387249004372,0.13932075677552574,0.4568089858698068,0.19520342698378007,0.39219658321027095
407,0.09050491172207949,0.5260463876902574,0.17204739703558217,0.6500723253927638,0.13922283442445854,0.47255488866416623,0.1915225382133317,0.3921163469443205
408,0.006793164601798735,0.03813800101042279,0.17812062567050171,0.070128410061853,0.09686751197991213,0.042475018216525336,0.15993317688927525,0.37878879655020997
409,-0.02574374800136116,-0.15133197676860105,0.17011439717545918,-0.29431941017093943,0.08746874012287978,-0.18814280529576694,0.13683089268755777,0.39663926383255377
410,-0.02940032848837242,-0.17193210423220573,0.1709996432583953,-0.35648271014114347,0.08247336449145554,-0.20167468565454086,0.14578095606274444,0.39458298436625683
411,0.06329672477036065,0.39326898972682234,0.16095020564506918,0.551517592963415,0.1147682786151111,0.36576218581095715,0.1730543156888157,0.4191852011513173
412,-0.023233502671568408,-0.19305009551236188,0.12034960464487655,-0.4772098428961465,0.04868613465842664,-0.1781671589133391,0.13040283525466798,0.5610535166870614
413,-0.008547809667815522,-0.07114101617465177,0.1201530442976887,-0.1652160310860547,0.05173716867319791,-0.07005287665570799,0.12201939557494297,0.5618054169682035
414,0.007810195165832289,0.06464646064699463,0.12081396394584179,0.13886496760029804,0.05624309212610601,0.0552365844058589,0.1413953315513815,0.5588289485329384
415,-0.04734315065931288,-0.6366856150873691,0.07435875656279155,-1.4127280782109963,0.03351186359887865,-1.0113706609936683,0.04681088001188248,0.9108334923262325
416,-0.04730124078460425,-0.6804248386065067,0.06951721645182152,-1.8355281449492844,0.025769825929806804,-1.2340712547976989,0.038329424334868197,0.9749264336392057
417,-0.03581824380134769,-0.5136014431142011,0.06973937531048444,-1.6074906555726742,0.0222820852346338,-0.993910447784328,0.03603769724042584,0.9716395079212884
418,-0.03231706424210549,-0.46282006084865573,0.06982641198146619,-1.4278119122579465,0.022633978582654615,-0.7780707511109608,0.041534865815174106,0.97057906076626
419,-0.013240508961278085,-0.1970529809886416,0.06719263466529991,-0.5335131735471026,0.024817585802516483,-0.24541932765056976,0.05395055510921308,1.0091393113926448
420,-0.015752679599154735,-0.22930939401403136,0.06869618083849995,-0.6388256925715194,0.02465880721820084,-0.30506603875707866,0.051636949374422016,0.9867134876674628
421,-0.038135227114650797,-0.5861105619109025,0.06506490343787376,-1.7795564187491466,0.02142962522169211,-0.9126057380967203,0.041787187525451575,1.0425458953485018
422,-0.030148838801933177,-0.4668826125584469,0.06457477316776063,-1.5929873463939408,0.01892597506827745,-0.6927058108627365,0.04352329420246098,1.050529911959355
423,-0.032200965073112396,-0.4970911426214412,0.06477879469607645,-1.7122410697659203,0.01880632677355098,-0.7354052162457618,0.04378669658817228,1.0472064329251267
424,-0.03320554556642379,-0.5127617203121606,0.06475823808807105,-1.740121036340154,0.019082319489833962,-0.7691209256544791,0.043173374249527434,1.0475206964424741
425,-0.033346864781375926,-0.5131801949992068,0.0649808100669736,-1.7726162288759526,0.018812230328344542,-0.7637793088908749,0.043660340615669084,1.0439153251743745
426,-0.03157664183765926,-0.48764523177485525,0.06475330789707819,-1.6479957827174099,0.019160632672003543,-0.7600512491592992,0.04154541140822611,1.0475016008382236
427,0.008541811738058644,0.1339056533526761,0.0637897767882997,0.1640842497202581,0.0520574750630929,0.10202627164331976,0.08372168854626498,1.0638380452178537
428,0.0026823509289972606,0.04229862366106295,0.06341461486999726,0.05671978904744992,0.04729127124844018,0.03277712064819707,0.08183607577332469,1.070279277937708
429,0.01902938174682939,0.30274537396573437,0.06285606117629132,0.31415904302038167,0.06057244624849084,0.19611450462173116,0.09703199558611726,1.0799364437332202
430,0.022115554561256738,0.3504602681900554,0.06310431329483382,0.34528157312247554,0.06405078139924972,0.20448036181512777,0.10815490722405693,1.0755723465566764
431,0.00800685971951129,0.1295592625462534,0.06180075096253959,0.1388248956081824,0.057675964274518515,0.07939810600658495,0.10084446748449181,1.0985333815181566
432,-0.011097061016609504,-0.177345784497117,0.0625730182878404,-0.18707583238633316,0.05931851738974382,-0.12464744957491877,0.0890275818274137,1.0846591258306824
433,0.014379240605066575,0.21645327724139585,0.06643115220210027,0.21552557857100574,0.06671709548539399,0.09708685537962271,0.14810697646804816,1.020768886017519
434,0.011593459753686435,0.17442201293562445,0.06646787041705189,0.1771596170143247,0.06544075872973362,0.08421136644725424,0.13767096109226531,1.0203287096177251
435,0.006187142837546733,0.09302405579904763,0.06651121351784875,0.09541289535328686,0.06484598140154431,0.050615220357056914,0.12223878102081806,1.0197999165654947
436,0.10367974777531344,1.0259262177584654,0.1010596531998589,0.8070806891314939,0.12846267934732036,0.6562586208972774,0.15798611168498797,0.6686119732007128
437,0.1152048992864688,1.0349026247486146,0.11131955464356168,0.7686111696484826,0.14988710005236683,0.577132872828687,0.19961590252486902,0.6067438597439919
438,0.10805866229147734,1.0102129975935803,0.106966216578962,0.8062407845443538,0.13402777974392177,0.599507064118206,0.18024585323346784,0.6315591791552078
439,0.08004998550756684,0.7596309592429963,0.10538009876182504,0.5553188912483242,0.14415138179005432,0.45087206387056594,0.17754478913678534,0.6411881402160716
440,0.06690503562416836,0.5987447580932111,0.11174216512097253,0.41358536967992154,0.1617683809172141,0.33611014496448843,0.1990568765225375,0.6045524684299671
441,0.13972051925854637,1.256199200295822,0.11122481149935744,0.8560459227144489,0.1632161494508431,0.6496642770700014,0.21506572577560928,0.607172379172131
442,0.24992896043063195,1.9751566473032416,0.1265362728429007,1.5481924211662539,0.16143275022775294,1.0442122620391785,0.23934689288417368,0.5330955211309211
443,0.2669083337380317,2.1143908242069935,0.12623415249550007,1.721287285026584,0.15506321115589342,1.1531535796905195,0.2314594850493929,0.5343289504424824
444,0.26023697753484143,2.0619413764580186,0.1262096878728307,1.7117796539034276,0.1520271472682915,1.1063698873747463,0.23521697445358503,0.5344654252811977
445,0.28152185437839355,2.236273846455394,0.12588881045343342,1.8206894082525922,0.15462376674590772,1.239235371357083,0.22717383709770952,0.5357053499902024
446,0.26939298954445134,2.1402915011926167,0.12586742945731447,1.7479386777490116,0.15412038933275082,1.1609646720994222,0.23204236616200943,0.5358750281016506
447,0.18817398483754455,1.5613259443221286,0.12052190993293391,1.2719403485043548,0.14794246055549223,0.8285662604790753,0.22710794997703954,0.5600417209396608
448,0.061319047847876014,0.4754877571154131,0.1289603085048356,0.4700433923653433,0.13045401519061353,0.30035249113700835,0.20415694777741933,0.5234893214529275
449,0.09825464515693833,0.7556533580070962,0.13002608155685008,0.7741053191788344,0.12692671490898186,0.4543947326561933,0.21623191928873065,0.5190572313321226
450,-0.013061883601442953,-0.09475770535959065,0.13784508132478673,-0.0780942995304239,0.16725783674331204,-0.06762409864990118,0.19315427284385756,0.48952003053231274
451,-0.012869254591676156,-0.09400606116462908,0.13689813648439905,-0.07802635872475977,0.16493470670690685,-0.06741248887524594,0.1909031220534239,0.4928271899346208
452,0.09297029803726697,0.9272529551899205,0.10026422403606657,1.5895806918844422,0.05848730958542974,1.1660708482845312,0.07972954488489316,0.6734649480368986
453,0.08585561356703926,0.857129758155212,0.10016641325325708,1.498569032177114,0.057291730793548185,1.0855247411268518,0.0790913466218329,0.6741223965520323
454,0.13509747078370601,1.9345872245682858,0.0698327111168915,4.1036799320612225,0.03292105452187359,2.0183740264950036,0.06693381355997173,0.9693048536501432
455,0.06947884002624446,1.0570235806398371,0.06573064338279716,1.726671835760377,0.040238589978302375,0.6427512676410545,0.10809599844312565,1.0316818189141808
456,0.06904090369489954,1.0501659411710338,0.0657428516658162,1.7152160894610495,0.04025201496132967,0.6397337035113394,0.10792131681659285,1.0315026222582109
457,0.0627519278411511,0.9634361618050685,0.06513345702488554,1.5232804354543006,0.04119525622505358,0.5837420207023694,0.10749941860557993,1.041359480747055
458,0.08371650338796816,1.31252120862402,0.06378297191535079,2.1585930038619656,0.03878290314023529,0.9026559544114708,0.09274464205196661,1.063457331274413
459,0.062206986103434316,1.1417065929611492,0.054485965559761936,2.12097177842401,0.029329473751723973,0.8775964514963522,0.07088336102244698,1.2481974612494509
460,0.080455042590362,1.4878937386849682,0.05407311053104495,2.6917152816557346,0.02988987844987539,1.1216649461080106,0.07172823120623277,1.2573013028663904
461,0.08700753310829487,1.6352084889534226,0.053208831593078404,2.805334272305371,0.03101503231441782,1.2595236504534757,0.06907971364965548,1.2778373870231572
462,0.07588124116444447,1.4204674670280335,0.053419907830206524,3.0093897907320706,0.025214826407045608,1.160443547089114,0.06538986007099347,1.2733179690184087
463,0.07433989181712973,1.3961447988465758,0.05324654855180178,3.029761918796459,0.02453654571203419,1.149249586949285,0.06468559367897364,1.2775777557865562
464,0.06276317214088051,1.1808404597609725,0.05315127172521267,2.6602879512767457,0.023592623539402464,0.8919020361198927,0.07037002899323312,1.2798804498282998
465,0.06730506505790518,1.2829795499225742,0.052459967161570836,2.8947618148181147,0.02325064007455623,1.0466340575798834,0.0643062057559389,1.2971670927515935
466,0.05855934184238511,1.1318033813060577,0.05173985412096036,2.3499150079826214,0.024919770137839036,0.8780768719177209,0.06669045013620668,1.3155788716653969
467,0.06246134512134449,1.2063669783533555,0.05177640489347762,2.6787741248469277,0.02331713769443465,0.9495326790393592,0.06578114318775899,1.314549638292626
468,0.07284709044611616,1.3885784402834034,0.052461631502249424,3.701539158608596,0.01968021607354798,1.185881761159169,0.06142862874871269,1.2969866266588579
469,0.06895091040603221,1.3223807668363954,0.05214149519959163,3.365145987366475,0.02048972337749674,1.0980959122168004,0.06279133693052036,1.305129134029278
470,0.06559539032458775,1.2578876561733985,0.052147256555592984,3.0317372372743834,0.021636238628503255,1.0939618088484107,0.05996131655970565,1.305251695976635
471,0.06464349139840173,1.2422585702141276,0.052037066153835555,2.9303750571728377,0.022059801266793598,1.0225542555315155,0.06321766404932769,1.3079243609354467
472,0.060498800701122464,1.1646088021327876,0.051947744676434655,2.5117179645688807,0.024086621808076556,0.9796393730323912,0.061756195561896945,1.3104273651850094
473,0.06559879536263563,1.1395194473957597,0.05756706962093022,2.462419255416275,0.02663997823211713,0.7617045902010993,0.08612104509612677,1.1801225510118263
474,0.07158940650732294,1.2330270880994998,0.058059881407525084,2.5480151971290566,0.02809614581105536,0.8553794397553429,0.08369315789002255,1.169894628255285
475,0.0017316688660659984,0.02111684860639963,0.08200413320864565,0.027453869440650123,0.0630755846570017,0.027944738761159126,0.06196761690514978,0.8250891536948027
476,0.04671930897433646,0.5540979393490162,0.08431597675534545,1.2262128570621686,0.03810048859401888,0.6068828088109647,0.07698242279406675,0.8020042325947072
477,0.053959099316140006,0.6325654996209302,0.08530199536407758,1.365982461069438,0.03950204402616928,0.6643880402845572,0.08121624117891908,0.7927407467670342
478,0.04328370480890455,0.5122731614268641,0.08449340716648894,1.1492058393538422,0.0376640139883395,0.5338267409373647,0.08108193443607041,0.8001689627344358
479,0.0234734038474581,0.279152560635642,0.0840880835698164,0.5606054505795492,0.04187152269602711,0.39516626254659376,0.05940133577240888,0.8043015475163272
480,0.044223710116352025,0.3605777875114468,0.12264679536020534,0.4308913096299284,0.10263309825007523,0.42452083016971487,0.10417323950552032,0.5501492057457145
481,-0.01458166724505256,-0.112592249248646,0.1295086237494977,-0.1675385063183092,0.0870347215424531,-0.13087894706420053,0.11141339055776298,0.5210373472009159
482,-0.072231672285891,-0.4860050318177551,0.14862330131795187,-0.9166807918374562,0.07879697374383182,-0.6112428540764117,0.11817180651548574,0.4539117164556083
483,-0.10280586115479155,-0.6711346189379439,0.15318217575704798,-1.2086852027757213,0.0850559441934922,-0.7389297795343358,0.13912805249177873,0.44034442626901177
484,-0.04593178312639547,-0.32213500152018776,0.14258550890042598,-0.6162420462758231,0.07453529567477275,-0.41707595376441986,0.1101281018764737,0.473213350811534
485,-0.02927067833496183,-0.19705279942375487,0.14854231160662834,-0.3485377484641352,0.08398137207216683,-0.250253221873498,0.11696424172216269,0.45417443758194037
486,-0.06843647357060835,-0.4173614105581884,0.16397412851149773,-0.6329096383956928,0.1081299279057939,-0.583239933216225,0.11733845656490197,0.4113272806010719
487,-0.018459416459683586,-0.10012264718217843,0.1843680423880094,-0.13791847562617962,0.13384295596274431,-0.12559274591208303,0.14697836507695658,0.3657562791129904
488,-0.004822077334681608,-0.029447201931506864,0.1637533286149763,-0.03725977036648504,0.12941779531252937,-0.04129815785740263,0.11676252852080321,0.4119142470028577
489,-0.0008785552015669701,-0.00538207965736819,0.1632371234721894,-0.006861328413732378,0.12804447602429508,-0.0077088716225378094,0.11396677031154712,0.4132243945355675
490,0.05274462494637364,0.310381133578221,0.16993502259080176,0.4355052566946934,0.1211113393824078,0.48065735472067883,0.10973435531226766,0.39685806773835053
491,0.06727970036205887,0.390790774262715,0.17216297004194134,0.707861093342645,0.09504647309312092,0.6386483076376915,0.1053470267711521,0.3917331356153032
492,0.11414386998456752,0.9286057784161943,0.12291962061581,2.8988485475851236,0.03937558934551952,1.835574027361058,0.06218429128062368,0.5491399313456389
493,0.11916763129465381,0.965092073730858,0.12347799193290952,3.3719482859328282,0.035340883426890055,2.089799664133913,0.0570234713594143,0.5466355749809004
494,0.11124481843029163,0.8971475819528663,0.1239983483967481,3.467953305194371,0.032077945877664174,1.8655286871499963,0.05963179188642897,0.5443705651485587
495,0.07845043055863062,0.6708535578706682,0.11694121561736552,1.8160088885936172,0.043199364855193774,1.1118144898396962,0.07056071968439785,0.57745383384321
496,0.07845043055863056,0.6708535578706676,0.11694121561736555,1.8153297042806373,0.04321552739077676,1.1118144898396953,0.07056071968439787,0.57745383384321
497,0.08146176299960729,0.6945167757150799,0.11729272185791859,1.8870448486677498,0.04316895968695134,1.1572433163200637,0.07039294317002308,0.5757073341218883
498,0.04434850176469955,0.38850138792068456,0.11415274988349237,0.6319709838367392,0.07017490185301982,0.4252290672710187,0.1042932037767638,0.5915448284493146
499,0.049132064705946936,0.4315689424313592,0.11384522813237741,0.7290195607580464,0.06739471387414984,0.4998453216736019,0.09829453748099715,0.5931944101855798
500,0.05148929628405938,0.4515792270894275,0.1140205155492301,0.7665062795897039,0.06717400451255352,0.5428920189297628,0.09484261048000571,0.5923185440718157
501,0.0525213570723794,0.460596228789556,0.11402906448106447,0.8020469135664273,0.06548414585729774,0.6027020006266857,0.08714316033092312,0.5923571511546746
502,-0.00894013331699041,-0.09696407387329448,0.09220047136914565,-0.13956624277079502,0.06405655937641377,-0.10462174489620679,0.08545196150054411,0.733442409739924
503,0.0011983214994404432,0.013475495405610638,0.08892596994552882,0.021201030074745258,0.05652185272204713,0.014699635346563305,0.08152049157604473,0.7605967301363077
504,0.005188792671279949,0.058084015054246596,0.08933254125827843,0.0910424484345604,0.05699311431644499,0.063193400262888,0.08210972427016568,0.757082584337279
505,-0.06100554856777326,-0.721458873972522,0.08455859477043007,-0.8237710971345755,0.07405643239969983,-0.6534515501747273,0.0933589468897287,0.8001154533626382
506,-0.061309903430623584,-0.7286906750097347,0.08413707699745784,-0.8308601632108158,0.07379088099939063,-0.6655707455703028,0.09211628341340244,0.8041620966088017
507,-0.02289906561211934,-0.2859072433616055,0.08009263893729829,-0.36589793080498995,0.06258320609176578,-0.24144700133781877,0.09484096089510047,0.8452387201047373
508,-0.018127881271637124,-0.22356228937675143,0.08108648968560021,-0.2727658449489144,0.06645949853080853,-0.1816232960334675,0.0998103308746072,0.8347782620426001
509,-0.02707446227026084,-0.3281707298074156,0.08250114897861023,-0.4193362893374464,0.06456503517269788,-0.26643271534658464,0.10161838509599494,0.8203454236738082
510,-0.03529625766265271,-0.4312689618594475,0.08184279599085992,-0.5941909018639505,0.05940221829706566,-0.3563424182023097,0.09905151859471757,0.8269691340171547
511,-0.03399509702623308,-0.4175263159677674,0.08142024999654744,-0.5834320947232549,0.058267444204210796,-0.3596328534750033,0.09452722880501781,0.8313337698060645
512,-0.027993160435701332,-0.34317088625730113,0.08157207256419982,-0.45946612991416397,0.06092540584206049,-0.2903813082479892,0.09640138549067638,0.829782404827954
513,-0.06487631770190447,-0.7134055235268867,0.09093890580097173,-0.9789388408907312,0.06627208462060188,-0.6021208651078919,0.10774633709177228,0.7436287640007156
514,-0.05796318164668732,-0.6489811112721906,0.08931412739126217,-0.9020955903631637,0.06425392415825093,-0.5513568341119542,0.1051282546266902,0.7572439874014579
515,-0.06207310085626208,-0.6905044477580611,0.08989529474835657,-0.9575599914039543,0.0648242422547874,-0.5881444310409503,0.10554057401580696,0.7522963171201767
516,-0.04967974485932056,-0.537277786802723,0.09246565944026625,-0.720021782972685,0.06899755817693813,-0.4366216304259078,0.11378214315873415,0.7313109798472754
517,-0.034282362889987365,-0.3768373799421776,0.09097389143096074,-0.4750292611465498,0.07216894977636129,-0.3006309251990017,0.11403471837534433,0.7434250291779744
518,-0.03243360726135912,-0.3567013388267585,0.09092650834459404,-0.44371231964688557,0.07309602601787207,-0.2826348361876008,0.11475445737280272,0.7438078171421485
519,-0.014323797564155194,-0.34935959043551296,0.04100015558839846,-0.8590567207990375,0.016673867065299424,-0.5780667338353825,0.02477879581327753,1.6719642359937612
520,-0.021703892412883143,-0.5860744101932835,0.03703265666509026,-1.4520306451405907,0.014947268837278361,-1.0162126420486677,0.021357628821787197,1.858382049739064
521,-0.024156308024407516,-0.6584962807554419,0.036684046258689346,-1.6094613125511001,0.015008939845915406,-1.0232493086691599,0.023607451106734935,1.8768262661845891
522,-0.03456133612896101,-0.9580786614714377,0.03607358927698167,-1.9412545831456782,0.017803608258818163,-1.0851464291654367,0.03184946768478186,1.9096779544456608
523,-0.026053989525176336,-0.729625104010797,0.03570873505030987,-1.6803069546421918,0.015505494072494824,-1.2581386790107851,0.02070836065994041,1.930176452367199
524,-0.028232392473350864,-0.7956787164380781,0.03548215113725238,-1.909652788867044,0.01478404484728375,-1.3793717977588889,0.02046757264373606,1.9429081305757507
525,-0.031039014507878045,-0.8762958506980562,0.035420702361140255,-2.159044718193803,0.014376272175522342,-1.5869665087905214,0.019558707972693063,1.9459099047320354
526,-0.021229686881188998,-0.5936682089276342,0.03576018820266122,-1.155789742837641,0.018368121894789327,-1.1392240819469557,0.018635216036608934,1.9274230515102408
527,-0.022020834871408455,-0.6153824483107039,0.035783982679158624,-1.1972700798375349,0.01839253752536487,-1.1541086773078106,0.01908038238025942,1.926146422289054
528,-0.030253285613166498,-0.8370999950922451,0.03614058749317363,-1.8363320493539965,0.016474844853799346,-0.8200927525670857,0.036890078004550714,1.9061973773087855
529,-0.031873503697089106,-0.8816307264593531,0.036152895697151737,-1.9381905614693395,0.016444979317681668,-0.8252087584966404,0.03862477629921916,1.905477428072896
530,-0.03281051642561776,-0.9066237954571368,0.03618978079995582,-2.021991779194028,0.01622682978399454,-0.8448243641056508,0.03883708593128902,1.9034167874860504
531,-0.03090595888684578,-0.8541062369637089,0.03618514600328224,-1.9801734093114849,0.015607703215039091,-0.925480643754934,0.0333944951689661,1.9036907082118473
532,-0.03346559105059318,-0.9225713751927312,0.03627425687644167,-2.0175814099248135,0.0165869842406212,-0.755012260844335,0.04432456634964894,1.898771755398509
533,-0.030782463345214398,-0.8522071917757779,0.03612086783857311,-1.9662608647016357,0.01565533032662245,-0.9189006320260583,0.03349922970163053,1.9072492760480444
534,-0.03093351215321585,-0.8551402987190005,0.03617361057542748,-2.0469918947386545,0.015111692543934192,-1.0197740767607297,0.030333691410821966,1.9042848154322305
535,-0.030298024785231147,-0.8353913467240572,0.036268061554675234,-2.0038758874887326,0.015119711242795974,-1.083490943087637,0.027963339221729448,1.8991015257899468
536,-0.029403557200946628,-0.810879893890509,0.036261297662557306,-1.8816033177645115,0.015626862964867802,-1.0242473438024493,0.02870747713319705,1.8995365753148132
537,-0.029134634820993887,-0.8053620013304617,0.03617582499902322,-1.8270921998781153,0.015945902906781304,-0.985266628073378,0.029570305124375,1.9042651053304465
538,-0.031266563760971346,-0.8624123879547114,0.03625477114854857,-1.9494272863374142,0.01603884586006539,-0.8278428361815244,0.037768719368509944,1.8998911441857405
539,-0.02992022462271428,-0.8290829942329684,0.03608833473950961,-1.8678526313358552,0.01601851458769307,-0.8740981596585495,0.0342298222369008,1.9090912941924547
540,-0.04361452161558475,-0.8828337286269659,0.04940287191271745,-1.5964085215647292,0.0273204014050462,-1.5488881498528717,0.028158599844493405,1.3798657118991502
541,-0.05214303770262788,-0.8989953759442743,0.05800145261910675,-1.9007696604027446,0.027432591538513695,-1.2292052488013894,0.042420122883036086,1.1714553166414519
542,-0.02769961472513301,-0.49452145616447585,0.056012968456357996,-1.0806887909211362,0.025631444461937058,-0.8513886224721654,0.032534631065073455,1.2139523248285762
543,-0.008668745933209132,-0.15176822565237932,0.05711831904172512,-0.46246124036477093,0.018744805351409714,-0.2905880824547144,0.029831732464665268,1.1902091970655202
544,-0.002435325371221229,-0.040194891196238404,0.060587932912457704,-0.11355743353772685,0.02144575916654675,-0.05715733654864327,0.0426073977248514,1.120975603481891
545,-0.0043425352411350015,-0.07003522646425554,0.06200501462433819,-0.19954437223076313,0.021762253641075258,-0.09801321845494287,0.04430560805562451,1.0949944785314534
546,-0.06895281464038291,-1.1911504521608431,0.057887577942229665,-1.0052784115885087,0.06859076435494708,-0.7187244950501833,0.09593775516941083,1.1736168871668358
547,-0.07444112288953385,-1.2822362533248068,0.05805569971720099,-1.1431570876360537,0.06511889196564526,-0.787487928284832,0.09452985908199055,1.169770997419524
548,-0.06269846156694749,-1.0915350862413062,0.05744062866806162,-1.133859039758098,0.055296522202904354,-0.708299083003911,0.08851975538503032,1.1826799162326946
549,-0.0510413494585179,-0.8970811280896809,0.056897138798594045,-1.0297286375895855,0.049567767269245576,-0.6112824131225412,0.08349880245660832,1.1942873371595077
550,-0.04217078253949011,-0.742026195458326,0.05683193234632714,-0.8491659589528864,0.04966141435001852,-0.50815177387124,0.0829885571749981,1.195935061638558
551,-0.04446039519491459,-0.7853008865855581,0.056615745575209736,-0.9190444990857565,0.048376760036258015,-0.546917195224048,0.08129273605431461,1.2004953039674302
552,-0.0473122072351719,-0.8317344595047642,0.056883788683401174,-0.977739122574011,0.048389397685772315,-0.5724098407467462,0.08265442671888733,1.1946425372974858
553,-0.04628864443746132,-0.8138660175048589,0.05687501805195469,-0.948429014380639,0.04880559718819822,-0.559394160532686,0.08274781487418946,1.1949201887633047
554,-0.052346874940883664,-0.9123665423775885,0.057374829642996256,-1.0809560239355303,0.048426461189697484,-0.6340858264316936,0.08255487310836886,1.1842983867081622
555,-0.06899954545184891,-1.2309089943700817,0.05605576510321907,-1.2805014727835957,0.05388478413996312,-0.7733264135022939,0.08922434853784318,1.2126404076802162
556,-0.07204522250039516,-1.2817795509270289,0.05620718667908961,-1.3243870382231917,0.054398918458951104,-0.806405221696383,0.08934121526251808,1.2092503345538408
557,-0.07382888785160151,-1.3329779157395694,0.05538642987242545,-1.4434037660883685,0.0511491583894631,-0.8900215639075008,0.08295179672666278,1.2272928378053187
558,-0.07208845283406566,-1.301868412842417,0.055373071596899956,-1.471451845015686,0.04899137751483616,-0.8788459801330821,0.08202626451468713,1.2275928557414388
559,-0.06812919172223603,-1.2351451152189274,0.05515885613987975,-1.438557701000795,0.047359373680206915,-0.8555251596614303,0.07963435201508019,1.2323567654869338
560,-0.07952939690988357,-1.4360641660845377,0.055380113777730645,-1.7424883564733855,0.045641278815109425,-0.9721389303699396,0.08180867407461946,1.226894012609387
561,-0.10378026458503792,-1.361603566351435,0.07621914861983539,-1.5534400977605822,0.06680673734033653,-0.7235676618120548,0.14342855556194636,0.8877557427580836
562,-0.08292517228906937,-1.1267963199572024,0.07359375498512367,-1.1843797331012444,0.0700156968001585,-0.602829663594423,0.13755987353810858,0.9201657045982108
563,-0.14802144230240705,-1.7429412158786113,0.084926239022806,-1.950321253760677,0.0758959284358856,-0.9087964857970954,0.1628763365788976,0.7958925173692879
564,-0.14713256509413847,-1.7176890788545538,0.08565727459375493,-1.9412348747062553,0.07579328344613752,-0.8780461313959382,0.16756814913610937,0.7891612695864862
565,-0.16625413200409353,-1.8393515914530947,0.09038735866303416,-1.7673090141255658,0.09407190857698036,-0.962860944538259,0.17266681440051646,0.7475272094616093
566,-0.16885233482666492,-1.7574596372120062,0.09607750371697207,-1.5932457416519359,0.105980094854415,-0.8601398524580206,0.19630800077933352,0.7030152197292976
567,-0.012562835756830615,-0.11206599799192489,0.11210211823336327,-0.11777766745355935,0.10666568652995476,-0.09854214550210942,0.12748693153389573,0.6026561901786589
568,-0.05634465453162285,-0.49436807460014265,0.11397308488659148,-0.6614980796115667,0.08517735163299124,-0.47354145975823037,0.1189856840843249,0.5926379490897781
569,-0.08193905277817178,-0.7089216988208284,0.1155826559046839,-0.9981660645250378,0.08208959980738399,-0.6950237594597929,0.11789388731380765,0.5843474478850399
570,-0.1073502968153957,-0.9067072755557597,0.1183957598107902,-1.3414374226179004,0.08002631729618424,-0.9220969415582323,0.1164197515219893,0.5703685715580342
571,-0.12489013517666116,-1.0520045289445759,0.11871634744952786,-1.5060170098679626,0.08292743996803242,-1.0930325633773987,0.11426021452714899,0.5687757825748659
572,-0.12093179077581229,-1.0032774088586085,0.12053674258786701,-1.4984132762428028,0.08070656653486331,-1.05435777202342,0.11469711134554625,0.5601755423570501
573,-0.11485408993890098,-0.9486804726717721,0.12106720149455275,-1.4874534286093202,0.07721525106589903,-1.0013705472553114,0.11469689242779131,0.5577308163014557
574,-0.12398691467631129,-1.0285758036326949,0.12054232098248648,-1.6019546488919958,0.07739726886904556,-1.1102116580184997,0.11167862792722111,0.560144647896904
575,-0.11547267469945056,-0.956119280159907,0.12077224787281586,-1.58049278207566,0.07306118446665753,-1.0300372656433239,0.11210533691451495,0.559081964586087
576,-0.04427530376650004,-0.3190429369856776,0.1387753767088962,-0.6181322747573926,0.07162755541906854,-0.4190963789986283,0.10564468219050147,0.4864481384780797
577,-0.06709852155505705,-0.5000878589484168,0.134173466430782,-0.8781770015409088,0.07640660303938891,-0.60853785353066,0.11026186976826483,0.5031366721658869
578,-0.042907158842125266,-0.3067563893751106,0.1398737249761313,-0.642407969824519,0.06679113718630521,-0.3800062092834347,0.1129117308978553,0.48258575342274695
579,-0.08848032494935874,-0.6165335101017605,0.1435125966385101,-1.5199427805789576,0.058212931486576046,-0.7470045032418673,0.11844684277721192,0.47025898267758676
580,-0.11434243830002824,-0.8122407128825357,0.14077407902177413,-2.078009023885866,0.05502499603500686,-1.0119908447518549,0.11298762127444499,0.4793568061299497
581,-0.056585695274525914,-0.4017162228859634,0.14085987085114332,-0.9570926479852202,0.05912248453025389,-0.6083682083800922,0.09301224898848212,0.4790449127838202
582,-0.07746637760634244,-0.5416836433759699,0.1430103687893246,-1.447243918554407,0.053526828900908735,-0.793765289129476,0.09759355651756954,0.4717927896494081
583,-0.1477090635668809,-0.9191130784324811,0.16070825998776356,-1.9272948812092523,0.0766406142656297,-1.5708498826159982,0.09403130445596443,0.419659838018567
584,-0.10392189091832053,-0.6252523123016959,0.16620792738176438,-1.6437424367537747,0.06322273404558185,-1.3076321751801911,0.07947333576737674,0.4057145645996471
585,-0.10399440412905919,-0.6294068003567963,0.1652260574085109,-1.7215726070013053,0.06040663269509164,-1.3887577727929266,0.07488304020067975,0.4081898796398842
586,-0.03967526837649679,-0.21107507770836423,0.18796756494063624,-0.44104062072715194,0.08995830885391788,-0.36483949481497707,0.10874718592793117,0.358801802417507
587,-0.039409709279420134,-0.21083704207198312,0.1869202341871455,-0.4382037882946278,0.08993466129718368,-0.36024363349981664,0.1093973789253383,0.36080692376021173
588,0.03915385740595549,0.21834245942468108,0.1793231490985468,0.37941499750001567,0.10319533403777449,0.37731103451964154,0.10377077218481738,0.37619039247633046
589,0.04762509293006851,0.2670269751293555,0.1783531154745604,0.4539970185307083,0.10490177465085523,0.46203085773216357,0.10307773200221289,0.3782495099873591
590,0.10795894934585959,0.5962443976571039,0.18106492869379723,0.8740218979022197,0.12351973057537442,1.0345159970304354,0.10435696466343133,0.3725046522462821
591,0.2301280302816783,1.420425656476848,0.162013428321533,1.288335114017751,0.17862435617702765,1.4562405242384906,0.15802886024066579,0.4161151541034532
592,0.09693602556843453,0.7487012376417416,0.1294722389851572,1.1399810972604396,0.08503301133798412,0.5369083176682928,0.18054483862237827,0.5210734717936334
593,0.10143958924996363,0.8481075511059173,0.11960698748370792,1.4291663662668743,0.07097815316976287,0.7068641029064897,0.14350649415193598,0.5642003225946841
594,0.1498097876279297,1.7924497805211406,0.08357823424451741,3.856207980272049,0.03884899061314657,1.859156644524712,0.0805794326525015,0.8087348846007263
595,0.07317752948517921,1.0435071761009802,0.07012652252052919,1.775727981416947,0.041209875752921905,0.6561151343644385,0.11153153715325338,0.966158800070788
596,0.07708304467871271,1.2290499694825363,0.06271758398168854,2.4772307483888256,0.031116618719853616,0.94667231602634,0.08142526550503666,1.0816425254457713
597,0.07608478012764584,1.2154661902122914,0.06259719993886213,2.416790230014258,0.031481747643111326,0.9357455214713001,0.08130926451885713,1.0837745003495294
598,0.07293241959905261,1.1727426129696437,0.06218962182534802,2.2258369598525203,0.032766290125708475,0.9054508308923005,0.0805481834139789,1.0910181733977444
599,0.07318653630173212,1.1708891973252509,0.06250509140311275,2.2402546720648777,0.03266884663352803,0.9001160711351031,0.08130788755881149,1.0854408511918938
600,0.07059063781014703,1.134835043090129,0.06220343497494613,2.1059108866583522,0.0335202397486818,0.8788343666972127,0.0803230284171031,1.0908221455019937
601,0.06643829637943768,1.0637126020156589,0.0624588786985713,2.0125323699060034,0.033012287093072065,0.8280729950813348,0.08023241522676633,1.0864111141045385
602,0.06562265680758579,1.056853684460263,0.06209247105108915,2.002950851750244,0.032762989042013975,0.8298474493203262,0.07907797615252421,1.0929207909039609
603,0.06644460814463345,1.0704787396417346,0.06206999325074964,2.0528177133340733,0.03236751500780738,0.8561342780522291,0.0776100313327017,1.093371158515378
604,0.06177634522101985,1.0060738829921427,0.06140338822561634,1.9410746043761733,0.03182584795130719,0.806851137937592,0.07656473705785131,1.105448820214178
605,0.06054889066509157,0.9874235989688281,0.06132007653890702,1.937560780792401,0.03125006000602933,0.7989675106208938,0.07578392094822205,1.1070168715532822
606,0.06064354257671857,0.9883739845094308,0.06135687859774897,1.9317521539905864,0.031393024437137027,0.795559380871714,0.07622755011734002,1.106329065664025
607,0.054554758540253025,0.884381158316931,0.0616869299251879,1.798932323829612,0.0303261872709672,0.6773498840170946,0.0805414746906138,1.1002942751401827
608,0.04881782722926354,0.7965761156638222,0.06128457314914781,1.4604836098701892,0.033425796016706116,0.5952434193585496,0.08201321617611657,1.1075868675258602
609,0.041376195256404236,0.6707371231078217,0.06168764756107433,1.2117132770850458,0.034146853087176486,0.47577959099825096,0.08696504860494603,1.1002385094794662
610,0.04832167768353774,0.7844653689014315,0.06159822931534584,1.62792319039365,0.029683020653973866,0.6034835445368723,0.08007124323600398,1.102041444376095
611,0.053446837115218894,0.8756588141945203,0.061036143585652444,1.841480914803518,0.029023834396307905,0.6862695634078351,0.07788023826937025,1.1122761051654275
612,0.03301598597070864,0.5338796420118141,0.061841627536676214,1.1616049104599826,0.028422732784105297,0.412533289774622,0.08003229506337818,1.0978148237574619
613,0.058159584770806974,0.9000908365462776,0.06461523927292724,2.010380746834643,0.02892963676775138,0.7879661444349338,0.07380975081424897,1.0499394298379772
614,0.05768060858256941,0.8711646688570768,0.06621091355580731,1.8613942883695336,0.03098785085082326,0.7115860413878866,0.08105921874193654,1.0243210080379934
615,-0.00855110564674223,-0.1004282960582394,0.08514637788719781,-0.2384407960654051,0.03586259477340712,-0.10431170060658371,0.08197647624395572,0.7946751962073112
616,0.031240616060109902,0.30727160472582365,0.10167101541317392,0.632515587254188,0.049391061168513606,0.3056496909396264,0.10221052723485566,0.6647783307392073
617,-0.06000591747401706,-0.4499949805263147,0.1333479706903265,-0.7188094823271036,0.08347958527167924,-0.6140428513407687,0.0977226871756483,0.5062928715273578
618,-0.029323780174859326,-0.2173626068181356,0.13490719771958817,-0.3582073598699302,0.08186258424591604,-0.26993514576002287,0.10863268690816826,0.5004388527468692
619,-0.012617597690554868,-0.09020555923755212,0.13987605417230456,-0.15902480325884402,0.07934358308884217,-0.11791719938044917,0.1070038786271147,0.4826154423418396
620,-0.040301949083101314,-0.28088830837263573,0.14348033678082256,-0.38265149095150675,0.10532285914497785,-0.2956791623550058,0.13630297367628824,0.470288016072985
621,0.0196658930158262,0.16167658092404052,0.12163723962634826,0.26075883504894265,0.07541793555004588,0.15959115235508015,0.123226712293366,0.5549575021912521
622,0.04736390206172831,0.44076269454184464,0.10745896294821686,0.8234273746996473,0.05752043655216676,0.5347079068212829,0.08857901941883739,0.628559836395054
623,0.030849935320427763,0.2808425853579371,0.10984778281081968,0.5039729122638449,0.06121347907737728,0.31594575673005415,0.09764313861884248,0.6147940823759317
624,0.045011370259362055,0.4081940782053051,0.11026953271165084,0.7536342104115358,0.05972575241081846,0.4785276304590482,0.09406221792497742,0.6125229784482725
625,0.05025708617306783,0.44229533538029864,0.11362789103316068,0.7862807275955955,0.0639174844419134,0.5069246357346338,0.09914113978744672,0.5943625872852228
626,0.05669767927665965,0.4970226260153205,0.1140746443098789,0.8742007286219149,0.06485659119277737,0.573228864381237,0.09890932365707208,0.5920788772316304
627,0.057335732330843596,0.5029019724107077,0.11400975831532216,0.8705121549061727,0.06586436732411102,0.58351843103732,0.09825864836680125,0.592390823582842
628,0.06029752456953452,0.5297087887938114,0.11383145955882047,0.887810159398475,0.0679171373871058,0.6222544013254246,0.09690172450544116,0.5932779479824444
629,0.09195667006983475,0.788403327853181,0.11663658285186643,1.1500696768899412,0.07995747728825196,1.0899601815909823,0.08436699947663075,0.5787661234802992
630,0.09027372894899734,0.7734603561394705,0.11671409947831787,1.1186733691187054,0.08069712879650946,1.0596859964571443,0.08518913079045126,0.5783548348425193
631,0.07453449358727618,0.6341623212926865,0.11753220127513078,1.192945477216142,0.06247937982983925,0.8423979652531258,0.0884789572881742,0.574516090954189
632,0.03178011282266794,0.2591377076017772,0.1226379330001065,0.45386868985947665,0.07002050049433341,0.29945382877745386,0.10612692097614179,0.5504857296867914
633,0.053904845066765926,0.4561167584183689,0.11818211909969377,0.7249368812752349,0.07435798406606384,0.6071578930721335,0.08878225200040635,0.5711433300506485
634,0.05433024460541732,0.45639550298941156,0.11904202440548102,0.7463428044249422,0.07279529498147815,0.6107771944015904,0.08895264116507728,0.5669867965511927
635,0.015486901968544898,0.14608131529356863,0.10601562518397398,0.22619778607882735,0.0684661960535188,0.15666036630417057,0.09885654128036217,0.6370091689662574
636,0.040358702704928244,0.4062637445051469,0.099341137994205,0.7776818167737143,0.0518961634879932,0.459634753133868,0.08780602952617429,0.6800710632280934
637,0.05127250369124794,0.5145900734757388,0.09963756849201107,1.1951826955096967,0.042899302243814955,0.6216525391199998,0.08247775158101722,0.6782035894931611
638,0.06416764242000375,0.6469341177254729,0.09918729073310885,1.5346280990150758,0.04181315490129924,0.780551953290891,0.08220803515956378,0.6811756283691629
639,0.06222643875440164,0.6290714468286578,0.09891791952743081,1.5447280654471616,0.04028310234422302,0.7842558868506698,0.07934456061819804,0.6831639509497639
640,0.08432833755387534,0.8434933610389589,0.09997510525750353,2.27038538050147,0.037142741614751486,1.0588376609122563,0.07964236697174247,0.675751163015338
641,0.10073013432236225,1.0322242485316955,0.09758551445158113,2.9241912424217467,0.034447177346355745,1.5399816693894481,0.06540995670571742,0.6925849674070691
642,0.09837512607305043,1.0973947984089576,0.0896442430888849,3.2954359952169487,0.02985193043222012,1.8140515542377817,0.054229509543561545,0.7543105806394168
643,0.054765216338589474,0.609367888928147,0.08987217300688298,1.8480169771444945,0.02963458508006306,0.6855629972954278,0.07988356512040519,0.7525084769335151
644,0.07930272450394013,0.8995054561996465,0.0881625830698005,2.747214673000556,0.02886659178233214,1.0084498376395121,0.07863824410896307,0.7671547810160401
645,0.07063593603557716,0.8005817576515938,0.08823075889560465,2.892309117135962,0.024421987130311528,0.9326098298563357,0.07574007240140103,0.7665225901982333
646,0.07027510579938859,0.7975675261655213,0.08811179429189073,2.92359870504971,0.024037192819249695,0.9329005203826201,0.07532968871168165,0.767560433391255
647,0.06091100767174683,0.6906711407754618,0.08819104212658727,2.703331443926917,0.022531831162835955,0.8050357048077333,0.0756624921205131,0.7668761185617972
648,0.05075289569118948,0.5908037451611476,0.08590483067663378,2.059923191451431,0.024638246659783838,0.6906803855686245,0.0734824627304358,0.7874830955070358
649,0.05058292325633714,0.5965453107414219,0.08479309508521604,2.044020438866296,0.024746779579363044,0.7016651594059355,0.07208983170713955,0.7979199582862797
650,0.0694946432062757,0.8227491639307997,0.08446637961229311,2.519355234545314,0.027584297066712744,0.9064642500227511,0.07666561941580319,0.8010134734338533
651,0.07531019469996786,0.8914070918720992,0.08448462592080601,2.5212800854226627,0.02986982490973152,0.9779111495438603,0.07701128546810798,0.8008136730158204
652,0.06931859307410544,0.8261723183201712,0.08390331113374584,2.473737790160809,0.02802180301801481,0.9096604407343185,0.07620271253980043,0.8064322230824988
653,0.05588238134183164,0.6808967141520985,0.08207174477471285,2.1598310285163973,0.025873496863417892,0.7700851979040447,0.07256649198546831,0.8246196813379421
654,0.042246928797530205,0.5077550742181814,0.08320336111378136,1.397477818288066,0.030230840335829734,0.5521126214792972,0.07651867962072002,0.81335726401839
655,0.04579926621988167,0.5527713753012937,0.08285390355989093,1.5477599608247194,0.029590677740156595,0.5958314728540098,0.07686614136125597,0.8167913012986342
656,0.04254780656663439,0.4814196646346781,0.08837986831909223,1.035667807149376,0.04108248443460371,0.5060312716083191,0.0840813778788902,0.7653748444461969
657,0.03395190717446844,0.3551615779549094,0.09559566485195342,0.7196574012646064,0.047177875354032346,0.32510107377806347,0.1044349278207748,0.7072470876546623
658,0.03379950311003812,0.35357420547977964,0.09559380346814089,0.7261407474928534,0.046546765522713994,0.32827616962488315,0.10296057477659852,0.7072502654791641
659,0.0330009254859753,0.3435636987565186,0.0960547508523677,0.7371106406325575,0.04477065404679993,0.3002933830567324,0.10989561325012831,0.7038654169297288
660,0.02979355669568144,0.30878998966524107,0.09648485278936861,0.6676508663598201,0.04462445597969862,0.26792453313918935,0.11120130115222931,0.7007086649486959
661,0.028195617941493837,0.29035810015220365,0.09710635910179152,0.6165192305496321,0.04573355792382535,0.2369541488596743,0.11899187280401431,0.6962098387664566
662,0.033830448269510455,0.3408545112880967,0.09925187183723767,0.7176856687035206,0.04713825250352878,0.27471074496490877,0.1231493448639292,0.68106871745463
663,0.001414416302190822,0.011458688227442771,0.12343614505571346,0.018054679807107465,0.07834070264896187,0.011409355402087979,0.12396986966783202,0.5471138458246457
664,0.034591134407958024,0.3142740628205538,0.11006678087752055,0.5833559293313116,0.05929679063622289,0.37254412675523085,0.09285110655008423,0.61383517155929
665,0.0006945052773902993,0.005922595390051959,0.11726367101775062,0.011080752626420741,0.06267672429888325,0.007430671281041343,0.09346467514479669,0.5760085399242619
666,-0.07054687994208667,-0.7024891059869659,0.10042416222664612,-1.2018369895076852,0.05869920842674775,-0.7552346323341077,0.09341054676485953,0.6729475609854234
667,-0.033644967074135806,-0.3426256902580199,0.0981974441227653,-0.6934987107845673,0.04851482281210395,-0.3116983130481535,0.10794080579107299,0.6884095582183943
668,-0.030300699324398172,-0.3080098810427686,0.09837573788806724,-0.6150197999246306,0.049267843617573706,-0.2788210899078203,0.1086743450232396,0.6871610316506759
669,-0.023550897499235845,-0.22939082197805033,0.1026671306905616,-0.4520510647256473,0.052097869769489505,-0.20233616441571303,0.1163948993856035,0.6582919781813362
670,-0.01793524228461643,-0.18256036991646116,0.09824280205404667,-0.34965107833480275,0.05129468603395191,-0.15829736159488514,0.11330095526491675,0.6880987617371928
671,0.005191910793227581,0.0563719307479334,0.09210099289384223,0.08648859119162791,0.06003000767724561,0.0489074469879693,0.10615787805290133,0.7342404642719034
672,0.0025481747427109572,0.027554521855313,0.09247755254441564,0.04238975992609425,0.060112978869275316,0.024162536359799692,0.10545973753610036,0.7312614217758203
673,0.003937405751815282,0.04180985662556459,0.09417410318043902,0.06750707426877375,0.05832582428530128,0.03624916898681413,0.10862057977791267,0.7180145580820048
674,0.017617377092953527,0.18355861683383196,0.09597684596251786,0.28374837754416155,0.06208802758779342,0.14676630219510053,0.12003693511017438,0.7044605187227192
675,0.01585091068739566,0.16543915574565574,0.09581111929611554,0.2552143748046632,0.06210822058721294,0.13147228779456288,0.12056465247006362,0.705687117501553
676,0.012744239343787864,0.13239227623383124,0.0962611997189246,0.1977249356348083,0.06445438610396652,0.10318186474257093,0.12351239605509694,0.7023664968219482
677,0.04372747483520349,0.4475382846175012,0.09770666854250508,0.6274945562081853,0.06968582341086627,0.315973907566187,0.1383895118809578,0.6918376217359639
678,0.06625920123297192,0.6992391680664968,0.0947589955754177,0.8449909018497046,0.07841410018490022,0.4747446319467289,0.1395680893984429,0.7134600268619068
679,0.06329389010505157,0.6683730765324079,0.0946984436198824,0.8304390973300575,0.07621737741942496,0.462102207584141,0.1369694605787548,0.713942231929772
680,0.05094667352770384,0.5372271446497255,0.09483264953211047,0.6938680010072692,0.0734241576982163,0.36963958072776704,0.1378279713103158,0.7129530649965921
681,0.035417535446004504,0.38779681413677375,0.0913301351503959,0.5119791081844289,0.06917769666735334,0.27380167242952985,0.1293547082153786,0.7404824828164366
682,0.019522849559217747,0.22074510407665648,0.08844069108974754,0.30491203819891377,0.06402780839529115,0.1739413523276785,0.11223811530704747,0.7648840737774144
683,0.017943334102688405,0.202397699986183,0.0886538439118297,0.28362165516968973,0.06326503556984384,0.16040159513387062,0.11186506024277976,0.7630284462008746
684,-0.009750642376362811,-0.10883400356072288,0.08959187438990548,-0.15475624633472765,0.06300645439068617,-0.09591345673305048,0.10166083788952705,0.7549603658480301
685,0.004100831901795289,0.03887317080736194,0.10549260110828568,0.052804486995667144,0.07766067118750308,0.02838022281391624,0.14449611367337278,0.640588903953636
686,0.02350024623934076,0.23770301088184168,0.09886389807246637,0.30215664632552125,0.07777504326025426,0.17437550256603854,0.13476804879997908,0.6837488017959027
687,0.11140806867452871,1.2850167426397727,0.08669775651768268,2.0392435814647323,0.05463205557548323,1.9860409605915377,0.056095554364269544,0.7799888164795572
688,0.08504150816219413,0.9787096205812028,0.08689146032067466,1.8660403804514913,0.04557324110082667,1.8142987373651542,0.04687293575792104,0.7784243396937108
689,0.0706127732324484,0.9159338454271284,0.07709374818387617,2.048626825249797,0.034468343556830226,1.817855434778999,0.038843998197817614,0.8782528596036342
690,0.06592807836926146,0.8888546538718496,0.0741719448529395,2.0866582535795173,0.03159505312197933,1.8279039276863736,0.03606758395267982,0.9132001750711934
691,0.057713945276863944,0.7597259306327658,0.07596679664309305,1.7785228757278693,0.032450493645320266,1.4963275295826663,0.038570395943300376,0.8914704875785711
692,0.03428813312714731,0.43372395611016334,0.07905519776832047,1.1236168830468456,0.03051585789114365,0.9960928691019164,0.03442262683605165,0.8564120855762797
693,0.055365396849398466,0.7944904382082826,0.06968667486327122,2.2115163611851645,0.025035038320823377,1.6668770723346376,0.03321504492941005,0.9726240483719899
694,0.04476827341253309,0.6464429412809654,0.06925324812708462,1.9114561582171639,0.023421030725752533,1.3182169823858068,0.03396123249110943,0.9787023732798702
695,0.03956573294540775,0.5699565491463987,0.0694188583404538,1.7071647846751465,0.023176282278419096,1.1555244732399252,0.034240497593678046,0.9763270012836778
696,0.04943223469407629,0.7342061769665532,0.06732745684367646,2.191565542687916,0.022555672523235846,1.4995983736227134,0.032963649176718186,1.0069875319116508
697,0.03866682992644385,0.5818411034512159,0.0664559957986637,1.7585541800139004,0.021987852501728557,1.1164043917371465,0.0346351467377135,1.0203911552000031
698,0.033622450502701275,0.5162045085371323,0.06513397296351335,1.423858926769389,0.023613610780239068,0.9704103713448592,0.0346476619536795,1.0413370886817488
699,0.02236006574987193,0.3392845736347817,0.06590357324627769,0.7321400098893249,0.030540696380262054,0.6000021282863598,0.03726664405963617,1.0290627227577107
700,0.029839076153849935,0.45858722192478774,0.06506739552970754,1.1048840419752988,0.02700652287501952,0.8250835492484813,0.03616491466958534,1.0425606624195947
701,0.03349851680419952,0.5149022406189656,0.06505801327244341,1.4050923961266981,0.02384079288774326,0.9592648476301642,0.03492103029414309,1.0425953696025914
702,0.043119720377366375,0.651550032596527,0.06618021367526859,2.435373833416484,0.017705585806050778,1.3652221539785419,0.03158439837187415,1.0246008882677136
703,0.0465115490518521,0.6932204441004418,0.06709488943622811,2.676560766376862,0.017377355909917434,1.4703011525870415,0.03163402883144963,1.010442470679529
704,0.05374834371820568,0.8075951363179172,0.06655357530168081,3.095587324897472,0.017362890487990307,1.7165236401056796,0.031312323618739445,1.0187863463506324
705,0.060974917964206954,0.9237437260289968,0.06600847859213814,3.0368395250480176,0.020078412922804288,1.9503141553700043,0.031264151878464465,1.027315701980705
706,0.05930205952607879,0.8976388327992155,0.06606449872623048,3.0001808425173757,0.019766161654548774,1.9017605621774434,0.031182716008255104,1.0265370593647365
707,0.05342966323699183,0.7851266977856332,0.06805228173705537,2.7173448922441703,0.01966245189909108,1.5662915059058196,0.03411220902081846,0.9962828861075789
708,0.05830499958085378,0.7045620196529353,0.0827535375942839,2.299306184157506,0.02535764918242824,0.9707672654717423,0.06006073922622492,0.8177673424595346
709,0.055838215083208145,0.6702803973174166,0.0833057557802418,2.1107149660128024,0.026454644981595048,0.8912216483372425,0.06265356680617648,0.812313189440014
710,0.05861920194436153,0.6392092706981333,0.09170580689535159,1.805048505363431,0.03247513946034323,0.7531836303842918,0.07782856607551687,0.7374043110587484
711,0.061249199137884076,0.6407310654141349,0.09559267911927419,1.6353599630303253,0.037453038182730845,0.7340771122312351,0.08343700970558324,0.7072359651564594
712,0.07112674177182049,0.7392627881710074,0.09621306916826353,1.75131296668548,0.04061338157418794,0.8908973237750123,0.07983719321372984,0.70262716142103
713,0.07636192233216646,0.7885759377716104,0.09683521735136004,1.8176123895990302,0.042012214908488874,1.0153266888547408,0.07520921410851567,0.6980738948509778
714,0.003500652987890542,0.025586586769192322,0.13681594264482058,0.058617059058695006,0.05972072028358219,0.04845296931234739,0.07224847181859836,0.49343905009371203
715,0.023674917273711023,0.17250425078106688,0.13724251528014783,0.4356199310533326,0.05434764478398607,0.37014667362387116,0.06396090782587598,0.49184594504331886
716,0.03201519656993221,0.22874656804628968,0.1399592432943236,0.5590362882398193,0.0572685481129234,0.40449096704205484,0.079149348634536,0.4823251110966636
717,0.00800014637374492,0.05302813468184356,0.15086607178894623,0.09569416344440264,0.0836011945325477,0.09141500811991699,0.08751458363653411,0.4473792027697571
718,0.06397908155249475,0.36582427655983557,0.17489020180439036,0.9208601924751123,0.0694775190363372,0.7053335475433523,0.09070755499342298,0.38579238266254184
719,0.09354895100351593,0.5036374252844676,0.18574662308043732,1.3836610643343614,0.06760973002338515,1.0223891647769363,0.09150033492767534,0.36319706528431095
720,0.08979925745137608,0.4916686850033556,0.18264180776687702,1.4696788666606695,0.0611012783053848,1.1437925387170929,0.07851009200680505,0.3693820417569043
721,0.0005779357280907544,0.0031608924949518063,0.18283941292333197,0.005051575002329608,0.11440703697841383,0.005119193823471117,0.11289584806126361,0.3690015633447065
722,-0.017238249515330487,-0.0954455335835659,0.1806082366362151,-0.1305403214694375,0.13205306468749856,-0.1531572350626269,0.11255262938301064,0.3735490977309475
723,-0.02219744805137045,-0.11585550598167134,0.19159597002564685,-0.14974275841555182,0.14823720549991615,-0.17414074970201374,0.12746843050437243,0.3520917686931202
724,0.04332401219601688,0.23718139581248956,0.18266193285356958,0.33871045190979776,0.12790869591338896,0.33749109787925263,0.1283708295367166,0.3693459892204677
725,-0.005719823258489891,-0.030897003826169687,0.18512549924485605,-0.04812652691452688,0.11884969943184026,-0.041893222308979315,0.1365333804190067,0.3644382951858582
726,-0.1690478743569856,-0.8607105513649106,0.19640502151264475,-1.7858370672179216,0.09466030102081932,-1.096828573364863,0.1541242437169362,0.34341428208870356
727,-0.1833000145452857,-0.9211171223394472,0.1989975108482855,-2.0029531534000586,0.09151487853529162,-1.177607027291042,0.1556546541395457,0.338920806436681
728,-0.19481268455673936,-0.979896215872649,0.1988095079877908,-2.067298742936763,0.09423538093966641,-1.2778308770322673,0.15245576551506357,0.33919655960594347
729,-0.2634636106867005,-1.3310295147206028,0.19793972092497458,-3.8119060943025533,0.06911597614654912,-1.9340567946171803,0.13622330606834607,0.3406024964679534
730,-0.27533928079021347,-1.3961550903042819,0.19721253226259075,-4.182325696495798,0.06583401216717988,-2.036650198648307,0.13519222936415487,0.34182961199400513
731,-0.27527078625156287,-1.3731907310146432,0.20046070806796576,-4.1989776779445895,0.06555662053109762,-1.9408366290899097,0.14183099294691376,0.3362880361865736
732,-0.18882387085126073,-0.9964620486026129,0.1894942924480241,-2.103866343618693,0.0897508871815877,-1.1982749176600307,0.15757975742327357,0.3558188872127078
733,-0.20031655651876437,-1.0503063345787387,0.19072203025330528,-2.385754333283197,0.08396361424317117,-1.2676356706932692,0.1580237612035731,0.3534549991385203
734,-0.21008509633360664,-1.1317706274912598,0.18562515339286717,-2.5518804502668258,0.08232560279680816,-1.3845374266482895,0.1517366683558595,0.3631153727257509
735,-0.19112455122584834,-0.992111984721819,0.19264413107502,-1.9658784815042372,0.09722093864093014,-1.1540918957954844,0.16560600756503133,0.34987601058363604
736,-0.06975529568809301,-1.1397868953058292,0.06120029627939894,-3.327906654881068,0.020960712821010873,-0.4441055690508516,0.15706917577542423,1.1084836125894582
737,-0.060227078866949356,-1.1415948891162535,0.052756962597803096,-3.800903612633065,0.015845463343709267,-1.8543466592069509,0.03247886718910837,1.2894897386490562
738,-0.08273147987770461,-1.6452525989077011,0.05028497139748075,-3.765514090230916,0.021970832639383694,-1.2426756260063767,0.06657528171175386,1.3540946186031175
739,-0.09694955384029964,-1.98793625889767,0.04876894488259856,-3.4328746317609116,0.028241507261384854,-1.2974299847911863,0.07472430495423081,1.396946784205515
740,-0.09737083418083207,-2.0671491722598545,0.04710392239104064,-3.5953814117121747,0.027082198807514727,-1.4463732264851665,0.06732068348461695,1.4474086635494434
741,-0.09430057003143205,-2.024322490166534,0.04658376839140598,-3.949429064588979,0.023877013231340567,-1.626364683621258,0.0579824260703096,1.4640267274280658
742,-0.08433668324239947,-1.889505438820207,0.044634263289053386,-4.257261472759151,0.019810078329001595,-1.8605898044954756,0.04532792936875655,1.5298137650640014
743,-0.06407521402003948,-1.5426578697898687,0.041535595983293046,-2.3848527676922333,0.02686757643409726,-1.7907977339705623,0.035780263066321684,1.6480718845211628
744,-0.055362567853233006,-1.3450349698748294,0.041160690311557564,-1.7192648578125032,0.03220130255187863,-1.6341507509715065,0.03387849488201736,1.6640000684840293
745,-0.05438319991960073,-1.3259319003729335,0.0410150777006759,-1.6103912159641989,0.0337701791840932,-1.6286436684518977,0.03339171174950412,1.6701830501321693
746,-0.04938776561572313,-1.2224056685370495,0.04040210781649059,-1.3675493355896584,0.03611406501428204,-1.5393013200553516,0.0320845340494785,1.6966201976430217
747,-0.0436314381111244,-1.0798380851128198,0.04040553737884311,-1.1630833431049619,0.03751359553877379,-1.4095600407174085,0.030953940840233937,1.6967192160520115
748,-0.040510708027729866,-1.0062663855221141,0.0402584331650017,-1.0151669695582657,0.039905463083927444,-1.2915355749782973,0.03136631217332949,1.7030960190330415
749,-0.04270997627046714,-1.0768115647543723,0.03966337070331294,-1.1591868654810575,0.03684477243687771,-1.4107975357946871,0.030273639687362415,1.7296600567599612
750,-0.04832039877441091,-1.2203838813207952,0.03959442558526321,-1.430538822600815,0.03377776122605411,-1.5600330083451182,0.030973959214920174,1.7328182125309113
751,-0.04813850485090858,-1.2171349892145036,0.03955067044944249,-1.4261575655515513,0.03375398764742486,-1.5634694652392733,0.03078953949608569,1.7348100795446726
752,-0.04691422805083665,-1.1887800928970227,0.039464177042625295,-1.3883967647419908,0.0337902170634594,-1.5456705309005787,0.030352023353581222,1.7387858049195777
753,-0.05137401961786299,-1.3088981681291807,0.03924982162003658,-1.6073390216517545,0.03196215541701299,-1.6397345755574502,0.03133069240818911,1.748538083541828
754,-0.046218193540139695,-1.189955370252045,0.03884027476622943,-1.509606062057937,0.03061606249588967,-1.479871690301,0.03123121676227153,1.767848425065053
755,-0.04383592486706133,-1.1282619105656435,0.03885261432346378,-1.4739195737957111,0.029741056192213306,-1.3948822947876667,0.03142625369241938,1.7672388779417574
756,-0.04383592486706141,-1.1282619105656455,0.03885261432346378,-1.4737921507130987,0.029743627584019404,-1.3948822947876682,0.0314262536924194,1.7672388779417574
757,-0.05758861310128465,-1.1549588607662842,0.04986204708891203,-1.0880552934190222,0.05292802070777357,-1.2309610686255985,0.046783456088975994,1.3666105536849655
758,-0.045594469462601254,-0.8320509457394288,0.05479768960791489,-0.8330239520108759,0.054733683650438396,-0.8615753243890232,0.05291988775901176,1.241207155208594
759,-0.015990377385582486,-0.2674772027321334,0.05978220656657661,-0.3294826605036753,0.048531772085178115,-0.27984125210925587,0.05714088707457437,1.1362944941310806
760,0.020190152056422307,0.3068064488351463,0.06580745656774284,0.5273593872587621,0.03828537529477124,0.4075005123612242,0.04954632311854611,1.0308714823150371
761,0.036462607863063864,0.5341037823868354,0.06826876922705462,1.0101892588778991,0.03609482831322707,0.7512473138959631,0.04853609083002113,0.9931897041576476
762,0.03138681991503915,0.42887925321381415,0.07318334864613169,0.7345537004494986,0.0427291018966108,0.5442744706259165,0.05766726460446373,0.9258093982277428
763,0.03833721896497241,0.4956705344794996,0.07734415564005649,0.821990184789591,0.046639509417969245,0.6291277548832016,0.06093709690504715,0.875504338106839
764,0.009139462201295271,0.10349579296080859,0.08830757212282213,0.1306771045086085,0.0699392769350288,0.11002697061182105,0.08306565336184352,0.7660198653502421
765,-0.014932184148159855,-0.16266764259891925,0.0917956632898242,-0.23700402342278998,0.06300392682162373,-0.1780800989029672,0.0838509425822823,0.7367520833090949
766,-0.026475313442661512,-0.28061625995691664,0.09434703978567135,-0.5178109997121426,0.05112929902489414,-0.30506621458666305,0.08678546550470412,0.7166623790079374
767,-0.03568568120461738,-0.3438696766253344,0.10377676087879933,-0.6229742520503285,0.057282754603691755,-0.3508098802657722,0.10172370623536044,0.6512088437470082
768,-0.0418264960728361,-0.39294967233361355,0.10644237422171836,-0.6946019753211086,0.06021649456654665,-0.39316209278795844,0.10638486476719951,0.6347645262301375
769,-0.0699245230300583,-0.6320262551293604,0.11063547196428804,-0.84172676412209,0.08307270959001603,-0.6943257983637425,0.10070851924967122,0.6104241376695645
770,-0.04393232361576791,-0.40518505789183085,0.10842533000685378,-0.8798532247870982,0.049931423080705764,-0.5279945285592085,0.0832060205920134,0.6228125151074215
771,-0.017541971117129306,-0.16067738709789484,0.10917510817151654,-0.3360068841339652,0.05220717772596398,-0.20280937057239037,0.08649487480593462,0.6187721566163404
772,-0.024058483220009308,-0.21634657673137453,0.11120343840652207,-0.4750447726188396,0.05064466468577068,-0.27421441687563597,0.0877360260416961,0.6074264411852177
773,0.012141016530917365,0.1276391376843002,0.09511985705314527,0.3002672566202556,0.04043403422529005,0.13617844191174305,0.08915520225136613,0.7107219315129624
774,0.029141305775118042,0.2965647913418229,0.09826286405499007,0.6611951186432216,0.04407368559362064,0.33198296287718504,0.08777952194462063,0.6877745903371735
775,-0.003004466360355922,-0.028792623698510753,0.10434847451958061,-0.06503360694492545,0.046198673293644826,-0.02991036696056264,0.10044899697544217,0.6474833887590181
776,0.0028966415819955166,0.030296677652669912,0.09560921547911866,0.06784053866354738,0.04269779749776609,0.03697937667756054,0.07833127116372485,0.7070513855950353
777,0.01709505088511787,0.17869814487349056,0.09566440041792441,0.3935432750150897,0.043438808310121396,0.22111967420443643,0.07731130640737387,0.7067258901118432
778,0.015268130702730401,0.1589348924456203,0.09606531622975366,0.3471101174608752,0.04398641795409885,0.19608896148413374,0.07786328504761754,0.7037566834998148
779,0.01500603654455256,0.15504123110706905,0.09678739285932028,0.3328673276918129,0.045081133821718855,0.18962235147280704,0.07913643316834679,0.698468344240516
780,-0.06942654280296268,-0.7426267810590452,0.0934877984119491,-0.7529441936471544,0.09220675767040636,-0.5787406856527417,0.11996139985330194,0.7232378223255119
781,-0.07342760445252768,-0.8808876585041688,0.08335637778966587,-1.0506674134959426,0.06988662968827407,-0.8233283197259481,0.08918386832238284,0.8117402587641339
782,-0.029403637037968614,-0.38361820573107747,0.07664817935825767,-0.6438456581145914,0.04566876652406557,-0.34353500308491547,0.08559138595463758,0.8835710787915253
783,-0.016316548039121366,-0.22710730150376754,0.07184510551216552,-0.42270988094981127,0.03859987375374044,-0.22677276580306235,0.07195109157548153,0.943265578358145
784,-0.015588736572768606,-0.21699433615465746,0.07183937078273836,-0.402844831608031,0.03869662795608728,-0.2174369708759413,0.07169312794401814,0.9433352695502609
785,-0.015107195629564555,-0.20669631621888057,0.07308884795782633,-0.37690393632321184,0.04008235036476102,-0.20529758224765168,0.07358681706899332,0.9270372018795278
786,-0.021967917336073596,-0.3039355907631417,0.07227819973605291,-0.5475156937878648,0.0401228998279364,-0.30417294552434454,0.07222179901044286,0.9375314736859602
787,-0.028778410134991644,-0.39611288412495377,0.07265204260791855,-0.7814900223158213,0.03682505126516063,-0.39141124678314376,0.07352473995448562,0.932655701618917
788,-0.03521802404940113,-0.4918939616205788,0.07159678060160142,-0.9701854827685998,0.03630029996831134,-0.49857502967631423,0.07063736038338189,0.9465267320291164
789,-0.03586940618955797,-0.5051962286130378,0.07100093816621235,-1.112719914195119,0.03223579063515184,-0.519397751808287,0.06905961002849624,0.9545585969568665
790,-0.07124839991864367,-1.085169936026829,0.06565644472192803,-1.9441588063283424,0.03664741773497425,-1.0326665854607966,0.06899458249329449,1.0329755774925338
791,-0.045989108758545075,-0.7161447483180446,0.06421761643376739,-1.4955728848755085,0.030750162177735126,-0.6887621619769044,0.06677066670815053,1.0565996881838893
792,-0.03676662446984118,-0.5667290291628388,0.06487513887219104,-1.118885122426892,0.03286005304109628,-0.5361271009620304,0.06857818678419143,1.0457970421799427
793,-0.024053102310355037,-0.3878448585375652,0.062017329302885026,-0.7347677569865385,0.032735652975577845,-0.3864132208348305,0.06224709977155869,1.0947299263981518
794,-0.03455498790079424,-0.5321049284904551,0.06494017636488418,-1.0095445094121311,0.0342282956111722,-0.5445414139216223,0.0634570429674755,1.044758139496244
795,-0.03778763391317793,-0.6200379028622349,0.06094407090073314,-1.2956090770905548,0.029165922484916965,-0.667769464999679,0.05658784340071029,1.1142312778101453
796,-0.03368259422859972,-0.5467995184016078,0.06159953162917907,-1.1681908476264757,0.028833126279867578,-0.5804215097139054,0.05803126463249467,1.1022213054872052
797,-0.038137505913035906,-0.5872584371527013,0.06494160577401673,-1.2068748292098328,0.03160021651790133,-0.5993101613879825,0.06363567376316581,1.0447170502478809
798,-0.05305058404513929,-0.8170801425667028,0.06492702647073384,-1.4456338965476232,0.03669710856381518,-0.8931340710605856,0.05939823119964775,1.044842087766749
799,-0.053750794656194534,-0.842542079483108,0.06379597644448828,-1.506589411676681,0.03567713554841419,-0.9342912467311695,0.05753109091437378,1.0636016139648155
841,0.11902835240392469,1.5661330325673264,0.07600143150598401,2.3882842980313654,0.049838435274242,1.663854844587573,0.07153770221670315,0.890353557972406
842,0.0890644421895715,1.1795022755074118,0.07551019106873426,2.2180590185884763,0.04015422558334365,1.0740061484975119,0.08292731127672669,0.8961450108569972
843,0.06567554031362462,1.0597316739168803,0.06197374479794576,1.8553515550242086,0.03539789542083181,0.9406195241795735,0.06982157889068706,1.0947313121917808
844,0.027239628967746884,0.44954188443142784,0.06059419580491161,0.6796653388490351,0.04007800223250351,0.41320476927171107,0.06592283292314789,1.1195647269049929
845,0.008800132555886409,0.14847169995865767,0.05927144740941761,0.1845255819963157,0.047690582848627004,0.13677163314751536,0.06434179627287923,1.1439426332213054
846,-0.029076307371390504,-0.5066807630125234,0.057385852185337136,-0.4172091485820428,0.06969240120982809,-0.3834099642184948,0.07583607648449302,1.1828666114157707
847,-0.032259601780892856,-0.5631838467374601,0.057280765362454265,-0.4405128411979163,0.07323192144221527,-0.4246733416955089,0.07596333137393638,1.1849439704767029
848,-0.022564789150358738,-0.41090760532186643,0.05491450841530081,-0.3693129979244839,0.06109936362156612,-0.3193242113893598,0.07066419753197148,1.2370026317491798
849,-0.013135292380472232,-0.25073469041424545,0.052387215980250146,-0.2386754478970596,0.055034116396159294,-0.19644113298463467,0.06686630330878643,1.2981199498358766
850,-0.00907857687953054,-0.18981235919758496,0.0478292189081334,-0.194975897560597,0.04656255974771953,-0.1721549642612653,0.052734911935230264,1.4248179008207824
851,-0.0029405740545353563,-0.06165300058803,0.0476955545794842,-0.06165201850623815,0.04769631434269779,-0.05624241052693002,0.05228392643532498,1.429390946328454
852,0.007899950006232427,0.1726927391565131,0.04574569866004978,0.16292606619685188,0.04848794419848991,0.16699648843223364,0.0473060845793664,1.4916059729808373
853,0.008801129979008029,0.1914709705752772,0.0459658712365896,0.18403078911934112,0.0478242256153161,0.18056937387961478,0.04874098962582505,1.4838726021796742
854,0.011396500911389506,0.24817679380087626,0.04592089669968678,0.23494206244604549,0.04850770778436797,0.23357221705184902,0.04879219393143697,1.4855837489084427
855,-0.002467086211652909,-0.0528072534032319,0.04671869966071591,-0.05147793073576948,0.04792512395877351,-0.048074565773023686,0.051317909418066486,1.4584767439940527
856,0.011966773701544925,0.2631707244235087,0.04547152320137,0.24953029820606956,0.047957197132279326,0.23464147878793948,0.05100024839325217,1.500495738231816
857,0.015443887992231554,0.3419522096730443,0.0451638783296594,0.3196111520242019,0.048320867073693645,0.3057763380797824,0.05050713894088814,1.511032787475705
858,0.028132651761842264,0.625620122939329,0.044967626088604086,0.54033072900414,0.05206561509779821,0.5501080707486966,0.05114022727125917,1.5186040280689537
859,0.020689852507082135,0.48154470054275217,0.04296559069960165,0.446545475804746,0.04633313655187241,0.43388534350270636,0.04768506891718292,1.591950964871099
860,0.025479331396974756,0.5956423349229729,0.042776226441778496,0.5418318461179502,0.04702442571348642,0.5313846980126478,0.047948936979680036,1.5992945737066104
861,0.022546310992807732,0.5224264744107143,0.04315690742556544,0.4864342480093253,0.04635017185791471,0.4616491734217637,0.04883862528268706,1.5850286962507425
862,0.001994016017203566,0.04318389271214683,0.046174994702195674,0.03772004601127426,0.05286356269574986,0.04261006336247222,0.04679683295096311,1.479083198348656
863,0.008512394685422878,0.18398045335158109,0.0462679297194466,0.1687493164936132,0.05044402467695361,0.18228473950810584,0.04669833968764208,1.4760769429534115
864,0.00033231402163619566,0.006330301101180362,0.05249576857793252,0.0052345578741478495,0.06348463989239858,0.005360404212980049,0.06199420947239534,1.2970948833365954
865,0.014268673736166483,0.26950515164494254,0.052943973980002564,0.2563188171556291,0.05566767939438083,0.2352561192248608,0.06065165821479994,1.285824996096863
866,0.03404498091390023,0.64438682986643,0.052833142044441145,0.7465626056977733,0.0456023120553703,0.5812622869383897,0.058570772057518324,1.2881562176084742
867,0.07027965055298557,1.2718551419796649,0.05525759045451832,3.6989250827785147,0.019000020000457467,1.645624234421207,0.042706985642870086,1.2303975935882623
868,0.07575552013009954,1.3683108795929568,0.05536426060767359,4.297573001900032,0.017627512108952356,1.7428380128528553,0.04346675914309165,1.2277035243450154
869,0.07812076042815938,1.3661075154711608,0.05718492837748285,4.692603213603334,0.016647638181232965,1.6810595362091245,0.04647114438571623,1.1881389630366066
870,0.09927498444005764,1.6399655691983288,0.06053479798883012,5.326702432721481,0.018637231137639647,1.9042962271345862,0.05213211212912904,1.1209536990708415
871,0.10773296237809941,1.4581798384541937,0.07388180767353524,3.9227168055665076,0.02746386438736072,1.2326788345522912,0.08739743018077212,0.9162878678921914
872,0.10940054247952154,1.4782869110300345,0.07400494563216682,3.9648273418306026,0.027592763328001604,1.2448407559303083,0.08788316253171122,0.9147836523889377
873,0.06323696733568378,0.6965040780455549,0.09079195560940816,1.8824723306672797,0.03359250826983905,0.561453851711207,0.1126307480890001,0.7446635793202074
874,0.08718330245922686,0.945193122275479,0.09223861283431668,2.90984671226592,0.02996147600893263,0.6163372469297547,0.14145389215648577,0.73272845557573
875,0.1198056456131157,1.3844958708731727,0.08653376881330586,2.5258176281194697,0.04743242120069999,0.7925304525463387,0.15116850744118346,0.7813689707845685
876,0.19296113826176808,2.3024669564478986,0.08380625733689416,2.133604990729617,0.09043901710962077,0.9830594150702606,0.19628634373841675,0.8063054751107792
877,0.2240948168057907,3.328514586286233,0.0673257728024028,3.927398594670025,0.05705935147756981,2.2036332199071493,0.10169333752158309,1.0044616286382306
878,0.20333805408696234,3.01487798665161,0.06744487007011321,4.43987237522136,0.04579817546598385,1.925988781813514,0.10557592858640585,1.003135296637126
879,0.1596290821557763,2.475850392556944,0.06447444588560891,3.0377078929746144,0.05254918767039932,1.606001219288338,0.0993953679727044,1.0505669765503456
880,0.11578298375310674,1.6749826174996303,0.06912488675610527,1.0817148326701833,0.10703651300343144,0.6610386820553793,0.17515311417646642,0.9800880284646533
881,0.07016234286599107,1.0194536093629192,0.06882347781360762,0.5795603319074304,0.12106132701504091,0.3633745104681559,0.19308548300649092,0.9846402989078601
882,0.07043618619358787,1.023657811107117,0.0688083316801041,0.5832237368936427,0.1207704380633477,0.3653351073181648,0.1927988435347552,0.9848354394593004
883,0.06777514299442242,0.9837151659033775,0.06889712118261622,0.5935147716397939,0.1141928495008973,0.34888762973889687,0.19426066508905598,0.983551195158686
884,0.0758628596082531,1.105994814703733,0.06859241887908378,0.6631695984526503,0.11439435671547847,0.39335472695340934,0.19286118714225756,0.9878847082383703
885,0.08405469002617376,1.216870099882995,0.0690744969691143,0.7243318966899155,0.11604444096731162,0.44427621147782376,0.1891946673142309,0.9808934614521165
886,0.0878877002906441,1.2920982016034566,0.06801936585127819,0.7734551255918871,0.11362999272050589,0.48547509252717763,0.18103441689075742,0.9962551381806691
887,0.07430808603012,1.0718842422096533,0.06932473032436448,0.6464975126009044,0.11493947707729517,0.381629735964403,0.19471251589538394,0.9773714389819843
888,0.08348223562916882,1.2135245062917674,0.06879320128793279,0.742318311825428,0.11246150647136595,0.46549220730570656,0.17934185431882607,0.9847681716893463
889,0.07921162451407539,1.1509421355460259,0.06882329012700199,0.7183044086140224,0.11027584345043243,0.4458823301611117,0.17765140970141982,0.9841115132924163
890,0.08517631484841692,1.235820274704535,0.06892289808789649,0.7572754547489154,0.1124773215799768,0.4819939047220533,0.17671658088194023,0.9829297946086786
891,0.04464081645327852,0.6608682570985988,0.06754873754909112,0.4222903521003768,0.10571119191154897,0.2425237416669788,0.1840678201088329,1.0028168167836022
892,0.041640345636002496,0.6182019605249964,0.06735718793360056,0.3936439504250394,0.10578174919503039,0.22734768742768144,0.18315711106253568,1.0058314050184
893,0.03983596050163935,0.5917838355961142,0.06731505341221747,0.3873763098336708,0.10283530378701751,0.2243003915734253,0.1776009405164099,1.0057650387134138
894,0.03551721180510998,0.5261765043147428,0.06750056590110427,0.3436070945426733,0.10336576970967933,0.19804539954828873,0.1793387369063826,1.0027948527916364
895,0.041409861866210665,0.6153572740213663,0.06729401538653598,0.4037478644028219,0.10256366786598226,0.23316917579493948,0.1775957809390232,1.0060524268668982
896,0.04246003003590271,0.622073729654791,0.06825562310670981,0.397152169190711,0.10691123788250935,0.2099481616686542,0.20224054213398762,0.9921793607156371
897,0.03154740490189368,0.460907771588977,0.06844624206082309,0.31346107996755534,0.10064217511519766,0.14790391890397775,0.2132966126636232,0.9895985715192451
898,-0.13778869175786815,-1.4514605037113675,0.09493106523087888,-0.8234060577839759,0.1673399053301811,-0.5904625007071674,0.233357226907459,0.7114702898387121
899,-0.119865618446614,-1.2469375682835802,0.09612800311374853,-0.7115852367471134,0.16844871458345395,-0.5048087992636345,0.23744756157472333,0.7028605497310734
900,-0.15605267867546502,-1.4593176724341965,0.10693537234779273,-0.7309633396350598,0.21348906328650594,-0.5306631657651222,0.2940710581456407,0.6312057040756075
901,0.17988064874008625,1.4271677170936752,0.12604030107015055,1.328358819962932,0.1354157069887983,1.1115538383486345,0.1618281027280906,0.5350155974436448
902,0.1504520652640432,1.1887046651639877,0.12656807840767378,1.111858600962295,0.13531582625149408,0.8038496324125984,0.18716443871783653,0.5331914257128795
903,0.1619047929159754,1.284926605940545,0.12600314459008635,1.2420799546386967,0.13034973498390542,0.8709848435347778,0.1858870382392718,0.5355981461282978
904,0.1374070937477648,1.0864491032983954,0.12647356726661652,1.0838708101255565,0.12677442040518414,0.7364156801969677,0.18658903855905512,0.5335378032108153
905,0.12080157950975748,0.9418804898706299,0.128255740307722,0.9250471290900972,0.1305896485821013,0.6248130653210694,0.19334035444294337,0.5260458745046243
906,0.10957092965484069,0.8521276554162125,0.12858511158321925,0.8159646040323862,0.13428392495624938,0.5619552285867578,0.1949816001007712,0.5248640651219818
907,0.07797033335063354,0.5772907762195492,0.13506249634063214,0.5244515928179485,0.14867021936512484,0.3591490994664663,0.21709739344039097,0.49963014128757527
908,0.08035847751559584,0.6246768531277568,0.12864007544579406,0.5949505270199758,0.13506749530603873,0.41268751340338505,0.19471991496153832,0.5245212793901084
909,0.05114245976557548,0.3898460027912236,0.13118631305542483,0.34526394179245357,0.1481256904502308,0.25218496203863416,0.20279742040185794,0.5144054634813766
910,0.08522492054082628,0.6554746369762232,0.1300201651340443,0.5741745209508179,0.1484303420494801,0.42477215181200684,0.20063678886968236,0.5191760759284682
911,0.11024966885633072,0.8427997622426645,0.1308135974824669,0.7453965344872971,0.14790740734012572,0.5388917283054103,0.2045859364051104,0.5160127639700313
912,0.12812785258379922,0.9821123465930173,0.13046150272754364,1.1158507402379476,0.11482526108866212,0.707062403796701,0.18121151951481687,0.5174289830568454
913,0.1726230450025468,1.3405771134265603,0.12876771002103451,1.7054207110479476,0.10122021146117859,0.9654795978087709,0.1787951246140549,0.5241305668093059
914,0.07911098065266316,0.6529805358162569,0.12115365820785247,0.6553512467710457,0.12071538894973897,0.4308631255894483,0.18361046920512003,0.5573997753657823
915,0.10397251866318144,0.8544175243516766,0.12168818604472648,0.8265460844803142,0.12579155671465497,0.5606223834038632,0.1854590928601603,0.5548476382782508
916,0.09698619110670034,0.7944293931276516,0.12208283322054309,0.7994472637744466,0.12131655895449246,0.5243572907639399,0.1849620341225741,0.5531096033092113
917,0.07679009679207788,0.6114263366048176,0.12559173884868083,0.6217282179555994,0.123510715091207,0.3919966057695324,0.19589480026575865,0.5376289604049643
918,-0.020166972575865187,-0.1522010612331241,0.1325021810785914,-0.23873237493936034,0.0844752312332491,-0.10842423010002347,0.1860006066656942,0.5094800297062105
919,0.08176179649674387,0.6322032223747818,0.12932834506856397,0.6531858750655489,0.12517385880173673,0.3766508654998013,0.21707582269391332,0.5217686250231678
920,0.08234591124232533,0.6451432623467714,0.1276397291088247,0.659142283409196,0.12492888609181355,0.386839767508308,0.2128682678431111,0.5287128221628749
921,0.07714889464306528,0.6059700703573997,0.1273146949280235,0.6624390019402233,0.11646188466727232,0.36739603870785964,0.2099883681772937,0.5299600567224313
922,0.058279189788732526,0.42622755148364955,0.13673257297861038,0.3575096538547901,0.1630143106916039,0.230425443951052,0.2529199414328239,0.4935614449455097
923,0.14164570811077987,0.9923345319441963,0.1427398760710922,0.924252074099897,0.15325441195111694,0.5501430180258773,0.25747070029000574,0.47275848927407177
924,0.14744816400700492,1.0300787710983632,0.1431426102003659,0.9162304547498997,0.16092912350010602,0.552801448479252,0.26672897549858543,0.4714482432939084
925,0.15053195173839803,1.0474452118922453,0.14371343725602312,0.9303375137984806,0.16180359225093507,0.5546824724352271,0.27138400656057576,0.46956906150955413
926,0.2249207311521766,1.610050088980058,0.13969797131880562,1.3070288400171823,0.1720855150749541,0.8307341022645045,0.27074936557806334,0.48291572169185504
927,0.21587782494891392,1.9117235875744414,0.11292313718994051,1.9543855298558248,0.11045815764141441,1.2179536103835795,0.17724634428475963,0.5976328995741088
928,0.2075407793588085,1.8372734980369883,0.11296128724468775,1.892043040900279,0.1096913626552891,1.1759284806792172,0.17649098798843002,0.5975208204973519
929,0.18648826485819095,1.6439455653951571,0.11343944032195771,1.7081589510876358,0.10917500665816159,1.0930111133056777,0.17061881859021555,0.5951014827739484
930,0.20202712883215082,1.7526061872585617,0.11527240420631119,1.8059061828323661,0.11187022379827805,1.1458782970457808,0.17630766666320702,0.5855483410524588
931,0.08691744734791013,0.9065303150871442,0.09587925070057343,0.8628471864314468,0.1007333033180328,0.5522647790127213,0.15738365119588407,0.7050010844430165
932,0.07762472061652471,0.7979890170241447,0.09727542479970752,0.71782718149741,0.1081384525654171,0.46784527504317486,0.16591964214955715,0.6947615289138294
933,0.10863022372772896,1.093970850971452,0.09929901114939647,0.987844391071634,0.1099669388312107,0.5976593653010849,0.18175942691537,0.6802861729633731
934,0.09777855387947737,0.975512682140891,0.10023299098981416,0.8968850347877917,0.10902016433200087,0.5496635931151909,0.17788799386425125,0.6740926401027993
935,0.13892228784726235,1.3077574466723638,0.1062293991907713,1.0202051936420848,0.1361709278810043,0.6518051170593296,0.21313469963847667,0.6356638471499424
936,0.12860251474421697,1.20335758645749,0.10686974195492804,1.0028868417177452,0.1282323283092901,0.6118310184854016,0.21019286511915455,0.6318956509604874
937,0.13852707447188622,1.293145074151794,0.10712415585911703,1.0503031884110174,0.13189246305294097,0.6721751596601907,0.20608776221649838,0.6304390723882881
938,0.1620862213918016,1.5238162289569575,0.10636861473955334,1.1046057878189837,0.14673671202813154,0.7092148901987304,0.22854317306618183,0.6345273433860497
939,0.13602628485675655,1.3867059324922686,0.09809310082944708,1.1235622712932882,0.12106697450794789,0.7353293279112979,0.18498688913053293,0.6883502997417476
940,0.04916621339667954,0.4797890376322148,0.1024746493569705,0.6950008127836262,0.07074267035711568,0.3764280743121491,0.13061250409263833,0.6587357543647997
941,0.09045816628184812,0.8926461245873397,0.10133709629184344,0.9901427292089235,0.09135871386352536,0.6066784797216057,0.14910396413493654,0.6663452803861026
942,0.07281245958142488,0.7195223664321974,0.10119554718287718,0.9929553107223991,0.07332903988242134,0.5544718092434228,0.13131859612624408,0.667583668269533
943,0.14824240400360295,1.6429632170093367,0.09022868100081179,1.4753504742150045,0.10047944986256832,1.0532271763342993,0.14075064462308376,0.7486418255200853
944,0.14838237181719002,1.6737663197492327,0.0886517849393821,1.5639440708078325,0.09487703210546734,1.088759505727938,0.13628571878045967,0.7620965050525614
945,0.1471346842260512,1.6601888003210292,0.08862527213627745,1.563984638219757,0.09407680908779946,1.079488318099444,0.1363003950659677,0.7623220791606674
946,0.153676916749381,1.727827341141371,0.08894228786069842,1.6181306470385493,0.09497188439674853,1.1204240580865683,0.13715960099234795,0.7596420570954046
947,0.13730777327094956,1.5449330850443856,0.08887619444502008,1.4697389315905853,0.09342324022290947,0.9950993891630382,0.13798397905402884,0.7604596827840187
948,0.11891534228197782,1.230880292102759,0.09660999777551907,1.0510907299099914,0.1131351831940911,0.6791551290633353,0.17509304898570272,0.6994401594412752
949,0.1340296629783856,1.3948757371442446,0.09608717064129815,1.1997012024747238,0.11171920366663918,0.7702135634616663,0.17401623307696565,0.7029195441638116
950,0.12679051987373396,1.2957021883663766,0.09785467757339489,1.104724205380066,0.11477119742308292,0.702627280210864,0.18045203117602143,0.6900883879122197
951,0.18053990393316335,1.921581911882075,0.09395379026873503,1.5658477217485467,0.115298506633556,1.0441000396917566,0.1729143732112711,0.7181185506597162
952,0.3532088917314367,3.419693522661258,0.10328670958108671,5.72612044927752,0.06168380404502354,2.97229802914202,0.1188336056036055,0.6509341492132172
953,0.35159758619119436,3.397419696286839,0.10348959434581129,5.427823436453316,0.06477690188480735,2.8868199170556847,0.12179408355675837,0.6499031187204143
954,0.34045517615975157,3.597423205655454,0.09463862234071521,6.601499334933896,0.051572401796380805,3.4222643989067105,0.0994824293144956,0.7110297142550773
955,0.2787227112561579,2.9984143466586253,0.09295670278751203,4.193438763501499,0.06646638402880263,2.305052709779278,0.12091815084039756,0.7249438859485969
956,0.29881787162808837,3.210469488356677,0.09307606651045994,4.552057378525999,0.06564457492072487,2.3982775358811725,0.1245968688600075,0.7241356635194459
957,0.3017627759144692,3.3513577609427703,0.0900419464108721,5.344655481961901,0.0564606599869556,2.6312094447305343,0.11468595801782444,0.7484167077689141
958,0.33512492549849937,3.77592865077186,0.08875298145000556,6.044974234639335,0.055438602794722104,2.8242480036993727,0.11865987868612539,0.7590584618345275
959,0.30041110941491456,3.373292640240536,0.08905575099867216,4.731099340948669,0.06349710453441394,2.438361430791827,0.12320204282322487,0.7570946072687462
960,0.3378978985042699,3.68661359893373,0.0916553605189324,6.022734590324751,0.056103733849917195,3.0083662512025615,0.11231940205724582,0.7350292436538693
961,0.3316413401238898,3.5556790129582847,0.09327088832126271,5.869777253509879,0.056499816909676134,2.8561184630201812,0.11611610107138137,0.72232571920546
962,0.2930658567531416,3.1028046300299144,0.09445192066453638,5.745188996100932,0.05101065551577774,2.534999692189651,0.11560784707630507,0.7135511393789638
963,0.3117005560798499,3.3078791588970384,0.09422972881022101,6.5432701165529235,0.04763681622913921,2.901029321084269,0.10744481409217568,0.7146542762360675
964,0.271542085184197,2.565976063343648,0.10582409129349339,3.664871720465844,0.0740932032266824,1.9597965432647177,0.13855626295362777,0.6368625543125305
965,0.2969610418091922,2.8759213831545987,0.10325770500842259,4.537167829071144,0.0654507509963515,2.2699100255685605,0.1308250276284895,0.6526371478556117
966,0.29509912910357905,2.8584773206698864,0.10323647732647476,4.571709555462895,0.06454896697253107,2.2563811536066023,0.13078425541353786,0.6527345123206734
967,0.319209987475766,3.1250404525273816,0.1021458737334438,4.589531559865919,0.0695517578018554,2.447273903145082,0.1304349247812178,0.6596749661086426
968,0.30634216172665985,3.023732638658107,0.1013125822733489,4.612985559627023,0.06640865395456143,2.346089483081945,0.13057565107202682,0.6651919329222366
969,0.32388882752557563,3.136455042365847,0.10326589195465219,4.340730369537729,0.07461620509731604,2.416823896902867,0.13401424404179202,0.6522983681695214
970,0.32600811633899673,3.1709636320324606,0.10281042426526936,4.266818394311407,0.07640543520053165,2.3872059220449247,0.13656472335647196,0.6554389006509239
971,0.3492501914201998,3.378928334620366,0.10336123079077948,3.8815740482385808,0.08997643406511491,2.5488921661193236,0.13702038715585665,0.6518496060800332
972,0.29252559394899075,2.5675256967828908,0.11393287876944144,3.666788039391651,0.07977706668791333,1.8371855661977257,0.1592248487747524,0.5919034775527644
973,0.22421709352824482,1.8214535899031687,0.12309788993315199,2.0422872336324263,0.1097872472764033,1.6016859279318212,0.13998817721884177,0.5481128070196813
974,0.2654163298527595,2.1832310589985444,0.1215704259788732,1.9870197478216938,0.13357508406432644,1.7970337654347315,0.1476969075138947,0.5547109108637176
975,0.3036092832712795,2.2529738273441686,0.1347593476614762,2.108649914881577,0.14398278307299311,1.6789593769359232,0.1808318220452493,0.5002734412968969
976,0.3433634338428797,2.4591354126407796,0.13962770495592747,2.9659475041136103,0.11576854727423631,2.147296863123683,0.15990496690959966,0.4827312698773836
977,0.35388249736541355,2.5453482676818777,0.13903107164494413,2.9829511217732274,0.1186350305180484,2.155656276087437,0.16416462183280814,0.48475174329769555
978,0.33729131633327647,2.3253395028030504,0.14505035326097243,2.646567724486186,0.1274448083125322,1.8322128574789014,0.18408959142300993,0.4647067027133244
979,0.27671406708210744,1.8716986253720658,0.14784114457908565,1.8569473303685526,0.149015571177879,1.5211154761224202,0.18191522696718482,0.456086620671425
980,0.2672461172581769,1.8092004578162222,0.14771503959309942,1.7538386473504435,0.15237782430094726,1.46396730850681,0.18254923843262427,0.45648609182535765
981,0.3544955046920625,2.071523443013978,0.17112792321398337,2.1585507255188214,0.16422848001723805,1.4785524139920547,0.23975849712012132,0.39386963786259876
982,0.37527331457432683,2.0812729629278075,0.18030951310029766,2.3450567653693324,0.16002739043087663,1.4428305810916604,0.2600952041717824,0.3737575163247081
983,0.22723066336787312,1.2750420021238005,0.17821425724751153,0.9139234588611225,0.24863205027151242,0.6833296188500056,0.33253448570001387,0.3783742688357065
984,0.2288167637895146,1.2006982882145578,0.19056974265347362,0.8788063903203965,0.26037221202509947,0.5828305969150246,0.39259566158788256,0.35382456398866025
985,0.3891285089960087,2.4369114161492136,0.15968102345341145,2.2776502330855846,0.17084647297616345,1.1310340413581434,0.34404668185649295,0.42164393383146886
986,0.37856770313010635,2.2849875361830203,0.16567604730242355,2.0723915238075405,0.18267190286253232,0.9884110683507982,0.3830063373953927,0.40650886373808065
987,0.09354210692279524,0.6111527865504512,0.1530584642357239,0.49957279631246965,0.18724419666816108,0.22233703738834842,0.42072210739863586,0.4401067715485085
988,0.05115093083096936,0.346911736826832,0.1474465271738626,0.27668569032147533,0.18487017081200752,0.12952981207468683,0.3948969739991266,0.457005349502785
989,0.07356123625968444,0.49476602194113456,0.1486788360507838,0.3786801012866767,0.19425693615729628,0.18398466344116307,0.3998226530615623,0.4531809159928989
990,0.05015499966784224,0.3342317395592345,0.15006055299829918,0.27193416978846635,0.18443801934437695,0.12115465721007543,0.41397500370849355,0.4490982856437239
991,0.03850658322871591,0.25676817052661827,0.1499663418162029,0.20672791188138456,0.1862669771018151,0.09187098556197408,0.41913758727166633,0.44946784099837017
992,-0.0031138052348603637,-0.020854791810245393,0.149308862116314,-0.01515139559802176,0.2055127671055541,-0.007070002666700626,0.44042490245813304,0.45177099282643535
993,-0.00953875409140641,-0.06425893492175114,0.14844245555924424,-0.052512136593878996,0.18164856183966968,-0.02293835800476423,0.41584293389375293,0.4542272604520467
994,-0.0359897769286905,-0.23760381082832124,0.15146969572257674,-0.19599334726264464,0.18362754364545705,-0.08094442968919112,0.4446232689128006,0.4451579726151598
995,-0.09036426873958184,-0.5875145521514306,0.1538077115003794,-0.4334488495508715,0.2084773528254025,-0.18207093941923758,0.4963135194876353,0.4385294083424604
996,-0.11839348392652185,-0.7694462041151985,0.15386843588716495,-0.5511132927721477,0.21482603573394565,-0.24038927162753812,0.49250735328139794,0.4381883276475213
997,0.04829706301403223,0.3316764387793371,0.14561499511927664,0.2581668967205875,0.1870769011346325,0.12215335031416082,0.3953805842395574,0.46304241564206194
998,0.029388976786756327,0.201443972058042,0.14589156720107013,0.15755602891743808,0.18653032187144442,0.07419619410141769,0.39609817110814294,0.4620748932376884
999,0.020109215910008842,0.1421871492887204,0.14142780139136027,0.11814445872960115,0.17020870996610243,0.055428583280672024,0.3627950548218492,0.47673951748240795
1000,0.06922826093569467,0.4916048190841578,0.1408209566876591,0.4018002672269052,0.1722952087948712,0.20919108103631015,0.33093313822341425,0.4782454919484874
1001,0.08191642627104882,0.5846759522593364,0.14010568752571906,0.4918352347552533,0.16655257794170036,0.2610693686246297,0.3137726448054875,0.48029337669929084
1002,0.1555149915609102,1.2025747680530674,0.12931835565840477,0.8772531323750348,0.17727493447629655,0.5578521402421841,0.27877457186665167,0.5210658157458185
1003,0.18967067541784788,1.541351408085862,0.12305479102483953,1.0850666144565355,0.17480095036639384,0.7570496258984206,0.25053928953832877,0.5479719382711936
1004,0.24555296102320237,1.9434967318278287,0.12634596035171286,1.3923045671748817,0.17636440101712275,0.9974686868280785,0.24617610985268484,0.5335798209479816
1005,0.2297813408311794,1.802156103306595,0.12750357219864403,1.2716257648155014,0.18069887162479606,0.9178737801060823,0.2503408919738645,0.5285973972773812
1006,0.07590309934729728,0.5197045402917421,0.14605048342407823,0.2573757226095633,0.29491165125329866,0.29482425038275467,0.25745202183591176,0.4619148413502413
1007,0.13605566908326877,1.0156989310713944,0.133952754030914,0.5748338766467016,0.23668693619268005,0.6539890012645637,0.20803968999507536,0.503696968854946
1008,0.32189610456222834,2.658817024145026,0.12106741518466764,3.2845355952748356,0.09800353664162177,2.6835811828960954,0.11995020184738406,0.5567177253438529
1009,0.32478895123137375,2.725450017909402,0.1191689259010914,5.402781799538684,0.06011513388512299,2.948847622362025,0.11014097465342004,0.5656310875001378
1010,0.3671197551238811,3.256067375767385,0.11274943444232596,6.160838176101064,0.059589254680962225,3.370987354581227,0.10890570521570167,0.5975214787412156
1011,0.3706620912588978,3.2884553492228883,0.11271616971977158,6.2441181501658765,0.05936179975214772,3.450547294275244,0.10742124644222621,0.5976004627410921
1012,0.3767947810508178,3.3122026393116744,0.11375957997821096,6.425035281105495,0.05864478007753232,3.3990019840860666,0.1108545340117333,0.5920689127331031
1013,0.4254352028154297,3.7627520410879507,0.11306490519965824,9.291845418892413,0.04578586746077633,4.434853227439002,0.09592993972905527,0.5949759891086668
1014,0.3739693073017726,3.348312403986,0.11168889344273271,6.393826840619884,0.058489120306785804,3.505104667631485,0.10669276462847427,0.6029465428888757
1015,0.32382725099263315,3.0200033629779277,0.10722744714870701,3.5998187967083375,0.08995654205948914,2.7824927626094373,0.11638026712743221,0.6285508971977615
1016,0.3194967159611341,3.0378167614922473,0.10517313618487963,3.6082609933299343,0.08854589968733999,2.91085059264781,0.10976060288635732,0.6408248954522893
1017,0.3204654987689667,3.04654707262734,0.10518974141193803,3.674331043010056,0.08721737236458627,2.921185366395008,0.10970392446010657,0.6407947326734644
1018,0.3121748791755435,2.8669871696880254,0.10888603983864817,3.1246622513826083,0.0999067592145076,2.6519657594054786,0.1177145210372276,0.6190271762114943
1019,0.32139559041468896,2.9586787018250678,0.10862808125006454,3.261027164032189,0.09855655112583923,2.7234306590412163,0.11801129922207612,0.6204518637275052
1020,0.34323958144782746,3.0994231990808077,0.11074305101336972,3.1011089988404232,0.11068284977283054,2.8237395747050242,0.12155497076379052,0.6083689468837916
1021,0.2858641002919112,2.5530605685142027,0.11196918076184724,3.163122369613321,0.09037402505767014,2.4710432879446165,0.1156855898423736,0.6023366871819867
1022,0.29650912405193647,2.614987651017647,0.11338834580597242,3.125318825472839,0.09487324033479262,2.5260136261157755,0.11738223459541484,0.5947140573864121
1023,0.2971428421048758,2.5658820038741714,0.11580534165492647,3.0340234276313485,0.09793689771764688,2.4147761380717343,0.12305192080544268,0.5822938191952809
1024,0.30561198531453254,2.593178327422901,0.1178522826921238,2.80509158561786,0.10894902215722746,2.4128124404953266,0.12666213924684233,0.5720165522020434
1025,0.3312749444114125,2.8083052113360494,0.11796258578810549,2.8811168956046496,0.11498143130422656,2.5615991216476792,0.12932349234970414,0.5714109532486411
1026,0.37700875922674304,3.2870649206224507,0.11469464958281118,2.759879027398291,0.13660336394604414,2.8778850628989874,0.13100202092399404,0.587246917509225
1027,0.3237468814099633,2.842831710431419,0.11388183135217404,2.807846759661824,0.11530076571876567,2.3326657336480445,0.13878837277883666,0.5916793117280662
1028,0.2922051123361394,2.401141700541864,0.12169423914890055,2.0685494524701697,0.14126087823871025,1.6723206292537904,0.17473031619930732,0.5538575780446764
1029,0.22499394241751725,1.6638331517608898,0.13522626483274403,1.5073372237850473,0.14926583041088776,1.1494322779916635,0.19574353941985703,0.4987790028963922
1030,0.29546123826341714,2.3353414085482878,0.1265173636633643,2.121181199873332,0.13929089993870436,1.7072614088282698,0.17306151051946903,0.5327178476638553
1031,0.22602310512633597,1.6583324135056252,0.13629541537364956,1.5075474137828233,0.14992769252887775,1.2255383362397698,0.18442760902920935,0.4944973597709105
1032,0.2200780929734847,1.6812997028652839,0.1308975982083539,1.5872213640078778,0.13865620635156245,1.3280246816615295,0.16571837557878724,0.5148925018387266
1033,0.2205379522846935,1.684553869408942,0.1309177202876115,1.59655139218013,0.13813395131837475,1.326404200061843,0.16626753162754687,0.5148642376074483
1034,0.20100598124568966,1.5506491442122126,0.12962699008730835,1.4758582682299028,0.1361959922389904,1.2377762286434268,0.1623928272285431,0.5201176449773022
1035,0.2681666620236673,1.9816984793060983,0.1353216267883332,2.2063073345921653,0.12154547003454429,1.652134840295637,0.16231523933947237,0.49805887035788127
1036,0.32329450068934756,2.1906615110374434,0.14757848214361663,2.382550698791294,0.13569260072969697,1.7513999021059812,0.18459205136451143,0.45645581125696827
1037,0.33421681096298195,2.196605355380948,0.15215150511413558,2.3304026601099053,0.14341590690907458,1.7327857088091143,0.19287832838411276,0.442704691820733
1038,0.32151659685359624,2.131507505306399,0.1508400022299612,2.2830564080375186,0.14082726809626536,1.6729090884289652,0.19219011904318936,0.44658965491027636
1039,0.34806856636423483,2.2542471004509843,0.1544056844054941,2.2729014994529235,0.15313842964510924,1.722100407261659,0.20211862496316607,0.43622164841641525
1040,0.326583095142054,2.091422350237294,0.15615358375844063,2.150166059324914,0.15188738270968294,1.5510601362772027,0.21055476025959038,0.43136908413111585
1041,0.3211281903978645,2.0367356038715907,0.1576680791495166,2.1318152888849897,0.15063602933715015,1.4968794610900962,0.214531763408661,0.4272921269845642
1042,0.2894925300573027,1.9649101212000868,0.14733118168300363,2.117770610578783,0.13669683043631667,1.5322345546902565,0.1889348658605497,0.45741126583150776
1043,0.275945276261132,1.8826290322666108,0.14657442944503243,2.0044419232129598,0.1376668852639112,1.446867935392037,0.19071904871978732,0.4598392392152943
1044,0.19915477366214943,1.3538130349763604,0.1471065564571307,2.273666160390764,0.08759191526513357,1.127126497577058,0.17669247780995748,0.45814991271692607
1045,0.14958973419262495,1.0346224488526707,0.14458388599484795,1.8015881352877277,0.08303214883724482,0.8521232526742675,0.17554940992768225,0.46631854287042807
1046,0.08239102519024642,0.564250891725832,0.14601842265280815,0.9106549462380552,0.09047447173114953,0.42368836394320736,0.19446138294534424,0.4619659277644376
1047,0.1061566169567105,0.7289659778465556,0.14562629832232862,0.8742854220597186,0.12142100769176431,0.4661455355817359,0.2277327762545879,0.4634413469475231
1048,0.2085766981290486,1.4131476967642644,0.14759723884957973,2.0962098186764755,0.09950182289516309,1.045890422137722,0.19942500066377258,0.45707321165229714
1049,0.20708858744203495,1.3826223589184294,0.1497795736530922,2.1283226110388056,0.09730131436274964,1.0499801621300615,0.19723095246096928,0.45041005101919274
1050,0.1801236715744087,1.234910941954785,0.14585964497916298,1.7246259552496581,0.10444216673541473,0.9327143179424663,0.1931177297371771,0.4625894565245816
1051,0.04669774386783189,0.2703310703147902,0.17274279206402043,0.553116566374177,0.08442658691991048,0.22510733172492992,0.20744657008726058,0.39059160331084763
1052,0.03379840630336286,0.1937963861205005,0.1744016334873622,0.3840041317499083,0.08801573605300389,0.1593611218421138,0.2120868999456998,0.386869362837901
1053,0.05008086657569415,0.2973530864063717,0.16842221878690078,0.5730802829727858,0.08738891925561565,0.24569860168860053,0.2038304908188564,0.4006221451538474
1054,0.008621703278166592,0.051941910382734206,0.1659874119884604,0.08394853354750907,0.10270224998376301,0.04110210355597541,0.2097630664188517,0.4064803893452186
1055,0.005273456691231325,0.03486070029749301,0.1512722534610288,0.05329756636141908,0.0989436676239811,0.03073380276137432,0.17158490708669832,0.4460983275829011
1056,-0.004723474672642539,-0.031203195788080302,0.15137791349073668,-0.04939467847182226,0.09562719747911907,-0.027866907659213486,0.16950121378397154,0.4458280747010841
1057,-0.03499823680365646,-0.23753337265811264,0.1473402933322984,-0.40396284404779353,0.0866372670638881,-0.2207001407571389,0.15857822602011362,0.45805228035457907
1058,-0.041231697649574184,-0.29759929038665345,0.1385477014948666,-0.5407552144304688,0.07624835886788443,-0.29308497189468685,0.1406817189671186,0.4871730930858277
1059,-0.05766537756612595,-0.41579225702629546,0.1386879543610142,-0.7320009315519441,0.07877773795159973,-0.4010470723346508,0.14378705529611122,0.48663406802107406
1060,-0.07865868152925336,-0.5888477986601067,0.13358066669899624,-1.0038768749840439,0.07835490934135085,-0.5759080195765067,0.13658202153026958,0.5052009939395018
1061,-0.06895015198921098,-0.5156312872120581,0.13371987639077185,-0.8862299120770138,0.07780165287765549,-0.49299786236118104,0.13985892689063342,0.5046036187049674
1062,-0.05573913998928967,-0.4225352862708611,0.13191594122522296,-0.7242382276851371,0.0769624384057262,-0.41029892592246237,0.1358500753175824,0.5115486293934287
1063,-0.033365905575900905,-0.2429144977214429,0.13735658385512484,-0.36150181131702797,0.092298031521175,-0.22854033225515558,0.14599569908146143,0.4912346169605884
1064,-0.022154113312784864,-0.15999303557882916,0.13846923544287307,-0.23946306328521091,0.09251578514385891,-0.15368028116852844,0.14415716280796156,0.4874246877261338
1065,-0.12394883552766085,-0.8631533596422869,0.14360001515724674,-1.8765152536957943,0.0660526661233069,-0.8626371736519414,0.14368594272714705,0.4697299742624666
1066,-0.04489152907513315,-0.31759686549154403,0.1413475193014094,-0.5103791986125912,0.08795720749820087,-0.30394276474896437,0.14769731107832237,0.47731184838830626
1067,-0.009170036670661016,-0.06459799359702384,0.14195544102910804,-0.08500177298149705,0.10788053412317791,-0.06471969392469294,0.14168850491368454,0.47549649340798866
1068,-0.024596689334105564,-0.1721521689429965,0.1428776034895621,-0.22429468220989182,0.10966238294980318,-0.1890283285290064,0.13012170993371083,0.47242083194128365
1069,-0.03849738854564083,-0.266805913027807,0.1442898626524389,-0.33304863986859323,0.11559088954943715,-0.29429433648198444,0.13081253620386096,0.46776569949220087
1070,-0.04894818544836943,-0.42712975934178954,0.11459792809519755,-0.80048986742071,0.061147788923409246,-0.5608978546569372,0.08726755690357861,0.5893809147945771
1071,-0.06809636169242334,-0.6260996959812557,0.1087628090694074,-1.2433416316009591,0.054768826171082745,-0.8462907543992835,0.08046449915521019,0.6211190190409588
1072,-0.09498438412364972,-0.8997073370230261,0.1055725347732924,-1.6037679930555524,0.059225763660916,-1.2112374218999313,0.07841929452167887,0.6399632065820198
1073,-0.10291559875717181,-1.0922866779971299,0.09422031855765454,-2.060888104313938,0.049937499538060565,-1.651922961972003,0.06230048321037627,0.7174106496090342
1074,-0.027930502815746876,-0.30251429884581527,0.09232787647496432,-0.40342357309052057,0.0692336905396448,-0.2493287019795891,0.11202281403620094,0.7322348343042941
1075,0.0258518463198103,0.3113936932033787,0.08301981345179603,0.38380788615875905,0.06735621453363491,0.2518634397854228,0.10264231419151187,0.8151269296346972
1076,0.010188097646223948,0.12518144194262926,0.08138664556119397,0.19605801631573277,0.05196470839436112,0.1018974128786385,0.09998386964307072,0.8316629235512244
1077,0.03370728702298913,0.4223843585637375,0.07980240352082715,0.5858087831982827,0.057539743325391544,0.3376573182794167,0.09982691088926976,0.8483279820782179
1078,0.03352429411595282,0.44339413616838574,0.07560833890509877,0.6695691164591815,0.050068459389579,0.3579327950138386,0.09366086199130394,0.8958191652455677
1079,0.027202674328425432,0.35467626825469056,0.07669719336533501,0.5610477371882149,0.04848548978159365,0.27892212802506644,0.0975278459297455,0.8830046765772365
1080,0.02323344258996512,0.3025019274420086,0.07680427951791846,0.5094666391218019,0.04560346214231808,0.24042011326523646,0.09663685069615412,0.8816603072514652
1081,0.01552271701779814,0.20120913193744352,0.07714717949592961,0.2811590685022637,0.05520973269860283,0.1583806159330007,0.09800894463224383,0.8777849366168256
1082,0.011630047837619164,0.15188648967543342,0.076570653930257,0.21819192913804317,0.053301915811291074,0.1175590851928566,0.09892938362475329,0.8843559607378769
1083,0.017137219708587226,0.2236457708068503,0.07662662095849616,0.33941428138823104,0.05049056756979892,0.17181119415429855,0.09974448866932847,0.8836037007414952
1084,0.01463186038780598,0.19178077421300577,0.07629471957160192,0.2853348990313469,0.05127960315221912,0.14702496169059967,0.09951956606251235,0.8875134280505218
1085,0.014056928239601557,0.18422477444399737,0.0763031371976234,0.272759355634044,0.05153600765379967,0.14189806567799465,0.09906356490792873,0.8875040582329222
1086,0.028682057989559764,0.3737294655273848,0.0767455088109934,0.55296563447559,0.051869512680947444,0.28963638963202204,0.09902781216821482,0.8821731171696916
1087,0.02230370212652416,0.28806868282493653,0.07742494570323856,0.43506289620029814,0.05126546603104436,0.22589735047036538,0.09873379249505673,0.8744487496638458
1088,0.021363914235835776,0.27630455184158625,0.07732016752327828,0.4174589559518049,0.051176083136427464,0.21837721114798975,0.09783032819005043,0.8756692591145148
1089,-0.004693235646797134,-0.06026804940143385,0.07787269860911536,-0.07723493696968771,0.060765708252459395,-0.04797083723710377,0.09783518314679485,0.8691831244389956
1090,-0.0058084031116139604,-0.07471462308671191,0.07774118200225509,-0.0955902081167584,0.0607635784673604,-0.0594412751727605,0.09771666396342239,0.8706777104038194
1091,-0.0003901504735633911,-0.004482861947317474,0.08703156112064872,-0.00504431401656569,0.07734460469394339,-0.0029638632677249427,0.131635786917684,0.7770849431323099
1092,0.034239018818836564,0.3727710684947587,0.0918499897459665,0.436733164994715,0.07839802781923122,0.2325437068478481,0.14723691852576748,0.7361823983160639
1093,0.06390084241816239,0.6653771822372623,0.09603702099206707,0.7096983332184176,0.09003944271417105,0.39804883250620643,0.16053518362515495,0.7038601482961577
1094,0.10555295904672192,1.0156862509343811,0.10392279992922857,0.8737065755960646,0.12081053524715782,0.6044468307608367,0.17462736782631322,0.6499309568473498
1095,-0.022154036386588333,-0.19327041828375527,0.11462714565072382,-0.2768251472431485,0.08002898799916254,-0.2804248883256499,0.07900167677293125,0.588666814860179
1096,-0.07480386367883375,-0.560043052862132,0.1335680592707013,-0.9119965752369398,0.08202208836080273,-0.756670517935662,0.09885922856213906,0.505100553457266
1097,-0.05001771355258081,-0.29558071315449724,0.16921846157951798,-0.35105561886581843,0.14247803158421668,-0.30790740322174004,0.1624440108592013,0.3986054438070205
1098,-0.11104305056151197,-0.6339858902987171,0.1751506654338813,-0.7782264357844928,0.1426873278206937,-0.64443057565919,0.1723118901487964,0.38509222593039205
1099,-0.17914359850397807,-0.7319205945466101,0.2447582426819797,-0.6384944706426722,0.28057188705747493,-0.5123638894836966,0.34964134315651924,0.2754653884763905
1100,-0.15235384182052725,-0.6051977792416914,0.251742235424964,-0.5618017878864826,0.2711878906503441,-0.41771117999421287,0.36473489127736064,0.2678351060723845
1101,-0.018426093252506562,-0.07102183829895807,0.2594426403741352,-0.10177203135988179,0.18105262326295737,-0.054931656867088056,0.33543669176209456,0.25994639398109737
1102,0.11856752083130204,0.4474685004284461,0.2649740053607683,0.747362686476787,0.15864790011159424,0.41413035571558876,0.286304829372929,0.25447486295025196
1103,0.20273821164536188,0.9601416667230604,0.2111544771692935,1.9305658873402165,0.10501491452575018,0.9830123291994204,0.2062417790939355,0.3193725801640802
1104,0.14460858360415793,0.6731765439828415,0.21481524407933594,1.2627413165694217,0.11451956288008874,0.5961599198307634,0.24256676571818026,0.31396814535290307
1105,0.06596049425489012,0.34839404950182473,0.1893272699381872,0.6845709932598605,0.09635303701781558,0.2866417324490669,0.23011476274345563,0.3563287331789081
1106,0.08419717520879601,0.47001401068128984,0.17913758589185755,1.058047361561299,0.07957788872943374,0.44037756349669627,0.19119315375708884,0.3766228398939678
1107,0.09478962867703308,0.5326704440248342,0.17795173308435674,1.1902245661063267,0.0796401211807665,0.5159219793875803,0.18372861103834362,0.37913040737234455
1108,0.09219317114531597,0.5814041759303984,0.15856984686734119,1.3496839670482226,0.06830722850397616,0.6460863081760216,0.14269482262453176,0.42555678236503086
1109,0.0681975496813307,0.431713939698227,0.15796930191552666,0.8823065963646667,0.0772946161372049,0.4507787608105285,0.1512882939708766,0.42719770141700425
1110,0.033084889093940084,0.228972493518535,0.1444928540783957,0.4345715695362297,0.07613219872907916,0.24406559308768522,0.13555736667090845,0.46715064340305723
1111,0.09304150923505623,0.7693455592684412,0.12093591509584843,1.7645339469638257,0.052728659255975,0.8847594162535186,0.10516023624708862,0.5583524607809879
1112,0.09203157101782904,0.7612494486593041,0.12089541894567284,1.760785168721666,0.05226734791538718,0.8761577619027943,0.10503995401234546,0.558540509249579
1113,0.08585979698791528,0.713259246386106,0.12037670373422275,1.7625788656886299,0.04871259871504832,0.826918606511013,0.10383101349016723,0.5609480520253144
1114,0.09493382454634736,0.7949557454349575,0.11942026344423061,1.8965548597766855,0.05005593381966582,0.9558754085887313,0.09931610719697148,0.5654464901877888
1115,0.10065459358328796,0.8428116579905788,0.11942714914891829,1.7947713704040456,0.05608212569193603,0.9705096285020332,0.10371313238658621,0.5654464901877888
1116,0.06128798317080436,0.4992001694065948,0.12277236052154814,0.9300424028779811,0.06589805258464669,0.49741377410923093,0.12321328109692768,0.5500005837015386
1117,0.08360043691386215,0.6743137178355838,0.12397854989841128,1.5569242961440415,0.05369589075134307,0.7675482119299952,0.10891880876596582,0.5446467013844372
1118,0.08408901363189636,0.6874825003230431,0.12231440595561856,1.7160489041986502,0.04900152520487971,0.8258229897703785,0.10182450073868428,0.5520822313051963
1119,0.044135677559094935,0.36968852978998334,0.11938611561513149,0.6475845354503619,0.06815431058495063,0.3662602473237074,0.12050359786954175,0.5657145239940959
1120,0.022950186201027963,0.19409016474801677,0.11824497254059067,0.27009981644425984,0.08496927729591465,0.17766502293041367,0.12917672720542692,0.5711899592078378
1121,0.0157661833146904,0.13351276079147728,0.11808746385908622,0.16149814059255768,0.09762455008362463,0.12007196866788727,0.13130611157295863,0.5719675345370483
1122,0.026632335757998223,0.22552263668810002,0.11809162995389683,0.28187272128564866,0.09448355142890583,0.2045506423797624,0.13019922816254692,0.5719360981522471
1123,0.03598100204766372,0.3133886376497019,0.11481272045313397,0.4086473346372752,0.0880490315190757,0.2921611301551792,0.12315465109459522,0.588300844134713
1124,0.009722739790654166,0.08294118714232072,0.1172245072158262,0.10616253034430863,0.09158353478502411,0.07376708998744597,0.13180321729254643,0.5761858527612703
1125,-0.008688394906338326,-0.07524589347589729,0.11546669864610468,-0.09295058608933977,0.0934732665159039,-0.06275411120446711,0.13845140564623037,0.5849073774076033
1126,0.021846039109736464,0.18291733635466012,0.11943121163419403,0.2329739661745419,0.0937703017571054,0.1580254931992459,0.13824376477149775,0.5654597060990655
1127,0.005610925782827804,0.04574199158970839,0.12266465861731786,0.05426338089536473,0.10340169908777468,0.034920755885541215,0.16067595447299535,0.5504823613829178
1128,0.003959512753571393,0.03224817777439993,0.12278252685380055,0.038867171034840546,0.10187293410220374,0.025276871331798845,0.1566456821968406,0.5499860768561352
1129,0.010207759110431197,0.07887855434932622,0.12941108257669776,0.09267955190981676,0.11014035890423825,0.057309601244985624,0.17811603795314032,0.521688176479872
1130,0.15229181722507623,1.2885734795545665,0.11818636627359458,1.14235798416467,0.133313566619344,1.0227150261966986,0.1489093377178815,0.5712129772617905
1131,0.20170287038476772,1.6105357165659318,0.12523961332248446,1.3597052669956853,0.14834308234345303,1.4307297659082707,0.1409790130819852,0.538783918120039
1132,0.16404840585286962,1.1004604927334753,0.1490725082237015,0.7686772828316959,0.21341648766897212,0.6849614281852103,0.23950020994249577,0.452536229441954
1133,0.16465475729530296,1.1172367718153038,0.14737677943393265,0.7943465383453369,0.20728328172523666,0.7218863084987399,0.22808959715238925,0.45775569869952154
1134,0.15549767981726642,1.0317448753618768,0.15071330474282876,0.7455702928721634,0.2085620649103951,0.6625028712161796,0.2347124617464886,0.4476557991769924
1135,0.14649802536152562,0.9620126174984812,0.15228285232106833,0.6849207358585065,0.21389048059393215,0.59523585214812,0.24611761007478875,0.44305332899404004
1136,0.1333913526275215,0.8781965988097953,0.15189235850868074,0.6519824243951332,0.2045934792663672,0.5511311270907064,0.2420319703800138,0.4442516745515847
1137,0.13170146689447568,0.9086234936415678,0.14494613865490588,0.7002465553678344,0.18807870725660886,0.5992896935024844,0.21976260950653193,0.46559430357249726
1138,0.14763748628799425,1.0198925528095382,0.14475788246643378,0.8173939081384094,0.18061975360721036,0.7068497457822427,0.20886685914360723,0.4661793534647278
1139,0.17707269456002583,1.1989935787419064,0.14768443943280055,1.0260147004037485,0.1725829995324099,0.8950954005252875,0.1978254993334907,0.4568683651185648
1140,0.2120649115805062,1.4227255371292191,0.14905539125164757,1.5843162204742844,0.13385264181478995,1.1474712892986536,0.18481064716671253,0.4525466589299591
1141,0.2521133254109061,1.7025491093616594,0.14807991383310612,2.5295981175606905,0.0996653672615873,1.6258607194027435,0.1550645282232536,0.45536251888554924
1142,0.28203625128661997,1.8949279507012966,0.14883745378405588,2.9739333105729497,0.0948361048594878,1.920543151407031,0.1468523376212579,0.45299874486695274
1143,0.25731108586363816,1.7152332249112245,0.1500152178296079,2.3605402454085045,0.10900516793311824,1.6358961358880824,0.1572906006798232,0.44953334126700406
1144,0.2590081642784081,1.6172164010862,0.16015677562040914,2.1288461102563163,0.12166598751810347,1.5005461254326335,0.1726092653124752,0.421005006378503
1145,0.2877718083770054,1.5924980188421847,0.18070465706841382,2.038321912867864,0.14118074606386302,1.3461523524392827,0.21377358057247473,0.37305103876887047
1146,0.37102978476418624,2.0848981125781845,0.17796063151756175,3.243934323789381,0.11437647859984114,2.1598942483724697,0.17178145876529174,0.37863419946926036
1147,0.34838360230042653,1.9682228949142568,0.17700414074067736,3.2081828702936046,0.10859218953081168,1.866332945118474,0.18666744495490395,0.380735591520897
1148,0.35624468319419295,2.013893451322773,0.1768935109055561,3.306388459063335,0.10774435236660404,1.9952668978749373,0.17854487716586287,0.3809359483264005
1149,0.34791359468515876,1.9649640255940644,0.1770585059845941,2.896457948267092,0.12011691552204663,1.7899837943423627,0.19436689638465787,0.38065234901085326
1150,0.32573610141536075,1.8118842421797678,0.17977754529367032,3.1456776026315367,0.1035503769181127,1.5814411198550715,0.20597422017533745,0.37492377823837686
1151,0.13349351997563935,0.5845600971837882,0.22836577559564147,1.7786040006772261,0.07505522304279648,1.0632414836911745,0.12555334044360275,0.2953192742660557
1152,0.15949844031976362,0.652049266676947,0.24461102629962156,1.8575773441911552,0.08586368735521697,1.1268123061608268,0.14154836563969764,0.2756766246511036
1153,0.15950321208716872,0.6520687685858315,0.2446110284243331,1.8578617568281923,0.08585311124519743,1.1268461389625164,0.14154835036664618,0.2756766246511036
1154,0.19533915968176185,0.7788834769583938,0.25079381635437675,1.8772422766116859,0.10405644605145895,1.2943949814449678,0.15091155519136787,0.26886652133184635
1155,0.27682908451857124,1.230231200093184,0.225021999521393,2.2872086770848274,0.12103359317060874,1.8146167829625885,0.1525551218955515,0.2996335178689823
1156,0.348361968113323,1.5816386362772918,0.22025383050408007,2.005134743290818,0.17373494189302852,2.084788112219213,0.16709706184121464,0.3060397850713511
1157,0.34657635077383897,1.5753302742719102,0.22000234264146318,2.031997108300769,0.17055947046285855,2.073047248688501,0.16718207990343592,0.3063920873899245
1158,0.366877291431307,1.529153201569925,0.23992186724956507,1.8843559553303626,0.1946963844031191,1.9041397224413625,0.19267351397980453,0.28092431044578553
1159,0.5391220040646365,2.4853639671202723,0.2169187335122201,2.083568540359805,0.25874934931180005,2.1325160868152717,0.25281028705849934,0.31039419104597527
1160,0.5147239374976952,2.302157089015079,0.22358332537503212,1.7844141321876263,0.28845542534829766,1.825163953902964,0.2820151780868782,0.301192269743355
1161,0.5712595729064327,2.492978402763272,0.22914742152328157,2.2487087788927904,0.25403893037128045,2.093730895086611,0.2728428826488714,0.29381313099828066
1162,0.6441265927968834,2.6456299323456416,0.24346813774736606,2.38579096012189,0.2699845055846699,2.150436136965247,0.29953300250333964,0.27647260693333325
1163,0.6837928487955078,2.7146533901969288,0.25188956028964843,2.741873772943384,0.24938888709725707,2.245719970483596,0.3044871389945644,0.2671911308944206
1164,0.7661352684735904,3.0815049140237787,0.24862373737810578,3.440942750597294,0.22265272165327402,2.872964107430225,0.2666706717609758,0.27053818247525485
1165,0.8195163568256568,3.1777701942006393,0.2578903780774507,3.5327702948459137,0.2319755569789745,2.8471849276721093,0.287833905293852,0.26079965663404625
1166,0.76522883366759,2.9853968211670407,0.2563239929251514,3.154782967393147,0.2425614825415113,2.4011611968954822,0.31869115437021567,0.2624918678677776
1167,0.7149850653642598,2.7472247101943164,0.26025721984485484,2.6404891614321273,0.2707775043380492,2.1671497129364754,0.32991955336369405,0.25858235760167386
1168,0.818808687879734,2.9610659234054224,0.27652497751149346,3.9353413844414042,0.2080654784148945,2.5140412952975044,0.3256942077329078,0.24329278575571253
1169,0.776382791486656,2.857481534310226,0.271701770305252,3.37989563919486,0.22970614313748505,2.3446383350173647,0.33113115139819893,0.24765824680238183
1170,0.7064592099131348,2.921023887461591,0.24185328060670444,2.6313813410312505,0.26847465963875466,2.411442637514925,0.2929612336294947,0.2781965248500453
1171,0.5888909337625386,2.6468977562976774,0.22248344589865993,2.092315094201815,0.2814542300031493,2.163765339450418,0.27216025833564417,0.30253635752306235
1172,0.5901224586650801,2.6675868662139384,0.22121958468877567,2.0924089848440626,0.28203016854712043,2.1650461992707344,0.2725680675377064,0.30427714068718836
1173,0.6337325233611633,2.880211595457751,0.22002984932099906,2.3088020862223435,0.2744854256425569,2.2357833883901446,0.2834498756238978,0.30589195426088556
1174,0.5517671890962582,3.124853006609299,0.17657380616919552,2.601405848848682,0.21210346295656124,2.7138521687086503,0.2033151235937841,0.38116302964043847
1175,0.5378561850317328,3.0365227487892246,0.17712898256606055,2.5293178241046688,0.2126487149641322,2.611499133294701,0.2059568690544295,0.38002109129843814
1176,0.3765395911774577,2.107601010677268,0.17865790976085102,1.6729100352799309,0.22508059802178826,1.500502247796696,0.2509423706164786,0.37718113710026235
1177,0.21552894662763494,1.2773519145786099,0.16873106320018047,0.9538706238988136,0.22595197003414397,0.8035189062079494,0.2682313321596647,0.39974854865347353
1178,0.23133147499949777,1.370764915455698,0.16876086657251055,1.0036167586382998,0.23049782001783897,0.8669599614645926,0.2668306326496319,0.39963889847686246
1179,0.2257986200411036,1.3344254131027358,0.1692103716131189,0.9923448873570881,0.2275404679541132,0.8369753253578626,0.2697793031647136,0.3985830303849051
1180,0.04505664735127636,0.24702812624481987,0.18239480676229752,0.3345966558476752,0.13465958659129085,0.18558663989965266,0.24277958464918944,0.3698333894534471
1181,-0.02194818103040745,-0.12642727927782477,0.173603206173378,-0.1532754123318039,0.14319440213212406,-0.09192337334351519,0.2387660529861941,0.38846325240759927
1182,-0.037467770866350315,-0.2150041983206752,0.17426529881275973,-0.26794530542428746,0.13983365301743447,-0.15882774690812482,0.23590192265350113,0.38686892712620097
1183,-0.04345438380667942,-0.27144571193471656,0.1600849889908385,-0.36874460077534454,0.1178441222334093,-0.2392122401443063,0.181656188581593,0.4212043501141798
1184,-0.05339052477724646,-0.33263128921215845,0.16050962885572978,-0.45593350105953967,0.11710156119954492,-0.29648909720615285,0.18007584521775286,0.42002880758212124
1185,-0.058173811287062775,-0.3717658602452686,0.1564797027050392,-0.5198845677433039,0.1118975536042194,-0.34542214979186076,0.16841366809313263,0.43091321268326027
1186,-0.0401458975411898,-0.2612282215024528,0.1536813186197528,-0.36739918982852826,0.10927051189178344,-0.24312978414755618,0.16512126509693745,0.4388590853541622
1187,-0.023049314115166298,-0.1490600238903206,0.15463109097665342,-0.2046927633549902,0.11260444061323666,-0.1389674816774414,0.1658612060673752,0.43623169513987714
1188,-0.011490260854477158,-0.074485470989303,0.15426177349576398,-0.1010606889472278,0.11369664084199128,-0.06974584908995643,0.1647447268102982,0.43727169616275957
1189,0.03136260526055307,0.21071329012539672,0.14884018583682593,0.2622723977195902,0.119580274299717,0.1985551771850804,0.1579541047742052,0.4532963316770057
1190,0.02178855702699572,0.14843298376485012,0.1467905345183487,0.18778688558185344,0.11602810792396055,0.14676924197932603,0.14845451767111303,0.4596012735100182
1191,-0.009373258449395619,-0.06649508361750157,0.14096167625434142,-0.0936434037959407,0.10009523436184552,-0.06329432168635078,0.14809003714178254,0.47860345947794936
1192,-0.011216419905660403,-0.07775665651560636,0.1442502855483399,-0.11351294846850579,0.09881181007973203,-0.07211261314222843,0.15554033361040662,0.46768761526877717
1193,-0.0002301530351448176,-0.0016134309091037642,0.142648212480734,-0.0023376260546724864,0.09845588206239565,-0.001499158545406107,0.15352147766497334,0.47296500715017153
1194,0.01134330370207839,0.08004331496176575,0.1417145667629675,0.11467958873858478,0.09891301343899792,0.06921118803659479,0.16389407585491408,0.47628141711565497
1195,-0.10619648104248494,-0.6477803219215335,0.1639390352696584,-0.7350158652235914,0.14448188953061583,-0.6743452298256286,0.15748088122451034,0.4115333602032136
1196,-0.12463805493376102,-0.7635853180271888,0.16322741151673514,-0.8709619564012574,0.14310390255018157,-0.7967631803784286,0.15643049026758898,0.4132861221546402
1197,-0.026268147879621565,-0.15534551541965608,0.16909498680190302,-0.353061102649498,0.07440113816700819,-0.2492947063446021,0.10536985828857068,0.39889712626506574
1198,0.031059979870823012,0.17415963993030723,0.17834200784551554,0.39188373529267195,0.07925814999090579,0.24185894453072293,0.128421878012775,0.37812337260994694
1199,0.03370048714489684,0.1903479850437701,0.17704672385760997,0.40187477441160724,0.08385817993736577,0.2613525622113166,0.12894645784129835,0.38091795298079195
1200,0.035311099239084244,0.19945655650485786,0.17703654298385638,0.4167691787545625,0.08472579317070644,0.27451941194980406,0.12862878799092317,0.38089700650785696
1201,0.04035367152041448,0.23005135750515165,0.1754115774757418,0.4673522749251329,0.0863452981519752,0.32333811916270555,0.12480332237012948,0.38436623592786023
1202,0.09568059287114065,0.5258124847566783,0.1819671378008782,1.749743230037361,0.054682647847191644,0.7110638976114552,0.13455976768408956,0.3706507668721236
1203,0.08371831021250235,0.4643097691277375,0.18030701867371302,1.5367656289979412,0.054476953826128625,0.6269976902785944,0.13352251772299786,0.3741271508545317
1204,0.1309397823222701,0.6441184052865311,0.20328526750298737,1.8723872606073866,0.06993199808451717,0.7754333407390094,0.16886013979935513,0.3317806903248606
1205,0.10877241140421644,0.5353300666441623,0.20318756255571618,1.607461934200104,0.06766717711318193,0.6847262936536542,0.15885531549228823,0.3319466140344446
1206,0.06581314207922576,0.3178467504972074,0.2070593516412369,0.7593165099664476,0.0866741881881824,0.39279635898346116,0.16755028546992423,0.32575839939180695
1207,0.05330122087685829,0.25710383791903685,0.20731398375174426,0.6421794387344455,0.08300050992274054,0.31496407357729556,0.16922952599474048,0.3253579926207588
1208,0.04922520471472299,0.23832963828289164,0.2065425226563464,0.5943188919278557,0.08282624931380851,0.290920463831739,0.1692050262342274,0.326579074917532
1209,-0.010349557286797952,-0.053610623787549744,0.19305049177960656,-0.1083436021382097,0.09552532020852902,-0.0660925959743186,0.15659178058037618,0.34944631977508483
1210,0.0740050789647382,0.4641002372535371,0.15945925691115162,1.0311892871321584,0.07176672594277408,0.41039169271065506,0.18032791666890577,0.4231160070505019
1211,0.0709157078443481,0.4259232962218174,0.16649877683003225,0.8628343008980983,0.08218925438005197,0.3300561858998251,0.21485950233295015,0.4052113918601243
1212,0.12183760714729411,0.6690057117479274,0.1821174393697866,1.7271310698009914,0.07054334744920826,0.5749426570536272,0.21191262407222955,0.3703518579111155
1213,0.11607088771779421,0.7187977539397515,0.1614792020169878,1.9935892284122596,0.058222068048710184,0.8204782748070066,0.14146735054635842,0.4177101708159476
1214,0.05857705895465401,0.36468422828049973,0.1606240533922926,0.8680974175370416,0.06747751781228463,0.3567164604115461,0.16421181934546356,0.4198824362639849
1215,0.07139726547696966,0.45269690063604273,0.15771538390622056,0.9312754667048033,0.0766661079665285,0.4546111878441342,0.1570512723533073,0.42762652552365876
1216,0.09082734758687486,0.5713489925112408,0.1589699969324579,1.384101135917072,0.06562190090733135,0.5674764301168259,0.16005483711134277,0.42434973557830524
1217,0.12154424291312563,0.7532797198995907,0.16135339861443104,2.371148274463039,0.051259655173040604,0.8213109581404141,0.14798809355755121,0.41801554015415
1218,0.19701878277493137,1.35661548264024,0.145228169143031,2.4578367849536726,0.08015942473521281,1.6001774536676279,0.12312308383258476,0.46425427813891385
1219,0.20975719358856443,1.5245693002648655,0.13758455817792148,2.723478893512499,0.07701810874621406,1.9153840138267928,0.10951182221129922,0.49022577187707184
1220,0.19786174686762806,1.4390809404438603,0.13749174303330078,2.7096715004755114,0.07302056608445191,1.7649095201578322,0.11210871979994402,0.4906083260298408
1221,0.23848693282334388,1.7937013244036302,0.13295799561425647,2.7476590147548765,0.08679640797590735,2.2468755712185784,0.10614158428630831,0.5073196056444719
1222,0.24137563909208815,1.793811095892854,0.13456023303944695,2.766914558489224,0.08723639056779649,2.1916858758546707,0.11013240617703082,0.5012638582271055
1223,0.25309997534245776,1.9100880122253197,0.13250697021420882,2.6022845962763292,0.09726068228841092,2.4251991546460063,0.10436255301243556,0.508972578087653
1224,0.2593875686164643,2.0029810250120965,0.12950076180322165,2.747182374415332,0.09441949359902556,2.6932542326033815,0.09631009411455835,0.5207835417627747
1225,0.2585187112372807,1.9735763175307819,0.13098997436325316,2.419238034086024,0.10685955974354867,2.5847932128938855,0.10001523910992015,0.5147624080332742
1226,0.24428014195756034,2.0600743441814546,0.1185783137620803,3.0992495264733058,0.07881912697604936,2.656253533495009,0.09196416640099289,0.5687761777237915
1227,0.24850976490997664,2.2773285520520936,0.10912336943479028,3.703557243287777,0.06710028996051533,3.3517548139380438,0.07414318131999564,0.6181455550521061
1228,0.23878139346877403,2.1960405922637496,0.1087326865951191,3.544578404075002,0.06736524524165145,3.224072468449969,0.07406204289929391,0.6204784876463343
1229,0.25926531955113374,2.4309929466455666,0.10664996782853028,3.913766465452647,0.0662444532242034,3.387895788342901,0.07652694644363499,0.6323169886123964
1230,0.23078790884865313,2.2590316418711316,0.10216231794677032,3.3303642005294476,0.06929809923249938,2.7437104682565883,0.08411525615357682,0.6603298921508074
1231,0.2188892116681567,2.00351660115858,0.10925250708757736,2.825749782589363,0.07746234752164735,2.3301431532195673,0.09393809619195141,0.6176187621256995
1232,0.2299515282347499,2.169737360377863,0.10598127332549755,3.282465889396887,0.07005450657615232,2.5692024375992686,0.0895030788035616,0.6367104346059856
1233,0.20290326224121416,1.9725566030118733,0.10286308739196816,2.666049131336109,0.07610634772493025,2.2134603380849542,0.09166790059439799,0.6562802704174404
1234,0.19900220591529377,1.866064827912287,0.10664270765873292,2.3603503779007466,0.08431045143911337,2.0075823543720066,0.09912530137651254,0.6330017298796701
1235,0.22494841300282908,2.0944486896174475,0.10740220761575023,2.55715023154982,0.08796839944225487,2.290343009329969,0.09821603667506418,0.6283988219735714
1236,0.19608916650583613,1.8013437214181842,0.10885716266935254,2.3097742756755903,0.08489538071787626,2.011953417414061,0.0974620807860786,0.620142797770135
1237,0.19660713302256672,1.8812679618084656,0.10450777720871193,2.433142580912809,0.08080378624947178,2.180258025272543,0.09017608500626427,0.6460187290879291
1238,0.14811316968407526,1.4715550590276163,0.10065078352008551,1.6010710006256388,0.09250880793306365,1.5167776279694087,0.09764989076372538,0.6711678480488937
1239,0.09706451811246061,0.9191588197981317,0.10560146518941982,1.1697383544931006,0.08297968322541921,1.0624911105274053,0.09135560490880643,0.6397929426568723
1240,0.1343696365433387,1.2731117065518391,0.10554426281042713,1.7795134114840565,0.07550920137841433,1.3076752930804478,0.10275458843212411,0.6399895455875355
1241,0.1616127378622647,1.5397188437569038,0.10496249917155699,1.9965485495904993,0.0809460595863858,1.4793865090839997,0.10924307939128862,0.6432089633914272
1242,0.14708008474689196,1.3852640947580794,0.10617476140719422,1.8331722857689328,0.08023254872915479,1.3241471867015357,0.11107532925646277,0.6359867506855206
1243,0.1478720440488372,1.3896979548720367,0.10640588735877735,1.857474976006079,0.07960917156837824,1.3497315977893902,0.10955662910390788,0.6346705136240133
1244,0.13853893221064856,1.2972670234303165,0.10679291904323217,1.777879622804233,0.07792368528985803,1.2673200895533585,0.10931644921645156,0.6324491099036617
1245,0.13585152696963854,1.2740873839056324,0.10662653808971444,1.7068595581854376,0.07959150846251363,1.2101779077812667,0.11225748387582778,0.6334603851479923
1246,0.11422708027375088,1.080929332456438,0.10567488256995217,1.5953415315011006,0.07160039278001588,1.0716661975583988,0.1065883019675315,0.6392315146597294
1247,0.10414716277051697,0.8765752830174255,0.1188114298774343,1.3168612224290581,0.07908742470099395,0.8085351976051987,0.1288096833372135,0.56832513411615
1248,0.13248655069910512,1.0409756420094158,0.12727151851830434,1.2608512058938186,0.10507707022033998,0.8216308907399652,0.16124825903245557,0.5302504793859067
1249,0.14195351168774964,1.0999725457763236,0.12905186791508838,1.3026115415047868,0.1089760893134448,0.8618134866476169,0.16471488771884626,0.5228845786814287
1250,0.07109134179390225,0.5232977274390516,0.1358525712347609,0.6792709873547254,0.10465829266571826,0.4921875898352236,0.14443952521781883,0.4966426257500937
1251,0.10105413920197072,0.6265541018176652,0.16128557599225277,0.7411576364229522,0.1363463509459177,0.542982267295199,0.1861094648732449,0.4180973912332421
1252,0.11005291873874722,0.6715136164451299,0.16388784388520253,0.7849612536921405,0.14020172106725365,0.5755055639917174,0.1912282445636461,0.4113544633437167
1253,0.10525618043693531,0.6226771730664031,0.16903812278615624,0.672737459267614,0.15645952070444252,0.4942453223059841,0.2129634327055338,0.3988559936428156
1254,0.17982723610543144,1.017788341665993,0.17668431514068692,1.114817424495326,0.16130644548082715,0.7960634884407307,0.22589559591241085,0.3815151803917985
1255,0.1688920531098561,0.8621776007846395,0.19589009614278197,0.867758992151704,0.1946301388258388,0.6340365030823729,0.26637591414498407,0.3440646911401643
1256,0.1266214339447593,0.6222597153840165,0.20348647166821196,0.5427537281048324,0.23329445269199975,0.4574169976797411,0.2768183836347351,0.331106661141678
1257,0.19613420820213767,0.933078058024515,0.21020128650049616,0.9676117973652482,0.2026992733410237,0.6828001965928656,0.2872497828513177,0.32054670218268405
1258,0.19319694498999895,0.8549341242234239,0.22597875031071973,0.8066163261776566,0.23951529211602826,0.5061983255143861,0.3816625525058326,0.2980707616847385
1259,0.5417867921385431,2.1655678753782084,0.25018231859572726,3.6473136992208937,0.14854406196381592,1.6729992835829406,0.32384161634441216,0.2688844930363842
1260,0.7535549609788017,2.733899335069188,0.2756337628502079,2.676801159693578,0.2815132376381156,2.0325548605663997,0.37074274136384844,0.2439337439085753
1261,0.652923391351372,2.0992500623111194,0.31102697247632877,2.3041773574457287,0.28336507571412095,1.3821564109326263,0.4723947204432559,0.21639917228293196
1262,0.5438357949262999,1.7286153730881701,0.3146077510318201,1.9178032540385461,0.2835722557989618,1.269289900768726,0.42845672576212424,0.21414405549973708
1263,0.5211485862438023,1.659199173873489,0.31409645957522575,1.9585135604887847,0.2660939381567211,1.2728179884441255,0.4094447053508781,0.21452391186725484
1264,0.4933810857381554,1.5799504168048644,0.31227630974389725,1.9152772564301466,0.2576029575257215,1.1992459693543274,0.41140941753908183,0.21575662593702058
1265,0.5219129340786028,1.660306598715691,0.3143473226465051,2.017392942840857,0.2587066322060462,1.1859193887744082,0.44009140842024286,0.21432213965000874
1266,0.49448975758985403,1.4637543727456923,0.3378229071741704,1.8746766149329173,0.2637733642437038,1.0950196092117772,0.4515807328288854,0.19946264842337066
1267,0.7950453558810863,2.0253248162824886,0.3925520239960338,1.9169751737862484,0.41473951606310033,1.4858527960788892,0.5350767976337775,0.1715613798203632
1268,0.7677740350253675,1.8485253739087364,0.41534406065625,1.8254405148948778,0.42059657861246796,1.4048235984431843,0.5465270058647999,0.16215107357563205
1269,0.527574876144908,1.215189042367353,0.4341504554033178,2.109921138291144,0.2500448318045662,1.1440571185658077,0.4611438254116865,0.1552427060620341
1270,0.051369234666763235,0.1220316727476758,0.4209500165828187,0.10933864184844092,0.4698177496842185,0.07414519053912218,0.6928195111948445,0.16013955094024404
1271,0.000987415427041557,0.002323858404877383,0.42490343859554447,0.001978053778036995,0.4991853295421828,0.001362278588608411,0.7248263573240312,0.15865339646289442
1272,-0.027346380016375602,-0.06333341944333075,0.4317843605593489,-0.06283268317088929,0.4352254055743608,-0.0392673127280809,0.6964158766285938,0.15614024440935279
1273,-0.1965900753554205,-0.44247713406095796,0.44429431539469616,-0.4424728222198329,0.4442986449860395,-0.2840397217625965,0.6921217713335623,0.151738347439648
1274,-0.07516974590864327,-0.219300372514964,0.3427707169239489,-0.32518222370572336,0.231161916085145,-0.19596348413320067,0.3835905767910758,0.19670836524136526
1275,0.08043158979357659,0.22462674284409107,0.35806773839659223,0.31184289197602577,0.2579234347267409,0.22188131128826846,0.3624982623664044,0.18827367146776863
1276,0.12505047979542344,0.3723224558836033,0.3358660693689589,0.5009602211981529,0.24962157573377508,0.37403695189161645,0.33432653956515757,0.20070640170866874
1277,0.05660497364349125,0.16530695877463894,0.3424234167943296,0.2461341527232168,0.22997610456418363,0.17221326067950823,0.32869114387674275,0.19689137543601165
1278,0.059675242352905826,0.17321208590810191,0.34452123845772903,0.249356712683581,0.2393167671753445,0.1740257302838999,0.3429104549973937,0.19568568587760451
1279,0.1458344711582535,0.44333235497443263,0.3289506608798356,0.5656195772021426,0.25783137118348853,0.43384323579678535,0.33614554549967257,0.2049531111441648
1280,0.10771970572059707,0.32323788385640956,0.3332521065768667,0.4262752079740202,0.25269990772525097,0.3058913527961101,0.3521502152183979,0.2022972133626017
1281,0.11709556710698857,0.35135260209923874,0.3332708123047149,0.46331144434739213,0.25273618542258586,0.3315300911610002,0.3531974026759572,0.202258324795448
1282,0.09119774683211514,0.270636055275746,0.3369755989799491,0.3684849707103798,0.24749380322432293,0.25965033669442145,0.3512329234506035,0.2000550203016992
1283,0.269588196191052,0.8415496632757722,0.3203473400983456,0.7040520170004605,0.3829094863467676,0.6157540177323796,0.43781800593661907,0.21042795194607883
1284,0.41700542506117166,1.4000421505095895,0.2978520503181918,1.1392510458793352,0.3660347090041988,1.1549458196502058,0.3610605951952522,0.22626054071207602
1285,0.42226104008320064,1.4171702918346962,0.29796069146816034,1.1658100256081938,0.3622039876204619,1.1711025566424567,0.36056708926827064,0.2261837930096752
1286,0.4063105261039512,1.4638741739160177,0.27755836761367797,1.2425714843955733,0.32699167106799787,1.2389352132577995,0.3279513906425755,0.24279851842515401
1287,0.5237780245447033,1.800309615478336,0.2909377476193379,1.7077580434513582,0.30670505494218275,1.5999328278129874,0.3273750094000363,0.2315405615128808
1288,0.433444582738381,1.4972579946817863,0.28949224801467927,1.3250040665930893,0.32712698297815296,1.2461920794544077,0.34781522839412227,0.23277488530743698
1289,0.4218731919003309,1.4044105229964292,0.30039164830538906,1.23088355173803,0.3427401327320023,1.1689016200592142,0.3609141989887564,0.22435500943262562
1290,0.3745051964204387,1.25591428267107,0.2981932776685552,1.014583231101813,0.36912220204323215,1.0142635167917338,0.3692385560756975,0.2260167954184398
1291,0.5160230195485901,1.7276749496084085,0.29868061678242824,1.8373319432620763,0.28085454097772944,1.5831083401393937,0.32595559410871017,0.22560324365934994
1292,0.5039699260891024,1.7298039889573364,0.291345105749743,1.86119544450687,0.27077754116394315,1.7270888382776264,0.29180312843182776,0.23128488949729534
1293,0.6613524248187577,2.3299188077480366,0.28385213365352513,2.6696545165062475,0.24772959224861182,1.9279514552802897,0.343033753784329,0.23724059275033635
1294,0.6559311877074679,2.483546698573895,0.2641106720820339,3.08676120167519,0.212498196281427,2.395293825480442,0.2738416392719181,0.25489646066924504
1295,0.8013374759508216,2.8564733849865864,0.2805338499432875,4.809326311528576,0.16662156486032403,3.2979212177995207,0.24298260116883563,0.23985088147378947
1296,0.7699191902590196,2.9331854639701938,0.26248568313061954,5.41088154238796,0.1422908973755198,3.490968539524776,0.22054601224330378,0.25632483759248065
1297,0.766567342790424,2.822114282422063,0.271628738625185,4.9964060551470695,0.1534237478558696,3.3312057656323115,0.2301170797370178,0.24771745445787813
1298,0.6308589950787098,2.40913709587648,0.2618609775917273,3.508741561377877,0.17979636973632576,2.420467323746899,0.2606352041564172,0.257064028594575
1299,0.4674456544630436,1.8395453912794755,0.2541093341208161,1.572614334700656,0.2972411252705648,1.5250909500228902,0.3065034609614775,0.2651173981931879
1300,0.42211218086460794,1.623778342000915,0.2599567748541691,1.522796255370806,0.27719544185628575,1.4030252022454068,0.3008585877068053,0.2591310888364119
1301,0.43970050219531265,1.6994950719666457,0.25872419958622994,1.6388362551345648,0.26830044845402135,1.458560694484187,0.301461916434551,0.26036495861265246
1302,0.4413511653646715,1.718168682991737,0.2568730123727869,1.7120506528919313,0.2577909506469086,1.5168575617688178,0.2909641461984136,0.2622151624340589
1303,0.46536634218484385,1.8289516519667233,0.2544443105887585,1.834732876910423,0.2536425591111073,1.602498136665432,0.2904005512001432,0.2647199330123962
1304,0.2131571432519371,0.8708209759237973,0.24477722648540082,0.9098845215508317,0.2342683474696617,0.7508268975693596,0.2838965198795987,0.275452741791966
1305,0.16299863371829618,0.6435480422335895,0.2532812207035389,0.6245392336474146,0.2609902227700838,0.516288022779332,0.31571259941461755,0.26623997550239875
1306,0.1639424273733712,0.6468243265230988,0.25345742367887986,0.6310872730102426,0.2597777429282913,0.5109640739884048,0.3208492254527693,0.26602462561702783
1307,0.09096815946682207,0.3412569512880924,0.2665679310661891,0.3141618279963022,0.28955828289836916,0.2633975778935238,0.3453644494164451,0.2529014423636112
1308,0.1513769814647875,0.5835590364216507,0.2594030286858758,0.5583051297449979,0.27113664804392523,0.4444637306796808,0.3405834290084806,0.25989775534203113
1309,0.19575003633293794,0.751283506209043,0.260554151282633,0.7312927403174944,0.2676767121302915,0.5785517755833212,0.33834488907336635,0.25876677250875196
1310,0.19518213330414808,0.748882890002389,0.2606310491397733,0.7309841025297195,0.26701282918285163,0.5764955405260012,0.338566596935098,0.25868598498599205
1311,0.19971571307248243,0.7626059110627168,0.2618858707693098,0.7461377170186486,0.2676660199815242,0.5968231695235555,0.3346312999743553,0.25745476255290684
1312,0.14702782572332948,0.6033736956782979,0.24367622714815965,0.6000142555065511,0.24504055424350532,0.5082395789194741,0.28928842188149356,0.2767121125414083
1313,0.24510360015605745,1.2251808663564578,0.2000550342293268,1.5953347987028141,0.153637719402444,1.208002355110184,0.2028999356824111,0.3369710436712305
1314,0.15664605317193875,0.8644829858185702,0.18120200830050134,1.519241591215806,0.10310806001998626,0.8665111158122186,0.18077789230102095,0.3722552337630734
1315,0.11914333113637118,0.6352330585767735,0.18755845516495842,0.9922365309214749,0.12007553383035051,0.5413198776470286,0.22009783134928482,0.3596697174777608
1316,0.1059471002106584,0.5556737350075516,0.19066422171135836,0.8313406659991338,0.1274412578907439,0.46558192183095837,0.22755844942176523,0.3538102715820806
1317,0.07563515139681608,0.38604448749462184,0.19592340739710676,0.49553599663077236,0.15263301134745294,0.3118305564012922,0.2425520842783663,0.34430988927649336
1318,0.053660000251851754,0.2785961795931485,0.1926085286963189,0.3448601324346717,0.15559931463523635,0.22684687642666304,0.23654722999546968,0.35025352277100646
1319,0.12231313631869908,0.6184862291981758,0.197762101311891,1.172395543646812,0.10432753432193727,0.5652780226327992,0.2163769533247056,0.3410871514579177
1320,0.15423455733159228,0.8021337331696958,0.19228035295576218,1.8554350578235528,0.08312581821780991,0.8531449529805437,0.18078353132461145,0.35079500426826143
1321,0.13922124062111008,0.7451003121514482,0.18684898979456088,1.6354144882362063,0.08512902485733762,0.7604766285350928,0.18307103124167293,0.36102347666732115
1322,0.1325824025823177,0.7081975899494646,0.1872110332820795,1.5473483686294598,0.08568361544837544,0.7289186804314398,0.18188915463634914,0.3603252464467683
1323,0.12651863142791153,0.675487518942859,0.1872997322377085,1.3714251559099293,0.0922533985049789,0.6544291231327474,0.19332671324629896,0.3601630361293521
1324,0.12212334886742653,0.6541568040963383,0.18668818867691744,1.3077641821542154,0.09338331064111173,0.6695029968111946,0.18240896523106426,0.36134052110913134
1325,0.17303704807550668,0.8877823495593078,0.1949093132583698,2.4100125051759034,0.07179923245372412,0.9837664139130019,0.17589241269910744,0.34603440154381426
1326,0.17489298624813446,0.891891932810447,0.19609212710000407,2.42800038948559,0.07203169612554645,0.9783346093839239,0.17876602194239855,0.343947090772895
1327,0.16070010050180816,0.8261854471357105,0.19450851023694116,1.9711290293837382,0.081526931066532,0.8245299792230335,0.19489903890849206,0.34677534346052685
1328,0.15932690083681394,0.85393011590564,0.18658072583356422,1.87099930630685,0.08515604484712931,0.9034247841007593,0.17635878895596488,0.36151774560773153
1329,0.13063789829815364,0.6861154784858823,0.1904022025365832,1.4373063478070591,0.09089078225909998,0.6784549630658523,0.19255205637794656,0.35427241785018704
1330,0.13608573622434691,0.7122697154311975,0.19105927610857726,1.4725044267207006,0.09241787919606653,0.6922409798921462,0.19658722927028907,0.35303809985000334
1331,0.13383233065418848,0.7015454604763596,0.1907678663665137,1.331508515098759,0.10051180982816474,0.6557330068682937,0.20409576649703282,0.3535517969996591
1332,0.13801221762801316,0.7282791416170301,0.1895045590919693,1.4246642249248194,0.09687350549937208,0.7095026076373411,0.19451967637948056,0.35591598938038516
1333,0.09087957598449321,0.5045686232206451,0.18011341134217154,0.6803742113265714,0.13357292864951362,0.4418603284635544,0.2056748934680366,0.37455252966905134
1334,-0.09735742435326095,-0.4436157746554195,0.21946339583817495,-1.615901050834581,0.06024962005128826,-1.055427375664308,0.09224455097346908,0.3072692473721693
1335,-0.061187604074977704,-0.2507658804354515,0.2440029080859257,-1.0171963511038922,0.06015318872170065,-0.4488887804726947,0.13630905190043988,0.2763691429948414
1336,-0.0753770582396,-0.3054393385450281,0.2467824170870114,-1.3308714310791134,0.056637370432155006,-0.601368204555436,0.12534260652393953,0.2732692156484661
1337,-0.07890845347658311,-0.3187459629471977,0.2475590678764292,-1.4313466913794441,0.05512881955980629,-0.6666617944837216,0.11836354524814437,0.27242015268074987
1338,-0.13157706494956561,-0.5315841797897664,0.24751877492216265,-2.118082259019957,0.062120847473811865,-1.174281460758308,0.11204900132256022,0.27246057550754266
1339,-0.10664371916131106,-0.42644617180089955,0.25007545198717646,-1.6011035990612763,0.06660638276238717,-0.9233342594455931,0.11549849696397513,0.26968093795021336
1340,-0.10671165604679286,-0.42667956151640885,0.2500978853253299,-1.61598739728279,0.06603495561055965,-0.8976491888367757,0.11887902019393103,0.26965593488864115
1341,-0.06908958524642946,-0.2660699383784426,0.25966700961218847,-0.9790446423695438,0.07056837069167204,-0.5428209510093521,0.1272787741850427,0.2597186867128587
1342,-0.09441357433263954,-0.3467530890522471,0.2722789711569484,-1.5682625051124608,0.06020265996595328,-0.6857154270255721,0.13768623340177327,0.247676623106686
1343,-0.09340271174977394,-0.34321916492627735,0.2721372268644632,-1.557435017780643,0.05997214052813164,-0.6813129085204025,0.1370922385025924,0.2478058993052229
1344,-0.09236140725306613,-0.3428706170383245,0.2693768513933126,-1.5861774297306013,0.058228925416466765,-0.6935448619016034,0.13317293851737871,0.25034710895490464
1345,-0.11206685379048141,-0.41099314797024017,0.27267328991722295,-2.0271964367103568,0.05528169434449996,-0.8417013784111037,0.13314324612611686,0.2473149718252585
1346,-0.10554049642111575,-0.38073643399227297,0.2772009374423507,-1.8796836623090583,0.05614800965576661,-0.7366593654094582,0.14326906217021088,0.24327338541165427
1347,-0.02130134943796732,-0.0792458837366759,0.2688007052675319,-0.1736863056308857,0.12264265372329629,-0.11945996191013497,0.17831371362726103,0.25088697739767934
1348,-0.07192148453126651,-0.28530580715307635,0.25208559632534283,-1.0485682165208174,0.06859018173362556,-0.45914381054852477,0.15664260930653548,0.2675328450271636
1349,-0.04287027164780507,-0.15840290143431476,0.2706406969797972,-0.4497786190554798,0.09531416085947175,-0.2046588893478045,0.20947182790066757,0.24918292715842047
1350,-0.1531406013495323,-0.7472187591247855,0.20494747954254428,-2.3100352658194647,0.06629362054141932,-1.030572656306993,0.14859757864943185,0.32909899840046497
1351,-0.17274772012006667,-0.84941425796808,0.20337275775580202,-2.3538543427119984,0.07338929898314567,-1.1813723646077492,0.14622630873663958,0.33162400250046187
1352,-0.11443748079794229,-0.5841287245247988,0.19591140786825648,-1.710636617269679,0.06689759803025508,-0.6419300192250428,0.17827096002784643,0.3443035248219998
1353,-0.11535736883530415,-0.5835455392254538,0.19768357579841878,-1.7069494012387874,0.06758101250780231,-0.6217448881220328,0.1855381058037142,0.34121561784952814
1354,0.027926465655435096,0.1307862548952278,0.21352752762747773,0.16100460653808862,0.1734513456223911,0.07537921560640244,0.3704796531878891,0.3158560472931041
1355,0.016822381459283043,0.08288339443972947,0.2029644366401501,0.10449408909894661,0.16098883299852246,0.05110037805999028,0.32920268103562916,0.33229241687562405
1356,0.13484824620573316,0.8228584031524184,0.16387782598940678,0.7908480410757449,0.17051094420403048,0.5457649341953048,0.2470811841448887,0.41157718490038947
1357,0.10738974556202648,0.71997455470362,0.14915769572750223,0.8771011266955997,0.1224371310143082,0.5864330567752705,0.18312362224692896,0.452323241486308
1358,0.04340558097093974,0.2992864333646669,0.14503023235287116,0.3684625963466883,0.11780186483324676,0.2259454071072156,0.19210649832037932,0.4651835698930922
1359,0.07022567573545795,0.4794738045861046,0.1464640509319977,0.615780533829013,0.11404335128748626,0.3627138394923128,0.19361179003743606,0.4606859702050843
1360,0.0716966689058327,0.4782762026173496,0.14990641080086198,0.6172345167633305,0.11615790588283599,0.35416038887053636,0.2024412417619111,0.4500873367859898
1361,0.06290817805557168,0.4204619252619426,0.14961682443988397,0.5554829415752538,0.1132495227975407,0.3183195161654303,0.19762589115924128,0.4509361807702698
1362,0.063194324514788,0.46857824403235165,0.13486397484221424,0.6352111533772227,0.09948553985364265,0.3925244293907963,0.16099462806140888,0.5004561431157952
1363,0.09459875130175599,0.7331183688670416,0.1290361220220802,0.9993116580407138,0.09466391244472189,0.6212419393333103,0.15227360761135225,0.5231066459202802
1364,0.09520206091688538,0.7381145281485598,0.1289800664887118,1.011529553978472,0.09411693463868037,0.6291020853646521,0.1513300673001307,0.5233165937756082
1365,0.09468680452036529,0.7370166195485262,0.12847309274839355,1.002756503627753,0.09442651748236906,0.6297415486123039,0.15035819810367726,0.5253853641107515
1366,0.09303105451429237,0.7270351194090688,0.1279595057112339,0.9745786979137716,0.09545771389569561,0.6169143774257034,0.1508005939211497,0.527490334106582
1367,0.10624638806366414,0.8336404445491064,0.12744869656741517,1.099432320169333,0.09663749747442409,0.7036119596272669,0.15100139588296277,0.5296410443785291
1368,0.1090178766090312,0.8641495299506834,0.12615626443175038,1.053821648637109,0.10345002567561817,0.74275971369915,0.14677408399829853,0.535088371958114
1369,0.13378603388302696,1.045463950727942,0.12796809855554905,1.3912313878749543,0.09616375467734331,0.8738140810558546,0.15310583427697738,0.5273978674089917
1370,0.15592582100283275,1.230022585191257,0.12676663248308384,1.4512721602614054,0.1074407855896217,1.0096912838942598,0.15442920374774882,0.5323951053801167
1371,0.2770190311456409,2.0438096983253318,0.1355405209069251,2.5720730679021186,0.10770262890376915,2.275407571920067,0.12174479621331434,0.49747381394648266
1372,0.2765619012230646,2.0392404672114273,0.13562005348062312,2.614147788534967,0.10579428693205473,2.257203698959702,0.12252412192595918,0.49723521423664235
1373,0.26605843507838484,1.937636050503657,0.13731084070676083,2.515541408621142,0.10576587376640362,2.140700085332071,0.12428571237110647,0.49110214614230935
1374,0.264661723163219,1.927750394325706,0.13729045209496282,2.503042893336853,0.1057359919271673,2.1358929358141854,0.1239115120076616,0.4911627805709371
1375,0.21343251575034763,1.5212194377047121,0.1403035686109722,2.3795188905604823,0.08969565931879399,1.7135816853028876,0.12455345291147994,0.48084208055521804
1376,0.22296189431721178,1.5656446907327901,0.14240899971554585,2.370991934112614,0.09403739047330806,1.7197170621044178,0.129650335645547,0.4737078683614892
1377,0.12118118343706732,0.7292025619187623,0.1661831564582019,0.9524159999512112,0.127235560346818,1.0566109371533134,0.11468855675822331,0.40600363077092455
1378,0.1544611363421214,0.7612238670312746,0.20291157835671939,0.9898653264736517,0.15604257691536877,0.9679635751126835,0.15957329419564176,0.33240146296403733
1379,0.28678706147500005,1.427228409511029,0.20093984926579048,2.3226768705378134,0.123472647062006,1.6882256984330655,0.16987483471030135,0.33546850101816356
1380,0.2829907536390639,1.4123293325243385,0.2003716464156827,2.3087718412467204,0.12257198766173918,1.6716190502915997,0.16929141456583577,0.3364211744856856
1381,0.27900778336810705,1.3936613679086396,0.20019768775451713,2.3084670839873214,0.12086279475390581,1.6758909943933797,0.16648325237232936,0.33672233700834187
1382,0.2809174949555748,1.3429943586253656,0.20917250556667302,2.1847562978914397,0.12858070038598582,1.5257571758843387,0.18411677781738314,0.32225976613517937
1383,0.41349807816870554,1.7090210605998482,0.24195025310195542,3.8696143092779605,0.1068576982406965,2.389145059816265,0.173073659328373,0.27849023851698856
1384,0.43299825536902226,1.6916362996713854,0.25596415461948635,3.7237066092574924,0.11628151753216727,2.229106481101966,0.1942474525285881,0.26326155295355347
1385,0.43389405397026964,1.7258777957013456,0.2514048532584243,3.9118368615580414,0.11091823849664692,2.3459751051284865,0.18495253978686432,0.2680332796407822
1386,0.42666738578719665,1.7343201887646693,0.24601419538978297,3.839248120546048,0.11113305845065119,2.421154953591843,0.17622473322255772,0.2739056703180493
1387,0.4219790737014472,1.7544325964180343,0.240521678953633,3.7437840201800694,0.11271458808169996,2.5958818832217094,0.16255711649627733,0.280152610159632
1388,0.3539233701770943,1.5122724883115481,0.23403412606695614,2.986866950708365,0.1184931823271063,2.226175624130867,0.15898268148330452,0.2879954906140547
1389,0.4331074604343293,1.971756838071787,0.21965561476529333,4.5455761501612475,0.09528109223711179,2.145762768965486,0.20184312389907802,0.3067566238906494
1390,0.42705541105999817,1.9463779501841592,0.21941032111445352,4.542285821571074,0.0940177320044315,2.1082645827557824,0.20256253154989678,0.3070943817440753
1391,0.23186736475436684,1.1682270656266103,0.19847799419884052,2.357992964186478,0.09833250916181697,0.969115739370872,0.239256628836603,0.3397677357755007
1392,0.22077662459371833,1.0395156009623603,0.2123841377554394,1.999449539079367,0.11041870288728238,0.7966686564604866,0.2771247780408548,0.31751886056741535
1393,0.22614188090889634,1.065111612640269,0.21231754327447513,2.1360540005923245,0.10586899059957638,0.8494172055245928,0.26623181098531323,0.31759671296133124
1394,0.24888651196790526,1.1859780002404412,0.20985761280348103,2.5115796974269173,0.09909560593394127,0.9382247777306258,0.2652738638707783,0.32131511764407233
1395,0.2546744130086354,1.2106711933445455,0.21035803478984527,2.508934543251916,0.10150699773878644,0.9334217408608728,0.272839598501054,0.32054933148319675
1396,0.17570859083273865,0.8367574142544703,0.20998749200123978,1.4165161512257973,0.12404277260141888,0.669186178470877,0.26257056180425203,0.32112637939738736
1397,0.1907360138911778,0.921859847754896,0.2069034835997008,1.6383606854035302,0.11641881765748016,0.7599684313341941,0.2509788644198329,0.3258608382206413
1398,0.24651617577987628,1.115427772579351,0.22100595111579868,1.7241614126013591,0.14297743469849533,0.8864163240352658,0.2781042824861929,0.30499738539306676
1399,0.2653338142378923,1.2424808632313373,0.2135516305239784,2.0999959047797563,0.12634968174650799,1.0513009758331757,0.2523861580434759,0.31564019230496165
1400,0.16170580796646794,0.7180423444800547,0.22520372121446622,1.828531952066015,0.08843477292467346,0.6423651730786305,0.2517350173133902,0.2992800183504026
1401,0.14701411797021147,0.675139107787399,0.21775381736071217,1.7569392127661507,0.08367626887827855,0.6433917850350991,0.22849859353145358,0.3094972040639659
1402,0.13902951499946117,0.6305061005043336,0.22050463094370262,1.5573145869904774,0.08927516390130064,0.5879650931327686,0.23645879087598637,0.3056308262293433
1403,0.17647875003932137,0.8105026210363158,0.21773988813715875,1.9523408513464586,0.09039341153856939,0.7555849865340635,0.23356571819782354,0.3095309696728646
1404,0.17589230158611094,0.8043095882342084,0.2186873116510611,1.839266412023962,0.09563176951214798,0.7278669210748762,0.24165447898959647,0.3082142867083033
1405,0.17332292295563245,0.8132833370503125,0.21311505481503562,1.8545689788941206,0.09345725337160815,0.7611452919913373,0.2277133219889969,0.3162771892320886
1406,0.17578315246327508,0.8156398669561379,0.21551564554988586,1.878494297202346,0.09357662289689679,0.7427939631931395,0.2366512938629906,0.31278585571090994
1407,0.14449279176460858,0.6383425452528184,0.22635619831258713,1.2930075615850292,0.11174937877972078,0.51997772900899,0.27788265478214436,0.2978444698847411
1408,0.13522358451060515,0.6028821609899732,0.22429521598144306,1.3074652798871234,0.10342422593606411,0.5162663408852063,0.26192601338050936,0.3005569522278205
1409,0.16794911860016093,0.737925940710634,0.22759617101741045,1.4635640233952205,0.11475351669997151,0.6707881864160793,0.2503757847875764,0.2961064773012031
1410,-0.013983649187949407,-0.052775606383186666,0.26496425425069753,-0.13170475089666264,0.1061742199331987,-0.08363614008951846,0.16719625239737576,0.2544156819270923
1411,-0.007813208008472879,-0.029504382306378675,0.26481516973780905,-0.0727032460503988,0.10746711368370906,-0.04707108512168609,0.16598742069095113,0.25455102721957124
1412,0.04353243716562455,0.127654372490244,0.34101798721349336,0.24637380822708047,0.17669263416791894,0.15333223305378735,0.28390923616402186,0.19763423111516415
1413,0.047345207494651646,0.1381363472225825,0.34274257606047126,0.27057643366043993,0.17497905066657632,0.17247760715825944,0.2745006048884325,0.19667037143397545
1414,-0.0014909599386801206,-0.004350440697915924,0.3427146908115226,-0.007252197736399528,0.2055873257835813,-0.005165081173809425,0.28866147278388005,0.19673407117403463
1415,-0.06962960667222437,-0.19676283814250498,0.35387579956432275,-0.28102475112667785,0.24777037037864807,-0.20866758211517292,0.33368674696097594,0.19051826480185782
1416,-0.11810111125562271,-0.3365370622561662,0.3509304754248024,-0.43955306005155964,0.26868453888540655,-0.3373159662637081,0.35012013384297735,0.19212002965013425
1417,0.12096055156860328,0.33808689740800785,0.35777947177475633,0.47877092459640247,0.25264807312718796,0.5783597475941283,0.20914413921746325,0.18845861149155632
1418,0.02432497534672707,0.06507828137095456,0.3737802356529913,0.09275480589072889,0.2622502965008999,0.10394305213467223,0.23402213853804088,0.1803892121891727
1419,-0.02688806138344773,-0.07330795893159375,0.36678229451917943,-0.09884590073302368,0.27201999459816373,-0.10690565036098276,0.25151206968627204,0.1838239188731612
1420,-0.12902505368125036,-0.306652901127574,0.42075275729275835,-0.36715663594654846,0.3514169186908939,-0.35530390506156084,0.363139981979357,0.16022584115889205
1421,-0.00791581377964008,-0.019766528104020777,0.4004655616799947,-0.023772285208856117,0.3329849743133288,-0.024279435535690508,0.326029563908268,0.16832787527063212
1422,0.007897733613745435,0.019389895915213586,0.40731181066055966,0.023653857825080567,0.33388776038770895,0.02328077663149815,0.3392384085271474,0.16550020688911968
1423,0.006744358864038832,0.016549751979252417,0.407520237916187,0.020254669516241452,0.3329779761960957,0.019888556043996572,0.33910751736422007,0.16541666808580652
1424,-0.14517720589472186,-0.4415966159957644,0.3287552500087871,-0.6979496695697553,0.20800526488423587,-0.6119730102800265,0.23722811865231067,0.20505424737680902
1425,0.01871127174249964,0.06935040475740806,0.2698076789595217,0.10849550912391845,0.17246125571085627,0.0768454363639529,0.24349229606661238,0.24991154166400112
1426,0.02466555059064001,0.08945316102311918,0.27573704840084073,0.12170068000509278,0.20267389294462312,0.096186517013729,0.25643459557974657,0.24454223541583298
1427,-0.05334961105451112,-0.243247241321397,0.21932257387462623,-0.43441324038194395,0.122808436979511,-0.30263246234976415,0.1762851567220601,0.307516011700784
1428,-0.059923517643939106,-0.2743304559460117,0.21843552673470593,-0.5559737909413943,0.10778119152428842,-0.36651924015298876,0.16349351160644782,0.30878800122155353
1429,0.006661679833010805,0.04506409232149773,0.1478267838057145,0.14363955314419835,0.04637775380937874,0.08467072721000712,0.0786774845630884,0.4565824592902941
1430,0.026132715644782624,0.1753707428300827,0.14901411274800097,0.579527546224022,0.045093138048490224,0.3302849958987341,0.0791217160006716,0.4529067013739198
1431,-0.021207112984600117,-0.1615451742501543,0.13127667281326952,-0.45783248461418663,0.046320682121259386,-0.2316918649439522,0.09153153905395107,0.5142940382102942
1432,-0.02072410741107545,-0.15785644223691547,0.131284521033181,-0.48550784066092745,0.0426854227170945,-0.2619918701789758,0.07910210113358895,0.5142956769921186
1433,-0.0038653809324388903,-0.02979365511653553,0.12973839286652672,-0.07692321085065025,0.05024986463375398,-0.04863301392089506,0.07948059601500738,0.5204417391200845
1434,0.05078713336314604,0.41028866130297315,0.1237839066813568,0.693239499479286,0.0732605880093299,0.4894985190847806,0.10375339532814759,0.545511661709678
1435,0.05698234161248927,0.4940728666020006,0.11533185783786683,0.7438644449220598,0.07660312574619658,0.609735799177071,0.09345415127239602,0.5856732645014351
1436,-0.05364696715697867,-0.5981719068064532,0.0896848657493654,-1.1576411583156783,0.0463416204336004,-0.4274476048203905,0.12550536382001864,0.7541000454810272
1437,-0.05910092214144528,-1.4860841691621616,0.03976956579435588,-3.97188103031421,0.014879831921040669,-2.661274785765857,0.022207748879429345,1.7245894655926557
1438,-0.06893915860592081,-2.1390168578626145,0.03222936666090953,-5.649781016701577,0.012202093922247005,-3.4059492492553223,0.020240806177894075,2.1484720583984562
1439,-0.06860988582678008,-2.128799883559754,0.032229373158387926,-5.624686844887934,0.01219799212273249,-3.317280817650996,0.020682567921808778,2.1484720583984562
1440,-0.06663257651192417,-2.1210370261568605,0.031415093508601666,-5.5732411999409015,0.01195580347619456,-3.492680723797933,0.019077774861559076,2.2077220123240457
1441,-0.05919089704831729,-1.915023425131437,0.030908706531490464,-4.009922043065156,0.014761109171856164,-2.78455251145085,0.02125687944648483,2.246786944639041
1442,-0.06036529179042936,-1.9516188323948556,0.030930881988033683,-4.021442422417665,0.015010855670572587,-2.8620495965209236,0.021091630230240858,2.2449636166853457
1443,-0.058189913750013623,-1.898257181846515,0.030654388829131064,-3.605842317405069,0.016137675646307734,-2.714741788968785,0.02143478764222269,2.2667310149294964
1444,-0.05331597476631331,-1.7474022120835404,0.030511564193764655,-2.788642096499815,0.019118973651453246,-2.2610417264850815,0.023580270165644415,2.2783664006214943
1445,-0.05297290358895556,-1.7354793011725995,0.030523500656656474,-2.6847899876476684,0.019730743869232324,-2.1956882524768044,0.02412587648961572,2.277483966591414
1446,-0.054222504130994414,-1.7728112366185274,0.030585604948228328,-2.939703766291028,0.0184448871184752,-2.3716870977772406,0.022862418985123322,2.2724227618014607
1447,-0.055091217813933877,-1.8006551887108246,0.030595095695904066,-3.2832448111206496,0.016779503504379234,-2.391151852884745,0.02303961488161886,2.2713026970855665
1448,-0.054428254600115404,-1.777257174280177,0.03062486138066084,-3.2242085207415934,0.01688112113406253,-2.281965716498004,0.02385147778803758,2.268814260268003
1449,-0.05399524727844983,-1.7632381911921882,0.03062277549804075,-3.1779673640397723,0.016990497728023263,-2.233367880586409,0.024176602407424457,2.268934913469503
1450,-0.053690085301399355,-1.735479899459395,0.03093673704784706,-3.022122600178651,0.017765687367622178,-2.2481733709430447,0.02388164809499451,2.2446725177433295
1451,-0.0482853951029276,-1.5649646748984936,0.03085398404028479,-2.3232243369547674,0.020783784990053546,-1.7906400230975503,0.0269654394406983,2.2508909968508255
1452,-0.04557893188289389,-1.4708708108923385,0.030987719346502195,-1.9973553920645588,0.022819640442546082,-1.592432472986658,0.028622207004739834,2.2406938943392927
1453,-0.04694936155356114,-1.5159821304956898,0.030969600900381214,-2.1815412778641123,0.02152118872558212,-1.670749811683817,0.02810077321286338,2.2417780468472106
1454,-0.047295620512813046,-1.5300969713938217,0.030910211180752628,-2.2125078569504226,0.021376475732837515,-1.6794352622196205,0.028161621693178537,2.246204080981092
1455,-0.05287640676962793,-1.710980408315568,0.03090415677037698,-2.611228429021784,0.020249628941668825,-2.128604580426056,0.02484087803618478,2.2471355550924903
1456,-0.05585898976758921,-1.7974285981342957,0.031077167585722192,-2.785175428799592,0.02005582455955544,-2.2905215868793163,0.024387017388337904,2.233599726552892
1457,-0.04671035551673433,-1.4599275271702492,0.03199498238605868,-2.2930935536834602,0.020370017368764644,-1.6701449512187545,0.02796784523561766,2.166421788478874
1458,-0.010439068996847612,-0.22392099852263295,0.046619428574013244,-0.2324910631793601,0.04490094739166027,-0.09380993797232923,0.11127892441338982,1.4646861595011549
1459,0.0917362625069424,1.294598073238092,0.07086080568426044,2.460063359717584,0.037290203174878286,1.7842180917419044,0.05141538634292275,0.9560421355785597
1460,0.09031674479745683,1.282093411841419,0.07044474604057012,2.464396704525158,0.03664862261486392,1.8308620703483254,0.049330174162313535,0.9617734910239162
1461,0.1063174084926197,1.4369792621080706,0.07398673821962498,2.171026531936406,0.04897103141240374,2.1312288403024535,0.04988549633062006,0.9151378656731581
1462,0.05563330153871131,0.7353780782831563,0.07565265158378814,0.952243389428293,0.05842340535659941,0.8388588438103758,0.06632021817402121,0.8952121844473756
1463,0.050408362480297994,0.6659803453624212,0.07569046568914306,0.8736364411470138,0.05769947326615166,0.7611069741786128,0.06623032528994854,0.8947842773732578
1464,0.05394609397675751,0.6880521547688737,0.0784040767881597,0.8767400476242395,0.0615303180491627,0.7375336071393118,0.07314391297502962,0.8635240270683107
1465,0.03495002859926513,0.43379249470910924,0.08056854146981444,0.6103126992219642,0.057265773174669236,0.4439287345536053,0.07872891723129682,0.8401943183213897
1466,0.05370092687777547,0.6627045657180634,0.08103298159654092,0.8499200940885829,0.06318350072116131,0.6448909565256206,0.08327132879501314,0.8352019971160426
1467,0.04998801198917039,0.6167475056592903,0.08105101606488743,0.7977238568411487,0.06266330329785354,0.5821779279000444,0.08586380484997184,0.8350253155673021
1468,0.04734928192666621,0.5843427436661212,0.08102998187262578,0.7787142215277828,0.06080443970031808,0.5726942294254791,0.08267811948125707,0.8353214680993268
1469,0.05193517669103473,0.6356854998762986,0.08169948300085667,0.7999840513112565,0.06492026510517004,0.6365732207644474,0.08158555056505026,0.8284118947890808
1470,0.05659433514551157,0.7143763414705249,0.07922201766790544,0.923426867941166,0.061287295302216986,0.7714344363107908,0.07336246929312758,0.8544989736491987
1471,0.039404314260627404,0.490563329909042,0.08032462244565564,0.8329821006654778,0.0473051152349455,0.48969680257151194,0.08046675831597465,0.8426857889358499
1472,0.0010208922039547264,0.012422278763429773,0.08218236149716379,0.02935909557608313,0.03477260398942188,0.011557176806124166,0.08833404741318433,0.8236002542187155
1473,0.002703239534522775,0.03293347716406046,0.08208181362254567,0.07279225679163505,0.037136361114076887,0.028488204556547263,0.09488978251181178,0.8245913355091016
1474,0.007823607525016638,0.09491062015426133,0.0824313181422761,0.21606389237829773,0.03620969445148471,0.08695005592130325,0.08997817703645444,0.821074343313694
1475,0.009007849087825408,0.10643001347419152,0.08463636143398351,0.2369156235500843,0.03802133836868355,0.08545291371113797,0.10541301281165467,0.7994862742777381
1476,0.029628521333478385,0.35157537019692686,0.08427359776904352,0.6738444793109618,0.043969376084782893,0.33168944863413385,0.08932608937512443,0.8028659186564427
1477,0.03151950495372383,0.3725449555153897,0.08460590993674527,0.6857381778116436,0.04596434320502644,0.3576975231135508,0.08811776128435195,0.7996969456195739
1478,0.05185234001897679,0.643430419728356,0.08058733070293421,1.068766048541807,0.04851608084830408,0.7483142519421918,0.06929219894502617,0.8398933279295373
1479,0.019184745799109962,0.17900940285482622,0.10717172111159147,0.23266076866719565,0.08245801777846075,0.1813364118384459,0.1057964343984142,0.6304257035150977
1480,0.06627212299693451,0.6389629127944956,0.10371826231211806,0.7131671071650477,0.09292649973773566,0.616852115156311,0.10743599862690117,0.6515312871992445
1481,0.05784665968876244,0.5548646061399068,0.10425364863545944,0.6902418682620188,0.08380636172421171,0.5413089830193949,0.1068644000069916,0.6481916367396444
1482,0.06491078193736943,0.6698301533377401,0.09690633008072462,1.063590018094843,0.06102989012029368,0.7194302293036958,0.09022526340072429,0.697588614355905
1483,0.1109424065864954,1.0396229853880876,0.106714076300536,2.0621017776296973,0.05380064543371822,1.5098775980793506,0.07347774861195397,0.6330501932019179
1484,0.10935741332777861,1.027924076135232,0.10638666402185888,1.7846713634694398,0.06127593884578583,1.5039818126745237,0.07271192537448896,0.6350101149385068
1485,0.10275063999584282,0.9332032685006885,0.11010531516989325,1.5356835196139322,0.06690873391782841,1.3153900360638047,0.07811419972688524,0.6134980447011378
1486,0.0937679877506202,0.8487889601682314,0.11047267595473348,1.5567244231764175,0.06023415985167842,1.2254771576873218,0.07651549207785799,0.6114669695709503
1487,0.06470751012180333,0.5893659332318734,0.10979173799030142,1.3543750164735453,0.047776656638488166,0.9706064661752575,0.06666709153173869,0.6152685938969006
1488,0.08640085937560053,0.7924262469191865,0.10903331346167777,1.611818750871342,0.05360457516013672,1.1496674112559349,0.07515291686072355,0.6194101890771176
1489,0.06227017931864541,0.5824079043980515,0.10691849964331243,1.4008842576470235,0.04445062393893746,0.8437066325592496,0.07380548749481647,0.6316824751161054
1490,0.06474590265808199,0.6054983498586132,0.1069299407227129,1.3872889069718826,0.046670814084001214,0.8418881502295258,0.07690558732823377,0.6315370260314451
1491,0.054709057440924636,0.4920805660549944,0.11117906541102948,1.4136196298468262,0.038701399079222376,0.7100009086718257,0.07705491186379886,0.6073032168037624
1492,0.05980107192963019,0.5378814753458773,0.11117890217575524,1.443796212203202,0.04141933011333714,0.7355660217317135,0.08129939415749919,0.6071684924746852
1493,0.06080928382412084,0.5464179139688206,0.11128713438847963,1.448101979460234,0.041992404324167086,0.7496189749313517,0.08112025690076696,0.6066035462226622
1494,0.04927376744965592,0.44555715810450747,0.11058910524359376,1.2442826211078553,0.039600141168719925,0.6482741011562208,0.07600761369577211,0.6102868799319812
1495,0.05632959891096176,0.5099467105775173,0.11046173598642925,1.3272860813922152,0.042439681769190704,0.7462418138867465,0.07548437766784083,0.6111529921362429
1496,0.042493296113649735,0.3909519513418027,0.10869186345740621,1.1324717529984816,0.03752261016766103,0.6105011713480494,0.06960395509122475,0.6210237550194668
1497,0.05731762866825494,0.5155767065714937,0.11117187401542714,1.2625343978369366,0.04539886498653468,0.7095861164624188,0.08077614166692988,0.6069975457156132
1498,0.06030996470928656,0.5443433622377554,0.1107939747099271,1.3216804091540786,0.0456312768893102,0.7472552365118498,0.08070865450312596,0.6091164959078597
1499,0.03485982554927422,0.2879432489805821,0.1210649170372633,0.7257826035082728,0.04803067114142654,0.39347306720964487,0.0885952011823485,0.5573979609012475
1500,-0.016131065898590886,-0.14974159239829718,0.10772602080845993,-0.30796113744250375,0.05238019976336317,-0.23767726957779378,0.06786961970425637,0.6267405032659715
1501,-0.03699062239755008,-0.3427083861612365,0.1079361459808189,-0.857235506349176,0.043151061900232074,-0.666666007000228,0.05548598849969176,0.6256331441408386
1502,-0.036413868524857944,-0.32754182811709515,0.11117318583152104,-0.8777246437294688,0.04148666530557319,-0.6341998529861648,0.05741702454423672,0.6074347662553724
1503,-0.03154436836274297,-0.2374439629022844,0.13284973842743883,-0.46059077189607556,0.06848675719855807,-0.32831381974146034,0.09607992861093524,0.5080036058265833
1504,-0.22671626482599228,-2.225622483612693,0.10186645151875895,-2.1125588946622074,0.10731831685205805,-1.046901242106502,0.21655936176922433,0.662064481294656
1505,-0.18564569621410396,-1.8345565206770384,0.1011937730572574,-1.7529516352818237,0.1059046310677348,-0.7173033031368371,0.25881059713827786,0.6671136043561325
1506,-0.1872293166452619,-1.8477556518796459,0.10132796317240389,-1.8765565111833258,0.09977281021353211,-0.7552299536910225,0.2479103427111428,0.6660482308355128
1507,-0.19073958060514618,-1.883877427826751,0.10124840278233185,-1.9742572486039427,0.0966133368587219,-0.7748908774262855,0.24615024664978202,0.6665204792109836
1508,-0.19555164178442233,-1.9261480138352283,0.1015247220773298,-2.3589373058750533,0.08289819373214838,-0.8482434723281189,0.23053716080797462,0.6642108673536273
1509,-0.22071834234839308,-2.1358957390654325,0.10333760132176163,-2.9249833500212037,0.0754596918805685,-0.9997453810250534,0.22077455573946975,0.6524834528933596
1510,-0.21538241900597618,-2.075665918025889,0.10376545528618628,-2.6304219832491955,0.08188131804613637,-0.8911258352708198,0.24169697531047324,0.6499908652937485
1511,-0.22147040029112885,-2.2505842509522442,0.0984057362871097,-2.9847033636443294,0.07420181281288638,-1.0412320384474325,0.21270033202336,0.6855986307981113
1512,-0.22988111756408122,-2.315063531885213,0.0992979736400078,-3.402083911062409,0.06757067831765899,-1.0606402235470627,0.21673807240243792,0.6793868692632138
1513,-0.24739826222835318,-2.509224744158255,0.09859549759515282,-3.670836947122759,0.06739560100109229,-1.164895713004311,0.2123780347601276,0.6843086848097075
1514,-0.23132256893792946,-2.368738461599526,0.09765644147210978,-3.5180464697338656,0.06575313058767772,-1.0793386675459682,0.21431880084855537,0.6909152944222163
1515,-0.24518581062139203,-2.4732814934140324,0.09913380716035926,-3.9160584518279262,0.06261035519195197,-1.1706907861306068,0.20943686712678897,0.6804746272008424
1516,-0.2499838448461879,-2.592045418230587,0.09644269467193012,-4.693257370270085,0.05326446540727469,-1.4261103347216055,0.17529067615584445,0.6992598699863972
1517,-0.24710588987705306,-2.498611048728313,0.09889730136381951,-3.9050851460495317,0.06327797746664518,-1.280244717342203,0.19301457489318655,0.6820542030669359
1518,-0.2492877904583238,-2.520550510386594,0.0989021205609916,-4.1353119478131894,0.06028270505448825,-1.3212003649445254,0.1886828047226515,0.6819281496169637
1519,-0.25730497255698204,-2.602062254957866,0.09888501786101518,-3.997807881510346,0.06436151515609446,-1.3194604044649103,0.19500772564776483,0.6821706788128065
1520,-0.2579132517106062,-2.553169750627881,0.10101688367848616,-3.8135059397502755,0.0676315327117323,-1.2661510067448802,0.2036986507428286,0.6677158798631484
1521,-0.30655030871925726,-2.594922688087402,0.1181346597054887,-3.4421773971347016,0.08905709187865576,-1.0948625125218856,0.279989775166523,0.5705450766695651
1522,-0.30967194779876234,-2.5909992172434553,0.11951834865014742,-3.8235648859633877,0.08099037339096632,-1.0830468073922912,0.2859266521863222,0.5638043197524324
1523,-0.3068040855116311,-2.5611143500773115,0.11979320076136768,-3.926467238405509,0.07813743675503594,-1.0585891645504402,0.28982356497284206,0.5625136621432547
1524,-0.33616365217765426,-2.755620037432411,0.12199201907781147,-3.998980983002047,0.08406232827976472,-1.1472055602173434,0.2930282626192698,0.5522470811230795
1525,-0.06724429964352525,-0.3433057031892672,0.1958729465279315,-0.4489468001430461,0.14978233416988265,-0.2705428987767819,0.24855318674990184,0.3443882113919557
1526,-0.2501270953489646,-1.2470846930761412,0.20056945349235636,-2.666673065222286,0.09379743569282076,-1.8530152455412872,0.134983830246847,0.3360948334601498
1527,-0.23049030280465704,-1.2740861604776959,0.1809063703495836,-3.2030965695861155,0.07195858688532752,-1.9610428587918938,0.11753455656071243,0.37276837430860227
1528,-0.22890580659638565,-1.2652113425042253,0.18092298014283822,-3.2169287650796403,0.07115662898140634,-1.9911107997409843,0.11496387173740563,0.37270928301570594
1529,-0.18094337066157046,-1.010823878369925,0.17900583329448388,-3.139924536062977,0.0576266622281464,-1.4749083602630182,0.1226810936438811,0.37682299770134176
1530,-0.16197327219728405,-0.8934600195652858,0.18128765546341108,-2.747718305969516,0.05894828150520064,-1.2287053030776287,0.1318243453426771,0.3720936940647198
1531,-0.16882343702352334,-0.9279558009792562,0.18193047216835845,-3.010303936706422,0.05608185770378831,-1.3219614577070091,0.12770677695577737,0.37076853538403975
1532,-0.16260776223412787,-0.7851375964578825,0.20710734394547708,-2.1236461743621486,0.07657008224685462,-0.958339606970706,0.16967655416865013,0.3256543754999881
1533,-0.13893081955262906,-0.713269529095778,0.19478025330586274,-1.9448857203448897,0.07143392441998712,-0.8738843003040543,0.15898079357220432,0.34628615568749604
1534,-0.06282677933092036,-1.1931545765468632,0.05265602677630322,-4.873398342577606,0.01289178000944828,-1.2101790542172028,0.05191527577012932,1.292540035352905
1535,-0.10359201971099985,-2.072165027961588,0.04999216679807809,-4.564003116098428,0.022697622476549984,-0.38141325577989144,0.27160047046393543,1.3617383677926402
1536,-0.05657422448879423,-1.2469856543041578,0.04536878535331968,-2.49502832157321,0.02267478248628538,-0.9679684204945899,0.058446353507986604,1.5054851572455563
1537,-0.05698922369049302,-1.2556118579077193,0.045387611889439024,-2.755210179447237,0.02068416562758434,-0.9712367181976748,0.05867696579289959,1.504827772277642
1538,-0.06011027648569928,-1.3445527312925434,0.044706522166604916,-2.8972452738405816,0.020747389607790174,-1.065664830059723,0.05640636229153825,1.5281631393816888
1539,-0.05849487190709571,-1.3074874371405958,0.04473838160542546,-2.92960339249987,0.019966822832349754,-1.044911812208077,0.055980678200475184,1.5272123857148734
1540,-0.0588373450980769,-1.3159243665735334,0.04471179848373838,-2.7960155030046225,0.021043282855495535,-1.0190675521216337,0.05773645228481791,1.5279619305579197
1541,-0.058667988282755865,-1.3162301085829946,0.04457274446176868,-2.7413961368108524,0.021400770029174288,-0.9990155273332915,0.05872580222988171,1.5328469217340548
1542,-0.05720556641599231,-1.2880636777424752,0.04441206394101078,-2.4938424458264516,0.022938725143494203,-0.902861088255429,0.06336031883545772,1.5383407323661848
1543,-0.056564076551442716,-1.2733429295474223,0.04442171487263607,-2.490252123212356,0.022714196696869648,-0.8951871806456455,0.06318687060581721,1.5380663325372672
1544,-0.05691820518066012,-1.2813417756731689,0.04442078316751784,-2.466077389370732,0.023080461880875487,-0.8872399538002042,0.06415198609673682,1.5380013051688928
1545,-0.05685208291939991,-1.2804593225066818,0.04439975711848764,-2.368569456465399,0.024002708792943694,-0.8465023291794369,0.06716116537388607,1.5385353249437907
1546,-0.05522155390810847,-1.2555301337638287,0.04398265913583872,-2.249671274371849,0.024546499098419335,-0.7973006135126247,0.06926064394309421,1.5532976326804808
1547,-0.052187046622007224,-1.1837644278397894,0.044085668900561197,-2.296222207128483,0.02272735036704884,-0.8324492703965953,0.06269096325490715,1.5503529443934043
1548,-0.05064984334485304,-1.1517497108122619,0.04397643243959025,-2.170588617703315,0.023334612064097753,-0.7805727699615298,0.0648880479745012,1.5542816671227169
1549,-0.051122706473773885,-1.1626904265160507,0.04396931918237322,-2.1878632090642256,0.023366500365276335,-0.7836330942731123,0.06523806465983245,1.5544780956357205
1550,-0.052286501154121166,-1.1876123186124687,0.04402657360038957,-2.17228385723029,0.024069829078777766,-0.7782752557577094,0.06718253056011184,1.5522255220029293
1551,-0.04792003294249029,-1.0924316522059743,0.04386547464614759,-1.7892986180268717,0.026781461998407818,-0.6374413137058814,0.07517559956052806,1.557921179081001
1552,-0.04748964733776589,-1.0831387728671336,0.04384447175873682,-1.8157598363224556,0.026154145712325546,-0.6435529965048087,0.0737929084250811,1.5588150680305708
1553,-0.042402409376157545,-0.9670077877007336,0.0438490877896426,-1.5734808913954752,0.026948156541355937,-0.5702234095493995,0.0743610463303579,1.55906015613833
1554,-0.03909439863555545,-0.9041497264355208,0.04323885468580458,-1.3837156577501757,0.028253202467275824,-0.5417470000599002,0.07216357198329264,1.5819089431520776
1555,0.014940445075382138,0.1983311023854314,0.07533082252700474,0.3113693235444681,0.04798303476176716,0.09589201369651848,0.15580489447917992,0.8988297300992322
1556,0.10734759307592595,1.324417732253457,0.08105266975947026,3.5282831436382525,0.030424880517166363,1.489400054823748,0.07207438507085942,0.8347059694138759
1557,0.04560170883836032,0.39547733563903653,0.11530802078625893,0.6268228641100775,0.07275055115148468,0.6490463208836191,0.07025955986666349,0.5856789247639693
1558,0.12757394489030904,1.0724281237873972,0.11895803742983511,1.872713745602215,0.06812250147140596,1.2805525794028993,0.09962413644100009,0.5676197846960236
1559,0.19112139738553255,1.4137375942989108,0.13518873527609054,2.8299199550177616,0.06753597289798008,1.443536935157038,0.132397996012995,0.49914791016722226
1560,0.19206114557409554,1.421117310005504,0.1351479882919389,2.8333153105465096,0.06778671786340978,1.4369995657779164,0.13365428226147283,0.4992946765368164
1561,0.20411586618521488,1.5049205382720312,0.1356323214377706,2.7887678789269565,0.07319213181118295,1.401000091567394,0.14569297133796516,0.49744083254667526
1562,0.23341213887530146,2.009618553446853,0.11614748404614306,3.289227052112009,0.07096261072200163,2.0433938925023347,0.11422767765517082,0.5809655129643119
1563,0.1817422331029166,1.570977159223424,0.11568738096278665,3.2241376859507636,0.05636925305481263,1.7114240723965357,0.10619357062590566,0.583518967865789
1564,0.18265105204224047,1.5799300185460634,0.11560705214673102,3.185656695281694,0.057335447448799697,1.6283156112630865,0.11217177479527929,0.5838924586092675
1565,0.18573369838198966,1.618830563992865,0.11473325406204048,3.350041846567335,0.05544220248242695,1.6783901567210242,0.11066181342772355,0.5883168893647975
1566,0.19306778946448824,1.6831609576841187,0.11470548231473508,3.3629562273435467,0.057410140487316304,1.7849144839200757,0.10816640864522974,0.5884485774273059
1567,0.25821664399479355,2.3041147497528742,0.11206761469778723,4.623110285393809,0.055853446717591765,2.193362508860675,0.1177263872030539,0.6020077746215802
1568,0.30036598141769605,2.776260372560064,0.10819085428241752,3.6726137911970467,0.08178534376188659,2.4491346914362717,0.12264167522838415,0.6232902974931811
1569,0.3133084502959829,2.8418212675417456,0.11024917501831613,4.456906765435773,0.07029728616397235,2.771383470903116,0.1130512805555142,0.6115395584973439
1570,0.3111980514373852,2.823930471860846,0.11020032346345957,4.500664074170634,0.06914491868507909,2.7519976912997874,0.11308078216097785,0.6118110014789948
1571,0.3082786894916957,2.8438260443482664,0.1084027942230712,4.590764778669137,0.06715192442969506,2.7686097683195148,0.11134782988171499,0.6219837786364607
1572,0.27423643858755353,2.443432256605626,0.11223410751256843,3.777539521312478,0.07259657696242239,2.633696555223816,0.10412605736360105,0.6009594675386944
1573,0.27267938087847177,2.4339127767789606,0.11203334132595152,3.7014967489064836,0.07366732956310935,2.4845088846550873,0.10975182361496226,0.6019952677332822
1574,0.2634181527207229,2.3464008118152155,0.11226477223937634,3.411824571962563,0.07720741414591503,2.478179319046228,0.1062950330898993,0.6008802705064064
1575,0.33896945249823923,2.723275766754442,0.12447121831595402,4.46665083985686,0.07588895229363887,2.979273880123043,0.11377586154792856,0.5414360665785763
1576,0.34305930493360925,2.7441559339053554,0.1250145083575419,4.687653893887723,0.07318358238455437,3.050288725436848,0.1124678139720947,0.5389084216279484
1577,0.3519368298421574,2.8215926358524213,0.12472985127983757,4.57843229670389,0.07686841412846143,2.981583353360385,0.11803689118585532,0.5400613714101811
1578,0.3532744150024394,2.8311730718964037,0.12478022573371175,4.517900333784862,0.07819437988940417,2.9752406975728687,0.11873809580872981,0.539863243544648
1579,0.31086724645427777,2.4614818426626144,0.12629272378381998,4.15651208267705,0.0747904108711408,2.804500438782936,0.11084585409770313,0.5338396466403227
1580,0.2945206501848082,2.338532841749214,0.12594249049096434,4.010691497669286,0.07343388299896954,2.569927037800802,0.11460272834704378,0.5353589055468432
1581,0.23257915805285478,2.0615891289482944,0.11281547558969884,2.6746723234952303,0.08695613141460375,1.8929755363487266,0.12286432317105693,0.598095285592511
1582,0.21973192542536188,1.954819401489552,0.11240523050770238,2.4032878220265554,0.09142971699497669,1.8044681103812699,0.12177102169953796,0.6004220879952802
1583,0.19489243956652458,1.4767001439776872,0.1319783439863126,1.447502994387541,0.13464043965517758,1.1809089298155553,0.16503596056045117,0.5112732996734539
1584,0.2578779646691268,1.8486597315623599,0.13949455395514357,1.8314898586741297,0.1408022891569885,1.4434865338024436,0.17864937332655445,0.4834655170070892
1585,0.3026950928149543,2.3517603149617488,0.12871000964223586,2.6276714821216203,0.11519518131336338,1.8930835521657579,0.15989526319039638,0.5238594902501431
1586,0.22481338639388493,1.8203811249142061,0.12349797705383278,1.8592595285044837,0.12091554887698551,1.377533073294946,0.16319999189286233,0.5463740186779166
1587,0.07303795114410098,0.6811074530479607,0.10723410941585741,0.4918340562746182,0.1485012072919974,0.38248032355320855,0.19095871511921148,0.630009254840302
1588,0.028109185455541145,0.24824304024383073,0.11323252175743408,0.2328700598418777,0.12070759751007797,0.1407197641658563,0.19975293180857567,0.5965139869829815
1589,0.08256921142908834,0.7364124217939286,0.11212359947425465,0.8189590967706315,0.10082214332154095,0.34652145524272826,0.23828022819323263,0.6022827671646953
1590,0.02324260028741386,0.2193253055543937,0.10597318092713011,0.2979809528033663,0.07800028850418284,0.1095493916540482,0.21216548934213064,0.6373817288671606
1591,0.027453072149505292,0.27069969708319735,0.10141523040222616,0.40406976094302327,0.06794141705985361,0.14551177352005257,0.18866564186108323,0.6660872039983353
1592,0.040800370963747466,0.4795092446714449,0.08508776716432961,0.7355980389154783,0.05546557876078775,0.3085784056911512,0.132220434778523,0.7947253247340694
1593,0.05669907429438902,0.6700791145558173,0.08461549250340948,1.0491338202555522,0.05404370081271237,0.442187906507072,0.12822393706391927,0.7989824898874864
1594,0.04144756325969795,0.5321729840921333,0.07788362900534287,0.9409497772606593,0.04404864559335164,0.38899210747171453,0.10655116765501932,0.8687436254715426
1595,0.04230914261130758,0.5419800390494561,0.07806402369635394,0.9408707711716129,0.04496806990679752,0.3928187841792308,0.10770651586764053,0.8668073641795672
1596,0.03459986515447935,0.4740360149197814,0.07298995026851389,0.9363687296681658,0.0369511113071247,0.37541709947688867,0.09216379648846917,0.9277712024888456
1597,0.03095534986224622,0.42981829568297975,0.07201961892538399,0.8510916452831315,0.03637134735584009,0.3448180100973098,0.089773007661376,0.9405806916713386
1598,0.03340211498243786,0.46596914598617084,0.0716831044934232,0.9079935204269705,0.036786732758545465,0.37415768016485573,0.08927283002107753,0.9450672583830486
1599,0.012766437514514593,0.18284954290175817,0.06981935700749207,0.33206598966949197,0.03844548346315482,0.14628265226970327,0.08727239571085259,0.9707003348603875
1600,0.01417289661154651,0.20302580618201455,0.06980835036724531,0.36751236694347544,0.03856440731347238,0.16310494586766117,0.08689433993648486,0.9707747705471188
1601,0.01090605390028699,0.15664509543052724,0.06962269626324732,0.27151061452564185,0.04016805722067638,0.12415634906474331,0.08784129029599488,0.9736358134652565
1602,0.011207006961089073,0.1583039731902724,0.07079422414508123,0.27561583301065246,0.040661695079962715,0.12292687357159525,0.0911680793261359,0.9573581762540984
1603,0.010623033774369628,0.1494671216915873,0.07107271254135311,0.2629705913031422,0.04039628051839383,0.11567727573532939,0.09183336750318379,0.9535415568491129
1604,0.012940998215820563,0.1835858711305796,0.07049016428184708,0.32871909093434637,0.03936795450193434,0.14353336870519162,0.09016020687426732,0.96150062607565
1605,0.0140450208687377,0.19932993416063258,0.07046117246704822,0.3534458766316603,0.039737401954117464,0.1553079460350575,0.09043336949139315,0.9619319742386354
1606,-0.013705813483066837,-0.20014679426197035,0.06847880593644393,-0.29085452679028556,0.047122572353667104,-0.17491185091663053,0.07835840402603444,0.9899562106919264
1607,0.004052374271302985,0.05840736561852586,0.06938121978947187,0.10020746076976458,0.040439845897439416,0.05085426139320189,0.0796860314216401,0.9769103859144089
1608,0.04903531727895153,0.664965686009786,0.07374112425739499,1.3503010006365384,0.036314360469136914,0.6658442880694598,0.07364382057120875,0.9185399394433703
1650,-0.4008086595396769,-4.063514425681926,0.0986359632456367,-3.9495480745086193,0.10148215744646767,-3.474980984255539,0.11534125261567266,0.682413945182776
1651,-0.40840555437960274,-4.1457455862906984,0.09851196748062231,-4.157128726984187,0.09824221985925438,-3.578762431339268,0.11411921361507266,0.6831190429163576
1652,-0.4794339934811052,-4.698117507644423,0.10204810601288843,-7.823243809434329,0.061283273941039475,-5.977529042500097,0.08020605003712074,0.6584974783577845
1653,-0.4900077501925972,-4.718242280439033,0.10385387630984518,-7.749312326833942,0.06323241721666349,-6.018824237670114,0.08141253687485632,0.6470204321332156
1654,-0.5063887520997181,-4.737753800522289,0.10688372030726753,-6.653674840898881,0.0761066274214427,-5.406762838945146,0.09365839915377425,0.62855152294571
1655,-0.4966982508870159,-4.681273299558139,0.10610323711155654,-6.9730724899257694,0.07123090310686035,-5.6772464183893145,0.08748928869427754,0.6332566976782388
1656,-0.47059733807761917,-4.527264180064438,0.10394739943603667,-7.38229959797161,0.06374671358595665,-5.270176352466587,0.08929441950407727,0.6466305729442163
1657,-0.47514119474797883,-4.5908319569607885,0.10349784074051159,-7.521225391616378,0.06317337534886278,-5.564946098121522,0.08538109558839488,0.64934731697393
1658,-0.4167567820803013,-3.3246601743647792,0.12535319708575277,-10.541981110641968,0.039533060978414365,-5.931846665993385,0.07025751094840692,0.5368994010241371
1659,-0.42712909348445416,-3.416361515676772,0.1250245594690353,-9.981639981455926,0.04279147457511816,-5.92907448133921,0.07203975845281974,0.538238954945408
1660,-0.4323191871916448,-3.4896088734350803,0.12388757676618384,-9.983341726029488,0.04330405580172242,-5.974863461776838,0.07235632913744933,0.5430876255436025
1661,-0.30331667445491856,-2.757289302755253,0.11000538614204389,-3.0325836162710065,0.10001922876174132,-2.234086354683273,0.13576765903389615,0.6125902141303715
1662,-0.2673615312706069,-2.5357019952299718,0.10543886141729322,-2.4534696381889844,0.10897283060244366,-2.144598291933463,0.12466741779858785,0.6393125523915206
1663,-0.1775489811591663,-1.7981332284964762,0.09874072640747836,-1.3455639085195197,0.13195135514188822,-1.498983415028257,0.11844626123219607,0.6837828218515876
1664,-0.19129206944460656,-1.9972415959329735,0.09577813211688499,-1.6200488402011495,0.11807796450189442,-1.6659834990093925,0.11482230739881301,0.7050151910055296
1665,-0.1365887231887121,-1.3651523015135802,0.10005383504629674,-1.316243759519013,0.10377160172719442,-1.2721057871833892,0.10737214197502995,0.6751974987107914
1666,-0.14808912872489638,-1.5202642899562313,0.09741012118962546,-1.590902157734203,0.09308500086253456,-1.3879238878209497,0.10669830674749561,0.6935539275016849
1667,-0.10162125211127636,-0.9945968520294761,0.1021733096218011,-1.529174479022604,0.06645497522050536,-1.146801158668382,0.08861279162751697,0.6613432232751493
1668,-0.022968311982661117,-0.23187796547192804,0.0990534479458409,-0.33628934095932345,0.06829925657810039,-0.20998484262307968,0.10938080908958256,0.6823966542283904
1669,-0.002411680733403107,-0.02377406946604345,0.10144164577493624,-0.037112280080394335,0.06498336206179768,-0.02181851855083715,0.11053366101753842,0.666214736590704
1670,-0.010398897641895265,-0.10225417827864353,0.10169655477117208,-0.15794547469976095,0.06583852852804148,-0.08980795101738041,0.11579038964916125,0.6643042518173612
1671,-0.011120056620929544,-0.10935414873911262,0.10168847500663906,-0.16856351018058444,0.06596953640213396,-0.09778884666817331,0.11371497875072818,0.6644711945856858
1672,-0.007810433861449975,-0.07684710427825935,0.10163602044351343,-0.12486928187341854,0.06254888107202781,-0.0671790537867829,0.11626293347684265,0.664686788071061
1673,-0.010391945665690005,-0.10224817987113109,0.10163452961986742,-0.161434146256589,0.06437266158779499,-0.09019621631754812,0.11521487363842112,0.6648256608775415
1674,0.00010992501924741138,0.0010766081649701068,0.10210308896409269,0.0018544113296866229,0.059277581779004565,0.0009516548220416557,0.1155093387869155,0.6616783060884996
1675,-0.0006060723796174885,-0.0059384358143620836,0.10205926250001808,-0.010082873647399026,0.06010909199222493,-0.005316260011349941,0.11400352471917387,0.6620496293031558
1676,0.00335360334057586,0.03306787658121976,0.10141574504606903,0.057677032842013407,0.0581445191496226,0.03003778435772165,0.11164616206833404,0.6662913962215763
1677,0.03981904318539651,0.37765313116565274,0.10543813859689778,0.7841131622296572,0.05078226600886212,0.35125301276704346,0.11336285167126844,0.6407438736102214
1678,0.02713729144800293,0.26045292707764933,0.10419269137225874,0.5410959803850207,0.05015245433664689,0.24469227115448594,0.11090375400892764,0.6485413987524544
1679,0.028962930914368332,0.2805767664137782,0.1032264049677424,0.6209828665341367,0.0466404670325573,0.2708009841361822,0.10695282739372639,0.6546084663514583
1680,0.035772323840893155,0.34590701121167494,0.10341601263179535,0.7379709967258036,0.04847388853980195,0.34075671492085985,0.10497907238365417,0.6534698293737559
1681,0.05564812192659324,0.5365134215484979,0.1037217704004129,1.0964616211507228,0.05075245759007163,0.5469970909815293,0.10173385351417223,0.6515361165995248
1682,0.07847616287177434,0.6711614070219235,0.1169259168520858,1.253055902234875,0.06262782269474887,0.6246022430696395,0.12564182044255756,0.5776286602904953
1683,0.07974434767239662,0.6524088404138794,0.12223063627066715,1.0283859403383337,0.0775432107192764,0.5411904223222596,0.14734988718058226,0.5524634481380568
1684,0.053411473764742874,0.3738555232881323,0.14286661674803822,0.49817528543230183,0.1072142182211909,0.2667947595662404,0.20019686238058118,0.4724767285149258
1685,0.08191453105853547,0.5517044207256507,0.1484753936732901,0.8437451690116586,0.09708444453019865,0.3786842090042542,0.21631356447085234,0.45456483536391856
1686,0.1358142251309935,0.7715193924388795,0.17603475228492438,1.290941119497675,0.10520559232309597,0.479068761429338,0.283496307974207,0.3832348687392501
1687,0.21092549411581518,1.123290527884627,0.18777465747265637,1.733185161571353,0.12169818827930905,0.7635065664229952,0.2762589130097396,0.3591469359957805
1688,0.23881932734352565,1.2498493594804403,0.19107848920513296,1.8456351308126266,0.1293968257086515,0.9080655500482164,0.26299789407366553,0.35286410047698286
1689,0.007188194508083598,0.029794955078341862,0.24125542358373084,0.0812258613844574,0.08849637769996073,0.049412602532155944,0.1454728984049318,0.27954686148821833
1690,0.014133232991423623,0.05680813521053276,0.24878889157416292,0.16644212922858304,0.08491379590568546,0.09152671927439861,0.15441647098758077,0.2710743196059045
1691,-0.050620841038793975,-0.20574849157970626,0.24603262288891986,-0.5369998580750434,0.09426602312382723,-0.3474987005124115,0.145672029749032,0.2741228228403391
1692,-0.02407013188666107,-0.09775567561003441,0.24622746184765074,-0.29026726231595495,0.08292403247480527,-0.16635701982527598,0.1446896073994462,0.2738876177902489
1693,0.0748956787319644,0.3224816538766459,0.23224787466704425,0.9849090694519105,0.07604324201587757,0.546075312356379,0.13715265465633444,0.2903427284550114
1694,0.04009519415457975,0.17482653531415676,0.22934272581979723,0.6300329217152224,0.06363983971730124,0.287888446678663,0.139273370005478,0.29397754841222923
1695,0.06664516330231915,0.32055948976242055,0.20790263720382304,1.270061745138479,0.052473955346991896,0.5704227442672096,0.11683468790841166,0.32428395459536746
1696,-0.19104058052108128,-1.4256402907988515,0.1340033539694873,-1.9327309545361135,0.09884489099360137,-0.742797900099197,0.2571905231497945,0.5034248229121473
1697,-0.09938796350499951,-0.8641607067233585,0.11501097276437068,-1.5729070057337236,0.06318743774596985,-0.40124258516780303,0.24770043654123758,0.5870801235250467
1698,-0.10790700455240773,-0.9383477154565449,0.11499682130083998,-1.9162987843976107,0.05631011480619832,-0.4668796581693885,0.23112380816826683,0.5872077830718381
1699,-0.06974340083155584,-0.6084621709086943,0.11462241067082135,-1.0434304708337006,0.06684048700995945,-0.2861110385418987,0.2437634045403756,0.5892747989449816
1700,-0.07669762150379751,-0.660767091333419,0.11607360976319621,-1.1748016304821922,0.06528559334082411,-0.31002596066485066,0.24739096474153152,0.5818622350064374
1701,-0.05958776522695634,-0.5307644536645573,0.11226781449952894,-0.8497450831197144,0.07012428363596833,-0.25445776419696275,0.23417546489496185,0.6017092184006468
1702,-0.04200794658016523,-0.37925885343583665,0.11076325891828435,-0.4850023568325673,0.0866139019498976,-0.1766443947078641,0.23781080995883455,0.6099229192378895
1703,-0.022736521213792424,-0.20968304839520047,0.10843280555011642,-0.22822476441515674,0.09962337466776001,-0.09479187056900193,0.23985729026458877,0.6231375696169026
1704,-0.026594453298353405,-0.24496073656371656,0.10856618767324755,-0.2778707941184394,0.09570798321113881,-0.11402119276596072,0.23324131815513485,0.622360728739737
1705,-0.01481308443167136,-0.13686742523744067,0.10822943739880612,-0.1366933280898027,0.10836728199301496,-0.06012210410389482,0.24638333359180858,0.6243142484906454
1706,-0.013669668490215328,-0.12595810293536133,0.10852551897538718,-0.13219244967598262,0.10340733168740802,-0.05871359841838908,0.23281946360715633,0.6226028172598447
1707,-0.014673641941257129,-0.13520718489637334,0.10852708716998603,-0.13746929463422827,0.1067412325079579,-0.060846847844204965,0.24115697790669763,0.6225957779831305
1708,-0.004713289850543389,-0.043640933771712735,0.10800158115769874,-0.04145814425529424,0.11368791187370858,-0.0188160211412529,0.25049343934939616,0.6256139246110952
1709,-0.006618720737757232,-0.06130219496253128,0.10796873981107336,-0.05724948701513841,0.11561187851354986,-0.026112936097610263,0.25346520640254416,0.6257666766276677
1710,-0.004488686497933813,-0.041270777925462014,0.10876185823394709,-0.03675970093133223,0.12210889599778729,-0.017754598883972326,0.25281824316436124,0.6211335832873615
1711,0.07742237470207916,0.7708199250078083,0.1004415845909729,0.5067587258800648,0.1527795590843024,0.30190759014206464,0.25644394917546637,0.6728446036870224
1712,0.08741870661213268,0.8723530346660895,0.10021023959135297,0.570645260697776,0.1531927322155247,0.35187679081969325,0.24843555725426428,0.6743996435223579
1713,0.08355509738829613,0.8339003247936665,0.10019794321218224,0.5579518167447228,0.14975324908122795,0.3467016335146977,0.24100001070446062,0.674503113179654
1714,0.07357282279203425,0.7256486037446256,0.10138905030943382,0.4732757292509323,0.15545445972579275,0.29756435025149314,0.24725012498927557,0.666563302332825
1715,0.09071076879048007,0.8940767733862024,0.10145747154008322,0.5920953177309037,0.15320298282059108,0.3727331738747225,0.2433665022286651,0.6659851265935565
1716,0.07155098690080344,0.6985955772750122,0.1024211850580273,0.45014793834843175,0.15894993802108728,0.3026983737035645,0.23637717647889983,0.6596809283305418
1717,0.2819624548403881,2.1917420180163836,0.12864764763490535,2.8118343902126393,0.10027704896911276,2.057661470974243,0.13703053627518577,0.5241910252065857
1718,0.4150601106359479,2.7651909433248423,0.15010179012697153,8.818832626257013,0.047065198788347154,5.097729241927046,0.081420587665234,0.4487742525115484
1719,0.4167791482293431,2.814102805922567,0.14810373926360784,9.11091095357394,0.04574505780520805,5.217119381021677,0.07988683367021679,0.45480976023585956
1720,0.3542253214933688,2.3862947236648924,0.14844156422947893,4.392421056467176,0.08064466428413677,3.017345366277657,0.11739634628910854,0.45403523783195937
1721,0.3577967159049061,2.409425868564401,0.14849874427474738,4.603942441106028,0.07771528868613543,3.211927404223064,0.11139626488272197,0.4538441244010388
1722,0.38658833490072786,2.456466480530065,0.15737578263934157,4.733628019225587,0.08166850739656832,3.323700156919915,0.11631263852001039,0.4281642482143022
1723,0.3761253060366028,2.2896202824277703,0.1642740977284596,4.179060741994431,0.0900023544183039,2.905231735913511,0.12946482078763857,0.4102235646331851
1724,0.3697495490134987,2.0728864596512917,0.1783742410453582,3.463949478288023,0.10674218874469234,2.094937974610429,0.17649665693909466,0.3778392980167131
1725,0.3665939543247479,2.0861934983999304,0.17572385045103356,3.5098254035016807,0.10444791754000203,2.16708817299379,0.16916430023163548,0.3835423427009971
1726,0.3464756623635139,1.9627326057765744,0.17652718528432834,3.1674318587715087,0.10938693484566225,1.9844907807458954,0.17459172182865307,0.38183066115590464
1727,0.27480418645952337,1.604567563645295,0.17126370536571028,1.850267313926837,0.14852134304653755,1.2443820215379668,0.2208358700970986,0.3937039795942567
1728,0.24051349455782178,1.423794320374925,0.16892432503487428,1.4167227858867377,0.16976750635607413,1.0668721009872522,0.22543798299276702,0.3991607251245397
1729,0.213031854444232,1.2685098156795207,0.16793867245726765,1.1536497601765265,0.18465903760222235,0.9170170491907987,0.2323095896987054,0.401540720293329
1730,0.20988784392929077,1.249031420880993,0.1680404835462412,1.1135083512594652,0.18849238417645559,0.8629895931438566,0.24321016799828707,0.401350649653291
1731,0.1768539201541809,1.019964429118395,0.1733922430089492,0.907423649664239,0.19489674995755246,0.6349188607273317,0.27854570259825917,0.38898029001902396
1732,-0.055654320896259296,-0.24507602728637273,0.22709002391011873,-0.2727744213435338,0.20403057083628784,-0.251423333374379,0.2213570242241116,0.29700398845465525
1733,-0.09208017221199617,-0.40475064537131217,0.2274985185694348,-0.44057452309069894,0.20900021990840373,-0.41405759958911076,0.222384934616275,0.2964478402608536
1734,-0.1539454981960708,-0.6870495237493597,0.22406754225803258,-0.6697615186671959,0.22985121405962147,-0.6806981286729096,0.22615825093599604,0.30098624666450796
1735,-0.11869811443951692,-0.5367794455106775,0.22113014094008523,-0.5730688137006228,0.20712715751013816,-0.5330518320818834,0.22267649653492494,0.3050067806666744
1736,-0.11975141204920355,-0.6081399073441541,0.19691424720370257,-0.7908402803682913,0.15142300540563736,-0.6691977009886418,0.17894773378971315,0.3425602941009513
1737,-0.15694315503378217,-0.7903033538479634,0.19858596609723425,-1.0144535087127382,0.15470709469271854,-0.8230970281737013,0.19067394202845045,0.3396496402021116
1738,-0.16177451738776719,-0.7924563313554485,0.20414313191373168,-0.9996133458290094,0.1618370923745548,-0.785174762785781,0.20603631835261124,0.3303918045156821
1739,-0.28477751685822034,-1.3068715064484546,0.2179078168381908,-2.3446132711061236,0.12146033649458539,-1.4962654452501125,0.19032553198514687,0.3094031492375664
1740,-0.3058583097285384,-1.3576206512943076,0.2252899655267794,-2.2250065409985287,0.13746400475356654,-1.4016142086042702,0.21821861383177088,0.2992514800152211
1741,-0.26789624321525,-1.0923020441756972,0.24525839225854165,-1.7138973764377727,0.15630821710693987,-1.0822824357553205,0.24752895765908492,0.27489509848931115
1742,-0.31263712129736415,-1.283062767723387,0.24366471318631933,-1.9763336367487605,0.15819045705849505,-1.1131351765485697,0.28086177481762725,0.2766782002624748
1743,-0.25470490351152403,-1.09267185547098,0.233102831592324,-1.6849968557844455,0.1511604621914543,-1.008508687182359,0.25255598365060805,0.2892585272088741
1744,-0.28710196629783463,-1.3173066264438,0.2179461945567638,-2.175722131542453,0.13195709237663406,-1.278763760547639,0.2245152507097021,0.3093473928227997
1745,-0.2804440702430323,-1.2820923198710867,0.21873937305172433,-2.075815497771382,0.13510067274481768,-1.2149906160122455,0.23081994753464485,0.30821738581146807
1746,-0.13785071932462023,-1.268838199751347,0.10864326070229814,-2.743200619190535,0.05025178193685932,-0.6974393287912041,0.19765263247133186,0.6216341686691343
1747,-0.11728209878420169,-1.2085248090159497,0.09704566915734192,-2.5687385931040008,0.04565746748192111,-1.4282330844984752,0.0821169177896375,0.6963551737916652
1748,-0.09913855697091996,-1.0450735109868563,0.09486275934532494,-3.7169244328774584,0.02667220137541828,-2.4422551266063315,0.040593038741484504,0.7124646699958928
1749,-0.08376375174241686,-0.8825153954090974,0.09491477675988584,-3.9458144090541913,0.021228507744867547,-2.422435374614114,0.03457832255102374,0.7121002251651976
1750,-0.11463746053175576,-1.4359155895843752,0.07983579352664978,-4.585673512300541,0.024999045445397272,-2.501700183765336,0.045823820646330886,0.8474693589832206
1751,-0.09635162139496918,-1.41987007768346,0.06785946327720938,-6.599024574580335,0.014600888404949858,-2.933834981763083,0.03284152721400399,0.9987539772651567
1752,-0.08720709815468763,-1.338672445521706,0.06514446341703954,-6.357189648877727,0.013717869525897004,-2.8655274835238274,0.03043317457470217,1.0409877640728025
1753,-0.08902321559055852,-1.3660912993630538,0.06516637331052909,-6.421464776852613,0.013863381437746038,-2.798060210065433,0.03181604715663953,1.0405679121713807
1754,-0.0874352677723851,-1.343250778394655,0.06509228892975642,-6.3965740415808146,0.01366907772879884,-2.650936106729374,0.03298278957023203,1.0417440095725714
1755,-0.08240996731731043,-1.2767215274317323,0.06454811448436,-5.902376170408058,0.013962167936784188,-2.772489256661456,0.029724179135880914,1.0507752199392002
1756,-0.0849653087228574,-1.3204946709416112,0.06434354533386401,-6.28070553842972,0.01352798793112981,-3.0611176841748757,0.027756302595651365,1.0541638830004858
1757,-0.0869485753355069,-1.33872665574341,0.06494871448363249,-6.239726579008807,0.013934677142426783,-3.14228562466083,0.027670487575390892,1.04420254489125
1758,-0.08389872283840236,-1.2897778440980892,0.06504897197786083,-6.2159920858591855,0.013497237718378742,-2.981254846726797,0.02814208350236046,1.0425945612186136
1759,-0.08500373861200819,-1.3082315176235277,0.06497606690169185,-6.375314155946955,0.01333326272756549,-3.094837621536617,0.027466300015379485,1.0437775802111031
1760,-0.08554049875131396,-1.316633321094086,0.0649691127976559,-6.11953663680541,0.013978264013787944,-2.755600299408267,0.031042418876817073,1.0437843629208274
1761,-0.08634917402297171,-1.3301298685790766,0.06491785205546509,-6.393271850725437,0.013506257209002268,-2.896746514179228,0.029809019740009293,1.0446451939608283
1762,-0.08647586677170596,-1.332842681779579,0.06488077546874886,-6.0415964598194,0.014313413242150068,-2.675770747294348,0.032318115017569246,1.0451582449312293
1763,-0.07559423170336589,-1.1832377747877272,0.06388760848759033,-4.104410922504245,0.01841780297603418,-2.137642416198552,0.03536336626300571,1.0617020766143757
1764,-0.07676794654045667,-1.2048382800158566,0.0637163906673403,-4.022604971848752,0.01908413753716782,-2.2420946986227626,0.034239386314776285,1.064611784172017
1765,-0.07750936443723432,-1.2218292737603165,0.06343714797296562,-4.860179883385785,0.01594783861852421,-2.5202448043312926,0.03075469664852665,1.0694614099765938
1766,-0.0741506090478218,-1.1706478650521266,0.06334151478123613,-4.148996471162206,0.017871938326101042,-2.5577045379280507,0.028991076939594376,1.0711851196406865
1767,-0.07359959008159431,-0.9989621945421852,0.07367605148994082,-2.67261882373049,0.02753837899669608,-1.6503313531572714,0.04459685622574517,0.9193574901071327
1768,-0.07437561076188143,-0.9653976491244453,0.07704142518819619,-2.6407746224905897,0.028164315927777156,-1.5629171245310751,0.047587686892992795,0.8788355588917104
1769,-0.08043850478590539,-1.0161636291519571,0.07915900793756575,-2.6472376360593155,0.030385826980628132,-1.7019919335643647,0.04726139013916979,0.8550980571050927
1770,-0.09743246718792133,-1.2950074145567678,0.07523699562852988,-3.6592658324420735,0.026626233689859616,-2.5108270347510317,0.0388049299451575,0.8999433822804166
1771,-0.07499511265078328,-0.8122211687915442,0.09233336378361583,-1.712307037184619,0.04379770159333719,-1.358211591510156,0.055216074667275065,0.7322998256924385
1772,-0.05496696192324045,-0.5056442716555827,0.10870678262262794,-1.297629474276663,0.042359520196534266,-0.7691744837921828,0.07146227947167777,0.6215213551418423
1773,-0.06112051001991731,-0.5357016225111807,0.11409431566289806,-1.528460677969735,0.03998827768412342,-0.8530900239832513,0.07164602597804764,0.592044143110205
1774,-0.0714737421374906,-0.6401960154149134,0.11164352857018049,-1.7335814781659387,0.04122894887704212,-1.0018824451731005,0.07133944953506166,0.6050757794593786
1775,-0.05297295727238467,-0.5164902545481792,0.10256332390767936,-1.4827507795424784,0.03572613685539936,-0.8607573848072777,0.06154226290401823,0.6589297751568631
1776,-0.0720743788318561,-0.7782120496084441,0.09261534676585924,-2.4033048020708905,0.0299896953435747,-1.2977024875601275,0.0555399866477613,0.7300562419694797
1777,-0.07484172062994418,-0.8809713993971385,0.08495363263910662,-2.9198261234310556,0.025632252560984177,-1.6117834400727875,0.04643410446416074,0.7963242435105345
1778,-0.05800238183544923,-0.707205864755413,0.08201626248604335,-2.0800153691060865,0.027885554451636818,-1.1617544809217193,0.049926540235447146,0.8251408392703533
1779,-0.03757777925123843,-0.465232696346664,0.08077200838704097,-1.0847844011220276,0.03464078135007336,-0.7085799532550509,0.053032518177539296,0.8380326191533478
1780,-0.035573075221328965,-0.43958912291395114,0.08092346549778562,-0.9862086595123977,0.03607053626857935,-0.6682149106744301,0.053235979402831674,0.8364445076402721
1781,-0.03098639771081378,-0.3852183661081676,0.08043852639703304,-0.9404460980046637,0.032948616381690936,-0.563982592273535,0.05494211724851463,0.8415676731103873
1782,-0.03447628468200869,-0.43046518352843216,0.08009076227585671,-1.1381467313122882,0.03029159925825854,-0.6293309383971794,0.054782440491190715,0.8452347315555456
1783,-0.03724504351137294,-0.46631121132232456,0.07987164495950398,-1.2553347296000317,0.0296694121760176,-0.6892686312739245,0.05403559921555645,0.847573179506407
1784,-0.053636723424818095,-0.6523190408682645,0.08222467851532483,-2.306256151436333,0.023257053814864936,-0.9801757495095395,0.054721536879133004,0.8230020695837807
1785,-0.051449476948256634,-0.6218152741035441,0.08274077381330024,-2.266208940607426,0.022702883227733762,-0.9186342934695126,0.05600648409710618,0.8178180479743182
1786,-0.04570479301713452,-0.5394156503381755,0.08473019458831207,-2.0020681078863474,0.022828790307931456,-0.7937896115023809,0.05757796821078381,0.7985241259227849
1787,-0.04320427552547126,-0.518713377905939,0.0832912305055408,-1.7242293642371416,0.02505715099254577,-0.7945108354190037,0.0543784598012266,0.8124681849015541
1788,-0.04565884310957838,-0.5390708315289605,0.08469915350470125,-1.7136631332919932,0.02664400150913354,-0.8036421535349945,0.0568148931819194,0.7988476670210641
1789,-0.04666210927911677,-0.5567285078888482,0.08381483724636739,-1.8247425411945752,0.02557188656793699,-0.8449418383791927,0.05522523226998231,0.8073399200366141
1790,-0.028127063670565798,-0.3372880276950254,0.08339182348920544,-0.9492735298621608,0.02963009373562748,-0.4701195369315748,0.05982959962512609,0.8114592504265963
1791,0.0055771264700738695,0.06324204232498307,0.08818700764618867,0.14246916557123887,0.03914620014591957,0.09864838607996844,0.056535405105896226,0.7670942808957784
1792,-0.0005884827215340566,-0.006732020619183293,0.08741546629508828,-0.015821727236509573,0.03719459403750166,-0.00986264115045911,0.059667863055796404,0.773869573285595
1793,-0.010541890139430196,-0.11122129027582615,0.09478302322591799,-0.27846688419761445,0.03785688976915879,-0.15827121499085997,0.0666064902581242,0.713319437186683
1794,-0.00023179085969848986,-0.002307272474630218,0.10046098250083728,-0.004626691342787473,0.05009862178505327,-0.003085586844845216,0.07512051073387219,0.6728073581563164
1795,0.012008327351436126,0.11905477817440058,0.10086388413445621,0.22622554533812697,0.05308121739075901,0.14809724798235105,0.08108406817165957,0.6700518167628294
1796,-0.0297211402415883,-0.262487171178385,0.11322892508674247,-0.48341078344889804,0.06148216229175235,-0.35259334841140794,0.08429296915411322,0.5965584447090012
1797,0.027999111946752954,0.22095306591354363,0.12671972588834174,0.5399510295859192,0.051854909820664805,0.2886939658485107,0.09698544222931632,0.5327657306414749
1798,0.093470054380682,0.6337254826313,0.14749297123509023,1.4477139328199022,0.06456389778512259,0.9206711924667134,0.10152381778151637,0.45741789907310176
1799,0.09449943695061795,0.5886516362324717,0.16053541880124494,1.2150765380868416,0.07777241514300728,0.7276346102971429,0.1298721028567173,0.4201729883095759
1800,0.07020281071964,0.41781258484584294,0.16802464374198348,0.8709645612181728,0.0806035214813459,0.5012011604444835,0.14006913044132138,0.401473128160155
1801,0.07215727473668508,0.4303019259066575,0.16768987167474977,0.9005386925279224,0.08012679003733951,0.5158337839188594,0.1398847399805737,0.4022790146689781
1802,0.07971401668367294,0.47569683419619224,0.16757314943743432,0.9509244078155342,0.08382792157663947,0.5453170825237833,0.14617920332652756,0.40258478389777697
1803,0.08944853928975234,0.5148699939312452,0.17373034036568294,1.0318084354489026,0.08669103315756138,0.5705651848876216,0.15677181443759156,0.3882870394176664
1804,0.13371752414943197,0.7768378632094451,0.1721305442000322,1.3330438008008911,0.1003099253521112,0.7694034687813706,0.1737937630580509,0.3918725285480213
1805,0.11624003136810916,0.6702040003763341,0.173439775505425,1.2332466747685387,0.0942552968082607,0.6894762952135581,0.16859177345916587,0.38895862206921733
1806,0.11937849413034876,0.6906578935016813,0.1728475056226345,1.2521165975771165,0.09534135587799872,0.7096093574305505,0.16823128511525065,0.39028507597714107
1807,0.12450584137992515,0.7225481765147895,0.17231493404423073,1.2608727758538425,0.0987457606859755,0.7123649170526108,0.1747781767455147,0.3914867821765126
1808,0.12326783028761874,0.666918249665774,0.18483199455014826,1.1582420748187632,0.10642665550455606,0.6331843136221791,0.1946792231514008,0.36494810848536585
1809,0.13357353798634325,0.7348212990572889,0.18177690025820747,1.2717765363018363,0.10502909447815262,0.7032708934379321,0.1899318445177938,0.3710930009911072
1810,0.16685685319417543,0.8682574738527035,0.19217439321746863,1.186979819052087,0.14057261169564453,0.6768620196522331,0.24651531382999636,0.35097419182279715
1811,0.04255952629847108,0.22219693896461085,0.19153966070274941,0.7202923165078903,0.05908646437436331,0.29507745756958004,0.1442317100364586,0.3522143069906504
1812,-0.003345321241742777,-0.017123995792266433,0.19535868160243278,-0.044594559360078063,0.0750163537827795,-0.023601462878907544,0.1417421139912673,0.34532392512872906
1813,0.041700511418672544,0.21521693545751663,0.19376036244556663,0.610021771771172,0.06835905429669649,0.28173310952646824,0.1480142376192915,0.3481726245221452
1814,0.011826425038494874,0.06279541086800551,0.18833263251280802,0.1563386977313435,0.07564617852208101,0.08813024315841286,0.13419258377895363,0.3582266251051866
1815,-0.04225562677764707,-0.2179016117972988,0.19392067102722957,-0.5624897556839796,0.07512248241083933,-0.3883664084144146,0.10880350581854985,0.34788444346531516
1816,-0.05145620319489902,-0.2593399894169049,0.19841214349777744,-0.6652676273757364,0.07734662123554237,-0.4728576120678487,0.10881965708424664,0.3399973588051028
1817,-0.028659404251386338,-0.17353304110991385,0.1651524347644769,-0.38018540445354104,0.07538270516349752,-0.3771523995376864,0.07598892194910346,0.4085929984395361
1818,-0.1266316307722842,-0.7639037854662811,0.16576908398875023,-1.7818869218772486,0.0710660307439013,-0.9958589602337935,0.127158197926497,0.406988067741652
1819,-0.08766809484814524,-0.7125492954111142,0.123034427811151,-2.3799525579222287,0.0368360682469579,-1.1103166669963165,0.07895774012409387,0.5488221368835163
1820,-0.08553211474388299,-0.715013632955525,0.11962305444489786,-2.50646849126925,0.034124552150492184,-1.1499276641161436,0.07438043053745004,0.5645384234779517
1821,-0.09137499899518374,-0.76530275844473,0.11939719017984284,-2.9602762785383434,0.030867051044404806,-1.240483115313812,0.07366081639254565,0.5655810196955174
1822,-0.08819360681772068,-0.7388453071499769,0.1193668092146634,-2.9380437763973957,0.03001779875651238,-1.3402555704076349,0.06580357415779801,0.565622047807721
1823,-0.09769759872107625,-0.8152315876207505,0.11984030084777042,-3.6065044175122387,0.027089277430711677,-1.3783617400429635,0.07087950563545896,0.5632129359633996
1824,-0.09870393818806324,-0.8237116591202381,0.11982826404749881,-3.6737858363120472,0.026867090948107034,-1.3832085736713278,0.07135868014906974,0.5633063063788852
1825,-0.10999197555127263,-0.9166072624991533,0.1199990225381552,-4.534791633232783,0.024255133299886825,-1.4292941281153928,0.07695545191688671,0.5623988802651192
1826,-0.09253225595968591,-0.7737134308145914,0.1195949976753859,-3.2979919685151695,0.028057150182007877,-1.3556415611751662,0.06825716960128633,0.5644484423158047
1827,-0.13371538296786878,-1.1415554893186053,0.1171343699180874,-3.311716878598486,0.04037645362500219,-1.362899209156502,0.0981109843409662,0.5763653532420077
1828,-0.1582393507347451,-1.4053549276822426,0.11259742832062973,-2.5100150747499845,0.063043187400182,-1.537968557276702,0.10288854735427184,0.5994988615522092
1829,-0.14393573759158435,-1.280761830590228,0.11238290691818385,-2.586702514206155,0.05564448822432813,-1.491934039634915,0.09647593912851955,0.600719319700424
1830,-0.09069864004261635,-0.9078228066137479,0.09990786680159487,-1.9775997149901874,0.045862992068173104,-1.0931884599240442,0.08296706685772934,0.6762678175841595
1831,-0.05867348305501869,-0.7083493079401894,0.08283128450514825,-1.2877554430595832,0.04556259759664935,-0.9502134118803044,0.0617476898572861,0.8166767564273449
1832,-0.04230757360882606,-0.506862282346663,0.08346956378949943,-0.8971064527791315,0.0471600371146168,-0.716242388199767,0.059068793338472536,0.8101509587644213
1833,-0.040589011712680464,-0.4855510669820026,0.0835937030577773,-0.860671383261615,0.047159708690282756,-0.6916824298441514,0.05868157113926677,0.8089905165142768
1834,-0.047135484365253104,-0.5613289620030911,0.08397123176586342,-0.959622787619924,0.04911876309456916,-0.7665802962944129,0.061487993616718584,0.8052382321418956
1835,-0.03271960161486033,-0.41938342158732467,0.07801834772347434,-0.7446884304836205,0.043937303542652524,-0.6500562199859892,0.050333495179179344,0.8673198215821253
1836,-0.028438249993289613,-0.3614737338410639,0.07867307450281741,-0.675419833163649,0.042104552749192434,-0.5645373857241529,0.05037443172485525,0.8600117999403954
1837,-0.026044835681611273,-0.331280330728913,0.07861872035778601,-0.6280681657192557,0.041468167156323,-0.5170260476927759,0.05037432020656622,0.8605648683805842
1838,-0.04184166114816752,-0.5027404200612127,0.08322716749743926,-0.7931811455654859,0.05275170921812214,-0.6837718631854552,0.061192428938566995,0.8126501164114989
1839,-0.02464970811397861,-0.2933657733771926,0.08402380356172447,-0.6165418567406912,0.03998059149509768,-0.4739045808951459,0.05201407436792112,0.8051817100878452
1840,-0.009215227680176059,-0.09889706392295876,0.09317999255624779,-0.21011711847923348,0.04385757689270248,-0.15592179246044255,0.059101601737383616,0.7256234537371705
1841,-0.004143353580732596,-0.044305145921488896,0.09351856301466295,-0.09708031963047717,0.042679645024899994,-0.07064545978103821,0.05864996269505071,0.7229619728805858
1842,-0.005977241398045435,-0.0659562312566066,0.09062436231067578,-0.1395944828655448,0.04281860769384861,-0.1070641979946703,0.055828573043091245,0.7462364157503912
1843,-0.015259318217378694,-0.17312697154928902,0.08813946250445666,-0.3582241059270087,0.042597128347604596,-0.26779430901920187,0.05698148804306571,0.7675179012108686
1844,-0.006190858500472839,-0.0723138596333318,0.08561095385951813,-0.167187605492326,0.03702941065662312,-0.11663572696052434,0.05307857773774712,0.790361206304494
1845,-0.004115860431257566,-0.048238962292081175,0.08532232526762332,-0.1096025699338227,0.03755259054365874,-0.07817190749755787,0.052651400778292994,0.7930538235352227
1846,-0.007795988834057967,-0.09226542417003414,0.08449523647873652,-0.20759347802604047,0.037554112528911145,-0.14796055796462104,0.052689642032318317,0.8008760458430456
1888,0.15938520136864598,1.8843908735496744,0.08458181559137361,1.5893204787524255,0.10028512405110336,0.84176250327618,0.18934699603309857,0.799003727513598
1889,0.31104135688359935,2.841553048695534,0.10946174558535463,8.551015768232778,0.03637478462373151,2.0957822509960766,0.14841301224674874,0.6158031456563127
1890,0.2971168334458372,2.811665942032088,0.10567287848964754,7.282652819174402,0.040797885169475905,1.8979630100361937,0.15654511277338923,0.638109290067183
1891,0.299343766904769,2.8372537733956773,0.1055047559409918,9.337244154635945,0.032059113154510877,2.2208989459633086,0.1347849560867478,0.6389765567444898
1892,0.3110787459360684,3.0517686475884833,0.10193392155787553,9.28880516044972,0.03348964054716026,2.852273183802417,0.10906344725415244,0.6613118722451354
1893,0.31812385540287513,3.122227909434039,0.10189001720266505,10.266893147087742,0.030985406280683133,3.0387896884057874,0.10468768425029425,0.6615380081617626
1894,0.35464224560243535,3.3022937965119272,0.10739269957658791,14.385703539364147,0.024652408874686893,5.680789788253187,0.0624283345839991,0.6272172643288608
1895,0.3024338832853866,1.7953697888696294,0.16845214014423177,5.986633887291721,0.050518185841861116,3.6233857469162665,0.0834672056495164,0.4002136651725517
1896,0.34177822759833354,1.8823114549548727,0.18157368521487718,5.740596673247078,0.059537056346620515,3.9133499427943996,0.08733648474950352,0.37122016499089083
1897,0.3024836905194013,1.7737019559242393,0.17053805996497498,4.624110716342058,0.06541445676254994,3.462436487333157,0.08736151309229669,0.3953256027992769
1898,0.278412633002266,1.6392639067868273,0.16984003115641785,3.315805295846607,0.08396531405236819,3.046024140813272,0.0914019784911919,0.3970173150994362
1899,0.23175521164016077,1.3377606015568806,0.17324116988528812,2.623966631979087,0.0883224690496018,2.62538495255747,0.0882747543038977,0.3893068964841022
1900,0.21041446556940166,1.2289460800681435,0.17121537631474804,2.070717831045818,0.10161426265554087,2.224135080444766,0.09460507476341075,0.3939468071127142
1901,0.26606733516134384,1.6318894668471968,0.16304249801635448,3.3808709531566277,0.07869786775295992,2.7133338629776644,0.09805919529171263,0.4135849764305684
1902,0.26369578222415513,1.6265933286867733,0.16211537178567514,3.1232597897558176,0.0844296664302688,2.7129901151256015,0.09719747254292778,0.41595227669828977
1903,0.30452683331574715,1.7530418550895455,0.17371338421363128,3.5343451007010236,0.08616216714529247,2.9620908978004556,0.10280806491856076,0.3880651403716302
1904,0.32088448291690974,1.8339008443147637,0.17497373640002226,3.412210932230892,0.09404004889789054,3.0124173343606957,0.10652059369622796,0.3852678583853788
1905,0.3127995884576173,1.79513724330147,0.1742482863774481,3.674267907582626,0.08513249341782875,2.8843577566462377,0.10844687616744268,0.3868862099806719
1906,0.31378750115384485,1.7828894271977054,0.1759994177805222,3.604936806917514,0.08704382849422435,2.80071167193214,0.11203848803806742,0.3830439290409242
1907,0.3203411118853622,1.8027133218118485,0.17769942009603487,3.6780829452465746,0.08709458613470362,2.8547753780362273,0.11221237031465564,0.3793677523451363
1908,0.2956045305356537,1.6541296695054664,0.17870698772003185,3.2679410030032368,0.09045589570435734,2.55581565693177,0.11565956634389034,0.37727408148990765
1909,0.28805782333636865,1.63948668064146,0.17570000826335722,3.087828738596039,0.09328814766694009,2.5157196964231403,0.11450314744759932,0.3837541189025834
1910,0.277301622690584,1.514055360044485,0.18315157424787723,2.811290181633417,0.09863856264367064,2.096929098647875,0.1322417733958632,0.3681593113218303
1911,0.2576382778683083,1.1963504986557187,0.21535350899072134,2.0508602751243696,0.12562449085064287,1.405673589948163,0.1832845688434747,0.3131068813058868
1912,0.2855686411673219,1.3731262794266512,0.20796968599753335,2.4175170736753717,0.11812476705000866,1.7920138440919753,0.15935626954490484,0.324182577380311
1913,0.24726941145759126,1.0565412440393425,0.23403668607600867,1.6201001211080475,0.15262600640290946,1.1334143999534432,0.21816328737992763,0.28810882118162257
1914,0.255818110420909,1.051613124728085,0.24326256910026273,1.5227133048764259,0.16800149417599636,1.1254303749227534,0.2273069184208465,0.2771588791964076
1915,0.26354671172403393,1.1106214943213015,0.23729660651407325,1.6416556725808127,0.16053714315726003,1.2202795371000754,0.21597240936313464,0.28409439104978407
1916,0.13564733811388074,1.4356328286825877,0.09448609380043077,4.296156728684016,0.03157411302250879,1.073094629532482,0.12640761996262956,0.7150327426756193
1917,0.1189923248450399,1.363077754025875,0.08729679909571841,3.9304327232811316,0.030274611785163674,2.8657839880665574,0.04152173553224428,0.7743552296296606
1918,0.11871063924741261,1.3534547371200465,0.08770935295554211,3.5634120775079188,0.03331375565478613,2.929084922080042,0.0405282340407912,0.7707139866270831
1919,0.10060914208969796,1.1978742034043313,0.08398973932635753,2.6853293023132996,0.03746622136921061,1.7309368319512848,0.05812409802169458,0.8053331942161568
1920,0.0666267821268931,0.8514817134578961,0.07824804816573157,1.2848619771227219,0.05185520570551473,0.7752843424852738,0.08593851117038218,0.8650150749605459
1921,0.09483493270337756,1.238573322109934,0.07656787935802169,2.1585455291357984,0.04393464553946469,1.3645750750894237,0.0694977758531628,0.8841359106833104
1922,0.08254441865642743,1.0826633023857586,0.07624200291497128,2.219056463429384,0.03719798032036611,0.9213771640213894,0.08958808822237231,0.8880847367168321
1923,0.07930322674220272,1.0386966018312631,0.07634878808921489,2.1875144891278744,0.03625266353038859,0.8716307526389789,0.09098259383586636,0.8868491287759737
1924,0.0745108093161587,1.005543856141469,0.07410000952328015,2.1393644886389387,0.03482847813537486,0.8326375491700674,0.08948768811883087,0.9140470293597437
1925,0.016606595477412073,0.22985726735277687,0.07224742410221406,0.25995167003852565,0.06388339599799811,0.12608025075765003,0.13171448642922734,0.9378295263155597
1926,0.018779808102651098,0.25946454330156427,0.07237909220152731,0.28780503720722644,0.06525183952610666,0.1418554757393632,0.13238691002070305,0.9361514308040086
1927,0.019354769256494594,0.26783020778164435,0.07226507202755143,0.30316831806818434,0.06384166188546651,0.15169675067552088,0.1275885552611105,0.9376023102153762
1928,0.03426579017991674,0.48815955784719633,0.07019383238347371,0.658309396999987,0.05205119406782129,0.33843693236590866,0.10124719527616305,0.9654266310389303
1929,0.029185352971974395,0.41802943304050594,0.06981650253595041,0.5666906146070492,0.051501387564380094,0.29876417354432816,0.09768692352145132,0.9705384204247832
1930,0.02691595098462211,0.3839150802583405,0.07010912664985727,0.49679696069390006,0.054178976753455406,0.2578817234680357,0.10437323988164804,0.9665929523972978
1931,0.02686513551161104,0.3829732876871514,0.07014884947682568,0.4962757463725132,0.05413348467657253,0.2564379067604851,0.10476273126306274,0.9660455057959464
1932,0.023900027608146072,0.34175468964153805,0.06993328352923114,0.45104905332059886,0.05298764609346889,0.23147612408851975,0.10325050889052541,0.9689855761737677
1933,0.02290851056358372,0.32989711914672276,0.06944137803578421,0.4452416120403685,0.05145186331215306,0.21855116181690004,0.10481989833930162,0.9760106541889578
