date,DTWEXBGS,DTWEXAFEGS,DTWEXEMEGS,DGS10,DGS5,DFII5,T5YIE,VIXCLS,DCOILBRENTEU,DCOILWTICO,DHHNGSP,SP500
2019-01-01,,,,,,,,,,,,
2019-01-02,115.7689,110.392,122.651,2.66,2.49,1.0,1.49,23.22,54.06,46.31,3.25,2510.03
2019-01-03,115.4622,109.8134,122.6464,2.56,2.37,0.88,1.49,25.45,53.23,46.92,2.72,2447.89
2019-01-04,114.9821,109.4478,122.0344,2.67,2.49,0.91,1.58,21.38,55.64,47.76,2.8,2531.94
2019-01-07,114.5628,108.9764,121.6704,2.7,2.53,0.92,1.61,21.4,57.1,48.27,2.74,2549.69
2019-01-08,114.7281,109.1221,121.8589,2.73,2.58,0.92,1.66,20.47,56.91,49.58,2.89,2574.41
2019-01-09,114.1406,108.4985,121.3076,2.74,2.57,0.89,1.68,19.98,59.46,52.19,2.92,2584.96
2019-01-10,114.0496,108.5772,121.0255,2.74,2.56,0.91,1.65,19.5,60.47,52.42,2.95,2596.64
2019-01-11,114.0404,108.7263,120.8392,2.71,2.52,0.86,1.66,18.19,59.24,51.44,2.95,2596.26
2019-01-14,,,,2.71,2.53,0.89,1.64,19.07,58.8,50.31,3.36,2582.61
2019-01-15,114.3402,109.2595,120.8813,2.72,2.53,0.9,1.63,18.6,58.65,51.8,3.54,2610.3
2019-01-16,114.137,109.0692,120.6621,2.73,2.54,0.9,1.64,19.04,59.81,52.08,3.58,2616.1
2019-01-17,114.4115,109.2594,121.0326,2.75,2.58,0.94,1.64,18.06,59.85,51.83,3.58,2635.96
2019-01-18,114.558,109.4199,121.1648,2.79,2.62,0.95,1.67,17.8,62.04,53.6,3.43,2670.71
2019-01-21,,,,,,,,,62.18,,,
2019-01-22,114.7541,109.5067,121.4839,2.74,2.57,0.94,1.63,20.8,60.9,52.59,3.43,2632.9
2019-01-23,114.5759,109.3359,121.2962,2.76,2.59,0.95,1.64,19.52,61.05,52.44,3.13,2638.7
2019-01-24,114.617,109.6708,121.011,2.72,2.55,0.93,1.62,18.89,61.09,52.94,3.13,2642.33
2019-01-25,114.0197,108.9524,120.5435,2.76,2.59,0.95,1.64,17.42,61.49,53.53,3.07,2664.76
2019-01-28,114.0522,108.811,120.7697,2.75,2.58,0.96,1.62,18.87,59.71,51.79,3.05,2643.85
2019-01-29,114.026,108.9193,120.5936,2.72,2.55,0.93,1.62,19.13,60.98,53.07,2.94,2640.0
2019-01-30,114.0731,108.8859,120.7307,2.7,2.49,0.81,1.68,17.66,61.89,54.18,3.0,2681.05
2019-01-31,113.5504,108.4101,120.1517,2.63,2.43,0.73,1.7,16.57,62.46,53.84,2.82,2704.1
2019-02-01,113.7548,108.37,120.6305,2.7,2.51,0.79,1.72,16.14,61.86,55.29,2.7,2706.53
2019-02-04,113.8766,108.699,120.5219,2.73,2.53,0.81,1.72,15.73,62.26,54.57,2.57,2724.87
2019-02-05,114.0431,108.9605,120.5839,2.71,2.51,0.79,1.72,15.57,61.67,53.69,2.54,2737.7
2019-02-06,114.2305,109.2105,120.7031,2.7,2.5,0.79,1.71,15.38,62.22,53.94,2.58,2731.61
2019-02-07,114.4339,109.5374,120.7713,2.65,2.46,0.77,1.69,16.37,61.01,52.68,2.62,2706.05
2019-02-08,114.5003,109.653,120.7838,2.63,2.44,0.75,1.69,15.72,61.37,52.75,2.66,2707.88
2019-02-11,115.031,110.0737,121.4407,2.65,2.47,0.78,1.69,15.97,61.3,52.43,2.76,2709.8
2019-02-12,114.7297,109.7946,121.1123,2.68,2.49,0.78,1.71,15.43,62.58,53.14,2.71,2744.73
2019-02-13,114.9407,109.914,121.4267,2.71,2.53,0.77,1.76,15.65,63.27,53.84,2.61,2753.03
2019-02-14,115.1007,110.1737,121.4771,2.66,2.48,0.74,1.74,16.22,64.0,54.4,2.61,2745.73
2019-02-15,114.9923,110.0662,121.3671,2.66,2.49,0.74,1.75,14.91,65.65,55.58,2.59,2775.6
2019-02-18,,,,,,,,,66.41,,,
2019-02-19,114.57,109.5979,120.9923,2.65,2.47,0.71,1.76,14.88,65.86,56.12,2.69,2779.76
2019-02-20,,,,2.65,2.47,0.68,1.79,14.02,66.82,56.9,2.69,2784.7
2019-02-21,114.5091,109.4453,121.0328,2.69,2.51,0.71,1.8,14.46,66.91,56.95,2.73,2774.88
2019-02-22,114.2716,109.3797,120.6026,2.65,2.47,0.65,1.82,13.51,66.91,57.01,2.74,2792.67
2019-02-25,114.1457,109.3984,120.3157,2.67,2.48,0.66,1.82,14.85,64.02,55.32,2.84,2796.11
2019-02-26,114.0687,109.0453,120.544,2.64,2.45,0.63,1.82,15.17,64.51,55.4,2.74,2793.9
2019-02-27,114.0363,108.9723,120.5563,2.69,2.49,0.65,1.84,14.7,65.55,56.92,2.89,2792.38
2019-02-28,114.1991,109.073,120.7896,2.73,2.52,0.68,1.84,14.78,65.03,57.21,2.89,2784.49
2019-03-01,114.537,109.4583,121.0774,2.76,2.56,0.71,1.85,13.57,63.71,55.76,3.19,2803.69
2019-03-04,114.6925,109.7793,121.0505,2.72,2.53,0.69,1.84,14.63,64.44,56.6,4.25,2792.81
2019-03-05,114.804,110.0512,120.9855,2.72,2.53,0.7,1.83,14.74,64.24,56.55,3.18,2789.65
2019-03-06,114.9714,110.1426,121.2381,2.69,2.49,0.68,1.81,15.74,64.51,56.22,3.18,2771.45
2019-03-07,115.4919,110.5943,121.839,2.64,2.44,0.64,1.8,16.59,64.82,56.6,2.9,2748.93
2019-03-08,115.3599,110.4926,121.6724,2.62,2.42,0.62,1.8,16.05,65.66,55.77,2.9,2743.07
2019-03-11,115.2967,110.4932,121.5382,2.64,2.44,0.62,1.82,14.33,65.06,56.79,2.86,2783.3
2019-03-12,114.939,110.1902,121.1171,2.61,2.41,0.6,1.81,13.77,65.33,56.89,2.83,2791.52
2019-03-13,114.7372,109.7551,121.1718,2.61,2.42,0.58,1.84,13.41,65.89,58.27,2.87,2810.92
2019-03-14,114.79,109.7998,121.234,2.63,2.43,0.58,1.85,13.5,66.18,58.59,2.95,2808.48
2019-03-15,114.5815,109.7122,120.89,2.59,2.4,0.54,1.86,12.88,66.11,58.51,2.95,2822.48
2019-03-18,114.4375,109.6907,120.6094,2.6,2.42,0.54,1.88,13.1,66.65,59.09,2.9,2832.94
2019-03-19,114.2324,109.5037,120.3826,2.61,2.42,0.57,1.85,13.56,67.13,59.12,2.92,2832.57
2019-03-20,114.1509,109.6081,120.0954,2.54,2.34,0.46,1.88,13.91,68.35,60.12,2.86,2824.23
2019-03-21,114.1684,109.6618,120.0732,2.54,2.34,0.48,1.86,13.63,68.3,59.98,2.86,2854.88
2019-03-22,114.6856,109.8142,120.9973,2.44,2.24,0.44,1.8,16.48,66.29,58.87,2.75,2800.71
2019-03-25,114.4171,109.6997,120.5562,2.43,2.21,0.44,1.77,16.33,67.37,58.71,2.72,2798.36
2019-03-26,114.6414,109.8528,120.8612,2.41,2.18,0.43,1.75,14.68,67.51,59.87,2.74,2818.46
2019-03-27,115.1243,110.1148,121.5925,2.39,2.18,0.44,1.74,15.15,67.35,59.39,2.69,2805.37
2019-03-28,115.2581,110.2653,121.7089,2.39,2.2,0.48,1.72,14.43,66.08,59.29,2.69,2815.44
2019-03-29,115.1371,110.2208,121.5021,2.41,2.23,0.45,1.78,13.71,67.93,60.19,2.73,2834.4
2019-04-01,114.9362,110.2404,121.0558,2.49,2.31,0.49,1.82,13.4,69.08,61.59,2.73,2867.19
2019-04-02,115.1173,110.4991,121.1529,2.48,2.28,0.47,1.81,13.36,69.68,62.53,2.76,2867.24
2019-04-03,114.7211,110.0235,120.8409,2.52,2.32,0.51,1.81,13.74,69.21,62.46,2.74,2873.4
2019-04-04,114.9697,110.3536,121.0017,2.51,2.32,0.51,1.81,13.58,69.8,62.12,2.66,2879.39
2019-04-05,114.9726,110.5002,120.8464,2.5,2.31,0.52,1.79,12.82,69.93,63.1,2.62,2892.74
2019-04-08,114.6893,110.0798,120.7116,2.52,2.33,0.52,1.81,13.18,71.12,64.37,2.72,2895.77
2019-04-09,114.5321,109.9766,120.4937,2.51,2.31,0.51,1.8,14.28,71.02,64.05,2.71,2878.2
2019-04-10,114.4269,109.9633,120.2866,2.48,2.28,0.45,1.83,13.3,71.63,64.62,2.72,2888.21
2019-04-11,114.6303,110.2229,120.43,2.51,2.31,0.49,1.82,13.02,71.3,63.61,2.72,2888.32
2019-04-12,114.3531,109.9746,120.1187,2.56,2.38,0.52,1.86,12.01,71.57,63.86,2.75,2907.41
2019-04-15,114.495,110.0569,120.3271,2.55,2.37,0.52,1.85,12.32,70.9,63.43,2.75,2905.58
2019-04-16,114.6756,110.1134,120.6458,2.6,2.41,0.55,1.86,12.18,70.74,64.01,2.66,2907.06
2019-04-17,114.5141,110.1277,120.2898,2.59,2.4,0.56,1.84,12.6,71.14,63.74,2.55,2900.45
2019-04-18,114.7073,110.4798,120.3105,2.57,2.38,0.52,1.86,12.09,70.71,64.02,2.54,2905.03
2019-04-19,114.6977,110.4824,120.2874,,,,,,,,,
2019-04-22,114.7694,110.3945,120.5344,2.59,2.39,0.52,1.87,12.42,70.71,65.66,2.61,2907.97
2019-04-23,115.1578,110.8132,120.893,2.57,2.36,0.49,1.87,12.28,74.39,66.24,2.53,2933.68
2019-04-24,115.4187,111.0,121.2375,2.53,2.32,0.45,1.87,13.14,73.59,65.96,2.53,2927.25
2019-04-25,115.7709,111.3208,121.6269,2.54,2.33,0.47,1.86,13.25,74.94,65.23,2.54,2926.17
2019-04-26,115.4767,111.1372,121.2089,2.51,2.29,0.43,1.86,12.73,71.03,63.29,2.58,2939.88
2019-04-29,115.5227,111.1013,121.3452,2.54,2.32,0.46,1.86,13.11,71.22,63.39,2.58,2943.03
2019-04-30,115.3281,110.7694,121.2998,2.51,2.28,0.43,1.85,13.12,72.19,63.83,2.59,2945.83
2019-05-01,115.0022,110.4463,120.9683,2.52,2.31,0.48,1.83,14.8,72.01,63.55,2.59,2923.73
2019-05-02,115.5617,110.9367,121.6083,2.55,2.34,0.56,1.78,14.42,70.56,61.75,2.63,2917.52
2019-05-03,115.2646,110.7117,121.2295,2.54,2.33,0.53,1.8,12.87,71.95,61.98,2.59,2945.64
2019-05-06,115.3811,110.7154,121.4713,2.51,2.3,0.49,1.81,15.44,71.95,62.3,2.54,2932.47
2019-05-07,115.6116,110.8428,121.8172,2.45,2.25,0.49,1.76,19.32,70.98,61.41,2.54,2884.05
2019-05-08,115.5171,110.6852,121.7917,2.49,2.28,0.53,1.75,19.4,71.09,62.13,2.64,2879.42
2019-05-09,115.8421,110.5861,122.5899,2.45,2.25,0.52,1.73,19.1,70.61,61.58,2.62,2870.72
2019-05-10,115.5334,110.351,122.197,2.47,2.26,0.51,1.75,16.04,71.63,61.65,2.64,2881.4
2019-05-13,115.915,110.4878,122.8543,2.4,2.18,0.45,1.73,20.55,72.35,60.97,2.71,2811.87
2019-05-14,115.9425,110.7019,122.6739,2.42,2.2,0.45,1.75,18.06,72.53,61.82,2.7,2834.41
2019-05-15,115.8565,110.6557,122.543,2.37,2.15,0.41,1.74,16.44,73.09,62.03,2.69,2850.96
2019-05-16,116.0346,110.9056,122.6426,2.4,2.18,0.43,1.75,15.29,74.7,62.93,2.62,2876.32
2019-05-17,116.448,111.1503,123.2468,2.39,2.17,0.46,1.71,15.96,73.94,62.77,2.61,2859.53
2019-05-20,116.3119,111.016,123.1078,2.41,2.21,0.5,1.71,16.31,73.21,63.12,2.7,2840.23
2019-05-21,116.2844,111.1338,122.9183,2.43,2.23,0.51,1.72,14.95,72.94,63.02,2.73,2864.36
2019-05-22,116.2412,111.1387,122.8214,2.39,2.19,0.51,1.68,14.75,71.94,61.42,2.73,2856.27
2019-05-23,116.2368,111.072,122.8863,2.31,2.11,0.49,1.62,16.92,68.37,57.65,2.56,2822.24
2019-05-24,116.0806,110.8479,122.8043,2.32,2.12,0.5,1.62,15.85,67.98,58.4,2.6,2826.06
2019-05-27,,,,,,,,,,,,
2019-05-28,116.3174,111.0489,123.0829,2.26,2.06,0.48,1.58,17.5,70.19,58.91,2.65,2802.39
2019-05-29,116.5535,111.3444,123.2546,2.25,2.05,0.46,1.59,17.9,70.64,58.84,2.69,2783.02
2019-05-30,116.3989,111.3413,122.9306,2.22,2.03,0.44,1.59,17.3,69.55,56.47,2.69,2788.86
2019-05-31,116.7273,111.1705,123.8177,2.14,1.93,0.35,1.58,18.71,66.78,53.49,2.59,2752.06
2019-06-03,116.4764,110.7511,123.7537,2.07,1.83,0.27,1.56,18.86,63.16,53.25,2.5,2744.45
2019-06-04,116.091,110.4008,123.3262,2.12,1.89,0.3,1.59,16.97,63.56,53.5,2.45,2803.27
2019-06-05,116.03,110.3078,123.3006,2.12,1.86,0.27,1.59,16.09,62.14,51.57,2.45,2826.15
2019-06-06,115.9771,109.9792,123.5578,2.12,1.88,0.3,1.58,15.93,62.77,52.59,2.4,2843.49
2019-06-07,115.7368,109.6357,123.4326,2.09,1.85,0.24,1.61,16.3,64.1,53.95,2.43,2873.34
2019-06-10,115.5001,109.7618,122.785,2.15,1.91,0.31,1.6,15.94,64.31,53.33,2.42,2886.73
2019-06-11,115.3794,109.7936,122.4923,2.15,1.92,0.35,1.57,15.99,63.56,53.3,2.41,2885.72
2019-06-12,115.438,109.8679,122.5337,2.13,1.88,0.35,1.53,15.91,61.66,51.13,2.43,2879.84
2019-06-13,115.6275,110.1126,122.6628,2.1,1.84,0.33,1.51,15.82,63.28,52.38,2.43,2891.64
2019-06-14,115.9057,110.5736,122.7389,2.09,1.85,0.37,1.48,15.28,63.13,52.47,2.37,2886.98
2019-06-17,115.9684,110.5826,122.8619,2.09,1.85,0.4,1.45,15.35,62.56,51.94,2.46,2889.67
2019-06-18,115.8797,110.7399,122.4986,2.06,1.83,0.34,1.49,15.15,63.35,53.86,2.44,2917.75
2019-06-19,115.7889,110.4949,122.5786,2.03,1.77,0.24,1.53,14.33,62.85,53.74,2.43,2926.46
2019-06-20,114.8046,109.5789,121.5108,2.01,1.74,0.16,1.58,14.75,65.44,56.88,2.38,2954.18
2019-06-21,114.8377,109.4024,121.778,2.07,1.8,0.2,1.6,15.4,65.99,57.35,2.27,2950.46
2019-06-24,114.6559,108.9819,121.8625,2.02,1.75,0.18,1.57,15.26,65.16,57.73,2.31,2945.35
2019-06-25,114.6363,108.8826,121.9324,2.0,1.73,0.21,1.52,16.28,66.24,57.63,2.31,2917.38
2019-06-26,114.5608,108.8744,121.7806,2.05,1.8,0.24,1.56,16.21,66.85,59.17,2.34,2913.78
2019-06-27,114.665,108.9931,121.8693,2.01,1.76,0.23,1.53,15.82,66.78,59.18,2.32,2924.92
2019-06-28,114.5821,108.9106,121.7852,2.0,1.76,0.23,1.53,15.08,67.52,58.2,2.42,2941.76
2019-07-01,114.7239,109.4671,121.464,2.03,1.79,0.26,1.53,14.06,65.1,58.91,2.33,2964.33
2019-07-02,114.8258,109.4438,121.7063,1.98,1.75,0.25,1.5,12.93,62.72,56.0,2.3,2973.01
2019-07-03,114.8135,109.436,121.689,1.96,1.74,0.23,1.51,12.57,63.53,57.06,2.29,2995.82
2019-07-04,,,,,,,,,63.62,,,
2019-07-05,115.1132,109.9844,121.7137,2.04,1.84,0.29,1.55,13.28,64.23,,,2990.41
2019-07-08,115.0254,110.008,121.5016,2.05,1.86,0.31,1.55,13.96,64.89,57.35,2.39,2975.95
2019-07-09,115.1017,110.1372,121.5198,2.07,1.88,0.32,1.56,14.09,64.3,57.57,2.41,2979.63
2019-07-10,115.0879,109.7542,121.9167,2.07,1.82,0.23,1.59,13.03,66.41,60.28,2.49,2993.07
2019-07-11,114.8361,109.6137,121.5388,2.13,1.88,0.25,1.63,12.93,67.64,59.93,2.54,2999.91
2019-07-12,114.7685,109.4978,121.5243,2.12,1.86,0.24,1.62,12.39,66.65,59.99,2.54,3013.77
2019-07-15,114.6819,109.4613,121.3815,2.09,1.84,0.23,1.61,12.68,66.86,59.3,2.53,3014.3
2019-07-16,115.0111,109.8716,121.6229,2.13,1.88,0.25,1.63,12.86,65.87,57.44,2.53,3004.04
2019-07-17,114.8819,109.7109,121.5276,2.06,1.83,0.23,1.6,13.97,63.67,56.5,2.44,2984.42
2019-07-18,114.8744,109.7216,121.4998,2.04,1.78,0.18,1.6,13.53,60.7,55.08,2.38,2995.11
2019-07-19,114.8695,109.7118,121.5003,2.05,1.8,0.2,1.6,14.45,61.04,55.42,2.3,2976.61
2019-07-22,115.0018,109.851,121.6259,2.05,1.8,0.21,1.59,13.53,61.96,55.87,2.33,2985.03
2019-07-23,115.2995,110.2237,121.8427,2.08,1.83,0.22,1.61,12.61,62.28,56.58,2.34,3005.47
2019-07-24,115.2436,110.2386,121.7078,2.05,1.82,0.23,1.59,12.07,63.83,55.9,2.33,3019.56
2019-07-25,115.2982,110.3338,121.7177,2.08,1.85,0.25,1.6,12.74,63.47,55.88,2.26,3003.67
2019-07-26,115.5449,110.7122,121.8206,2.08,1.85,0.28,1.57,12.16,62.46,56.04,2.23,3025.86
2019-07-29,115.5885,110.7042,121.9215,2.06,1.84,0.27,1.57,12.83,62.29,56.85,2.23,3020.97
2019-07-30,115.6211,110.803,121.8813,2.06,1.84,0.26,1.58,13.94,62.55,58.04,2.22,3013.18
2019-07-31,115.4946,110.7279,121.697,2.02,1.84,0.28,1.56,16.12,64.07,58.53,2.28,2980.38
2019-08-01,116.0499,111.2132,122.3342,1.9,1.68,0.21,1.47,17.87,62.9,53.64,2.36,2953.56
2019-08-02,116.1864,110.7909,123.0925,1.86,1.66,0.21,1.45,17.61,61.12,55.67,2.12,2932.05
2019-08-05,116.5851,110.2353,124.5684,1.75,1.55,0.16,1.39,24.59,59.32,54.63,2.02,2844.74
2019-08-06,116.6904,110.4765,124.5203,1.73,1.53,0.13,1.4,20.17,58.63,53.6,2.15,2881.77
2019-08-07,116.7987,110.3375,124.91,1.71,1.52,0.14,1.38,19.49,55.03,51.14,2.18,2883.98
2019-08-08,116.474,110.3133,124.2422,1.72,1.54,0.11,1.43,16.91,56.29,52.6,2.13,2938.09
2019-08-09,116.4419,110.1631,124.3436,1.74,1.57,0.13,1.44,17.97,57.37,54.41,2.09,2918.65
2019-08-12,116.7548,110.2548,124.91,1.65,1.49,0.1,1.39,21.09,57.13,54.98,2.21,2883.75
2019-08-13,116.7267,110.5227,124.5456,1.68,1.57,0.13,1.44,17.52,59.9,57.05,2.24,2926.32
2019-08-14,117.0913,110.8174,124.9918,1.59,1.51,0.15,1.36,22.1,57.86,55.16,2.22,2840.6
2019-08-15,117.2239,110.973,125.0992,1.52,1.42,0.08,1.34,21.18,57.37,54.51,2.19,2847.6
2019-08-16,117.0786,110.9579,124.8056,1.55,1.42,0.08,1.34,18.47,59.0,54.83,2.2,2888.68
2019-08-19,117.3886,111.0405,125.3752,1.6,1.47,0.11,1.36,16.88,59.79,56.24,2.26,2923.65
2019-08-20,117.3726,111.07,125.3075,1.55,1.42,0.08,1.34,17.5,59.03,56.18,2.35,2900.51
2019-08-21,117.1764,110.9522,125.0212,1.59,1.47,0.13,1.34,15.8,60.6,55.65,2.31,2924.43
2019-08-22,117.3558,110.9458,125.4125,1.62,1.5,0.15,1.35,16.68,59.81,55.33,2.28,2922.95
2019-08-23,117.3009,110.5476,125.7484,1.52,1.4,0.05,1.35,19.87,58.64,54.08,2.15,2847.11
2019-08-26,117.6658,110.7434,126.3091,1.54,1.43,0.09,1.34,19.32,58.64,53.54,2.23,2878.38
2019-08-27,117.75,110.7475,126.4856,1.49,1.4,0.04,1.36,20.31,58.44,54.99,2.24,2869.16
2019-08-28,117.8767,110.898,126.5858,1.47,1.37,0.01,1.36,19.35,60.42,55.76,2.24,2887.94
2019-08-29,118.0625,111.1752,126.6679,1.5,1.4,0.01,1.39,17.88,60.59,56.67,2.36,2924.58
2019-08-30,118.1575,111.4829,126.5207,1.5,1.39,0.04,1.35,18.98,61.04,55.07,2.33,2926.46
2019-09-02,,,,,,,,,58.55,,,
2019-09-03,118.3113,111.6579,126.6512,1.47,1.35,0.06,1.29,19.66,57.93,53.91,2.39,2906.27
2019-09-04,117.6729,111.124,125.8897,1.47,1.32,0.01,1.31,17.33,60.68,56.22,2.48,2937.78
2019-09-05,117.4776,111.0066,125.6044,1.57,1.43,0.08,1.35,16.27,62.7,56.33,2.49,2976.0
2019-09-06,117.1292,110.8289,125.0599,1.55,1.42,0.07,1.35,15.0,61.28,56.45,2.49,2978.71
2019-09-09,117.0601,110.7059,125.0516,1.63,1.49,0.11,1.38,15.27,63.99,57.88,2.65,2978.43
2019-09-10,117.0887,110.81,124.9946,1.72,1.58,0.18,1.4,15.2,64.67,57.37,2.67,2979.39
2019-09-11,117.3125,111.2033,125.0283,1.75,1.6,0.2,1.4,14.61,63.02,55.66,2.63,3000.93
2019-09-12,116.8375,110.8939,124.3631,1.79,1.65,0.22,1.43,14.22,60.76,55.13,2.62,3009.57
2019-09-13,116.7677,110.9383,124.1642,1.9,1.75,0.29,1.46,13.74,61.25,54.76,2.61,3007.39
2019-09-16,117.0251,111.1959,124.4234,1.84,1.69,0.21,1.48,14.67,68.42,63.1,2.75,2997.96
2019-09-17,116.9826,110.9479,124.6118,1.81,1.66,0.2,1.46,14.44,65.59,59.26,2.7,3005.7
2019-09-18,116.9766,111.0778,124.4525,1.8,1.68,0.28,1.4,13.95,64.29,58.19,2.72,3006.73
2019-09-19,117.0861,111.0665,124.6992,1.79,1.66,0.25,1.41,14.05,64.25,58.19,2.65,3006.79
2019-09-20,117.1819,111.2625,124.6827,1.74,1.61,0.19,1.42,15.32,65.23,57.92,2.34,2992.07
2019-09-23,117.2986,111.2937,124.8966,1.72,1.59,0.17,1.42,14.91,64.66,58.69,2.55,2991.78
2019-09-24,117.2227,111.1282,124.9212,1.64,1.52,0.13,1.39,17.05,64.13,57.22,2.55,2966.6
2019-09-25,117.6527,111.6114,125.2942,1.73,1.6,0.19,1.41,15.96,62.41,56.38,2.54,2984.87
2019-09-26,117.7267,111.6545,125.4035,1.7,1.59,0.19,1.4,16.07,62.08,56.24,2.57,2977.62
2019-09-27,117.7218,111.6664,125.3797,1.69,1.56,0.2,1.36,17.22,62.48,55.95,2.41,2961.79
2019-09-30,117.9461,111.8675,125.6316,1.68,1.55,0.2,1.35,16.24,60.99,54.09,2.37,2976.74
2019-10-01,117.9595,111.7458,125.7979,1.65,1.51,0.18,1.33,18.56,60.06,53.6,2.36,2940.25
2019-10-02,117.9671,111.7347,125.8267,1.6,1.43,0.14,1.29,20.56,57.92,52.67,2.36,2887.61
2019-10-03,117.6608,111.4277,125.519,1.54,1.34,0.09,1.25,19.12,58.01,52.41,2.31,2910.63
2019-10-04,117.5288,111.6022,125.0401,1.52,1.34,0.07,1.27,17.04,59.13,52.84,2.25,2952.01
2019-10-07,117.5533,111.5172,125.1881,1.56,1.38,0.11,1.27,17.86,59.46,52.76,2.36,2938.79
2019-10-08,117.7407,111.8442,125.2197,1.54,1.36,0.11,1.25,20.28,58.14,52.64,2.29,2893.06
2019-10-09,117.6835,111.7599,125.1926,1.59,1.4,0.16,1.24,18.64,59.7,52.63,2.26,2919.4
2019-10-10,117.2801,111.3461,124.7979,1.67,1.48,0.19,1.29,17.57,59.08,53.57,2.26,2938.13
2019-10-11,116.8239,110.8355,124.3999,1.76,1.59,0.25,1.34,15.58,60.59,54.76,2.13,2970.27
2019-10-14,,,,,,,,14.57,58.81,53.57,2.13,2966.15
2019-10-15,116.8111,110.9016,124.2979,1.77,1.59,0.26,1.33,13.54,59.19,52.81,2.29,2995.68
2019-10-16,116.6425,110.586,124.2939,1.75,1.57,0.22,1.35,13.68,59.3,53.42,2.44,2989.69
2019-10-17,116.2615,110.1251,124.0008,1.76,1.57,0.05,1.52,13.79,59.35,53.89,2.29,2997.95
2019-10-18,116.1344,109.9377,123.9409,1.76,1.56,0.04,1.52,14.25,59.96,53.75,2.08,2986.2
2019-10-21,116.0436,109.8372,123.8606,1.8,1.61,0.08,1.53,14.0,58.95,53.28,2.13,3006.72
2019-10-22,115.9851,109.8819,123.6849,1.78,1.6,0.07,1.53,14.46,60.5,54.21,2.21,2995.99
2019-10-23,116.0586,110.0575,123.6434,1.77,1.58,0.06,1.52,14.01,60.52,55.9,2.34,3004.52
2019-10-24,116.1278,110.203,123.6272,1.77,1.58,0.06,1.52,13.71,61.71,56.11,2.33,3010.29
2019-10-25,116.0774,110.2485,123.4683,1.8,1.62,0.07,1.55,12.65,62.06,56.52,2.26,3022.55
2019-10-28,116.0222,110.2103,123.3936,1.85,1.66,0.13,1.53,13.11,60.39,55.6,2.49,3039.42
2019-10-29,115.9797,110.0623,123.4696,1.84,1.66,0.15,1.51,13.2,61.05,55.34,2.61,3036.89
2019-10-30,116.1636,110.2763,123.6209,1.78,1.61,0.14,1.47,12.33,60.22,54.85,2.71,3046.77
2019-10-31,115.9125,109.8674,123.5461,1.69,1.51,0.07,1.44,13.22,59.3,54.02,2.73,3037.56
2019-11-01,115.7312,109.7845,123.2524,1.73,1.55,0.05,1.5,12.3,60.17,56.04,2.54,3066.91
2019-11-04,115.8624,109.9978,123.2919,1.79,1.6,0.04,1.56,12.83,62.52,56.33,2.77,3078.27
2019-11-05,116.1138,110.5192,123.2419,1.86,1.66,0.08,1.58,13.1,62.72,57.04,2.77,3074.62
2019-11-06,116.1004,110.474,123.2641,1.81,1.63,0.06,1.57,12.62,62.11,56.15,2.82,3076.78
2019-11-07,116.1172,110.7061,123.0402,1.92,1.74,0.13,1.61,12.73,62.6,56.91,2.84,3085.18
2019-11-08,116.3436,110.942,123.2576,1.94,1.74,0.11,1.63,12.07,62.0,57.02,2.87,3093.08
2019-11-11,,,,,,,,12.69,62.58,,,3087.01
2019-11-12,116.5837,110.8802,123.8373,1.92,1.73,0.13,1.6,12.68,62.19,56.67,2.72,3091.84
2019-11-13,116.8397,110.9264,124.331,1.88,1.69,0.11,1.58,13.0,62.27,56.88,2.66,3094.04
2019-11-14,116.8022,110.8134,124.3785,1.82,1.63,0.09,1.54,13.05,62.46,56.57,2.68,3096.63
2019-11-15,116.4401,110.6767,123.7601,1.84,1.65,0.13,1.52,12.05,63.32,57.54,2.7,3120.46
2019-11-18,116.3625,110.396,123.9105,1.81,1.63,0.09,1.54,12.46,62.82,56.82,2.64,3122.03
2019-11-19,116.5391,110.5181,124.1498,1.79,1.63,0.1,1.53,12.86,62.37,54.93,2.53,3120.18
2019-11-20,116.828,110.7887,124.4615,1.73,1.58,0.07,1.51,12.78,63.8,56.71,2.56,3108.46
2019-11-21,116.7435,110.6698,124.415,1.77,1.62,0.09,1.53,13.13,64.99,58.36,2.53,3103.54
2019-11-22,116.9137,110.9897,124.4176,1.77,1.62,0.09,1.53,12.34,64.83,57.68,2.62,3110.29
2019-11-25,117.0098,111.1045,124.4933,1.76,1.62,0.09,1.53,11.87,64.67,57.79,2.51,3133.64
2019-11-26,117.0513,111.0804,124.6092,1.74,1.58,0.06,1.52,11.54,64.82,58.25,2.51,3140.52
2019-11-27,117.1273,111.1368,124.7078,1.77,1.63,0.09,1.54,11.75,65.03,58.12,2.46,3153.63
2019-11-28,,,,,,,,,64.68,,,
2019-11-29,117.1204,111.0508,124.7901,1.78,1.62,0.12,1.5,12.62,64.5,58.12,2.46,3140.98
2019-12-02,116.9647,110.7128,124.8394,1.83,1.65,0.11,1.54,14.91,63.2,55.97,2.29,3113.87
2019-12-03,116.8898,110.4754,124.9486,1.72,1.54,0.03,1.51,15.96,62.95,56.15,2.42,3093.2
2019-12-04,116.692,110.3098,124.7128,1.77,1.6,0.06,1.54,14.8,65.25,58.46,2.43,3112.76
2019-12-05,116.3838,110.0222,124.3792,1.8,1.62,0.07,1.55,14.52,65.67,58.42,2.42,3117.43
2019-12-06,116.5381,110.4588,124.2146,1.84,1.67,0.08,1.59,13.62,66.5,59.2,2.31,3145.91
2019-12-09,116.3283,110.2898,123.9574,1.83,1.67,0.08,1.59,15.86,66.44,58.99,2.17,3135.96
2019-12-10,116.2542,110.1901,123.9116,1.85,1.68,0.09,1.59,15.68,66.57,59.22,2.18,3132.52
2019-12-11,116.1478,110.0846,123.8034,1.79,1.64,0.04,1.6,14.99,65.37,58.74,2.28,3141.63
2019-12-12,115.8741,110.0404,123.2691,1.9,1.73,0.11,1.62,13.94,66.67,59.18,2.28,3168.57
2019-12-13,115.6967,109.8305,123.1269,1.82,1.66,0.04,1.62,12.63,67.44,60.11,2.28,3168.8
2019-12-16,115.555,109.7546,122.9101,1.89,1.72,0.08,1.64,12.14,68.04,60.21,2.34,3191.45
2019-12-17,115.5553,109.8905,122.758,1.89,1.71,0.06,1.65,12.29,68.99,60.88,2.3,3192.52
2019-12-18,115.6618,109.9952,122.8674,1.92,1.74,0.06,1.68,12.58,69.12,60.93,2.26,3191.14
2019-12-19,115.5988,109.9011,122.8388,1.92,1.73,0.05,1.68,12.5,69.7,61.3,2.21,3205.37
2019-12-20,115.7598,110.2641,122.7745,1.92,1.73,0.06,1.67,12.51,68.66,60.43,2.27,3221.22
2019-12-23,115.8059,110.2923,122.8409,1.93,1.75,0.08,1.67,12.61,67.49,60.51,2.17,3224.01
2019-12-24,,,,1.9,1.72,0.05,1.67,12.67,69.26,61.17,2.11,3223.38
2019-12-25,,,,,,,,,,,,
2019-12-26,115.634,110.0853,122.7072,1.9,1.72,0.06,1.66,12.65,69.26,61.72,2.09,3239.91
2019-12-27,115.22,109.5154,122.4651,1.88,1.68,0.04,1.64,13.43,68.91,61.76,1.75,3240.02
2019-12-30,114.9631,109.1335,122.3469,1.9,1.68,0.02,1.66,14.82,68.3,61.66,2.06,3221.29
2019-12-31,114.669,108.7344,122.1692,1.92,1.69,0.01,1.68,13.78,67.77,61.14,2.09,3230.78
2020-01-01,,,,,,,,,,,,
2020-01-02,114.9745,109.2011,122.304,1.88,1.67,-0.05,1.72,12.47,67.05,61.17,2.05,3257.85
2020-01-03,114.9867,109.112,122.4253,1.8,1.59,-0.1,1.69,14.02,69.08,63.0,2.06,3234.85
2020-01-06,114.9557,109.0063,122.4746,1.81,1.61,-0.08,1.69,13.85,70.25,63.27,2.1,3246.28
2020-01-07,115.1477,109.4242,122.4254,1.83,1.62,-0.05,1.67,13.79,68.74,62.7,2.17,3237.18
2020-01-08,115.1328,109.609,122.1963,1.87,1.67,-0.01,1.68,13.45,67.31,59.65,2.09,3253.05
2020-01-09,115.2331,109.8949,122.0996,1.85,1.65,-0.02,1.67,12.54,66.58,59.56,2.05,3274.7
2020-01-10,115.0677,109.7531,121.9072,1.83,1.63,-0.04,1.67,12.56,66.77,59.02,2.05,3265.35
2020-01-13,115.0342,109.7651,121.8249,1.85,1.65,-0.05,1.7,12.32,64.14,58.17,2.03,3288.13
2020-01-14,115.0239,109.7762,121.7917,1.82,1.63,-0.07,1.7,12.39,64.45,58.34,2.15,3283.15
2020-01-15,114.9528,109.5604,121.8741,1.79,1.6,-0.07,1.67,12.42,63.29,57.86,2.01,3289.29
2020-01-16,115.0006,109.6924,121.8325,1.81,1.63,-0.05,1.68,12.32,64.63,58.52,2.06,3316.81
2020-01-17,115.0656,109.9927,121.6481,1.84,1.63,-0.05,1.68,12.1,64.05,58.55,2.07,3329.62
2020-01-20,,,,,,,,,64.63,,,
2020-01-21,115.1876,109.9345,121.9629,1.78,1.57,-0.09,1.66,12.85,63.66,58.25,1.98,3320.79
2020-01-22,115.2273,110.0687,121.9024,1.77,1.57,-0.07,1.64,12.91,62.11,56.76,1.89,3321.75
2020-01-23,115.5545,110.234,122.4054,1.74,1.55,-0.09,1.64,12.98,61.26,55.51,1.95,3325.54
2020-01-24,115.5556,110.3347,122.3004,1.7,1.51,-0.11,1.62,14.56,59.34,54.09,1.91,3295.47
2020-01-27,115.8004,110.4237,122.7136,1.61,1.44,-0.12,1.56,18.23,58.54,53.09,2.03,3243.63
2020-01-28,115.7239,110.5764,122.3925,1.65,1.47,-0.12,1.59,16.28,59.37,53.33,1.96,3276.24
2020-01-29,115.7003,110.6475,122.2681,1.6,1.41,-0.17,1.58,16.39,59.46,53.29,1.93,3273.4
2020-01-30,115.8077,110.4091,122.7443,1.57,1.39,-0.2,1.59,15.49,57.72,52.19,1.94,3283.66
2020-01-31,115.7345,110.0797,122.9443,1.51,1.32,-0.28,1.6,18.84,57.77,51.58,1.91,3225.52
2020-02-03,116.1172,110.5145,123.275,1.54,1.35,-0.21,1.56,17.97,54.0,50.06,1.9,3248.92
2020-02-04,115.9291,110.6107,122.7816,1.61,1.42,-0.16,1.58,16.05,53.9,49.59,1.89,3297.59
2020-02-05,116.009,110.9096,122.6295,1.66,1.46,-0.15,1.61,15.15,55.36,50.87,1.89,3334.69
2020-02-06,116.1518,111.1158,122.7065,1.65,1.45,-0.16,1.61,14.96,55.18,50.94,1.86,3345.78
2020-02-07,116.5086,111.3253,123.2233,1.59,1.41,-0.2,1.61,15.47,54.53,50.34,1.93,3327.71
2020-02-10,116.5711,111.4978,123.1698,1.56,1.38,-0.24,1.62,15.04,53.39,49.59,1.85,3352.09
2020-02-11,116.3585,111.3842,122.8501,1.59,1.4,-0.2,1.6,15.18,54.0,50.0,1.85,3357.75
2020-02-12,116.2794,111.3448,122.7281,1.62,1.45,-0.19,1.64,13.74,55.54,51.13,1.91,3379.45
2020-02-13,116.3999,111.5015,122.8116,1.61,1.43,-0.22,1.65,14.15,56.34,51.41,1.95,3373.94
2020-02-14,116.4223,111.5687,122.787,1.59,1.42,-0.22,1.64,13.68,57.37,52.03,1.93,3380.16
2020-02-17,,,,,,,,,57.83,,,
2020-02-18,116.6039,111.7186,123.0039,1.55,1.39,-0.25,1.64,14.83,57.35,52.1,2.04,3370.29
2020-02-19,116.7829,112.0278,123.0475,1.56,1.41,-0.24,1.65,14.38,59.72,53.31,2.01,3386.15
2020-02-20,117.2454,112.2317,123.7879,1.52,1.37,-0.26,1.63,15.56,59.57,53.77,1.98,3373.23
2020-02-21,117.0473,111.7445,123.8946,1.46,1.3,-0.3,1.6,17.08,58.6,53.36,1.96,3337.75
2020-02-24,117.4018,111.7801,124.5928,1.38,1.21,-0.36,1.57,25.03,56.71,51.36,1.94,3225.89
2020-02-25,117.2425,111.6275,124.4247,1.33,1.16,-0.36,1.52,27.85,55.29,49.78,1.93,3128.21
2020-02-26,117.405,111.7319,124.6511,1.33,1.14,-0.36,1.5,27.56,54.96,48.67,1.96,3116.39
2020-02-27,117.3678,111.3993,124.9306,1.3,1.11,-0.37,1.48,39.16,52.19,47.17,1.78,2978.76
2020-02-28,117.6568,111.263,125.6816,1.13,0.89,-0.44,1.33,40.11,51.31,44.83,1.79,2954.22
2020-03-02,116.8144,110.2998,124.9626,1.1,0.88,-0.44,1.32,33.42,52.52,46.78,1.75,3090.23
2020-03-03,116.4958,110.1095,124.5016,1.02,0.77,-0.57,1.34,36.82,52.24,47.27,1.78,3003.37
2020-03-04,116.7802,110.4544,124.7231,1.02,0.75,-0.59,1.34,31.99,51.86,46.78,1.83,3130.12
2020-03-05,116.7901,109.8763,125.3735,0.92,0.67,-0.61,1.28,39.62,51.29,45.9,1.89,3023.94
2020-03-06,116.7106,109.1116,126.0481,0.74,0.58,-0.56,1.14,41.94,45.6,41.14,1.76,2972.37
2020-03-09,117.1871,108.4606,127.7902,0.54,0.46,-0.34,0.8,54.46,35.33,31.05,1.74,2746.56
2020-03-10,117.9027,109.7061,127.9146,0.76,0.63,-0.14,0.77,47.3,35.57,34.47,1.91,2882.23
2020-03-11,118.2505,110.0945,128.2195,0.82,0.66,-0.03,0.69,53.9,34.45,33.13,1.96,2741.38
2020-03-12,120.4883,111.8499,131.0136,0.88,0.66,0.03,0.63,75.47,31.02,31.56,1.82,2480.64
2020-03-13,120.4388,112.5426,130.1351,0.94,0.7,0.17,0.53,57.83,32.25,31.72,1.94,2711.02
2020-03-16,120.9352,112.0912,131.6949,0.73,0.49,0.19,0.3,82.69,27.98,28.96,1.89,2386.13
2020-03-17,122.4816,113.9552,132.8952,1.02,0.66,0.5,0.16,75.91,27.97,26.96,1.89,2529.19
2020-03-18,124.1623,115.8414,134.3589,1.18,0.79,0.63,0.16,76.45,22.79,20.48,1.73,2398.1
2020-03-19,125.0587,116.6907,135.3145,1.12,0.66,0.52,0.14,72.0,23.98,25.09,1.68,2409.39
2020-03-20,124.9362,116.6441,135.1065,0.92,0.52,0.21,0.31,66.04,25.55,19.48,1.76,2304.92
2020-03-23,126.1262,116.9532,137.2907,0.76,0.38,0.01,0.37,61.59,23.75,23.33,1.7,2237.4
2020-03-24,125.5001,116.2693,136.7257,0.84,0.52,-0.03,0.55,61.67,24.5,21.03,1.73,2447.33
2020-03-25,124.7916,115.7579,135.7903,0.88,0.56,-0.13,0.69,63.95,25.62,20.75,1.8,2475.56
2020-03-26,122.4308,113.5262,133.2685,0.83,0.51,-0.21,0.72,61.0,23.55,16.6,1.73,2630.07
2020-03-27,122.4007,112.9716,133.8318,0.72,0.41,-0.13,0.54,65.54,22.39,15.48,1.7,2541.47
2020-03-30,123.2883,113.3423,135.3139,0.7,0.39,-0.18,0.57,57.08,19.19,14.1,1.65,2626.65
2020-03-31,122.5301,113.1279,133.9314,0.7,0.37,-0.12,0.49,53.54,14.85,20.51,1.71,2584.59
2020-04-01,123.7933,113.7463,135.9374,0.62,0.37,-0.19,0.56,57.06,14.97,20.28,1.69,2470.5
2020-04-02,123.5916,114.0077,135.2055,0.63,0.39,-0.34,0.73,50.91,20.24,25.18,1.55,2526.9
2020-04-03,124.4152,114.6378,136.2543,0.62,0.39,-0.39,0.78,46.8,24.33,28.36,1.5,2488.65
2020-04-06,124.16,114.5193,135.8419,0.67,0.44,-0.41,0.85,45.24,22.58,26.21,1.64,2663.68
2020-04-07,123.0956,113.6892,134.505,0.75,0.48,-0.38,0.86,46.7,22.1,23.54,1.83,2659.41
2020-04-08,123.2216,113.7825,134.6688,0.77,0.47,-0.4,0.87,43.35,25.22,24.97,1.86,2749.98
2020-04-09,122.476,113.2294,133.7004,0.73,0.41,-0.49,0.9,41.67,20.23,22.9,1.74,2789.82
2020-04-10,122.1592,113.0607,133.214,,,,,,,,,
2020-04-13,122.5203,113.1013,133.9406,0.76,0.44,-0.5,0.94,41.17,,22.36,1.86,2761.63
2020-04-14,122.1121,112.4901,133.7612,0.76,0.42,-0.52,0.94,37.76,21.74,20.15,1.76,2846.06
2020-04-15,123.0752,113.3974,134.7932,0.63,0.34,-0.53,0.87,40.84,19.8,19.96,1.68,2783.36
2020-04-16,123.4615,113.9394,135.0046,0.61,0.35,-0.35,0.7,40.11,18.69,19.82,1.59,2799.55
2020-04-17,122.871,113.3593,134.3988,0.65,0.36,-0.31,0.67,38.15,19.75,18.31,1.71,2874.56
2020-04-20,123.1033,113.5362,134.6954,0.63,0.35,-0.21,0.56,43.83,17.36,-36.98,1.78,2823.16
2020-04-21,123.9116,114.1737,135.7028,0.58,0.34,-0.24,0.58,45.41,9.12,8.91,1.92,2736.56
2020-04-22,123.9256,114.0843,135.8349,0.63,0.37,-0.32,0.69,41.98,13.77,13.64,1.9,2799.31
2020-04-23,123.7542,113.8416,135.7441,0.61,0.37,-0.3,0.67,41.38,15.06,15.06,1.86,2797.8
2020-04-24,124.1615,114.0933,136.3317,0.6,0.36,-0.36,0.72,35.93,15.87,15.99,1.81,2836.74
2020-04-27,123.8843,113.6934,136.194,0.67,0.41,-0.37,0.78,33.29,15.17,12.17,1.68,2878.48
2020-04-28,123.3693,113.4398,135.3765,0.62,0.37,-0.39,0.76,33.57,15.6,12.4,1.8,2863.39
2020-04-29,122.7782,113.2211,134.357,0.63,0.36,-0.42,0.78,31.23,17.86,15.04,1.73,2939.51
2020-04-30,122.327,112.633,134.0595,0.64,0.36,-0.36,0.72,34.15,18.11,19.23,1.63,2912.43
2020-05-01,123.1492,112.8358,135.5966,0.64,0.36,-0.32,0.68,37.19,18.49,19.72,1.69,2830.71
2020-05-04,123.2117,113.3007,135.197,0.64,0.36,-0.33,0.69,35.97,20.4,20.47,1.78,2842.74
2020-05-05,122.803,113.4208,134.1832,0.66,0.36,-0.35,0.71,33.61,25.46,24.56,1.93,2868.44
2020-05-06,123.609,113.9139,135.3498,0.72,0.37,-0.34,0.71,34.12,24.2,23.88,1.9,2848.42
2020-05-07,123.1249,113.4997,134.7833,0.63,0.29,-0.41,0.7,31.44,24.23,23.68,1.84,2881.19
2020-05-08,122.5379,113.0737,134.0097,0.69,0.33,-0.41,0.74,27.98,,24.73,1.74,2929.8
2020-05-11,123.2333,113.7918,134.6834,0.73,0.36,-0.39,0.75,27.57,25.53,24.02,1.7,2930.32
2020-05-12,123.0592,113.4783,134.6668,0.69,0.34,-0.38,0.72,33.04,26.67,25.76,1.61,2870.12
2020-05-13,123.5408,113.8295,135.2995,0.64,0.31,-0.4,0.71,35.28,27.89,25.37,1.56,2820.0
2020-05-14,123.6429,114.0768,135.237,0.63,0.31,-0.4,0.71,32.61,29.87,27.4,1.6,2852.5
2020-05-15,123.5991,114.1108,135.1044,0.64,0.31,-0.44,0.75,31.89,30.95,29.44,1.66,2863.7
2020-05-18,122.7968,113.3009,134.3062,0.73,0.38,-0.46,0.84,29.3,33.3,31.83,1.77,2953.91
2020-05-19,122.5655,113.0031,134.1493,0.7,0.35,-0.47,0.82,30.53,33.06,32.3,1.85,2922.94
2020-05-20,122.1007,112.7499,133.4412,0.68,0.34,-0.49,0.83,27.99,34.76,33.56,1.83,2971.61
2020-05-21,122.0914,113.0627,133.0669,0.68,0.35,-0.46,0.81,29.53,34.78,34.3,1.75,2948.51
2020-05-22,122.3211,113.5312,133.0292,0.66,0.34,-0.46,0.8,28.16,33.8,33.49,1.7,2955.45
2020-05-25,,,,,,,,,,,,
2020-05-26,121.3864,112.5489,132.1417,0.69,0.35,-0.47,0.82,28.01,33.95,34.7,1.79,2991.77
2020-05-27,121.5677,112.6434,132.4221,0.68,0.34,-0.48,0.82,27.62,32.73,32.8,1.78,3036.13
2020-05-28,121.0138,111.9828,131.9852,0.7,0.34,-0.52,0.86,28.59,33.98,33.67,1.79,3029.73
2020-05-29,120.9458,111.9244,131.9059,0.65,0.3,-0.53,0.83,27.51,34.15,35.57,1.7,3044.31
2020-06-01,120.2686,111.1749,131.3062,0.66,0.31,-0.53,0.84,28.23,36.74,35.49,1.59,3055.73
2020-06-02,119.6854,110.8529,130.424,0.68,0.32,-0.52,0.84,26.84,37.72,36.88,1.58,3080.82
2020-06-03,119.2556,110.3966,130.0214,0.77,0.38,-0.5,0.88,25.66,37.98,37.33,1.84,3122.87
2020-06-04,119.3014,110.1117,130.4423,0.82,0.4,-0.48,0.88,25.81,38.41,37.42,1.68,3112.35
2020-06-05,118.8138,110.0331,129.4882,0.91,0.47,-0.48,0.95,24.52,41.0,39.49,1.8,3193.93
2020-06-08,118.6621,109.7741,129.457,0.88,0.45,-0.53,0.98,25.81,39.66,38.17,1.68,3232.39
2020-06-09,118.5893,109.4857,129.6282,0.84,0.4,-0.58,0.98,27.57,40.45,38.98,1.68,3207.18
2020-06-10,118.5231,109.2517,129.7525,0.75,0.33,-0.67,1.0,27.57,41.18,39.54,1.72,3190.14
2020-06-11,119.2347,109.5652,130.9228,0.66,0.32,-0.63,0.95,40.79,37.76,36.43,1.77,3002.1
2020-06-12,119.6645,110.4306,130.8579,0.71,0.33,-0.62,0.95,36.09,38.54,36.24,1.67,3041.31
2020-06-15,119.9539,110.4048,131.5079,0.71,0.33,-0.65,0.98,34.4,39.44,37.07,1.64,3066.59
2020-06-16,119.567,110.2748,130.826,0.75,0.34,-0.68,1.02,33.67,40.75,38.26,1.43,3124.74
2020-06-17,119.9105,110.4998,131.3065,0.74,0.34,-0.67,1.01,33.47,40.47,37.91,1.55,3113.49
2020-06-18,120.2173,110.6164,131.832,0.71,0.34,-0.78,1.12,32.94,41.75,38.79,1.51,3115.34
2020-06-19,120.2186,110.825,131.5966,0.7,0.33,-0.73,1.06,35.12,42.33,39.72,1.49,3097.74
2020-06-22,119.7532,110.2687,131.2324,0.71,0.34,-0.77,1.11,31.77,43.2,40.6,1.64,3117.86
2020-06-23,119.3285,109.7598,130.9018,0.72,0.33,-0.81,1.14,31.37,42.72,40.4,1.61,3131.29
2020-06-24,119.9744,110.3606,131.6027,0.69,0.33,-0.77,1.1,33.84,40.4,37.91,1.64,3050.33
2020-06-25,120.2997,110.7746,131.8283,0.68,0.32,-0.79,1.11,32.22,41.18,38.66,1.53,3083.76
2020-06-26,120.533,110.9383,132.1425,0.64,0.3,-0.81,1.11,34.73,40.97,38.53,1.42,3009.05
2020-06-29,120.6658,110.969,132.3926,0.64,0.28,-0.86,1.14,31.78,41.58,39.67,1.67,3053.24
2020-06-30,120.4649,110.6885,132.2819,0.66,0.29,-0.87,1.16,30.43,41.64,39.27,1.76,3100.29
2020-07-01,120.0808,110.3742,131.8158,0.69,0.31,-0.86,1.17,28.62,42.18,39.88,1.69,3115.86
2020-07-02,119.8555,110.5009,131.1872,0.68,0.29,-0.92,1.21,27.68,43.19,40.57,1.58,3130.01
2020-07-03,,,,,,,,,42.92,,,
2020-07-06,119.2852,110.0486,130.4793,0.69,0.31,-0.97,1.28,27.94,42.73,40.51,1.71,3179.72
2020-07-07,119.5717,110.0809,131.0571,0.65,0.29,-0.97,1.26,29.43,43.28,40.59,1.76,3145.32
2020-07-08,119.5525,109.7989,131.3388,0.67,0.3,-0.95,1.25,28.08,43.67,40.91,1.78,3169.94
2020-07-09,119.5129,109.9878,131.0373,0.62,0.28,-0.94,1.22,29.26,42.35,39.64,1.88,3152.05
2020-07-10,119.3509,109.8335,130.8657,0.65,0.3,-0.95,1.25,27.29,43.27,40.56,1.79,3185.04
2020-07-13,119.1891,109.6926,130.6791,0.64,0.3,-0.97,1.27,32.19,42.85,40.06,1.75,3155.22
2020-07-14,119.3901,109.6488,131.1615,0.63,0.28,-0.99,1.27,29.52,42.97,40.3,1.74,3197.52
2020-07-15,119.0331,109.4213,130.6541,0.64,0.28,-1.0,1.28,27.76,43.96,41.2,1.76,3226.56
2020-07-16,118.9275,109.3277,130.5342,0.62,0.28,-1.02,1.3,28.0,43.71,40.74,1.79,3215.57
2020-07-17,119.124,109.4129,130.8593,0.64,0.29,-1.06,1.35,25.68,43.53,40.55,1.79,3224.73
2020-07-20,119.0483,109.2203,130.9176,0.62,0.29,-1.08,1.37,24.46,43.3,40.83,1.71,3251.84
2020-07-21,118.4042,108.6198,130.2203,0.61,0.27,-1.13,1.4,24.84,44.31,41.76,1.66,3257.3
2020-07-22,118.1337,108.1812,130.1424,0.6,0.27,-1.13,1.4,24.32,43.98,41.88,1.69,3276.02
2020-07-23,118.0613,107.8695,130.3465,0.59,0.27,-1.1,1.37,26.08,42.96,40.99,1.75,3235.66
2020-07-24,118.1329,107.7836,130.6011,0.59,0.27,-1.08,1.35,25.84,43.29,41.23,1.77,3215.63
2020-07-27,117.3869,107.0765,129.8071,0.62,0.3,-1.08,1.38,24.74,43.39,41.46,1.85,3239.41
2020-07-28,117.3189,106.9766,129.776,0.59,0.26,-1.1,1.36,25.44,43.11,40.89,1.83,3218.44
2020-07-29,117.2126,106.8119,129.7373,0.58,0.25,-1.13,1.38,24.1,43.51,41.13,1.77,3258.44
2020-07-30,117.4008,106.8248,130.1307,0.55,0.23,-1.14,1.37,24.76,42.98,39.85,1.81,3246.22
2020-07-31,117.2082,106.5886,129.9887,0.55,0.21,-1.19,1.4,24.46,43.13,40.1,1.83,3271.12
2020-08-03,117.8074,107.0971,130.6959,0.56,0.22,-1.24,1.46,24.28,43.76,40.83,1.95,3294.61
2020-08-04,117.7833,106.8635,130.9173,0.52,0.19,-1.26,1.45,23.76,43.99,41.67,2.07,3306.51
2020-08-05,116.8736,105.9061,130.0616,0.55,0.22,-1.3,1.52,22.99,44.92,42.25,2.23,3327.77
2020-08-06,117.0422,106.1677,130.1211,0.55,0.21,-1.32,1.53,22.65,45.04,41.93,2.26,3349.16
2020-08-07,117.6239,106.8881,130.5416,0.57,0.23,-1.27,1.5,22.21,44.07,41.16,2.15,3351.28
2020-08-10,117.5821,106.8392,130.508,0.59,0.24,-1.25,1.49,22.13,44.19,41.94,2.18,3360.47
2020-08-11,117.3781,106.7959,130.1152,0.64,0.27,-1.23,1.5,24.03,43.68,41.53,2.19,3333.69
2020-08-12,117.2559,106.5863,130.095,0.69,0.3,-1.26,1.56,22.28,45.09,42.6,2.05,3380.35
2020-08-13,117.1193,106.3976,130.019,0.71,0.32,-1.24,1.56,22.13,44.87,42.26,2.19,3373.43
2020-08-14,116.9395,106.3438,129.6912,0.71,0.29,-1.24,1.53,22.05,44.86,42.05,2.23,3372.85
2020-08-17,116.749,106.0059,129.6727,0.69,0.29,-1.25,1.54,21.35,44.91,42.89,2.32,3381.99
2020-08-18,116.5593,105.5414,129.8061,0.67,0.27,-1.28,1.55,21.51,45.34,42.89,2.45,3389.78
2020-08-19,116.567,105.7678,129.5563,0.68,0.29,-1.26,1.55,22.54,45.21,42.91,2.43,3374.85
2020-08-20,116.8126,105.9226,129.909,0.65,0.26,-1.22,1.48,22.72,44.56,42.62,2.35,3385.51
2020-08-21,117.0572,106.4347,129.8404,0.64,0.27,-1.25,1.52,22.54,43.94,42.32,2.39,3397.16
2020-08-24,116.912,106.3653,129.6061,0.65,0.28,-1.29,1.57,22.37,44.43,42.44,2.57,3431.28
2020-08-25,116.8206,106.2422,129.5514,0.69,0.3,-1.3,1.6,22.03,46.01,43.17,2.54,3443.62
2020-08-26,116.6243,106.0641,129.3335,0.69,0.28,-1.35,1.63,23.27,45.79,43.21,2.52,3478.73
2020-08-27,116.649,105.9252,129.5498,0.74,0.31,-1.34,1.65,24.47,44.84,42.88,2.52,3484.55
2020-08-28,115.9374,105.334,128.6951,0.74,0.28,-1.4,1.68,22.96,45.22,42.96,2.46,3508.01
2020-08-31,115.7586,105.007,128.6899,0.72,0.28,-1.41,1.69,26.41,,42.61,2.3,3500.31
2020-09-01,115.5687,105.0754,128.1963,0.68,0.26,-1.39,1.65,26.12,45.72,42.76,2.22,3526.65
2020-09-02,116.0304,105.661,128.5148,0.66,0.26,-1.35,1.61,26.57,42.7,42.76,2.15,3580.84
2020-09-03,116.0685,105.8995,128.3194,0.63,0.24,-1.29,1.53,33.6,42.72,41.39,2.32,3455.06
2020-09-04,116.0347,105.9563,128.1803,0.72,0.3,-1.27,1.57,30.75,41.1,39.69,1.8,3426.96
2020-09-07,,,,,,,,,40.67,,,
2020-09-08,116.4618,106.4288,128.5564,0.69,0.28,-1.27,1.55,31.46,38.53,36.87,2.35,3331.84
2020-09-09,116.1291,106.2886,127.9995,0.71,0.28,-1.29,1.57,28.81,39.98,38.05,2.21,3398.96
2020-09-10,115.8806,106.1152,127.6632,0.68,0.26,-1.28,1.54,29.71,39.27,37.25,2.13,3339.19
2020-09-11,116.0866,106.4068,127.7715,0.67,0.26,-1.27,1.53,26.87,38.8,37.33,1.93,3340.97
2020-09-14,115.6428,106.0652,127.2079,0.68,0.27,-1.27,1.54,25.85,38.57,37.23,2.18,3383.54
2020-09-15,115.5908,106.2259,126.9113,0.68,0.27,-1.27,1.54,25.59,39.54,38.29,2.19,3401.2
2020-09-16,115.3537,106.0069,126.6523,0.69,0.28,-1.29,1.57,26.04,41.23,40.17,2.06,3385.49
2020-09-17,115.4392,106.1709,126.6483,0.69,0.28,-1.29,1.57,26.46,42.35,40.99,1.65,3357.01
2020-09-18,115.2395,105.9402,126.4831,0.7,0.29,-1.29,1.58,25.83,42.16,41.09,1.56,3319.47
2020-09-21,116.378,106.9065,127.8248,0.68,0.27,-1.23,1.5,27.78,40.37,39.26,1.33,3281.06
2020-09-22,116.5438,107.2135,127.8298,0.68,0.27,-1.23,1.5,26.86,40.84,39.55,1.49,3315.57
2020-09-23,117.2526,107.5225,129.0009,0.68,0.28,-1.2,1.48,28.58,41.09,39.92,1.74,3236.92
2020-09-24,117.5473,107.6388,129.5024,0.67,0.27,-1.18,1.45,28.51,41.24,40.11,1.93,3246.59
2020-09-25,117.8679,107.9896,129.7897,0.66,0.26,-1.17,1.43,26.38,40.91,40.06,1.9,3298.46
2020-09-28,117.6178,107.5486,129.7591,0.67,0.26,-1.22,1.48,26.19,41.59,40.47,1.83,3351.6
2020-09-29,117.526,107.3961,129.7373,0.66,0.24,-1.25,1.49,26.27,40.33,39.03,1.74,3335.47
2020-09-30,116.946,107.0639,128.8681,0.69,0.28,-1.22,1.5,26.37,40.3,40.05,1.66,3363.0
2020-10-01,116.7227,106.8706,128.6092,0.68,0.27,-1.21,1.48,26.7,39.75,38.51,1.6,3380.8
2020-10-02,116.7321,107.1007,128.3644,0.7,0.28,-1.2,1.48,27.63,38.0,36.9,1.41,3348.44
2020-10-05,116.1767,106.6508,127.6849,0.78,0.33,-1.19,1.52,27.96,39.78,39.12,1.92,3408.63
2020-10-06,116.2681,106.717,127.8057,0.76,0.32,-1.19,1.51,29.48,41.27,40.52,1.86,3360.95
2020-10-07,116.3447,106.8571,127.8098,0.81,0.35,-1.19,1.54,28.06,40.62,39.82,2.01,3419.45
2020-10-08,116.1657,106.7463,127.5518,0.78,0.33,-1.23,1.56,26.36,42.0,41.04,1.49,3446.83
2020-10-09,115.2757,106.1049,126.3724,0.79,0.34,-1.22,1.56,25.0,41.63,40.44,2.25,3477.13
2020-10-12,,,,,,,,25.07,40.5,39.22,2.31,3534.22
2020-10-13,115.9107,106.5177,127.2652,0.74,0.31,-1.21,1.52,26.07,41.34,40.03,2.14,3511.93
2020-10-14,115.6872,106.3509,126.9756,0.73,0.3,-1.22,1.52,26.4,41.81,40.86,2.02,3488.67
2020-10-15,116.0964,106.9367,127.185,0.74,0.32,-1.2,1.52,26.97,41.61,40.84,2.23,3483.34
2020-10-16,115.7679,106.7664,126.6744,0.76,0.32,-1.21,1.53,27.41,41.34,40.7,2.16,3483.81
2020-10-19,115.4031,106.3121,126.4096,0.78,0.34,-1.19,1.53,29.18,41.29,40.69,2.3,3426.92
2020-10-20,115.2485,106.1512,126.2612,0.81,0.34,-1.19,1.53,29.35,41.62,41.37,2.57,3443.12
2020-10-21,114.9108,105.6744,126.0806,0.83,0.36,-1.2,1.56,28.65,40.09,39.88,2.95,3435.56
2020-10-22,115.1158,105.9635,126.1907,0.87,0.38,-1.3,1.68,28.11,41.28,40.46,2.99,3453.49
2020-10-23,115.0126,105.933,126.0038,0.85,0.37,-1.29,1.66,27.55,40.71,39.73,2.91,3465.39
2020-10-26,115.2797,106.2134,126.2572,0.81,0.35,-1.28,1.63,32.46,39.06,38.39,3.14,3400.97
2020-10-27,115.0131,105.9124,126.0283,0.79,0.34,-1.3,1.64,33.35,39.72,39.34,3.07,3390.68
2020-10-28,115.8023,106.6864,126.8394,0.79,0.34,-1.27,1.61,40.28,37.86,37.27,3.14,3271.03
2020-10-29,116.3069,107.3563,127.1585,0.85,0.38,-1.23,1.61,37.59,36.56,35.94,3.06,3310.11
2020-10-30,116.1354,107.2539,126.9076,0.88,0.38,-1.21,1.59,38.02,36.33,35.64,3.03,3269.96
2020-11-02,116.2361,107.2157,127.1668,0.87,0.38,-1.22,1.6,37.13,37.78,36.6,3.03,3310.24
2020-11-03,115.4802,106.343,126.5398,0.9,0.39,-1.23,1.62,35.55,38.17,37.44,2.88,3369.16
2020-11-04,115.1677,106.2531,125.9717,0.78,0.33,-1.23,1.56,29.57,39.68,38.97,2.63,3443.44
2020-11-05,114.4556,105.5803,125.211,0.79,0.33,-1.22,1.55,27.58,39.47,38.56,2.69,3510.45
2020-11-06,113.9919,105.1143,124.7471,0.83,0.36,-1.18,1.54,24.86,38.08,36.97,2.67,3509.44
2020-11-09,114.0895,105.6817,124.3127,0.96,0.44,-1.19,1.63,25.75,40.93,40.05,2.63,3550.5
2020-11-10,114.0757,105.6275,124.3445,0.98,0.46,-1.23,1.69,24.8,42.25,41.18,2.74,3545.53
2020-11-11,,,,,,,,23.45,42.5,41.23,2.75,3572.66
2020-11-12,114.2843,105.9017,124.4805,0.88,0.4,-1.23,1.63,25.35,42.16,40.9,2.81,3537.01
2020-11-13,114.2397,105.9039,124.3827,0.89,0.41,-1.23,1.64,23.1,41.51,39.93,2.82,3585.15
2020-11-16,113.8312,105.5646,123.8936,0.91,0.41,-1.23,1.64,22.45,42.71,41.14,2.62,3626.91
2020-11-17,113.682,105.4917,123.6576,0.87,0.39,-1.24,1.63,22.71,42.54,41.24,2.55,3609.53
2020-11-18,113.46,105.2137,123.4971,0.88,0.4,-1.23,1.63,23.84,42.91,41.64,2.37,3567.79
2020-11-19,113.694,105.5042,123.6691,0.86,0.39,-1.23,1.62,23.11,43.09,41.57,2.19,3581.87
2020-11-20,113.489,105.3538,123.4014,0.83,0.38,-1.23,1.61,23.7,43.79,41.99,2.22,3557.54
2020-11-23,113.7548,105.6119,123.6775,0.86,0.39,-1.23,1.62,22.66,45.0,42.91,2.23,3577.59
2020-11-24,113.4316,105.225,123.424,0.88,0.39,-1.26,1.65,21.64,46.63,44.71,2.47,3635.41
2020-11-25,113.1823,104.9483,123.2037,0.88,0.39,-1.28,1.67,21.25,47.3,45.58,2.47,3629.65
2020-11-26,,,,,,,,,46.32,,,
2020-11-27,,,,0.84,0.37,-1.3,1.67,20.84,46.88,,,3638.35
2020-11-30,113.2256,104.7972,123.4668,0.84,0.36,-1.32,1.68,20.57,46.84,45.2,2.89,3621.63
2020-12-01,112.8063,104.3329,123.0956,0.92,0.42,-1.3,1.72,20.77,47.03,44.54,2.89,3662.45
2020-12-02,112.6115,104.0916,122.9525,0.95,0.42,-1.34,1.76,21.17,47.8,45.23,2.75,3669.01
2020-12-03,112.0236,103.4835,122.3838,0.92,0.4,-1.38,1.78,21.28,48.37,45.65,2.46,3666.72
2020-12-04,111.7778,103.412,121.9391,0.97,0.42,-1.41,1.83,20.79,49.1,46.23,2.48,3699.12
2020-12-07,111.8385,103.4835,121.9878,0.94,0.4,-1.44,1.84,21.3,48.63,45.72,2.39,3691.96
2020-12-08,111.8639,103.6349,121.8712,0.92,0.39,-1.45,1.84,20.68,48.84,45.64,2.36,3702.25
2020-12-09,112.0305,103.6964,122.1575,0.95,0.41,-1.43,1.84,22.27,48.81,45.48,2.45,3672.82
2020-12-10,111.9788,103.4581,122.3167,0.92,0.39,-1.44,1.83,22.52,50.33,46.76,2.45,3668.1
2020-12-11,112.1417,103.6083,122.495,0.9,0.37,-1.45,1.82,23.31,50.01,46.59,2.54,3663.46
2020-12-14,112.1708,103.4242,122.7666,0.9,0.37,-1.47,1.84,24.72,50.27,47.02,2.69,3647.49
2020-12-15,111.8601,103.1033,122.4657,0.92,0.37,-1.49,1.86,22.89,50.77,47.58,2.63,3694.62
2020-12-16,111.7157,103.0291,122.2407,0.92,0.37,-1.53,1.9,22.5,50.83,47.86,2.73,3701.17
2020-12-17,111.2226,102.474,121.8153,0.94,0.38,-1.52,1.9,21.93,51.2,48.34,2.7,3722.48
2020-12-18,111.6071,102.8024,122.266,0.95,0.39,-1.53,1.92,21.57,52.17,49.04,2.73,3709.41
2020-12-21,111.9415,103.0924,122.6529,0.95,0.39,-1.51,1.9,25.16,50.61,47.79,2.68,3694.92
2020-12-22,112.1947,103.5417,122.6841,0.93,0.37,-1.55,1.92,24.23,49.88,47.02,2.76,3687.26
2020-12-23,111.9807,103.1309,122.693,0.96,0.38,-1.55,1.93,23.31,51.05,47.94,2.76,3690.01
2020-12-24,,,,0.94,0.37,-1.55,1.92,21.53,50.88,48.18,2.68,3703.06
2020-12-25,,,,,,,,,,,,
2020-12-28,111.9752,103.2379,122.5593,0.94,0.38,-1.54,1.92,21.7,50.88,47.5,2.39,3735.36
2020-12-29,111.5172,102.7679,122.1123,0.94,0.37,-1.53,1.9,23.08,50.44,47.85,2.4,3727.04
2020-12-30,111.3084,102.4893,121.982,0.93,0.37,-1.55,1.92,22.77,50.74,48.24,2.36,3732.04
2020-12-31,111.3169,102.5756,121.9018,0.93,0.36,-1.59,1.95,22.75,51.22,48.35,2.39,3756.07
2021-01-01,,,,,,,,,,,,
2021-01-04,111.2075,102.6399,121.6038,0.93,0.36,-1.62,1.98,26.97,50.37,47.47,2.6,3700.65
2021-01-05,110.9574,102.1507,121.6096,0.96,0.38,-1.63,2.01,25.34,53.16,49.78,2.77,3726.86
2021-01-06,110.8502,102.2244,121.3055,1.04,0.43,-1.61,2.04,25.07,53.8,50.45,2.76,3748.14
2021-01-07,111.3042,102.5218,121.9336,1.08,0.46,-1.63,2.09,22.37,53.7,50.63,2.81,3803.79
2021-01-08,111.2847,102.4935,121.9233,1.13,0.49,-1.58,2.07,21.56,55.51,52.14,2.77,3824.68
2021-01-11,111.8257,103.084,122.4162,1.15,0.5,-1.54,2.04,24.08,54.84,52.15,2.71,3799.61
2021-01-12,111.5501,102.9326,122.0038,1.15,0.5,-1.56,2.06,23.33,55.98,53.08,2.89,3801.19
2021-01-13,111.3622,102.8602,121.6895,1.1,0.48,-1.56,2.04,22.21,55.52,52.81,2.82,3809.84
2021-01-14,111.1567,102.6008,121.5399,1.15,0.49,-1.6,2.09,23.25,55.76,53.47,2.82,3795.54
2021-01-15,111.5106,103.1023,121.7385,1.11,0.46,-1.63,2.09,24.34,54.8,52.25,2.86,3768.25
2021-01-18,,,,,,,,,54.21,,,
2021-01-19,111.4527,103.0208,121.7055,1.1,0.45,-1.67,2.12,23.24,55.38,52.87,2.65,3798.91
2021-01-20,,,,1.1,0.45,-1.7,2.15,21.58,55.66,53.16,2.57,3851.85
2021-01-21,111.1973,102.6247,121.5989,1.12,0.45,-1.73,2.18,21.32,55.68,53.0,2.49,3853.07
2021-01-22,111.5516,102.7166,122.2404,1.1,0.44,-1.72,2.16,21.91,55.22,52.28,2.45,3841.47
2021-01-25,111.8676,102.9871,122.6087,1.05,0.42,-1.73,2.15,23.19,55.44,52.78,2.63,3855.36
2021-01-26,111.6572,102.8064,122.3641,1.05,0.42,-1.73,2.15,23.02,55.26,52.61,2.73,3849.62
2021-01-27,112.0782,103.2345,122.7817,1.04,0.41,-1.74,2.15,37.21,55.07,52.81,2.77,3750.77
2021-01-28,112.0059,103.2216,122.6444,1.07,0.42,-1.76,2.18,30.21,54.87,52.26,2.76,3787.38
2021-01-29,111.9511,103.1554,122.6014,1.11,0.45,-1.76,2.21,33.09,55.25,52.16,2.68,3714.24
2021-02-01,112.4189,103.6398,123.056,1.09,0.42,-1.76,2.18,30.24,56.42,53.55,2.88,3773.86
2021-02-02,112.2862,103.8545,122.5478,1.12,0.45,-1.78,2.23,25.56,57.62,54.77,3.24,3826.31
2021-02-03,112.2567,103.7035,122.6484,1.15,0.46,-1.81,2.27,22.91,58.61,55.67,3.01,3830.17
2021-02-04,112.7469,104.1069,123.2372,1.15,0.46,-1.79,2.25,21.77,58.98,56.19,2.99,3871.74
2021-02-05,112.2379,103.6891,122.6247,1.19,0.47,-1.81,2.28,20.87,59.48,56.8,3.49,3886.83
2021-02-08,112.0428,103.5266,122.3926,1.19,0.48,-1.83,2.31,21.24,60.17,57.95,3.4,3915.59
2021-02-09,111.7675,103.0558,122.3251,1.18,0.48,-1.83,2.31,21.63,60.74,58.34,3.35,3911.23
2021-02-10,111.5834,102.815,122.2004,1.15,0.46,-1.85,2.31,21.99,61.17,58.69,3.76,3909.88
2021-02-11,111.5272,102.8941,121.9974,1.16,0.46,-1.86,2.32,21.25,61.09,58.22,6.5,3916.38
2021-02-12,111.4889,102.9032,121.9077,1.2,0.5,-1.85,2.35,19.97,62.47,59.5,6.12,3934.83
2021-02-15,,,,,,,,,63.58,,,
2021-02-16,111.7879,103.0423,122.3823,1.3,0.57,-1.8,2.37,21.46,63.96,60.07,11.32,3932.59
2021-02-17,112.0204,103.408,122.4733,1.29,0.57,-1.78,2.35,21.5,65.02,61.09,23.86,3931.33
2021-02-18,112.1603,103.1571,123.0375,1.29,0.56,-1.73,2.29,22.49,64.09,60.4,8.56,3913.97
2021-02-19,111.7058,102.5805,122.7113,1.34,0.59,-1.7,2.29,22.05,62.84,59.12,4.96,3906.71
2021-02-22,111.918,102.4361,123.3148,1.37,0.61,-1.74,2.35,23.45,64.73,61.67,3.16,3876.5
2021-02-23,111.8981,102.5529,123.1452,1.37,0.59,-1.76,2.35,23.11,65.16,61.66,2.94,3881.37
2021-02-24,111.7212,102.4805,122.8526,1.38,0.62,-1.76,2.38,21.34,66.85,63.21,2.8,3925.43
2021-02-25,111.9253,102.1572,123.6365,1.54,0.81,-1.53,2.34,28.89,66.69,63.43,2.72,3829.34
2021-02-26,112.8306,103.317,124.2705,1.44,0.75,-1.64,2.39,27.95,65.86,61.55,2.66,3811.15
2021-03-01,112.5263,103.3767,123.5661,1.45,0.71,-1.69,2.4,23.35,64.56,60.54,2.7,3901.82
2021-03-02,112.5342,103.1686,123.8095,1.42,0.67,-1.76,2.43,24.1,63.17,59.7,2.87,3870.29
2021-03-03,112.7617,103.2301,124.2205,1.47,0.73,-1.72,2.45,26.67,64.7,61.33,2.86,3819.72
2021-03-04,112.7037,103.384,123.9305,1.54,0.77,-1.66,2.43,28.57,67.32,63.81,2.79,3768.47
2021-03-05,113.7487,104.34,125.0825,1.56,0.79,-1.64,2.43,24.66,69.95,66.08,2.72,3841.94
2021-03-08,114.2678,104.7133,125.7655,1.59,0.86,-1.56,2.42,25.47,68.0,65.03,2.67,3821.35
2021-03-09,113.928,104.3807,125.4147,1.55,0.83,-1.58,2.41,24.03,67.03,64.02,2.62,3875.44
2021-03-10,113.5881,104.2937,124.7956,1.53,0.8,-1.67,2.47,22.56,67.53,64.45,2.62,3898.81
2021-03-11,112.9214,103.6745,124.0708,1.54,0.78,-1.73,2.51,21.91,69.34,66.02,2.7,3939.34
2021-03-12,113.0269,103.6845,124.2816,1.64,0.85,-1.66,2.51,20.69,68.87,65.59,2.65,3943.34
2021-03-15,113.1928,103.944,124.3471,1.62,0.84,-1.7,2.54,20.03,68.78,65.36,2.58,3968.94
2021-03-16,112.9839,103.8772,123.9815,1.62,0.83,-1.76,2.59,19.79,67.95,64.82,2.5,3962.71
2021-03-17,113.1589,103.9471,124.2724,1.63,0.8,-1.78,2.58,19.23,67.73,64.55,2.6,3974.12
2021-03-18,112.7744,103.6876,123.7484,1.71,0.86,-1.64,2.5,21.58,62.11,59.95,2.45,3915.46
2021-03-19,112.9756,103.9974,123.8336,1.74,0.9,-1.61,2.51,20.95,64.0,61.43,2.53,3913.1
2021-03-22,113.0023,103.8907,124.0053,1.69,0.87,-1.64,2.51,18.88,63.89,61.48,2.55,3940.59
2021-03-23,113.2916,104.2901,124.1783,1.63,0.83,-1.65,2.48,20.3,59.96,57.75,2.56,3910.52
2021-03-24,113.6565,104.5653,124.6439,1.62,0.83,-1.7,2.53,21.2,63.7,61.12,2.56,3889.14
2021-03-25,114.0016,104.9963,124.8995,1.63,0.82,-1.72,2.54,19.81,61.21,58.47,2.52,3909.52
2021-03-26,113.7406,104.8084,124.5565,1.67,0.85,-1.72,2.57,18.86,63.77,60.93,2.52,3974.54
2021-03-29,113.9314,104.9211,124.8339,1.73,0.89,-1.67,2.56,20.74,64.06,61.49,2.58,3971.09
2021-03-30,114.203,105.3515,124.9365,1.73,0.9,-1.62,2.52,19.61,63.28,60.55,2.55,3958.55
2021-03-31,113.8234,105.1392,124.3728,1.74,0.92,-1.62,2.54,19.4,63.52,59.19,2.52,3972.89
2021-04-01,113.7389,105.0025,124.3435,1.69,0.9,-1.65,2.55,17.33,63.85,61.41,2.52,4019.87
2021-04-02,113.7315,105.0433,124.2842,1.72,0.97,-1.61,2.58,,,,,
2021-04-05,113.394,104.5575,124.1031,1.73,0.94,-1.61,2.55,17.91,,58.73,2.43,4077.91
2021-04-06,113.1464,104.4524,123.6993,1.67,0.88,-1.64,2.52,18.12,61.47,59.34,2.44,4073.94
2021-04-07,113.2436,104.5083,123.842,1.68,0.87,-1.66,2.53,17.16,61.86,59.77,2.43,4079.95
2021-04-08,113.0917,104.3083,123.7404,1.64,0.85,-1.7,2.55,16.95,62.09,59.61,2.47,4097.17
2021-04-09,113.2028,104.2968,123.985,1.67,0.87,-1.64,2.51,16.69,61.89,59.29,2.48,4128.8
2021-04-12,113.1815,104.2641,123.9759,1.69,0.89,-1.63,2.52,16.91,62.38,59.7,2.5,4127.99
2021-04-13,113.0391,104.0673,123.891,1.64,0.85,-1.69,2.54,16.65,62.83,60.2,2.57,4141.59
2021-04-14,112.7849,103.7849,123.6648,1.64,0.87,-1.69,2.56,16.99,66.11,63.15,2.65,4124.66
2021-04-15,112.6181,103.86,123.2346,1.56,0.81,-1.74,2.55,16.57,66.13,63.42,2.62,4170.42
2021-04-16,112.4814,103.6549,123.1704,1.59,0.84,-1.73,2.57,16.25,65.98,63.16,2.63,4185.47
2021-04-19,112.1835,103.3393,122.8886,1.61,0.85,-1.71,2.56,17.29,66.54,63.33,2.75,4163.26
2021-04-20,112.2354,103.3861,122.9465,1.58,0.81,-1.71,2.52,18.68,65.34,62.61,2.76,4134.94
2021-04-21,112.1771,103.2476,122.9745,1.57,0.81,-1.72,2.53,17.5,64.02,61.34,2.72,4173.42
2021-04-22,112.2297,103.4311,122.886,1.57,0.81,-1.61,2.42,18.71,65.07,61.45,2.77,4134.98
2021-04-23,112.0889,103.1917,122.8503,1.58,0.83,-1.61,2.44,17.33,65.75,62.18,2.79,4180.17
2021-04-26,111.8109,102.8793,122.6068,1.58,0.85,-1.62,2.47,17.64,65.5,62.02,2.73,4187.62
2021-04-27,111.9097,102.9211,122.7686,1.63,0.88,-1.63,2.51,17.56,66.25,63.03,2.91,4186.72
2021-04-28,111.7909,102.7722,122.6812,1.63,0.86,-1.68,2.54,17.28,67.08,63.81,2.98,4183.18
2021-04-29,111.7464,102.5667,122.8115,1.65,0.86,-1.7,2.56,17.61,68.26,65.0,2.91,4211.47
2021-04-30,112.0839,103.008,123.0393,1.65,0.86,-1.71,2.57,18.61,67.73,63.5,2.86,4181.17
2021-05-03,112.005,102.7618,123.1418,1.63,0.84,-1.76,2.6,18.31,,64.46,2.96,4192.66
2021-05-04,112.2896,103.1276,123.3405,1.61,0.82,-1.8,2.62,19.48,68.91,65.72,3.0,4164.66
2021-05-05,112.1514,102.9691,123.2233,1.59,0.8,-1.88,2.68,19.15,69.71,65.63,2.99,4167.59
2021-05-06,111.8401,102.6208,122.9492,1.58,0.81,-1.85,2.66,18.39,68.62,64.73,2.9,4201.62
2021-05-07,111.0249,101.824,122.1064,1.6,0.77,-1.88,2.65,16.69,68.73,64.96,2.9,4232.6
2021-05-10,110.7905,101.5729,121.8879,1.63,0.8,-1.91,2.71,19.66,68.61,64.92,2.93,4188.43
2021-05-11,110.8921,101.6132,122.0575,1.64,0.8,-1.88,2.68,21.84,68.83,65.31,2.91,4152.1
2021-05-12,111.5636,102.2241,122.8013,1.69,0.87,-1.85,2.72,27.59,69.62,65.96,2.91,4063.04
2021-05-13,111.5955,102.3651,122.7144,1.66,0.84,-1.81,2.65,23.13,67.36,63.82,2.95,4112.5
2021-05-14,111.1353,101.9152,122.2386,1.63,0.82,-1.86,2.68,18.81,69.24,65.32,2.95,4173.85
2021-05-17,111.079,101.7272,122.3258,1.64,0.84,-1.88,2.72,19.72,69.62,66.24,2.99,4163.29
2021-05-18,110.8317,101.4462,122.1131,1.64,0.83,-1.89,2.72,21.34,69.01,65.49,2.96,4127.83
2021-05-19,110.8807,101.4783,122.1812,1.68,0.87,-1.79,2.66,22.18,66.88,63.28,2.88,4115.68
2021-05-20,110.8605,101.3223,122.3098,1.63,0.83,-1.76,2.59,20.67,65.18,61.95,2.86,4159.12
2021-05-21,111.0576,101.5894,122.4317,1.63,0.84,-1.78,2.62,20.15,66.72,63.61,2.84,4155.86
2021-05-24,110.9118,101.4844,122.2399,1.61,0.82,-1.82,2.64,18.4,68.59,66.13,2.78,4197.05
2021-05-25,110.842,101.4008,122.1845,1.56,0.79,-1.84,2.63,18.84,68.8,66.27,2.87,4188.13
2021-05-26,110.8677,101.6135,122.0059,1.58,0.8,-1.8,2.6,17.36,68.93,66.41,2.91,4195.99
2021-05-27,110.8688,101.6105,122.0113,1.61,0.81,-1.78,2.59,16.74,69.43,66.87,2.85,4200.88
2021-05-28,110.7576,101.6545,121.7298,1.58,0.79,-1.78,2.57,16.76,69.36,66.31,2.91,4204.11
2021-05-31,,,,,,,,,,,,
2021-06-01,110.5046,101.2808,121.6062,1.62,0.81,-1.79,2.6,17.9,70.03,67.8,3.02,4202.04
2021-06-02,110.5799,101.4473,121.5826,1.59,0.8,-1.79,2.59,17.48,70.6,68.79,3.09,4208.12
2021-06-03,111.1782,102.1436,122.08,1.63,0.84,-1.72,2.56,18.04,70.71,68.81,3.01,4192.85
2021-06-04,110.7521,101.6724,121.6988,1.56,0.78,-1.76,2.54,16.42,71.3,69.57,3.01,4229.89
2021-06-07,110.5155,101.4749,121.4173,1.57,0.79,-1.72,2.51,16.42,70.89,69.21,2.98,4226.52
2021-06-08,110.649,101.6846,121.4693,1.53,0.77,-1.7,2.47,17.07,71.39,70.11,3.11,4227.26
2021-06-09,110.5707,101.703,121.2851,1.5,0.75,-1.66,2.41,17.89,71.31,69.9,3.13,4219.55
2021-06-10,110.5456,101.6682,121.2703,1.45,0.73,-1.74,2.47,16.1,71.65,70.34,3.13,4239.18
2021-06-11,111.0933,102.1957,121.8454,1.47,0.76,-1.67,2.43,15.65,72.05,71.0,3.23,4247.44
2021-06-14,110.9659,102.0504,121.7361,1.51,0.8,-1.64,2.44,16.39,72.27,70.94,3.36,4255.15
2021-06-15,111.3507,102.2951,122.2768,1.51,0.79,-1.67,2.46,17.02,73.38,72.06,3.31,4246.59
2021-06-16,111.1165,102.1516,121.9418,1.57,0.89,-1.52,2.41,18.15,73.88,72.03,3.25,4223.7
2021-06-17,112.5772,103.7176,123.303,1.52,0.9,-1.41,2.31,17.75,72.92,71.06,3.24,4221.86
2021-06-18,113.0408,104.18,123.7725,1.45,0.89,-1.48,2.37,20.7,73.1,71.64,3.23,4166.45
2021-06-21,112.8391,103.7761,123.7878,1.5,0.9,-1.51,2.41,17.89,74.49,73.64,3.15,4224.79
2021-06-22,112.9174,103.8179,123.9066,1.48,0.87,-1.59,2.46,16.66,74.92,73.15,3.21,4246.44
2021-06-23,112.3819,103.4171,123.2196,1.5,0.9,-1.59,2.49,16.32,75.22,73.11,3.36,4241.84
2021-06-24,112.326,103.6923,122.8052,1.49,0.9,-1.55,2.45,15.97,75.95,73.31,3.3,4266.49
2021-06-25,111.9655,103.5203,122.2382,1.54,0.92,-1.54,2.46,15.62,76.45,74.21,3.4,4280.7
2021-06-28,112.0248,103.5927,122.2838,1.49,0.9,-1.55,2.45,15.76,74.78,72.98,3.62,4290.61
2021-06-29,112.2613,103.9081,122.4383,1.49,0.89,-1.57,2.46,16.02,75.38,73.14,3.75,4291.8
2021-06-30,112.5533,104.3082,122.6178,1.45,0.87,-1.6,2.47,15.83,76.94,73.52,3.79,4297.5
2021-07-01,112.74,104.363,122.9477,1.48,0.89,-1.6,2.49,15.48,76.69,75.33,3.76,4319.94
2021-07-02,112.5425,104.182,122.7304,1.44,0.86,-1.63,2.49,15.07,77.51,75.37,3.67,4352.34
2021-07-05,,,,,,,,,78.34,,,
2021-07-06,112.9516,104.5335,123.2056,1.37,0.81,-1.67,2.48,16.44,75.81,73.62,3.68,4343.54
2021-07-07,113.1048,104.6839,123.3636,1.33,0.79,-1.64,2.43,16.2,74.31,72.22,3.66,4358.13
2021-07-08,113.0776,104.4833,123.5222,1.3,0.74,-1.64,2.38,19.0,75.07,72.98,3.56,4320.82
2021-07-09,112.8375,104.2408,123.2822,1.37,0.79,-1.65,2.44,16.18,77.14,74.56,3.71,4369.55
2021-07-12,112.7611,104.1877,123.18,1.38,0.81,-1.67,2.48,16.17,76.77,74.21,3.7,4384.63
2021-07-13,113.0063,104.5296,123.3239,1.42,0.85,-1.71,2.56,17.12,77.5,75.24,3.78,4369.21
2021-07-14,112.8801,104.4579,123.1377,1.37,0.8,-1.73,2.53,16.33,75.74,73.06,3.8,4374.3
2021-07-15,113.0041,104.7033,123.133,1.31,0.78,-1.75,2.53,17.01,74.53,71.67,3.68,4360.03
2021-07-16,113.0428,104.7862,123.125,1.31,0.79,-1.73,2.52,18.45,74.46,71.76,3.7,4327.16
2021-07-19,113.5472,105.2022,123.7294,1.19,0.7,-1.71,2.41,22.5,69.33,66.45,3.75,4258.49
2021-07-20,113.7502,105.3876,123.9536,1.23,0.69,-1.71,2.4,19.73,70.03,67.32,3.82,4323.06
2021-07-21,113.3926,104.8035,123.835,1.3,0.74,-1.71,2.45,17.91,72.54,70.26,3.94,4358.69
2021-07-22,113.4695,104.9509,123.8371,1.27,0.71,-1.75,2.46,17.69,74.25,72.15,4.02,4367.48
2021-07-23,113.4398,105.0516,123.6673,1.3,0.72,-1.81,2.53,17.2,74.86,72.24,4.11,4411.79
2021-07-26,113.2238,104.6414,123.6572,1.29,0.73,-1.86,2.59,17.58,74.79,72.15,4.09,4422.3
2021-07-27,113.2227,104.5296,123.7753,1.25,0.71,-1.84,2.55,19.36,74.87,71.68,4.15,4401.46
2021-07-28,113.1807,104.6255,123.5845,1.26,0.72,-1.85,2.57,18.31,75.09,72.37,4.1,4400.64
2021-07-29,112.4834,103.8623,122.9507,1.28,0.73,-1.85,2.58,17.7,76.3,73.62,4.03,4419.15
2021-07-30,112.6714,104.0831,123.1054,1.24,0.69,-1.87,2.56,18.24,77.72,73.93,3.94,4395.26
2021-08-02,112.6691,104.0865,123.097,1.2,0.66,-1.85,2.51,19.46,73.91,71.31,4.02,4387.16
2021-08-03,112.8228,104.2134,123.2811,1.19,0.65,-1.86,2.51,18.04,73.24,70.64,4.06,4423.15
2021-08-04,112.8953,104.3261,123.3111,1.19,0.67,-1.83,2.5,17.97,70.99,68.19,4.2,4402.66
2021-08-05,112.7674,104.2066,123.1728,1.23,0.72,-1.74,2.46,17.28,72.14,69.1,4.27,4429.1
2021-08-06,113.3088,104.8332,123.6283,1.31,0.77,-1.73,2.5,16.15,71.02,68.26,4.21,4436.52
2021-08-09,113.4521,104.9625,123.7882,1.33,0.79,-1.71,2.5,16.72,69.65,66.56,4.24,4432.35
2021-08-10,113.4973,105.034,123.8059,1.36,0.82,-1.71,2.53,16.79,71.14,68.33,4.12,4436.75
2021-08-11,113.282,104.8891,123.5128,1.35,0.81,-1.74,2.55,16.06,71.99,69.3,4.07,4447.7
2021-08-12,113.2691,104.9382,123.4332,1.36,0.83,-1.72,2.55,15.59,71.79,69.12,4.1,4460.83
2021-08-13,113.0615,104.5532,123.4135,1.29,0.79,-1.73,2.52,15.45,70.9,68.36,3.95,4468.0
2021-08-16,113.1698,104.6983,123.4834,1.26,0.75,-1.75,2.5,16.12,70.07,67.44,3.93,4479.71
2021-08-17,113.6174,105.2238,123.8525,1.26,0.77,-1.72,2.49,17.91,69.4,66.5,3.92,4448.08
2021-08-18,113.6959,105.3634,123.8664,1.27,0.79,-1.69,2.48,21.57,68.61,65.36,3.86,4400.27
2021-08-19,114.1106,105.8158,124.2453,1.24,0.78,-1.67,2.45,21.67,66.8,63.69,3.83,4405.8
2021-08-20,114.5009,106.0308,124.8275,1.26,0.8,-1.6,2.4,18.56,65.51,62.25,3.94,4441.67
2021-08-23,113.9418,105.3056,124.4406,1.25,0.78,-1.65,2.43,17.15,69.07,65.65,3.93,4479.53
2021-08-24,113.6795,105.1008,124.1139,1.29,0.8,-1.65,2.45,17.22,71.21,67.5,3.95,4486.23
2021-08-25,113.6322,105.1121,124.003,1.35,0.84,-1.67,2.51,16.79,72.12,68.54,4.03,4496.19
2021-08-26,113.7883,105.2224,124.21,1.34,0.84,-1.66,2.5,18.84,70.42,67.42,4.07,4470.0
2021-08-27,113.3404,104.8653,123.6599,1.31,0.79,-1.74,2.53,16.39,72.26,68.84,4.35,4509.37
2021-08-30,113.246,104.9019,123.424,1.29,0.77,-1.74,2.51,16.19,,69.28,4.25,4528.79
2021-08-31,113.1076,104.9492,123.0856,1.3,0.77,-1.71,2.48,16.48,73.45,68.43,4.33,4522.68
2021-09-01,112.8732,104.663,122.9039,1.31,0.78,-1.7,2.48,16.11,71.99,68.63,4.45,4524.09
2021-09-02,112.7863,104.4728,122.9266,1.29,0.78,-1.69,2.47,16.41,73.56,70.07,4.65,4536.95
2021-09-03,112.5476,104.1945,122.7277,1.33,0.78,-1.7,2.48,16.41,73.07,69.34,4.77,4535.43
2021-09-06,,,,,,,,,72.43,,,
2021-09-07,112.9795,104.7095,123.0752,1.38,0.82,-1.69,2.51,18.14,71.52,68.49,4.71,4520.03
2021-09-08,113.2319,105.0433,123.2436,1.35,0.81,-1.72,2.53,17.96,72.36,69.36,4.66,4514.07
2021-09-09,113.043,104.7606,123.1527,1.3,0.79,-1.76,2.55,18.8,71.32,68.26,4.97,4493.28
2021-09-10,112.9425,104.7917,122.9105,1.35,0.82,-1.73,2.55,20.95,72.44,69.82,5.13,4458.58
2021-09-13,113.0341,104.8774,123.0094,1.33,0.81,-1.72,2.53,19.37,72.97,70.54,5.21,4468.73
2021-09-14,113.0061,104.8294,123.0025,1.28,0.79,-1.7,2.49,19.46,73.05,70.53,5.39,4443.05
2021-09-15,112.9773,104.8392,122.9321,1.31,0.81,-1.7,2.51,18.18,74.84,72.59,5.66,4480.7
2021-09-16,113.3036,105.1993,123.226,1.34,0.84,-1.69,2.53,18.69,75.14,72.69,5.52,4473.75
2021-09-17,113.5989,105.5497,123.466,1.37,0.88,-1.63,2.51,20.81,74.64,72.09,5.32,4432.99
2021-09-20,113.9422,105.7661,123.9484,1.31,0.83,-1.6,2.43,25.71,73.59,70.41,5.25,4357.73
2021-09-21,113.8179,105.6651,123.7978,1.33,0.84,-1.6,2.44,24.36,73.65,70.51,4.96,4354.19
2021-09-22,113.6223,105.484,123.5847,1.32,0.86,-1.55,2.41,20.87,75.5,72.37,4.92,4395.64
2021-09-23,113.513,105.3412,123.5099,1.41,0.94,-1.54,2.48,18.63,76.44,73.43,4.94,4448.98
2021-09-24,113.7597,105.5664,123.7823,1.47,0.97,-1.5,2.47,17.75,77.42,74.18,5.1,4455.48
2021-09-27,113.7432,105.555,123.7602,1.48,0.98,-1.52,2.5,18.76,78.85,75.54,5.53,4443.11
2021-09-28,114.2469,105.96,124.3749,1.54,1.02,-1.51,2.53,23.25,78.3,75.44,5.94,4352.63
2021-09-29,114.7092,106.5464,124.71,1.55,1.01,-1.51,2.52,22.56,77.86,75.06,5.73,4359.46
2021-09-30,114.6403,106.4222,124.6992,1.52,0.98,-1.53,2.51,23.14,77.81,75.22,5.58,4307.54
2021-10-01,114.3798,106.1208,124.4794,1.48,0.93,-1.58,2.51,21.15,79.4,76.01,5.61,4357.04
2021-10-04,114.2739,105.7593,124.6458,1.49,0.95,-1.58,2.53,22.96,81.44,77.68,5.8,4300.46
2021-10-05,114.3654,105.8197,124.7717,1.54,0.98,-1.61,2.59,21.3,82.72,79.17,6.37,4345.72
2021-10-06,114.7185,106.2505,125.0452,1.53,0.99,-1.58,2.57,21.0,81.39,77.66,6.0,4363.55
2021-10-07,114.5044,105.9812,124.888,1.58,1.02,-1.59,2.61,19.54,82.34,78.46,5.71,4399.76
2021-10-08,114.5986,105.8448,125.231,1.61,1.05,-1.59,2.64,18.77,82.17,79.55,5.46,4391.34
2021-10-11,,,,,,,,20.0,83.75,80.64,5.46,4361.19
2021-10-12,114.7542,106.0598,125.3243,1.59,1.08,-1.56,2.64,19.85,83.53,80.75,5.34,4350.65
2021-10-13,114.4705,105.8865,124.919,1.56,1.09,-1.59,2.68,18.64,83.53,80.67,5.56,4363.8
2021-10-14,114.2053,105.5285,124.7507,1.52,1.05,-1.64,2.69,16.86,83.86,81.43,5.92,4438.26
2021-10-15,114.0905,105.6033,124.4311,1.59,1.13,-1.58,2.71,16.3,84.67,82.39,5.44,4471.37
2021-10-18,113.9899,105.501,124.3312,1.59,1.16,-1.55,2.71,16.31,84.13,82.62,5.01,4486.46
2021-10-19,113.647,105.309,123.8228,1.65,1.17,-1.54,2.71,15.7,85.02,83.19,4.81,4519.63
2021-10-20,113.5083,105.155,123.6989,1.65,1.16,-1.61,2.77,15.49,85.76,84.4,4.87,4536.19
2021-10-21,113.6188,105.1252,123.9611,1.68,1.23,-1.71,2.94,15.01,84.58,82.64,4.94,4549.78
2021-10-22,113.67,105.3078,123.872,1.66,1.22,-1.69,2.91,15.43,85.43,84.53,5.1,4544.9
2021-10-25,113.605,105.3695,123.671,1.64,1.19,-1.76,2.95,15.24,84.85,84.64,5.72,4566.48
2021-10-26,113.674,105.5386,123.6337,1.63,1.2,-1.79,2.99,15.98,85.11,85.64,5.59,4574.79
2021-10-27,113.6218,105.3314,123.7464,1.54,1.16,-1.8,2.96,16.98,84.12,82.66,5.91,4551.68
2021-10-28,113.4389,104.8934,123.8351,1.57,1.18,-1.72,2.9,16.53,83.4,82.78,5.68,4596.42
2021-10-29,114.1349,105.7104,124.4087,1.55,1.18,-1.71,2.89,16.26,83.1,83.5,5.49,4605.38
2021-11-01,114.2067,105.4223,124.8679,1.58,1.2,-1.66,2.86,16.41,84.51,84.08,5.22,4613.67
2021-11-02,114.2847,105.6985,124.7334,1.56,1.15,-1.69,2.84,16.03,84.42,83.91,5.33,4630.65
2021-11-03,114.3593,105.6511,124.9402,1.6,1.19,-1.67,2.86,15.1,81.1,80.82,5.59,4660.57
2021-11-04,114.3558,106.0006,124.558,1.53,1.1,-1.78,2.88,15.44,80.15,78.88,5.73,4680.06
2021-11-05,114.0732,105.9023,124.0753,1.45,1.04,-1.83,2.87,16.48,82.43,81.25,5.51,4697.53
2021-11-08,113.8256,105.6758,123.8025,1.51,1.13,-1.81,2.94,17.22,83.22,81.96,5.53,4701.7
2021-11-09,113.762,105.708,123.6361,1.46,1.08,-1.88,2.96,17.78,84.52,84.12,5.08,4685.25
2021-11-10,114.1484,106.1764,123.9396,1.56,1.23,-1.85,3.08,18.73,82.91,81.23,4.56,4646.71
2021-11-11,,,,,,,,17.66,83.4,81.47,4.81,4649.27
2021-11-12,114.5144,106.8261,124.0095,1.58,1.24,-1.87,3.11,16.29,82.9,80.87,4.97,4682.85
2021-11-15,114.5876,106.782,124.2077,1.63,1.26,-1.91,3.17,16.49,81.94,80.85,4.77,4682.8
2021-11-16,115.136,107.4075,124.6811,1.63,1.27,-1.9,3.17,16.37,82.85,80.76,5.11,4700.9
2021-11-17,115.0263,107.4515,124.408,1.6,1.24,-1.9,3.14,17.11,80.67,78.32,4.82,4688.67
2021-11-18,115.0678,107.3688,124.5808,1.59,1.22,-1.89,3.11,17.59,82.45,78.92,4.95,4704.54
2021-11-19,115.2187,107.5051,124.7489,1.54,1.22,-1.8,3.02,17.91,80.24,76.11,4.9,4697.96
2021-11-22,115.6481,108.0441,125.0681,1.63,1.33,-1.65,2.98,19.17,80.97,76.74,4.83,4682.94
2021-11-23,116.0118,108.1745,125.6824,1.67,1.33,-1.67,3.0,19.38,83.43,78.32,4.95,4690.7
2021-11-24,116.2711,108.4417,125.9365,1.64,1.34,-1.69,3.03,18.58,82.37,78.32,4.93,4701.46
2021-11-25,,,,,,,,,82.05,,,
2021-11-26,116.5103,108.0025,126.8994,1.48,1.16,-1.76,2.92,28.62,72.37,,,4594.62
2021-11-29,116.581,108.3163,126.7116,1.52,1.18,-1.73,2.91,22.96,73.34,69.88,4.9,4655.27
2021-11-30,116.2071,108.2185,126.0401,1.43,1.14,-1.66,2.8,27.19,70.86,66.14,4.52,4567.0
2021-12-01,115.889,107.8765,125.7437,1.43,1.15,-1.55,2.7,31.12,69.53,65.44,4.31,4513.04
2021-12-02,116.018,108.0765,125.7988,1.44,1.21,-1.52,2.73,27.95,70.56,66.6,4.08,4577.1
2021-12-03,116.2377,108.1786,126.1458,1.35,1.13,-1.59,2.72,30.67,70.71,66.39,3.79,4538.43
2021-12-06,116.1538,108.2344,125.9128,1.43,1.21,-1.58,2.79,27.18,73.38,69.62,3.66,4591.67
2021-12-07,115.8555,108.0828,125.4558,1.48,1.26,-1.58,2.84,21.89,75.54,71.94,3.6,4686.75
2021-12-08,115.4418,107.7217,124.9816,1.52,1.27,-1.61,2.88,19.9,75.94,72.43,3.79,4701.21
2021-12-09,115.7784,108.0543,125.3265,1.49,1.26,-1.54,2.8,21.58,74.1,70.87,3.67,4667.45
2021-12-10,115.5732,107.832,125.1369,1.48,1.25,-1.51,2.76,18.69,74.98,71.71,3.65,4712.02
2021-12-13,115.842,108.1576,125.3491,1.42,1.21,-1.52,2.73,20.31,74.12,71.19,4.05,4668.97
2021-12-14,116.2397,108.4893,125.8211,1.44,1.23,-1.43,2.66,21.89,73.37,70.57,3.71,4634.09
2021-12-15,116.4219,108.6845,125.9919,1.47,1.26,-1.41,2.67,19.29,73.71,70.89,3.79,4709.85
2021-12-16,115.7146,107.984,125.2688,1.44,1.19,-1.51,2.7,20.57,74.64,72.34,3.67,4668.67
2021-12-17,115.791,108.3092,125.0841,1.41,1.18,-1.47,2.65,21.57,72.97,70.93,3.71,4620.64
2021-12-20,116.0092,108.5106,125.3228,1.43,1.17,-1.48,2.65,22.87,70.51,68.69,3.91,4568.02
2021-12-21,116.1089,108.651,125.3807,1.48,1.24,-1.45,2.69,21.01,72.85,71.1,3.96,4649.23
2021-12-22,115.7485,108.1233,125.1919,1.46,1.23,-1.47,2.7,18.63,74.69,72.82,3.95,4696.56
2021-12-23,115.5337,108.0057,124.8722,1.5,1.25,-1.47,2.72,17.96,76.26,73.89,3.56,4725.79
2021-12-24,,,,,,,,,75.24,,,
2021-12-27,115.4684,107.9603,124.7852,1.48,1.26,-1.49,2.75,17.68,,75.49,3.45,4791.19
2021-12-28,115.4192,108.0406,124.5993,1.49,1.27,-1.51,2.78,17.54,,76.01,3.32,4786.35
2021-12-29,115.3678,107.914,124.6262,1.55,1.29,-1.54,2.83,16.95,78.63,76.58,3.4,4793.06
2021-12-30,115.283,107.9027,124.4632,1.52,1.27,-1.59,2.86,17.33,78.61,76.83,3.82,4778.73
2021-12-31,,,,1.52,1.26,-1.61,2.87,17.22,77.24,75.33,3.82,4766.18
2022-01-03,115.4101,108.0698,124.548,1.63,1.37,-1.58,2.95,16.6,78.25,75.99,3.74,4796.56
2022-01-04,115.3103,107.8824,124.5425,1.66,1.37,-1.56,2.93,16.91,79.39,77.0,3.73,4793.54
2022-01-05,115.137,107.6865,124.3921,1.71,1.43,-1.44,2.87,19.73,80.6,77.83,3.78,4700.58
2022-01-06,115.4046,107.9428,124.6746,1.73,1.47,-1.3,2.77,19.61,81.99,79.47,3.94,4696.05
2022-01-07,115.0451,107.4776,124.4268,1.76,1.5,-1.28,2.78,18.76,82.28,79.0,3.83,4677.03
2022-01-10,115.2216,107.7027,124.5521,1.78,1.53,-1.24,2.77,19.4,81.56,78.11,4.16,4670.29
2022-01-11,114.8332,107.3266,124.1465,1.75,1.51,-1.36,2.87,18.41,84.98,81.17,4.16,4713.07
2022-01-12,114.355,106.5883,123.9478,1.74,1.5,-1.32,2.82,17.62,85.83,82.51,4.62,4726.35
2022-01-13,114.177,106.291,123.899,1.7,1.47,-1.3,2.77,20.31,85.8,81.97,4.78,4659.03
2022-01-14,114.3825,106.732,123.8483,1.78,1.55,-1.24,2.79,19.19,87.17,83.82,4.37,4662.85
2022-01-17,,,,,,,,,87.82,,,
2022-01-18,114.7373,107.1933,124.0903,1.87,1.65,-1.15,2.8,22.79,88.83,85.42,4.55,4577.11
2022-01-19,114.6109,106.9801,124.0574,1.83,1.62,-1.11,2.73,23.85,89.64,86.84,4.89,4532.76
2022-01-20,114.4642,106.8852,123.8527,1.83,1.62,-1.12,2.74,25.59,89.75,86.29,4.45,4482.73
2022-01-21,114.6125,107.0707,123.962,1.75,1.54,-1.16,2.7,28.85,89.75,85.16,4.11,4397.94
2022-01-24,115.2034,107.7361,124.4774,1.75,1.53,-1.21,2.74,29.9,87.74,84.48,4.2,4410.13
2022-01-25,115.1654,107.7045,124.4321,1.78,1.56,-1.22,2.78,31.16,89.49,86.61,4.24,4356.45
2022-01-26,115.0922,107.6542,124.3332,1.85,1.66,-1.09,2.75,31.96,91.22,88.33,4.43,4349.93
2022-01-27,115.978,108.8359,124.907,1.81,1.66,-1.1,2.76,30.49,90.7,87.61,4.43,4326.51
2022-01-28,116.0393,108.8231,125.0491,1.78,1.61,-1.19,2.8,27.66,91.47,87.67,5.69,4431.85
2022-01-31,115.566,108.4212,124.4936,1.79,1.62,-1.2,2.82,24.83,92.35,89.16,5.56,4515.55
2022-02-01,115.3685,108.12,124.4065,1.81,1.63,-1.17,2.8,21.96,90.24,88.22,5.45,4546.54
2022-02-02,115.1538,107.7561,124.3516,1.78,1.6,-1.19,2.79,22.09,91.43,88.16,6.7,4589.38
2022-02-03,114.9065,107.2563,124.3771,1.82,1.66,-1.1,2.76,24.35,92.99,90.17,5.84,4477.44
2022-02-04,115.1362,107.4679,124.6288,1.93,1.78,-1.0,2.78,23.22,96.86,92.27,5.34,4500.53
2022-02-07,115.0098,107.3499,124.492,1.92,1.76,-0.99,2.75,22.86,97.28,91.25,4.44,4483.87
2022-02-08,115.0892,107.5069,124.4873,1.96,1.81,-0.96,2.77,21.44,96.07,89.32,4.3,4521.54
2022-02-09,114.8232,107.3078,124.1458,1.94,1.82,-0.96,2.78,19.96,94.95,89.57,4.13,4587.18
2022-02-10,114.5527,106.9934,123.9205,2.03,1.96,-0.85,2.81,23.91,96.37,89.83,4.03,4504.08
2022-02-11,114.8413,107.4762,124.0004,1.92,1.84,-0.98,2.82,27.36,97.5,93.1,4.04,4418.64
2022-02-14,115.1946,108.0788,124.0872,1.98,1.9,-1.01,2.91,28.33,101.66,95.52,4.05,4401.67
2022-02-15,114.93,107.8212,123.8123,2.05,1.94,-0.95,2.89,25.7,98.43,92.07,4.31,4471.07
2022-02-16,114.6886,107.5216,123.6312,2.03,1.9,-0.97,2.87,24.29,97.44,93.83,4.39,4475.01
2022-02-17,114.6755,107.5295,123.5953,1.97,1.85,-1.02,2.87,28.11,95.28,91.78,4.57,4380.26
2022-02-18,114.7982,107.8546,123.5005,1.92,1.82,-1.04,2.86,27.75,96.18,91.26,4.61,4348.87
2022-02-21,,,,,,,,,98.95,,,
2022-02-22,114.7002,107.708,123.454,1.94,1.85,-1.04,2.89,28.81,98.73,92.11,4.48,4304.76
2022-02-23,114.6668,107.797,123.2882,1.99,1.89,-1.12,3.01,31.02,99.29,92.14,4.59,4225.5
2022-02-24,115.9419,109.0599,124.5899,1.96,1.84,-1.21,3.05,30.32,101.29,92.77,4.78,4288.7
2022-02-25,115.2577,108.3272,123.9507,1.97,1.86,-1.16,3.02,27.59,98.56,91.68,4.63,4384.65
2022-02-28,115.2224,108.1431,124.0757,1.83,1.71,-1.4,3.11,30.15,103.08,96.13,4.46,4373.94
2022-03-01,115.7962,108.8326,124.5307,1.72,1.56,-1.58,3.14,33.32,110.93,103.66,4.36,4306.26
2022-03-02,115.7623,108.7631,124.5348,1.86,1.74,-1.49,3.23,30.74,118.94,110.74,4.65,4386.54
2022-03-03,115.9495,109.033,124.6348,1.86,1.74,-1.43,3.17,30.48,115.36,107.69,4.63,4363.49
2022-03-04,116.6503,109.7775,125.2961,1.74,1.65,-1.54,3.19,31.98,123.86,115.77,4.74,4328.87
2022-03-07,117.3278,110.2836,126.1654,1.78,1.71,-1.58,3.29,36.45,129.02,119.26,4.93,4201.09
2022-03-08,117.6176,110.5643,126.468,1.86,1.8,-1.63,3.43,35.13,133.18,123.64,4.61,4170.7
2022-03-09,116.5961,109.479,125.5047,1.94,1.87,-1.46,3.33,32.45,116.58,108.81,4.55,4277.88
2022-03-10,116.7401,109.7046,125.5622,1.98,1.92,-1.5,3.42,30.23,114.54,105.93,4.65,4259.52
2022-03-11,117.0192,110.0739,125.747,2.0,1.96,-1.56,3.52,30.75,118.11,109.31,4.79,4204.31
2022-03-14,117.1506,110.1699,125.9179,2.14,2.1,-1.4,3.5,31.77,110.39,103.22,4.59,4173.11
2022-03-15,117.246,110.3302,125.9446,2.15,2.1,-1.32,3.42,29.83,105.14,96.42,4.46,4262.45
2022-03-16,116.8073,110.0454,125.3356,2.19,2.18,-1.16,3.34,26.67,104.61,94.85,4.68,4357.86
2022-03-17,116.0467,109.159,124.7021,2.2,2.17,-1.34,3.51,25.67,113.5,102.97,4.8,4411.67
2022-03-18,116.1378,109.4696,124.5584,2.14,2.14,-1.34,3.48,23.87,114.32,104.69,4.87,4463.12
2022-03-21,115.9398,109.2682,124.3618,2.32,2.33,-1.19,3.52,23.53,122.29,112.14,4.77,4461.18
2022-03-22,116.0824,109.5404,124.3671,2.38,2.39,-1.13,3.52,22.94,121.53,111.03,5.0,4511.61
2022-03-23,116.005,109.5575,124.1881,2.32,2.34,-1.23,3.57,23.57,127.52,114.89,5.26,4456.24
2022-03-24,115.9599,109.5912,124.0582,2.34,2.37,-1.2,3.57,21.67,123.98,114.2,5.19,4520.16
2022-03-25,115.7921,109.6168,123.6826,2.48,2.55,-1.04,3.59,20.81,122.67,116.2,5.51,4543.06
2022-03-28,116.1911,109.9969,124.1063,2.46,2.54,-1.02,3.56,19.63,114.5,107.55,5.52,4575.52
2022-03-29,115.5679,109.2287,123.6304,2.41,2.49,-0.91,3.4,18.9,112.79,104.25,5.32,4631.6
2022-03-30,115.0818,108.8052,123.0721,2.35,2.44,-0.97,3.41,19.33,115.59,107.81,5.32,4602.45
2022-03-31,115.2218,109.0016,123.1536,2.32,2.42,-0.92,3.34,20.56,107.29,100.53,5.46,4530.41
2022-04-01,115.4814,109.4475,123.2181,2.39,2.55,-0.73,3.28,19.63,106.13,99.32,5.43,4545.86
2022-04-04,115.4112,109.6101,122.9008,2.42,2.56,-0.72,3.28,18.57,108.15,103.29,5.72,4582.64
2022-04-05,115.73,109.905,123.2485,2.54,2.69,-0.62,3.31,21.03,106.6,101.98,5.95,4525.12
2022-04-06,115.9995,110.1444,123.553,2.61,2.7,-0.58,3.28,22.1,100.81,96.39,6.29,4481.15
2022-04-07,116.3512,110.4849,123.9206,2.66,2.7,-0.56,3.26,21.55,99.83,96.05,6.05,4500.21
2022-04-08,116.4176,110.6323,123.9023,2.72,2.76,-0.57,3.33,21.16,101.26,98.35,6.38,4488.28
2022-04-11,116.5401,110.8606,123.9148,2.79,2.79,-0.58,3.37,24.37,97.92,94.22,6.35,4412.53
2022-04-12,116.3866,110.8697,123.5884,2.72,2.66,-0.65,3.31,24.26,104.42,100.52,6.59,4397.45
2022-04-13,116.2796,110.7805,123.4616,2.7,2.66,-0.59,3.25,21.82,108.49,104.26,6.68,4446.59
2022-04-14,116.7558,111.3311,123.8654,2.83,2.79,-0.54,3.33,22.7,110.83,106.84,6.94,4392.59
2022-04-15,116.7017,111.2623,123.826,,,,,,,,,
2022-04-18,116.8441,111.5097,123.8602,2.85,2.79,-0.57,3.36,22.17,,108.24,7.48,4391.69
2022-04-19,117.1324,111.685,124.2703,2.93,2.91,-0.45,3.36,21.37,105.49,102.54,7.44,4462.21
2022-04-20,116.7306,110.9084,124.258,2.85,2.87,-0.49,3.36,20.32,105.05,102.56,7.12,4459.45
2022-04-21,117.1432,111.2516,124.7488,2.9,2.96,-0.41,3.37,22.68,107.2,103.89,6.88,4393.66
2022-04-22,118.0186,112.2047,125.5526,2.9,2.94,-0.43,3.37,28.21,105.15,102.86,6.59,4271.78
2022-04-25,118.6271,112.8221,126.159,2.81,2.84,-0.43,3.27,27.02,99.27,99.6,6.42,4296.12
2022-04-26,118.9624,113.1286,126.5285,2.77,2.79,-0.46,3.25,33.52,102.89,102.62,6.89,4175.2
2022-04-27,119.4708,113.9519,126.7124,2.82,2.81,-0.47,3.28,31.6,103.3,101.96,6.91,4183.96
2022-04-28,120.0675,114.5503,127.3146,2.85,2.86,-0.53,3.39,29.99,105.78,105.47,6.97,4287.5
2022-04-29,119.4933,114.0791,126.6253,2.89,2.92,-0.38,3.3,33.4,108.36,104.59,6.84,4131.93
2022-05-02,119.8825,114.4897,126.9971,2.99,3.01,-0.2,3.21,32.34,,105.18,7.3,4155.38
2022-05-03,119.7043,114.3163,126.8117,2.97,3.01,-0.2,3.21,29.25,104.94,102.53,7.84,4175.48
2022-05-04,119.5592,114.259,126.5731,2.93,2.93,-0.31,3.24,25.42,110.53,107.84,8.3,4300.17
2022-05-05,120.0068,114.7373,126.9942,3.05,3.01,-0.22,3.23,31.2,112.11,108.17,8.42,4146.87
2022-05-06,119.8577,114.5128,126.9219,3.12,3.06,-0.16,3.22,30.19,113.86,109.72,8.35,4123.34
2022-05-09,120.4972,114.8773,127.8569,3.05,2.95,-0.11,3.06,34.75,106.67,103.08,8.06,3991.24
2022-05-10,120.7742,115.2181,128.0705,2.99,2.91,-0.01,2.92,32.99,102.61,99.74,6.78,4001.05
2022-05-11,120.3925,114.9032,127.6143,2.91,2.89,-0.11,3.0,32.56,107.7,105.5,7.53,3935.18
2022-05-12,121.2796,115.973,128.3215,2.84,2.81,-0.08,2.89,31.77,108.06,106.15,7.25,3930.08
2022-05-13,120.8442,115.5408,127.8773,2.93,2.89,-0.14,3.03,28.87,112.12,110.52,7.75,4023.89
2022-05-16,120.6881,115.3481,127.7574,2.88,2.83,-0.21,3.04,27.47,114.86,114.07,8.07,4008.01
2022-05-17,119.8871,114.442,127.0564,2.98,2.96,-0.12,3.08,26.1,112.89,112.31,8.26,4088.85
2022-05-18,120.0274,114.5669,127.2145,2.89,2.89,-0.16,3.05,30.96,110.04,109.67,8.53,3923.68
2022-05-19,119.4278,113.7849,126.7988,2.84,2.84,-0.13,2.97,29.35,113.22,112.21,8.21,3900.79
2022-05-20,119.3677,114.0142,126.4347,2.78,2.8,-0.08,2.88,29.43,113.63,112.63,7.97,3901.36
2022-05-23,118.7169,113.2148,125.9315,2.86,2.88,-0.04,2.92,28.48,115.13,110.32,8.16,3973.75
2022-05-24,118.6245,112.8763,126.0965,2.76,2.76,-0.11,2.87,29.45,115.77,112.55,8.87,3941.48
2022-05-25,118.9598,113.3734,126.2658,2.75,2.71,-0.17,2.88,28.37,116.41,112.88,9.44,3978.73
2022-05-26,118.7687,112.877,126.3936,2.75,2.7,-0.26,2.96,27.5,119.81,116.19,9.19,4057.84
2022-05-27,118.2834,112.7387,125.5375,2.74,2.71,-0.24,2.95,25.72,121.19,114.96,8.3,4158.24
2022-05-30,,,,,,,,26.54,123.01,,,
2022-05-31,118.0704,112.4914,125.3579,2.85,2.81,-0.15,2.96,26.19,125.53,114.38,8.46,4132.15
2022-06-01,118.6954,113.3014,125.7966,2.94,2.94,-0.02,2.96,25.69,122.2,115.26,8.47,4101.23
2022-06-02,118.0658,112.5218,125.3165,2.92,2.92,-0.05,2.97,24.72,,116.88,8.9,4176.82
2022-06-03,118.2153,112.7463,125.3892,2.96,2.95,-0.09,3.04,24.79,125.68,118.97,8.34,4108.54
2022-06-06,118.3081,112.8997,125.4196,3.04,3.03,-0.02,3.05,25.07,124.99,118.41,9.08,4121.43
2022-06-07,118.4414,112.9352,125.657,2.98,2.99,-0.04,3.03,24.02,126.89,119.55,9.28,4160.68
2022-06-08,118.3951,112.868,125.632,3.03,3.03,-0.03,3.06,23.96,129.2,121.94,9.43,4115.77
2022-06-09,118.9226,113.6681,125.8809,3.04,3.07,-0.01,3.08,26.09,128.47,121.52,8.16,4017.82
2022-06-10,119.9981,114.9004,126.8065,3.15,3.25,0.12,3.13,27.75,127.44,120.73,8.78,3900.86
2022-06-13,121.1523,115.7313,128.3121,3.43,3.56,0.45,3.11,34.02,128.44,120.92,9.0,3749.63
2022-06-14,121.6669,116.3202,128.7555,3.49,3.61,0.73,2.88,32.69,127.02,118.92,7.68,3735.48
2022-06-15,121.6403,116.4426,128.5732,3.33,3.38,0.38,3.0,29.62,124.96,115.32,7.72,3789.99
2022-06-16,120.6714,114.8385,128.2569,3.28,3.35,0.48,2.87,32.95,125.78,117.56,7.88,3666.77
2022-06-17,121.2369,115.9556,128.2519,3.25,3.34,0.54,2.8,31.13,119.22,109.56,7.37,3674.84
2022-06-20,,,,,,,,31.03,118.25,,,
2022-06-21,120.6427,115.2516,127.7648,3.31,3.38,0.54,2.84,30.19,118.51,110.49,6.6,3764.79
2022-06-22,120.5197,115.069,127.7026,3.16,3.22,0.48,2.74,28.95,115.54,106.22,6.76,3759.89
2022-06-23,120.7622,115.4869,127.765,3.09,3.14,0.45,2.69,29.05,114.5,105.75,6.54,3795.73
2022-06-24,120.4853,115.131,127.567,3.13,3.18,0.36,2.82,27.23,117.36,109.07,5.8,3911.74
2022-06-27,120.1736,114.685,127.392,3.2,3.24,0.45,2.79,26.95,119.69,111.44,6.09,3900.11
2022-06-28,120.62,115.2284,127.7424,3.2,3.25,0.52,2.73,28.36,122.21,113.66,6.66,3821.55
2022-06-29,120.9616,115.5158,128.1448,3.1,3.15,0.56,2.59,28.16,120.8,111.65,6.69,3818.83
2022-06-30,120.9652,115.4958,128.1732,2.98,3.01,0.43,2.58,28.71,119.78,107.76,6.54,3785.38
2022-07-01,121.5058,116.0558,128.7003,2.88,2.88,0.28,2.6,26.7,119.21,110.3,5.75,3825.33
2022-07-04,,,,,,,,27.53,121.8,,,
2022-07-05,122.6203,117.4026,129.5865,2.82,2.82,0.31,2.51,27.54,110.49,101.55,5.72,3831.39
2022-07-06,123.0073,117.7991,129.9683,2.93,2.96,0.48,2.48,26.73,108.54,100.31,5.65,3845.08
2022-07-07,122.7257,117.6403,129.5558,3.01,3.05,0.52,2.53,26.08,113.4,104.62,5.83,3902.62
2022-07-08,122.4662,117.4392,129.2322,3.09,3.13,0.51,2.62,24.64,113.95,106.78,6.4,3899.38
2022-07-11,123.2974,118.2544,130.0907,2.99,3.05,0.49,2.56,26.17,114.85,106.09,6.82,3854.43
2022-07-12,123.4524,118.3487,130.3106,2.96,3.01,0.51,2.5,27.29,106.98,97.69,6.81,3818.8
2022-07-13,123.2834,118.1879,130.131,2.91,3.02,0.51,2.51,26.82,107.17,98.44,6.68,3801.78
2022-07-14,124.0622,119.111,130.7701,2.96,3.06,0.52,2.54,26.4,107.74,97.79,6.9,3790.38
2022-07-15,123.4765,118.5253,130.177,2.93,3.05,0.46,2.59,24.23,112.26,99.59,6.6,3863.16
2022-07-18,122.7727,117.6667,129.6247,2.96,3.06,0.43,2.63,25.3,117.27,104.48,7.65,3830.85
2022-07-19,122.4819,117.0458,129.6737,3.01,3.14,0.47,2.67,24.5,114.96,106.12,7.35,3936.69
2022-07-20,122.5997,117.2006,129.7544,3.04,3.18,0.51,2.67,23.88,115.86,104.45,7.58,3959.9
2022-07-21,122.9032,117.3012,130.2737,2.91,3.0,0.45,2.55,23.11,112.81,98.44,7.99,3998.95
2022-07-22,122.451,116.8,129.8673,2.77,2.87,0.31,2.56,23.03,106.77,97.71,8.25,3961.63
2022-07-25,122.4594,116.8847,129.7959,2.81,2.89,0.31,2.58,23.36,108.23,99.83,8.52,3966.84
2022-07-26,122.7581,117.4589,129.8107,2.81,2.89,0.33,2.56,24.69,107.32,97.74,9.46,3921.05
2022-07-27,122.8169,117.5686,129.8172,2.78,2.82,0.21,2.61,23.24,109.64,100.03,8.65,4023.61
2022-07-28,122.1161,116.7266,129.2547,2.68,2.69,0.02,2.67,22.33,109.68,99.11,8.75,4072.43
2022-07-29,121.7678,116.2319,129.0551,2.67,2.7,-0.03,2.73,21.33,111.51,101.31,8.33,4130.29
2022-08-01,121.4109,115.7034,128.8737,2.6,2.66,-0.06,2.72,22.84,106.09,96.59,8.2,4118.63
2022-08-02,121.9486,116.3237,129.3313,2.75,2.85,0.16,2.69,23.93,106.51,97.14,8.01,4091.19
2022-08-03,122.3888,116.9254,129.6081,2.73,2.86,0.14,2.72,21.95,101.82,93.25,7.81,4155.17
2022-08-04,121.8333,116.3557,129.0605,2.68,2.76,0.12,2.64,21.44,97.99,91.29,8.4,4151.94
2022-08-05,122.321,117.1857,129.1977,2.83,2.97,0.33,2.64,21.15,100.31,91.77,8.3,4145.19
2022-08-08,121.8783,116.58,128.919,2.77,2.91,0.26,2.65,21.29,103.46,93.52,7.76,4140.06
2022-08-09,121.8614,116.5788,128.8855,2.8,2.97,0.31,2.66,21.77,103.81,93.18,7.87,4122.47
2022-08-10,120.7543,115.2591,127.9866,2.78,2.93,0.32,2.61,19.74,105.06,94.68,7.86,4210.24
2022-08-11,120.7163,115.1811,127.9899,2.87,2.98,0.31,2.67,20.2,107.19,97.02,8.53,4207.27
2022-08-12,121.018,115.8901,127.8706,2.84,2.97,0.3,2.67,19.53,103.7,94.86,8.73,4280.15
2022-08-15,121.4315,116.5476,128.0362,2.79,2.91,0.29,2.62,19.95,98.25,92.24,8.62,4297.14
2022-08-16,121.6807,116.747,128.3402,2.82,2.95,0.34,2.61,19.69,95.36,89.23,9.28,4305.2
2022-08-17,122.0711,117.1714,128.7004,2.89,3.04,0.39,2.65,19.9,97.22,90.85,9.51,4274.04
2022-08-18,122.3627,117.4996,128.9578,2.88,3.02,0.32,2.7,19.56,96.35,93.2,9.42,4283.74
2022-08-19,123.0501,118.3825,129.4523,2.98,3.11,0.39,2.72,20.6,96.45,93.55,9.14,4228.48
2022-08-22,123.605,119.1745,129.7707,3.03,3.17,0.43,2.74,23.8,95.06,93.42,9.85,4137.99
2022-08-23,123.0547,118.4712,129.3703,3.05,3.18,0.41,2.77,24.11,99.49,96.46,9.75,4128.73
2022-08-24,123.109,118.7101,129.2357,3.11,3.2,0.41,2.79,22.82,99.87,95.52,9.27,4140.77
2022-08-25,123.0586,118.6402,129.2048,3.03,3.15,0.38,2.77,21.78,98.81,93.33,9.47,4199.12
2022-08-26,123.0656,118.6643,129.1942,3.04,3.2,0.47,2.73,25.56,101.13,93.63,9.48,4057.66
2022-08-29,123.4686,118.9134,129.7606,3.12,3.27,0.56,2.71,26.21,,97.4,9.24,4030.61
2022-08-30,123.6848,119.1795,129.9284,3.11,3.27,0.6,2.67,26.21,99.34,92.08,9.1,3986.16
2022-08-31,123.535,118.9531,129.8552,3.15,3.3,0.72,2.58,25.87,96.55,90.09,8.93,3955.0
2022-09-01,124.4006,120.0515,130.4932,3.26,3.39,0.87,2.52,25.56,92.24,87.09,9.38,3966.85
2022-09-02,123.7743,119.3712,129.9141,3.2,3.3,0.75,2.55,25.47,93.09,87.29,9.18,3924.26
2022-09-05,,,,,,,,25.99,94.22,,,
2022-09-06,124.767,120.4203,130.862,3.33,3.43,0.87,2.56,26.91,91.43,87.35,8.52,3908.19
2022-09-07,124.8408,120.583,130.8459,3.27,3.37,0.86,2.51,24.64,86.83,82.5,8.12,3979.87
2022-09-08,124.578,120.2724,130.6284,3.29,3.39,0.93,2.46,23.61,87.99,84.04,8.27,4006.18
2022-09-09,123.7874,119.1943,130.1224,3.33,3.45,0.94,2.51,22.79,91.68,87.27,8.31,4067.36
2022-09-12,123.3332,118.4479,129.9637,3.37,3.47,0.95,2.52,23.87,93.45,88.18,8.2,4110.41
2022-09-13,124.4242,119.9479,130.6477,3.42,3.58,1.02,2.56,27.27,92.04,87.84,8.49,3932.69
2022-09-14,124.4509,119.901,130.7501,3.41,3.6,0.98,2.62,26.16,92.83,88.88,8.7,3946.01
2022-09-15,124.8843,120.2089,131.3183,3.45,3.66,1.09,2.57,26.27,89.28,85.72,8.6,3901.35
2022-09-16,124.8794,120.3201,131.194,3.45,3.62,1.13,2.49,26.3,89.43,85.57,8.11,3873.33
2022-09-19,125.0104,120.4727,131.3045,3.49,3.69,1.25,2.44,25.76,,86.15,7.96,3899.89
2022-09-20,125.1248,120.6464,131.3595,3.57,3.75,1.27,2.48,27.16,89.62,84.69,8.01,3855.93
2022-09-21,125.7399,121.5503,131.6872,3.51,3.74,1.27,2.47,27.99,89.86,83.38,7.99,3789.93
2022-09-22,126.1667,122.0284,132.0673,3.7,3.91,1.46,2.45,27.35,90.4,84.02,7.76,3757.99
2022-09-23,127.2853,123.4251,132.9182,3.69,3.96,1.58,2.38,29.92,84.29,79.07,6.75,3693.23
2022-09-26,128.4539,124.8505,133.8426,3.88,4.15,1.82,2.33,32.26,82.55,77.17,6.75,3655.04
2022-09-27,128.4386,124.8262,133.8361,3.97,4.21,1.86,2.35,32.6,85.97,78.91,6.83,3647.29
2022-09-28,128.0884,123.9496,134.0151,3.72,3.92,1.55,2.37,30.18,89.55,82.61,6.59,3719.04
2022-09-29,127.5437,123.415,133.453,3.76,3.98,1.8,2.18,31.84,89.41,81.78,6.57,3640.47
2022-09-30,127.5148,123.4836,133.3244,3.83,4.06,1.92,2.14,31.62,88.9,79.91,6.4,3585.62
2022-10-03,127.0813,122.9479,132.9892,3.67,3.9,1.64,2.26,30.1,90.68,84.05,5.64,3678.43
2022-10-04,126.1819,121.5251,132.6137,3.62,3.84,1.56,2.28,29.07,93.74,86.87,5.4,3790.93
2022-10-05,126.8616,122.6406,132.8559,3.76,3.96,1.7,2.26,28.55,94.35,88.22,5.84,3783.28
2022-10-06,127.2493,123.3922,132.8785,3.83,4.05,1.76,2.29,30.52,95.65,88.9,6.91,3744.52
2022-10-07,127.3111,123.4738,132.9211,3.89,4.14,1.78,2.36,31.36,98.88,93.07,6.25,3639.66
2022-10-10,,,,,,,,32.45,97.13,91.6,,3612.39
2022-10-11,127.6641,123.7746,133.3317,3.93,4.14,1.78,2.36,33.63,95.17,89.75,6.2,3588.84
2022-10-12,128.1481,124.5404,133.537,3.91,4.12,1.8,2.32,33.57,93.44,87.83,6.6,3577.03
2022-10-13,127.7286,123.6844,133.5543,3.97,4.21,1.83,2.38,31.94,95.16,89.59,6.25,3669.91
2022-10-14,128.3325,124.5826,133.8677,4.0,4.25,1.81,2.44,32.02,92.22,86.1,6.1,3583.07
2022-10-17,127.6448,123.3037,133.7722,4.02,4.24,1.76,2.48,31.37,91.04,86.0,6.08,3677.95
2022-10-18,127.9153,123.6712,133.9472,4.01,4.21,1.79,2.42,30.5,89.46,83.29,6.16,3719.98
2022-10-19,128.3968,124.1854,134.4016,4.14,4.35,1.89,2.46,30.76,91.34,86.0,5.63,3695.16
2022-10-20,128.0052,123.6711,134.1301,4.24,4.45,1.8,2.65,29.98,91.52,86.02,5.1,3665.78
2022-10-21,127.6735,123.0497,134.0908,4.21,4.34,1.65,2.69,29.69,91.82,85.47,4.45,3752.75
2022-10-24,128.0304,123.2922,134.5698,4.25,4.36,1.64,2.72,29.85,91.57,86.12,4.81,3797.34
2022-10-25,127.3771,122.2631,134.2958,4.1,4.25,1.63,2.62,28.46,91.76,86.93,5.17,3859.11
2022-10-26,126.4723,121.1363,133.6098,4.04,4.2,1.64,2.56,27.28,92.93,89.39,5.28,3830.6
2022-10-27,126.7028,121.5497,133.6536,3.96,4.09,1.52,2.57,27.39,94.17,89.06,5.3,3807.3
2022-10-28,127.2135,122.2846,133.939,4.02,4.19,1.57,2.62,25.75,94.64,87.85,5.02,3901.06
2022-10-31,127.6219,122.7615,134.2819,4.1,4.27,1.6,2.67,25.88,93.3,86.54,5.02,3871.98
2022-11-01,127.3987,122.8348,133.751,4.07,4.27,1.62,2.65,25.81,95.12,88.36,4.57,3856.1
2022-11-02,127.3115,122.6736,133.7385,4.1,4.3,1.62,2.68,25.86,96.07,90.06,4.58,3759.69
2022-11-03,128.1743,124.1283,134.0078,4.14,4.36,1.82,2.54,25.3,95.29,88.14,4.65,3719.89
2022-11-04,127.1468,122.5378,133.5422,4.17,4.33,1.72,2.61,24.55,99.53,92.58,4.0,3770.55
2022-11-07,126.3062,121.5787,132.8123,4.22,4.39,1.72,2.67,24.35,99.87,91.8,4.62,3806.8
2022-11-08,125.633,120.49,132.5596,4.14,4.31,1.7,2.61,25.54,96.85,88.8,4.0,3828.11
2022-11-09,125.9861,121.2464,132.5007,4.12,4.27,1.74,2.53,26.09,93.05,85.79,3.46,3748.57
2022-11-10,124.7044,119.4187,131.7673,3.82,3.95,1.48,2.47,23.53,94.25,86.52,4.8,3956.37
2022-11-11,,,,,,,,22.52,96.37,89.14,4.8,3992.93
2022-11-14,123.4277,118.0458,130.5748,3.88,4.0,1.58,2.42,23.73,93.59,85.85,6.24,3957.25
2022-11-15,123.039,117.5513,130.2918,3.8,3.93,1.53,2.4,24.54,94.3,86.87,5.9,3991.73
2022-11-16,123.2817,117.6488,130.6893,3.67,3.83,1.48,2.35,24.11,92.61,85.62,5.88,3958.79
2022-11-17,123.977,118.1878,131.5566,3.77,3.93,1.61,2.32,23.93,91.0,81.69,6.2,3946.56
2022-11-18,123.8524,118.0837,131.4091,3.82,3.99,1.71,2.28,23.12,88.93,80.07,6.1,3965.34
2022-11-21,124.7009,119.2679,131.9171,3.83,3.97,1.63,2.34,22.36,88.44,79.74,6.23,3949.94
2022-11-22,124.2365,118.6573,131.5996,3.76,3.93,1.58,2.35,21.29,88.65,80.83,6.27,4003.58
2022-11-23,123.7574,117.842,131.4669,3.71,3.88,1.55,2.33,20.35,85.9,77.93,6.57,4027.26
2022-11-24,,,,,,,,20.42,85.59,,,
2022-11-25,123.3386,117.4331,131.0328,3.68,3.85,1.51,2.34,20.5,83.4,76.45,6.57,4026.12
2022-11-28,123.6032,117.7102,131.2873,3.69,3.88,1.59,2.29,22.21,83.5,77.1,6.0,3963.94
2022-11-29,123.6615,118.3921,130.6945,3.75,3.92,1.62,2.3,21.89,83.22,77.96,6.03,3957.63
2022-11-30,123.5175,118.4207,130.3693,3.68,3.82,1.41,2.41,20.58,85.61,80.48,7.0,4080.11
2022-12-01,122.0045,116.5443,129.2156,3.53,3.68,1.23,2.45,19.84,86.28,81.06,6.33,4076.57
2022-12-02,122.0102,116.3855,129.3935,3.51,3.67,1.16,2.51,19.06,86.54,79.86,4.92,4071.7
2022-12-05,122.6384,117.1667,129.8694,3.6,3.8,1.34,2.46,20.75,83.36,76.83,4.15,3998.84
2022-12-06,123.0191,117.3192,130.4936,3.51,3.73,1.35,2.38,22.17,79.92,74.21,4.58,3941.26
2022-12-07,122.7608,117.2339,130.051,3.42,3.62,1.29,2.33,22.68,77.11,71.93,4.49,3933.92
2022-12-08,122.4152,116.7503,129.8456,3.48,3.71,1.35,2.36,22.29,76.02,71.3,4.79,3963.51
2022-12-09,122.4201,116.698,129.9106,3.57,3.75,1.45,2.3,22.83,76.37,71.05,4.98,3934.38
2022-12-12,122.7714,117.0271,130.2893,3.61,3.8,1.45,2.35,25.0,78.0,72.96,6.73,3990.56
2022-12-13,121.8493,115.9021,129.5693,3.51,3.66,1.35,2.31,22.55,80.14,75.44,7.2,4019.65
2022-12-14,121.8226,115.8058,129.6157,3.49,3.64,1.39,2.25,21.14,83.33,77.14,6.54,3995.32
2022-12-15,122.5519,116.6752,130.2062,3.44,3.62,1.41,2.21,22.83,82.34,75.89,6.8,3895.75
2022-12-16,122.6505,116.8508,130.2251,3.48,3.61,1.47,2.14,22.62,80.2,74.19,6.63,3852.36
2022-12-19,122.5275,116.6543,130.1779,3.57,3.7,1.51,2.19,22.42,81.66,75.05,6.08,3817.66
2022-12-20,122.1357,116.0366,130.0194,3.69,3.79,1.53,2.26,21.48,79.45,75.92,5.28,3821.62
2022-12-21,122.2828,116.4029,129.9372,3.68,3.78,1.47,2.31,20.07,80.25,78.17,6.13,3878.44
2022-12-22,122.2419,116.607,129.6387,3.67,3.79,1.55,2.24,21.97,79.58,77.68,7.1,3822.39
2022-12-23,121.9743,116.3308,129.3769,3.75,3.86,1.57,2.29,20.87,82.45,79.57,7.15,3844.82
2022-12-26,,,,,,,,,,,,
2022-12-27,121.7539,116.0036,129.2657,3.84,3.94,1.61,2.33,21.65,,79.45,4.88,3829.25
2022-12-28,122.0075,116.4129,129.3592,3.88,3.97,1.64,2.33,22.14,81.7,78.89,4.06,3783.22
2022-12-29,121.6577,115.9286,129.1462,3.83,3.94,1.62,2.32,21.44,80.96,78.43,3.78,3849.28
2022-12-30,121.4256,115.6071,129.0051,3.88,3.99,1.66,2.33,21.67,82.82,80.16,3.52,3839.5
2023-01-02,,,,,,,,,,,,
2023-01-03,122.0905,116.7158,129.1767,3.79,3.94,1.65,2.29,22.9,80.36,76.87,3.64,3824.14
2023-01-04,121.5008,115.9047,128.8304,3.69,3.85,1.64,2.21,22.01,75.31,72.82,3.75,3852.97
2023-01-05,122.1017,117.0223,128.8582,3.71,3.9,1.68,2.22,22.46,76.73,73.61,3.78,3808.1
2023-01-06,121.0852,115.8558,128.0001,3.55,3.69,1.51,2.18,21.13,76.41,73.77,3.43,3895.08
2023-01-09,120.1508,114.6894,127.3176,3.53,3.66,1.48,2.18,21.97,77.5,74.69,3.65,3892.09
2023-01-10,120.2483,115.1162,127.0471,3.61,3.72,1.52,2.2,20.58,78.4,75.11,3.32,3919.25
2023-01-11,120.1614,115.188,126.7824,3.54,3.66,1.45,2.21,21.09,81.11,77.46,3.41,3969.61
2023-01-12,119.4218,114.3676,126.1264,3.43,3.53,1.32,2.21,18.83,82.59,78.32,3.47,3983.17
2023-01-13,119.1673,114.2979,125.6636,3.49,3.6,1.4,2.2,18.35,83.43,79.9,3.43,3999.09
2023-01-16,,,,,,,,19.49,82.65,,,
2023-01-17,119.2121,114.1976,125.8705,3.53,3.6,1.42,2.18,19.36,84.38,80.25,3.43,3990.97
2023-01-18,119.0755,114.0329,125.7639,3.37,3.43,1.34,2.09,20.34,83.78,79.53,3.2,3928.86
2023-01-19,119.6107,114.3194,126.5819,3.39,3.48,1.27,2.21,20.52,85.08,80.31,2.91,3898.85
2023-01-20,119.3486,114.1804,126.1796,3.48,3.56,1.33,2.23,19.85,86.96,81.27,3.15,3972.61
2023-01-23,119.1434,113.9898,125.9565,3.52,3.61,1.33,2.28,19.81,87.54,81.62,3.43,4019.81
2023-01-24,119.0958,113.8943,125.9619,3.46,3.58,1.29,2.29,19.2,85.25,79.86,3.35,4016.95
2023-01-25,118.9686,113.7485,125.8545,3.46,3.54,1.26,2.28,19.08,85.08,79.78,3.09,4016.22
2023-01-26,119.021,113.8362,125.8679,3.49,3.58,1.26,2.32,18.73,86.29,80.64,2.72,4060.43
2023-01-27,118.9223,113.7498,125.7545,3.52,3.62,1.29,2.33,18.51,85.36,79.73,2.83,4070.56
2023-01-30,118.8953,113.8625,125.5713,3.55,3.68,1.38,2.3,19.94,84.9,77.97,2.82,4017.77
2023-01-31,118.9802,113.8861,125.7252,3.52,3.63,1.36,2.27,19.4,83.42,78.95,2.65,4076.6
2023-02-01,118.6259,113.524,125.3766,3.39,3.48,1.19,2.29,17.87,81.61,76.34,2.65,4119.21
2023-02-02,118.3421,113.4106,124.9001,3.4,3.49,1.23,2.26,18.73,80.57,75.87,2.67,4179.76
2023-02-03,119.5095,114.605,126.0479,3.53,3.67,1.4,2.27,18.33,78.85,73.4,2.4,4136.48
2023-02-06,120.541,115.4706,127.2736,3.63,3.81,1.48,2.33,19.43,80.48,74.11,2.17,4111.08
2023-02-07,120.3475,115.3499,126.9971,3.67,3.85,1.45,2.4,18.66,82.92,77.17,2.35,4164.0
2023-02-08,120.1436,115.0668,126.8798,3.63,3.82,1.36,2.46,19.63,84.17,78.47,2.4,4117.86
2023-02-09,119.9781,114.7995,126.8265,3.67,3.87,1.42,2.45,20.71,83.46,78.04,2.4,4081.5
2023-02-10,120.1419,115.2791,126.6398,3.74,3.93,1.46,2.47,20.53,85.46,79.74,2.37,4090.46
2023-02-13,119.9828,115.0036,126.6086,3.72,3.93,1.49,2.44,20.34,85.98,80.14,2.42,4137.29
2023-02-14,119.9229,115.0531,126.4266,3.77,4.0,1.55,2.45,18.91,84.96,79.08,2.42,4136.13
2023-02-15,120.4557,115.591,126.9584,3.81,4.04,1.53,2.51,18.23,84.11,78.57,2.45,4147.6
2023-02-16,120.4651,115.6994,126.8579,3.86,4.06,1.54,2.52,20.17,83.84,78.45,2.48,4090.41
2023-02-17,120.5526,115.8724,126.8516,3.82,4.03,1.53,2.5,20.02,81.97,76.31,2.28,4079.09
2023-02-20,,,,,,,,21.23,82.79,,,
2023-02-21,120.6256,115.9782,126.8889,3.95,4.16,1.58,2.58,22.87,82.14,76.28,2.12,3997.34
2023-02-22,120.8389,116.2828,127.0032,3.93,4.13,1.61,2.52,22.29,79.55,73.95,2.07,3991.05
2023-02-23,121.0896,116.6363,127.1428,3.88,4.09,1.59,2.5,21.14,82.08,75.26,2.17,4012.32
2023-02-24,121.5681,117.2146,127.5159,3.95,4.19,1.72,2.47,21.67,82.31,76.19,2.36,3970.04
2023-02-27,121.3941,116.7439,127.6678,3.92,4.17,1.68,2.49,20.95,81.24,75.57,2.55,3982.24
2023-02-28,121.3341,116.7462,127.5382,3.92,4.18,1.6,2.58,20.7,83.21,76.88,2.5,3970.15
2023-03-01,120.6347,116.3999,126.4431,4.01,4.27,1.68,2.59,20.58,83.68,77.57,2.59,3951.39
2023-03-02,121.1302,117.052,126.7714,4.08,4.32,1.67,2.65,19.59,84.15,78.05,2.67,3981.35
2023-03-03,120.7742,116.7659,126.3355,3.97,4.26,1.55,2.71,18.49,85.74,79.62,2.66,4045.64
2023-03-06,120.485,116.2868,126.2517,3.98,4.27,1.57,2.7,18.61,85.86,80.39,2.46,4048.42
2023-03-07,121.4623,117.6117,126.8579,3.97,4.31,1.77,2.54,19.59,83.03,77.45,2.52,3986.37
2023-03-08,121.4511,117.8693,126.554,3.98,4.34,1.87,2.47,19.11,82.1,76.56,2.5,3992.01
2023-03-09,121.4458,117.5368,126.905,3.93,4.22,1.79,2.43,22.61,81.0,75.6,2.5,3918.32
2023-03-10,121.2421,116.8612,127.217,3.7,3.96,1.62,2.34,24.8,82.3,76.55,2.4,3861.59
2023-03-13,120.8897,115.8424,127.5997,3.55,3.68,1.42,2.26,26.52,79.67,74.68,2.4,3855.76
2023-03-14,121.0141,116.0015,127.6864,3.64,3.78,1.43,2.35,23.73,76.77,71.18,2.65,3919.29
2023-03-15,122.1079,117.246,128.6228,3.51,3.59,1.26,2.33,26.14,74.3,67.38,2.45,3891.93
2023-03-16,121.7221,116.6945,128.4176,3.56,3.72,1.46,2.26,22.99,73.12,68.15,2.45,3960.28
2023-03-17,121.5643,116.4105,128.3989,3.39,3.44,1.34,2.1,25.51,71.03,66.61,2.42,3916.64
2023-03-20,121.0141,115.7174,128.0036,3.47,3.56,1.42,2.14,24.15,72.42,67.56,2.23,3951.57
2023-03-21,120.8958,115.7399,127.7269,3.59,3.73,1.48,2.25,21.38,74.78,69.4,1.93,4002.87
2023-03-22,120.6217,115.5962,127.3049,3.48,3.54,1.23,2.31,22.26,76.08,70.71,2.03,3936.97
2023-03-23,119.7587,114.6758,126.4982,3.38,3.39,1.13,2.26,22.61,74.31,69.77,2.08,3948.72
2023-03-24,120.4598,115.638,126.915,3.38,3.41,1.2,2.21,21.74,73.63,69.22,2.04,3970.99
2023-03-27,120.2541,115.3489,126.8001,3.53,3.59,1.32,2.27,20.6,76.8,72.87,2.04,3977.53
2023-03-28,119.7138,114.8151,126.2476,3.55,3.63,1.29,2.34,19.97,78.07,73.12,2.02,3971.27
2023-03-29,119.7258,115.0103,126.0563,3.57,3.67,1.29,2.38,19.12,77.51,72.95,1.94,4027.81
2023-03-30,119.4078,114.4897,125.9606,3.55,3.66,1.26,2.4,19.02,78.45,74.32,1.95,4050.83
2023-03-31,119.3602,114.5737,125.7662,3.48,3.6,1.2,2.4,18.7,79.19,75.68,2.1,4109.31
2023-04-03,119.3204,114.1786,126.1219,3.43,3.52,1.13,2.39,18.55,85.81,80.4,2.09,4124.51
2023-04-04,119.142,113.7668,126.2033,3.35,3.39,1.07,2.32,19.0,85.7,80.7,2.13,4100.6
2023-04-05,119.2953,113.8974,126.3833,3.3,3.36,1.07,2.29,19.08,85.89,80.69,2.17,4090.38
2023-04-06,119.3072,113.9897,126.3052,3.3,3.37,1.06,2.31,18.4,86.56,80.7,2.18,4105.02
2023-04-07,119.3547,114.2277,126.1397,3.39,3.49,1.16,2.33,,,,,
2023-04-10,119.7948,114.8947,126.331,3.41,3.52,1.18,2.34,18.97,,79.79,2.15,4109.11
2023-04-11,119.5248,114.3417,126.3741,3.43,3.54,1.18,2.36,19.1,87.32,81.54,2.19,4108.94
2023-04-12,119.003,113.7359,125.9417,3.41,3.46,1.17,2.29,19.09,88.31,83.26,2.22,4091.95
2023-04-13,118.3915,112.9437,125.5278,3.45,3.51,1.22,2.29,17.8,86.51,82.16,2.04,4146.22
2023-04-14,118.8567,113.6808,125.6921,3.52,3.6,1.29,2.31,17.07,87.31,82.58,1.87,4137.64
2023-04-17,119.2787,114.1831,126.0281,3.6,3.69,1.34,2.35,16.95,85.63,80.93,2.21,4151.32
2023-04-18,119.1049,113.843,126.0388,3.58,3.69,1.36,2.33,16.83,85.48,80.85,2.23,4154.87
2023-04-19,119.303,114.0566,126.2213,3.6,3.71,1.38,2.33,16.46,85.34,79.18,2.2,4154.52
2023-04-20,119.1199,113.875,126.0348,3.54,3.63,1.35,2.28,17.17,83.29,77.27,2.19,4129.79
2023-04-21,119.3117,114.0967,126.1949,3.57,3.66,1.36,2.3,16.77,83.36,77.86,2.2,4133.52
2023-04-24,119.2039,113.8298,126.2643,3.52,3.6,1.27,2.33,16.89,84.23,78.64,2.19,4137.04
2023-04-25,119.613,114.3553,126.5467,3.4,3.43,1.17,2.26,18.76,82.13,77.05,2.21,4071.63
2023-04-26,119.3228,113.8137,126.536,3.43,3.46,1.2,2.26,18.84,79.19,74.33,2.19,4055.99
2023-04-27,119.4298,114.0715,126.4745,3.53,3.6,1.31,2.29,17.03,80.11,74.77,2.17,4135.35
2023-04-28,119.2248,113.8617,126.2732,3.44,3.51,1.31,2.2,15.78,81.32,76.78,2.27,4169.48
2023-05-01,119.4435,114.3811,126.1574,3.59,3.64,1.4,2.24,16.08,,75.65,2.24,4167.87
2023-05-02,119.6105,114.3597,126.5364,3.44,3.46,1.28,2.18,17.78,76.71,71.71,2.12,4119.58
2023-05-03,119.1233,113.8703,126.0475,3.38,3.37,1.18,2.19,18.34,72.91,68.62,2.01,4090.75
2023-05-04,119.0465,113.7771,125.9882,3.37,3.29,1.16,2.13,20.09,73.0,68.52,1.96,4061.22
2023-05-05,118.5548,113.3767,125.3901,3.44,3.41,1.22,2.19,17.19,75.85,71.32,1.85,4136.25
2023-05-08,118.5759,113.2328,125.5961,3.52,3.49,1.27,2.22,16.98,,73.13,2.12,4138.12
2023-05-09,118.8239,113.7084,125.5916,3.53,3.51,1.29,2.22,17.71,77.76,73.68,2.22,4119.17
2023-05-10,118.5864,113.5372,125.2778,3.43,3.37,1.24,2.13,16.94,76.7,72.53,2.12,4137.64
2023-05-11,119.0303,114.1975,125.4847,3.39,3.36,1.26,2.1,16.93,75.32,70.81,2.07,4130.62
2023-05-12,119.3671,114.7664,125.5671,3.46,3.45,1.34,2.11,17.03,74.54,70.02,1.98,4124.08
2023-05-15,119.1608,114.4877,125.4392,3.5,3.46,1.34,2.12,17.12,75.46,71.07,2.25,4136.28
2023-05-16,119.1743,114.5793,125.3662,3.54,3.52,1.41,2.11,17.99,75.15,70.85,2.28,4109.9
2023-05-17,119.607,114.9305,125.8932,3.57,3.58,1.42,2.16,16.87,76.98,72.78,2.25,4158.77
2023-05-18,120.0886,115.4242,126.3659,3.65,3.69,1.53,2.16,16.05,75.75,71.82,2.3,4198.05
2023-05-19,119.7751,115.0624,126.1029,3.7,3.76,1.57,2.19,16.81,75.42,71.57,2.37,4191.98
2023-05-22,120.0875,115.261,126.5446,3.72,3.77,1.59,2.18,17.21,75.77,71.81,2.3,4192.63
2023-05-23,120.3204,115.4117,126.8708,3.7,3.76,1.55,2.21,18.53,76.66,72.87,2.22,4145.58
2023-05-24,120.4752,115.8867,126.6719,3.73,3.75,1.61,2.14,20.03,77.99,74.37,2.25,4115.24
2023-05-25,120.8413,116.2806,127.0108,3.83,3.9,1.78,2.12,19.14,75.66,71.68,2.23,4151.28
2023-05-26,120.6304,116.3512,126.4874,3.8,3.92,1.79,2.13,17.95,76.33,72.35,1.88,4205.45
2023-05-29,,,,,,,,17.46,,,,
2023-05-30,120.5546,116.1144,126.5883,3.69,3.81,1.69,2.12,17.46,73.38,69.45,2.11,4205.52
2023-05-31,120.9662,116.4974,127.0355,3.64,3.74,1.67,2.07,17.94,71.98,68.11,2.1,4179.83
2023-06-01,120.0491,115.3802,126.3308,3.61,3.7,1.63,2.07,15.65,74.18,70.09,1.77,4221.02
2023-06-02,120.0049,115.6284,125.9631,3.69,3.84,1.71,2.13,14.6,76.0,71.76,1.74,4282.37
2023-06-05,120.0048,115.6047,125.989,3.69,3.82,1.67,2.15,14.73,76.61,72.14,1.92,4273.79
2023-06-06,119.9718,115.7045,125.8096,3.7,3.85,1.71,2.14,13.96,76.22,71.71,1.95,4283.85
2023-06-07,119.859,115.5877,125.7,3.79,3.93,1.78,2.15,13.94,76.85,72.52,2.13,4267.52
2023-06-08,119.5712,114.9883,125.7535,3.73,3.87,1.73,2.14,13.65,75.88,71.28,2.1,4293.93
2023-06-09,119.4322,115.0552,125.3857,3.75,3.92,1.79,2.13,13.83,74.74,70.16,1.85,4298.86
2023-06-12,119.6376,115.3136,125.5345,3.73,3.89,1.8,2.09,15.01,71.8,67.08,1.9,4338.93
2023-06-13,119.1899,114.7723,125.1859,3.84,4.01,1.89,2.12,14.61,74.24,69.39,2.0,4369.01
2023-06-14,118.776,114.2082,124.9342,3.83,4.06,1.91,2.15,13.88,73.39,68.22,2.05,4372.59
2023-06-15,118.5521,113.7547,124.9628,3.72,3.91,1.75,2.16,14.5,75.75,70.61,2.18,4425.84
2023-06-16,118.4184,113.7736,124.6585,3.77,3.99,1.82,2.17,13.54,76.76,71.81,2.13,4409.59
2023-06-19,,,,,,,,14.19,76.09,,,
2023-06-20,118.938,114.1578,125.3331,3.74,3.96,1.82,2.14,13.88,75.79,70.94,2.38,4388.71
2023-06-21,118.727,113.7714,125.3154,3.72,3.95,1.8,2.15,13.2,76.92,72.55,2.24,4365.69
2023-06-22,118.7552,113.8092,125.333,3.8,4.03,1.85,2.18,12.91,73.93,69.22,2.27,4381.89
2023-06-23,119.152,114.3417,125.5825,3.74,3.99,1.83,2.16,13.44,73.56,68.91,2.22,4348.33
2023-06-26,119.0761,114.053,125.7428,3.72,3.96,1.83,2.13,14.25,73.86,69.09,2.62,4328.82
2023-06-27,118.8949,113.9083,125.5193,3.77,4.02,1.9,2.12,13.74,71.88,67.68,2.68,4378.41
2023-06-28,119.3382,114.5285,125.7697,3.71,3.97,1.85,2.12,13.43,73.64,69.54,2.71,4376.86
2023-06-29,119.527,114.6892,125.9914,3.85,4.14,1.99,2.15,13.54,73.86,69.85,2.4,4396.44
2023-06-30,119.3606,114.3258,126.0427,3.81,4.13,1.95,2.18,13.59,74.51,70.66,2.48,4450.38
2023-07-03,119.2119,114.3765,125.6707,3.86,4.19,1.98,2.21,13.57,74.52,69.71,2.48,4455.59
2023-07-04,,,,,,,,13.7,76.23,,,
2023-07-05,119.3483,114.6923,125.6093,3.95,4.25,2.05,2.2,14.18,76.74,71.78,2.65,4446.82
2023-07-06,119.8193,114.8337,126.4508,4.05,4.37,2.15,2.22,15.44,76.72,71.76,2.5,4411.59
2023-07-07,119.0761,113.8977,125.9162,4.06,4.35,2.13,2.22,14.83,78.77,73.91,2.49,4398.95
2023-07-10,118.9548,113.71,125.8682,4.01,4.25,2.06,2.19,15.07,77.83,73.05,2.55,4409.53
2023-07-11,118.7344,113.4229,125.7208,3.99,4.24,2.08,2.16,14.84,79.54,74.87,2.57,4439.26
2023-07-12,117.6385,112.2306,124.7236,3.86,4.07,1.89,2.18,13.54,80.35,75.77,2.55,4472.16
2023-07-13,117.1831,111.5813,124.4826,3.76,3.93,1.77,2.16,13.61,81.31,76.86,2.5,4510.04
2023-07-14,117.0463,111.6511,124.112,3.83,4.04,1.89,2.15,13.34,79.9,75.44,2.5,4505.42
2023-07-17,117.1267,111.6328,124.3042,3.81,4.02,1.86,2.16,13.48,77.8,74.17,2.46,4522.79
2023-07-18,117.0264,111.6971,124.0179,3.8,4.0,1.87,2.13,13.3,79.54,75.76,2.52,4554.98
2023-07-19,117.3462,112.0296,124.3262,3.75,3.98,1.85,2.13,13.76,79.38,75.4,2.51,4565.72
2023-07-20,117.5947,112.4926,124.3364,3.85,4.08,1.87,2.21,13.99,79.62,75.65,2.61,4534.87
2023-07-21,117.9418,112.7643,124.7709,3.84,4.09,1.86,2.23,13.6,81.06,77.06,2.61,4536.34
2023-07-24,117.8124,112.7516,124.5099,3.86,4.13,1.85,2.28,13.91,82.53,78.81,2.68,4554.64
2023-07-25,117.8565,112.8454,124.4988,3.91,4.15,1.89,2.26,13.86,83.46,79.76,2.66,4567.46
2023-07-26,117.76,112.7355,124.4165,3.86,4.09,1.85,2.24,13.19,82.98,79.11,2.6,4566.75
2023-07-27,117.8938,113.1865,124.1983,4.01,4.24,1.97,2.27,14.41,84.28,80.17,2.47,4537.41
2023-07-28,117.788,113.0989,124.0713,3.96,4.18,1.9,2.28,13.33,84.49,80.55,2.53,4582.23
2023-07-31,117.8241,113.1323,124.1107,3.97,4.18,1.91,2.27,13.63,85.22,81.8,2.58,4588.96
2023-08-01,118.5738,113.9729,124.7666,4.05,4.24,1.98,2.26,13.93,85.34,81.37,2.49,4576.73
2023-08-02,119.1268,114.3057,125.5691,4.08,4.24,1.99,2.25,16.09,84.01,79.5,2.43,4513.39
2023-08-03,119.3963,114.1835,126.2777,4.2,4.3,2.06,2.24,15.92,86.19,81.56,2.44,4501.89
2023-08-04,118.821,113.6072,125.6986,4.05,4.15,1.89,2.26,17.1,87.38,82.76,2.53,4478.03
2023-08-07,119.0809,113.9538,125.8638,4.09,4.16,1.87,2.29,15.77,86.47,81.94,2.65,4518.44
2023-08-08,119.6407,114.5103,126.4322,4.02,4.1,1.86,2.24,15.99,88.0,82.94,2.77,4499.38
2023-08-09,119.476,114.4248,126.1777,4.0,4.12,1.89,2.23,15.96,89.31,84.35,2.92,4467.71
2023-08-10,119.1581,114.1592,125.7986,4.09,4.21,1.96,2.25,15.85,87.44,82.81,2.83,4468.83
2023-08-11,119.6268,114.6566,126.2394,4.16,4.31,2.01,2.3,14.84,87.93,83.17,2.61,4464.05
2023-08-14,120.0725,114.8777,126.9399,4.19,4.36,2.07,2.29,14.82,87.4,82.5,2.74,4489.72
2023-08-15,120.2127,114.8644,127.253,4.21,4.36,2.12,2.24,16.46,86.28,81.06,2.65,4437.86
2023-08-16,120.3551,115.1444,127.2426,4.28,4.42,2.19,2.23,16.78,84.49,79.4,2.55,4404.33
2023-08-17,120.5242,115.3373,127.3868,4.3,4.42,2.18,2.24,17.89,85.24,80.43,2.56,4370.36
2023-08-18,120.4321,115.3718,127.1525,4.26,4.38,2.16,2.22,17.3,85.92,81.25,2.44,4369.71
2023-08-21,120.4627,115.4198,127.1639,4.34,4.46,2.21,2.25,17.13,85.44,80.71,2.6,4399.77
2023-08-22,120.3554,115.5147,126.8306,4.34,4.49,2.22,2.27,16.97,84.7,80.25,2.58,4387.55
2023-08-23,120.0307,115.3135,126.3659,4.19,4.36,2.1,2.26,15.98,83.94,78.91,2.6,4436.01
2023-08-24,120.2354,115.7542,126.3114,4.23,4.39,2.15,2.24,17.2,84.07,79.52,2.42,4376.31
2023-08-25,120.5137,116.2417,126.3619,4.25,4.44,2.19,2.25,15.68,85.42,80.47,2.46,4405.71
2023-08-28,120.3155,116.0054,126.2036,4.2,4.38,2.17,2.21,15.08,,80.65,2.6,4433.31
2023-08-29,120.2669,115.6983,126.4399,4.12,4.26,2.08,2.18,14.45,86.37,81.14,2.5,4497.63
2023-08-30,119.7937,115.0295,126.1788,4.12,4.27,2.11,2.16,13.88,86.62,81.64,2.48,4514.87
2023-08-31,120.225,115.5866,126.4746,4.09,4.23,2.08,2.15,13.57,87.29,83.55,2.56,4507.66
2023-09-01,120.759,116.071,127.0687,4.18,4.29,2.12,2.17,13.09,89.98,85.52,2.7,4515.77
2023-09-04,,,,,,,,13.82,90.42,,,
2023-09-05,121.4345,116.5959,127.9173,4.27,4.37,2.16,2.21,14.01,91.25,86.74,2.6,4496.83
2023-09-06,121.8671,116.8823,128.5162,4.3,4.44,2.21,2.23,14.45,91.79,87.55,2.49,4465.48
2023-09-07,121.9528,116.9549,128.6174,4.27,4.38,2.14,2.24,14.4,91.16,86.87,2.45,4451.14
2023-09-08,121.9475,116.8491,128.7238,4.26,4.39,2.13,2.26,13.84,91.85,87.51,2.53,4457.49
2023-09-11,121.3386,116.3975,127.9344,4.29,4.4,2.14,2.26,13.8,91.97,87.3,2.5,4487.46
2023-09-12,121.2913,116.5323,127.6846,4.27,4.41,2.14,2.27,14.23,93.58,88.87,2.72,4461.9
2023-09-13,121.0549,116.4617,127.2622,4.25,4.39,2.11,2.28,13.48,93.04,88.59,2.76,4467.44
2023-09-14,121.2395,116.8332,127.2424,4.29,4.42,2.15,2.27,12.82,95.2,90.13,2.81,4505.1
2023-09-15,121.199,116.8328,127.1573,4.33,4.45,2.18,2.27,13.79,95.55,90.83,2.74,4450.32
2023-09-18,121.1938,116.6555,127.3419,4.32,4.46,2.17,2.29,14.0,95.95,91.47,2.54,4453.53
2023-09-19,121.1645,116.611,127.3292,4.37,4.51,2.21,2.3,14.11,96.11,91.16,2.46,4443.95
2023-09-20,120.9648,116.3993,127.1408,4.35,4.52,2.25,2.27,15.14,94.56,89.2,2.78,4402.2
2023-09-21,121.5528,116.9502,127.7752,4.49,4.61,2.32,2.29,17.54,93.7,89.56,2.7,4330.0
2023-09-22,121.5306,117.037,127.6325,4.44,4.57,2.28,2.29,17.2,93.99,90.0,2.63,4320.06
2023-09-25,122.1143,117.5011,128.3537,4.55,4.62,2.37,2.25,16.9,94.01,89.68,2.63,4337.44
2023-09-26,122.4742,117.7563,128.8328,4.56,4.62,2.42,2.2,18.94,94.46,91.43,2.55,4273.53
2023-09-27,122.9895,118.2038,129.4279,4.61,4.67,2.44,2.23,18.22,97.1,93.67,2.72,4274.51
2023-09-28,122.5342,117.5948,129.139,4.59,4.62,2.35,2.27,17.34,96.64,91.65,2.74,4299.7
2023-09-29,122.3077,117.7197,128.521,4.59,4.6,2.38,2.22,17.52,95.86,90.77,2.68,4288.05
2023-10-02,123.0545,118.6248,129.1003,4.69,4.72,2.49,2.23,17.61,91.21,88.81,2.7,4288.39
2023-10-03,123.7848,119.0811,130.1398,4.81,4.8,2.59,2.21,19.78,94.46,89.26,2.71,4229.45
2023-10-04,123.5946,118.6173,130.251,4.73,4.72,2.54,2.18,18.58,89.83,84.32,2.92,4263.75
2023-10-05,123.8993,118.4997,131.0294,4.72,4.68,2.54,2.14,18.49,88.28,82.3,2.92,4258.19
2023-10-06,123.3563,117.8757,130.5723,4.78,4.75,2.58,2.17,17.45,87.86,82.83,3.3,4308.5
2023-10-09,,,,,,,,17.7,91.37,,,4335.66
2023-10-10,122.9282,117.4562,130.1308,4.66,4.62,2.44,2.18,17.03,90.7,85.89,3.34,4358.24
2023-10-11,122.7697,117.5738,129.6622,4.58,4.59,2.39,2.2,16.09,87.58,83.7,3.19,4376.95
2023-10-12,123.2101,118.1909,129.9097,4.7,4.69,2.46,2.23,16.69,88.4,82.87,3.16,4349.61
2023-10-13,123.5954,118.4837,130.4014,4.63,4.65,2.39,2.26,19.32,94.33,87.67,3.11,4327.78
2023-10-16,123.3185,118.0814,130.2619,4.71,4.72,2.42,2.3,17.21,90.99,86.65,2.98,4373.63
2023-10-17,123.1202,117.8461,130.1029,4.83,4.86,2.54,2.32,17.88,92.52,86.66,2.94,4373.2
2023-10-18,123.8148,118.4101,130.9498,4.91,4.92,2.57,2.35,19.22,91.99,88.35,2.92,4314.6
2023-10-19,123.798,118.2644,131.0772,4.98,4.95,2.43,2.52,21.4,93.12,89.35,2.84,4278.0
2023-10-20,123.612,118.0652,130.9044,4.93,4.86,2.39,2.47,21.71,93.72,89.12,2.6,4224.16
2023-10-23,123.2846,117.6817,130.6371,4.86,4.81,2.4,2.41,20.37,91.88,85.49,2.65,4217.04
2023-10-24,123.6416,118.1712,130.8488,4.83,4.82,2.44,2.38,18.97,88.0,84.58,2.85,4247.68
2023-10-25,123.7871,118.3517,130.9561,4.95,4.89,2.49,2.4,20.19,90.14,86.07,2.86,4186.77
2023-10-26,124.0064,118.8531,130.8624,4.86,4.79,2.42,2.37,20.68,88.45,83.8,2.87,4137.23
2023-10-27,123.62,118.5355,130.3959,4.84,4.76,2.37,2.39,21.27,90.73,86.04,3.24,4117.37
2023-10-30,123.4076,118.2491,130.2641,4.88,4.8,2.4,2.4,19.75,90.73,83.03,3.17,4166.82
2023-10-31,123.8364,118.9232,130.424,4.88,4.82,2.42,2.4,18.14,86.82,81.64,3.34,4193.8
2023-11-01,123.7922,119.0259,130.2165,4.77,4.67,2.31,2.36,16.87,86.92,81.05,3.19,4237.86
2023-11-02,122.8818,118.2725,129.124,4.67,4.65,2.3,2.35,15.66,89.02,83.04,3.12,4317.78
2023-11-03,121.7564,117.0441,128.1021,4.57,4.49,2.17,2.32,14.91,87.55,81.19,3.0,4358.34
2023-11-06,121.6484,116.964,127.9623,4.67,4.6,2.25,2.35,14.89,87.31,81.54,2.71,4365.98
2023-11-07,122.0777,117.7165,128.0389,4.58,4.53,2.21,2.32,14.81,83.43,77.96,2.0,4378.38
2023-11-08,122.0926,117.6496,128.1438,4.49,4.51,2.22,2.29,14.45,81.46,75.85,2.18,4382.78
2023-11-09,122.1281,117.6505,128.218,4.62,4.65,2.35,2.3,15.29,81.74,76.34,2.71,4347.35
2023-11-10,,,,4.61,4.65,2.37,2.28,14.17,83.66,,2.71,4415.24
2023-11-13,122.4264,117.8143,128.6676,4.63,4.66,2.37,2.29,14.76,84.09,78.86,2.61,4411.55
2023-11-14,121.35,116.4735,127.874,4.44,4.42,2.19,2.23,14.16,84.2,78.9,2.69,4495.7
2023-11-15,121.0749,116.4281,127.3417,4.53,4.52,2.28,2.24,14.18,82.4,77.15,2.88,4502.88
2023-11-16,121.1754,116.7065,127.2468,4.45,4.43,2.23,2.2,14.32,77.73,73.5,2.91,4508.24
2023-11-17,120.8477,116.3997,126.8927,4.44,4.45,2.22,2.23,13.8,81.22,76.47,2.62,4514.02
2023-11-20,120.2533,115.7897,126.3101,4.42,4.44,2.18,2.26,13.41,83.25,78.1,2.49,4547.38
2023-11-21,120.2241,115.7399,126.3032,4.41,4.41,2.22,2.19,13.35,82.42,78.35,2.63,4538.19
2023-11-22,120.6802,116.3299,126.616,4.42,4.44,2.23,2.21,12.85,81.76,76.8,2.72,4556.62
2023-11-23,,,,,,,,12.8,80.85,,,
2023-11-24,120.2105,115.564,126.469,4.47,4.49,2.28,2.21,12.46,79.82,74.83,2.72,4559.34
2023-11-27,120.173,115.5293,126.4281,4.39,4.38,2.26,2.12,12.69,79.49,74.46,2.74,4550.43
2023-11-28,119.5904,114.7536,126.0544,4.34,4.29,2.14,2.15,12.69,81.66,76.09,2.78,4554.89
2023-11-29,119.8159,115.0409,126.2133,4.27,4.22,2.08,2.14,12.98,82.98,77.56,2.7,4550.58
2023-11-30,120.2434,115.3681,126.7561,4.37,4.31,2.16,2.15,12.92,81.72,75.66,2.75,4567.8
2023-12-01,119.9424,115.1297,126.3828,4.22,4.14,2.02,2.12,12.63,78.72,73.7,2.63,4594.63
2023-12-04,120.4727,115.576,127.0111,4.28,4.23,2.1,2.13,13.08,78.16,72.73,2.55,4569.78
2023-12-05,120.7913,115.9501,127.271,4.18,4.14,2.05,2.09,12.85,77.27,71.95,2.72,4567.18
2023-12-06,120.5334,115.9056,126.7743,4.12,4.12,2.07,2.05,12.97,74.33,68.98,2.76,4549.34
2023-12-07,120.6013,115.6602,127.1904,4.14,4.11,2.05,2.06,13.06,74.21,69.0,2.52,4585.59
2023-12-08,120.7607,116.0542,127.0908,4.23,4.24,2.13,2.11,12.35,75.94,70.87,2.57,4604.37
2023-12-11,120.9279,116.0984,127.3959,4.23,4.25,2.14,2.11,12.63,75.75,70.95,2.39,4622.44
2023-12-12,120.6817,115.8905,127.1049,4.2,4.23,2.15,2.08,12.07,74.11,68.27,2.37,4643.7
2023-12-13,121.1571,115.7695,128.2497,4.04,4.0,1.92,2.08,12.19,74.14,69.09,2.33,4707.09
2023-12-14,119.5683,113.7589,127.1223,3.92,3.9,1.72,2.18,12.48,77.05,71.21,2.39,4719.55
2023-12-15,119.7382,114.206,126.9809,3.91,3.91,1.74,2.17,12.28,76.84,71.05,2.44,4719.19
2023-12-18,119.9102,114.3608,127.1737,3.95,3.94,1.76,2.18,12.56,78.89,72.16,2.59,4740.56
2023-12-19,119.4632,113.8341,126.8127,3.93,3.94,1.77,2.17,12.53,79.82,73.23,2.44,4768.37
2023-12-20,119.5435,113.9787,126.8212,3.86,3.86,1.7,2.16,13.67,81.1,73.87,2.48,4698.35
2023-12-21,119.3168,113.5798,126.7869,3.89,3.87,1.69,2.18,13.65,80.73,73.59,2.48,4746.75
2023-12-22,119.0625,113.3804,126.4685,3.9,3.87,1.71,2.16,13.03,80.23,73.29,2.54,4754.63
2023-12-25,,,,,,,,,,,,
2023-12-26,118.8875,113.1317,126.3753,3.89,3.89,1.72,2.17,12.99,,75.84,2.5,4774.75
2023-12-27,118.4729,112.5314,126.1675,3.79,3.78,1.66,2.12,12.43,80.97,74.31,2.63,4781.58
2023-12-28,118.4104,112.6671,125.8801,3.84,3.83,1.72,2.11,12.47,79.04,72.02,2.55,4783.35
2023-12-29,118.4208,112.726,125.8358,3.88,3.84,1.72,2.12,12.45,77.69,71.89,2.58,4769.83
2024-01-01,,,,,,,,,,,,
2024-01-02,119.2686,113.7247,126.5297,3.95,3.93,1.76,2.17,13.2,76.24,70.62,2.56,4742.83
2024-01-03,119.6958,114.248,126.8581,3.91,3.9,1.73,2.17,14.04,77.18,72.97,2.57,4704.81
2024-01-04,119.6208,114.0412,126.9241,3.99,3.97,1.79,2.18,14.13,75.79,72.38,2.83,4688.68
2024-01-05,119.388,113.9205,126.5681,4.05,4.02,1.83,2.19,13.35,78.31,74.0,2.75,4697.24
2024-01-08,119.2506,113.8086,126.4018,4.01,3.97,1.78,2.19,13.08,75.47,71.06,2.72,4763.54
2024-01-09,119.6666,114.1805,126.8698,4.02,3.97,1.8,2.17,12.76,77.97,72.43,3.25,4756.5
2024-01-10,119.7614,114.1564,127.0937,4.04,3.99,1.81,2.18,12.69,78.46,71.57,3.25,4783.45
2024-01-11,119.8916,114.474,127.0234,3.98,3.9,1.72,2.18,12.44,80.21,72.15,3.15,4780.24
2024-01-12,119.534,114.1353,126.6416,3.96,3.84,1.62,2.22,12.7,79.89,72.94,13.2,4783.83
2024-01-15,,,,,,,,13.25,79.76,,,
2024-01-16,120.5759,115.0383,127.8443,4.07,3.95,1.71,2.24,13.84,80.15,72.63,3.25,4765.98
2024-01-17,121.0402,115.4528,128.3671,4.1,4.02,1.78,2.24,14.79,78.88,72.79,2.86,4739.21
2024-01-18,120.8895,115.3496,128.1638,4.14,4.04,1.76,2.28,14.13,81.04,74.32,2.88,4780.94
2024-01-19,120.6442,115.1716,127.8433,4.15,4.08,1.78,2.3,13.3,80.71,73.69,2.7,4839.81
2024-01-22,120.6178,115.0227,127.9487,4.11,4.03,1.76,2.27,13.19,81.7,75.26,2.35,4850.43
2024-01-23,121.1001,115.5508,128.3867,4.14,4.06,1.8,2.26,12.55,82.04,74.72,2.15,4864.6
2024-01-24,120.4916,114.9182,127.7977,4.18,4.06,1.83,2.23,13.14,82.15,75.48,2.45,4868.55
2024-01-25,120.8311,115.3622,128.0284,4.14,4.01,1.77,2.24,13.45,82.33,77.91,2.56,4894.16
2024-01-26,120.6173,115.1201,127.8427,4.15,4.04,1.78,2.26,13.26,83.34,78.45,2.36,4890.97
2024-01-29,120.8538,115.3719,128.0653,4.08,3.97,1.71,2.26,13.6,83.99,77.25,2.41,4927.93
2024-01-30,120.6025,115.1174,127.8147,4.06,4.0,1.75,2.25,13.31,84.14,78.3,2.26,4924.97
2024-01-31,120.4331,114.8034,127.7992,3.99,3.91,1.67,2.24,14.35,82.98,76.28,2.19,4845.65
2024-02-01,120.3335,114.7654,127.6321,3.87,3.8,1.63,2.17,13.88,82.2,74.36,2.15,4906.19
2024-02-02,120.902,115.7063,127.8068,4.03,3.99,1.8,2.19,13.85,79.54,72.72,2.01,4958.61
2024-02-05,121.349,116.2838,128.1193,4.17,4.13,1.87,2.26,13.67,79.3,73.21,2.12,4942.81
2024-02-06,120.9588,115.9806,127.632,4.09,4.03,1.79,2.24,13.06,80.46,73.83,2.1,4954.23
2024-02-07,120.9049,115.8064,127.7058,4.09,4.06,1.8,2.26,12.83,81.18,74.26,1.94,4995.06
2024-02-08,121.0798,115.8982,127.9716,4.15,4.12,1.84,2.28,12.79,83.01,76.67,1.74,4997.91
2024-02-09,121.039,115.8946,127.8905,4.17,4.14,1.86,2.28,12.93,83.58,77.26,1.74,5026.61
2024-02-12,120.9378,115.8242,127.7553,4.17,4.13,1.86,2.27,13.93,83.88,77.34,1.76,5021.84
2024-02-13,121.5202,116.6347,128.101,4.31,4.31,1.98,2.33,15.85,84.72,78.28,1.61,4953.17
2024-02-14,121.4002,116.5313,127.962,4.27,4.25,1.91,2.34,14.38,84.41,77.09,1.51,5000.62
2024-02-15,121.2121,116.1875,127.9376,4.24,4.22,1.87,2.35,14.01,84.33,78.47,1.53,5029.73
2024-02-16,121.1505,116.1208,127.8808,4.3,4.29,1.91,2.38,14.24,84.88,79.65,1.55,5005.57
2024-02-19,,,,,,,,14.71,85.52,,,
2024-02-20,121.0199,115.8645,127.8829,4.27,4.25,1.88,2.37,15.42,84.78,78.72,1.5,4975.51
2024-02-21,121.0379,115.8756,127.9086,4.32,4.3,1.91,2.39,15.34,84.77,78.89,1.58,4981.8
2024-02-22,121.102,115.8821,128.0351,4.33,4.33,1.96,2.37,14.54,85.84,79.64,1.62,5087.03
2024-02-23,121.0369,115.7642,128.0258,4.26,4.28,1.94,2.34,13.75,84.18,77.6,1.52,5088.8
2024-02-26,121.0592,115.705,128.1358,4.28,4.29,1.93,2.36,13.74,84.01,78.53,1.65,5069.53
2024-02-27,120.9647,115.668,127.9786,4.31,4.32,1.94,2.38,13.43,83.8,79.8,1.52,5078.18
2024-02-28,121.128,115.9053,128.0643,4.27,4.26,1.88,2.38,13.84,84.08,79.44,1.61,5069.76
2024-02-29,121.1824,116.0773,127.9935,4.25,4.26,1.86,2.4,13.4,84.57,79.22,1.67,5096.27
2024-03-01,121.0111,115.9238,127.8012,4.19,4.17,1.77,2.4,13.11,84.82,80.9,1.47,5137.08
2024-03-04,120.872,115.7868,127.6585,4.22,4.21,1.79,2.42,13.49,86.58,79.67,1.48,5130.95
2024-03-05,120.8846,115.7989,127.6717,4.13,4.13,1.74,2.39,14.46,85.82,79.11,1.51,5078.65
2024-03-06,120.4649,115.2164,127.4215,4.11,4.12,1.74,2.38,14.5,86.59,80.08,1.67,5104.76
2024-03-07,120.1909,114.8179,127.2781,4.09,4.07,1.73,2.34,14.44,84.88,79.81,1.56,5157.36
2024-03-08,119.975,114.6756,126.9808,4.09,4.06,1.72,2.34,14.74,84.29,78.96,1.54,5123.69
2024-03-11,120.0394,114.8158,126.9647,4.1,4.08,1.76,2.32,15.22,83.44,78.87,1.54,5117.94
2024-03-12,120.1668,114.9736,127.0608,4.16,4.15,1.8,2.35,13.84,83.66,78.51,1.57,5175.27
2024-03-13,119.9642,114.779,126.8474,4.19,4.19,1.82,2.37,13.75,83.95,80.67,1.25,5165.31
2024-03-14,120.241,115.2937,126.8731,4.29,4.29,1.92,2.37,14.4,86.16,82.16,1.26,5150.48
2024-03-15,120.4003,115.4248,127.0644,4.31,4.33,1.94,2.39,14.41,85.39,81.94,1.38,5117.09
2024-03-18,120.5752,115.4928,127.3554,4.34,4.36,1.97,2.39,14.33,86.47,83.68,1.54,5149.42
2024-03-19,120.9332,115.8867,127.679,4.3,4.31,1.93,2.38,13.82,87.36,84.39,1.55,5178.51
2024-03-20,120.9289,115.9661,127.5855,4.27,4.25,1.85,2.4,13.04,85.77,82.79,1.58,5224.62
2024-03-21,120.8086,115.9649,127.3368,4.27,4.26,1.83,2.43,12.92,84.92,81.99,1.55,5241.53
2024-03-22,121.1842,116.3714,127.6839,4.22,4.2,1.79,2.41,13.06,84.87,81.1,1.5,5234.18
2024-03-25,121.0295,116.2006,127.5444,4.25,4.23,1.82,2.41,13.19,86.18,82.41,1.46,5218.19
2024-03-26,121.0742,116.2795,127.5533,4.24,4.22,1.84,2.38,13.24,85.91,82.41,1.48,5203.58
2024-03-27,121.0089,116.3703,127.3215,4.2,4.18,1.81,2.37,12.78,84.94,82.15,1.43,5248.49
2024-03-28,121.0635,116.3062,127.5029,4.2,4.21,1.83,2.38,13.01,86.17,83.96,1.54,5254.35
2024-03-29,121.0191,116.3678,127.3454,,,,,,,,,
2024-04-01,121.5151,116.9258,127.7815,4.33,4.34,1.93,2.41,13.65,,84.54,1.64,5243.77
2024-04-02,121.3035,116.6766,127.6073,4.36,4.35,1.91,2.44,14.61,87.63,85.95,1.65,5205.81
2024-04-03,121.0198,116.1931,127.5323,4.36,4.34,1.91,2.43,14.33,90.6,86.22,1.86,5211.49
2024-04-04,120.7613,115.8933,127.3148,4.31,4.3,1.88,2.42,16.35,90.32,87.37,1.78,5147.21
2024-04-05,120.9646,116.215,127.3945,4.39,4.38,1.93,2.45,16.03,92.81,87.69,1.58,5204.34
2024-04-08,120.7359,116.1784,126.9596,4.42,4.43,1.96,2.47,15.19,91.73,87.24,1.73,5202.39
2024-04-09,120.7048,116.1158,126.9615,4.36,4.37,1.93,2.44,14.98,92.13,86.04,1.83,5209.91
2024-04-10,121.5727,117.2762,127.5305,4.55,4.61,2.12,2.49,15.8,91.57,86.98,1.9,5160.64
2024-04-11,121.6081,117.3968,127.4764,4.56,4.61,2.13,2.48,14.91,91.49,85.79,1.62,5199.06
2024-04-12,122.2885,117.9866,128.2602,4.5,4.54,2.07,2.47,17.31,93.12,86.46,1.36,5123.41
2024-04-15,122.425,118.0899,128.4333,4.63,4.65,2.13,2.52,19.23,90.84,86.21,1.41,5061.82
2024-04-16,123.1234,118.4156,129.5338,4.67,4.69,2.17,2.52,18.4,91.29,86.15,1.38,5051.41
2024-04-17,123.0207,118.2902,129.454,4.59,4.62,2.15,2.47,18.21,89.54,83.58,1.5,5022.21
2024-04-18,123.0017,118.0605,129.6587,4.64,4.68,2.24,2.44,18.0,88.34,83.5,1.59,5011.12
2024-04-19,123.1075,118.1073,129.8284,4.62,4.66,2.22,2.44,18.71,87.96,83.79,1.43,4967.23
2024-04-22,123.0609,118.1482,129.6883,4.62,4.66,2.21,2.45,16.94,87.3,83.82,1.64,5010.6
2024-04-23,122.7227,117.7319,129.4293,4.61,4.63,2.19,2.44,15.69,88.29,84.17,1.59,5070.55
2024-04-24,122.89,117.9169,129.5795,4.65,4.64,2.22,2.42,15.97,89.02,84.09,1.6,5071.63
2024-04-25,122.8384,117.6496,129.7575,4.7,4.7,2.27,2.43,15.37,88.1,84.92,1.46,5048.42
2024-04-26,122.9471,117.9716,129.6399,4.67,4.68,2.24,2.44,15.03,89.95,85.38,1.4,5099.96
2024-04-29,122.5449,117.5622,129.2408,4.63,4.65,2.22,2.43,14.67,88.44,84.26,1.55,5116.17
2024-04-30,122.9853,118.1415,129.5385,4.69,4.72,2.29,2.43,15.65,88.23,83.49,1.68,5035.69
2024-05-01,123.0168,118.2332,129.5064,4.63,4.64,2.25,2.39,15.39,83.55,80.7,1.63,5018.39
2024-05-02,122.4384,117.543,129.0402,4.58,4.57,2.2,2.37,14.68,84.81,80.59,1.66,5064.2
2024-05-03,122.1375,116.9941,129.0002,4.5,4.48,2.13,2.35,13.49,83.6,79.65,1.67,5127.79
2024-05-06,121.8913,116.9458,128.5403,4.49,4.48,2.14,2.34,13.49,,80.1,1.88,5180.74
2024-05-07,122.093,117.2547,128.6301,4.47,4.48,2.16,2.32,13.23,82.69,79.97,1.95,5187.7
2024-05-08,122.1926,117.4481,128.6312,4.48,4.5,2.19,2.31,13.0,82.44,80.57,2.01,5187.67
2024-05-09,122.1634,117.3112,128.716,4.45,4.47,2.13,2.34,12.69,83.27,80.86,2.03,5214.08
2024-05-10,122.014,117.2191,128.5042,4.5,4.52,2.18,2.34,12.55,83.39,79.81,2.14,5222.68
2024-05-13,122.0261,117.1372,128.6164,4.48,4.5,2.17,2.33,13.6,83.18,80.71,2.11,5221.42
2024-05-14,121.9256,116.9679,128.5879,4.45,4.46,2.14,2.32,13.42,81.0,79.62,2.14,5246.68
2024-05-15,121.3543,116.4407,127.9631,4.36,4.35,2.06,2.29,12.45,79.98,80.23,2.12,5308.15
2024-05-16,121.2236,116.3509,127.7874,4.38,4.4,2.1,2.3,12.42,81.65,80.85,2.32,5297.1
2024-05-17,121.2354,116.4315,127.7261,4.42,4.44,2.12,2.32,11.99,82.24,81.66,2.44,5303.27
2024-05-20,121.2289,116.5124,127.6268,4.44,4.46,2.13,2.33,12.15,81.91,81.39,2.52,5308.13
2024-05-21,121.3793,116.624,127.82,4.41,4.43,2.1,2.33,11.86,81.22,80.66,2.52,5321.41
2024-05-22,121.5462,116.81,127.9687,4.43,4.47,2.14,2.33,12.29,79.9,79.15,2.51,5307.01
2024-05-23,121.7477,116.9877,128.1977,4.47,4.52,2.21,2.31,12.77,79.25,77.47,2.64,5267.84
2024-05-24,121.6172,116.7535,128.176,4.46,4.53,2.2,2.33,11.93,78.92,78.48,2.22,5304.72
2024-05-27,,,,,,,,12.36,,,,
2024-05-28,121.43,116.449,128.1114,4.54,4.56,2.23,2.33,12.92,81.34,80.9,2.29,5306.04
2024-05-29,122.1641,117.1122,128.9295,4.61,4.63,2.27,2.36,14.28,81.5,80.24,2.2,5266.95
2024-05-30,121.9601,116.7158,128.9287,4.55,4.57,2.22,2.35,14.47,81.42,78.96,1.87,5235.48
2024-05-31,122.098,116.6627,129.273,4.51,4.52,2.18,2.34,12.92,79.41,77.97,1.78,5277.51
2024-06-03,122.3509,116.1688,130.3354,4.41,4.42,2.11,2.31,13.11,76.45,75.26,2.55,5283.4
2024-06-04,122.7256,116.2569,131.0261,4.33,4.35,2.07,2.28,13.16,75.33,74.27,2.58,5291.34
2024-06-05,122.5339,116.5053,130.3537,4.29,4.31,2.04,2.27,12.63,75.41,75.08,2.27,5354.03
2024-06-06,122.3713,116.3147,130.2196,4.28,4.29,2.04,2.25,12.58,77.62,76.52,2.3,5352.96
2024-06-07,123.549,116.996,131.9499,4.43,4.46,2.18,2.28,12.22,78.12,76.53,2.46,5346.99
2024-06-10,123.9125,117.284,132.3995,4.47,4.48,2.21,2.27,12.74,79.59,78.75,2.61,5360.79
2024-06-11,124.0349,117.4501,132.4755,4.39,4.41,2.16,2.25,12.85,80.15,78.88,2.71,5375.32
2024-06-12,123.8295,116.4138,133.1826,4.31,4.32,2.15,2.17,12.04,80.52,79.56,2.8,5421.03
2024-06-13,124.0235,117.1531,132.7769,4.24,4.24,2.1,2.14,11.94,81.44,79.61,2.79,5433.74
2024-06-14,124.1694,117.5105,132.6924,4.2,4.22,2.11,2.11,12.66,81.49,79.41,2.74,5431.6
2024-06-17,124.239,117.4855,132.8663,4.28,4.3,2.14,2.16,12.75,82.45,81.33,2.5,5473.23
2024-06-18,123.9776,117.2423,132.5824,4.22,4.24,2.07,2.17,12.3,84.79,82.67,2.43,5487.03
2024-06-19,,,,,,,,12.48,85.64,,,
2024-06-20,124.192,117.5029,132.7482,4.25,4.26,2.05,2.21,13.28,85.92,83.34,2.39,5473.17
2024-06-21,124.1086,117.6717,132.3885,4.25,4.26,2.07,2.19,13.2,86.42,81.71,2.44,5464.62
2024-06-24,123.7125,117.3958,131.8574,4.25,4.27,2.09,2.18,13.33,86.75,82.63,2.58,5447.87
2024-06-25,123.9417,117.5194,132.204,4.23,4.25,2.08,2.17,12.84,86.81,81.97,2.61,5469.3
2024-06-26,124.26,117.8716,132.4886,4.32,4.32,2.12,2.2,12.55,85.76,82.19,2.45,5477.9
2024-06-27,124.3379,117.727,132.8099,4.29,4.29,2.07,2.22,12.24,87.0,83.04,2.55,5482.87
2024-06-28,124.2103,117.7119,132.5582,4.36,4.33,2.09,2.24,12.44,87.26,82.83,2.42,5460.48
2024-07-01,124.4667,117.8555,132.9404,4.48,4.44,2.15,2.29,12.22,86.57,84.7,2.21,5475.09
2024-07-02,124.2917,117.6715,132.7736,4.43,4.39,2.13,2.26,12.03,88.28,84.09,2.06,5509.01
2024-07-03,123.7768,117.0643,132.3547,4.36,4.33,2.1,2.23,12.09,88.25,85.19,2.02,5537.02
2024-07-04,,,,,,,,12.26,88.34,,,
2024-07-05,123.4762,116.8128,131.9971,4.28,4.22,2.0,2.22,12.48,88.66,84.44,2.02,5567.19
2024-07-08,123.3576,116.782,131.7813,4.28,4.23,2.01,2.22,12.37,87.15,83.63,2.1,5572.85
2024-07-09,123.4071,116.9781,131.6713,4.3,4.24,2.03,2.21,12.51,86.48,82.78,2.42,5576.98
2024-07-10,123.1895,116.8462,131.3581,4.28,4.24,2.02,2.22,12.85,86.55,83.39,2.4,5633.91
2024-07-11,122.769,116.2736,131.0993,4.2,4.13,1.95,2.18,12.92,86.49,83.92,2.23,5584.54
2024-07-12,122.4404,116.0313,130.673,4.18,4.1,1.95,2.15,12.46,87.35,83.49,2.17,5615.35
2024-07-15,122.6347,116.081,131.0273,4.23,4.13,1.93,2.2,13.12,86.42,83.22,2.12,5631.22
2024-07-16,122.7264,116.3715,130.9029,4.17,4.09,1.89,2.2,13.19,86.6,81.92,2.1,5667.2
2024-07-17,122.518,115.8476,131.0373,4.16,4.07,1.88,2.19,14.48,85.76,84.16,1.98,5588.27
2024-07-18,122.7909,116.0435,131.3972,4.2,4.11,1.92,2.19,15.93,86.26,84.17,2.0,5544.59
2024-07-19,123.147,116.3514,131.8097,4.25,4.16,1.98,2.18,16.52,85.19,81.43,1.88,5505.0
2024-07-22,123.2172,116.4958,131.7992,4.26,4.17,1.99,2.18,14.91,83.44,81.25,2.19,5564.41
2024-07-23,123.3843,116.5639,132.0767,4.25,4.15,1.98,2.17,14.72,82.2,78.24,2.13,5555.74
2024-07-24,123.5575,116.3476,132.6803,4.28,4.12,1.99,2.13,18.04,83.01,78.78,2.0,5427.13
2024-07-25,123.5286,116.4557,132.5,4.27,4.13,2.0,2.13,18.46,82.58,79.43,2.0,5399.22
2024-07-26,123.672,116.5437,132.7058,4.2,4.06,1.93,2.13,16.39,81.35,78.58,1.98,5459.1
2024-07-29,124.1392,116.8302,133.3772,4.17,4.05,1.92,2.13,16.6,80.94,77.27,1.9,5463.54
2024-07-30,124.2855,116.8601,133.6537,4.15,4.03,1.91,2.12,17.69,79.26,76.17,1.81,5436.44
2024-07-31,123.6373,116.3683,132.8262,4.09,3.97,1.84,2.13,16.36,81.39,79.36,1.94,5522.3
2024-08-01,123.8693,116.6128,133.0467,3.99,3.84,1.78,2.06,18.59,81.37,77.74,1.95,5446.68
2024-08-02,123.4681,115.6318,133.286,3.8,3.62,1.73,1.89,23.39,78.35,74.99,1.89,5346.56
2024-08-05,123.5787,115.1181,134.0984,3.78,3.62,1.71,1.91,38.57,77.51,74.46,1.83,5186.33
2024-08-06,123.6532,115.3425,134.0047,3.9,3.73,1.77,1.96,27.71,76.62,74.6,1.83,5240.03
2024-08-07,123.5698,115.4509,133.7051,3.96,3.79,1.82,1.97,27.85,78.26,76.68,1.96,5199.5
2024-08-08,123.4466,115.4776,133.4127,3.99,3.83,1.85,1.98,23.79,80.76,77.64,1.85,5319.31
2024-08-09,122.9276,115.3033,132.5044,3.94,3.8,1.84,1.96,20.37,81.07,78.28,1.94,5344.16
2024-08-12,123.2204,115.4225,132.9932,3.9,3.75,1.77,1.98,20.71,83.06,81.45,2.1,5344.39
2024-08-13,123.0146,115.1422,132.8689,3.85,3.68,1.72,1.96,18.12,82.51,79.81,2.16,5434.43
2024-08-14,122.4297,114.7193,132.0982,3.83,3.67,1.74,1.93,16.19,82.15,78.47,2.18,5455.21
2024-08-15,122.5844,115.1162,131.9846,3.92,3.79,1.8,1.99,15.23,83.09,79.66,2.19,5543.22
2024-08-16,122.3972,114.9415,131.7817,3.89,3.77,1.8,1.97,14.8,81.56,78.05,2.01,5554.25
2024-08-19,121.8788,114.1999,131.5072,3.86,3.75,1.81,1.94,14.65,81.09,75.82,2.12,5608.25
2024-08-20,121.7728,113.813,131.7147,3.82,3.7,1.75,1.95,15.88,78.85,75.27,2.18,5597.12
2024-08-21,121.8535,113.3994,132.3527,3.79,3.64,1.7,1.94,16.27,78.77,72.76,2.14,5620.85
2024-08-22,122.3626,113.6525,133.1556,3.86,3.72,1.76,1.96,17.55,78.8,73.72,1.93,5570.64
2024-08-23,121.4597,112.9379,132.0324,3.81,3.65,1.64,2.01,15.86,80.34,75.82,1.82,5634.61
2024-08-26,121.6943,112.9046,132.573,3.82,3.66,1.64,2.02,16.15,,78.4,2.13,5616.84
2024-08-27,121.8672,112.7484,133.1224,3.83,3.66,1.64,2.02,15.43,81.51,76.5,1.91,5625.8
2024-08-28,121.8943,112.9407,132.9611,3.84,3.63,1.64,1.99,17.11,80.04,75.49,1.89,5592.18
2024-08-29,122.2333,113.1995,133.3939,3.87,3.66,1.65,2.01,15.65,81.55,76.9,1.85,5591.96
2024-08-30,122.3262,113.5632,133.1789,3.91,3.71,1.7,2.01,15.0,80.2,74.52,1.93,5648.4
2024-09-02,,,,,,,,15.55,77.82,,,
2024-09-03,122.7811,113.798,133.8877,3.84,3.65,1.7,1.95,20.72,76.46,71.28,1.93,5528.93
2024-09-04,122.5144,113.3957,133.774,3.77,3.56,1.66,1.9,21.32,74.67,70.11,2.05,5520.07
2024-09-05,122.4533,113.2003,133.8661,3.73,3.54,1.67,1.87,19.9,74.47,70.09,2.02,5503.41
2024-09-06,122.4991,113.2698,133.885,3.72,3.5,1.64,1.86,22.38,72.82,68.58,2.09,5408.42
2024-09-09,122.7156,113.6353,133.9327,3.7,3.49,1.61,1.88,19.45,72.37,69.65,2.03,5471.05
2024-09-10,123.0071,113.7667,134.4091,3.65,3.43,1.57,1.86,19.08,70.34,66.73,2.13,5495.52
2024-09-11,122.7754,113.8242,133.8455,3.65,3.45,1.55,1.9,17.69,70.31,68.25,2.13,5554.13
2024-09-12,122.4423,113.6763,133.2995,3.68,3.47,1.54,1.93,17.07,73.81,69.89,2.13,5595.76
2024-09-13,121.6551,113.2034,132.1499,3.66,3.43,1.48,1.95,16.56,73.68,69.59,2.25,5626.02
2024-09-16,121.4976,112.9958,132.0479,3.63,3.41,1.47,1.94,17.14,73.96,71.1,2.23,5633.09
2024-09-17,121.6031,113.1379,132.1129,3.65,3.44,1.47,1.97,17.61,74.55,72.16,2.33,5634.58
2024-09-18,121.5618,113.1375,132.025,3.7,3.47,1.49,1.98,18.23,74.52,71.87,2.31,5618.26
2024-09-19,121.3059,112.8916,131.7557,3.73,3.49,1.45,2.04,16.33,75.93,72.86,2.24,5713.64
2024-09-20,121.4052,112.9342,131.9199,3.73,3.48,1.46,2.02,16.15,75.96,72.72,2.2,5702.55
2024-09-23,121.4303,112.8181,132.1053,3.75,3.51,1.47,2.04,15.89,74.95,71.33,2.4,5718.57
2024-09-24,121.1291,112.6218,131.6829,3.74,3.47,1.41,2.06,15.39,75.29,72.34,2.61,5732.93
2024-09-25,121.4447,112.7831,132.176,3.79,3.52,1.46,2.06,15.41,75.4,70.42,2.62,5722.26
2024-09-26,121.0785,112.4804,131.7349,3.79,3.55,1.52,2.03,15.37,73.06,68.28,2.64,5745.37
2024-09-27,121.1111,112.4936,131.7898,3.75,3.5,1.47,2.03,16.96,71.63,68.72,2.53,5738.17
2024-09-30,121.2864,112.6294,132.0111,3.81,3.58,1.51,2.07,16.73,72.35,68.75,2.65,5762.48
2024-10-01,121.6881,113.1174,132.3178,3.74,3.51,1.44,2.07,19.26,75.3,70.41,2.67,5708.75
2024-10-02,121.5724,113.4069,131.7436,3.79,3.55,1.45,2.1,18.9,74.86,70.74,2.77,5709.54
2024-10-03,122.1197,113.9425,132.3084,3.85,3.62,1.51,2.11,20.49,77.57,74.33,2.75,5699.94
2024-10-04,122.2197,114.5107,131.8847,3.98,3.81,1.67,2.14,19.21,79.32,74.93,2.49,5751.07
2024-10-07,122.4241,114.476,132.3582,4.03,3.86,1.69,2.17,22.64,81.74,77.76,2.51,5695.94
2024-10-08,122.6625,114.6439,132.6777,4.04,3.86,1.69,2.17,21.42,78.19,74.26,2.51,5751.13
2024-10-09,122.8821,114.8895,132.8699,4.06,3.91,1.7,2.21,20.86,77.06,73.85,2.43,5792.04
2024-10-10,123.0951,115.112,133.074,4.09,3.91,1.65,2.26,20.93,79.45,76.46,2.26,5780.05
2024-10-11,122.9805,115.0846,132.8609,4.08,3.88,1.63,2.25,20.46,80.27,76.11,2.31,5815.03
2024-10-14,,,,,,,,19.7,78.47,,,5859.85
2024-10-15,123.5124,115.4145,133.6236,4.03,3.86,1.64,2.22,20.64,73.68,71.22,2.37,5815.26
2024-10-16,123.9235,115.6394,134.2473,4.02,3.84,1.65,2.19,19.58,73.65,70.97,2.21,5842.47
2024-10-17,124.1122,115.8629,134.3983,4.09,3.9,1.68,2.22,19.11,74.37,71.26,2.19,5841.47
2024-10-18,123.9185,115.7629,134.0976,4.08,3.88,1.65,2.23,18.03,72.75,69.78,1.82,5864.67
2024-10-21,124.4757,116.1471,134.8539,4.19,3.98,1.75,2.23,18.37,73.29,71.16,1.76,5853.98
2024-10-22,124.4107,116.2259,134.6268,4.2,4.0,1.75,2.25,18.2,75.59,72.84,1.76,5851.2
2024-10-23,124.6931,116.5644,134.8486,4.24,4.05,1.82,2.23,19.24,74.68,71.37,1.9,5797.42
2024-10-24,124.5127,116.391,134.6589,4.21,4.03,1.7,2.33,19.08,74.27,70.58,2.04,5809.86
2024-10-25,124.6105,116.4174,134.8377,4.25,4.07,1.75,2.32,20.33,75.62,72.02,1.93,5808.12
2024-10-28,124.8076,116.5428,135.1167,4.28,4.11,1.8,2.31,19.8,71.87,67.65,2.03,5823.52
2024-10-29,124.8612,116.6893,135.0667,4.28,4.11,1.78,2.33,19.34,71.09,67.48,1.82,5832.92
2024-10-30,124.8153,116.3299,135.3729,4.29,4.14,1.77,2.37,20.35,73.21,68.91,2.03,5813.67
2024-10-31,124.7988,116.5265,135.1164,4.28,4.15,1.77,2.38,23.16,73.25,69.58,1.82,5705.45
2024-11-01,124.8076,116.5092,135.1547,4.37,4.22,1.85,2.37,21.88,73.63,69.81,1.42,5728.8
2024-11-04,124.5903,116.1663,135.0768,4.31,4.17,1.85,2.32,21.98,74.89,71.83,1.35,5712.69
2024-11-05,124.5532,115.8015,135.4096,4.26,4.16,1.84,2.32,20.49,76.98,72.26,1.62,5782.76
2024-11-06,125.7035,117.3121,136.1624,4.42,4.27,1.81,2.46,16.27,76.52,71.98,1.8,5929.04
2024-11-07,124.775,116.5957,134.988,4.31,4.17,1.77,2.4,15.2,75.73,72.69,1.49,5973.1
2024-11-08,125.5811,117.2227,136.0019,4.3,4.2,1.77,2.43,14.94,74.04,70.69,1.21,5995.54
2024-11-11,,,,,,,,14.97,72.19,,1.21,6001.35
2024-11-12,126.7762,118.2661,137.3772,4.43,4.32,1.89,2.43,14.71,72.56,68.43,1.92,5983.99
2024-11-13,126.9572,118.5911,137.3978,4.44,4.3,1.88,2.42,14.02,72.86,68.76,2.06,5985.38
2024-11-14,127.0015,118.787,137.2726,4.43,4.32,1.92,2.4,14.31,73.39,68.99,2.11,5949.17
2024-11-15,126.8848,118.9213,136.8744,4.43,4.3,1.91,2.39,16.14,73.45,67.33,1.65,5870.62
2024-11-18,126.6045,118.5865,136.6526,4.42,4.28,1.87,2.41,15.58,74.35,69.46,2.08,5893.62
2024-11-19,126.3994,118.4473,136.3721,4.39,4.25,1.84,2.41,16.35,74.32,69.75,2.1,5916.98
2024-11-20,126.88,118.9184,136.8673,4.41,4.28,1.85,2.43,17.16,74.33,69.25,2.32,5917.11
2024-11-21,127.1047,119.0681,137.1778,4.43,4.3,1.88,2.42,16.87,75.09,70.39,2.84,5948.71
2024-11-22,127.4712,119.638,137.3208,4.41,4.3,1.87,2.43,15.24,76.1,71.68,2.41,5969.34
2024-11-25,126.9948,119.1524,136.8505,4.27,4.17,1.82,2.35,14.6,74.27,69.41,2.78,5987.37
2024-11-26,127.4301,119.2193,137.7008,4.3,4.17,1.84,2.33,14.1,74.56,69.05,3.19,6021.63
2024-11-27,126.8205,118.2533,137.4861,4.25,4.11,1.79,2.32,14.1,73.91,69.03,3.39,5998.74
2024-11-28,,,,,,,,13.9,73.92,,,
2024-11-29,126.5798,118.3169,136.9016,4.18,4.05,1.72,2.33,13.51,74.16,68.26,3.39,6032.38
2024-12-02,127.1272,118.7803,137.5478,4.19,4.08,1.75,2.33,13.34,72.81,68.35,3.05,6047.15
2024-12-03,126.9565,118.5328,137.4618,4.23,4.11,1.75,2.36,13.3,74.8,70.15,2.94,6049.88
2024-12-04,126.7574,118.5528,137.0154,4.19,4.07,1.7,2.37,13.45,74.68,68.81,2.75,6086.49
2024-12-05,126.4286,118.1858,136.7265,4.17,4.07,1.72,2.35,13.54,73.78,68.58,2.95,6075.11
2024-12-06,126.688,118.4614,136.9699,4.15,4.03,1.72,2.31,12.77,73.78,68.58,2.83,6090.27
2024-12-09,126.5981,118.4098,136.8364,4.2,4.07,1.74,2.33,14.19,73.73,68.65,3.05,6052.85
2024-12-10,126.957,118.9635,136.9807,4.22,4.09,1.75,2.34,14.18,73.64,68.85,2.9,6034.91
2024-12-11,126.8483,118.9298,136.7874,4.26,4.13,1.75,2.38,13.58,74.38,70.57,2.9,6084.19
2024-12-12,126.9556,119.0767,136.8515,4.32,4.18,1.79,2.39,13.92,73.52,70.25,3.12,6051.25
2024-12-13,127.3096,119.5687,137.0552,4.4,4.25,1.85,2.4,13.81,74.89,71.54,3.15,6051.09
2024-12-16,127.2687,119.4384,137.1133,4.39,4.25,1.87,2.38,14.69,74.3,71.03,2.87,6074.08
2024-12-17,127.5043,119.5749,137.4613,4.4,4.26,1.9,2.36,15.87,73.16,70.31,2.85,6050.61
2024-12-18,127.6418,119.9072,137.3833,4.5,4.4,2.02,2.38,27.62,74.57,70.8,3.01,5872.16
2024-12-19,128.6366,121.0843,138.1854,4.57,4.43,2.08,2.35,24.09,73.75,70.1,3.15,5867.08
2024-12-20,127.893,120.4395,137.3257,4.52,4.37,2.03,2.34,18.36,73.19,69.71,3.1,5930.85
2024-12-23,128.3021,120.8261,137.7634,4.59,4.44,2.06,2.38,16.78,72.12,69.5,2.89,5974.07
2024-12-24,128.3377,120.9688,137.6811,4.59,4.43,2.04,2.39,14.27,73.5,70.87,2.95,6040.04
2024-12-25,,,,,,,,,,,,
2024-12-26,128.3329,120.8892,137.7589,4.58,4.42,2.03,2.39,14.73,,70.38,2.96,6037.59
2024-12-27,128.45,120.8965,137.9984,4.62,4.45,2.07,2.38,15.95,73.77,71.28,2.91,5970.84
2024-12-30,128.8205,121.0029,138.665,4.55,4.37,2.02,2.35,17.4,74.24,71.73,3.39,5906.94
2024-12-31,129.2775,121.2702,139.3368,4.58,4.38,2.0,2.38,17.35,74.58,72.44,3.4,5881.63
2025-01-01,,,,,,,,,,,,
2025-01-02,129.4598,121.9875,138.9279,4.57,4.38,1.97,2.41,17.93,76.14,73.79,3.65,5868.55
2025-01-03,129.4535,121.7951,139.1273,4.6,4.41,2.01,2.4,16.13,76.72,74.64,3.4,5942.47
2025-01-06,128.538,120.8947,138.1866,4.62,4.42,2.02,2.4,16.04,77.27,74.31,4.05,5975.38
2025-01-07,128.613,121.0857,138.1338,4.67,4.46,2.02,2.44,17.82,77.84,74.99,3.8,5909.03
2025-01-08,129.0785,121.6686,138.4742,4.67,4.45,1.98,2.47,17.7,77.37,73.99,3.75,5918.25
2025-01-09,129.2827,121.8532,138.7018,4.68,4.46,2.0,2.46,18.07,78.44,,3.94,
2025-01-10,129.8664,122.3953,139.337,4.77,4.59,2.08,2.51,19.54,79.76,77.27,4.13,5827.04
2025-01-13,130.0413,122.5524,139.5333,4.79,4.61,2.06,2.55,19.19,82.69,79.57,4.4,5836.22
2025-01-14,129.3812,121.9702,138.7809,4.78,4.59,2.04,2.55,18.71,82.39,78.2,4.32,5842.91
2025-01-15,129.2092,121.7871,138.6196,4.66,4.45,1.93,2.52,16.12,83.48,80.73,4.45,5949.91
2025-01-16,129.436,121.6133,139.2918,4.61,4.39,1.88,2.51,16.6,82.39,79.35,4.3,5937.34
2025-01-17,129.4859,121.9697,139.0027,4.61,4.42,1.9,2.52,15.97,83.02,78.56,9.86,5996.66
2025-01-20,,,,,,,,15.81,81.68,,,
2025-01-21,128.4151,120.7409,138.0968,4.57,4.4,1.93,2.47,15.06,80.57,76.79,4.4,6049.24
2025-01-22,128.3402,120.9264,137.7331,4.6,4.43,1.95,2.48,15.1,80.0,76.12,3.91,6086.37
2025-01-23,128.2162,120.8427,137.5635,4.65,4.45,1.93,2.52,15.02,78.62,75.03,3.91,6118.71
2025-01-24,127.4611,120.0731,136.8174,4.63,4.43,1.91,2.52,14.85,78.71,74.97,3.84,6101.24
2025-01-27,128.0912,120.2129,137.9965,4.53,4.32,1.83,2.49,17.9,77.3,73.51,3.71,6012.28
2025-01-28,128.2817,120.7693,137.783,4.55,4.33,1.81,2.52,16.41,78.01,74.15,3.4,6067.7
2025-01-29,128.3418,120.9042,137.7609,4.55,4.35,1.83,2.52,16.56,77.02,72.94,3.38,6039.31
2025-01-30,128.1004,120.7596,137.4107,4.52,4.31,1.81,2.5,15.84,77.42,73.1,3.12,6071.17
2025-01-31,128.4828,121.012,137.94,4.58,4.36,1.82,2.54,16.43,77.11,72.84,2.93,6040.53
2025-02-03,129.109,122.0707,138.0964,4.54,4.35,1.74,2.61,18.62,76.49,73.52,3.3,5994.57
2025-02-04,128.1083,120.694,137.4996,4.52,4.31,1.72,2.59,17.21,76.58,73.04,3.25,6037.88
2025-02-05,127.9751,120.1268,137.846,4.43,4.24,1.67,2.57,15.77,74.71,71.39,3.22,6061.48
2025-02-06,128.2017,120.5618,137.8434,4.45,4.28,1.71,2.57,15.5,74.54,70.97,3.31,6083.57
2025-02-07,128.4292,120.7772,138.0864,4.49,4.34,1.75,2.59,16.54,74.68,71.32,3.32,6025.99
2025-02-10,128.6382,120.9173,138.3737,4.51,4.34,1.74,2.6,15.81,76.23,72.73,3.48,6066.44
2025-02-11,128.4322,120.7461,138.1272,4.54,4.37,1.73,2.64,16.02,77.65,73.67,3.65,6068.5
2025-02-12,128.3288,120.6428,138.0228,4.62,4.48,1.82,2.66,15.89,75.38,71.72,3.97,6051.97
2025-02-13,127.8931,120.0501,137.7575,4.52,4.39,1.75,2.64,15.1,75.61,71.66,4.43,6115.07
2025-02-14,127.1491,119.3176,136.9939,4.47,4.33,1.71,2.62,14.77,75.19,71.05,4.6,6114.63
2025-02-17,,,,,,,,15.37,75.81,,,
2025-02-18,127.2906,119.5523,137.0332,4.55,4.4,1.75,2.65,15.35,76.46,72.21,6.4,6129.58
2025-02-19,127.7317,119.9738,137.4999,4.53,4.37,1.71,2.66,15.27,76.34,72.58,7.15,6144.15
2025-02-20,127.1126,119.2156,137.0301,4.5,4.34,1.68,2.66,15.66,76.95,72.88,5.62,6117.52
2025-02-21,127.1408,119.3031,136.9925,4.42,4.26,1.65,2.61,18.21,74.88,70.72,4.43,6013.13
2025-02-24,127.1921,119.2566,137.1533,4.4,4.23,1.62,2.61,18.98,74.89,71.06,3.86,5983.25
2025-02-25,127.3752,119.2506,137.5488,4.3,4.12,1.55,2.57,19.43,73.11,69.15,3.88,5955.25
2025-02-26,127.2822,119.2409,137.362,4.25,4.06,1.52,2.54,19.1,73.49,68.87,3.9,5956.06
2025-02-27,127.9704,120.1055,137.8598,4.29,4.09,1.52,2.57,21.13,75.01,70.62,3.91,5861.57
2025-02-28,128.2805,120.3574,138.2375,4.24,4.03,1.45,2.58,19.63,74.76,69.97,3.91,5954.5
2025-03-03,127.75,119.5754,137.9827,4.16,3.97,1.38,2.59,22.78,72.85,68.63,3.8,5849.72
2025-03-04,127.9966,119.4754,138.6201,4.22,4.01,1.42,2.59,23.51,72.31,68.47,4.39,5778.15
2025-03-05,126.504,117.8326,137.2846,4.28,4.08,1.52,2.56,21.93,70.92,66.58,4.4,5842.63
2025-03-06,126.1099,117.2168,137.1383,4.29,4.06,1.53,2.53,24.87,71.08,66.62,4.39,5738.52
2025-03-07,125.9814,117.1178,136.9754,4.32,4.09,1.57,2.52,23.37,72.49,67.29,4.39,5770.2
2025-03-10,126.268,117.3629,137.3113,4.22,3.98,1.49,2.49,27.86,71.08,66.31,4.23,5614.56
2025-03-11,126.0457,116.9921,137.2559,4.28,4.03,1.53,2.5,26.92,71.51,66.52,4.57,5572.07
2025-03-12,125.8664,116.9276,136.9448,4.32,4.09,1.56,2.53,24.23,72.36,67.65,4.18,5599.3
2025-03-13,126.0031,117.2527,136.8692,4.27,4.02,1.54,2.48,24.66,70.82,66.82,3.89,5521.52
2025-03-14,125.6942,117.2237,136.242,4.31,4.09,1.61,2.48,21.77,71.94,67.43,3.89,5638.94
2025-03-17,125.3688,116.6896,136.1494,4.31,4.11,1.63,2.48,20.51,71.93,67.84,4.15,5675.12
2025-03-18,125.488,116.7487,136.3376,4.29,4.07,1.61,2.46,21.7,71.93,67.49,4.17,5614.66
2025-03-19,125.8006,117.1201,136.586,4.25,4.03,1.53,2.5,19.9,71.94,67.4,4.21,5675.29
2025-03-20,125.985,117.1864,136.9056,4.24,4.01,1.5,2.51,19.8,72.61,68.55,4.23,5662.89
2025-03-21,126.2679,117.5554,137.0932,4.25,4.0,1.49,2.51,19.28,72.64,68.52,3.93,5667.56
2025-03-24,126.1956,117.598,136.8908,4.34,4.09,1.55,2.54,17.48,73.96,69.46,4.03,5767.57
2025-03-25,126.0535,117.4235,136.7839,4.31,4.07,1.51,2.56,17.15,73.78,69.48,3.94,5776.65
2025-03-26,126.2364,117.5675,137.0122,4.35,4.08,1.52,2.56,18.33,74.6,70.05,3.85,5712.2
2025-03-27,126.3626,117.5431,137.3098,4.38,4.09,1.49,2.6,18.69,74.72,70.3,3.88,5693.31
2025-03-28,126.4187,117.306,137.6987,4.27,3.98,1.4,2.58,21.65,74.69,69.74,3.89,5580.94
2025-03-31,126.7075,117.7381,137.827,4.23,3.96,1.35,2.61,22.28,77.23,71.87,4.11,5611.85
2025-04-01,126.4338,117.4727,137.5418,4.17,3.91,1.37,2.54,21.77,77.78,71.61,3.96,5633.07
2025-04-02,126.3811,117.1123,137.8388,4.2,3.95,1.44,2.51,21.51,77.27,72.12,4.04,5670.97
2025-04-03,124.7316,115.0625,136.6368,4.06,3.75,1.25,2.5,30.02,72.54,67.43,4.21,5396.52
2025-04-04,125.8129,115.8452,138.0688,4.01,3.72,1.38,2.34,45.31,68.36,62.42,4.04,5074.08
2025-04-07,126.8282,116.8231,139.1335,4.15,3.82,1.51,2.31,46.98,66.13,61.05,3.97,5062.25
2025-04-08,126.8668,116.5923,139.4838,4.26,3.88,1.53,2.35,52.33,64.86,60.04,3.85,4982.77
2025-04-09,126.628,115.7141,139.9892,4.34,4.06,1.61,2.45,33.62,67.3,62.63,3.42,5456.9
2025-04-10,125.089,114.2047,138.4086,4.4,4.04,1.72,2.32,40.72,65.37,60.57,3.7,5268.05
2025-04-11,124.0163,113.0826,137.3895,4.48,4.15,1.82,2.33,37.56,66.83,61.91,3.44,5363.36
2025-04-14,123.6598,112.7174,137.042,4.38,4.02,1.67,2.35,30.89,67.18,61.99,3.57,5405.97
2025-04-15,123.776,113.1314,136.8086,4.35,3.98,1.67,2.31,30.12,66.58,61.74,3.27,5396.63
2025-04-16,123.2724,112.4563,136.5042,4.29,3.91,1.62,2.29,32.64,67.94,62.88,3.25,5275.7
2025-04-17,123.1298,112.4847,136.1603,4.34,3.95,1.69,2.26,29.65,69.33,65.07,2.94,5282.7
2025-04-18,122.9865,112.3068,136.0569,,,,,,,,,
2025-04-21,122.3145,111.4244,135.6296,4.42,3.97,1.72,2.25,33.82,,63.48,3.16,5158.2
2025-04-22,122.4175,111.6391,135.6016,4.41,3.98,1.68,2.3,30.57,68.93,64.6,3.12,5287.76
2025-04-23,123.0252,112.7146,135.6639,4.4,4.0,1.67,2.33,28.45,68.26,62.64,3.12,5375.86
2025-04-24,122.9251,112.585,135.5977,4.32,3.91,1.56,2.35,26.47,67.5,63.55,2.87,5484.77
2025-04-25,122.8858,112.5365,135.569,4.29,3.88,1.56,2.32,24.84,66.99,63.85,2.71,5525.21
2025-04-28,122.7176,112.3227,135.4533,4.23,3.81,1.49,2.32,25.15,66.13,63.3,2.96,5528.75
2025-04-29,122.5944,112.2438,135.2777,4.19,3.77,1.48,2.29,24.17,64.04,61.84,3.17,5560.83
2025-04-30,122.5921,112.4077,135.0816,4.17,3.72,1.43,2.29,24.7,63.37,59.55,3.12,5569.06
2025-05-01,123.1405,113.1965,135.3536,4.25,3.81,1.51,2.3,24.6,62.37,60.59,3.08,5604.14
2025-05-02,122.4962,112.6624,134.5782,4.33,3.92,1.61,2.31,22.68,61.57,59.67,3.1,5686.67
2025-05-05,122.2613,112.6973,134.0304,4.36,3.95,1.62,2.33,23.64,,58.5,3.26,5650.38
2025-05-06,122.0417,112.2979,134.0168,4.3,3.9,1.56,2.34,24.76,62.37,60.42,3.08,5606.91
2025-05-07,122.117,112.3589,134.1091,4.26,3.87,1.54,2.33,23.55,60.31,59.42,3.18,5631.28
2025-05-08,122.7568,113.3958,134.2954,4.37,4.0,1.61,2.39,22.48,62.22,61.25,3.23,5663.94
2025-05-09,122.5191,113.2762,133.9208,4.37,4.0,1.61,2.39,21.9,64.26,62.37,3.22,5659.91
2025-05-12,123.4863,114.6594,134.4202,4.45,4.09,1.74,2.35,18.39,65.28,63.32,3.19,5844.19
2025-05-13,122.9583,114.0727,133.9552,4.49,4.12,1.74,2.38,18.22,66.93,65.04,3.27,5886.55
2025-05-14,122.6746,113.8329,133.6194,4.53,4.17,1.73,2.44,18.62,65.91,64.48,3.31,5892.58
2025-05-15,122.8174,113.8885,133.8624,4.45,4.07,1.66,2.41,17.83,64.36,63.03,3.2,5916.93
2025-05-16,123.0737,114.211,134.0453,4.43,4.06,1.64,2.42,17.24,65.2,63.84,3.01,5958.38
2025-05-19,122.4186,113.4304,133.5284,4.46,4.07,1.64,2.43,18.14,66.25,63.98,2.96,5963.6
2025-05-20,122.3199,113.3194,133.4431,4.48,4.07,1.65,2.42,18.09,66.93,63.97,3.15,5940.46
2025-05-21,121.7496,112.4281,133.2363,4.58,4.15,1.72,2.43,20.87,65.86,62.93,3.2,5844.61
2025-05-22,122.0429,112.8692,133.3622,4.54,4.11,1.69,2.42,20.28,64.87,62.55,3.0,5842.01
2025-05-23,121.3837,112.073,132.8557,4.51,4.08,1.68,2.4,22.29,65.41,62.89,2.93,5802.82
2025-05-26,,,,,,,,20.57,,,,
2025-05-27,121.6099,112.457,132.9025,4.43,4.04,1.63,2.41,18.96,64.32,61.61,3.2,5921.54
2025-05-28,121.9888,112.8235,133.298,4.47,4.05,1.66,2.39,19.31,65.72,62.54,3.09,5888.55
2025-05-29,121.5617,112.2764,133.0056,4.43,4.0,1.62,2.38,19.18,64.6,61.66,2.97,5912.17
2025-05-30,121.7674,112.2801,133.4449,4.41,3.96,1.57,2.39,18.57,64.32,61.46,2.86,5911.69
2025-06-02,121.1881,111.5501,133.0361,4.46,4.01,1.63,2.38,18.36,66.55,63.27,3.0,5935.94
2025-06-03,121.4592,112.0512,133.0436,4.46,4.04,1.66,2.38,17.69,67.48,64.1,2.84,5970.37
2025-06-04,121.0539,111.5216,132.7789,4.37,3.93,1.61,2.32,17.61,66.69,63.57,2.8,5970.81
2025-06-05,120.9596,111.5333,132.5619,4.4,3.99,1.68,2.31,18.48,67.14,64.06,2.86,5939.3
2025-06-06,121.161,111.9088,132.5643,4.51,4.13,1.78,2.35,16.77,68.02,65.3,2.68,6000.36
2025-06-09,120.9103,111.6655,132.3037,4.49,4.09,1.75,2.34,17.16,68.73,65.99,3.13,6005.88
2025-06-10,121.0485,111.7977,132.4496,4.47,4.08,1.76,2.32,16.95,68.41,65.66,2.79,6038.81
2025-06-11,120.587,111.372,131.9441,4.41,4.02,1.72,2.3,17.26,71.29,68.91,2.73,6022.24
2025-06-12,120.1723,110.7383,131.7786,4.36,3.97,1.69,2.28,18.02,70.84,68.73,2.9,6045.26
2025-06-13,120.3245,110.774,132.0663,4.41,4.02,1.71,2.31,20.82,76.0,73.84,2.65,5976.97
2025-06-16,120.1565,110.6227,131.8779,4.46,4.04,1.72,2.32,19.11,75.05,72.53,2.9,6033.11
2025-06-17,120.5048,111.0589,132.1269,4.39,3.99,1.64,2.35,21.6,78.7,75.62,2.9,5982.72
2025-06-18,120.7305,111.3615,132.2654,4.38,3.98,1.62,2.36,20.14,78.38,75.89,3.43,5980.87
2025-06-19,,,,,,,,22.17,80.37,,,
2025-06-20,121.0408,111.6429,132.6109,4.38,3.96,1.59,2.37,20.62,78.73,75.72,3.09,5967.84
2025-06-23,121.1694,111.6389,132.8931,4.34,3.91,1.58,2.33,19.83,74.34,69.36,3.5,6025.17
2025-06-24,120.3645,110.8615,132.0517,4.3,3.86,1.56,2.3,17.48,69.13,65.45,3.3,6092.18
2025-06-25,120.3336,110.9476,131.8855,4.29,3.83,1.55,2.28,16.76,68.4,65.98,3.26,6092.16
2025-06-26,119.6451,110.0016,131.4906,4.26,3.79,1.5,2.29,16.59,68.57,66.44,3.23,6141.02
2025-06-27,119.659,110.1202,131.3834,4.29,3.83,1.52,2.31,16.32,69.37,66.66,3.23,6173.07
2025-06-30,119.4088,109.7337,131.2895,4.24,3.79,1.48,2.31,16.73,68.15,66.3,3.26,6204.95
2025-07-01,119.3436,109.7337,131.1483,4.26,3.84,1.52,2.32,16.83,67.63,66.64,3.14,6198.01
2025-07-02,119.3037,109.7014,131.0995,4.3,3.87,1.53,2.34,16.64,70.8,68.66,3.1,6227.42
2025-07-03,119.2382,109.795,130.8497,4.35,3.94,1.57,2.37,16.38,70.42,68.13,3.24,6279.35
2025-07-04,,,,,,,,17.48,71.03,,,
2025-07-07,119.6201,110.1953,131.2125,4.4,3.96,1.56,2.4,17.79,71.95,69.16,3.24,6229.98
2025-07-08,119.8371,110.4892,131.3423,4.42,3.99,1.6,2.39,16.81,72.5,69.55,3.2,6225.52
2025-07-09,119.7311,110.4881,131.1148,4.34,3.92,1.54,2.38,15.94,71.98,69.61,3.08,6263.26
2025-07-10,119.8343,110.5398,131.2778,4.35,3.93,1.54,2.39,15.78,70.38,67.78,3.11,6280.46
2025-07-11,119.9214,110.6156,131.3786,4.43,3.99,1.55,2.44,16.4,72.06,69.63,3.22,6259.75
2025-07-14,120.2209,110.8722,131.7292,4.43,3.98,1.53,2.45,17.2,70.96,68.19,3.21,6268.56
2025-07-15,120.5105,111.2985,131.8636,4.5,4.05,1.57,2.48,17.38,70.27,67.76,3.31,6243.76
2025-07-16,120.4175,111.1728,131.8075,4.46,3.99,1.5,2.49,17.16,69.67,67.13,3.42,6263.7
2025-07-17,120.6384,111.4892,131.9202,4.47,4.01,1.48,2.53,16.52,71.32,68.76,3.52,6297.36
2025-07-18,120.356,111.121,131.7345,4.44,3.96,1.46,2.5,16.41,71.06,68.53,3.5,6296.79
2025-07-21,119.9961,110.6401,131.5115,4.38,3.91,1.42,2.49,16.65,71.92,68.39,3.5,6305.6
2025-07-22,119.681,110.1571,131.3882,4.35,3.88,1.41,2.47,16.5,69.69,67.56,3.16,6309.62
2025-07-23,119.5697,110.1154,131.1958,4.4,3.94,1.5,2.44,15.37,69.17,66.05,3.08,6358.91
2025-07-24,119.5664,110.1978,131.0936,4.43,3.98,1.48,2.5,15.39,70.42,67.16,3.13,6363.35
2025-07-25,119.9857,110.6678,131.4572,4.4,3.95,1.48,2.47,14.93,69.23,66.38,3.1,6388.64
2025-07-28,120.6149,111.3301,132.0522,4.42,3.96,1.49,2.47,15.03,70.87,67.81,3.12,6389.77
2025-07-29,120.9674,111.8726,132.1891,4.34,3.9,1.42,2.48,15.98,73.21,70.27,3.08,6370.86
2025-07-30,121.4042,112.3899,132.5368,4.38,3.96,1.48,2.48,15.48,73.98,71.09,2.98,6362.9
2025-07-31,121.721,112.8142,132.7331,4.37,3.96,1.5,2.46,16.72,73.43,70.36,2.99,6339.39
2025-08-01,121.2122,111.8399,132.7539,4.23,3.77,1.39,2.38,20.38,70.55,68.39,3.0,6238.01
2025-08-04,120.9859,111.6874,132.4414,4.22,3.75,1.34,2.41,17.52,69.56,67.33,2.89,6329.94
2025-08-05,120.9082,111.6474,132.3198,4.22,3.77,1.36,2.41,17.85,69.14,66.2,2.98,6299.19
2025-08-06,120.5082,111.1867,131.9871,4.22,3.77,1.37,2.4,16.77,67.97,65.38,3.02,6345.06
2025-08-07,120.5043,111.1894,131.9755,4.23,3.79,1.38,2.41,16.57,66.99,64.9,3.05,6340.0
2025-08-08,120.3329,111.1217,131.684,4.27,3.84,1.38,2.46,15.15,67.17,64.94,3.03,6389.45
2025-08-11,120.6892,111.514,132.0012,4.27,3.83,1.37,2.46,16.25,67.36,65.03,3.05,6373.45
2025-08-12,120.2736,111.0422,131.6475,4.29,3.83,1.4,2.43,14.73,66.8,64.22,2.93,6445.76
2025-08-13,120.13,110.7384,131.6873,4.24,3.77,1.35,2.42,14.49,66.25,63.68,2.95,6466.58
2025-08-14,120.6446,111.2483,132.2103,4.29,3.82,1.39,2.43,14.83,68.12,64.99,2.78,6468.54
2025-08-15,120.3377,110.8754,131.9778,4.33,3.85,1.43,2.42,15.09,67.3,63.78,2.98,6449.8
2025-08-18,120.5622,111.1722,132.1202,4.34,3.86,1.44,2.42,14.99,68.18,64.51,2.96,6449.15
2025-08-19,120.7224,111.3355,132.278,4.3,3.82,1.43,2.39,15.57,66.62,63.38,2.87,6411.37
2025-08-20,120.7757,111.4045,132.3135,4.29,3.81,1.41,2.4,15.69,67.61,64.19,2.8,6395.78
2025-08-21,121.0843,111.8033,132.5204,4.33,3.86,1.42,2.44,16.6,68.41,64.56,2.88,6370.17
2025-08-22,120.2774,110.9214,131.7944,4.26,3.76,1.28,2.48,14.22,68.29,64.08,2.76,6466.91
2025-08-25,120.4214,111.1711,131.8179,4.28,3.8,1.31,2.49,14.79,,65.18,2.76,6439.32
2025-08-26,120.5274,111.1905,132.024,4.26,3.75,1.25,2.5,14.62,66.89,63.6,2.82,6465.94
2025-08-27,120.7274,111.4401,132.1683,4.24,3.69,1.19,2.5,14.85,67.75,64.49,2.88,6481.4
2025-08-28,120.2595,110.8865,131.7961,4.22,3.69,1.2,2.49,14.43,68.61,64.96,2.9,6501.86
2025-08-29,120.2082,110.7152,131.8829,4.23,3.68,1.21,2.47,15.36,67.83,64.36,2.88,6460.26
2025-09-01,,,,,,,,16.12,67.09,,,
2025-09-02,120.6837,111.2596,132.2817,4.28,3.74,1.26,2.48,17.17,68.09,65.95,2.7,6415.54
2025-09-03,120.5052,111.0801,132.1034,4.22,3.69,1.23,2.46,16.35,67.76,64.36,3.0,6448.26
2025-09-04,120.7629,111.3876,132.3052,4.17,3.65,1.21,2.44,15.3,66.41,63.81,3.11,6502.08
2025-09-05,120.1282,110.5656,131.8827,4.1,3.59,1.17,2.42,15.18,64.92,62.22,3.05,6481.5
2025-09-08,120.0971,110.6148,131.7588,4.05,3.57,1.16,2.41,15.11,65.44,62.6,3.1,6495.15
2025-09-09,120.1569,110.7684,131.7107,4.08,3.61,1.18,2.43,15.04,67.97,62.97,3.12,6512.61
2025-09-10,120.1223,110.8133,131.5843,4.04,3.59,1.18,2.41,15.35,67.62,64.01,2.89,6532.04
2025-09-11,119.9534,110.6472,131.4113,4.01,3.59,1.18,2.41,14.71,67.25,62.71,2.81,6587.47
2025-09-12,120.0611,110.877,131.3792,4.06,3.63,1.21,2.42,14.76,67.87,63.02,2.86,6584.29
2025-09-15,119.5644,110.3574,130.9056,4.05,3.61,1.2,2.41,15.69,67.88,63.66,3.0,6615.28
2025-09-16,119.1348,109.7948,130.6265,4.04,3.59,1.17,2.42,16.36,69.69,64.89,3.07,6606.76
2025-09-17,119.1582,109.8229,130.6446,4.06,3.62,1.19,2.43,15.72,69.19,64.41,3.19,6600.35
2025-09-18,119.6616,110.4653,130.9912,4.11,3.67,1.23,2.44,15.7,67.83,63.91,3.1,6631.96
2025-09-19,119.7858,110.6012,131.1028,4.14,3.68,1.25,2.43,15.45,67.05,63.02,2.89,6664.36
2025-09-22,119.8152,110.5767,131.1943,4.15,3.71,1.29,2.42,16.1,66.87,62.99,2.9,6693.75
2025-09-23,119.6202,110.4793,130.8859,4.12,3.68,1.26,2.42,16.64,67.96,63.76,2.86,6656.92
2025-09-24,120.1707,111.0044,131.4691,4.16,3.7,1.28,2.42,16.18,69.64,65.4,2.88,6637.97
2025-09-25,120.5419,111.5889,131.5985,4.18,3.75,1.33,2.42,16.74,70.48,65.51,2.98,6604.72
2025-09-26,120.4349,111.4699,131.5046,4.2,3.76,1.34,2.42,15.29,71.15,66.5,2.9,6643.7
2025-09-29,120.115,111.0993,131.2405,4.15,3.74,1.33,2.41,16.12,69.0,64.27,2.93,6661.21
2025-09-30,120.1368,111.0498,131.344,4.16,3.74,1.32,2.42,16.28,68.52,63.17,3.12,6688.46
2025-10-01,120.1502,111.075,131.3439,4.12,3.68,1.29,2.39,16.29,66.67,62.59,3.24,6711.2
2025-10-02,120.4296,111.3118,131.6741,4.1,3.67,1.3,2.37,16.63,65.44,61.28,3.32,6715.35
2025-10-03,120.0881,110.9321,131.3743,4.13,3.72,1.34,2.38,16.65,66.13,61.65,3.19,6715.79
2025-10-06,120.2722,111.3139,131.3331,4.18,3.75,1.37,2.38,16.37,67.09,62.49,3.32,6740.28
2025-10-07,120.4884,111.6085,131.4612,4.14,3.71,1.32,2.39,17.24,67.1,62.52,3.32,6714.59
2025-10-08,120.7766,112.1136,131.5043,4.13,3.72,1.33,2.39,16.3,67.42,63.37,3.35,6753.72
2025-10-09,121.0902,112.5812,131.6457,4.14,3.74,1.35,2.39,16.43,67.23,62.36,3.25,6735.11
2025-10-10,121.1163,112.2072,132.1268,4.05,3.65,1.3,2.35,21.66,64.41,59.75,2.9,6552.51
2025-10-13,,,,,,,,19.03,64.15,,2.9,6654.72
2025-10-14,121.1822,112.3264,132.1325,4.03,3.6,1.27,2.33,20.81,63.0,59.52,2.83,6644.31
2025-10-15,120.8642,112.0241,131.7943,4.05,3.63,1.3,2.33,20.64,62.33,59.08,2.79,6671.06
2025-10-16,120.6698,111.8678,131.5551,3.99,3.55,1.26,2.29,25.31,61.08,58.29,2.82,6629.07
2025-10-17,120.7028,111.7705,131.7369,4.02,3.59,1.3,2.29,20.78,61.23,58.3,2.65,6664.01
2025-10-20,120.6209,111.8145,131.5107,4.0,3.58,1.3,2.28,18.23,60.71,58.34,2.99,6735.13
2025-10-21,120.8895,112.0904,131.7729,3.98,3.56,1.26,2.3,17.87,61.0,58.66,3.28,6735.35
2025-10-22,120.8958,112.065,131.8154,3.97,3.56,1.24,2.32,18.6,62.28,59.3,3.45,6699.4
2025-10-23,120.9531,112.1988,131.786,4.01,3.61,1.19,2.42,17.3,66.32,62.44,3.34,6738.44
2025-10-24,120.9345,112.2212,131.7205,4.02,3.61,1.21,2.4,16.37,65.8,62.27,3.21,6791.69
2025-10-27,120.7988,112.1186,131.5463,4.01,3.61,1.24,2.37,15.79,65.52,62.13,3.3,6875.16
2025-10-28,120.6361,111.8224,131.5343,3.99,3.6,1.24,2.36,16.42,64.03,60.97,3.44,6890.89
2025-10-29,120.5312,111.7384,131.405,4.08,3.7,1.33,2.37,16.92,65.01,61.26,3.36,6890.59
2025-10-30,121.2832,112.6908,131.9345,4.11,3.72,1.34,2.38,16.91,65.11,61.36,3.46,6822.34
2025-10-31,121.3859,112.8612,131.9613,4.11,3.71,1.31,2.4,17.44,65.44,61.75,3.57,6840.2
2025-11-03,121.4512,113.023,131.9178,4.13,3.72,1.31,2.41,17.17,65.79,61.79,3.37,6851.97
2025-11-04,121.8271,113.3566,132.3445,4.1,3.69,1.31,2.38,19.0,65.04,61.38,3.35,6771.55
2025-11-05,121.8482,113.4833,132.2464,4.17,3.76,1.37,2.39,18.01,63.54,60.4,3.51,6796.29
2025-11-06,121.6948,113.149,132.2965,4.11,3.69,1.32,2.37,19.5,63.41,60.24,3.71,6720.32
2025-11-07,121.388,112.7962,132.0394,4.11,3.67,1.31,2.36,19.08,63.72,60.54,3.76,6728.8
2025-11-10,121.2984,112.9112,131.7174,4.13,3.72,1.34,2.38,17.6,63.01,60.94,3.8,6832.43
2025-11-11,,,,,,,,17.28,63.86,,,6846.61
2025-11-12,121.0458,112.6316,131.4934,4.08,3.68,1.31,2.37,17.51,61.88,59.3,3.6,6850.92
2025-11-13,120.7725,112.2603,131.3293,4.11,3.71,1.34,2.37,20.0,62.14,59.54,3.6,6737.49
2025-11-14,120.9666,112.516,131.455,4.14,3.74,1.36,2.38,19.83,63.45,60.87,3.49,6734.11
2025-11-17,121.1146,112.6641,131.604,4.13,3.72,1.35,2.37,22.38,63.16,60.66,3.71,6672.41
2025-11-18,121.2127,112.7624,131.7025,4.12,3.7,1.34,2.36,24.69,64.86,61.51,3.7,6617.32
2025-11-19,121.4978,113.2673,131.7416,4.13,3.71,1.35,2.36,23.66,63.78,60.27,3.94,6642.16
2025-11-20,121.6889,113.4562,131.9368,4.1,3.68,1.34,2.34,26.42,63.64,60.07,3.97,6538.76
2025-11-21,121.8653,113.5216,132.2398,4.06,3.62,1.3,2.32,23.43,62.78,58.86,4.13,6602.99
2025-11-24,121.9171,113.533,132.3376,4.04,3.61,1.31,2.3,20.52,64.83,59.11,4.15,6705.12
2025-11-25,121.6335,113.283,132.0138,4.01,3.55,1.28,2.27,18.56,63.99,58.25,4.12,6765.88
2025-11-26,121.2437,112.8716,131.6454,4.0,3.56,1.27,2.29,17.19,64.81,58.81,4.59,6812.61
2025-11-27,,,,,,,,17.21,64.18,,,
2025-11-28,121.0527,112.6103,131.5324,4.02,3.59,1.3,2.29,16.35,64.07,58.58,,6849.09
2025-12-01,120.9862,112.4717,131.5469,4.09,3.67,1.36,2.31,17.24,64.22,59.47,5.08,6812.63
2025-12-02,121.1467,112.6944,131.6384,4.09,3.66,1.36,2.3,16.59,63.37,58.81,4.83,6829.37
2025-12-03,120.7336,112.0945,131.4338,4.06,3.62,1.33,2.29,16.08,63.75,59.09,4.86,6849.72
2025-12-04,120.6766,112.0431,131.3701,4.11,3.68,1.35,2.33,15.78,64.15,59.82,4.89,6857.12
2025-12-05,120.6863,112.0464,131.3871,4.14,3.72,1.38,2.34,15.41,64.42,60.23,5.19,6870.4
2025-12-08,120.776,112.1349,131.4788,4.17,3.75,1.43,2.32,16.66,63.3,59.04,5.19,6846.51
2025-12-09,120.6832,112.0869,131.3345,4.18,3.78,1.46,2.32,16.93,62.62,58.4,4.76,6840.51
2025-12-10,120.6752,111.9596,131.4621,4.13,3.72,1.4,2.32,15.77,63.12,58.67,4.62,6886.68
2025-12-11,119.98,111.1202,130.9262,4.14,3.72,1.4,2.32,14.85,61.87,57.76,4.35,6901.0
2025-12-12,120.1442,111.4161,130.9415,4.19,3.75,1.43,2.32,15.74,62.11,57.61,4.07,6827.41
2025-12-15,119.9561,111.212,130.7702,4.18,3.73,1.44,2.29,16.5,61.55,56.97,3.9,6816.51
2025-12-16,119.8902,111.0332,130.8328,4.15,3.69,1.44,2.25,16.48,59.93,55.44,3.58,6800.26
2025-12-17,120.155,111.3206,131.0736,4.16,3.7,1.44,2.26,17.62,60.61,56.07,3.66,6721.43
2025-12-18,120.0528,111.3186,130.8565,4.12,3.66,1.4,2.26,16.87,60.69,56.22,3.87,6774.76
2025-12-19,120.1652,111.5451,130.8398,4.16,3.7,1.43,2.27,14.91,61.35,56.8,3.58,6834.5
2025-12-22,119.9912,111.2007,130.8585,4.17,3.71,1.46,2.25,14.08,62.22,58.18,3.67,6878.49
2025-12-23,119.7057,110.9116,130.5751,4.18,3.72,1.48,2.24,14.0,63.7,58.55,3.38,6909.79
2025-12-24,119.4372,110.7357,130.1991,4.15,3.7,1.46,2.24,13.47,63.7,58.72,3.31,6932.05
2025-12-25,,,,,,,,,,,,
2025-12-26,119.4723,110.8534,130.1404,4.14,3.68,1.46,2.22,13.6,,56.6,,6929.94
2025-12-29,119.5899,110.9004,130.3392,4.12,3.67,1.44,2.23,14.2,63.1,57.89,4.35,6905.74
2025-12-30,119.4939,110.8863,130.1494,4.14,3.68,1.43,2.25,14.33,62.3,57.79,4.4,6896.24
2025-12-31,119.7456,111.1906,130.3432,4.18,3.73,1.47,2.26,14.95,61.35,57.26,4.0,6845.5
2026-01-01,,,,,,,,,,,,
2026-01-02,119.6059,111.1765,130.0598,4.19,3.74,1.46,2.28,14.51,61.98,57.21,,6858.47
2026-01-05,119.6192,111.224,130.0344,4.17,3.71,1.42,2.29,14.9,63.0,58.1,2.82,6902.05
2026-01-06,119.7807,111.4737,130.0971,4.18,3.72,1.42,2.3,14.75,62.1,56.97,2.85,6944.82
2026-01-07,119.8719,111.5821,130.1695,4.15,3.7,1.4,2.3,15.38,61.08,56.01,3.1,6920.93
2026-01-08,120.0904,111.898,130.2797,4.19,3.74,1.43,2.31,15.45,63.34,57.74,2.92,6921.46
2026-01-09,120.2215,112.1658,130.2576,4.18,3.75,1.43,2.32,14.49,65.11,58.96,2.87,6966.28
2026-01-12,119.9958,111.8797,130.0982,4.19,3.77,1.41,2.36,15.12,65.4,59.39,2.9,6977.27
2026-01-13,120.1401,112.1474,130.1045,4.18,3.75,1.38,2.37,15.98,67.58,60.85,3.0,6963.74
2026-01-14,119.9537,111.9881,129.8862,4.15,3.72,1.36,2.36,16.75,68.87,61.84,3.13,6926.6
2026-01-15,119.9951,112.3552,129.5626,4.17,3.77,1.41,2.36,15.84,66.16,59.13,2.92,6944.47
2026-01-16,120.0838,112.4057,129.6946,4.24,3.82,1.43,2.39,15.86,66.97,59.4,3.06,6940.01
2026-01-19,,,,,,,,18.84,66.91,,,
2026-01-20,119.4455,111.3749,129.4923,4.3,3.86,1.46,2.4,20.09,67.68,60.3,4.0,6796.86
2026-01-21,119.3431,111.574,129.0498,4.26,3.83,1.41,2.42,16.9,66.72,60.38,4.96,6875.62
2026-01-22,119.1962,111.3071,129.0364,4.26,3.85,1.43,2.42,15.64,65.46,59.24,8.42,6913.35
2026-01-23,118.8976,110.8277,128.9393,4.24,3.84,1.38,2.46,16.09,68.16,60.7,30.72,6915.61
2026-01-26,118.0525,109.7855,128.3106,4.22,3.82,1.37,2.45,16.15,67.7,60.46,25.01,6950.23
2026-01-27,117.4523,108.9773,127.9422,4.24,3.81,1.34,2.47,16.35,70.28,62.04,17.19,6978.6
2026-01-28,117.5117,109.1437,127.8804,4.26,3.83,1.33,2.5,16.35,70.9,62.75,9.34,6978.03
2026-01-29,117.4396,108.9278,127.9713,4.24,3.8,1.28,2.52,16.88,71.0,64.77,10.25,6969.01
2026-01-30,117.8996,109.4427,128.3721,4.26,3.79,1.26,2.53,17.44,72.25,64.5,7.18,6939.03
2026-02-02,118.3609,110.2581,128.4354,4.29,3.83,1.31,2.52,16.34,67.72,61.6,4.4,6976.44
2026-02-03,117.9764,110.0384,127.862,4.28,3.83,1.3,2.53,18.0,70.01,62.62,4.11,6917.81
2026-02-04,118.2602,110.2946,128.179,4.29,3.83,1.32,2.51,18.64,71.15,64.56,6.88,6882.72
2026-02-05,118.5034,110.4375,128.5373,4.21,3.74,1.26,2.48,21.77,69.87,62.9,5.28,6798.4
2026-02-06,118.2407,110.2803,128.1537,4.22,3.76,1.26,2.5,17.76,70.45,63.77,4.37,6932.3
2026-02-09,117.6392,109.5435,127.7001,4.22,3.75,1.25,2.5,17.36,71.19,64.53,3.25,6964.82
2026-02-10,117.5216,109.3258,127.695,4.16,3.7,1.23,2.47,17.79,71.01,64.2,3.18,6941.81
2026-02-11,117.4601,109.3643,127.5197,4.18,3.75,1.26,2.49,17.65,71.52,64.8,3.25,6941.47
2026-02-12,117.5376,109.5434,127.4832,4.09,3.67,1.22,2.45,20.82,69.8,63.08,3.43,6832.76
2026-02-13,117.5258,109.5407,127.4607,4.04,3.61,1.19,2.42,20.6,69.96,63.05,3.24,6836.17
2026-02-16,,,,,,,,21.2,70.81,,,
2026-02-17,117.7375,109.9554,127.4456,4.05,3.63,1.24,2.39,20.29,69.77,62.53,3.13,6843.22
2026-02-18,117.8426,110.1605,127.4391,4.09,3.66,1.23,2.43,19.62,71.78,65.33,2.98,6881.31
2026-02-19,118.2354,110.571,127.8154,4.08,3.65,1.22,2.43,20.23,73.17,66.66,3.09,6861.89
2026-02-20,117.9917,110.4043,127.4833,4.08,3.65,1.22,2.43,19.09,72.75,66.69,3.15,6909.51
2026-02-23,117.9395,110.2366,127.5602,4.03,3.59,1.19,2.4,21.01,71.9,66.36,3.13,6837.75
2026-02-24,117.9463,110.4095,127.381,4.04,3.61,1.21,2.4,19.55,71.21,65.62,2.99,6890.07
2026-02-25,117.769,110.3145,127.1101,4.05,3.61,1.19,2.42,17.93,70.69,65.3,3.02,6946.13
2026-02-26,117.9042,110.4111,127.2897,4.02,3.57,1.14,2.43,18.63,71.66,65.1,2.94,6908.86
2026-02-27,117.8223,110.1581,127.3986,3.97,3.51,1.11,2.4,19.86,71.32,66.96,2.99,6878.88
2026-03-02,118.667,111.1435,128.093,4.05,3.62,1.16,2.46,21.44,77.24,71.13,2.99,6881.62
2026-03-03,119.4341,111.5389,129.2833,4.06,3.63,1.17,2.46,23.57,83.28,74.48,3.1,6816.63
2026-03-04,119.0705,111.2409,128.8428,4.09,3.67,1.21,2.46,21.15,81.56,74.58,2.87,6869.5
2026-03-05,119.5683,111.6796,129.4111,4.13,3.72,1.21,2.51,23.75,88.59,80.88,2.9,6830.71
2026-03-06,119.491,111.2778,129.699,4.15,3.72,1.16,2.56,29.49,95.74,90.77,3.1,6740.02
2026-03-09,119.5151,111.3146,129.7091,4.12,3.71,1.15,2.56,25.5,94.35,94.65,3.25,6795.99
2026-03-10,118.7255,110.8821,128.5107,4.15,3.73,1.2,2.53,24.93,89.84,83.71,3.08,6781.48
2026-03-11,119.2885,111.5092,129.0063,4.21,3.79,1.21,2.58,24.23,90.98,86.8,3.15,6775.8
2026-03-12,119.8227,111.8713,129.7382,4.27,3.88,1.25,2.63,27.29,102.38,95.61,3.27,6672.62
2026-03-13,120.5518,112.671,130.394,4.28,3.87,1.26,2.61,27.19,103.23,98.48,3.2,6632.19
2026-03-16,120.097,112.2613,129.8847,4.23,3.8,1.22,2.58,23.51,101.04,93.39,3.03,6699.38
2026-03-17,119.8328,112.0362,129.5744,4.2,3.79,1.17,2.62,22.37,108.39,96.01,3.14,6716.09
2026-03-18,119.9276,112.1698,129.6265,4.26,3.87,1.21,2.66,25.09,118.09,96.12,3.12,6624.7
2026-03-19,120.1802,112.1306,130.209,4.25,3.88,1.27,2.61,24.06,111.05,96.11,3.21,6606.49
2026-03-20,120.2757,112.1405,130.4018,4.39,4.01,1.38,2.63,26.78,118.42,98.71,3.04,6506.48
2026-03-23,119.9371,111.821,130.0389,4.34,3.95,1.42,2.53,26.15,103.79,89.33,2.94,6581.0
2026-03-24,120.1295,112.0147,130.2313,4.39,4.03,1.48,2.55,26.95,108.42,93.18,2.9,6556.37
2026-03-25,120.1282,112.1597,130.0653,4.33,3.96,1.45,2.51,25.33,109.14,91.51,2.94,6591.9
2026-03-26,120.389,112.4801,130.2614,4.42,4.08,1.52,2.56,27.44,113.39,96.18,2.99,6477.16
2026-03-27,120.8851,112.7767,130.9859,4.44,4.06,1.5,2.56,31.05,121.47,101.26,2.99,6368.85
2026-03-30,121.2851,113.2397,131.3181,4.35,3.97,1.4,2.57,30.61,121.88,104.69,2.88,6343.72
2026-03-31,121.035,113.0345,131.0155,4.3,3.92,1.38,2.54,25.25,126.69,102.86,2.88,6528.52
2026-04-01,120.1198,112.1602,130.0469,4.33,3.97,1.42,2.55,24.54,119.56,101.9,2.99,6575.32
2026-04-02,120.503,112.7288,130.2251,4.31,3.94,1.37,2.57,23.87,127.61,113.23,2.86,6582.69
2026-04-03,120.6565,112.9645,130.2878,4.35,3.99,1.38,2.61,,,,,
2026-04-06,120.4302,112.7505,130.0459,4.34,3.98,1.38,2.6,24.17,,114.01,3.04,6611.83
2026-04-07,120.32,112.6534,129.9201,4.33,3.95,1.34,2.61,25.78,138.21,114.58,3.01,6616.85
2026-04-08,119.0596,111.605,128.4118,4.29,3.92,1.36,2.56,21.04,122.11,96.17,2.78,6782.81
2026-04-09,118.8998,111.4404,128.2563,4.29,3.91,1.35,2.56,19.49,119.03,99.62,2.78,6824.66
2026-04-10,118.8552,111.4311,128.1718,4.31,3.94,1.36,2.58,19.23,119.07,98.34,2.64,6816.89
2026-04-13,118.9916,111.4743,128.4134,4.3,3.92,1.31,2.61,19.12,123.28,100.72,2.79,6886.24
2026-04-14,118.3581,110.789,127.8325,4.26,3.87,1.28,2.59,18.36,118.69,93.07,2.79,6967.38
2026-04-15,118.3623,110.7109,127.9288,4.29,3.9,1.29,2.61,18.17,114.93,93.04,2.78,7022.95
2026-04-16,118.3616,110.7475,127.8863,4.32,3.91,1.31,2.6,17.94,116.63,96.46,2.78,7041.28
2026-04-17,118.0795,110.4585,127.6095,4.26,3.84,1.28,2.56,17.48,98.63,85.91,2.71,7126.06
2026-04-20,118.2374,110.5327,127.8626,4.26,3.86,1.29,2.57,18.87,103.4,91.06,2.81,7109.14
2026-04-21,118.4331,110.7561,128.0288,4.3,3.91,1.31,2.6,19.5,106.14,93.64,2.76,7064.01
2026-04-22,118.6004,110.9953,128.117,4.3,3.91,1.3,2.61,18.92,113.44,94.76,2.75,7137.9
2026-04-23,118.7155,111.1013,128.2434,4.34,3.96,1.38,2.58,19.31,113.25,99.27,2.65,7108.4
2026-04-24,118.7294,111.0095,128.3759,4.31,3.92,1.31,2.61,18.71,111.86,98.42,2.54,7165.08
2026-04-27,118.5458,110.7759,128.2469,4.35,3.94,1.32,2.62,18.02,113.89,99.89,2.72,7173.91
2026-04-28,118.7717,111.059,128.4104,4.36,3.97,1.34,2.63,17.83,117.62,103.45,2.7,7138.8
2026-04-29,119.0975,111.2489,128.8916,4.42,4.05,1.38,2.67,18.81,124.16,110.47,2.6,7135.95
2026-04-30,118.671,110.5479,128.7708,4.4,4.02,1.35,2.67,16.89,124.24,108.64,2.64,7209.01
2026-05-01,118.3926,110.2913,128.4657,4.39,4.02,1.33,2.69,16.99,118.26,105.38,2.63,7230.12
2026-05-04,118.8264,110.7682,128.8541,4.45,4.08,1.36,2.72,18.29,,109.76,2.67,7200.75
2026-05-05,118.6207,110.7037,128.4877,4.43,4.08,1.41,2.67,17.38,114.51,105.66,2.83,7259.22
2026-05-06,118.0982,110.3898,127.7266,4.36,3.99,1.41,2.58,17.39,103.7,98.75,2.75,7365.12
2026-05-07,118.0116,110.3497,127.587,4.41,4.04,1.43,2.61,17.08,101.82,98.38,2.7,7337.11
2026-05-08,118.0392,110.4013,127.5879,4.38,4.02,1.4,2.62,17.19,103.48,98.87,2.75,7398.93
2026-05-11,118.0562,110.3395,127.6934,4.42,4.07,1.4,2.67,18.38,106.11,101.56,2.82,7412.84
2026-05-12,118.5238,110.8514,128.1153,4.46,4.12,1.43,2.69,17.99,111.37,105.78,2.91,7400.96
2026-05-13,118.4737,110.925,127.9262,4.46,4.12,1.42,2.7,17.87,110.28,104.52,2.88,7444.25
2026-05-14,118.6696,111.1852,128.0519,4.47,4.13,1.46,2.67,17.26,110.91,104.66,2.79,7501.24
2026-05-15,119.2825,111.7051,128.7739,4.59,4.26,1.56,2.7,18.43,113.96,108.99,2.89,7408.5
2026-05-18,119.0574,111.5095,128.5139,4.61,4.27,1.58,2.69,17.82,116.73,112.25,3.07,7403.05
2026-05-19,119.451,111.8276,128.9953,4.67,4.32,1.66,2.66,18.06,114.64,112.09,3.23,7353.61
2026-05-20,119.1624,111.632,128.6004,4.57,4.22,1.63,2.59,17.44,108.93,101.69,3.18,7432.97
2026-05-21,119.369,111.9292,128.7075,4.57,4.25,1.68,2.57,16.76,105.84,100.2,3.14,7445.72
2026-05-22,119.2868,111.8733,128.5954,4.56,4.27,1.73,2.54,16.7,106.9,100.35,2.92,7473.47
2026-05-25,,,,,,,,16.59,,,,
2026-05-26,119.1696,111.7727,128.4586,4.5,4.19,1.66,2.53,17.01,102.75,97.63,3.1,7519.12
2026-05-27,119.1829,111.811,128.4441,4.48,4.17,1.64,2.53,16.29,97.11,92.35,3.13,7520.36
2026-05-28,119.0318,111.6157,128.341,4.45,4.15,1.61,2.54,15.74,95.47,92.65,3.04,7563.63
2026-05-29,118.8783,111.3756,128.2828,4.45,4.13,1.61,2.52,15.32,92.88,91.16,3.34,7580.06
2026-06-01,119.1653,111.8461,128.3677,4.47,4.18,1.64,2.54,16.05,98.29,95.96,3.07,7599.96
2026-06-02,119.0359,111.7033,128.2521,4.46,4.17,1.65,2.52,15.77,98.49,97.47,2.97,7609.78
2026-06-03,119.3848,112.1275,128.5202,4.49,4.21,1.68,2.53,16.06,101.69,99.76,2.97,7553.68
2026-06-04,119.3615,111.9921,128.6216,4.47,4.18,1.7,2.48,15.4,98.98,96.83,3.08,7584.31
2026-06-05,120.0831,112.6846,129.382,4.55,4.29,1.81,2.48,21.51,97.29,94.32,3.05,7383.74
2026-06-08,120.034,112.6851,129.2771,4.56,4.29,1.82,2.47,18.92,97.46,95.0,3.1,7405.73
2026-06-09,119.9617,112.6426,129.1711,4.53,4.26,1.82,2.44,19.87,94.15,91.9,3.18,7386.65
2026-06-10,119.9134,112.6386,129.0731,4.55,4.27,1.83,2.44,22.22,95.73,93.68,3.27,7266.99
2026-06-11,120.1174,113.0404,129.0592,4.45,4.18,1.78,2.4,19.44,92.84,91.58,3.16,7394.3
2026-06-12,119.5073,112.5589,128.3014,4.48,4.21,1.82,2.39,17.68,88.64,88.62,3.06,7431.46
2026-06-15,119.3158,112.4209,128.0489,4.47,4.18,1.78,2.4,16.2,84.36,84.65,3.06,7554.29
2026-06-16,119.256,112.3447,128.0067,4.43,4.16,1.8,2.36,16.41,80.5,79.8,3.1,7511.35
2026-06-17,119.3871,112.5664,128.0389,4.49,4.27,1.96,2.31,18.44,80.33,80.65,3.25,7420.1
2026-06-18,120.3958,113.701,128.9187,4.46,4.23,1.96,2.27,16.4,79.35,80.35,3.08,7500.58
2026-06-19,,,,,,,,16.78,80.46,,,
2026-06-22,120.5463,113.9645,128.9465,4.51,4.29,2.01,2.28,17.28,76.49,78.94,3.16,7472.79
2026-06-23,121.0552,114.3516,129.594,4.5,4.27,2.03,2.24,19.49,75.69,74.62,3.15,7365.46
2026-06-24,121.412,114.6741,129.9919,4.41,4.17,1.98,2.19,18.63,72.09,71.42,3.19,7358.22
2026-06-25,121.0559,114.3107,129.6404,4.4,4.15,1.92,2.23,18.89,73.74,72.67,3.21,7357.49
2026-06-26,120.8866,114.2065,129.398,4.38,4.12,1.91,2.21,18.41,70.16,70.3,3.26,7354.02
2026-06-29,120.9525,114.1719,129.575,4.38,4.14,1.9,2.24,17.65,71.59,71.87,3.33,7440.43
2026-06-30,120.9248,114.2259,129.4572,4.44,4.19,1.93,2.26,16.45,70.46,70.56,3.34,7499.36
