day,month,year,daily_tpu_index
1,1,2015,0.0
2,1,2015,13.7741046831955
3,1,2015,13.4048257372654
4,1,2015,26.1437908496732
5,1,2015,84.3170320404721
6,1,2015,13.6612021857923
7,1,2015,38.3631713554987
8,1,2015,0.0
9,1,2015,22.2965440356744
10,1,2015,24.0963855421686
11,1,2015,35.7142857142857
12,1,2015,15.4083204930662
13,1,2015,40.5405405405405
14,1,2015,24.3605359317905
15,1,2015,39.0243902439024
16,1,2015,0.0
17,1,2015,13.0548302872062
18,1,2015,24.7524752475247
19,1,2015,0.0
20,1,2015,41.8410041841004
21,1,2015,0.0
22,1,2015,20.3458799593082
23,1,2015,43.3839479392624
24,1,2015,38.1194409148665
25,1,2015,12.9701686121919
26,1,2015,29.2825768667642
27,1,2015,13.4048257372654
28,1,2015,48.4848484848484
29,1,2015,0.0
30,1,2015,31.6455696202531
31,1,2015,37.1287128712871
1,2,2015,64.51612903225801
2,2,2015,62.8930817610062
3,2,2015,54.20054200542
4,2,2015,12.5470514429109
5,2,2015,9.9403578528827
6,2,2015,0.0
7,2,2015,12.5944584382871
8,2,2015,22.883295194508
9,2,2015,15.2905198776758
10,2,2015,14.0646976090014
11,2,2015,12.5
12,2,2015,19.7433366238894
13,2,2015,11.0375275938189
14,2,2015,12.7388535031847
15,2,2015,23.0149597238204
16,2,2015,39.0625
17,2,2015,29.8507462686567
18,2,2015,26.7022696929238
19,2,2015,10.2774922918807
20,2,2015,22.0750551876379
21,2,2015,99.626400996264
22,2,2015,22.6244343891402
23,2,2015,15.552099533437
24,2,2015,53.5475234270415
25,2,2015,24.6609124537607
26,2,2015,0.0
27,2,2015,22.2222222222222
28,2,2015,62.26650062266501
1,3,2015,37.6884422110552
2,3,2015,46.80187207488299
3,3,2015,51.9480519480519
4,3,2015,24.7831474597273
5,3,2015,0.0
6,3,2015,0.0
7,3,2015,12.531328320802
8,3,2015,11.1731843575418
9,3,2015,46.9483568075117
10,3,2015,26.525198938992
11,3,2015,0.0
12,3,2015,40.3225806451612
13,3,2015,0.0
14,3,2015,16.3934426229508
15,3,2015,45.2488687782805
16,3,2015,60.88280060882801
17,3,2015,0.0
18,3,2015,27.10027100271
19,3,2015,19.2492781520692
20,3,2015,11.3507377979568
21,3,2015,15.7232704402515
22,3,2015,11.6959064327485
23,3,2015,31.5457413249211
24,3,2015,28.4090909090909
25,3,2015,14.0646976090014
26,3,2015,10.0704934541792
27,3,2015,0.0
28,3,2015,16.3398692810457
29,3,2015,10.9051254089422
30,3,2015,16.8918918918918
31,3,2015,14.1643059490085
1,4,2015,26.6311584553928
2,4,2015,0.0
3,4,2015,27.5862068965517
4,4,2015,0.0
5,4,2015,33.003300330033
6,4,2015,0.0
7,4,2015,39.3184796854521
8,4,2015,13.4952766531713
9,4,2015,10.5042016806722
10,4,2015,11.7508813160987
11,4,2015,15.1057401812688
12,4,2015,0.0
13,4,2015,16.1550888529886
14,4,2015,14.4927536231884
15,4,2015,12.30012300123
16,4,2015,9.40733772342427
17,4,2015,45.4545454545454
18,4,2015,49.7512437810945
19,4,2015,11.001100110011
20,4,2015,32.8407224958949
21,4,2015,41.8410041841004
22,4,2015,38.3141762452107
23,4,2015,20.3252032520325
24,4,2015,11.2994350282485
25,4,2015,17.0357751277683
26,4,2015,11.3250283125707
27,4,2015,48.465266558966
28,4,2015,57.0613409415121
29,4,2015,40.5405405405405
30,4,2015,48.828125
1,5,2015,23.5849056603773
2,5,2015,16.260162601626
3,5,2015,33.0760749724366
4,5,2015,0.0
5,5,2015,42.5531914893617
6,5,2015,50.9554140127388
7,5,2015,10.1214574898785
8,5,2015,35.2112676056338
9,5,2015,51.81347150259059
10,5,2015,22.6500566251415
11,5,2015,33.1125827814569
12,5,2015,97.3574408901251
13,5,2015,77.1208226221079
14,5,2015,49.30966469428
15,5,2015,91.6380297823596
16,5,2015,82.37232289950569
17,5,2015,0.0
18,5,2015,129.65964343598
19,5,2015,82.6446280991735
20,5,2015,49.7512437810945
21,5,2015,0.0
22,5,2015,35.799522673031
23,5,2015,34.1296928327645
24,5,2015,23.3644859813084
25,5,2015,75.37688442211049
26,5,2015,15.7232704402515
27,5,2015,43.0416068866571
28,5,2015,20.3873598369011
29,5,2015,46.3499420625724
30,5,2015,85.0340136054421
31,5,2015,23.3372228704784
1,6,2015,48.465266558966
2,6,2015,62.5978090766823
3,6,2015,76.4331210191082
4,6,2015,40.2010050251256
5,6,2015,11.1482720178372
6,6,2015,16.1550888529886
7,6,2015,22.6244343891402
8,6,2015,0.0
9,6,2015,43.2900432900432
10,6,2015,26.3157894736842
11,6,2015,40.281973816717
12,6,2015,69.6055684454756
13,6,2015,50.7614213197969
14,6,2015,32.7153762268266
15,6,2015,99.1735537190082
16,6,2015,85.8369098712446
17,6,2015,78.9473684210526
18,6,2015,61.4754098360655
19,6,2015,93.8967136150234
20,6,2015,32.626427406199
21,6,2015,11.7647058823529
22,6,2015,119.86301369863
23,6,2015,29.5420974889217
24,6,2015,79.7872340425531
25,6,2015,21.7627856365614
26,6,2015,22.5988700564971
27,6,2015,33.4448160535117
28,6,2015,22.6244343891402
29,6,2015,33.8409475465313
30,6,2015,11.5874855156431
1,7,2015,44.9438202247191
2,7,2015,41.3223140495867
3,7,2015,0.0
4,7,2015,73.170731707317
5,7,2015,53.4045393858477
6,7,2015,35.5871886120996
7,7,2015,30.2571860816944
8,7,2015,0.0
9,7,2015,52.6870389884088
10,7,2015,0.0
11,7,2015,0.0
12,7,2015,12.0481927710843
13,7,2015,64.4122383252818
14,7,2015,14.8588410104011
15,7,2015,0.0
16,7,2015,10.3950103950103
17,7,2015,11.5874855156431
18,7,2015,33.4448160535117
19,7,2015,35.2526439482961
20,7,2015,17.2117039586919
21,7,2015,14.0845070422535
22,7,2015,0.0
23,7,2015,11.1358574610244
24,7,2015,34.9650349650349
25,7,2015,0.0
26,7,2015,25.062656641604
27,7,2015,51.81347150259059
28,7,2015,88.6262924667651
29,7,2015,13.1926121372031
30,7,2015,48.721071863581
31,7,2015,22.002200220022
1,8,2015,17.2711571675302
2,8,2015,14.0449438202247
3,8,2015,52.3560209424083
4,8,2015,43.103448275862
5,8,2015,13.531799729364
6,8,2015,62.6304801670146
7,8,2015,23.3100233100233
8,8,2015,17.2117039586919
9,8,2015,24.6609124537607
10,8,2015,139.372822299651
11,8,2015,85.3485064011379
12,8,2015,0.0
13,8,2015,38.1679389312977
14,8,2015,47.5059382422802
15,8,2015,51.9930675909878
16,8,2015,12.1506682867557
17,8,2015,90.5797101449275
18,8,2015,30.2571860816944
19,8,2015,13.477088948787
20,8,2015,24.3605359317905
21,8,2015,34.8027842227378
22,8,2015,43.103448275862
23,8,2015,23.2828870779976
24,8,2015,16.8067226890756
25,8,2015,14.2045454545454
26,8,2015,13.3689839572192
27,8,2015,35.5871886120996
28,8,2015,48.1927710843373
29,8,2015,17.2117039586919
30,8,2015,44.3951165371809
31,8,2015,32.258064516129
1,9,2015,72.6744186046511
2,9,2015,51.8806744487678
3,9,2015,59.0318772136953
4,9,2015,34.7222222222222
5,9,2015,16.5016501650165
6,9,2015,33.0396475770925
7,9,2015,0.0
8,9,2015,29.9850074962518
9,9,2015,12.3609394313967
10,9,2015,0.0
11,9,2015,22.1483942414174
12,9,2015,16.2337662337662
13,9,2015,0.0
14,9,2015,28.8600288600288
15,9,2015,69.8324022346368
16,9,2015,39.0625
17,9,2015,22.9885057471264
18,9,2015,11.1731843575418
19,9,2015,0.0
20,9,2015,61.7283950617283
21,9,2015,28.9017341040462
22,9,2015,0.0
23,9,2015,23.5849056603773
24,9,2015,10.7642626480086
25,9,2015,33.9750849377123
26,9,2015,55.9440559440559
27,9,2015,9.46969696969697
28,9,2015,40.2144772117962
29,9,2015,13.3868808567603
30,9,2015,24.6913580246913
1,10,2015,32.9308452250274
2,10,2015,10.3305785123966
3,10,2015,57.5539568345323
4,10,2015,69.5134061569016
5,10,2015,27.027027027027
6,10,2015,120.643431635388
7,10,2015,93.0232558139534
8,10,2015,84.3881856540084
9,10,2015,64.3776824034334
10,10,2015,50.7614213197969
11,10,2015,21.6450216450216
12,10,2015,29.3255131964809
13,10,2015,28.2087447108603
14,10,2015,12.5786163522012
15,10,2015,31.6455696202531
16,10,2015,64.6551724137931
17,10,2015,35.3356890459363
18,10,2015,10.6269925611052
19,10,2015,133.531157270029
20,10,2015,131.578947368421
21,10,2015,144.752714113389
22,10,2015,73.1452455590386
23,10,2015,42.7350427350427
24,10,2015,38.9105058365758
25,10,2015,41.8410041841004
26,10,2015,49.0196078431372
27,10,2015,42.6742532005689
28,10,2015,155.31660692951
29,10,2015,11.049723756906
30,10,2015,0.0
31,10,2015,17.7619893428063
1,11,2015,11.4678899082568
2,11,2015,31.4465408805031
3,11,2015,0.0
4,11,2015,36.90036900369
5,11,2015,55.5555555555555
6,11,2015,80.92485549132941
7,11,2015,70.7964601769911
8,11,2015,11.3636363636363
9,11,2015,95.38950715421299
10,11,2015,41.66666666666659
11,11,2015,12.9366106080207
12,11,2015,42.7350427350427
13,11,2015,68.8073394495412
14,11,2015,33.3889816360601
15,11,2015,10.9051254089422
16,11,2015,16.3132137030995
17,11,2015,0.0
18,11,2015,13.6239782016348
19,11,2015,22.3964165733482
20,11,2015,11.1982082866741
21,11,2015,16.7785234899328
22,11,2015,11.8203309692671
23,11,2015,16.2074554294975
24,11,2015,41.5512465373961
25,11,2015,39.4736842105263
26,11,2015,29.2397660818713
27,11,2015,66.7556742323097
28,11,2015,0.0
29,11,2015,0.0
30,11,2015,31.8979266347687
1,12,2015,28.8184438040345
2,12,2015,39.68253968253961
3,12,2015,10.8108108108108
4,12,2015,22.8571428571428
5,12,2015,0.0
6,12,2015,46.1361014994233
7,12,2015,0.0
8,12,2015,42.13483146067411
9,12,2015,13.1578947368421
10,12,2015,33.2594235033259
11,12,2015,11.0987791342952
12,12,2015,17.3310225303292
13,12,2015,34.7624565469293
14,12,2015,0.0
15,12,2015,0.0
16,12,2015,25.2525252525252
17,12,2015,22.7014755959137
18,12,2015,21.1193241816261
19,12,2015,48.9396411092985
20,12,2015,58.13953488372091
21,12,2015,94.78672985781989
22,12,2015,41.7246175243393
23,12,2015,39.6301188903566
24,12,2015,52.0156046814044
25,12,2015,22.0750551876379
26,12,2015,20.8768267223382
27,12,2015,0.0
28,12,2015,0.0
29,12,2015,73.7463126843657
30,12,2015,67.024128686327
31,12,2015,41.7246175243393
1,1,2016,35.1493848857644
2,1,2016,38.3141762452107
3,1,2016,39.8936170212765
4,1,2016,14.9925037481259
5,1,2016,52.9801324503311
6,1,2016,12.9032258064516
7,1,2016,54.3478260869565
8,1,2016,0.0
9,1,2016,0.0
10,1,2016,12.30012300123
11,1,2016,29.4985250737463
12,1,2016,12.30012300123
13,1,2016,11.6279069767441
14,1,2016,21.0748155953635
15,1,2016,55.1876379690949
16,1,2016,32.2061191626409
17,1,2016,46.7289719626168
18,1,2016,69.9300699300699
19,1,2016,57.8034682080924
20,1,2016,46.6200466200466
21,1,2016,0.0
22,1,2016,10.6044538706256
23,1,2016,32.0
24,1,2016,36.9913686806411
25,1,2016,43.0416068866571
26,1,2016,82.53094910591469
27,1,2016,24.0673886883273
28,1,2016,10.4602510460251
29,1,2016,32.119914346895
30,1,2016,51.3698630136986
31,1,2016,46.8384074941452
1,2,2016,29.8507462686567
2,2,2016,12.6262626262626
3,2,2016,23.2288037166085
4,2,2016,33.5946248600223
5,2,2016,41.7536534446764
6,2,2016,17.0648464163822
7,2,2016,48.076923076923
8,2,2016,58.5651537335285
9,2,2016,13.5685210312075
10,2,2016,37.1287128712871
11,2,2016,0.0
12,2,2016,52.9661016949152
13,2,2016,17.1232876712328
14,2,2016,34.6420323325635
15,2,2016,33.3333333333333
16,2,2016,71.6332378223495
17,2,2016,36.90036900369
18,2,2016,22.4971878515185
19,2,2016,20.964360587002
20,2,2016,16.9204737732656
21,2,2016,45.7142857142857
22,2,2016,0.0
23,2,2016,0.0
24,2,2016,36.144578313253
25,2,2016,0.0
26,2,2016,20.8550573514077
27,2,2016,17.094017094017
28,2,2016,44.8933782267115
29,2,2016,78.0031201248049
1,3,2016,51.81347150259059
2,3,2016,60.9756097560975
3,3,2016,57.6701268742791
4,3,2016,44.2967884828349
5,3,2016,30.8166409861325
6,3,2016,43.2900432900432
7,3,2016,113.154172560113
8,3,2016,38.860103626943
9,3,2016,34.6020761245674
10,3,2016,56.7536889897843
11,3,2016,58.411214953271
12,3,2016,84.8896434634974
13,3,2016,49.3218249075215
14,3,2016,63.6942675159235
15,3,2016,0.0
16,3,2016,36.6748166259168
17,3,2016,45.61003420752559
18,3,2016,0.0
19,3,2016,61.4439324116743
20,3,2016,65.5021834061135
21,3,2016,57.8871201157742
22,3,2016,26.1780104712041
23,3,2016,24.6305418719211
24,3,2016,53.9374325782092
25,3,2016,47.28132387706849
26,3,2016,33.9558573853989
27,3,2016,50.9554140127388
28,3,2016,35.4609929078014
29,3,2016,39.0117035110533
30,3,2016,95.1248513674197
31,3,2016,109.890109890109
1,4,2016,117.647058823529
2,4,2016,53.2859680284191
3,4,2016,63.3579725448785
4,4,2016,35.4609929078014
5,4,2016,101.137800252844
6,4,2016,26.1780104712041
7,4,2016,22.2469410456062
8,4,2016,64.3086816720257
9,4,2016,50.0
10,4,2016,47.8468899521531
11,4,2016,196.483971044467
12,4,2016,39.0117035110533
13,4,2016,34.8027842227378
14,4,2016,54.2888165038002
15,4,2016,0.0
16,4,2016,17.2413793103448
17,4,2016,23.5294117647058
18,4,2016,47.77070063694261
19,4,2016,53.1914893617021
20,4,2016,0.0
21,4,2016,11.87648456057
22,4,2016,56.3063063063063
23,4,2016,69.20415224913489
24,4,2016,11.87648456057
25,4,2016,29.585798816568
26,4,2016,68.0272108843537
27,4,2016,23.8663484486873
28,4,2016,45.5580865603644
29,4,2016,41.5800415800415
30,4,2016,16.3666121112929
1,5,2016,23.0414746543778
2,5,2016,36.4298724954462
3,5,2016,38.6100386100386
4,5,2016,46.3499420625724
5,5,2016,62.81407035175879
6,5,2016,31.6455696202531
7,5,2016,73.2600732600732
8,5,2016,12.4378109452736
9,5,2016,90.09009009009
10,5,2016,54.719562243502
11,5,2016,75.5429650613786
12,5,2016,21.6450216450216
13,5,2016,34.6820809248554
14,5,2016,0.0
15,5,2016,36.5853658536585
16,5,2016,71.7360114777618
17,5,2016,42.5531914893617
18,5,2016,92.2266139657444
19,5,2016,45.7142857142857
20,5,2016,57.5263662511984
21,5,2016,92.4214417744916
22,5,2016,60.9013398294762
23,5,2016,63.6942675159235
24,5,2016,38.8349514563106
25,5,2016,92.1052631578947
26,5,2016,21.9780219780219
27,5,2016,24.6609124537607
28,5,2016,35.84229390681
29,5,2016,50.8905852417302
30,5,2016,52.08333333333329
31,5,2016,271.844660194174
1,6,2016,50.5050505050505
2,6,2016,49.56629491945471
3,6,2016,21.9058050383351
4,6,2016,57.1428571428571
5,6,2016,13.3155792276964
6,6,2016,46.9483568075117
7,6,2016,43.103448275862
8,6,2016,60.02400960384151
9,6,2016,57.9374275782155
10,6,2016,84.2358604091456
11,6,2016,94.8766603415559
12,6,2016,0.0
13,6,2016,74.29420505200589
14,6,2016,27.4725274725274
15,6,2016,60.02400960384151
16,6,2016,89.6860986547085
17,6,2016,146.067415730337
18,6,2016,17.5131348511383
19,6,2016,59.171597633136
20,6,2016,75.87253414264029
21,6,2016,106.100795755968
22,6,2016,50.5050505050505
23,6,2016,65.0195058517555
24,6,2016,83.955223880597
25,6,2016,266.429840142095
26,6,2016,95.1248513674197
27,6,2016,61.82380216383299
28,6,2016,139.53488372093
29,6,2016,145.888594164456
30,6,2016,124.069478908188
1,7,2016,60.5326876513317
2,7,2016,19.3798449612403
3,7,2016,28.4090909090909
4,7,2016,47.5059382422802
5,7,2016,17.7304964539007
6,7,2016,55.9440559440559
7,7,2016,0.0
8,7,2016,20.1816347124117
9,7,2016,99.1735537190082
10,7,2016,52.562417871222
11,7,2016,80.97165991902831
12,7,2016,60.1503759398496
13,7,2016,26.4900662251655
14,7,2016,49.6277915632754
15,7,2016,52.219321148825
16,7,2016,78.125
17,7,2016,25.2206809583858
18,7,2016,68.3760683760683
19,7,2016,28.7769784172661
20,7,2016,12.8369704749679
21,7,2016,35.4191263282172
22,7,2016,45.61003420752559
23,7,2016,58.3657587548638
24,7,2016,13.4589502018842
25,7,2016,34.7826086956521
26,7,2016,116.279069767441
27,7,2016,92.7152317880794
28,7,2016,89.1719745222929
29,7,2016,34.2465753424657
30,7,2016,56.1797752808988
31,7,2016,13.550135501355
1,8,2016,72.072072072072
2,8,2016,64.8298217179902
3,8,2016,58.5651537335285
4,8,2016,53.3333333333333
5,8,2016,12.6262626262626
6,8,2016,0.0
7,8,2016,38.3141762452107
8,8,2016,107.719928186714
9,8,2016,59.7014925373134
10,8,2016,55.1724137931034
11,8,2016,52.8401585204755
12,8,2016,47.9041916167664
13,8,2016,90.5797101449275
14,8,2016,38.1194409148665
15,8,2016,106.007067137809
16,8,2016,30.4878048780487
17,8,2016,40.983606557377
18,8,2016,25.3164556962025
19,8,2016,39.1644908616187
20,8,2016,53.66726296958851
21,8,2016,0.0
22,8,2016,108.303249097472
23,8,2016,77.3993808049535
24,8,2016,29.8953662182361
25,8,2016,13.3689839572192
26,8,2016,12.8865979381443
27,8,2016,0.0
28,8,2016,28.0504908835904
29,8,2016,19.1570881226053
30,8,2016,0.0
31,8,2016,58.39416058394161
1,9,2016,39.1644908616187
2,9,2016,52.4246395806028
3,9,2016,77.66990291262131
4,9,2016,28.6123032904148
5,9,2016,67.56756756756751
6,9,2016,83.4724540901502
7,9,2016,54.4217687074829
8,9,2016,13.1752305665349
9,9,2016,25.4777070063694
10,9,2016,18.6567164179104
11,9,2016,12.3609394313967
12,9,2016,34.3053173241852
13,9,2016,30.2571860816944
14,9,2016,13.6612021857923
15,9,2016,12.5
16,9,2016,50.125313283208
17,9,2016,37.3831775700934
18,9,2016,24.6305418719211
19,9,2016,71.4285714285714
20,9,2016,57.7200577200577
21,9,2016,41.4364640883977
22,9,2016,59.171597633136
23,9,2016,35.0058343057176
24,9,2016,17.8571428571428
25,9,2016,12.1212121212121
26,9,2016,103.448275862068
27,9,2016,70.5218617771509
28,9,2016,91.9842312746386
29,9,2016,73.170731707317
30,9,2016,47.78972520908
1,10,2016,54.5454545454545
2,10,2016,38.3141762452107
3,10,2016,35.0877192982456
4,10,2016,16.0
5,10,2016,67.29475100942119
6,10,2016,37.6411543287327
7,10,2016,52.6315789473684
8,10,2016,106.951871657754
9,10,2016,12.8700128700128
10,10,2016,140.845070422535
11,10,2016,93.45794392523361
12,10,2016,27.027027027027
13,10,2016,0.0
14,10,2016,51.0204081632653
15,10,2016,52.6315789473684
16,10,2016,37.1287128712871
17,10,2016,151.006711409395
18,10,2016,31.4465408805031
19,10,2016,55.8659217877095
20,10,2016,11.8623962040332
21,10,2016,23.8095238095238
22,10,2016,56.7107750472589
23,10,2016,49.8753117206982
24,10,2016,142.857142857142
25,10,2016,44.8430493273542
26,10,2016,41.2087912087912
27,10,2016,71.68458781362
28,10,2016,85.05467800729039
29,10,2016,52.2648083623693
30,10,2016,12.7388535031847
31,10,2016,33.0578512396694
1,11,2016,14.6412884333821
2,11,2016,68.4931506849315
3,11,2016,72.1153846153846
4,11,2016,70.1754385964912
5,11,2016,56.9259962049335
6,11,2016,37.5469336670838
7,11,2016,140.105078809106
8,11,2016,45.3172205438066
9,11,2016,108.843537414965
10,11,2016,262.52983293556
11,11,2016,259.128386336866
12,11,2016,218.579234972677
13,11,2016,85.88957055214719
14,11,2016,202.360876897133
15,11,2016,92.0245398773006
16,11,2016,81.4111261872455
17,11,2016,145.454545454545
18,11,2016,108.695652173913
19,11,2016,69.20415224913489
20,11,2016,73.8916256157635
21,11,2016,139.372822299651
22,11,2016,60.2409638554216
23,11,2016,215.05376344086
24,11,2016,90.5797101449275
25,11,2016,80.12820512820511
26,11,2016,117.416829745596
27,11,2016,39.26701570680621
28,11,2016,52.3560209424083
29,11,2016,163.398692810457
30,11,2016,112.517580872011
1,12,2016,119.4743130227
2,12,2016,137.32833957553
3,12,2016,158.415841584158
4,12,2016,98.2800982800982
5,12,2016,99.8336106489184
6,12,2016,159.883720930232
7,12,2016,257.510729613733
8,12,2016,127.226463104325
9,12,2016,111.662531017369
10,12,2016,185.567010309278
11,12,2016,67.4763832658569
12,12,2016,123.239436619718
13,12,2016,197.268588770864
14,12,2016,116.618075801749
15,12,2016,63.13131313131311
16,12,2016,76.0456273764258
17,12,2016,55.9701492537313
18,12,2016,13.4952766531713
19,12,2016,108.499095840868
20,12,2016,144.462279293739
21,12,2016,42.8571428571428
22,12,2016,120.160213618157
23,12,2016,81.19079837618399
24,12,2016,0.0
25,12,2016,49.7512437810945
26,12,2016,56.98005698005689
27,12,2016,135.746606334841
28,12,2016,116.279069767441
29,12,2016,86.35578583765111
30,12,2016,72.5689404934688
31,12,2016,43.1965442764578
1,1,2017,56.1009817671809
2,1,2017,51.41388174807189
3,1,2017,72.7272727272727
4,1,2017,123.839009287925
5,1,2017,93.3333333333333
6,1,2017,116.429495472186
7,1,2017,72.072072072072
8,1,2017,55.1724137931034
9,1,2017,141.509433962264
10,1,2017,157.977883096366
11,1,2017,106.951871657754
12,1,2017,75.28230865746539
13,1,2017,147.058823529411
14,1,2017,70.5467372134038
15,1,2017,78.22685788787479
16,1,2017,210.084033613445
17,1,2017,487.012987012987
18,1,2017,260.545905707196
19,1,2017,150.943396226415
20,1,2017,223.79269729093
21,1,2017,180.623973727422
22,1,2017,93.7081659973226
23,1,2017,196.428571428571
24,1,2017,298.742138364779
25,1,2017,331.325301204819
26,1,2017,175.658720200752
27,1,2017,433.12101910828
28,1,2017,197.841726618705
29,1,2017,106.951871657754
30,1,2017,173.91304347826
31,1,2017,210.526315789473
1,2,2017,166.666666666666
2,2,2017,161.490683229813
3,2,2017,136.476426799007
4,2,2017,76.77543186180421
5,2,2017,118.265440210249
6,2,2017,70.5467372134038
7,2,2017,125.984251968503
8,2,2017,262.773722627737
9,2,2017,104.575163398692
10,2,2017,89.74358974358971
11,2,2017,73.9371534195933
12,2,2017,80.53691275167779
13,2,2017,195.38188277087
14,2,2017,177.419354838709
15,2,2017,99.57325746799431
16,2,2017,162.094763092269
17,2,2017,61.1995104039167
18,2,2017,98.0392156862745
19,2,2017,102.04081632653
20,2,2017,84.5665961945031
21,2,2017,89.4454382826475
22,2,2017,29.8953662182361
23,2,2017,135.135135135135
24,2,2017,157.068062827225
25,2,2017,93.984962406015
26,2,2017,84.6432889963724
27,2,2017,289.115646258503
28,2,2017,110.062893081761
1,3,2017,121.457489878542
2,3,2017,131.42174432497
3,3,2017,70.754716981132
4,3,2017,74.3494423791821
5,3,2017,125.786163522012
6,3,2017,140.597539543057
7,3,2017,30.5343511450381
8,3,2017,101.156069364161
9,3,2017,72.8155339805825
10,3,2017,37.8787878787878
11,3,2017,35.4609929078014
12,3,2017,81.6326530612245
13,3,2017,32.8947368421052
14,3,2017,124.804992199688
15,3,2017,190.615835777126
16,3,2017,101.351351351351
17,3,2017,106.132075471698
18,3,2017,55.350553505535
19,3,2017,53.1914893617021
20,3,2017,137.931034482758
21,3,2017,188.679245283018
22,3,2017,89.28571428571419
23,3,2017,72.639225181598
24,3,2017,47.0035252643948
25,3,2017,18.796992481203
26,3,2017,49.2610837438423
27,3,2017,132.075471698113
28,3,2017,112.359550561797
29,3,2017,152.777777777777
30,3,2017,90.2061855670103
31,3,2017,50.1882057716436
1,4,2017,215.439856373429
2,4,2017,37.6884422110552
3,4,2017,166.666666666666
4,4,2017,101.694915254237
5,4,2017,108.527131782945
6,4,2017,177.43979721166
7,4,2017,122.399020807833
8,4,2017,35.0262697022767
9,4,2017,37.7358490566037
10,4,2017,35.84229390681
11,4,2017,16.4473684210526
12,4,2017,60.2409638554216
13,4,2017,94.5945945945946
14,4,2017,14.9700598802395
15,4,2017,101.214574898785
16,4,2017,69.4444444444444
17,4,2017,86.021505376344
18,4,2017,129.032258064516
19,4,2017,43.6681222707423
20,4,2017,61.6522811344019
21,4,2017,135.31799729364
22,4,2017,107.296137339055
23,4,2017,69.8324022346368
24,4,2017,90.9090909090909
25,4,2017,154.559505409582
26,4,2017,136.986301369863
27,4,2017,185.414091470951
28,4,2017,172.811059907834
29,4,2017,51.9031141868512
30,4,2017,78.43137254901961
1,5,2017,39.0625
2,5,2017,142.630744849445
3,5,2017,68.5871056241426
4,5,2017,48.721071863581
5,5,2017,0.0
6,5,2017,55.452865064695
7,5,2017,77.6196636481241
8,5,2017,17.7935943060498
9,5,2017,64.1025641025641
10,5,2017,55.8659217877095
11,5,2017,50.7614213197969
12,5,2017,75.66204287515761
13,5,2017,56.0747663551401
14,5,2017,23.5849056603773
15,5,2017,93.2835820895522
16,5,2017,31.4465408805031
17,5,2017,14.1442715700141
18,5,2017,76.2388818297331
19,5,2017,85.88957055214719
20,5,2017,71.4285714285714
21,5,2017,11.3895216400911
22,5,2017,127.041742286751
23,5,2017,15.6739811912225
24,5,2017,69.5410292072322
25,5,2017,64.85084306095979
26,5,2017,50.0625782227784
27,5,2017,56.1797752808988
28,5,2017,60.6796116504854
29,5,2017,24.5700245700245
30,5,2017,57.6923076923076
31,5,2017,30.9119010819165
1,6,2017,79.6812749003984
2,6,2017,86.84863523573199
3,6,2017,38.0228136882129
4,6,2017,36.231884057971
5,6,2017,54.6448087431694
6,6,2017,0.0
7,6,2017,57.30659025787961
8,6,2017,25.1572327044025
9,6,2017,47.3933649289099
10,6,2017,127.504553734061
11,6,2017,11.6686114352392
12,6,2017,52.7240773286467
13,6,2017,110.584518167456
14,6,2017,27.5482093663911
15,6,2017,25.412960609911
16,6,2017,36.4520048602673
17,6,2017,72.7272727272727
18,6,2017,50.1882057716436
19,6,2017,129.629629629629
20,6,2017,119.225037257824
21,6,2017,93.5828877005347
22,6,2017,61.1246943765281
23,6,2017,86.3131935881627
24,6,2017,0.0
25,6,2017,37.4064837905236
26,6,2017,18.796992481203
27,6,2017,45.3857791225416
28,6,2017,58.5651537335285
29,6,2017,95.8904109589041
30,6,2017,113.78002528445
1,7,2017,37.593984962406
2,7,2017,62.5
3,7,2017,74.2115027829313
4,7,2017,127.659574468085
5,7,2017,137.931034482758
6,7,2017,27.5862068965517
7,7,2017,91.3838120104438
8,7,2017,116.279069767441
9,7,2017,100.502512562814
10,7,2017,36.036036036036
11,7,2017,51.28205128205121
12,7,2017,89.41877794336811
13,7,2017,78.0234070221066
14,7,2017,36.231884057971
15,7,2017,37.7358490566037
16,7,2017,37.037037037037
17,7,2017,110.49723756906
18,7,2017,100.0
19,7,2017,72.3589001447178
20,7,2017,64.3500643500643
21,7,2017,62.7352572145545
22,7,2017,96.3391136801541
23,7,2017,49.5049504950495
24,7,2017,75.7575757575757
25,7,2017,15.7480314960629
26,7,2017,14.7492625368731
27,7,2017,53.83580080753701
28,7,2017,113.350125944584
29,7,2017,59.40594059405939
30,7,2017,28.2485875706214
31,7,2017,38.1679389312977
1,8,2017,51.0204081632653
2,8,2017,76.10350076103501
3,8,2017,54.2740841248303
4,8,2017,76.6283524904214
5,8,2017,21.2314225053078
6,8,2017,82.87292817679551
7,8,2017,19.3423597678916
8,8,2017,50.5050505050505
9,8,2017,0.0
10,8,2017,13.9860139860139
11,8,2017,37.3134328358208
12,8,2017,81.6326530612245
13,8,2017,26.595744680851
14,8,2017,110.294117647058
15,8,2017,32.4675324675324
16,8,2017,164.670658682634
17,8,2017,80.97165991902831
18,8,2017,26.4550264550264
19,8,2017,62.2406639004149
20,8,2017,56.81818181818181
21,8,2017,39.0625
22,8,2017,69.0846286701208
23,8,2017,30.3030303030303
24,8,2017,14.1242937853107
25,8,2017,26.3852242744063
26,8,2017,60.60606060606059
27,8,2017,64.85084306095979
28,8,2017,37.9506641366223
29,8,2017,66.6666666666666
30,8,2017,89.5522388059701
31,8,2017,80.7537012113055
1,9,2017,38.3631713554987
2,9,2017,77.9727095516569
3,9,2017,108.303249097472
4,9,2017,66.8151447661469
5,9,2017,68.9655172413793
6,9,2017,55.0964187327823
7,9,2017,53.6912751677852
8,9,2017,11.6959064327485
9,9,2017,36.7647058823529
10,9,2017,32.9670329670329
11,9,2017,0.0
12,9,2017,77.76049766718499
13,9,2017,13.5685210312075
14,9,2017,39.9467376830892
15,9,2017,24.5398773006135
16,9,2017,74.074074074074
17,9,2017,86.84863523573199
18,9,2017,17.2117039586919
19,9,2017,32.1543408360128
20,9,2017,42.8571428571428
21,9,2017,41.5512465373961
22,9,2017,12.5786163522012
23,9,2017,56.6037735849056
24,9,2017,11.6279069767441
25,9,2017,33.3333333333333
26,9,2017,139.968895800933
27,9,2017,91.8635170603674
28,9,2017,50.6970849176172
29,9,2017,131.89448441247
30,9,2017,18.8323917137476
1,10,2017,63.8569604086845
2,10,2017,0.0
3,10,2017,35.3356890459363
4,10,2017,47.3933649289099
5,10,2017,42.3131170662905
6,10,2017,52.1512385919165
7,10,2017,73.394495412844
8,10,2017,76.6283524904214
9,10,2017,0.0
10,10,2017,51.5463917525773
11,10,2017,29.940119760479
12,10,2017,29.9850074962518
13,10,2017,40.70556309362269
14,10,2017,55.350553505535
15,10,2017,38.809831824062
16,10,2017,75.4716981132075
17,10,2017,102.04081632653
18,10,2017,116.959064327485
19,10,2017,59.880239520958
20,10,2017,43.7317784256559
21,10,2017,79.84031936127741
22,10,2017,37.5
23,10,2017,20.5338809034907
24,10,2017,68.7285223367697
25,10,2017,47.3933649289099
26,10,2017,59.171597633136
27,10,2017,51.9480519480519
28,10,2017,17.5438596491228
29,10,2017,20.3873598369011
30,10,2017,39.2927308447937
31,10,2017,0.0
1,11,2017,65.5737704918032
2,11,2017,45.1127819548872
3,11,2017,64.1025641025641
4,11,2017,37.1057513914656
5,11,2017,0.0
6,11,2017,115.384615384615
7,11,2017,0.0
8,11,2017,15.8730158730158
9,11,2017,0.0
10,11,2017,65.78947368421049
11,11,2017,57.2519083969465
12,11,2017,63.9386189258312
13,11,2017,71.04795737122551
14,11,2017,113.268608414239
15,11,2017,88.6262924667651
16,11,2017,42.6136363636363
17,11,2017,39.8936170212765
18,11,2017,18.8323917137476
19,11,2017,0.0
20,11,2017,79.2079207920792
21,11,2017,88.49557522123891
22,11,2017,47.8468899521531
23,11,2017,37.593984962406
24,11,2017,33.5570469798657
25,11,2017,67.1140939597315
26,11,2017,0.0
27,11,2017,21.4592274678111
28,11,2017,36.90036900369
29,11,2017,32.258064516129
30,11,2017,15.1975683890577
1,12,2017,55.6328233657858
2,12,2017,19.4552529182879
3,12,2017,12.4688279301745
4,12,2017,77.9727095516569
5,12,2017,53.0973451327433
6,12,2017,45.3857791225416
7,12,2017,16.1550888529886
8,12,2017,29.4117647058823
9,12,2017,39.21568627450981
10,12,2017,27.5482093663911
11,12,2017,80.8080808080808
12,12,2017,32.1543408360128
13,12,2017,38.1194409148665
14,12,2017,77.76049766718499
15,12,2017,72.7802037845706
16,12,2017,115.606936416184
17,12,2017,84.6262341325811
18,12,2017,106.157112526539
19,12,2017,73.2600732600732
20,12,2017,17.9533213644524
21,12,2017,31.2989045383411
22,12,2017,31.3479623824451
23,12,2017,108.459869848156
24,12,2017,0.0
25,12,2017,33.8983050847457
26,12,2017,0.0
27,12,2017,0.0
28,12,2017,58.252427184466
29,12,2017,16.8350168350168
30,12,2017,96.6183574879227
31,12,2017,41.8994413407821
1,1,2018,27.4725274725274
2,1,2018,107.296137339055
3,1,2018,17.8571428571428
4,1,2018,67.2268907563025
5,1,2018,60.6980273141122
6,1,2018,58.252427184466
7,1,2018,27.6625172890733
8,1,2018,125.786163522012
9,1,2018,36.2976406533575
10,1,2018,48.7012987012987
11,1,2018,108.864696734059
12,1,2018,56.338028169014
13,1,2018,18.6219739292365
14,1,2018,41.7246175243393
15,1,2018,0.0
16,1,2018,134.615384615384
17,1,2018,49.5049504950495
18,1,2018,48.85993485342009
19,1,2018,0.0
20,1,2018,20.4498977505112
21,1,2018,69.4444444444444
22,1,2018,40.650406504065
23,1,2018,143.112701252236
24,1,2018,263.591433278418
25,1,2018,135.593220338983
26,1,2018,142.405063291139
27,1,2018,165.289256198347
28,1,2018,18.1818181818181
29,1,2018,45.97701149425281
30,1,2018,144.665461121157
31,1,2018,31.8979266347687
1,2,2018,90.9090909090909
2,2,2018,88.3652430044182
3,2,2018,39.9201596806387
4,2,2018,42.4929178470255
5,2,2018,104.82180293501
6,2,2018,55.350553505535
7,2,2018,119.402985074626
8,2,2018,63.6942675159235
9,2,2018,58.8235294117647
10,2,2018,77.8210116731517
11,2,2018,40.8719346049046
12,2,2018,19.2678227360308
13,2,2018,18.450184501845
14,2,2018,30.441400304414
15,2,2018,16.2337662337662
16,2,2018,30.7219662058371
17,2,2018,116.504854368932
18,2,2018,25.0312891113892
19,2,2018,0.0
20,2,2018,57.0342205323193
21,2,2018,84.17508417508411
22,2,2018,17.1821305841924
23,2,2018,30.1659125188536
24,2,2018,18.6915887850467
25,2,2018,27.5862068965517
26,2,2018,130.151843817787
27,2,2018,134.874759152215
28,2,2018,84.6023688663282
1,3,2018,147.783251231527
2,3,2018,224.887556221889
3,3,2018,530.785562632696
4,3,2018,143.603133159268
5,3,2018,373.28094302554
6,3,2018,292.504570383912
7,3,2018,257.648953301127
8,3,2018,558.912386706948
9,3,2018,453.879941434846
10,3,2018,454.545454545454
11,3,2018,255.7200538358
12,3,2018,253.90625
13,3,2018,311.418685121107
14,3,2018,341.085271317829
15,3,2018,382.436260623229
16,3,2018,271.428571428571
17,3,2018,183.48623853211
18,3,2018,67.1140939597315
19,3,2018,244.897959183673
20,3,2018,122.164048865619
21,3,2018,221.169036334913
22,3,2018,240.0
23,3,2018,322.58064516129
24,3,2018,444.874274661508
25,3,2018,126.582278481012
26,3,2018,167.364016736401
27,3,2018,236.7941712204
28,3,2018,142.180094786729
29,3,2018,209.339774557165
30,3,2018,154.083204930662
31,3,2018,118.343195266272
1,4,2018,13.7174211248285
2,4,2018,248.306997742663
3,4,2018,232.558139534883
4,4,2018,135.363790186125
5,4,2018,498.392282958199
6,4,2018,282.738095238095
7,4,2018,374.449339207048
8,4,2018,158.343483556638
9,4,2018,266.666666666666
10,4,2018,183.823529411764
11,4,2018,231.788079470198
12,4,2018,144.230769230769
13,4,2018,163.934426229508
14,4,2018,175.097276264591
15,4,2018,92.8381962864721
16,4,2018,193.236714975845
17,4,2018,102.564102564102
18,4,2018,277.777777777777
19,4,2018,218.181818181818
20,4,2018,135.951661631419
21,4,2018,100.401606425702
22,4,2018,65.8761528326745
23,4,2018,238.611713665943
24,4,2018,133.079847908745
25,4,2018,149.501661129568
26,4,2018,126.782884310618
27,4,2018,103.244837758112
28,4,2018,162.271805273833
29,4,2018,69.2520775623268
30,4,2018,153.172866520787
1,5,2018,264.150943396226
2,5,2018,286.677908937605
3,5,2018,312.5
4,5,2018,125.195618153364
5,5,2018,182.926829268292
6,5,2018,69.6378830083565
7,5,2018,233.100233100233
8,5,2018,93.2835820895522
9,5,2018,33.003300330033
10,5,2018,127.795527156549
11,5,2018,77.88161993769471
12,5,2018,64.79481641468679
13,5,2018,70.7213578500707
14,5,2018,115.473441108545
15,5,2018,191.570881226053
16,5,2018,203.735144312393
17,5,2018,82.23684210526311
18,5,2018,231.839258114374
19,5,2018,182.926829268292
20,5,2018,64.6830530401035
21,5,2018,196.50655021834
22,5,2018,229.885057471264
23,5,2018,157.618213660245
24,5,2018,185.758513931888
25,5,2018,199.081163859111
26,5,2018,127.118644067796
27,5,2018,56.1797752808988
28,5,2018,90.09009009009
29,5,2018,185.95041322314
30,5,2018,172.955974842767
31,5,2018,206.185567010309
1,6,2018,367.107195301027
2,6,2018,350.515463917525
3,6,2018,100.0
4,6,2018,293.453724604966
5,6,2018,205.223880597014
6,6,2018,148.27018121911
7,6,2018,270.700636942675
8,6,2018,325.443786982248
9,6,2018,349.514563106796
10,6,2018,158.520475561426
11,6,2018,292.275574112734
12,6,2018,283.018867924528
13,6,2018,179.738562091503
14,6,2018,226.537216828478
15,6,2018,130.081300813008
16,6,2018,269.151138716356
17,6,2018,206.185567010309
18,6,2018,220.264317180616
19,6,2018,255.941499085923
20,6,2018,234.009360374415
21,6,2018,205.047318611987
22,6,2018,273.972602739726
23,6,2018,146.443514644351
24,6,2018,104.43864229765
25,6,2018,133.928571428571
26,6,2018,258.30258302583
27,6,2018,235.478806907378
28,6,2018,251.572327044025
29,6,2018,193.740685543964
30,6,2018,321.19914346895
1,7,2018,66.9344042838018
2,7,2018,227.743271221532
3,7,2018,255.905511811023
4,7,2018,241.448692152917
5,7,2018,251.937984496124
6,7,2018,420.711974110032
7,7,2018,382.165605095541
8,7,2018,134.328358208955
9,7,2018,199.115044247787
10,7,2018,257.35294117647
11,7,2018,200.0
12,7,2018,265.780730897009
13,7,2018,190.895741556534
14,7,2018,229.007633587786
15,7,2018,140.056022408963
16,7,2018,251.716247139588
17,7,2018,226.80412371134
18,7,2018,290.59829059829
19,7,2018,243.90243902439
20,7,2018,361.067503924646
21,7,2018,376.1061946902651
22,7,2018,151.74506828528
23,7,2018,367.816091954023
24,7,2018,152.091254752851
25,7,2018,237.28813559322
26,7,2018,434.782608695652
27,7,2018,274.390243902439
28,7,2018,431.03448275862
29,7,2018,178.306092124814
30,7,2018,157.657657657657
31,7,2018,231.660231660231
1,8,2018,369.7478991596629
2,8,2018,291.26213592233
3,8,2018,169.491525423728
4,8,2018,324.543610547667
5,8,2018,104.011887072808
6,8,2018,210.772833723653
7,8,2018,240.963855421686
8,8,2018,178.25311942959
9,8,2018,151.515151515151
10,8,2018,214.723926380368
11,8,2018,311.850311850311
12,8,2018,156.472261735419
13,8,2018,219.780219780219
14,8,2018,182.926829268292
15,8,2018,157.342657342657
16,8,2018,293.577981651376
17,8,2018,273.752012882447
18,8,2018,247.747747747747
19,8,2018,134.529147982062
20,8,2018,175.438596491228
21,8,2018,331.262939958592
22,8,2018,160.427807486631
23,8,2018,336.283185840707
24,8,2018,192.307692307692
25,8,2018,191.897654584221
26,8,2018,109.739368998628
27,8,2018,291.26213592233
28,8,2018,404.858299595141
29,8,2018,310.344827586206
30,8,2018,287.253141831238
31,8,2018,122.324159021406
1,9,2018,168.776371308016
2,9,2018,124.137931034482
3,9,2018,106.951871657754
4,9,2018,292.275574112734
5,9,2018,134.003350083752
6,9,2018,103.626943005181
7,9,2018,119.402985074626
8,9,2018,235.756385068762
9,9,2018,90.55627425614479
10,9,2018,125.260960334029
11,9,2018,232.1083172147
12,9,2018,171.821305841924
13,9,2018,175.159235668789
14,9,2018,56.7375886524822
15,9,2018,108.459869848156
16,9,2018,41.66666666666659
17,9,2018,64.2398286937901
18,9,2018,308.880308880308
19,9,2018,356.536502546689
20,9,2018,184.873949579831
21,9,2018,138.03680981595
22,9,2018,205.479452054794
23,9,2018,53.3333333333333
24,9,2018,271.966527196652
25,9,2018,127.041742286751
26,9,2018,184.254606365159
27,9,2018,227.642276422764
28,9,2018,107.03363914373
29,9,2018,160.320641282565
30,9,2018,53.2623169107856
1,10,2018,360.169491525423
2,10,2018,358.490566037735
3,10,2018,244.2996742671
4,10,2018,161.030595813204
5,10,2018,276.162790697674
6,10,2018,161.616161616161
7,10,2018,82.07934336525301
8,10,2018,171.102661596958
9,10,2018,158.415841584158
10,10,2018,83.0564784053156
11,10,2018,152.542372881355
12,10,2018,132.15859030837
13,10,2018,183.673469387755
14,10,2018,89.74358974358971
15,10,2018,164.271047227926
16,10,2018,73.5294117647058
17,10,2018,64.1025641025641
18,10,2018,209.003215434083
19,10,2018,145.772594752186
20,10,2018,150.943396226415
21,10,2018,39.68253968253961
22,10,2018,139.165009940357
23,10,2018,160.714285714285
24,10,2018,258.175559380378
25,10,2018,233.72287145242
26,10,2018,89.28571428571419
27,10,2018,263.157894736842
28,10,2018,92.96148738379809
29,10,2018,60.0
30,10,2018,140.350877192982
31,10,2018,81.8330605564648
1,11,2018,177.99352750809
2,11,2018,98.0392156862745
3,11,2018,171.755725190839
4,11,2018,84.7457627118644
5,11,2018,134.615384615384
6,11,2018,143.36917562724
7,11,2018,93.3125972006221
8,11,2018,131.578947368421
9,11,2018,118.870728083209
10,11,2018,94.5179584120983
11,11,2018,97.49303621169909
12,11,2018,182.555780933062
13,11,2018,112.570356472795
14,11,2018,173.501577287066
15,11,2018,221.088435374149
16,11,2018,137.404580152671
17,11,2018,95.7854406130268
18,11,2018,101.522842639593
19,11,2018,153.550863723608
20,11,2018,169.811320754716
21,11,2018,153.846153846153
22,11,2018,118.811881188118
23,11,2018,150.501672240802
24,11,2018,178.173719376391
25,11,2018,102.189781021897
26,11,2018,105.93220338983
27,11,2018,229.885057471264
28,11,2018,229.885057471264
29,11,2018,235.294117647058
30,11,2018,233.91812865497
1,12,2018,217.391304347826
2,12,2018,122.282608695652
3,12,2018,79.84031936127741
4,12,2018,402.193784277879
5,12,2018,263.591433278418
6,12,2018,156.25
7,12,2018,228.658536585365
8,12,2018,304.347826086956
9,12,2018,92.1052631578947
10,12,2018,165.289256198347
11,12,2018,144.665461121157
12,12,2018,133.55592654424
13,12,2018,213.11475409836
14,12,2018,92.30769230769229
15,12,2018,208.768267223382
16,12,2018,101.744186046511
17,12,2018,124.223602484472
18,12,2018,56.1797752808988
19,12,2018,213.815789473684
20,12,2018,136.054421768707
21,12,2018,94.1915227629513
22,12,2018,22.5733634311512
23,12,2018,145.631067961165
24,12,2018,56.98005698005689
25,12,2018,97.7198697068403
26,12,2018,254.629629629629
27,12,2018,190.023752969121
28,12,2018,198.019801980198
29,12,2018,199.501246882793
30,12,2018,154.798761609907
31,12,2018,225.563909774436
1,1,2019,171.919770773638
2,1,2019,197.628458498023
3,1,2019,291.43897996357
4,1,2019,150.501672240802
5,1,2019,226.80412371134
6,1,2019,95.5414012738853
7,1,2019,213.21961620469
8,1,2019,185.185185185185
9,1,2019,135.593220338983
10,1,2019,144.0
11,1,2019,123.647604327666
12,1,2019,39.1389432485322
13,1,2019,29.6296296296296
14,1,2019,196.50655021834
15,1,2019,183.150183150183
16,1,2019,31.3479623824451
17,1,2019,118.243243243243
18,1,2019,139.53488372093
19,1,2019,119.284294234592
20,1,2019,98.8875154511742
21,1,2019,148.148148148148
22,1,2019,293.542074363992
23,1,2019,137.931034482758
24,1,2019,83.752093802345
25,1,2019,46.2249614791987
26,1,2019,139.720558882235
27,1,2019,116.448326055312
28,1,2019,45.766590389016
29,1,2019,257.826887661141
30,1,2019,228.384991843393
31,1,2019,139.318885448916
1,2,2019,139.318885448916
2,2,2019,136.986301369863
3,2,2019,59.171597633136
4,2,2019,65.5021834061135
5,2,2019,208.728652751423
6,2,2019,115.321252059308
7,2,2019,136.286201022146
8,2,2019,183.767228177641
9,2,2019,79.2079207920792
10,2,2019,85.8369098712446
11,2,2019,63.8297872340425
12,2,2019,169.491525423728
13,2,2019,99.1735537190082
14,2,2019,241.545893719806
15,2,2019,140.625
16,2,2019,295.85798816568
17,2,2019,43.3526011560693
18,2,2019,110.803324099723
19,2,2019,127.931769722814
20,2,2019,144.032921810699
21,2,2019,86.50519031141869
22,2,2019,110.584518167456
23,2,2019,244.897959183673
24,2,2019,53.9083557951482
25,2,2019,166.666666666666
26,2,2019,162.162162162162
27,2,2019,96.6183574879227
28,2,2019,84.3881856540084
1,3,2019,105.960264900662
2,3,2019,133.333333333333
3,3,2019,76.4331210191082
4,3,2019,125.223613595706
5,3,2019,171.339563862928
6,3,2019,125.173852573018
7,3,2019,154.494382022471
8,3,2019,174.731182795698
9,3,2019,125.786163522012
10,3,2019,96.0384153661464
11,3,2019,122.164048865619
12,3,2019,131.362889983579
13,3,2019,151.098901098901
14,3,2019,70.0280112044817
15,3,2019,107.270560190703
16,3,2019,33.6700336700336
17,3,2019,26.7379679144385
18,3,2019,85.17887563884149
19,3,2019,81.4332247557003
20,3,2019,41.8994413407821
21,3,2019,73.0994152046783
22,3,2019,105.401844532279
23,3,2019,67.9117147707979
24,3,2019,88.49557522123891
25,3,2019,52.539404553415
26,3,2019,137.825421133231
27,3,2019,27.3224043715847
28,3,2019,42.1940928270042
29,3,2019,66.6666666666666
30,3,2019,67.45362563237771
31,3,2019,62.0347394540943
1,4,2019,56.0747663551401
2,4,2019,138.461538461538
3,4,2019,81.6326530612245
4,4,2019,126.404494382022
5,4,2019,206.451612903225
6,4,2019,162.337662337662
7,4,2019,98.7654320987654
8,4,2019,49.6688741721854
9,4,2019,46.0829493087557
10,4,2019,154.061624649859
11,4,2019,96.551724137931
12,4,2019,87.0511425462459
13,4,2019,46.7289719626168
14,4,2019,49.20049200492
15,4,2019,94.4881889763779
16,4,2019,93.60374414976599
17,4,2019,130.057803468208
18,4,2019,53.61930294906161
19,4,2019,79.57559681697609
20,4,2019,17.0357751277683
21,4,2019,38.4122919334186
22,4,2019,113.207547169811
23,4,2019,80.12820512820511
24,4,2019,59.0841949778434
25,4,2019,66.3129973474801
26,4,2019,77.8210116731517
27,4,2019,237.28813559322
28,4,2019,12.3609394313967
29,4,2019,101.010101010101
30,4,2019,109.034267912772
1,5,2019,54.4959128065395
2,5,2019,13.0718954248366
3,5,2019,50.4413619167717
4,5,2019,35.9066427289048
5,5,2019,24.6913580246913
6,5,2019,223.463687150838
7,5,2019,290.076335877862
8,5,2019,261.627906976744
9,5,2019,171.957671957671
10,5,2019,235.910878112712
11,5,2019,307.692307692307
12,5,2019,126.582278481012
13,5,2019,181.818181818181
14,5,2019,437.5
15,5,2019,305.555555555555
16,5,2019,285.714285714285
17,5,2019,190.839694656488
18,5,2019,350.0000000000001
19,5,2019,139.697322467986
20,5,2019,141.093474426807
21,5,2019,127.795527156549
22,5,2019,166.898470097357
23,5,2019,204.918032786885
24,5,2019,328.2828282828279
25,5,2019,201.005025125628
26,5,2019,117.340286831812
27,5,2019,131.004366812227
28,5,2019,222.222222222222
29,5,2019,215.827338129496
30,5,2019,169.731258840169
31,5,2019,247.718383311603
1,6,2019,695.1871657754009
2,6,2019,360.576923076923
3,6,2019,241.796200345423
4,6,2019,275.229357798165
5,6,2019,463.215258855585
6,6,2019,416.666666666666
7,6,2019,244.215938303341
8,6,2019,363.321799307958
9,6,2019,294.49423815621
10,6,2019,300.884955752212
11,6,2019,380.116959064327
12,6,2019,389.4297635605
13,6,2019,190.47619047619
14,6,2019,130.039011703511
15,6,2019,172.711571675302
16,6,2019,64.4329896907216
17,6,2019,259.515570934256
18,6,2019,283.018867924528
19,6,2019,295.420974889217
20,6,2019,213.371266002844
21,6,2019,209.424083769633
22,6,2019,159.29203539823
23,6,2019,123.609394313967
24,6,2019,223.123732251521
25,6,2019,193.236714975845
26,6,2019,251.046025104602
27,6,2019,260.492040520984
28,6,2019,188.172043010752
29,6,2019,244.821092278719
30,6,2019,176.870748299319
1,7,2019,247.619047619047
2,7,2019,330.188679245283
3,7,2019,152.439024390243
4,7,2019,148.27018121911
5,7,2019,81.4332247557003
6,7,2019,137.254901960784
7,7,2019,66.3129973474801
8,7,2019,80.32128514056221
9,7,2019,93.45794392523361
10,7,2019,86.70520231213871
11,7,2019,231.839258114374
12,7,2019,172.413793103448
13,7,2019,75.7575757575757
14,7,2019,132.802124833997
15,7,2019,96.71179883945841
16,7,2019,188.356164383561
17,7,2019,174.418604651162
18,7,2019,145.560407569141
19,7,2019,59.171597633136
20,7,2019,58.252427184466
21,7,2019,129.124820659971
22,7,2019,124.113475177304
23,7,2019,131.795716639209
24,7,2019,138.888888888888
25,7,2019,227.617602427921
26,7,2019,98.0392156862745
27,7,2019,263.157894736842
28,7,2019,94.5945945945946
29,7,2019,169.172932330827
30,7,2019,121.739130434782
31,7,2019,255.63909774436
1,8,2019,249.266862170087
2,8,2019,318.559556786703
3,8,2019,355.805243445692
4,8,2019,121.130551816958
5,8,2019,138.888888888888
6,8,2019,351.493848857645
7,8,2019,325.20325203252
8,8,2019,200.860832137733
9,8,2019,234.604105571847
10,8,2019,145.719489981785
11,8,2019,135.31799729364
12,8,2019,132.325141776937
13,8,2019,265.210608424337
14,8,2019,382.848392036753
15,8,2019,290.697674418604
16,8,2019,305.131761442441
17,8,2019,284.090909090909
18,8,2019,176.870748299319
19,8,2019,141.129032258064
20,8,2019,294.117647058823
21,8,2019,322.58064516129
22,8,2019,291.120815138282
23,8,2019,155.148095909732
24,8,2019,469.314079422382
25,8,2019,331.491712707182
26,8,2019,268.595041322314
27,8,2019,367.132867132867
28,8,2019,243.204577968526
29,8,2019,175.438596491228
30,8,2019,231.292517006802
31,8,2019,200.364298724954
1,9,2019,52.08333333333329
2,9,2019,158.013544018058
3,9,2019,280.3738317757
4,9,2019,254.596888260254
5,9,2019,98.7306064880112
6,9,2019,186.781609195402
7,9,2019,245.746691871455
8,9,2019,120.627261761158
9,9,2019,190.972222222222
10,9,2019,174.880763116057
11,9,2019,129.310344827586
12,9,2019,159.420289855072
13,9,2019,253.671562082777
14,9,2019,223.880597014925
15,9,2019,81.30081300813
16,9,2019,91.57509157509149
17,9,2019,80.2568218298555
18,9,2019,84.7457627118644
19,9,2019,174.418604651162
20,9,2019,146.666666666666
21,9,2019,231.729055258467
22,9,2019,50.60728744939269
23,9,2019,69.5652173913043
24,9,2019,140.18691588785
25,9,2019,135.135135135135
26,9,2019,69.2520775623268
27,9,2019,103.896103896103
28,9,2019,92.0810313075506
29,9,2019,76.7263427109974
30,9,2019,90.5797101449275
1,10,2019,60.60606060606059
2,10,2019,234.260614934114
3,10,2019,255.376344086021
4,10,2019,231.607629427792
5,10,2019,242.214532871972
6,10,2019,77.2200772200772
7,10,2019,86.50519031141869
8,10,2019,116.86143572621
9,10,2019,146.627565982404
10,10,2019,104.947526236881
11,10,2019,136.425648021828
12,10,2019,241.379310344827
13,10,2019,75.0
14,10,2019,140.350877192982
15,10,2019,286.677908937605
16,10,2019,131.004366812227
17,10,2019,182.584269662921
18,10,2019,189.274447949526
19,10,2019,182.481751824817
20,10,2019,65.1041666666666
21,10,2019,92.4214417744916
22,10,2019,63.5930047694753
23,10,2019,74.8502994011976
24,10,2019,141.242937853107
25,10,2019,39.0625
26,10,2019,153.58361774744
27,10,2019,77.6196636481241
28,10,2019,126.353790613718
29,10,2019,139.968895800933
30,10,2019,101.596516690856
31,10,2019,186.246418338108
1,11,2019,149.45652173913
2,11,2019,107.52688172043
3,11,2019,78.0234070221066
4,11,2019,51.0204081632653
5,11,2019,183.333333333333
6,11,2019,168.195718654434
7,11,2019,134.529147982062
8,11,2019,158.520475561426
9,11,2019,261.194029850746
10,11,2019,140.845070422535
11,11,2019,109.289617486338
12,11,2019,162.337662337662
13,11,2019,131.578947368421
14,11,2019,131.147540983606
15,11,2019,93.60374414976599
16,11,2019,34.4827586206896
17,11,2019,74.074074074074
18,11,2019,92.5925925925925
19,11,2019,102.214650766609
20,11,2019,111.576011157601
21,11,2019,102.941176470588
22,11,2019,69.7350069735007
23,11,2019,123.893805309734
24,11,2019,125.628140703517
25,11,2019,36.7647058823529
26,11,2019,165.016501650165
27,11,2019,166.163141993957
28,11,2019,89.4454382826475
29,11,2019,79.49125596184419
30,11,2019,164.948453608247
1,12,2019,124.653739612188
2,12,2019,116.731517509727
3,12,2019,320.404721753794
4,12,2019,356.63338088445
5,12,2019,125.173852573018
6,12,2019,109.890109890109
7,12,2019,104.712041884816
8,12,2019,116.731517509727
9,12,2019,20.703933747412
10,12,2019,136.518771331058
11,12,2019,240.963855421686
12,12,2019,141.643059490084
13,12,2019,221.300138312586
14,12,2019,344.16826003824
15,12,2019,137.551581843191
16,12,2019,273.684210526315
17,12,2019,98.19967266775771
18,12,2019,138.03680981595
19,12,2019,122.137404580152
20,12,2019,72.992700729927
21,12,2019,39.0625
22,12,2019,82.3045267489712
23,12,2019,100.603621730382
24,12,2019,60.8519269776876
25,12,2019,45.045045045045
26,12,2019,199.004975124378
27,12,2019,173.010380622837
28,12,2019,125.523012552301
29,12,2019,137.404580152671
30,12,2019,67.7200902934537
31,12,2019,96.5250965250965
1,1,2020,133.333333333333
2,1,2020,150.093808630394
3,1,2020,15.6739811912225
4,1,2020,134.615384615384
5,1,2020,28.2485875706214
6,1,2020,104.166666666666
7,1,2020,134.680134680134
8,1,2020,206.185567010309
9,1,2020,88.49557522123891
10,1,2020,98.5915492957746
11,1,2020,113.421550094517
12,1,2020,57.9710144927536
13,1,2020,76.77543186180421
14,1,2020,152.027027027027
15,1,2020,369.8224852071
16,1,2020,307.467057101024
17,1,2020,229.11051212938
18,1,2020,107.52688172043
19,1,2020,149.253731343283
20,1,2020,248.868778280542
21,1,2020,218.181818181818
22,1,2020,191.458026509572
23,1,2020,159.651669085631
24,1,2020,137.174211248285
25,1,2020,96.71179883945841
26,1,2020,163.265306122449
27,1,2020,40.2414486921529
28,1,2020,31.8471337579617
29,1,2020,58.5651537335285
30,1,2020,126.939351198871
31,1,2020,158.311345646438
1,2,2020,72.992700729927
2,2,2020,25.3485424588086
3,2,2020,95.60229445506691
4,2,2020,218.487394957983
5,2,2020,154.711673699015
6,2,2020,141.509433962264
7,2,2020,120.160213618157
8,2,2020,94.5179584120983
9,2,2020,67.2043010752688
10,2,2020,206.378986866791
11,2,2020,101.010101010101
12,2,2020,86.33093525179851
13,2,2020,29.4117647058823
14,2,2020,68.4931506849315
15,2,2020,18.0505415162454
16,2,2020,69.1562932226832
17,2,2020,111.111111111111
18,2,2020,51.81347150259059
19,2,2020,150.375939849624
20,2,2020,60.3318250377073
21,2,2020,113.154172560113
22,2,2020,53.9568345323741
23,2,2020,52.6315789473684
24,2,2020,153.550863723608
25,2,2020,82.9187396351575
26,2,2020,118.168389955686
27,2,2020,77.2797527047913
28,2,2020,68.9655172413793
29,2,2020,176.678445229682
1,3,2020,106.382978723404
2,3,2020,75.9013282732447
3,3,2020,172.117039586919
4,3,2020,57.471264367816
5,3,2020,42.7350427350427
6,3,2020,52.1512385919165
7,3,2020,142.857142857142
8,3,2020,25.6081946222791
9,3,2020,96.5250965250965
10,3,2020,83.8926174496644
11,3,2020,58.7371512481644
12,3,2020,42.6742532005689
13,3,2020,69.0607734806629
14,3,2020,57.36137667304011
15,3,2020,59.347181008902
16,3,2020,96.1538461538461
17,3,2020,33.5570469798657
18,3,2020,74.7384155455904
19,3,2020,125.195618153364
20,3,2020,0.0
21,3,2020,38.2409177820267
22,3,2020,58.9970501474926
23,3,2020,43.2900432900432
24,3,2020,37.4531835205992
25,3,2020,49.0196078431372
26,3,2020,32.8947368421052
27,3,2020,46.2249614791987
28,3,2020,39.1389432485322
29,3,2020,43.6046511627907
30,3,2020,44.2477876106194
31,3,2020,0.0
1,4,2020,32.5732899022801
2,4,2020,0.0
3,4,2020,71.04795737122551
4,4,2020,39.8406374501992
5,4,2020,62.5
6,4,2020,66.3716814159292
7,4,2020,35.84229390681
8,4,2020,68.259385665529
9,4,2020,69.20415224913489
10,4,2020,68.7285223367697
11,4,2020,86.2068965517241
12,4,2020,47.0957613814756
13,4,2020,45.5580865603644
14,4,2020,15.7480314960629
15,4,2020,46.3678516228748
16,4,2020,48.85993485342009
17,4,2020,47.923322683706
18,4,2020,19.193857965451
19,4,2020,56.98005698005689
20,4,2020,121.951219512195
21,4,2020,35.4609929078014
22,4,2020,129.870129870129
23,4,2020,16.638935108153
24,4,2020,62.40249609984399
25,4,2020,79.5228628230616
26,4,2020,75.187969924812
27,4,2020,41.407867494824
28,4,2020,69.5652173913043
29,4,2020,68.0272108843537
30,4,2020,51.28205128205121
1,5,2020,95.84664536741211
2,5,2020,39.44773175542399
3,5,2020,47.5435816164817
4,5,2020,38.6100386100386
5,5,2020,0.0
6,5,2020,67.45362563237771
7,5,2020,79.49125596184419
8,5,2020,15.5763239875389
9,5,2020,80.97165991902831
10,5,2020,135.951661631419
11,5,2020,41.0677618069815
12,5,2020,108.695652173913
13,5,2020,93.75
14,5,2020,50.9337860780984
15,5,2020,31.7965023847376
16,5,2020,99.40357852882701
17,5,2020,46.2249614791987
18,5,2020,21.6450216450216
19,5,2020,124.555160142348
20,5,2020,85.17887563884149
21,5,2020,35.0262697022767
22,5,2020,97.5609756097561
23,5,2020,77.5193798449612
24,5,2020,30.441400304414
25,5,2020,78.5340314136125
26,5,2020,60.9756097560975
27,5,2020,51.19453924914671
28,5,2020,81.03727714748781
29,5,2020,97.7198697068403
30,5,2020,81.4663951120162
31,5,2020,62.0155038759689
1,6,2020,66.3716814159292
2,6,2020,18.1159420289855
3,6,2020,81.8330605564648
4,6,2020,83.8926174496644
5,6,2020,102.214650766609
6,6,2020,40.16064257028111
7,6,2020,111.464968152866
8,6,2020,65.359477124183
9,6,2020,75.6143667296786
10,6,2020,16.750418760469
11,6,2020,33.167495854063
12,6,2020,102.389078498293
13,6,2020,38.7596899224806
14,6,2020,16.2337662337662
15,6,2020,90.7029478458049
16,6,2020,36.9685767097966
17,6,2020,121.527777777777
18,6,2020,84.17508417508411
19,6,2020,98.0392156862745
20,6,2020,84.9256900212314
21,6,2020,62.8930817610062
22,6,2020,42.8265524625267
23,6,2020,73.126142595978
24,6,2020,79.6178343949044
25,6,2020,32.8407224958949
26,6,2020,49.3421052631578
27,6,2020,41.23711340206179
28,6,2020,0.0
29,6,2020,22.3214285714285
30,6,2020,18.1488203266787
1,7,2020,67.3400673400673
2,7,2020,32.9489291598023
3,7,2020,52.08333333333329
4,7,2020,115.273775216138
5,7,2020,34.6620450606585
6,7,2020,86.2068965517241
7,7,2020,36.4298724954462
8,7,2020,129.449838187702
9,7,2020,65.6814449917898
10,7,2020,48.7012987012987
11,7,2020,101.83299389002
12,7,2020,123.647604327666
13,7,2020,81.4663951120162
14,7,2020,34.7826086956521
15,7,2020,84.0336134453781
16,7,2020,32.6797385620915
17,7,2020,63.6942675159235
18,7,2020,0.0
19,7,2020,45.4545454545454
20,7,2020,79.6812749003984
21,7,2020,32.8407224958949
22,7,2020,74.8502994011976
23,7,2020,48.3870967741935
24,7,2020,45.662100456621
25,7,2020,58.9390962671905
26,7,2020,43.6046511627907
27,7,2020,80.4828973843058
28,7,2020,32.7868852459016
29,7,2020,74.9625187406296
30,7,2020,0.0
31,7,2020,14.7058823529411
1,8,2020,80.0
2,8,2020,79.2393026941363
3,8,2020,106.194690265486
4,8,2020,48.85993485342009
5,8,2020,30.7692307692307
6,8,2020,14.5137880986937
7,8,2020,124.804992199688
8,8,2020,76.3358778625954
9,8,2020,58.2241630276564
10,8,2020,57.6923076923076
11,8,2020,48.2315112540193
12,8,2020,30.5810397553516
13,8,2020,77.16049382716041
14,8,2020,30.9597523219814
15,8,2020,99.2063492063492
16,8,2020,89.28571428571419
17,8,2020,37.593984962406
18,8,2020,79.1139240506329
19,8,2020,107.52688172043
20,8,2020,57.22460658082969
21,8,2020,46.2962962962962
22,8,2020,57.8034682080924
23,8,2020,75.07507507507499
24,8,2020,38.7596899224806
25,8,2020,32.5732899022801
26,8,2020,123.456790123456
27,8,2020,72.8862973760932
28,8,2020,63.49206349206339
29,8,2020,0.0
30,8,2020,101.449275362318
31,8,2020,140.280561122244
1,9,2020,71.04795737122551
2,9,2020,30.1659125188536
3,9,2020,76.6871165644171
4,9,2020,65.5737704918032
5,9,2020,62.7615062761506
6,9,2020,27.434842249657
7,9,2020,158.730158730158
8,9,2020,135.593220338983
9,9,2020,126.782884310618
10,9,2020,124.610591900311
11,9,2020,61.633281972265
12,9,2020,40.0801603206412
13,9,2020,55.5555555555555
14,9,2020,177.304964539007
15,9,2020,97.879282218597
16,9,2020,97.4025974025974
17,9,2020,107.19754977029
18,9,2020,45.7317073170731
19,9,2020,20.703933747412
20,9,2020,29.7619047619047
21,9,2020,37.593984962406
22,9,2020,64.1025641025641
23,9,2020,15.8730158730158
24,9,2020,45.18072289156621
25,9,2020,45.4545454545454
26,9,2020,40.0801603206412
27,9,2020,0.0
28,9,2020,89.28571428571419
29,9,2020,84.3170320404721
30,9,2020,43.3526011560693
1,10,2020,73.3137829912023
2,10,2020,14.903129657228
3,10,2020,38.8349514563106
4,10,2020,55.7880055788005
5,10,2020,69.20415224913489
6,10,2020,85.17887563884149
7,10,2020,78.0031201248049
8,10,2020,28.9855072463768
9,10,2020,31.5955766192733
10,10,2020,56.390977443609
11,10,2020,104.011887072808
12,10,2020,129.310344827586
13,10,2020,102.339181286549
14,10,2020,71.2250712250712
15,10,2020,57.5539568345323
16,10,2020,15.015015015015
17,10,2020,61.85567010309271
18,10,2020,151.515151515151
19,10,2020,38.2409177820267
20,10,2020,64.7249190938511
21,10,2020,61.1620795107033
22,10,2020,31.8471337579617
23,10,2020,48.2315112540193
24,10,2020,120.240480961923
25,10,2020,88.3652430044182
26,10,2020,58.252427184466
27,10,2020,141.342756183745
28,10,2020,60.88280060882801
29,10,2020,62.5978090766823
30,10,2020,75.642965204236
31,10,2020,136.71875
1,11,2020,67.65899864682
2,11,2020,34.6620450606585
3,11,2020,51.5463917525773
4,11,2020,61.7283950617283
5,11,2020,44.9101796407185
6,11,2020,64.9350649350649
7,11,2020,63.5593220338983
8,11,2020,85.8369098712446
9,11,2020,143.36917562724
10,11,2020,161.550888529886
11,11,2020,46.4396284829721
12,11,2020,108.191653786707
13,11,2020,30.0751879699248
14,11,2020,42.1052631578947
15,11,2020,30.3951367781155
16,11,2020,80.16032064128251
17,11,2020,117.845117845117
18,11,2020,59.9700149925037
19,11,2020,76.2195121951219
20,11,2020,47.0957613814756
21,11,2020,41.3223140495867
22,11,2020,43.4782608695652
23,11,2020,90.09009009009
24,11,2020,105.820105820105
25,11,2020,104.529616724738
26,11,2020,55.2486187845303
27,11,2020,51.19453924914671
28,11,2020,23.8095238095238
29,11,2020,16.4203612479474
30,11,2020,149.812734082397
1,12,2020,51.1073253833049
2,12,2020,32.051282051282
3,12,2020,31.104199066874
4,12,2020,44.0528634361233
5,12,2020,42.4628450106157
6,12,2020,131.578947368421
7,12,2020,133.587786259541
8,12,2020,99.009900990099
9,12,2020,187.319884726224
10,12,2020,153.139356814701
11,12,2020,62.9921259842519
12,12,2020,62.37006237006231
13,12,2020,120.918984280532
14,12,2020,132.575757575757
15,12,2020,33.167495854063
16,12,2020,91.6030534351145
17,12,2020,144.717800289435
18,12,2020,114.942528735632
19,12,2020,21.0526315789473
20,12,2020,48.3091787439613
21,12,2020,60.60606060606059
22,12,2020,68.4931506849315
23,12,2020,68.4931506849315
24,12,2020,179.856115107913
25,12,2020,135.50135501355
26,12,2020,241.691842900302
27,12,2020,137.221269296741
28,12,2020,139.211136890951
29,12,2020,105.042016806722
30,12,2020,126.582278481012
31,12,2020,82.6446280991735
1,1,2021,191.387559808612
2,1,2021,216.346153846153
3,1,2021,68.4931506849315
4,1,2021,104.166666666666
5,1,2021,17.0648464163822
6,1,2021,101.694915254237
7,1,2021,31.4465408805031
8,1,2021,95.5414012738853
9,1,2021,84.3881856540084
10,1,2021,90.9090909090909
11,1,2021,111.524163568773
12,1,2021,31.7965023847376
13,1,2021,60.3318250377073
14,1,2021,29.4117647058823
15,1,2021,59.7014925373134
16,1,2021,80.32128514056221
17,1,2021,76.10350076103501
18,1,2021,98.0392156862745
19,1,2021,146.103896103896
20,1,2021,83.5654596100278
21,1,2021,44.8430493273542
22,1,2021,72.7802037845706
23,1,2021,104.384133611691
24,1,2021,48.6223662884927
25,1,2021,37.3831775700934
26,1,2021,128.617363344051
27,1,2021,45.2488687782805
28,1,2021,76.2195121951219
29,1,2021,30.5343511450381
30,1,2021,21.7864923747276
31,1,2021,58.9970501474926
1,2,2021,58.4795321637426
2,2,2021,63.8977635782747
3,2,2021,45.5235204855842
4,2,2021,44.5765230312035
5,2,2021,29.8507462686567
6,2,2021,39.8406374501992
7,2,2021,46.2249614791987
8,2,2021,76.1904761904761
9,2,2021,66.4451827242524
10,2,2021,14.4092219020172
11,2,2021,56.657223796034
12,2,2021,46.3678516228748
13,2,2021,61.60164271047221
14,2,2021,15.7480314960629
15,2,2021,66.6666666666666
16,2,2021,34.4234079173838
17,2,2021,64.4122383252818
18,2,2021,28.6123032904148
19,2,2021,0.0
20,2,2021,0.0
21,2,2021,54.3478260869565
22,2,2021,37.243947858473
23,2,2021,0.0
24,2,2021,30.03003003003
25,2,2021,31.7965023847376
26,2,2021,14.9700598802395
27,2,2021,0.0
28,2,2021,15.3609831029185
1,3,2021,19.0114068441064
2,3,2021,84.3170320404721
3,3,2021,91.743119266055
4,3,2021,31.0077519379844
5,3,2021,29.1120815138282
6,3,2021,22.1238938053097
7,3,2021,46.1538461538461
8,3,2021,0.0
9,3,2021,0.0
10,3,2021,49.5049504950495
11,3,2021,93.0232558139534
12,3,2021,29.806259314456
13,3,2021,21.8340611353711
14,3,2021,63.2911392405063
15,3,2021,37.7358490566037
16,3,2021,52.8169014084507
17,3,2021,91.0470409711684
18,3,2021,110.23622047244
19,3,2021,91.32420091324201
20,3,2021,42.016806722689
21,3,2021,46.7289719626168
22,3,2021,19.6463654223968
23,3,2021,33.7837837837837
24,3,2021,45.8715596330275
25,3,2021,45.662100456621
26,3,2021,30.1659125188536
27,3,2021,40.983606557377
28,3,2021,85.3485064011379
29,3,2021,19.4552529182879
30,3,2021,17.2711571675302
31,3,2021,14.903129657228
1,4,2021,15.5763239875389
2,4,2021,49.0998363338788
3,4,2021,21.321961620469
4,4,2021,58.2241630276564
5,4,2021,42.1940928270042
6,4,2021,0.0
7,4,2021,60.60606060606059
8,4,2021,33.5570469798657
9,4,2021,16.7785234899328
10,4,2021,120.481927710843
11,4,2021,28.9435600578871
12,4,2021,81.4663951120162
13,4,2021,121.107266435986
14,4,2021,32.1543408360128
15,4,2021,49.1803278688524
16,4,2021,16.3666121112929
17,4,2021,62.7615062761506
18,4,2021,30.3030303030303
19,4,2021,20.8333333333333
20,4,2021,105.448154657293
21,4,2021,78.6163522012578
22,4,2021,66.1157024793388
23,4,2021,31.8979266347687
24,4,2021,65.359477124183
25,4,2021,30.7692307692307
26,4,2021,99.2063492063492
27,4,2021,38.6847195357833
28,4,2021,63.2911392405063
29,4,2021,0.0
30,4,2021,32.5732899022801
1,5,2021,22.0750551876379
2,5,2021,30.6748466257668
3,5,2021,62.7615062761506
4,5,2021,117.44966442953
5,5,2021,92.1658986175115
6,5,2021,47.31861198738171
7,5,2021,91.1854103343465
8,5,2021,21.321961620469
9,5,2021,30.3951367781155
10,5,2021,56.9259962049335
11,5,2021,35.2112676056338
12,5,2021,15.7728706624605
13,5,2021,76.80491551459289
14,5,2021,46.3678516228748
15,5,2021,66.6666666666666
16,5,2021,60.9756097560975
17,5,2021,40.16064257028111
18,5,2021,70.7964601769911
19,5,2021,90.3614457831325
20,5,2021,32.7868852459016
21,5,2021,15.9235668789808
22,5,2021,0.0
23,5,2021,45.5927051671732
24,5,2021,19.047619047619
25,5,2021,69.4444444444444
26,5,2021,46.9483568075117
27,5,2021,0.0
28,5,2021,15.5763239875389
29,5,2021,41.5800415800415
30,5,2021,104.011887072808
31,5,2021,23.5849056603773
1,6,2021,75.6143667296786
2,6,2021,48.7012987012987
3,6,2021,77.5193798449612
4,6,2021,83.0564784053156
5,6,2021,64.2398286937901
6,6,2021,16.69449081803
7,6,2021,19.0114068441064
8,6,2021,33.5570469798657
9,6,2021,80.0
10,6,2021,65.359477124183
11,6,2021,62.8930817610062
12,6,2021,0.0
13,6,2021,78.0031201248049
14,6,2021,75.046904315197
15,6,2021,141.843971631205
16,6,2021,112.540192926045
17,6,2021,32.0
18,6,2021,47.77070063694261
19,6,2021,21.0084033613445
20,6,2021,31.25
21,6,2021,20.4081632653061
22,6,2021,0.0
23,6,2021,15.552099533437
24,6,2021,30.7692307692307
25,6,2021,15.9744408945686
26,6,2021,43.2900432900432
27,6,2021,31.5457413249211
28,6,2021,0.0
29,6,2021,68.3760683760683
30,6,2021,63.5930047694753
1,7,2021,46.0122699386503
2,7,2021,95.6937799043062
3,7,2021,44.7427293064876
4,7,2021,0.0
5,7,2021,23.7529691211401
6,7,2021,19.0114068441064
7,7,2021,68.3760683760683
8,7,2021,50.0
9,7,2021,67.9117147707979
10,7,2021,22.9885057471264
11,7,2021,34.1296928327645
12,7,2021,60.8519269776876
13,7,2021,53.0035335689046
14,7,2021,96.30818619582661
15,7,2021,205.047318611987
16,7,2021,50.0
17,7,2021,129.032258064516
18,7,2021,72.15007215007209
19,7,2021,63.6942675159235
20,7,2021,70.5467372134038
21,7,2021,50.3355704697986
22,7,2021,51.3698630136986
23,7,2021,75.187969924812
24,7,2021,19.6850393700787
25,7,2021,16.025641025641
26,7,2021,36.4298724954462
27,7,2021,100.840336134453
28,7,2021,14.5985401459854
29,7,2021,15.4559505409582
30,7,2021,29.2397660818713
31,7,2021,78.43137254901961
1,8,2021,44.3131462333825
2,8,2021,56.1797752808988
3,8,2021,84.6023688663282
4,8,2021,14.4717800289435
5,8,2021,32.3101777059773
6,8,2021,15.0375939849624
7,8,2021,19.7628458498023
8,8,2021,0.0
9,8,2021,38.7596899224806
10,8,2021,86.9565217391304
11,8,2021,64.0
12,8,2021,16.8067226890756
13,8,2021,49.42339373970341
14,8,2021,44.1501103752759
15,8,2021,33.3889816360601
16,8,2021,42.8265524625267
17,8,2021,18.5185185185185
18,8,2021,33.3333333333333
19,8,2021,31.201248049922
20,8,2021,16.8350168350168
21,8,2021,20.964360587002
22,8,2021,50.3355704697986
23,8,2021,126.582278481012
24,8,2021,38.6847195357833
25,8,2021,50.4201680672268
26,8,2021,69.5652173913043
27,8,2021,17.825311942959
28,8,2021,21.9780219780219
29,8,2021,50.3355704697986
30,8,2021,0.0
31,8,2021,40.3225806451612
1,9,2021,86.0585197934595
2,9,2021,35.4609929078014
3,9,2021,52.1739130434782
4,9,2021,91.1161731207289
5,9,2021,50.3355704697986
6,9,2021,51.41388174807189
7,9,2021,19.53125
8,9,2021,17.6991150442477
9,9,2021,48.85993485342009
10,9,2021,62.0155038759689
11,9,2021,41.3223140495867
12,9,2021,29.0697674418604
13,9,2021,0.0
14,9,2021,92.25092250922509
15,9,2021,51.19453924914671
16,9,2021,34.6620450606585
17,9,2021,35.2733686067019
18,9,2021,20.366598778004
19,9,2021,45.5235204855842
20,9,2021,141.700404858299
21,9,2021,54.8446069469835
22,9,2021,51.4579759862778
23,9,2021,49.2610837438423
24,9,2021,84.6023688663282
25,9,2021,81.1359026369168
26,9,2021,30.3951367781155
27,9,2021,64.9350649350649
28,9,2021,18.9393939393939
29,9,2021,16.7224080267558
30,9,2021,107.334525939177
1,10,2021,32.626427406199
2,10,2021,42.016806722689
3,10,2021,49.2610837438423
4,10,2021,35.3982300884955
5,10,2021,126.582278481012
6,10,2021,38.095238095238
7,10,2021,39.8406374501992
8,10,2021,18.796992481203
9,10,2021,23.9234449760765
10,10,2021,37.7358490566037
11,10,2021,44.6428571428571
12,10,2021,57.6923076923076
13,10,2021,48.1540930979133
14,10,2021,19.0839694656488
15,10,2021,0.0
16,10,2021,65.2173913043478
17,10,2021,51.6351118760757
18,10,2021,70.754716981132
19,10,2021,19.4931773879142
20,10,2021,57.5815738963531
21,10,2021,89.92805755395679
22,10,2021,35.5871886120996
23,10,2021,22.5225225225225
24,10,2021,85.0340136054421
25,10,2021,46.2962962962962
26,10,2021,59.2885375494071
27,10,2021,108.108108108108
28,10,2021,69.8080279232111
29,10,2021,101.522842639593
30,10,2021,87.1459694989106
31,10,2021,136.986301369863
1,11,2021,42.2832980972515
2,11,2021,103.51966873706
3,11,2021,51.28205128205121
4,11,2021,88.8099467140319
5,11,2021,0.0
6,11,2021,47.6190476190476
7,11,2021,46.4396284829721
8,11,2021,67.7200902934537
9,11,2021,39.1389432485322
10,11,2021,0.0
11,11,2021,56.7107750472589
12,11,2021,36.3636363636363
13,11,2021,44.0528634361233
14,11,2021,51.1073253833049
15,11,2021,22.3214285714285
16,11,2021,138.067061143984
17,11,2021,85.6164383561643
18,11,2021,74.2115027829313
19,11,2021,17.5131348511383
20,11,2021,45.3514739229024
21,11,2021,50.251256281407
22,11,2021,47.0588235294117
23,11,2021,20.3252032520325
24,11,2021,37.243947858473
25,11,2021,45.97701149425281
26,11,2021,39.1389432485322
27,11,2021,0.0
28,11,2021,68.7285223367697
29,11,2021,44.7427293064876
30,11,2021,40.16064257028111
1,12,2021,17.0068027210884
2,12,2021,18.3823529411764
3,12,2021,34.0136054421768
4,12,2021,44.6428571428571
5,12,2021,65.5737704918032
6,12,2021,86.3930885529157
7,12,2021,0.0
8,12,2021,0.0
9,12,2021,55.350553505535
10,12,2021,17.2117039586919
11,12,2021,0.0
12,12,2021,0.0
13,12,2021,0.0
14,12,2021,0.0
15,12,2021,17.7619893428063
16,12,2021,69.0846286701208
17,12,2021,16.9204737732656
18,12,2021,45.97701149425281
19,12,2021,68.61063464837049
20,12,2021,0.0
21,12,2021,20.8333333333333
22,12,2021,0.0
23,12,2021,63.8297872340425
24,12,2021,23.2018561484918
25,12,2021,40.3225806451612
26,12,2021,63.2911392405063
27,12,2021,0.0
28,12,2021,121.654501216545
29,12,2021,64.6551724137931
30,12,2021,137.299771167048
31,12,2021,84.3881856540084
1,1,2022,0.0
2,1,2022,75.7575757575757
3,1,2022,121.654501216545
4,1,2022,43.6681222707423
5,1,2022,56.390977443609
6,1,2022,19.193857965451
7,1,2022,37.5234521575985
8,1,2022,24.1545893719806
9,1,2022,35.0262697022767
10,1,2022,22.4215246636771
11,1,2022,56.9259962049335
12,1,2022,36.2976406533575
13,1,2022,19.7628458498023
14,1,2022,72.7272727272727
15,1,2022,22.3214285714285
16,1,2022,36.3636363636363
17,1,2022,85.4700854700854
18,1,2022,42.2832980972515
19,1,2022,37.593984962406
20,1,2022,54.054054054054
21,1,2022,54.249547920434
22,1,2022,47.28132387706849
23,1,2022,72.072072072072
24,1,2022,23.7529691211401
25,1,2022,0.0
26,1,2022,53.9568345323741
27,1,2022,78.2778864970645
28,1,2022,34.8432055749128
29,1,2022,71.599045346062
30,1,2022,54.8446069469835
31,1,2022,46.6200466200466
1,2,2022,80.64516129032249
2,2,2022,34.1296928327645
3,2,2022,37.174721189591
4,2,2022,130.29315960912
5,2,2022,112.866817155756
6,2,2022,51.3698630136986
7,2,2022,42.016806722689
8,2,2022,19.193857965451
9,2,2022,67.45362563237771
10,2,2022,34.9650349650349
11,2,2022,31.201248049922
12,2,2022,40.7331975560081
13,2,2022,50.5902192242833
14,2,2022,41.9287211740041
15,2,2022,76.4818355640535
16,2,2022,48.3870967741935
17,2,2022,87.8734622144112
18,2,2022,16.6666666666666
19,2,2022,21.8340611353711
20,2,2022,0.0
21,2,2022,81.5217391304347
22,2,2022,42.1940928270042
23,2,2022,112.570356472795
24,2,2022,37.8071833648393
25,2,2022,88.8099467140319
26,2,2022,45.2488687782805
27,2,2022,34.5423143350604
28,2,2022,63.9658848614072
1,3,2022,93.45794392523361
2,3,2022,68.7285223367697
3,3,2022,35.84229390681
4,3,2022,51.4579759862778
5,3,2022,68.8073394495412
6,3,2022,52.539404553415
7,3,2022,109.409190371991
8,3,2022,76.4818355640535
9,3,2022,17.5438596491228
10,3,2022,54.054054054054
11,3,2022,70.0525394045534
12,3,2022,131.868131868131
13,3,2022,17.2711571675302
14,3,2022,45.045045045045
15,3,2022,58.70841487279839
16,3,2022,0.0
17,3,2022,18.8323917137476
18,3,2022,53.475935828877
19,3,2022,64.1025641025641
20,3,2022,35.7142857142857
21,3,2022,45.2488687782805
22,3,2022,61.60164271047221
23,3,2022,133.843212237093
24,3,2022,38.8349514563106
25,3,2022,17.9856115107913
26,3,2022,44.6428571428571
27,3,2022,51.6351118760757
28,3,2022,46.189376443418
29,3,2022,20.0
30,3,2022,51.19453924914671
31,3,2022,57.36137667304011
1,4,2022,34.5423143350604
2,4,2022,0.0
3,4,2022,36.231884057971
4,4,2022,23.2018561484918
5,4,2022,20.4918032786885
6,4,2022,34.4827586206896
7,4,2022,18.4162062615101
8,4,2022,35.84229390681
9,4,2022,68.8073394495412
10,4,2022,85.4700854700854
11,4,2022,67.7200902934537
12,4,2022,0.0
13,4,2022,54.3478260869565
14,4,2022,19.3798449612403
15,4,2022,36.231884057971
16,4,2022,94.3396226415094
17,4,2022,36.036036036036
18,4,2022,47.5059382422802
19,4,2022,83.8574423480083
20,4,2022,36.90036900369
21,4,2022,56.7107750472589
22,4,2022,17.8571428571428
23,4,2022,23.6966824644549
24,4,2022,16.7785234899328
25,4,2022,0.0
26,4,2022,0.0
27,4,2022,35.778175313059
28,4,2022,98.23182711198419
29,4,2022,86.9565217391304
30,4,2022,67.4157303370786
1,5,2022,0.0
2,5,2022,70.754716981132
3,5,2022,38.9863547758284
4,5,2022,35.1493848857644
5,5,2022,18.450184501845
6,5,2022,35.84229390681
7,5,2022,69.6055684454756
8,5,2022,0.0
9,5,2022,139.53488372093
10,5,2022,20.4498977505112
11,5,2022,125.899280575539
12,5,2022,17.5131348511383
13,5,2022,71.04795737122551
14,5,2022,22.7272727272727
15,5,2022,34.0136054421768
16,5,2022,22.2222222222222
17,5,2022,113.851992409867
18,5,2022,105.263157894736
19,5,2022,74.3494423791821
20,5,2022,137.457044673539
21,5,2022,86.2068965517241
22,5,2022,64.1025641025641
23,5,2022,169.133192389006
24,5,2022,116.731517509727
25,5,2022,127.272727272727
26,5,2022,36.231884057971
27,5,2022,86.35578583765111
28,5,2022,23.0414746543778
29,5,2022,17.6056338028169
30,5,2022,54.054054054054
31,5,2022,44.5434298440979
1,6,2022,111.317254174397
2,6,2022,76.1904761904761
3,6,2022,0.0
4,6,2022,23.4192037470726
5,6,2022,17.9856115107913
6,6,2022,91.533180778032
7,6,2022,191.08280254777
8,6,2022,129.390018484288
9,6,2022,35.9066427289048
10,6,2022,65.8978583196046
11,6,2022,45.4545454545454
12,6,2022,35.7142857142857
13,6,2022,131.291028446389
14,6,2022,136.71875
15,6,2022,88.8099467140319
16,6,2022,55.9701492537313
17,6,2022,85.0340136054421
18,6,2022,109.890109890109
19,6,2022,54.7445255474452
20,6,2022,83.3333333333333
21,6,2022,107.296137339055
22,6,2022,103.806228373702
23,6,2022,92.4214417744916
24,6,2022,17.7935943060498
25,6,2022,43.7636761487965
26,6,2022,34.0715502555366
27,6,2022,72.639225181598
28,6,2022,77.2200772200772
29,6,2022,56.7107750472589
30,6,2022,95.60229445506691
1,7,2022,35.3982300884955
2,7,2022,47.6190476190476
3,7,2022,39.9201596806387
4,7,2022,110.49723756906
5,7,2022,129.032258064516
6,7,2022,119.521912350597
7,7,2022,75.3295668549905
8,7,2022,54.249547920434
9,7,2022,49.1400491400491
10,7,2022,52.8169014084507
11,7,2022,71.7703349282296
12,7,2022,61.4754098360655
13,7,2022,109.090909090909
14,7,2022,0.0
15,7,2022,17.094017094017
16,7,2022,0.0
17,7,2022,16.7224080267558
18,7,2022,48.3091787439613
19,7,2022,38.6100386100386
20,7,2022,73.2600732600732
21,7,2022,92.5925925925925
22,7,2022,86.65511265164639
23,7,2022,94.78672985781989
24,7,2022,37.9506641366223
25,7,2022,114.942528735632
26,7,2022,82.9875518672199
27,7,2022,74.487895716946
28,7,2022,165.441176470588
29,7,2022,88.8099467140319
30,7,2022,48.4261501210653
31,7,2022,57.6923076923076
1,8,2022,68.3371298405467
2,8,2022,40.650406504065
3,8,2022,90.2527075812274
4,8,2022,76.3358778625954
5,8,2022,35.0877192982456
6,8,2022,91.1161731207289
7,8,2022,0.0
8,8,2022,66.5188470066518
9,8,2022,59.7609561752988
10,8,2022,94.1619585687382
11,8,2022,39.9201596806387
12,8,2022,53.57142857142851
13,8,2022,23.5294117647058
14,8,2022,75.046904315197
15,8,2022,0.0
16,8,2022,84.21052631578941
17,8,2022,18.2815356489945
18,8,2022,110.70110701107
19,8,2022,57.471264367816
20,8,2022,46.6200466200466
21,8,2022,55.2486187845303
22,8,2022,154.867256637168
23,8,2022,20.8333333333333
24,8,2022,18.9753320683111
25,8,2022,94.5179584120983
26,8,2022,163.934426229508
27,8,2022,120.192307692307
28,8,2022,38.2409177820267
29,8,2022,117.370892018779
30,8,2022,42.1940928270042
31,8,2022,94.1619585687382
1,9,2022,38.0228136882129
2,9,2022,35.5871886120996
3,9,2022,0.0
4,9,2022,50.9337860780984
5,9,2022,53.9083557951482
6,9,2022,84.9256900212314
7,9,2022,0.0
8,9,2022,56.1797752808988
9,9,2022,51.28205128205121
10,9,2022,69.284064665127
11,9,2022,33.0578512396694
12,9,2022,65.0759219088937
13,9,2022,61.3496932515337
14,9,2022,38.9863547758284
15,9,2022,90.7441016333938
16,9,2022,34.6020761245674
17,9,2022,87.719298245614
18,9,2022,0.0
19,9,2022,67.4157303370786
20,9,2022,19.9203187250996
21,9,2022,61.0997963340122
22,9,2022,92.9368029739777
23,9,2022,50.4201680672268
24,9,2022,46.4037122969837
25,9,2022,53.0035335689046
26,9,2022,70.0934579439252
27,9,2022,78.43137254901961
28,9,2022,75.6143667296786
29,9,2022,0.0
30,9,2022,16.9204737732656
1,10,2022,113.895216400911
2,10,2022,31.5457413249211
3,10,2022,70.0934579439252
4,10,2022,0.0
5,10,2022,18.7617260787992
6,10,2022,91.2408759124087
7,10,2022,51.4579759862778
8,10,2022,0.0
9,10,2022,0.0
10,10,2022,44.2477876106194
11,10,2022,62.2406639004149
12,10,2022,36.6300366300366
13,10,2022,36.1010830324909
14,10,2022,86.65511265164639
15,10,2022,119.331742243436
16,10,2022,17.7935943060498
17,10,2022,93.8967136150234
18,10,2022,0.0
19,10,2022,37.1057513914656
20,10,2022,0.0
21,10,2022,68.7285223367697
22,10,2022,22.6757369614512
23,10,2022,53.0973451327433
24,10,2022,0.0
25,10,2022,39.3700787401574
26,10,2022,37.174721189591
27,10,2022,54.5454545454545
28,10,2022,35.5871886120996
29,10,2022,138.248847926267
30,10,2022,34.5423143350604
31,10,2022,87.719298245614
1,11,2022,77.3694390715667
2,11,2022,127.737226277372
3,11,2022,51.81347150259059
4,11,2022,32.258064516129
5,11,2022,42.64392324093809
6,11,2022,50.6756756756756
7,11,2022,20.366598778004
8,11,2022,18.3150183150183
9,11,2022,49.0196078431372
10,11,2022,33.4448160535117
11,11,2022,33.61344537815121
12,11,2022,142.180094786729
13,11,2022,35.9712230215827
14,11,2022,20.5761316872428
15,11,2022,76.6283524904214
16,11,2022,125.223613595706
17,11,2022,121.951219512195
18,11,2022,32.9489291598023
19,11,2022,44.0528634361233
20,11,2022,34.1880341880341
21,11,2022,21.0084033613445
22,11,2022,40.0
23,11,2022,18.1159420289855
24,11,2022,22.0264317180616
25,11,2022,39.6039603960396
26,11,2022,27.027027027027
27,11,2022,0.0
28,11,2022,45.8715596330275
29,11,2022,20.0
30,11,2022,73.80073800738
1,12,2022,0.0
2,12,2022,70.6713780918727
3,12,2022,84.7457627118644
4,12,2022,32.8947368421052
5,12,2022,21.4592274678111
6,12,2022,18.450184501845
7,12,2022,51.81347150259059
8,12,2022,18.3823529411764
9,12,2022,35.1493848857644
10,12,2022,72.8155339805825
11,12,2022,73.394495412844
12,12,2022,90.9090909090909
13,12,2022,19.6463654223968
14,12,2022,54.8446069469835
15,12,2022,74.90636704119851
16,12,2022,55.8659217877095
17,12,2022,24.2718446601941
18,12,2022,77.5193798449612
19,12,2022,22.2222222222222
20,12,2022,65.78947368421049
21,12,2022,83.8574423480083
22,12,2022,45.8715596330275
23,12,2022,0.0
24,12,2022,27.3224043715847
25,12,2022,44.0528634361233
26,12,2022,0.0
27,12,2022,29.8507462686567
28,12,2022,76.5306122448979
29,12,2022,76.5306122448979
30,12,2022,52.219321148825
31,12,2022,112.04481792717
1,1,2023,91.32420091324201
2,1,2023,36.4963503649635
3,1,2023,27.9329608938547
4,1,2023,42.016806722689
5,1,2023,60.3621730382293
6,1,2023,100.401606425702
7,1,2023,24.2130750605326
8,1,2023,39.2927308447937
9,1,2023,46.8384074941452
10,1,2023,101.83299389002
11,1,2023,19.8807157057654
12,1,2023,43.6681222707423
13,1,2023,40.3225806451612
14,1,2023,50.0
15,1,2023,19.9203187250996
16,1,2023,96.1538461538461
17,1,2023,94.11764705882351
18,1,2023,80.16032064128251
19,1,2023,43.4782608695652
20,1,2023,62.11180124223601
21,1,2023,0.0
22,1,2023,101.010101010101
23,1,2023,104.986876640419
24,1,2023,79.2079207920792
25,1,2023,21.0526315789473
26,1,2023,21.0526315789473
27,1,2023,40.4040404040404
28,1,2023,25.1889168765743
29,1,2023,21.0526315789473
30,1,2023,26.595744680851
31,1,2023,65.5021834061135
1,2,2023,60.1202404809619
2,2,2023,101.83299389002
3,2,2023,79.2079207920792
4,2,2023,0.0
5,2,2023,61.3496932515337
6,2,2023,75.9493670886075
7,2,2023,45.662100456621
8,2,2023,39.8406374501992
9,2,2023,57.5815738963531
10,2,2023,101.010101010101
11,2,2023,48.661800486618
12,2,2023,40.650406504065
13,2,2023,0.0
14,2,2023,0.0
15,2,2023,0.0
16,2,2023,21.1416490486257
17,2,2023,21.0084033613445
18,2,2023,0.0
19,2,2023,76.1904761904761
20,2,2023,0.0
21,2,2023,45.4545454545454
22,2,2023,0.0
23,2,2023,0.0
24,2,2023,39.5256916996047
25,2,2023,75.37688442211049
26,2,2023,104.82180293501
27,2,2023,50.63291139240501
28,2,2023,44.3458980044345
1,3,2023,61.0997963340122
2,3,2023,41.8410041841004
3,3,2023,41.9287211740041
4,3,2023,23.9234449760765
5,3,2023,19.1204588910133
6,3,2023,75.9493670886075
7,3,2023,116.822429906542
8,3,2023,114.285714285714
9,3,2023,40.983606557377
10,3,2023,20.4498977505112
11,3,2023,47.9616306954436
12,3,2023,19.7628458498023
13,3,2023,69.6055684454756
14,3,2023,83.16008316008309
15,3,2023,141.129032258064
16,3,2023,173.745173745173
17,3,2023,125.786163522012
18,3,2023,46.189376443418
19,3,2023,0.0
20,3,2023,95.0118764845605
21,3,2023,44.5434298440979
22,3,2023,21.551724137931
23,3,2023,0.0
24,3,2023,100.401606425702
25,3,2023,130.208333333333
26,3,2023,60.0
27,3,2023,51.28205128205121
28,3,2023,46.0829493087557
29,3,2023,41.8410041841004
30,3,2023,87.9120879120879
31,3,2023,82.4742268041237
1,4,2023,45.2488687782805
2,4,2023,63.9658848614072
3,4,2023,75.5667506297229
4,4,2023,70.754716981132
5,4,2023,21.8340611353711
6,4,2023,23.2018561484918
7,4,2023,87.527352297593
8,4,2023,0.0
9,4,2023,0.0
10,4,2023,0.0
11,4,2023,0.0
12,4,2023,0.0
13,4,2023,65.64551422319471
14,4,2023,60.7287449392712
15,4,2023,24.6913580246913
16,4,2023,19.8019801980198
17,4,2023,0.0
18,4,2023,0.0
19,4,2023,41.9287211740041
20,4,2023,0.0
21,4,2023,82.9875518672199
22,4,2023,46.189376443418
23,4,2023,37.593984962406
24,4,2023,0.0
25,4,2023,89.48545861297531
26,4,2023,0.0
27,4,2023,58.9390962671905
28,4,2023,61.3496932515337
29,4,2023,0.0
30,4,2023,18.8323917137476
1,5,2023,51.5463917525773
2,5,2023,90.7029478458049
3,5,2023,84.3881856540084
4,5,2023,110.619469026548
5,5,2023,41.23711340206179
6,5,2023,50.125313283208
7,5,2023,103.51966873706
8,5,2023,182.291666666666
9,5,2023,93.8967136150234
10,5,2023,81.79959100204499
11,5,2023,20.0803212851405
12,5,2023,35.650623885918
13,5,2023,75.0
14,5,2023,0.0
15,5,2023,46.7289719626168
16,5,2023,42.5531914893617
17,5,2023,193.050193050193
18,5,2023,80.0
19,5,2023,69.5652173913043
20,5,2023,48.3091787439613
21,5,2023,38.3141762452107
22,5,2023,0.0
23,5,2023,22.883295194508
24,5,2023,20.1207243460764
25,5,2023,61.7283950617283
26,5,2023,18.4162062615101
27,5,2023,24.4498777506112
28,5,2023,55.8659217877095
29,5,2023,85.71428571428571
30,5,2023,46.4037122969837
31,5,2023,0.0
1,6,2023,19.8807157057654
2,6,2023,55.8659217877095
3,6,2023,75.7575757575757
4,6,2023,39.0625
5,6,2023,50.125313283208
6,6,2023,43.010752688172
7,6,2023,0.0
8,6,2023,19.6463654223968
9,6,2023,53.475935828877
10,6,2023,121.35922330097
11,6,2023,118.811881188118
12,6,2023,46.189376443418
13,6,2023,20.7468879668049
14,6,2023,20.1207243460764
15,6,2023,20.4498977505112
16,6,2023,34.1296928327645
17,6,2023,128.865979381443
18,6,2023,151.515151515151
19,6,2023,109.890109890109
20,6,2023,43.103448275862
21,6,2023,0.0
22,6,2023,41.23711340206179
23,6,2023,78.5854616895874
24,6,2023,49.1400491400491
25,6,2023,37.8787878787878
26,6,2023,25.9067357512953
27,6,2023,63.5593220338983
28,6,2023,58.59375
29,6,2023,60.8519269776876
30,6,2023,19.4552529182879
1,7,2023,23.1481481481481
2,7,2023,0.0
3,7,2023,75.0
4,7,2023,103.626943005181
5,7,2023,64.9350649350649
6,7,2023,90.09009009009
7,7,2023,78.89546351084809
8,7,2023,124.688279301745
9,7,2023,19.1570881226053
10,7,2023,119.331742243436
11,7,2023,44.3458980044345
12,7,2023,82.4742268041237
13,7,2023,43.010752688172
14,7,2023,77.9727095516569
15,7,2023,74.8129675810473
16,7,2023,72.463768115942
17,7,2023,72.463768115942
18,7,2023,87.527352297593
19,7,2023,76.1904761904761
20,7,2023,81.1359026369168
21,7,2023,38.8349514563106
22,7,2023,0.0
23,7,2023,19.6463654223968
24,7,2023,168.26923076923
25,7,2023,22.9357798165137
26,7,2023,38.6847195357833
27,7,2023,78.125
28,7,2023,37.037037037037
29,7,2023,25.3807106598984
30,7,2023,40.7331975560081
31,7,2023,118.203309692671
1,8,2023,69.6055684454756
2,8,2023,59.5238095238095
3,8,2023,20.366598778004
4,8,2023,40.3225806451612
5,8,2023,25.2525252525252
6,8,2023,45.7317073170731
7,8,2023,46.8384074941452
8,8,2023,44.8430493273542
9,8,2023,58.027079303675
10,8,2023,41.4937759336099
11,8,2023,17.9533213644524
12,8,2023,52.3560209424083
13,8,2023,17.9856115107913
14,8,2023,75.7575757575757
15,8,2023,21.9298245614035
16,8,2023,0.0
17,8,2023,64.3776824034334
18,8,2023,75.7575757575757
19,8,2023,0.0
20,8,2023,17.391304347826
21,8,2023,95.0118764845605
22,8,2023,64.6551724137931
23,8,2023,140.280561122244
24,8,2023,85.2878464818763
25,8,2023,40.4858299595141
26,8,2023,78.5340314136125
27,8,2023,160.714285714285
28,8,2023,153.061224489795
29,8,2023,95.2380952380952
30,8,2023,80.4828973843058
31,8,2023,87.33624454148469
1,9,2023,40.650406504065
2,9,2023,26.8096514745308
3,9,2023,190.641247833622
4,9,2023,115.273775216138
5,9,2023,69.1244239631336
6,9,2023,63.2911392405063
7,9,2023,132.743362831858
8,9,2023,52.539404553415
9,9,2023,24.8138957816377
10,9,2023,33.5570469798657
11,9,2023,48.076923076923
12,9,2023,76.7263427109974
13,9,2023,150.943396226415
14,9,2023,121.457489878542
15,9,2023,37.593984962406
16,9,2023,25.0
17,9,2023,66.006600660066
18,9,2023,50.125313283208
19,9,2023,0.0
20,9,2023,0.0
21,9,2023,19.3423597678916
22,9,2023,80.0
23,9,2023,106.951871657754
24,9,2023,49.2610837438423
25,9,2023,47.28132387706849
26,9,2023,22.7272727272727
27,9,2023,125.260960334029
28,9,2023,42.5531914893617
29,9,2023,39.8406374501992
30,9,2023,25.9067357512953
1,10,2023,100.840336134453
2,10,2023,23.0414746543778
3,10,2023,21.7864923747276
4,10,2023,0.0
5,10,2023,21.0526315789473
6,10,2023,19.7628458498023
7,10,2023,52.7704485488126
8,10,2023,16.750418760469
9,10,2023,23.5849056603773
10,10,2023,46.0829493087557
11,10,2023,81.1359026369168
12,10,2023,43.6681222707423
13,10,2023,75.9013282732447
14,10,2023,26.3157894736842
15,10,2023,17.4520069808027
16,10,2023,24.0963855421686
17,10,2023,22.3713646532438
18,10,2023,107.066381156316
19,10,2023,41.5800415800415
20,10,2023,19.3798449612403
21,10,2023,55.2486187845303
22,10,2023,48.6223662884927
23,10,2023,48.780487804878
24,10,2023,64.3776824034334
25,10,2023,35.778175313059
26,10,2023,58.9390962671905
27,10,2023,96.1538461538461
28,10,2023,105.263157894736
29,10,2023,32.8407224958949
30,10,2023,23.8663484486873
31,10,2023,21.8818380743982
1,11,2023,0.0
2,11,2023,42.64392324093809
3,11,2023,18.796992481203
4,11,2023,27.3972602739726
5,11,2023,17.921146953405
6,11,2023,72.639225181598
7,11,2023,43.4782608695652
8,11,2023,0.0
9,11,2023,0.0
10,11,2023,37.6647834274952
11,11,2023,0.0
12,11,2023,33.5570469798657
13,11,2023,51.81347150259059
14,11,2023,48.4261501210653
15,11,2023,59.171597633136
16,11,2023,158.415841584158
17,11,2023,62.11180124223601
18,11,2023,49.1400491400491
19,11,2023,0.0
20,11,2023,73.8916256157635
21,11,2023,23.4192037470726
22,11,2023,42.016806722689
23,11,2023,77.92207792207789
24,11,2023,0.0
25,11,2023,118.343195266272
26,11,2023,0.0
27,11,2023,26.9541778975741
28,11,2023,46.2962962962962
29,11,2023,83.3333333333333
30,11,2023,64.51612903225801
1,12,2023,20.4498977505112
2,12,2023,55.0964187327823
3,12,2023,50.251256281407
4,12,2023,47.1698113207547
5,12,2023,66.3716814159292
6,12,2023,74.074074074074
7,12,2023,97.46588693957109
8,12,2023,101.83299389002
9,12,2023,157.894736842105
10,12,2023,17.1526586620926
11,12,2023,96.3855421686747
12,12,2023,110.864745011086
13,12,2023,59.7609561752988
14,12,2023,107.991360691144
15,12,2023,43.7636761487965
16,12,2023,53.9083557951482
17,12,2023,41.3223140495867
18,12,2023,21.321961620469
19,12,2023,114.155251141552
20,12,2023,64.1025641025641
21,12,2023,0.0
22,12,2023,20.8768267223382
23,12,2023,56.0224089635854
24,12,2023,82.135523613963
25,12,2023,38.7596899224806
26,12,2023,92.0245398773006
27,12,2023,97.323600973236
28,12,2023,51.9480519480519
29,12,2023,23.5849056603773
30,12,2023,57.6368876080691
31,12,2023,119.521912350597
1,1,2024,134.680134680134
2,1,2024,126.903553299492
3,1,2024,133.333333333333
4,1,2024,0.0
5,1,2024,127.388535031847
6,1,2024,53.9083557951482
7,1,2024,0.0
8,1,2024,80.64516129032249
9,1,2024,44.6428571428571
10,1,2024,42.9184549356223
11,1,2024,67.1140939597315
12,1,2024,56.81818181818181
13,1,2024,106.666666666666
14,1,2024,110.93502377179
15,1,2024,57.30659025787961
16,1,2024,71.25890736342039
17,1,2024,64.6551724137931
18,1,2024,129.310344827586
19,1,2024,100.603621730382
20,1,2024,79.57559681697609
21,1,2024,17.6366843033509
22,1,2024,49.7512437810945
23,1,2024,0.0
24,1,2024,41.8410041841004
25,1,2024,65.5021834061135
26,1,2024,76.6283524904214
27,1,2024,76.7263427109974
28,1,2024,36.7647058823529
29,1,2024,153.452685421994
30,1,2024,64.6551724137931
31,1,2024,40.2414486921529
1,2,2024,43.95604395604391
2,2,2024,113.636363636363
3,2,2024,54.7945205479452
4,2,2024,37.8071833648393
5,2,2024,104.986876640419
6,2,2024,66.96428571428571
7,2,2024,19.0839694656488
8,2,2024,62.11180124223601
9,2,2024,38.5356454720616
10,2,2024,26.1096605744125
11,2,2024,18.2815356489945
12,2,2024,112.676056338028
13,2,2024,91.743119266055
14,2,2024,85.1063829787234
15,2,2024,78.43137254901961
16,2,2024,54.3478260869565
17,2,2024,111.42061281337
18,2,2024,56.9259962049335
19,2,2024,31.4465408805031
20,2,2024,70.4225352112676
21,2,2024,127.659574468085
22,2,2024,63.1578947368421
23,2,2024,37.8787878787878
24,2,2024,54.20054200542
25,2,2024,0.0
26,2,2024,76.3358778625954
27,2,2024,72.1153846153846
28,2,2024,83.16008316008309
29,2,2024,62.6304801670146
1,3,2024,129.589632829373
2,3,2024,50.7614213197969
3,3,2024,36.7647058823529
4,3,2024,48.5436893203883
5,3,2024,23.2018561484918
6,3,2024,60.2409638554216
7,3,2024,43.7636761487965
8,3,2024,75.4716981132075
9,3,2024,75.7575757575757
10,3,2024,70.4225352112676
11,3,2024,76.9230769230769
12,3,2024,67.8733031674208
13,3,2024,103.734439834024
14,3,2024,42.64392324093809
15,3,2024,40.3225806451612
16,3,2024,76.7263427109974
17,3,2024,88.33922261484099
18,3,2024,234.192037470726
19,3,2024,46.0829493087557
20,3,2024,40.7331975560081
21,3,2024,21.8818380743982
22,3,2024,60.7287449392712
23,3,2024,50.8905852417302
24,3,2024,87.5656742556917
25,3,2024,102.827763496143
26,3,2024,69.6055684454756
27,3,2024,137.524557956778
28,3,2024,182.232346241457
29,3,2024,184.049079754601
30,3,2024,131.233595800524
31,3,2024,96.3391136801541
1,4,2024,107.816711590296
2,4,2024,141.843971631205
3,4,2024,21.1864406779661
4,4,2024,41.66666666666659
5,4,2024,38.9863547758284
6,4,2024,101.78117048346
7,4,2024,91.07468123861561
8,4,2024,54.4959128065395
9,4,2024,69.1244239631336
10,4,2024,62.5
11,4,2024,101.626016260162
12,4,2024,59.171597633136
13,4,2024,105.263157894736
14,4,2024,127.970749542961
15,4,2024,121.654501216545
16,4,2024,43.010752688172
17,4,2024,156.555772994129
18,4,2024,110.132158590308
19,4,2024,191.204588910133
20,4,2024,76.9230769230769
21,4,2024,71.8132854578097
22,4,2024,146.341463414634
23,4,2024,0.0
24,4,2024,60.2409638554216
25,4,2024,122.199592668024
26,4,2024,193.050193050193
27,4,2024,53.1914893617021
28,4,2024,48.2315112540193
29,4,2024,147.783251231527
30,4,2024,65.5021834061135
1,5,2024,61.0997963340122
2,5,2024,61.7283950617283
3,5,2024,20.3252032520325
4,5,2024,25.7069408740359
5,5,2024,37.3134328358208
6,5,2024,84.5070422535211
7,5,2024,105.708245243128
8,5,2024,60.8519269776876
9,5,2024,63.5593220338983
10,5,2024,61.0997963340122
11,5,2024,77.5193798449612
12,5,2024,35.778175313059
13,5,2024,192.771084337349
14,5,2024,135.746606334841
15,5,2024,261.044176706827
16,5,2024,115.830115830115
17,5,2024,77.2200772200772
18,5,2024,152.28426395939
19,5,2024,84.17508417508411
20,5,2024,193.704600484261
21,5,2024,122.249388753056
22,5,2024,138.613861386138
23,5,2024,83.50730688935279
24,5,2024,60.3621730382293
25,5,2024,51.81347150259059
26,5,2024,19.047619047619
27,5,2024,92.5925925925925
28,5,2024,189.125295508274
29,5,2024,124.740124740124
30,5,2024,65.78947368421049
31,5,2024,124.481327800829
1,6,2024,129.870129870129
2,6,2024,57.471264367816
3,6,2024,102.827763496143
4,6,2024,149.253731343283
5,6,2024,62.8930817610062
6,6,2024,21.0970464135021
7,6,2024,74.074074074074
8,6,2024,76.3358778625954
9,6,2024,66.8896321070234
10,6,2024,96.6183574879227
11,6,2024,68.1818181818181
12,6,2024,122.199592668024
13,6,2024,118.343195266272
14,6,2024,111.111111111111
15,6,2024,160.0
16,6,2024,77.66990291262131
17,6,2024,27.6243093922651
18,6,2024,73.3496332518337
19,6,2024,95.2380952380952
20,6,2024,69.1244239631336
21,6,2024,0.0
22,6,2024,119.402985074626
23,6,2024,88.6524822695035
24,6,2024,82.1917808219178
25,6,2024,195.599022004889
26,6,2024,134.529147982062
27,6,2024,153.508771929824
28,6,2024,38.6100386100386
29,6,2024,57.30659025787961
30,6,2024,79.0513833992094
1,7,2024,26.3157894736842
2,7,2024,23.1481481481481
3,7,2024,153.508771929824
4,7,2024,74.8129675810473
5,7,2024,141.700404858299
6,7,2024,60.2409638554216
7,7,2024,20.3252032520325
8,7,2024,49.7512437810945
9,7,2024,72.992700729927
10,7,2024,128.47965738758
11,7,2024,207.03933747412
12,7,2024,93.63295880149809
13,7,2024,79.155672823219
14,7,2024,120.689655172413
15,7,2024,78.5340314136125
16,7,2024,165.876777251184
17,7,2024,183.908045977011
18,7,2024,180.18018018018
19,7,2024,215.686274509803
20,7,2024,29.1545189504373
21,7,2024,105.708245243128
22,7,2024,105.263157894736
23,7,2024,96.1538461538461
24,7,2024,86.7678958785249
25,7,2024,130.434782608695
26,7,2024,61.4754098360655
27,7,2024,168.067226890756
28,7,2024,74.074074074074
29,7,2024,53.050397877984
30,7,2024,50.125313283208
31,7,2024,21.0526315789473
1,8,2024,65.78947368421049
2,8,2024,59.6421471172962
3,8,2024,79.7872340425531
4,8,2024,74.074074074074
5,8,2024,100.0
6,8,2024,171.56862745098
7,8,2024,83.50730688935279
8,8,2024,90.2934537246049
9,8,2024,64.3776824034334
10,8,2024,81.9672131147541
11,8,2024,243.445692883895
12,8,2024,104.712041884816
13,8,2024,81.5217391304347
14,8,2024,23.2018561484918
15,8,2024,71.7703349282296
16,8,2024,144.329896907216
17,8,2024,141.643059490084
18,8,2024,133.079847908745
19,8,2024,27.7777777777777
20,8,2024,143.540669856459
21,8,2024,21.6450216450216
22,8,2024,67.7200902934537
23,8,2024,144.329896907216
24,8,2024,156.657963446475
25,8,2024,92.5925925925925
26,8,2024,56.98005698005689
27,8,2024,171.990171990172
28,8,2024,113.636363636363
29,8,2024,65.78947368421049
30,8,2024,82.135523613963
31,8,2024,52.6315789473684
1,9,2024,141.592920353982
2,9,2024,149.253731343283
3,9,2024,117.096018735363
4,9,2024,43.1965442764578
5,9,2024,98.8142292490118
6,9,2024,217.821782178217
7,9,2024,73.7100737100737
8,9,2024,35.9712230215827
9,9,2024,175.0
10,9,2024,241.758241758241
11,9,2024,259.179265658747
12,9,2024,204.545454545454
13,9,2024,59.880239520958
14,9,2024,171.149144254278
15,9,2024,112.540192926045
16,9,2024,184.210526315789
17,9,2024,124.069478908188
18,9,2024,131.578947368421
19,9,2024,87.1459694989106
20,9,2024,0.0
21,9,2024,182.291666666666
22,9,2024,69.4444444444444
23,9,2024,236.842105263157
24,9,2024,208.816705336426
25,9,2024,105.042016806722
26,9,2024,83.6820083682008
27,9,2024,40.16064257028111
28,9,2024,184.210526315789
29,9,2024,128.205128205128
30,9,2024,119.904076738609
1,10,2024,112.866817155756
2,10,2024,133.928571428571
3,10,2024,110.132158590308
4,10,2024,148.619957537154
5,10,2024,151.515151515151
6,10,2024,93.63295880149809
7,10,2024,130.89005235602
8,10,2024,92.1658986175115
9,10,2024,153.508771929824
10,10,2024,83.50730688935279
11,10,2024,61.2244897959183
12,10,2024,135.50135501355
13,10,2024,35.650623885918
14,10,2024,101.522842639593
15,10,2024,187.793427230046
16,10,2024,167.364016736401
17,10,2024,122.199592668024
18,10,2024,127.388535031847
19,10,2024,208.333333333333
20,10,2024,128.440366972477
21,10,2024,206.185567010309
22,10,2024,155.902004454342
23,10,2024,221.67487684729
24,10,2024,90.7029478458049
25,10,2024,220.440881763527
26,10,2024,225.563909774436
27,10,2024,108.695652173913
28,10,2024,239.234449760765
29,10,2024,255.813953488372
30,10,2024,228.690228690228
31,10,2024,223.577235772357
1,11,2024,118.811881188118
2,11,2024,150.753768844221
3,11,2024,172.117039586919
4,11,2024,214.285714285714
5,11,2024,339.366515837104
6,11,2024,347.490347490347
7,11,2024,877.5510204081629
8,11,2024,668.016194331983
9,11,2024,661.7647058823529
10,11,2024,339.285714285714
11,11,2024,418.71921182266
12,11,2024,516.431924882629
13,11,2024,480.167014613778
14,11,2024,311.203319502074
15,11,2024,411.214953271028
16,11,2024,341.207349081364
17,11,2024,206.185567010309
18,11,2024,342.105263157894
19,11,2024,428.893905191873
20,11,2024,304.259634888438
21,11,2024,215.51724137931
22,11,2024,359.281437125748
23,11,2024,407.673860911271
24,11,2024,207.972270363951
25,11,2024,335.051546391752
26,11,2024,502.283105022831
27,11,2024,649.6519721577721
28,11,2024,325.0
29,11,2024,315.315315315315
30,11,2024,360.110803324099
1,12,2024,294.117647058823
2,12,2024,162.60162601626
3,12,2024,178.97091722595
4,12,2024,202.53164556962
5,12,2024,305.343511450381
6,12,2024,212.765957446808
7,12,2024,187.667560321715
8,12,2024,134.907251264755
9,12,2024,268.817204301075
10,12,2024,308.370044052863
11,12,2024,157.790927021696
12,12,2024,236.406619385342
13,12,2024,400.0
14,12,2024,274.725274725274
15,12,2024,195.694716242661
16,12,2024,353.535353535353
17,12,2024,551.378446115288
18,12,2024,254.041570438799
19,12,2024,400.0
20,12,2024,224.719101123595
21,12,2024,250.0
22,12,2024,115.830115830115
23,12,2024,142.857142857142
24,12,2024,228.571428571428
25,12,2024,166.112956810631
26,12,2024,175.438596491228
27,12,2024,155.844155844155
28,12,2024,313.390313390313
29,12,2024,159.453302961275
30,12,2024,418.006430868167
31,12,2024,375.335120643431
1,1,2025,464.396284829721
2,1,2025,308.056872037914
3,1,2025,222.717149220489
4,1,2025,338.983050847457
5,1,2025,180.722891566265
6,1,2025,292.397660818713
7,1,2025,494.38202247191
8,1,2025,295.454545454545
9,1,2025,409.482758620689
10,1,2025,240.963855421686
11,1,2025,379.746835443038
12,1,2025,159.857904085257
13,1,2025,370.37037037037
14,1,2025,185.185185185185
15,1,2025,225.872689938398
16,1,2025,416.666666666666
17,1,2025,235.294117647058
18,1,2025,310.262529832935
19,1,2025,334.448160535117
20,1,2025,451.807228915662
21,1,2025,631.808278867102
22,1,2025,435.684647302904
23,1,2025,359.408033826638
24,1,2025,511.811023622047
25,1,2025,411.311053984575
26,1,2025,232.558139534883
27,1,2025,767.195767195767
28,1,2025,503.432494279176
29,1,2025,393.013100436681
30,1,2025,321.888412017167
31,1,2025,502.008032128514
1,2,2025,531.400966183574
2,2,2025,362.595419847328
3,2,2025,960.591133004926
4,2,2025,1058.31533477321
5,2,2025,932.754880694143
6,2,2025,615.384615384615
7,2,2025,509.259259259259
8,2,2025,538.243626062323
9,2,2025,288.659793814433
10,2,2025,512.820512820512
11,2,2025,257.611241217798
12,2,2025,415.647921760391
13,2,2025,418.410041841004
14,2,2025,512.820512820512
15,2,2025,338.541666666666
16,2,2025,231.404958677685
17,2,2025,439.189189189189
18,2,2025,512.820512820512
19,2,2025,302.325581395348
20,2,2025,441.176470588235
21,2,2025,657.370517928286
22,2,2025,477.453580901856
23,2,2025,125.448028673835
24,2,2025,383.631713554987
25,2,2025,335.570469798657
26,2,2025,433.839479392624
27,2,2025,435.684647302904
28,2,2025,311.203319502074
1,3,2025,500.0
2,3,2025,206.378986866791
3,3,2025,428.211586901763
4,3,2025,820.04555808656
5,3,2025,858.895705521472
6,3,2025,952.380952380952
7,3,2025,881.147540983606
8,3,2025,827.250608272506
9,3,2025,401.396160558464
10,3,2025,866.141732283464
11,3,2025,704.545454545454
12,3,2025,934.393638170974
13,3,2025,812.5
14,3,2025,560.928433268858
15,3,2025,811.455847255369
16,3,2025,329.489291598023
17,3,2025,823.798627002288
18,3,2025,465.631929046563
19,3,2025,451.745379876796
20,3,2025,584.551148225469
21,3,2025,501.002004008016
22,3,2025,458.015267175572
23,3,2025,297.951582867784
24,3,2025,507.614213197969
25,3,2025,645.87973273942
26,3,2025,356.347438752783
27,3,2025,764.331210191082
28,3,2025,642.023346303502
29,3,2025,423.940149625935
30,3,2025,377.358490566037
31,3,2025,761.670761670761
1,4,2025,921.348314606741
2,4,2025,956.521739130434
3,4,2025,1158.12917594654
4,4,2025,1650.09940357852
5,4,2025,1282.66033254156
6,4,2025,808.270676691729
7,4,2025,1180.90452261306
8,4,2025,1842.75184275184
9,4,2025,1861.47186147186
10,4,2025,1933.33333333333
11,4,2025,1683.99168399168
12,4,2025,1604.01002506265
13,4,2025,998.307952622673
14,4,2025,1252.95508274231
15,4,2025,847.826086956521
16,4,2025,1175.25773195876
17,4,2025,1292.37288135593
18,4,2025,1193.18181818181
19,4,2025,666.666666666666
20,4,2025,738.738738738738
21,4,2025,1116.88311688311
22,4,2025,1141.55251141552
23,4,2025,873.180873180873
24,4,2025,1044.1767068273
25,4,2025,1140.68441064638
26,4,2025,843.672456575682
27,4,2025,650.40650406504
28,4,2025,1152.94117647058
29,4,2025,919.037199124726
30,4,2025,1012.14574898785
1,5,2025,824.524312896406
2,5,2025,814.393939393939
3,5,2025,1065.21739130434
4,5,2025,601.626016260162
5,5,2025,829.145728643216
6,5,2025,1157.68463073852
7,5,2025,1087.78625954198
8,5,2025,931.098696461824
9,5,2025,1061.45251396648
10,5,2025,703.883495145631
11,5,2025,477.759472817133
12,5,2025,776.470588235294
13,5,2025,800.0
14,5,2025,886.075949367088
15,5,2025,792.079207920792
16,5,2025,562.015503875969
17,5,2025,588.235294117647
18,5,2025,422.535211267605
19,5,2025,497.737556561085
20,5,2025,778.588807785888
21,5,2025,606.694560669456
22,5,2025,623.700623700623
23,5,2025,593.869731800766
24,5,2025,620.347394540942
25,5,2025,473.684210526315
26,5,2025,208.333333333333
27,5,2025,686.49885583524
28,5,2025,440.251572327044
29,5,2025,536.082474226804
30,5,2025,865.191146881287
31,5,2025,1179.36117936117
1,6,2025,299.823633156966
2,6,2025,763.888888888888
3,6,2025,688.888888888888
4,6,2025,778.947368421052
5,6,2025,625.0
6,6,2025,573.613766730401
7,6,2025,788.177339901477
8,6,2025,489.864864864864
9,6,2025,720.72072072072
10,6,2025,497.017892644135
11,6,2025,603.112840466926
12,6,2025,527.306967984934
13,6,2025,294.695481335952
14,6,2025,256.410256410256
15,6,2025,241.545893719806
16,6,2025,578.703703703703
17,6,2025,333.333333333333
18,6,2025,521.920668058455
19,6,2025,312.5
20,6,2025,544.354838709677
21,6,2025,527.704485488126
22,6,2025,235.5072463768116
23,6,2025,347.394540942928
24,6,2025,456.62100456621
25,6,2025,399.1596638655462
26,6,2025,407.7253219
27,6,2025,290.6976744
28,6,2025,589.7435897
29,6,2025,339.2857142857143
30,6,2025,346.4203233256351
1,7,2025,286.3436123348018
2,7,2025,463.7096774193548
3,7,2025,405.6795132
4,7,2025,350.877193
5,7,2025,450.0
6,7,2025,261.3240418118467
7,7,2025,556.9007263922518
8,7,2025,603.448275862069
9,7,2025,601.2024048096192
10,7,2025,454.5454545454546
11,7,2025,688.9763779527559
12,7,2025,611.2469437652812
13,7,2025,489.3964110929853
14,7,2025,532.150776053215
15,7,2025,635.9649122807018
16,7,2025,930.2325581395348
17,7,2025,598.8023952095808
18,7,2025,556.5529622980251
19,7,2025,597.4025974025974
20,7,2025,397.2366148531952
21,7,2025,614.6572104018912
22,7,2025,209.4240837696335
23,7,2025,552.8846153846154
24,7,2025,729.92700729927
25,7,2025,622.0095693779904
26,7,2025,386.7403314917127
27,7,2025,397.1119133574007
28,7,2025,743.0340557275542
29,7,2025,1052.631578947368
30,7,2025,778.894472361809
31,7,2025,995.260663507109
1,8,2025,1012.04819277108
2,8,2025,1117.47851002865
3,8,2025,368.932038834951
4,8,2025,701.754385964912
5,8,2025,653.40909090909
6,8,2025,519.801980198019
7,8,2025,725.0
8,8,2025,902.255639097744
9,8,2025,918.918918918919
10,8,2025,311.284046692607
11,8,2025,593.75
12,8,2025,664.739884393063
13,8,2025,555.555555555555
14,8,2025,631.313131313131
15,8,2025,555.555555555555
16,8,2025,363.128491620111
17,8,2025,359.281437125748
18,8,2025,331.125827814569
19,8,2025,494.505494505494
20,8,2025,490.956072351421
21,8,2025,545.454545454545
22,8,2025,621.761658031088
23,8,2025,648.648648648648
24,8,2025,410.15625
25,8,2025,666.666666666666
26,8,2025,395.4802259887
27,8,2025,493.506493506493
28,8,2025,470.29702970297
29,8,2025,583.756345177665
30,8,2025,607.734806629834
31,8,2025,222.222222222222
1,9,2025,351.5625
2,9,2025,878.787878787878
3,9,2025,579.345088161209
4,9,2025,390.243902439024
5,9,2025,559.610705596107
6,9,2025,375.335120643431
7,9,2025,273.224043715847
8,9,2025,825.688073394495
9,9,2025,526.315789473684
10,9,2025,487.80487804878
11,9,2025,439.276485788113
12,9,2025,641.025641025641
13,9,2025,498.687664041994
14,9,2025,400.0
15,9,2025,495.626822157434
16,9,2025,664.819944598338
17,9,2025,532.994923857868
18,9,2025,615.763546798029
19,9,2025,454.545454545454
20,9,2025,478.723404255319
21,9,2025,297.397769516728
22,9,2025,222.84122562674
23,9,2025,404.312668463611
24,9,2025,551.378446115288
25,9,2025,278.481012658227
26,9,2025,435.835351089588
27,9,2025,394.736842105263
28,9,2025,226.415094339622
29,9,2025,637.119113573407
30,9,2025,403.225806451612
1,10,2025,338.983050847457
2,10,2025,419.753086419753
3,10,2025,224.438902743142
4,10,2025,459.770114942528
5,10,2025,394.47731755424
6,10,2025,209.580838323353
7,10,2025,286.532951289398
8,10,2025,456.852791878172
9,10,2025,428.211586901763
10,10,2025,418.71921182266
11,10,2025,467.532467532467
12,10,2025,215.05376344086
13,10,2025,308.641975308642
14,10,2025,360.36036036036
15,10,2025,716.049382716049
16,10,2025,439.276485788113
17,10,2025,555.555555555555
18,10,2025,386.597938144329
19,10,2025,228.136882129277
20,10,2025,364.741641337386
21,10,2025,611.111111111111
22,10,2025,485.933503836317
23,10,2025,358.974358974358
24,10,2025,369.458128078817
25,10,2025,467.032967032967
26,10,2025,540.54054054054
27,10,2025,859.872611464968
28,10,2025,546.448087431694
29,10,2025,591.016548463357
30,10,2025,495.867768595041
31,10,2025,449.21875
1,11,2025,443.864229765013
2,11,2025,287.648054145516
3,11,2025,442.890442890442
4,11,2025,482.456140350877
5,11,2025,518.962075848303
6,11,2025,546.558704453441
7,11,2025,335.195530726257
8,11,2025,489.690721649484
9,11,2025,176.0
10,11,2025,279.06976744186
11,11,2025,258.064516129032
12,11,2025,196.078431372549
13,11,2025,548.523206751054
14,11,2025,374.531835205992
15,11,2025,455.696202531645
16,11,2025,443.686006825938
17,11,2025,253.807106598984
18,11,2025,152.505446623093
19,11,2025,253.411306042885
20,11,2025,180.0
21,11,2025,342.052313883299
22,11,2025,466.321243523316
23,11,2025,267.11185308848
24,11,2025,448.113207547169
25,11,2025,407.725321888412
26,11,2025,321.285140562249
27,11,2025,165.289256198347
28,11,2025,303.643724696356
29,11,2025,366.197183098591
30,11,2025,173.410404624277
1,12,2025,390.243902439024
2,12,2025,519.187358916478
3,12,2025,249.480249480249
4,12,2025,331.950207468879
5,12,2025,303.030303030303
6,12,2025,239.361702127659
7,12,2025,190.311418685121
8,12,2025,432.692307692307
9,12,2025,439.560439560439
10,12,2025,281.69014084507
11,12,2025,421.686746987951
12,12,2025,440.251572327044
13,12,2025,229.591836734693
14,12,2025,134.3283582089552
15,12,2025,189.7018970189702
16,12,2025,195.6521739130435
17,12,2025,606.6536203522505
18,12,2025,169.8513800424628
19,12,2025,447.7611940298507
20,12,2025,129.8701298701299
21,12,2025,135.1351351351351
22,12,2025,421.0526315789473
23,12,2025,310.2625298329356
24,12,2025,279.7202797202797
25,12,2025,237.3887240356083
26,12,2025,290.5569007263923
27,12,2025,276.9230769230769
28,12,2025,311.8503118503119
29,12,2025,345.821325648415
30,12,2025,439.2764857881137
31,12,2025,288.4615384615385
1,1,2026,82.1917808219178
2,1,2026,349.1271820448878
3,1,2026,210.2102102102102
4,1,2026,167.2862453531598
5,1,2026,309.2783505154639
6,1,2026,240.9638554216868
7,1,2026,209.2050209205021
8,1,2026,143.4426229508197
9,1,2026,324.4274809160306
10,1,2026,440.4145077720207
11,1,2026,313.0148270181219
12,1,2026,300.0
13,1,2026,520.0
14,1,2026,393.7007874015748
15,1,2026,368.9320388349515
16,1,2026,456.3492063492063
17,1,2026,382.6530612244898
18,1,2026,413.589364844904
19,1,2026,519.4805194805194
20,1,2026,867.5799086757991
21,1,2026,700.0
22,1,2026,669.5464362850972
23,1,2026,647.6190476190476
24,1,2026,563.0026809651474
25,1,2026,306.3063063063063
26,1,2026,402.8436018957346
27,1,2026,479.3028322440087
28,1,2026,337.3015873015873
29,1,2026,471.0920770877945
30,1,2026,343.5114503816794
31,1,2026,833.3333333333334
1,2,2026,378.657487091222
2,2,2026,418.6046511627907
3,2,2026,283.4008097165992
4,2,2026,258.4493041749503
5,2,2026,284.4638949671772
6,2,2026,223.1237322515213
7,2,2026,417.8272980501393
8,2,2026,218.978102189781
9,2,2026,409.2071611253197
10,2,2026,267.4897119341564
11,2,2026,312.5
12,2,2026,395.6043956043956
13,2,2026,301.8867924528302
14,2,2026,365.5352480417754
15,2,2026,236.0515021459227
16,2,2026,258.0645161290323
17,2,2026,308.4832904884319
18,2,2026,245.9016393442623
19,2,2026,240.4809619238477
20,2,2026,278.3300198807157
21,2,2026,936.7088607594936
22,2,2026,558.2922824302135
23,2,2026,712.6436781609195
24,2,2026,838.7096774193549
25,2,2026,700.0
26,2,2026,478.0876494023904
27,2,2026,295.8579881656805
28,2,2026,250.6265664160401
1,3,2026,228.4710017574693
2,3,2026,233.1002331002331
3,3,2026,262.582056892779
4,3,2026,292.96875
5,3,2026,381.5261044176707
6,3,2026,343.5804701627487
7,3,2026,417.6904176904177
8,3,2026,313.4796238244514
9,3,2026,316.301703163017
10,3,2026,171.3062098501071
11,3,2026,278.3300198807157
12,3,2026,232.5581395348837
13,3,2026,227.7039848197344
14,3,2026,371.22969837587
15,3,2026,102.2146507666099
16,3,2026,392.6701570680628
17,3,2026,489.3617021276596
18,3,2026,294.1176470588235
19,3,2026,302.4193548387097
20,3,2026,241.1873840445269
21,3,2026,551.3784461152882
22,3,2026,185.1851851851852
23,3,2026,263.7889688249401
24,3,2026,262.0087336244541
25,3,2026,174.4186046511628
26,3,2026,107.0663811563169
27,3,2026,211.9460500963391
28,3,2026,296.2962962962963
29,3,2026,168.3501683501684
30,3,2026,357.1428571428572
31,3,2026,66.815144766147
1,4,2026,282.8282828282829
2,4,2026,367.170626349892
3,4,2026,165.2892561983471
4,4,2026,154.6391752577319
5,4,2026,176.678445229682
6,4,2026,210.5263157894737
7,4,2026,202.2471910112359
8,4,2026,139.4422310756972
9,4,2026,315.7894736842105
10,4,2026,205.2238805970149
11,4,2026,287.0813397129186
12,4,2026,148.7603305785124
13,4,2026,192.7710843373494
14,4,2026,193.9655172413793
15,4,2026,187.6172607879925
16,4,2026,216.9197396963124
17,4,2026,130.3538175046555
18,4,2026,209.3023255813953
19,4,2026,195.729537366548
20,4,2026,184.331797235023
21,4,2026,283.2244008714597
22,4,2026,193.0501930501931
23,4,2026,187.1101871101871
24,4,2026,78.125
25,4,2026,306.9053708439898
26,4,2026,182.1493624772313
27,4,2026,199.0049751243781
28,4,2026,153.8461538461538
29,4,2026,180.0
30,4,2026,104.8218029350105
1,5,2026,287.4743326488706
2,5,2026,167.8657074340528
3,5,2026,81.69934640522875
4,5,2026,187.7934272300469
5,5,2026,229.8850574712644
6,5,2026,77.66990291262135
7,5,2026,177.7777777777778
8,5,2026,280.0
9,5,2026,317.4603174603175
10,5,2026,140.3508771929825
11,5,2026,481.2834224598931
12,5,2026,413.0434782608696
13,5,2026,324.5436105476674
14,5,2026,227.2727272727273
15,5,2026,175.78125
16,5,2026,175.0
17,5,2026,120.9677419354839
18,5,2026,212.7659574468085
19,5,2026,226.7573696145125
20,5,2026,185.1851851851852
21,5,2026,154.1850220264317
22,5,2026,243.9024390243902
23,5,2026,236.2204724409449
24,5,2026,157.4803149606299
25,5,2026,57.47126436781609
26,5,2026,248.7562189054727
27,5,2026,131.578947368421
28,5,2026,90.9090909090909
29,5,2026,119.0476190476191
30,5,2026,294.1176470588235
31,5,2026,92.08103130755065
1,6,2026,251.8891687657431
2,6,2026,220.7505518763797
3,6,2026,260.5210420841684
4,6,2026,203.2520325203252
5,6,2026,222.6720647773279
6,6,2026,211.0817941952507
7,6,2026,67.79661016949153
8,6,2026,175.8793969849246
9,6,2026,43.66812227074236
10,6,2026,219.560878243513
11,6,2026,246.9135802469136
12,6,2026,145.2282157676349
13,6,2026,167.5977653631285
14,6,2026,244.3609022556391
15,6,2026,287.0813397129186
16,6,2026,217.3913043478261
17,6,2026,201.2072434607646
18,6,2026,307.0175438596491
19,6,2026,72.28915662650603
20,6,2026,51.81347150259067
21,6,2026,35.84229390681003
22,6,2026,298.1029810298103
23,6,2026,188.6792452830189
24,6,2026,258.9641434262948
25,6,2026,217.3913043478261
26,6,2026,156.5557729941292
27,6,2026,281.3299232736573
28,6,2026,202.3608768971332
29,6,2026,119.0476190476191
30,6,2026,89.88764044943821
1,7,2026,196.078431372549
2,7,2026,231.578947368421
3,7,2026,164.9484536082474
4,7,2026,105.2631578947368
5,7,2026,111.317254174397
6,7,2026,152.2842639593909
7,7,2026,244.4444444444445
8,7,2026,85.47008547008546
9,7,2026,185.9504132231405
10,7,2026,163.265306122449
11,7,2026,349.8542274052478
12,7,2026,34.1296928327645
13,7,2026,200.0
14,7,2026,302.3255813953488
15,7,2026,253.411306042885
16,7,2026,69.28406466512702
17,7,2026,111.358574610245
18,7,2026,246.9135802469136
19,7,2026,164.8351648351648
20,7,2026,159.5744680851064
21,7,2026,193.7984496124031
